date,time,open,high,low,close,volume,amount,settelementPrice,openInterest,preClose,suspendFlag
20061116,1163606400000,,,,,0,0.0,0.0,0,,1
20061117,1163692800000,,,,,0,0.0,0.0,0,,1
20061120,1163952000000,,,,,0,0.0,0.0,0,,1
20061121,1164038400000,,,,,0,0.0,0.0,0,,1
20061122,1164124800000,,,,,0,0.0,0.0,0,,1
20061123,1164211200000,,,,,0,0.0,0.0,0,,1
20061124,1164297600000,,,,,0,0.0,0.0,0,,1
20061127,1164556800000,,,,,0,0.0,0.0,0,,1
20061128,1164643200000,,,,,0,0.0,0.0,0,,1
20061129,1164729600000,,,,,0,0.0,0.0,0,,1
20061130,1164816000000,,,,,0,0.0,0.0,0,,1
20061201,1164902400000,,,,,0,0.0,0.0,0,,1
20061204,1165161600000,,,,,0,0.0,0.0,0,,1
20061205,1165248000000,,,,,0,0.0,0.0,0,,1
20061206,1165334400000,,,,,0,0.0,0.0,0,,1
20061207,1165420800000,,,,,0,0.0,0.0,0,,1
20061208,1165507200000,,,,,0,0.0,0.0,0,,1
20061211,1165766400000,,,,,0,0.0,0.0,0,,1
20061212,1165852800000,,,,,0,0.0,0.0,0,,1
20061213,1165939200000,,,,,0,0.0,0.0,0,,1
20061214,1166025600000,,,,,0,0.0,0.0,0,,1
20061215,1166112000000,,,,,0,0.0,0.0,0,,1
20061218,1166371200000,,,,,0,0.0,0.0,0,,1
20061219,1166457600000,,,,,0,0.0,0.0,0,,1
20061220,1166544000000,,,,,0,0.0,0.0,0,,1
20061221,1166630400000,,,,,0,0.0,0.0,0,,1
20061222,1166716800000,,,,,0,0.0,0.0,0,,1
20061225,1166976000000,,,,,0,0.0,0.0,0,,1
20061226,1167062400000,,,,,0,0.0,0.0,0,,1
20061227,1167148800000,,,,,0,0.0,0.0,0,,1
20061228,1167235200000,,,,,0,0.0,0.0,0,,1
20061229,1167321600000,,,,,0,0.0,0.0,0,,1
20070104,1167840000000,,,,,0,0.0,0.0,0,,1
20070105,1167926400000,,,,,0,0.0,0.0,0,,1
20070108,1168185600000,,,,,0,0.0,0.0,0,,1
20070109,1168272000000,,,,,0,0.0,0.0,0,,1
20070110,1168358400000,,,,,0,0.0,0.0,0,,1
20070111,1168444800000,,,,,0,0.0,0.0,0,,1
20070112,1168531200000,,,,,0,0.0,0.0,0,,1
20070115,1168790400000,,,,,0,0.0,0.0,0,,1
20070116,1168876800000,,,,,0,0.0,0.0,0,,1
20070117,1168963200000,,,,,0,0.0,0.0,0,,1
20070118,1169049600000,,,,,0,0.0,0.0,0,,1
20070119,1169136000000,,,,,0,0.0,0.0,0,,1
20070122,1169395200000,,,,,0,0.0,0.0,0,,1
20070123,1169481600000,,,,,0,0.0,0.0,0,,1
20070124,1169568000000,,,,,0,0.0,0.0,0,,1
20070125,1169654400000,,,,,0,0.0,0.0,0,,1
20070126,1169740800000,,,,,0,0.0,0.0,0,,1
20070129,1170000000000,,,,,0,0.0,0.0,0,,1
20070130,1170086400000,,,,,0,0.0,0.0,0,,1
20070131,1170172800000,,,,,0,0.0,0.0,0,,1
20070201,1170259200000,,,,,0,0.0,0.0,0,,1
20070202,1170345600000,,,,,0,0.0,0.0,0,,1
20070205,1170604800000,,,,,0,0.0,0.0,0,,1
20070206,1170691200000,,,,,0,0.0,0.0,0,,1
20070207,1170777600000,,,,,0,0.0,0.0,0,,1
20070208,1170864000000,,,,,0,0.0,0.0,0,,1
20070209,1170950400000,,,,,0,0.0,0.0,0,,1
20070212,1171209600000,,,,,0,0.0,0.0,0,,1
20070213,1171296000000,,,,,0,0.0,0.0,0,,1
20070214,1171382400000,,,,,0,0.0,0.0,0,,1
20070215,1171468800000,,,,,0,0.0,0.0,0,,1
20070216,1171555200000,,,,,0,0.0,0.0,0,,1
20070226,1172419200000,,,,,0,0.0,0.0,0,,1
20070227,1172505600000,,,,,0,0.0,0.0,0,,1
20070228,1172592000000,,,,,0,0.0,0.0,0,,1
20070301,1172678400000,,,,,0,0.0,0.0,0,,1
20070302,1172764800000,,,,,0,0.0,0.0,0,,1
20070305,1173024000000,,,,,0,0.0,0.0,0,,1
20070306,1173110400000,,,,,0,0.0,0.0,0,,1
20070307,1173196800000,,,,,0,0.0,0.0,0,,1
20070308,1173283200000,,,,,0,0.0,0.0,0,,1
20070309,1173369600000,,,,,0,0.0,0.0,0,,1
20070312,1173628800000,,,,,0,0.0,0.0,0,,1
20070313,1173715200000,,,,,0,0.0,0.0,0,,1
20070314,1173801600000,,,,,0,0.0,0.0,0,,1
20070315,1173888000000,,,,,0,0.0,0.0,0,,1
20070316,1173974400000,,,,,0,0.0,0.0,0,,1
20070319,1174233600000,,,,,0,0.0,0.0,0,,1
20070320,1174320000000,,,,,0,0.0,0.0,0,,1
20070321,1174406400000,,,,,0,0.0,0.0,0,,1
20070322,1174492800000,,,,,0,0.0,0.0,0,,1
20070323,1174579200000,,,,,0,0.0,0.0,0,,1
20070326,1174838400000,,,,,0,0.0,0.0,0,,1
20070327,1174924800000,,,,,0,0.0,0.0,0,,1
20070328,1175011200000,,,,,0,0.0,0.0,0,,1
20070329,1175097600000,,,,,0,0.0,0.0,0,,1
20070330,1175184000000,,,,,0,0.0,0.0,0,,1
20070402,1175443200000,,,,,0,0.0,0.0,0,,1
20070403,1175529600000,,,,,0,0.0,0.0,0,,1
20070404,1175616000000,,,,,0,0.0,0.0,0,,1
20070405,1175702400000,,,,,0,0.0,0.0,0,,1
20070406,1175788800000,,,,,0,0.0,0.0,0,,1
20070409,1176048000000,,,,,0,0.0,0.0,0,,1
20070410,1176134400000,,,,,0,0.0,0.0,0,,1
20070411,1176220800000,,,,,0,0.0,0.0,0,,1
20070412,1176307200000,,,,,0,0.0,0.0,0,,1
20070413,1176393600000,,,,,0,0.0,0.0,0,,1
20070416,1176652800000,,,,,0,0.0,0.0,0,,1
20070417,1176739200000,,,,,0,0.0,0.0,0,,1
20070418,1176825600000,,,,,0,0.0,0.0,0,,1
20070419,1176912000000,,,,,0,0.0,0.0,0,,1
20070420,1176998400000,,,,,0,0.0,0.0,0,,1
20070423,1177257600000,,,,,0,0.0,0.0,0,,1
20070424,1177344000000,,,,,0,0.0,0.0,0,,1
20070425,1177430400000,,,,,0,0.0,0.0,0,,1
20070426,1177516800000,,,,,0,0.0,0.0,0,,1
20070427,1177603200000,,,,,0,0.0,0.0,0,,1
20070430,1177862400000,,,,,0,0.0,0.0,0,,1
20070508,1178553600000,,,,,0,0.0,0.0,0,,1
20070509,1178640000000,,,,,0,0.0,0.0,0,,1
20070510,1178726400000,,,,,0,0.0,0.0,0,,1
20070511,1178812800000,,,,,0,0.0,0.0,0,,1
20070514,1179072000000,,,,,0,0.0,0.0,0,,1
20070515,1179158400000,,,,,0,0.0,0.0,0,,1
20070516,1179244800000,,,,,0,0.0,0.0,0,,1
20070517,1179331200000,,,,,0,0.0,0.0,0,,1
20070518,1179417600000,,,,,0,0.0,0.0,0,,1
20070521,1179676800000,,,,,0,0.0,0.0,0,,1
20070522,1179763200000,,,,,0,0.0,0.0,0,,1
20070523,1179849600000,,,,,0,0.0,0.0,0,,1
20070524,1179936000000,,,,,0,0.0,0.0,0,,1
20070525,1180022400000,,,,,0,0.0,0.0,0,,1
20070528,1180281600000,,,,,0,0.0,0.0,0,,1
20070529,1180368000000,,,,,0,0.0,0.0,0,,1
20070530,1180454400000,,,,,0,0.0,0.0,0,,1
20070531,1180540800000,,,,,0,0.0,0.0,0,,1
20070601,1180627200000,,,,,0,0.0,0.0,0,,1
20070604,1180886400000,,,,,0,0.0,0.0,0,,1
20070605,1180972800000,,,,,0,0.0,0.0,0,,1
20070606,1181059200000,,,,,0,0.0,0.0,0,,1
20070607,1181145600000,,,,,0,0.0,0.0,0,,1
20070608,1181232000000,,,,,0,0.0,0.0,0,,1
20070611,1181491200000,,,,,0,0.0,0.0,0,,1
20070612,1181577600000,,,,,0,0.0,0.0,0,,1
20070613,1181664000000,,,,,0,0.0,0.0,0,,1
20070614,1181750400000,,,,,0,0.0,0.0,0,,1
20070615,1181836800000,,,,,0,0.0,0.0,0,,1
20070618,1182096000000,,,,,0,0.0,0.0,0,,1
20070619,1182182400000,,,,,0,0.0,0.0,0,,1
20070620,1182268800000,,,,,0,0.0,0.0,0,,1
20070621,1182355200000,,,,,0,0.0,0.0,0,,1
20070622,1182441600000,,,,,0,0.0,0.0,0,,1
20070625,1182700800000,,,,,0,0.0,0.0,0,,1
20070626,1182787200000,,,,,0,0.0,0.0,0,,1
20070627,1182873600000,,,,,0,0.0,0.0,0,,1
20070628,1182960000000,,,,,0,0.0,0.0,0,,1
20070629,1183046400000,,,,,0,0.0,0.0,0,,1
20070702,1183305600000,,,,,0,0.0,0.0,0,,1
20070703,1183392000000,,,,,0,0.0,0.0,0,,1
20070704,1183478400000,,,,,0,0.0,0.0,0,,1
20070705,1183564800000,,,,,0,0.0,0.0,0,,1
20070706,1183651200000,,,,,0,0.0,0.0,0,,1
20070709,1183910400000,,,,,0,0.0,0.0,0,,1
20070710,1183996800000,,,,,0,0.0,0.0,0,,1
20070711,1184083200000,,,,,0,0.0,0.0,0,,1
20070712,1184169600000,,,,,0,0.0,0.0,0,,1
20070713,1184256000000,,,,,0,0.0,0.0,0,,1
20070716,1184515200000,,,,,0,0.0,0.0,0,,1
20070717,1184601600000,,,,,0,0.0,0.0,0,,1
20070718,1184688000000,,,,,0,0.0,0.0,0,,1
20070719,1184774400000,,,,,0,0.0,0.0,0,,1
20070720,1184860800000,,,,,0,0.0,0.0,0,,1
20070723,1185120000000,,,,,0,0.0,0.0,0,,1
20070724,1185206400000,,,,,0,0.0,0.0,0,,1
20070725,1185292800000,,,,,0,0.0,0.0,0,,1
20070726,1185379200000,,,,,0,0.0,0.0,0,,1
20070727,1185465600000,,,,,0,0.0,0.0,0,,1
20070730,1185724800000,,,,,0,0.0,0.0,0,,1
20070731,1185811200000,,,,,0,0.0,0.0,0,,1
20070801,1185897600000,,,,,0,0.0,0.0,0,,1
20070802,1185984000000,,,,,0,0.0,0.0,0,,1
20070803,1186070400000,,,,,0,0.0,0.0,0,,1
20070806,1186329600000,,,,,0,0.0,0.0,0,,1
20070807,1186416000000,,,,,0,0.0,0.0,0,,1
20070808,1186502400000,,,,,0,0.0,0.0,0,,1
20070809,1186588800000,,,,,0,0.0,0.0,0,,1
20070810,1186675200000,,,,,0,0.0,0.0,0,,1
20070813,1186934400000,,,,,0,0.0,0.0,0,,1
20070814,1187020800000,,,,,0,0.0,0.0,0,,1
20070815,1187107200000,,,,,0,0.0,0.0,0,,1
20070816,1187193600000,,,,,0,0.0,0.0,0,,1
20070817,1187280000000,,,,,0,0.0,0.0,0,,1
20070820,1187539200000,,,,,0,0.0,0.0,0,,1
20070821,1187625600000,,,,,0,0.0,0.0,0,,1
20070822,1187712000000,,,,,0,0.0,0.0,0,,1
20070823,1187798400000,,,,,0,0.0,0.0,0,,1
20070824,1187884800000,,,,,0,0.0,0.0,0,,1
20070827,1188144000000,,,,,0,0.0,0.0,0,,1
20070828,1188230400000,,,,,0,0.0,0.0,0,,1
20070829,1188316800000,,,,,0,0.0,0.0,0,,1
20070830,1188403200000,,,,,0,0.0,0.0,0,,1
20070831,1188489600000,,,,,0,0.0,0.0,0,,1
20070903,1188748800000,,,,,0,0.0,0.0,0,,1
20070904,1188835200000,,,,,0,0.0,0.0,0,,1
20070905,1188921600000,,,,,0,0.0,0.0,0,,1
20070906,1189008000000,,,,,0,0.0,0.0,0,,1
20070907,1189094400000,,,,,0,0.0,0.0,0,,1
20070910,1189353600000,,,,,0,0.0,0.0,0,,1
20070911,1189440000000,,,,,0,0.0,0.0,0,,1
20070912,1189526400000,,,,,0,0.0,0.0,0,,1
20070913,1189612800000,,,,,0,0.0,0.0,0,,1
20070914,1189699200000,,,,,0,0.0,0.0,0,,1
20070917,1189958400000,,,,,0,0.0,0.0,0,,1
20070918,1190044800000,,,,,0,0.0,0.0,0,,1
20070919,1190131200000,,,,,0,0.0,0.0,0,,1
20070920,1190217600000,,,,,0,0.0,0.0,0,,1
20070921,1190304000000,,,,,0,0.0,0.0,0,,1
20070924,1190563200000,,,,,0,0.0,0.0,0,,1
20070925,1190649600000,,,,,0,0.0,0.0,0,,1
20070926,1190736000000,,,,,0,0.0,0.0,0,,1
20070927,1190822400000,,,,,0,0.0,0.0,0,,1
20070928,1190908800000,,,,,0,0.0,0.0,0,,1
20071008,1191772800000,,,,,0,0.0,0.0,0,,1
20071009,1191859200000,,,,,0,0.0,0.0,0,,1
20071010,1191945600000,,,,,0,0.0,0.0,0,,1
20071011,1192032000000,,,,,0,0.0,0.0,0,,1
20071012,1192118400000,,,,,0,0.0,0.0,0,,1
20071015,1192377600000,,,,,0,0.0,0.0,0,,1
20071016,1192464000000,,,,,0,0.0,0.0,0,,1
20071017,1192550400000,,,,,0,0.0,0.0,0,,1
20071018,1192636800000,,,,,0,0.0,0.0,0,,1
20071019,1192723200000,,,,,0,0.0,0.0,0,,1
20071022,1192982400000,,,,,0,0.0,0.0,0,,1
20071023,1193068800000,,,,,0,0.0,0.0,0,,1
20071024,1193155200000,,,,,0,0.0,0.0,0,,1
20071025,1193241600000,,,,,0,0.0,0.0,0,,1
20071026,1193328000000,,,,,0,0.0,0.0,0,,1
20071029,1193587200000,,,,,0,0.0,0.0,0,,1
20071030,1193673600000,,,,,0,0.0,0.0,0,,1
20071031,1193760000000,,,,,0,0.0,0.0,0,,1
20071101,1193846400000,61.00000000000001,65.0,60.050000000000004,64.88000000000001,123461,770751376.0,0.0,0,13.790000000000006,0
20071102,1193932800000,65.0,69.0,62.49,62.49,69045,452787570.00000006,0.0,0,64.88,0
20071105,1194192000000,61.5,68.4,61.11,66.77,41863,272192966.0,0.0,0,62.49,0
20071106,1194278400000,65.1,70.58,65.1,68.36999999999999,25320,172927956.0,0.0,0,66.77,0
20071107,1194364800000,68.38,69.0,61.53,63.78,32994,211402625.0,0.0,0,68.37,0
20071108,1194451200000,64.8,68.2,64.08,66.1,19910,131500702.0,0.0,0,63.78,0
20071109,1194537600000,65.0,67.5,62.0,65.0,14704,94618790.0,0.0,0,66.1,0
20071112,1194796800000,63.9,66.84,63.01,64.58,8532,55352916.00000001,0.0,0,65.0,0
20071113,1194883200000,64.15,65.0,58.120000000000005,58.120000000000005,18707,114150287.0,0.0,0,64.58,0
20071114,1194969600000,55.6,56.870000000000005,52.31,54.910000000000004,23297,125599786.0,0.0,0,58.120000000000005,0
20071115,1195056000000,54.910000000000004,57.7,54.2,54.900000000000006,14420,81109569.00000001,0.0,0,54.910000000000004,0
20071116,1195142400000,52.58,53.9,51.19,52.22,11128,58147754.0,0.0,0,54.9,0
20071119,1195401600000,52.8,54.08,51.5,53.5,5809,30864319.0,0.0,0,52.22,0
20071120,1195488000000,53.50000000000001,54.88,52.230000000000004,54.59,7434,39809895.0,0.0,0,53.50000000000001,0
20071121,1195574400000,54.35,55.9,53.0,55.9,8245,44659211.0,0.0,0,54.59,0
20071122,1195660800000,54.7,57.900000000000006,54.02,54.89,10656,59949333.0,0.0,0,55.900000000000006,0
20071123,1195747200000,53.78,55.79,53.0,53.8,3488,18957955.000000004,0.0,0,54.89,0
20071126,1196006400000,53.800000000000004,55.5,53.52,54.28,4496,24573536.0,0.0,0,53.800000000000004,0
20071127,1196092800000,53.800000000000004,54.300000000000004,52.02,53.0,4829,25852346.0,0.0,0,54.28,0
20071128,1196179200000,52.50000000000001,53.50000000000001,51.550000000000004,52.010000000000005,3549,18590856.0,0.0,0,53.00000000000001,0
20071129,1196265600000,52.77,57.0,52.14,56.19,6660,36850932.99999999,0.0,0,52.01,0
20071130,1196352000000,55.6,59.98,54.86,58.019999999999996,11003,63296167.0,0.0,0,56.19,0
20071203,1196611200000,57.0,58.3,56.9,57.14,4845,27896926.0,0.0,0,58.019999999999996,0
20071204,1196697600000,57.01,58.9,56.85,58.480000000000004,2178,12646209.000000002,0.0,0,57.14,0
20071205,1196784000000,58.7,63.0,57.7,60.68,6355,38839460.0,0.0,0,58.480000000000004,0
20071206,1196870400000,60.580000000000005,61.78,59.88,60.650000000000006,3095,18804633.0,0.0,0,60.68,0
20071207,1196956800000,60.550000000000004,61.47,59.6,60.800000000000004,3197,19269290.0,0.0,0,60.65,0
20071210,1197216000000,59.800000000000004,66.33,59.800000000000004,65.2,10177,64505791.0,0.0,0,60.800000000000004,0
20071211,1197302400000,65.2,65.38,63.6,64.65,5179,33341621.0,0.0,0,65.2,0
20071212,1197388800000,63.550000000000004,67.23,63.550000000000004,65.99000000000001,5093,33601498.0,0.0,0,64.65,0
20071213,1197475200000,66.19,66.58,62.0,62.0,5641,36406553.0,0.0,0,65.99,0
20071214,1197561600000,61.02,62.88,60.0,62.86,5050,30999730.0,0.0,0,62.0,0
20071217,1197820800000,62.86,62.86,62.86,62.86,0,0.0,0.0,0,62.86,1
20071218,1197907200000,62.5,62.5,59.63,60.080000000000005,3617,21902142.0,0.0,0,62.86,0
20071219,1197993600000,61.25,63.6,60.5,62.0,3746,23292992.0,0.0,0,60.08,0
20071220,1198080000000,62.330000000000005,63.00000000000001,61.800000000000004,62.25000000000001,2447,15246633.0,0.0,0,62.00000000000001,0
20071221,1198166400000,62.980000000000004,66.5,61.07,65.4,5250,33041732.0,0.0,0,62.25,0
20071224,1198425600000,65.0,67.98,65.0,66.9,5641,37655486.00000001,0.0,0,65.4,0
20071225,1198512000000,67.4,67.55000000000001,65.4,67.10000000000001,3374,22569818.0,0.0,0,66.9,0
20071226,1198598400000,67.0,67.5,65.7,67.10000000000001,4455,29662399.000000004,0.0,0,67.10000000000001,0
20071227,1198684800000,66.2,69.8,66.2,67.10000000000001,4047,27388466.0,0.0,0,67.10000000000001,0
20071228,1198771200000,67.1,69.0,66.0,68.0,4093,27700741.0,0.0,0,67.1,0
20080102,1199203200000,68.5,72.2,67.2,72.12,6736,47605551.0,0.0,0,68.0,0
20080103,1199289600000,71.02000000000001,72.30000000000001,70.60000000000001,71.85000000000001,3202,22859018.0,0.0,0,72.12,0
20080104,1199376000000,71.85,72.31,71.02,71.97,2797,20055087.0,0.0,0,71.85,0
20080107,1199635200000,71.48,71.50000000000001,68.60000000000001,69.85000000000001,5108,35618657.99999999,0.0,0,71.97000000000001,0
20080108,1199721600000,69.08,69.89,67.01,67.33,4677,31736422.0,0.0,0,69.85000000000001,0
20080109,1199808000000,67.00000000000001,69.00000000000001,65.21000000000001,68.10000000000001,10273,68190896.00000001,0.0,0,67.33000000000001,0
20080110,1199894400000,67.8,68.03,66.25,66.51,7322,48799151.0,0.0,0,68.1,0
20080111,1199980800000,66.16,67.2,65.7,66.78,2972,19705075.999999996,0.0,0,66.51,0
20080114,1200240000000,67.16,69.0,66.6,67.35,8194,55513394.0,0.0,0,66.78,0
20080115,1200326400000,68.0,69.89,67.1,68.55999999999999,7351,50403441.00000001,0.0,0,67.35,0
20080116,1200412800000,68.39,69.89999999999999,67.02,69.7,5397,37094316.0,0.0,0,68.56,0
20080117,1200499200000,69.05,73.11,67.0,72.99,11083,78892932.0,0.0,0,69.7,0
20080118,1200585600000,73.14,74.0,71.31,73.95,5438,39535671.0,0.0,0,72.99000000000001,0
20080121,1200844800000,73.69,74.65,69.0,69.0,5123,36773716.0,0.0,0,73.95,0
20080122,1200931200000,67.66,67.69,62.38,64.0,8069,51783613.0,0.0,0,69.0,0
20080123,1201017600000,64.58,67.0,63.81,66.05,5767,37611396.0,0.0,0,64.0,0
20080124,1201104000000,66.9,66.9,64.5,65.69,3773,24795312.0,0.0,0,66.05,0
20080125,1201190400000,65.69,65.97,63.99,63.99,3485,22613131.0,0.0,0,65.69,0
20080128,1201449600000,60.13,63.7,58.050000000000004,61.00000000000001,4350,26307570.0,0.0,0,63.99,0
20080129,1201536000000,61.50000000000001,61.800000000000004,59.050000000000004,60.620000000000005,1101,6641778.0,0.0,0,61.00000000000001,0
20080130,1201622400000,61.5,62.89,60.0,61.35,1633,10045988.0,0.0,0,60.62,0
20080131,1201708800000,62.01,62.01,60.0,60.3,1610,9769228.0,0.0,0,61.35,0
20080201,1201795200000,57.0,57.0,54.27,54.27,17870,97312791.00000001,0.0,0,60.300000000000004,0
20080204,1202054400000,55.0,58.5,54.0,58.03,10217,57240708.0,0.0,0,54.27,0
20080205,1202140800000,57.68,57.68,55.5,56.99,4213,23864691.000000004,0.0,0,58.03,0
20080213,1202832000000,56.0,56.440000000000005,54.67,55.85,2615,14516239.000000002,0.0,0,56.99,0
20080214,1202918400000,56.3,57.9,55.0,57.47,4154,23378068.0,0.0,0,55.85,0
20080215,1203004800000,56.50000000000001,59.00000000000001,55.800000000000004,58.81,4391,25428355.0,0.0,0,57.470000000000006,0
20080218,1203264000000,59.18,61.879999999999995,58.58,60.949999999999996,5874,35592074.0,0.0,0,58.809999999999995,0
20080219,1203350400000,61.4,61.4,60.0,60.71,4410,26675743.0,0.0,0,60.95,0
20080220,1203436800000,60.51,61.339999999999996,58.01,58.26,4034,23944839.000000004,0.0,0,60.71,0
20080221,1203523200000,57.120000000000005,58.24,56.2,57.980000000000004,4947,28263031.0,0.0,0,58.260000000000005,0
20080222,1203609600000,60.99,60.99,56.28,57.19,3153,18374947.000000004,0.0,0,57.980000000000004,0
20080225,1203868800000,57.0,57.0,52.83,52.9,4097,22473466.0,0.0,0,57.19,0
20080226,1203955200000,54.08,55.800000000000004,52.17,53.83,4263,22660390.0,0.0,0,52.9,0
20080227,1204041600000,53.21,55.43,53.21,55.38,2572,14091593.0,0.0,0,53.83,0
20080228,1204128000000,54.74,55.4,54.11,54.98,2222,12180587.0,0.0,0,55.38,0
20080229,1204214400000,54.21,56.85,54.2,56.400000000000006,2586,14453625.0,0.0,0,54.980000000000004,0
20080303,1204473600000,55.510000000000005,57.5,54.99,57.28,2772,15733512.999999998,0.0,0,56.4,0
20080304,1204560000000,57.28,57.73,55.01,55.05,4079,22864850.0,0.0,0,57.28,0
20080305,1204646400000,54.519999999999996,56.3,53.9,55.879999999999995,2887,15754412.0,0.0,0,55.05,0
20080306,1204732800000,56.1,58.28,55.58,58.0,4629,26594187.0,0.0,0,55.879999999999995,0
20080307,1204819200000,58.0,58.0,54.51,56.9,2265,12780941.000000002,0.0,0,58.0,0
20080310,1205078400000,62.59,62.59,56.730000000000004,57.17,8423,49359359.0,0.0,0,56.900000000000006,0
20080311,1205164800000,57.0,59.84,54.35,59.1,3992,23110119.0,0.0,0,57.17,0
20080312,1205251200000,62.7,64.5,61.0,61.2,17723,110508019.99999999,0.0,0,59.1,0
20080313,1205337600000,60.02,63.7,58.78,61.980000000000004,11149,69114431.0,0.0,0,61.2,0
20080314,1205424000000,61.980000000000004,61.980000000000004,59.52,60.64,3236,19645574.0,0.0,0,61.980000000000004,0
20080317,1205683200000,59.88,60.95,54.71,55.300000000000004,5377,30815228.000000004,0.0,0,60.64,0
20080318,1205769600000,54.580000000000005,56.290000000000006,49.77,50.300000000000004,5695,29635385.000000004,0.0,0,55.300000000000004,0
20080319,1205856000000,51.50000000000001,54.650000000000006,50.800000000000004,53.2,4246,22353938.0,0.0,0,50.300000000000004,0
20080320,1205942400000,52.00000000000001,55.99,49.550000000000004,55.49,5446,28805896.0,0.0,0,53.2,0
20080321,1206028800000,55.9,56.8,54.32,55.5,3248,18117034.000000004,0.0,0,55.49,0
20080324,1206288000000,55.800000000000004,59.0,55.59,57.0,6004,34543969.0,0.0,0,55.5,0
20080325,1206374400000,55.96,58.89,55.13,58.5,4358,25342563.999999996,0.0,0,57.0,0
20080326,1206460800000,58.5,59.2,56.88,57.29,3427,19827851.000000004,0.0,0,58.5,0
20080327,1206547200000,57.29,57.3,53.51,53.51,2934,16238727.0,0.0,0,57.29,0
20080328,1206633600000,53.0,57.09,52.49,57.09,3197,17642511.0,0.0,0,53.510000000000005,0
20080331,1206892800000,55.410000000000004,57.00000000000001,55.410000000000004,55.43000000000001,2018,11362777.0,0.0,0,57.09,0
20080401,1206979200000,55.11,56.2,50.49,51.0,3947,20643651.0,0.0,0,55.43,0
20080402,1207065600000,51.0,51.0,51.0,51.0,0,0.0,0.0,0,51.0,1
20080403,1207152000000,46.8,48.769999999999996,45.9,47.0,8509,39368733.00000001,0.0,0,51.0,0
20080407,1207497600000,46.0,49.980000000000004,43.5,49.3,8039,38469166.0,0.0,0,47.0,0
20080408,1207584000000,49.78,51.77,49.78,50.76,6539,33155722.0,0.0,0,49.300000000000004,0
20080409,1207670400000,50.400000000000006,50.75000000000001,47.800000000000004,47.800000000000004,3568,17681268.0,0.0,0,50.760000000000005,0
20080410,1207756800000,46.7,50.0,46.5,49.9,2338,11254783.999999998,0.0,0,47.8,0
20080411,1207843200000,50.5,51.88,50.03,50.9,3352,17163376.000000004,0.0,0,49.9,0
20080414,1208102400000,50.9,50.9,47.0,48.02,3951,19233665.0,0.0,0,50.9,0
20080415,1208188800000,23.0,23.7,21.68,23.7,4779,10965278.999999998,0.0,0,23.759999999999998,0
20080416,1208275200000,23.6,23.6,21.76,21.76,6321,14159797.0,0.0,0,23.700000000000003,0
20080417,1208361600000,21.3,22.05,19.580000000000002,19.580000000000002,13071,26350448.000000004,0.0,0,21.76,0
20080418,1208448000000,19.0,19.0,17.68,17.8,12055,21805929.999999996,0.0,0,19.58,0
20080421,1208707200000,18.93,19.18,16.48,16.81,17474,31216192.000000004,0.0,0,17.8,0
20080422,1208793600000,16.150000000000002,18.0,15.8,17.95,11068,18367691.000000004,0.0,0,16.810000000000002,0
20080423,1208880000000,17.22,18.87,16.5,18.15,29083,51194006.0,0.0,0,17.95,0
20080424,1208966400000,19.5,19.93,18.88,19.9,35561,69169777.00000001,0.0,0,18.15,0
20080425,1209052800000,19.68,20.2,19.0,19.2,28329,55362167.00000001,0.0,0,19.9,0
20080428,1209312000000,18.990000000000002,18.990000000000002,18.01,18.21,17473,32109057.0,0.0,0,19.200000000000003,0
20080429,1209398400000,18.03,18.62,17.8,18.490000000000002,11895,21701102.0,0.0,0,18.21,0
20080430,1209484800000,18.45,19.38,18.31,19.06,12470,23623725.0,0.0,0,18.49,0
20080505,1209916800000,19.150000000000002,20.970000000000002,19.12,20.970000000000002,20703,41715045.0,0.0,0,19.060000000000002,0
20080506,1210003200000,21.1,22.650000000000002,20.580000000000002,21.75,32566,71517638.0,0.0,0,20.970000000000002,0
20080507,1210089600000,21.36,22.22,20.0,20.0,18642,39262599.0,0.0,0,21.75,0
20080508,1210176000000,19.7,20.72,19.41,20.72,12536,25334097.0,0.0,0,20.0,0
20080509,1210262400000,21.2,21.2,20.2,20.509999999999998,10707,22071093.0,0.0,0,20.72,0
20080512,1210521600000,20.000000000000004,20.590000000000003,19.580000000000002,20.240000000000002,9518,19015593.0,0.0,0,20.51,0
20080513,1210608000000,20.240000000000002,20.240000000000002,20.240000000000002,20.240000000000002,0,0.0,0.0,0,20.240000000000002,1
20080514,1210694400000,19.900000000000002,21.000000000000004,19.900000000000002,20.680000000000003,11067,22627577.0,0.0,0,20.240000000000002,0
20080515,1210780800000,20.93,21.0,20.0,20.06,10114,20698102.0,0.0,0,20.68,0
20080516,1210867200000,20.0,20.3,18.8,19.2,10444,20359110.0,0.0,0,20.060000000000002,0
20080519,1211126400000,19.2,19.8,18.88,19.5,4028,7804594.000000001,0.0,0,19.2,0
20080520,1211212800000,19.650000000000002,19.78,17.92,18.200000000000003,7532,14314936.000000002,0.0,0,19.5,0
20080521,1211299200000,18.0,18.29,17.21,18.080000000000002,8092,14222756.0,0.0,0,18.2,0
20080522,1211385600000,17.89,18.25,17.5,17.61,6248,11129945.000000002,0.0,0,18.08,0
20080523,1211472000000,17.099999999999998,17.8,16.7,17.15,6586,11301267.0,0.0,0,17.61,0
20080526,1211731200000,17.0,17.099999999999998,16.22,16.22,5624,9333233.0,0.0,0,17.15,0
20080527,1211817600000,16.43,16.9,16.2,16.41,4628,7613993.000000001,0.0,0,16.22,0
20080528,1211904000000,16.42,17.89,16.42,17.6,7819,13468160.0,0.0,0,16.41,0
20080529,1211990400000,17.490000000000002,18.000000000000004,17.150000000000002,17.200000000000003,7140,12544414.0,0.0,0,17.6,0
20080530,1212076800000,17.66,17.77,17.22,17.5,4458,7765036.0,0.0,0,17.2,0
20080602,1212336000000,17.35,17.55,17.01,17.450000000000003,4578,7891864.0,0.0,0,17.5,0
20080603,1212422400000,17.26,17.48,16.8,16.91,5084,8680041.0,0.0,0,17.45,0
20080604,1212508800000,16.8,18.599999999999998,16.38,18.599999999999998,20741,37356163.0,0.0,0,16.91,0
20080605,1212595200000,18.590000000000003,19.55,17.330000000000002,19.080000000000002,27165,50625335.0,0.0,0,18.6,0
20080606,1212681600000,18.700000000000003,19.220000000000002,18.1,18.16,10641,19796286.0,0.0,0,19.080000000000002,0
20080610,1213027200000,17.2,17.8,16.34,16.34,8512,14287885.0,0.0,0,18.16,0
20080611,1213113600000,16.29,16.3,15.18,15.45,8683,13513690.999999998,0.0,0,16.34,0
20080612,1213200000000,15.09,15.549999999999999,14.77,15.17,7416,11223377.0,0.0,0,15.45,0
20080613,1213286400000,15.17,15.5,14.8,14.82,5041,7606538.000000001,0.0,0,15.17,0
20080616,1213545600000,14.2,15.25,14.1,14.45,4614,6647800.000000001,0.0,0,14.82,0
20080617,1213632000000,14.48,15.31,14.200000000000001,15.110000000000001,11787,17626363.0,0.0,0,14.450000000000001,0
20080618,1213718400000,15.11,16.0,14.1,15.83,15241,23169952.0,0.0,0,15.11,0
20080619,1213804800000,15.5,15.5,14.25,14.25,8716,12903855.0,0.0,0,15.83,0
20080620,1213891200000,14.19,15.31,13.32,14.17,9075,13021362.0,0.0,0,14.25,0
20080623,1214150400000,14.0,14.05,13.22,13.25,5251,7148830.0,0.0,0,14.17,0
20080624,1214236800000,13.200000000000001,13.64,12.81,13.38,7267,9700254.0,0.0,0,13.25,0
20080625,1214323200000,13.540000000000001,14.250000000000002,13.120000000000001,14.080000000000002,7379,10255520.0,0.0,0,13.38,0
20080626,1214409600000,14.18,14.65,14.0,14.4,8494,12239483.0,0.0,0,14.08,0
20080627,1214496000000,13.98,14.0,13.05,13.21,6559,8856127.0,0.0,0,14.4,0
20080630,1214755200000,13.040000000000001,13.47,12.83,13.15,2996,3910584.0,0.0,0,13.21,0
20080701,1214841600000,13.1,13.38,12.83,12.95,3127,4097384.0,0.0,0,13.15,0
20080702,1214928000000,12.950000000000001,13.440000000000001,12.89,13.280000000000001,5520,7339381.0,0.0,0,12.950000000000001,0
20080703,1215014400000,13.08,14.05,13.08,13.83,6139,8429422.0,0.0,0,13.28,0
20080704,1215100800000,13.9,14.0,13.48,13.6,3644,4987092.0,0.0,0,13.83,0
20080707,1215360000000,13.66,14.38,13.66,14.38,7253,10252019.0,0.0,0,13.6,0
20080708,1215446400000,14.41,15.13,14.38,14.97,9124,13425120.0,0.0,0,14.38,0
20080709,1215532800000,14.98,15.450000000000001,14.98,15.39,10109,15428195.000000002,0.0,0,14.97,0
20080710,1215619200000,15.25,15.99,14.98,15.83,15888,24867955.999999996,0.0,0,15.39,0
20080711,1215705600000,15.6,15.8,15.0,15.12,7822,12016186.0,0.0,0,15.83,0
20080714,1215964800000,15.15,15.49,15.0,15.3,3073,4685159.0,0.0,0,15.12,0
20080715,1216051200000,15.31,15.51,14.23,14.5,4748,7066875.000000001,0.0,0,15.3,0
20080716,1216137600000,14.5,14.5,13.4,13.9,3644,5099636.999999999,0.0,0,14.5,0
20080717,1216224000000,13.93,14.47,13.92,14.11,4373,6201539.000000001,0.0,0,13.9,0
20080718,1216310400000,14.3,14.700000000000001,13.700000000000001,14.510000000000002,3177,4519468.0,0.0,0,14.110000000000001,0
20080721,1216569600000,14.25,15.030000000000001,14.22,14.96,3738,5535724.000000001,0.0,0,14.51,0
20080722,1216656000000,14.950000000000001,15.25,14.8,15.0,3720,5590635.0,0.0,0,14.96,0
20080723,1216742400000,15.0,15.49,14.85,15.09,5275,7976614.0,0.0,0,15.0,0
20080724,1216828800000,15.350000000000001,15.38,15.14,15.290000000000001,5565,8485621.999999998,0.0,0,15.09,0
20080725,1216915200000,15.3,15.540000000000001,15.05,15.34,4731,7256048.0,0.0,0,15.290000000000001,0
20080728,1217174400000,15.399999999999999,15.79,15.36,15.52,4889,7608589.0,0.0,0,15.34,0
20080729,1217260800000,15.43,15.43,15.06,15.07,4095,6220829.000000001,0.0,0,15.520000000000001,0
20080730,1217347200000,15.07,15.07,15.07,15.07,0,0.0,0.0,0,15.07,1
20080731,1217433600000,15.07,15.1,14.5,14.52,4906,7203505.0,0.0,0,15.07,0
20080801,1217520000000,14.51,14.83,14.18,14.7,2115,3067615.0000000005,0.0,0,14.52,0
20080804,1217779200000,14.61,14.9,14.6,14.67,1317,1948917.0,0.0,0,14.7,0
20080805,1217865600000,14.67,14.799999999999999,14.18,14.31,2050,2966679.0,0.0,0,14.67,0
20080806,1217952000000,14.350000000000001,14.680000000000001,14.280000000000001,14.510000000000002,2222,3229013.0,0.0,0,14.31,0
20080807,1218038400000,14.700000000000001,14.9,14.280000000000001,14.580000000000002,1239,1806673.0000000002,0.0,0,14.510000000000002,0
20080808,1218124800000,14.37,14.64,13.35,13.49,3221,4525493.0,0.0,0,14.58,0
20080811,1218384000000,13.4,13.4,12.18,12.5,4208,5353638.0,0.0,0,13.49,0
20080812,1218470400000,12.69,12.790000000000001,12.33,12.5,3281,4121913.0000000005,0.0,0,12.5,0
20080813,1218556800000,12.35,12.79,11.86,12.719999999999999,1843,2272256.0,0.0,0,12.5,0
20080814,1218643200000,12.72,12.76,12.4,12.55,1457,1837108.0000000002,0.0,0,12.72,0
20080815,1218729600000,12.51,12.85,12.5,12.62,909,1156301.0,0.0,0,12.55,0
20080818,1218988800000,12.54,12.82,12.0,12.02,1702,2087221.0,0.0,0,12.62,0
20080819,1219075200000,12.06,12.48,12.06,12.3,1718,2110819.0,0.0,0,12.020000000000001,0
20080820,1219161600000,12.49,13.33,12.17,13.18,3990,5221575.0,0.0,0,12.3,0
20080821,1219248000000,12.95,13.19,12.61,12.78,2311,3000420.0,0.0,0,13.18,0
20080822,1219334400000,12.780000000000001,12.950000000000001,12.620000000000001,12.8,1598,2042083.0,0.0,0,12.780000000000001,0
20080825,1219593600000,12.94,12.99,12.66,12.8,825,1059436.0,0.0,0,12.8,0
20080826,1219680000000,12.79,12.79,12.02,12.11,1111,1372803.0,0.0,0,12.799999999999999,0
20080827,1219766400000,12.110000000000001,12.49,11.98,12.22,1647,2014316.0,0.0,0,12.110000000000001,0
20080828,1219852800000,12.350000000000001,12.350000000000001,12.030000000000001,12.200000000000001,770,942732.0,0.0,0,12.22,0
20080829,1219939200000,12.3,12.65,12.17,12.39,1913,2368576.9999999995,0.0,0,12.2,0
20080901,1220198400000,12.280000000000001,12.280000000000001,11.72,11.8,1216,1439234.0,0.0,0,12.39,0
20080902,1220284800000,11.81,11.94,11.42,11.74,815,954260.0,0.0,0,11.8,0
20080903,1220371200000,11.7,11.88,11.42,11.49,977,1131932.0,0.0,0,11.74,0
20080904,1220457600000,11.64,11.67,11.42,11.51,1093,1259952.0,0.0,0,11.49,0
20080905,1220544000000,11.42,11.42,10.8,10.930000000000001,2516,2785130.0,0.0,0,11.510000000000002,0
20080908,1220803200000,10.7,10.98,10.02,10.18,2066,2146264.0,0.0,0,10.93,0
20080909,1220889600000,10.48,10.48,10.08,10.17,838,857179.0000000001,0.0,0,10.18,0
20080910,1220976000000,10.0,10.31,9.88,10.0,1961,1977634.0,0.0,0,10.17,0
20080911,1221062400000,9.81,10.08,9.55,9.59,1884,1838560.0,0.0,0,10.0,0
20080912,1221148800000,9.58,9.78,9.52,9.6,1599,1536234.0,0.0,0,9.59,0
20080916,1221494400000,9.61,9.61,9.03,9.08,3809,3489921.0000000005,0.0,0,9.6,0
20080917,1221580800000,9.08,9.2,9.0,9.04,2680,2430679.0,0.0,0,9.08,0
20080918,1221667200000,8.95,8.95,8.18,8.68,2969,2568084.0,0.0,0,9.04,0
20080919,1221753600000,9.5,9.55,9.01,9.55,10348,9819114.0,0.0,0,8.68,0
20080922,1222012800000,9.91,10.5,9.51,9.66,16122,15824804.0,0.0,0,9.549999999999999,0
20080923,1222099200000,9.399999999999999,9.399999999999999,8.69,8.69,5017,4490530.000000001,0.0,0,9.66,0
20080924,1222185600000,8.55,8.55,8.16,8.48,3423,2839906.0,0.0,0,8.69,0
20080925,1222272000000,8.53,9.01,8.5,8.85,5094,4480749.0,0.0,0,8.48,0
20080926,1222358400000,8.959999999999999,8.959999999999999,8.61,8.86,3640,3193237.0,0.0,0,8.85,0
20081006,1223222400000,8.84,8.84,8.35,8.35,2633,2219855.0,0.0,0,8.86,0
20081007,1223308800000,8.18,8.35,7.91,8.22,2152,1754542.9999999998,0.0,0,8.35,0
20081008,1223395200000,8.19,8.2,7.97,7.97,1333,1075026.0,0.0,0,8.219999999999999,0
20081009,1223481600000,8.200000000000001,8.22,7.9,7.94,1964,1580572.0,0.0,0,7.970000000000001,0
20081010,1223568000000,7.79,7.79,7.15,7.340000000000001,8250,6021060.0,0.0,0,7.94,0
20081013,1223827200000,7.29,7.36,6.9,7.36,3285,2348222.0000000005,0.0,0,7.340000000000001,0
20081014,1223913600000,7.52,7.6,7.04,7.18,4470,3301049.0000000005,0.0,0,7.36,0
20081015,1224000000000,7.15,7.1899999999999995,6.92,7.09,1618,1136711.0,0.0,0,7.18,0
20081016,1224086400000,6.96,6.97,6.5,6.58,2539,1685169.0,0.0,0,7.09,0
20081017,1224172800000,6.58,6.78,6.57,6.7700000000000005,2417,1615530.0,0.0,0,6.58,0
20081020,1224432000000,6.7700000000000005,7.07,6.61,7.07,2906,1998181.0000000002,0.0,0,6.7700000000000005,0
20081021,1224518400000,6.96,7.16,6.91,7.0200000000000005,2543,1791490.0,0.0,0,7.07,0
20081022,1224604800000,6.91,7.02,6.72,6.819999999999999,2035,1401477.0000000002,0.0,0,7.02,0
20081023,1224691200000,6.68,6.85,6.5,6.8,2497,1667309.9999999998,0.0,0,6.82,0
20081024,1224777600000,6.8,7.06,6.8,6.88,2584,1781907.0,0.0,0,6.8,0
20081027,1225036800000,6.86,6.86,6.23,6.300000000000001,3123,2038070.0,0.0,0,6.880000000000001,0
20081028,1225123200000,6.3,6.55,6.21,6.46,2403,1531421.0000000002,0.0,0,6.3,0
20081029,1225209600000,6.5,6.5200000000000005,6.28,6.28,2697,1736263.0,0.0,0,6.46,0
20081030,1225296000000,6.29,6.49,6.12,6.3500000000000005,2662,1692229.0000000002,0.0,0,6.28,0
20081031,1225382400000,6.19,6.82,6.19,6.640000000000001,8924,5867908.0,0.0,0,6.3500000000000005,0
20081103,1225641600000,6.63,6.95,6.41,6.8,5750,3889009.0,0.0,0,6.640000000000001,0
20081104,1225728000000,6.79,6.86,6.45,6.67,3983,2635253.0,0.0,0,6.8,0
20081105,1225814400000,6.75,7.090000000000001,6.65,7.08,8407,5806106.0,0.0,0,6.67,0
20081106,1225900800000,6.93,7.1499999999999995,6.76,6.89,6213,4342351.0,0.0,0,7.08,0
20081107,1225987200000,6.79,7.0600000000000005,6.69,7.03,3255,2259598.9999999995,0.0,0,6.890000000000001,0
20081110,1226246400000,7.13,7.680000000000001,7.03,7.66,8703,6366829.0,0.0,0,7.03,0
20081111,1226332800000,7.500000000000001,7.65,7.3500000000000005,7.48,6073,4560258.000000001,0.0,0,7.66,0
20081112,1226419200000,7.3,7.68,7.2,7.68,8949,6617257.0,0.0,0,7.48,0
20081113,1226505600000,7.5,8.18,7.4,8.01,9388,7384775.0,0.0,0,7.680000000000001,0
20081114,1226592000000,7.99,8.459999999999999,7.8,8.42,11420,9226055.0,0.0,0,8.01,0
20081117,1226851200000,8.42,8.78,8.16,8.64,9576,8184878.0,0.0,0,8.42,0
20081118,1226937600000,8.6,8.6,7.78,7.78,10368,8414916.0,0.0,0,8.64,0
20081119,1227024000000,7.51,8.34,7.51,8.28,7081,5654349.0,0.0,0,7.779999999999999,0
20081120,1227110400000,8.05,8.42,7.88,8.04,7416,6051127.999999999,0.0,0,8.28,0
20081121,1227196800000,8.04,8.04,8.04,8.04,0,0.0,0.0,0,8.04,1
20081124,1227456000000,8.11,8.11,7.4,7.45,6628,5096791.0,0.0,0,8.040000000000001,0
20081125,1227542400000,7.59,7.7,7.09,7.28,4806,3528183.0,0.0,0,7.45,0
20081126,1227628800000,7.300000000000001,7.46,7.15,7.45,2929,2159079.0,0.0,0,7.28,0
20081127,1227715200000,7.92,8.0,7.57,7.58,9309,7187231.0,0.0,0,7.45,0
20081128,1227801600000,7.46,7.59,7.17,7.22,5214,3824768.0,0.0,0,7.58,0
20081201,1228060800000,7.22,7.82,7.2,7.8100000000000005,8877,6734503.0,0.0,0,7.22,0
20081202,1228147200000,7.55,8.59,7.55,8.59,12653,10560599.0,0.0,0,7.81,0
20081203,1228233600000,9.110000000000001,9.26,8.65,8.92,40047,35699605.0,0.0,0,8.59,0
20081204,1228320000000,9.200000000000001,9.540000000000001,8.950000000000001,9.05,39893,36853603.0,0.0,0,8.920000000000002,0
20081205,1228406400000,9.0,9.96,8.91,9.96,71796,70964253.00000001,0.0,0,9.05,0
20081208,1228665600000,10.35,10.96,10.16,10.96,83517,88260674.00000001,0.0,0,9.96,0
20081209,1228752000000,11.299999999999999,11.5,10.36,10.43,63249,68885670.0,0.0,0,10.959999999999999,0
20081210,1228838400000,10.190000000000001,10.700000000000001,9.98,10.530000000000001,45031,46427846.0,0.0,0,10.43,0
20081211,1228924800000,10.49,10.95,10.25,10.25,38727,41168727.0,0.0,0,10.53,0
20081212,1229011200000,10.01,10.09,9.23,9.31,31244,29893881.0,0.0,0,10.25,0
20081215,1229270400000,9.39,9.58,8.99,9.48,33143,30934186.0,0.0,0,9.31,0
20081216,1229356800000,9.47,10.190000000000001,9.4,10.15,41278,40198125.0,0.0,0,9.48,0
20081217,1229443200000,10.290000000000001,10.42,9.9,10.09,32191,32798247.0,0.0,0,10.15,0
20081218,1229529600000,9.97,10.200000000000001,9.8,10.13,18122,18198044.0,0.0,0,10.09,0
20081219,1229616000000,10.15,11.0,10.15,10.64,43985,46655571.0,0.0,0,10.13,0
20081222,1229875200000,10.73,11.23,10.4,10.950000000000001,43419,47118893.0,0.0,0,10.64,0
20081223,1229961600000,10.99,11.45,9.86,10.0,48608,52438205.0,0.0,0,10.95,0
20081224,1230048000000,9.700000000000001,10.290000000000001,9.4,9.5,27589,27021154.0,0.0,0,10.0,0
20081225,1230134400000,9.55,9.88,9.15,9.38,18601,17630358.0,0.0,0,9.5,0
20081226,1230220800000,9.530000000000001,9.700000000000001,9.32,9.530000000000001,16367,15503762.000000002,0.0,0,9.38,0
20081229,1230480000000,9.540000000000001,9.55,8.82,9.23,15176,13834482.0,0.0,0,9.530000000000001,0
20081230,1230566400000,9.19,9.57,9.1,9.26,13830,12942495.0,0.0,0,9.23,0
20081231,1230652800000,9.27,9.69,9.27,9.36,15184,14390582.0,0.0,0,9.26,0
20090105,1231084800000,9.549999999999999,9.91,9.52,9.87,21267,20852479.0,0.0,0,9.36,0
20090106,1231171200000,9.799999999999999,10.309999999999999,9.69,10.25,25616,25529691.000000004,0.0,0,9.87,0
20090107,1231257600000,10.26,10.299999999999999,9.94,10.11,21081,21331357.0,0.0,0,10.25,0
20090108,1231344000000,9.9,9.94,9.6,9.7,17108,16710800.000000002,0.0,0,10.11,0
20090109,1231430400000,9.77,10.67,9.73,10.67,48440,50648193.0,0.0,0,9.700000000000001,0
20090112,1231689600000,10.98,11.28,10.68,10.87,72446,79502512.0,0.0,0,10.67,0
20090113,1231776000000,10.610000000000001,10.88,10.06,10.17,34200,35814515.0,0.0,0,10.870000000000001,0
20090114,1231862400000,10.28,10.96,10.08,10.88,36209,38173155.00000001,0.0,0,10.17,0
20090115,1231948800000,10.65,11.15,10.63,10.83,38273,41725944.0,0.0,0,10.88,0
20090116,1232035200000,10.92,11.78,10.91,11.120000000000001,55040,62257774.99999999,0.0,0,10.83,0
20090119,1232294400000,11.34,11.46,10.55,11.0,39470,43097457.0,0.0,0,11.120000000000001,0
20090120,1232380800000,10.870000000000001,11.25,10.73,11.18,19143,21136641.0,0.0,0,11.0,0
20090121,1232467200000,11.040000000000001,11.100000000000001,10.8,10.950000000000001,18980,20714946.0,0.0,0,11.180000000000001,0
20090122,1232553600000,11.090000000000002,11.15,10.71,10.99,20268,22181923.000000004,0.0,0,10.950000000000001,0
20090123,1232640000000,10.96,10.99,10.58,10.58,17589,18922213.000000004,0.0,0,10.99,0
20090202,1233504000000,10.77,10.85,10.51,10.84,20857,22261680.0,0.0,0,10.58,0
20090203,1233590400000,10.780000000000001,11.200000000000001,10.700000000000001,11.190000000000001,32689,36152583.0,0.0,0,10.840000000000002,0
20090204,1233676800000,11.22,11.57,10.97,11.540000000000001,46833,52918413.99999999,0.0,0,11.190000000000001,0
20090205,1233763200000,11.5,11.64,10.93,11.03,40808,46047128.0,0.0,0,11.54,0
20090206,1233849600000,11.280000000000001,12.020000000000001,11.13,11.860000000000001,63630,74054549.0,0.0,0,11.030000000000001,0
20090209,1234108800000,12.0,13.05,11.83,12.8,77572,96362135.0,0.0,0,11.86,0
20090210,1234195200000,12.6,13.4,12.48,13.21,50308,65141376.0,0.0,0,12.8,0
20090211,1234281600000,12.9,13.27,12.5,12.58,47184,60628337.00000001,0.0,0,13.21,0
20090212,1234368000000,12.8,13.7,12.66,13.3,57004,75723270.0,0.0,0,12.58,0
20090213,1234454400000,13.299999999999999,13.6,13.11,13.549999999999999,43612,58355167.0,0.0,0,13.299999999999999,0
20090216,1234713600000,13.59,13.98,13.05,13.24,65077,86699347.0,0.0,0,13.55,0
20090217,1234800000000,13.16,13.19,12.5,12.55,45074,57571842.00000001,0.0,0,13.24,0
20090218,1234886400000,12.3,12.65,11.950000000000001,11.99,28236,34755745.0,0.0,0,12.55,0
20090219,1234972800000,12.39,12.52,12.0,12.28,23540,28888872.0,0.0,0,11.99,0
20090220,1235059200000,12.33,12.73,12.17,12.71,28206,35344547.0,0.0,0,12.28,0
20090223,1235318400000,12.600000000000001,13.25,12.46,13.030000000000001,30936,39867693.0,0.0,0,12.71,0
20090224,1235404800000,12.84,12.99,12.18,12.18,31852,39915606.0,0.0,0,13.03,0
20090225,1235491200000,12.23,12.5,11.74,12.17,23600,28499987.0,0.0,0,12.18,0
20090226,1235577600000,12.16,12.35,11.0,11.18,21573,25671580.000000004,0.0,0,12.17,0
20090227,1235664000000,10.870000000000001,11.15,10.120000000000001,10.22,23893,25167843.0,0.0,0,11.180000000000001,0
20090302,1235923200000,10.24,10.5,10.18,10.41,9787,10158852.0,0.0,0,10.219999999999999,0
20090303,1236009600000,9.99,10.450000000000001,9.9,10.42,16032,16432207.999999998,0.0,0,10.41,0
20090304,1236096000000,10.48,11.18,10.39,11.13,24141,26295844.0,0.0,0,10.42,0
20090305,1236182400000,11.17,11.350000000000001,10.81,11.07,24968,27728852.0,0.0,0,11.13,0
20090306,1236268800000,10.840000000000002,11.600000000000001,10.790000000000001,11.48,25609,29051605.000000004,0.0,0,11.07,0
20090309,1236528000000,11.6,11.75,10.83,10.86,21358,23995168.0,0.0,0,11.48,0
20090310,1236614400000,10.770000000000001,11.17,10.56,11.100000000000001,12125,13289553.0,0.0,0,10.860000000000001,0
20090311,1236700800000,11.39,11.47,11.07,11.18,16158,18208348.0,0.0,0,11.1,0
20090312,1236787200000,11.1,11.19,10.75,11.06,10135,11099126.0,0.0,0,11.18,0
20090313,1236873600000,11.19,11.44,11.0,11.1,10843,12185709.000000002,0.0,0,11.06,0
20090316,1237132800000,11.08,11.35,10.9,11.34,11477,12858252.0,0.0,0,11.1,0
20090317,1237219200000,11.39,12.05,11.38,12.0,24089,28341914.000000004,0.0,0,11.340000000000002,0
20090318,1237305600000,12.149999999999999,13.07,12.11,12.91,73361,93308612.0,0.0,0,12.0,0
20090319,1237392000000,12.870000000000001,13.08,12.48,12.98,70781,90636477.0,0.0,0,12.91,0
20090320,1237478400000,13.0,13.02,12.51,12.77,33667,42998331.0,0.0,0,12.98,0
20090323,1237737600000,12.8,13.280000000000001,12.8,12.930000000000001,36087,46925292.0,0.0,0,12.770000000000001,0
20090324,1237824000000,13.08,13.350000000000001,12.88,13.200000000000001,40611,53406917.0,0.0,0,12.930000000000001,0
20090325,1237910400000,13.100000000000001,13.57,12.950000000000001,12.950000000000001,42783,56931586.0,0.0,0,13.200000000000001,0
20090326,1237996800000,12.9,13.16,12.620000000000001,13.13,32015,41449618.0,0.0,0,12.950000000000001,0
20090327,1238083200000,13.21,13.47,13.08,13.26,29908,39650334.99999999,0.0,0,13.13,0
20090330,1238342400000,13.32,13.83,13.32,13.52,42150,57384788.0,0.0,0,13.26,0
20090331,1238428800000,13.2,13.64,12.91,13.64,35498,47089052.00000001,0.0,0,13.52,0
20090401,1238515200000,13.700000000000001,14.3,13.700000000000001,13.89,54739,76817767.99999999,0.0,0,13.64,0
20090402,1238601600000,13.89,14.860000000000001,13.89,14.42,60387,87203006.0,0.0,0,13.89,0
20090403,1238688000000,14.49,15.35,14.32,15.200000000000001,74447,110973550.0,0.0,0,14.42,0
20090407,1239033600000,15.240000000000002,15.950000000000001,14.780000000000001,15.22,55360,84754369.0,0.0,0,15.200000000000001,0
20090408,1239120000000,15.0,15.3,14.55,14.55,47543,70882428.0,0.0,0,15.22,0
20090409,1239206400000,14.520000000000001,15.170000000000002,14.21,15.06,38011,55456426.0,0.0,0,14.55,0
20090410,1239292800000,15.2,15.7,15.0,15.59,50946,78566917.0,0.0,0,15.06,0
20090413,1239552000000,15.88,16.880000000000003,15.700000000000001,16.650000000000002,57164,92852257.0,0.0,0,15.590000000000002,0
20090414,1239638400000,16.65,17.96,16.11,17.65,61006,104650255.00000001,0.0,0,16.65,0
20090415,1239724800000,17.599999999999998,18.2,17.02,17.9,64459,114353027.0,0.0,0,17.65,0
20090416,1239811200000,17.72,17.939999999999998,17.11,17.29,38370,66816639.0,0.0,0,17.9,0
20090417,1239897600000,17.25,17.25,16.2,16.39,38918,64794953.0,0.0,0,17.29,0
20090420,1240156800000,16.5,17.090000000000003,16.42,17.0,26126,44237987.0,0.0,0,16.39,0
20090421,1240243200000,17.0,17.0,17.0,17.0,0,0.0,0.0,0,17.0,1
20090422,1240329600000,17.0,17.09,15.3,15.520000000000001,48883,79105706.0,0.0,0,17.0,0
20090423,1240416000000,15.450000000000001,15.950000000000001,14.8,15.780000000000001,34491,52759277.00000001,0.0,0,15.520000000000001,0
20090424,1240502400000,15.8,15.9,15.3,15.31,18783,29181429.000000004,0.0,0,15.780000000000001,0
20090427,1240761600000,15.190000000000001,15.250000000000002,14.530000000000001,14.700000000000001,18981,28051355.0,0.0,0,15.31,0
20090428,1240848000000,14.600000000000001,15.07,14.55,15.05,20721,30911169.000000004,0.0,0,14.700000000000001,0
20090429,1240934400000,14.950000000000001,15.98,14.950000000000001,15.760000000000002,26779,41802070.0,0.0,0,15.05,0
20090430,1241020800000,15.74,15.950000000000001,15.57,15.69,18552,29145930.000000004,0.0,0,15.76,0
20090504,1241366400000,15.71,16.5,15.71,16.400000000000002,23241,37601285.0,0.0,0,15.690000000000001,0
20090505,1241452800000,16.35,16.6,16.23,16.37,22369,36659073.0,0.0,0,16.400000000000002,0
20090506,1241539200000,16.36,16.94,16.23,16.71,21762,36236028.0,0.0,0,16.37,0
20090507,1241625600000,16.94,16.990000000000002,15.97,16.26,33225,54225783.0,0.0,0,16.71,0
20090508,1241712000000,16.27,16.27,15.8,16.02,23737,37935614.0,0.0,0,16.26,0
20090511,1241971200000,16.0,16.2,15.06,15.07,28188,43893380.0,0.0,0,16.02,0
20090512,1242057600000,15.0,15.57,14.96,15.5,16720,25587048.0,0.0,0,15.07,0
20090513,1242144000000,15.55,15.92,15.31,15.83,21705,33774627.0,0.0,0,15.5,0
20090514,1242230400000,15.620000000000001,16.0,15.41,15.84,16278,25710016.0,0.0,0,15.83,0
20090515,1242316800000,15.86,16.6,15.84,16.41,28301,46283430.0,0.0,0,15.84,0
20090518,1242576000000,16.41,17.270000000000003,16.35,17.150000000000002,58161,99111679.00000001,0.0,0,16.41,0
20090519,1242662400000,17.200000000000003,17.32,16.78,17.05,41202,70183152.0,0.0,0,17.150000000000002,0
20090520,1242748800000,17.05,17.150000000000002,16.6,16.6,22039,37111040.0,0.0,0,17.05,0
20090521,1242835200000,16.48,16.560000000000002,16.01,16.060000000000002,25398,41170105.0,0.0,0,16.6,0
20090522,1242921600000,16.03,16.450000000000003,16.01,16.44,20051,32612784.0,0.0,0,16.060000000000002,0
20090525,1243180800000,16.400000000000002,17.19,16.1,17.14,48355,80835232.0,0.0,0,16.44,0
20090526,1243267200000,17.24,18.0,16.95,16.96,48362,84716158.0,0.0,0,17.14,0
20090527,1243353600000,17.0,17.18,16.48,16.69,23872,40049436.0,0.0,0,16.96,0
20090601,1243785600000,16.69,16.69,16.69,16.69,0,0.0,0.0,0,16.69,1
20090602,1243872000000,17.14,17.14,16.580000000000002,16.590000000000003,38937,65456104.0,0.0,0,16.69,0
20090603,1243958400000,11.08,11.27,10.86,10.92,31085,34235824.0,0.0,0,11.059999999999999,0
20090604,1244044800000,10.89,10.95,10.51,10.94,32177,34540789.99999999,0.0,0,10.92,0
20090605,1244131200000,10.88,10.99,10.66,10.7,28404,30736248.0,0.0,0,10.94,0
20090608,1244390400000,10.7,10.88,10.5,10.64,20958,22296709.000000004,0.0,0,10.7,0
20090609,1244476800000,10.58,10.72,10.5,10.65,16173,17137867.0,0.0,0,10.64,0
20090610,1244563200000,10.639999999999999,10.87,10.52,10.85,28261,30227818.000000004,0.0,0,10.65,0
20090611,1244649600000,10.76,10.94,10.67,10.68,21556,23293785.0,0.0,0,10.85,0
20090612,1244736000000,10.66,10.719999999999999,10.28,10.299999999999999,26098,27368883.0,0.0,0,10.68,0
20090615,1244995200000,10.34,10.51,10.31,10.440000000000001,15969,16624148.0,0.0,0,10.3,0
20090616,1245081600000,10.36,10.559999999999999,10.36,10.49,13534,14174541.0,0.0,0,10.44,0
20090617,1245168000000,10.49,10.55,10.41,10.52,14581,15297306.0,0.0,0,10.49,0
20090618,1245254400000,10.52,10.75,10.48,10.6,31044,32999101.0,0.0,0,10.52,0
20090619,1245340800000,10.6,10.68,10.41,10.68,28729,30356912.0,0.0,0,10.6,0
20090622,1245600000000,10.69,11.649999999999999,10.69,11.51,84563,94132156.0,0.0,0,10.68,0
20090623,1245686400000,11.299999999999999,12.17,11.02,11.77,127268,149338860.0,0.0,0,11.51,0
20090624,1245772800000,11.6,11.780000000000001,11.4,11.65,51068,59003966.0,0.0,0,11.77,0
20090625,1245859200000,11.67,11.67,11.3,11.33,33089,37981176.0,0.0,0,11.65,0
20090626,1245945600000,11.34,11.54,11.1,11.19,34156,38477488.0,0.0,0,11.33,0
20090629,1246204800000,11.309999999999999,11.44,11.03,11.29,25506,28696069.0,0.0,0,11.19,0
20090630,1246291200000,11.3,11.360000000000001,11.040000000000001,11.090000000000002,22117,24591817.0,0.0,0,11.290000000000001,0
20090701,1246377600000,11.02,11.27,11.02,11.12,17520,19498658.0,0.0,0,11.09,0
20090702,1246464000000,11.08,11.38,11.08,11.36,29923,33708643.00000001,0.0,0,11.12,0
20090703,1246550400000,11.280000000000001,11.48,11.22,11.4,37219,42236074.0,0.0,0,11.360000000000001,0
20090706,1246809600000,11.4,11.59,11.15,11.18,29803,33693074.0,0.0,0,11.4,0
20090707,1246896000000,11.18,11.74,11.16,11.64,56721,64967422.00000001,0.0,0,11.18,0
20090708,1246982400000,11.950000000000001,12.6,11.74,12.32,140879,171518450.0,0.0,0,11.64,0
20090709,1247068800000,12.23,12.58,12.05,12.440000000000001,72372,89413194.0,0.0,0,12.32,0
20090710,1247155200000,12.44,13.149999999999999,12.44,13.0,71218,91688031.00000001,0.0,0,12.44,0
20090713,1247414400000,13.06,13.39,12.780000000000001,12.910000000000002,80108,104242854.00000001,0.0,0,13.000000000000002,0
20090714,1247500800000,12.850000000000001,13.05,12.8,12.88,41971,54093633.00000001,0.0,0,12.91,0
20090715,1247587200000,13.0,13.4,12.91,13.290000000000001,54140,71601065.0,0.0,0,12.88,0
20090716,1247673600000,13.410000000000002,13.450000000000001,12.780000000000001,12.9,45584,59578975.00000001,0.0,0,13.290000000000001,0
20090717,1247760000000,12.89,13.05,12.63,12.760000000000002,33461,42841298.0,0.0,0,12.9,0
20090720,1248019200000,12.77,13.09,12.77,13.01,36754,47650910.0,0.0,0,12.76,0
20090721,1248105600000,13.0,13.0,12.35,12.389999999999999,43799,55413831.0,0.0,0,13.01,0
20090722,1248192000000,12.39,12.72,12.38,12.47,34373,43160696.0,0.0,0,12.39,0
20090723,1248278400000,12.5,12.8,12.5,12.72,23113,29358725.0,0.0,0,12.47,0
20090724,1248364800000,12.83,13.15,12.66,13.08,57510,74444379.00000001,0.0,0,12.72,0
20090727,1248624000000,13.180000000000001,13.32,12.950000000000001,13.200000000000001,45929,60297831.00000001,0.0,0,13.080000000000002,0
20090728,1248710400000,13.25,13.29,13.0,13.17,39393,51605824.0,0.0,0,13.2,0
20090729,1248796800000,13.34,14.1,12.61,13.33,101480,137406207.00000003,0.0,0,13.17,0
20090730,1248883200000,13.3,14.66,13.0,14.66,142969,199225042.0,0.0,0,13.33,0
20090731,1248969600000,14.870000000000001,14.96,14.13,14.58,98865,143395862.99999997,0.0,0,14.66,0
20090803,1249228800000,14.540000000000001,14.93,14.31,14.700000000000001,69464,101533529.0,0.0,0,14.58,0
20090804,1249315200000,14.65,14.690000000000001,13.98,14.16,73518,104425061.0,0.0,0,14.700000000000001,0
20090805,1249401600000,14.16,14.46,13.88,14.180000000000001,41625,59005891.0,0.0,0,14.16,0
20090806,1249488000000,14.22,14.23,13.5,13.75,40432,55818817.0,0.0,0,14.18,0
20090807,1249574400000,13.61,13.94,13.6,13.629999999999999,30438,41873968.0,0.0,0,13.75,0
20090810,1249833600000,13.79,14.36,13.5,14.28,38266,53058825.0,0.0,0,13.63,0
20090811,1249920000000,14.24,14.5,14.1,14.36,42421,60806044.00000001,0.0,0,14.28,0
20090812,1250006400000,14.360000000000001,14.360000000000001,13.200000000000001,13.280000000000001,34433,47291551.99999999,0.0,0,14.360000000000001,0
20090813,1250092800000,13.38,13.670000000000002,13.200000000000001,13.540000000000001,22995,31001002.000000004,0.0,0,13.280000000000001,0
20090814,1250179200000,13.590000000000002,13.600000000000001,12.71,12.74,32907,42916719.0,0.0,0,13.540000000000001,0
20090817,1250438400000,12.74,12.74,12.74,12.74,0,0.0,0.0,0,12.74,1
20090818,1250524800000,11.65,12.62,11.6,12.43,41206,49351416.0,0.0,0,12.74,0
20090819,1250611200000,12.350000000000001,12.48,11.63,11.680000000000001,27717,33360150.000000004,0.0,0,12.430000000000001,0
20090820,1250697600000,11.8,12.350000000000001,11.700000000000001,12.270000000000001,33718,40771579.0,0.0,0,11.680000000000001,0
20090821,1250784000000,12.290000000000001,13.35,12.15,13.200000000000001,51278,65875457.0,0.0,0,12.27,0
20090824,1251043200000,13.34,13.88,13.07,13.63,61360,83327772.00000001,0.0,0,13.200000000000001,0
20090825,1251129600000,13.500000000000002,14.020000000000001,12.950000000000001,13.98,71181,97185768.0,0.0,0,13.63,0
20090826,1251216000000,13.9,14.34,13.72,14.120000000000001,73575,104156035.0,0.0,0,13.98,0
20090827,1251302400000,14.0,14.27,13.58,13.82,54747,76393328.0,0.0,0,14.120000000000001,0
20090828,1251388800000,13.71,13.88,13.200000000000001,13.21,42948,57536827.00000001,0.0,0,13.82,0
20090831,1251648000000,13.05,13.05,12.33,12.37,33351,42013954.0,0.0,0,13.21,0
20090901,1251734400000,12.33,13.08,12.33,12.89,43846,56101050.00000001,0.0,0,12.37,0
20090902,1251820800000,12.73,12.99,12.55,12.91,23354,29839251.999999996,0.0,0,12.89,0
20090903,1251907200000,12.870000000000001,13.58,12.73,13.540000000000001,41601,55108650.99999999,0.0,0,12.91,0
20090904,1251993600000,13.56,13.879999999999999,13.35,13.82,60401,82448383.0,0.0,0,13.54,0
20090907,1252252800000,14.0,14.049999999999999,13.52,13.68,52074,71824665.0,0.0,0,13.82,0
20090908,1252339200000,13.600000000000001,13.89,13.540000000000001,13.850000000000001,43366,59726492.0,0.0,0,13.680000000000001,0
20090909,1252425600000,13.88,13.97,13.450000000000001,13.780000000000001,43438,59350777.0,0.0,0,13.850000000000001,0
20090910,1252512000000,13.7,13.75,13.35,13.48,28929,39154356.0,0.0,0,13.78,0
20090911,1252598400000,13.42,13.9,13.42,13.76,34159,46939840.00000001,0.0,0,13.48,0
20090914,1252857600000,13.780000000000001,14.46,13.780000000000001,14.240000000000002,73971,105009582.00000001,0.0,0,13.760000000000002,0
20090915,1252944000000,14.18,14.57,14.1,14.4,69928,100612060.99999999,0.0,0,14.24,0
20090916,1253030400000,14.5,14.8,14.22,14.46,66462,96526889.00000001,0.0,0,14.4,0
20090917,1253116800000,14.43,15.77,14.43,15.28,104310,158145203.0,0.0,0,14.459999999999999,0
20090918,1253203200000,15.19,15.57,14.51,14.61,83576,125466696.0,0.0,0,15.28,0
20090921,1253462400000,14.6,15.25,14.32,15.18,64435,96226325.0,0.0,0,14.61,0
20090922,1253548800000,15.25,15.28,14.68,14.68,50132,75224712.0,0.0,0,15.18,0
20090923,1253635200000,14.41,14.65,13.67,13.77,57286,80618016.0,0.0,0,14.68,0
20090924,1253721600000,13.62,13.89,13.35,13.65,31916,43477131.0,0.0,0,13.77,0
20090925,1253808000000,13.65,13.9,13.5,13.7,22223,30620351.0,0.0,0,13.65,0
20090928,1254067200000,13.760000000000002,14.15,13.450000000000001,13.510000000000002,26013,36005300.0,0.0,0,13.700000000000001,0
20090929,1254153600000,13.3,13.68,12.75,13.19,22936,30182329.000000004,0.0,0,13.51,0
20090930,1254240000000,13.33,13.49,13.15,13.39,17000,22704019.0,0.0,0,13.19,0
20091009,1255017600000,13.75,14.13,13.55,14.08,31060,43194209.0,0.0,0,13.39,0
20091012,1255276800000,14.13,14.690000000000001,14.13,14.31,34250,49312503.0,0.0,0,14.08,0
20091013,1255363200000,14.24,14.78,14.16,14.75,50968,74571499.0,0.0,0,14.31,0
20091014,1255449600000,14.770000000000001,14.850000000000001,14.540000000000001,14.65,62616,91874447.0,0.0,0,14.750000000000002,0
20091015,1255536000000,14.750000000000002,14.9,14.450000000000001,14.770000000000001,54534,79946438.00000001,0.0,0,14.65,0
20091016,1255622400000,14.790000000000001,14.790000000000001,14.280000000000001,14.47,42617,61568959.00000001,0.0,0,14.770000000000001,0
20091019,1255881600000,14.55,15.030000000000001,14.450000000000001,14.98,55510,82291789.0,0.0,0,14.47,0
20091020,1255968000000,14.969999999999999,15.27,14.86,15.1,56935,85642154.00000001,0.0,0,14.979999999999999,0
20091021,1256054400000,15.05,15.05,14.72,14.74,38801,57693887.0,0.0,0,15.100000000000001,0
20091022,1256140800000,14.75,15.42,14.67,15.26,56943,86217189.00000001,0.0,0,14.74,0
20091023,1256227200000,15.36,15.55,15.16,15.44,64632,99345682.0,0.0,0,15.26,0
20091026,1256486400000,15.309999999999999,15.49,15.02,15.299999999999999,42176,64153650.99999999,0.0,0,15.44,0
20091027,1256572800000,15.209999999999999,15.209999999999999,14.68,14.69,48898,73078912.00000001,0.0,0,15.299999999999999,0
20091028,1256659200000,14.670000000000002,14.96,14.450000000000001,14.940000000000001,32342,47535820.0,0.0,0,14.690000000000001,0
20091029,1256745600000,14.75,15.38,14.63,15.200000000000001,62086,93739235.0,0.0,0,14.940000000000001,0
20091030,1256832000000,15.209999999999999,15.219999999999999,14.6,14.75,59478,88583856.0,0.0,0,15.2,0
20091102,1257091200000,14.59,15.77,14.5,15.620000000000001,97193,147662769.0,0.0,0,14.75,0
20091103,1257177600000,15.6,16.080000000000002,15.4,15.88,91124,143278497.0,0.0,0,15.620000000000001,0
20091104,1257264000000,15.9,16.1,15.700000000000001,15.89,67594,107391895.00000001,0.0,0,15.88,0
20091105,1257350400000,15.82,15.92,15.63,15.790000000000001,37320,58864079.0,0.0,0,15.89,0
20091106,1257436800000,15.9,16.26,15.610000000000001,15.63,57006,90681416.00000001,0.0,0,15.790000000000001,0
20091109,1257696000000,15.63,15.73,15.4,15.700000000000001,35168,54665513.0,0.0,0,15.63,0
20091110,1257782400000,15.75,15.86,15.6,15.7,31811,50049076.0,0.0,0,15.7,0
20091111,1257868800000,15.69,15.69,15.32,15.5,32408,50191537.99999999,0.0,0,15.700000000000001,0
20091112,1257955200000,15.58,15.82,15.42,15.59,43648,68179511.0,0.0,0,15.5,0
20091113,1258041600000,15.51,15.9,15.42,15.9,37727,59392485.0,0.0,0,15.59,0
20091116,1258300800000,15.9,15.9,15.9,15.9,0,0.0,0.0,0,15.9,1
20091117,1258387200000,16.36,16.36,15.81,15.85,58587,93831026.0,0.0,0,15.9,0
20091118,1258473600000,16.0,16.0,15.56,15.620000000000001,40615,63934831.00000001,0.0,0,15.85,0
20091119,1258560000000,15.69,16.14,15.59,16.09,48494,76910746.0,0.0,0,15.62,0
20091120,1258646400000,16.0,16.290000000000003,15.860000000000001,16.130000000000003,44279,71341309.0,0.0,0,16.09,0
20091123,1258905600000,16.139999999999997,16.77,16.06,16.689999999999998,67384,111397402.0,0.0,0,16.13,0
20091124,1258992000000,16.77,16.880000000000003,15.3,15.600000000000001,72668,119229421.00000001,0.0,0,16.69,0
20091125,1259078400000,15.6,16.5,15.6,16.48,53434,85907861.00000001,0.0,0,15.6,0
20091126,1259164800000,16.470000000000002,16.75,15.780000000000001,15.850000000000001,72392,117858740.0,0.0,0,16.48,0
20091127,1259251200000,15.79,16.09,15.01,15.15,52125,81844513.0,0.0,0,15.85,0
20091130,1259510400000,15.35,15.78,15.35,15.77,45445,71159363.0,0.0,0,15.15,0
20091201,1259596800000,15.7,17.05,15.59,16.91,108159,177645024.99999997,0.0,0,15.77,0
20091202,1259683200000,16.75,17.0,16.55,16.75,88954,149361853.99999997,0.0,0,16.91,0
20091203,1259769600000,16.88,16.939999999999998,16.56,16.9,59071,99086313.0,0.0,0,16.75,0
20091204,1259856000000,16.860000000000003,17.3,16.01,16.400000000000002,76394,127901570.0,0.0,0,16.900000000000002,0
20091207,1260115200000,16.4,16.58,16.2,16.45,38368,62851655.0,0.0,0,16.4,0
20091208,1260201600000,16.43,16.68,16.1,16.580000000000002,36151,59209161.0,0.0,0,16.450000000000003,0
20091209,1260288000000,16.4,16.49,16.06,16.16,23534,38289627.00000001,0.0,0,16.58,0
20091210,1260374400000,16.38,16.48,16.16,16.45,21409,34978902.0,0.0,0,16.16,0
20091211,1260460800000,16.4,16.830000000000002,16.32,16.39,35178,58324854.00000001,0.0,0,16.45,0
20091214,1260720000000,16.36,16.39,15.82,16.2,21017,33756809.0,0.0,0,16.39,0
20091215,1260806400000,16.16,16.46,16.080000000000002,16.290000000000003,23311,37878944.0,0.0,0,16.200000000000003,0
20091216,1260892800000,16.27,16.27,15.950000000000001,15.98,19283,30986209.000000004,0.0,0,16.290000000000003,0
20091217,1260979200000,15.88,16.06,15.4,15.46,22508,35232315.0,0.0,0,15.98,0
20091218,1261065600000,15.39,15.65,15.23,15.27,18425,28405109.0,0.0,0,15.46,0
20091221,1261324800000,15.07,15.36,14.99,15.27,16463,24936605.0,0.0,0,15.27,0
20091222,1261411200000,15.31,15.32,14.4,14.57,24261,35860456.0,0.0,0,15.27,0
20091223,1261497600000,14.57,14.830000000000002,14.450000000000001,14.770000000000001,17251,25345040.999999996,0.0,0,14.57,0
20091224,1261584000000,14.86,15.3,14.67,15.22,20687,31138564.0,0.0,0,14.77,0
20091225,1261670400000,15.190000000000001,15.5,15.06,15.26,16697,25520376.0,0.0,0,15.22,0
20091228,1261929600000,15.14,15.46,15.06,15.440000000000001,23384,35771301.0,0.0,0,15.26,0
20091229,1262016000000,15.450000000000001,15.8,15.06,15.68,31834,49037360.00000001,0.0,0,15.440000000000001,0
20091230,1262102400000,15.5,15.75,15.32,15.38,17484,27017344.0,0.0,0,15.68,0
20091231,1262188800000,15.379999999999999,15.7,15.35,15.49,19423,30206966.000000004,0.0,0,15.379999999999999,0
20100104,1262534400000,15.540000000000001,15.67,15.22,15.38,20238,31107635.999999996,0.0,0,15.49,0
20100105,1262620800000,15.4,16.07,15.290000000000001,15.99,36756,57691339.0,0.0,0,15.38,0
20100106,1262707200000,15.95,16.3,15.75,15.75,32436,52044505.00000001,0.0,0,15.99,0
20100107,1262793600000,15.71,15.950000000000001,15.3,15.350000000000001,23586,36977347.0,0.0,0,15.75,0
20100108,1262880000000,15.350000000000001,15.530000000000001,15.14,15.440000000000001,16048,24636924.999999996,0.0,0,15.350000000000001,0
20100111,1263139200000,15.75,15.97,15.4,15.89,31299,49339413.0,0.0,0,15.44,0
20100112,1263225600000,16.01,16.68,15.88,16.560000000000002,63993,104645784.00000001,0.0,0,15.89,0
20100113,1263312000000,16.25,16.98,16.05,16.6,62374,104021365.0,0.0,0,16.560000000000002,0
20100114,1263398400000,16.68,16.94,16.55,16.8,54160,90789312.0,0.0,0,16.6,0
20100115,1263484800000,16.88,17.49,16.61,17.28,70904,121402090.0,0.0,0,16.8,0
20100118,1263744000000,17.200000000000003,17.430000000000003,17.01,17.270000000000003,44333,76366376.0,0.0,0,17.28,0
20100119,1263830400000,17.349999999999998,17.4,16.63,16.81,45401,76699841.0,0.0,0,17.27,0
20100120,1263916800000,16.75,16.89,16.0,16.13,37428,61700790.0,0.0,0,16.81,0
20100121,1264003200000,16.12,16.610000000000003,16.080000000000002,16.290000000000003,26944,44152684.0,0.0,0,16.130000000000003,0
20100122,1264089600000,16.03,16.25,15.3,15.790000000000001,25942,41132815.00000001,0.0,0,16.29,0
20100125,1264348800000,15.63,15.95,15.5,15.61,11061,17467758.999999996,0.0,0,15.79,0
20100126,1264435200000,15.65,15.82,15.15,15.5,21006,32700987.0,0.0,0,15.610000000000001,0
20100127,1264521600000,15.6,15.68,15.18,15.48,11023,17046232.0,0.0,0,15.5,0
20100128,1264608000000,15.55,15.920000000000002,15.280000000000001,15.860000000000001,14539,22789119.0,0.0,0,15.48,0
20100129,1264694400000,15.790000000000001,16.3,15.65,15.950000000000001,22229,35591206.0,0.0,0,15.860000000000001,0
20100201,1264953600000,15.87,15.959999999999999,15.36,15.82,16258,25444405.0,0.0,0,15.95,0
20100202,1265040000000,15.9,16.1,15.780000000000001,16.0,19042,30405237.000000004,0.0,0,15.82,0
20100203,1265126400000,16.0,16.39,15.56,16.37,25929,41597996.0,0.0,0,16.0,0
20100204,1265212800000,16.330000000000002,16.44,16.1,16.35,31799,51711731.0,0.0,0,16.37,0
20100205,1265299200000,16.11,16.34,15.6,15.889999999999999,24434,38960078.0,0.0,0,16.35,0
20100208,1265558400000,15.760000000000002,15.91,15.3,15.600000000000001,19786,30695349.0,0.0,0,15.89,0
20100209,1265644800000,15.48,15.680000000000001,15.3,15.65,15523,23999458.0,0.0,0,15.600000000000001,0
20100210,1265731200000,15.65,16.05,15.55,16.05,14787,23407041.000000004,0.0,0,15.65,0
20100211,1265817600000,16.09,16.09,15.870000000000001,15.89,8164,13033933.0,0.0,0,16.05,0
20100212,1265904000000,15.98,16.0,15.790000000000001,15.82,10080,16013964.0,0.0,0,15.89,0
20100222,1266768000000,15.81,15.93,15.65,15.77,14936,23542692.0,0.0,0,15.82,0
20100223,1266854400000,15.85,16.5,15.67,16.49,29544,47110427.0,0.0,0,15.77,0
20100224,1266940800000,16.3,16.900000000000002,16.14,16.76,38227,63478610.0,0.0,0,16.490000000000002,0
20100225,1267027200000,16.76,16.76,16.76,16.76,0,0.0,0.0,0,16.76,1
20100226,1267113600000,16.86,17.330000000000002,16.53,16.91,58357,99133211.0,0.0,0,16.76,0
20100301,1267372800000,16.95,17.0,16.79,16.8,32743,55222998.0,0.0,0,16.91,0
20100302,1267459200000,16.810000000000002,16.950000000000003,16.6,16.8,26015,43639513.99999999,0.0,0,16.8,0
20100303,1267545600000,16.799999999999997,16.93,16.65,16.79,22624,38002201.0,0.0,0,16.799999999999997,0
20100304,1267632000000,16.85,17.17,16.3,16.45,38875,65615731.0,0.0,0,16.79,0
20100305,1267718400000,16.5,16.58,16.15,16.33,17507,28636864.0,0.0,0,16.45,0
20100308,1267977600000,16.43,17.0,16.27,16.919999999999998,22200,36897986.0,0.0,0,16.33,0
20100309,1268064000000,16.87,17.1,16.69,16.700000000000003,15562,26172616.0,0.0,0,16.92,0
20100310,1268150400000,16.6,16.91,16.19,16.26,12452,20505300.0,0.0,0,16.700000000000003,0
20100311,1268236800000,16.259999999999998,16.39,16.02,16.349999999999998,10339,16779030.0,0.0,0,16.259999999999998,0
20100312,1268323200000,16.38,16.52,15.83,16.41,15304,24795233.0,0.0,0,16.35,0
20100315,1268582400000,16.26,16.3,16.01,16.3,7533,12139121.0,0.0,0,16.41,0
20100316,1268668800000,16.259999999999998,16.65,16.11,16.599999999999998,14451,23793208.0,0.0,0,16.3,0
20100317,1268755200000,16.599999999999998,16.99,16.52,16.95,25280,42481846.0,0.0,0,16.599999999999998,0
20100318,1268841600000,16.92,17.22,16.75,17.03,40464,68844792.0,0.0,0,16.95,0
20100319,1268928000000,17.03,17.12,16.77,16.99,27736,47091911.0,0.0,0,17.03,0
20100322,1269187200000,16.990000000000002,17.17,16.89,17.05,29732,50566969.0,0.0,0,16.990000000000002,0
20100323,1269273600000,17.24,17.24,16.68,16.81,20634,34701487.0,0.0,0,17.05,0
20100324,1269360000000,16.76,16.85,16.53,16.650000000000002,18471,30766340.000000004,0.0,0,16.810000000000002,0
20100325,1269446400000,16.500000000000004,16.580000000000002,16.080000000000002,16.150000000000002,33948,55036675.00000001,0.0,0,16.650000000000002,0
20100326,1269532800000,16.05,16.400000000000002,16.01,16.310000000000002,15640,25486387.000000004,0.0,0,16.150000000000002,0
20100329,1269792000000,16.32,16.42,15.96,16.3,61663,99557186.0,0.0,0,16.310000000000002,0
20100330,1269878400000,16.29,16.44,16.09,16.39,24226,39557878.0,0.0,0,16.3,0
20100331,1269964800000,16.4,16.55,16.2,16.52,27747,45550944.00000001,0.0,0,16.39,0
20100401,1270051200000,16.52,16.8,16.45,16.73,31211,51989067.0,0.0,0,16.52,0
20100402,1270137600000,16.740000000000002,17.0,16.57,16.91,34107,57204956.0,0.0,0,16.73,0
20100406,1270483200000,16.91,16.98,16.57,16.69,22420,37403682.00000001,0.0,0,16.91,0
20100407,1270569600000,16.62,16.689999999999998,16.45,16.669999999999998,18112,29967993.000000004,0.0,0,16.689999999999998,0
20100408,1270656000000,16.66,17.180000000000003,16.51,16.98,58312,99069809.0,0.0,0,16.67,0
20100409,1270742400000,16.98,17.3,16.71,17.21,51872,88639105.00000001,0.0,0,16.98,0
20100412,1271001600000,17.16,17.59,16.91,17.48,90392,155703177.00000003,0.0,0,17.21,0
20100413,1271088000000,17.44,17.69,16.67,16.840000000000003,57294,98056403.00000001,0.0,0,17.48,0
20100414,1271174400000,16.85,17.580000000000002,16.8,17.470000000000002,80284,139010934.0,0.0,0,16.84,0
20100415,1271260800000,17.470000000000002,17.470000000000002,17.470000000000002,17.470000000000002,0,0.0,0.0,0,17.470000000000002,1
20100416,1271347200000,17.11,17.11,16.4,16.799999999999997,45073,75558001.0,0.0,0,17.47,0
20100419,1271606400000,16.73,16.98,15.82,15.91,33343,54899552.0,0.0,0,16.8,0
20100420,1271692800000,15.98,16.06,15.6,16.03,24881,39337297.0,0.0,0,15.91,0
20100421,1271779200000,16.05,16.46,15.9,16.330000000000002,29242,47577049.0,0.0,0,16.03,0
20100422,1271865600000,16.3,16.58,16.02,16.49,31212,50869449.0,0.0,0,16.33,0
20100423,1271952000000,16.43,16.48,16.05,16.080000000000002,19096,31059746.0,0.0,0,16.490000000000002,0
20100426,1272211200000,16.06,16.12,15.85,15.86,20077,32001774.000000004,0.0,0,16.08,0
20100427,1272297600000,15.850000000000001,15.98,15.200000000000001,15.4,21433,33313843.000000004,0.0,0,15.860000000000001,0
20100428,1272384000000,15.410000000000002,15.410000000000002,14.950000000000001,15.100000000000001,17505,26503928.000000004,0.0,0,15.4,0
20100429,1272470400000,15.1,15.32,14.9,14.9,12679,19227957.000000004,0.0,0,15.1,0
20100430,1272556800000,14.91,14.99,14.11,14.27,17320,25050884.000000004,0.0,0,14.899999999999999,0
20100504,1272902400000,14.08,14.34,13.85,14.209999999999999,10321,14611020.000000002,0.0,0,14.27,0
20100505,1272988800000,14.03,14.66,14.02,14.639999999999999,11517,16651138.0,0.0,0,14.209999999999999,0
20100506,1273075200000,14.6,14.7,13.85,13.86,15682,22359460.999999996,0.0,0,14.64,0
20100507,1273161600000,13.58,13.86,13.0,13.2,16935,22956186.0,0.0,0,13.86,0
20100510,1273420800000,13.18,13.48,12.77,13.299999999999999,12490,16536428.0,0.0,0,13.2,0
20100511,1273507200000,13.5,13.65,12.9,12.94,12443,16478123.0,0.0,0,13.3,0
20100512,1273593600000,12.799999999999999,13.02,12.52,12.61,11346,14490799.0,0.0,0,12.94,0
20100513,1273680000000,12.610000000000001,12.97,12.530000000000001,12.950000000000001,11522,14748876.0,0.0,0,12.610000000000001,0
20100514,1273766400000,12.950000000000001,13.19,12.82,13.01,16212,21112863.0,0.0,0,12.950000000000001,0
20100517,1274025600000,12.709999999999999,12.809999999999999,11.85,11.85,14464,17962319.000000004,0.0,0,13.01,0
20100518,1274112000000,11.879999999999999,12.25,11.6,12.15,14873,17807686.0,0.0,0,11.85,0
20100519,1274198400000,12.100000000000001,12.360000000000001,11.88,12.0,10603,12848222.0,0.0,0,12.15,0
20100520,1274284800000,11.9,12.59,11.85,12.07,14105,17335083.0,0.0,0,12.0,0
20100521,1274371200000,11.8,12.4,11.66,12.370000000000001,13624,16635570.000000002,0.0,0,12.07,0
20100524,1274630400000,12.44,13.36,12.44,12.99,22155,28692884.0,0.0,0,12.37,0
20100525,1274716800000,12.950000000000001,13.08,12.64,13.020000000000001,13443,17343698.000000004,0.0,0,12.99,0
20100526,1274803200000,12.91,13.06,12.75,12.8,11880,15280291.0,0.0,0,13.02,0
20100527,1274889600000,12.82,12.97,12.58,12.9,13621,17427733.000000004,0.0,0,12.8,0
20100528,1274976000000,12.930000000000001,13.13,12.72,12.8,14670,18913747.0,0.0,0,12.9,0
20100531,1275235200000,12.8,12.8,12.8,12.8,0,0.0,0.0,0,12.8,1
20100601,1275321600000,12.32,12.5,11.8,12.14,15141,18379575.0,0.0,0,12.8,0
20100602,1275408000000,12.14,12.25,11.89,12.25,7819,9434758.0,0.0,0,12.14,0
20100603,1275494400000,12.33,12.5,12.21,12.22,14414,17804839.0,0.0,0,12.25,0
20100604,1275580800000,12.2,12.43,12.16,12.36,9125,11197621.0,0.0,0,12.22,0
20100607,1275840000000,12.15,12.33,11.91,12.32,9437,11480973.0,0.0,0,12.36,0
20100608,1275926400000,12.32,12.700000000000001,12.32,12.700000000000001,19982,25104830.0,0.0,0,12.32,0
20100609,1276012800000,12.75,13.129999999999999,12.61,13.04,29645,38236197.0,0.0,0,12.7,0
20100610,1276099200000,13.040000000000001,13.18,12.9,13.030000000000001,24913,32546971.0,0.0,0,13.040000000000001,0
20100611,1276185600000,13.1,13.15,12.66,12.85,14879,19345396.0,0.0,0,13.03,0
20100617,1276704000000,12.98,13.54,12.92,13.38,32760,43530693.00000001,0.0,0,12.85,0
20100618,1276790400000,13.379999999999999,13.4,12.68,12.75,19223,24969035.000000004,0.0,0,13.379999999999999,0
20100621,1277049600000,12.75,13.12,12.42,12.96,13255,17028062.0,0.0,0,12.75,0
20100622,1277136000000,12.95,13.18,12.84,13.1,11223,14645687.0,0.0,0,12.959999999999999,0
20100623,1277222400000,13.08,13.4,12.97,13.34,25757,34076031.0,0.0,0,13.100000000000001,0
20100624,1277308800000,13.33,13.379999999999999,13.1,13.23,11470,15176978.0,0.0,0,13.34,0
20100625,1277395200000,13.22,13.290000000000001,12.83,12.92,10971,14284103.000000002,0.0,0,13.23,0
20100628,1277654400000,12.889999999999999,12.969999999999999,12.52,12.67,9169,11658211.0,0.0,0,12.92,0
20100629,1277740800000,12.700000000000001,12.75,11.88,11.88,11214,13614934.0,0.0,0,12.670000000000002,0
20100630,1277827200000,11.87,12.1,11.5,11.85,10199,11978018.0,0.0,0,11.88,0
20100701,1277913600000,11.86,12.0,11.78,11.799999999999999,6083,7222828.0,0.0,0,11.85,0
20100702,1278000000000,11.79,11.85,11.43,11.79,8744,10173148.0,0.0,0,11.799999999999999,0
20100705,1278259200000,11.59,12.0,11.52,11.86,5058,5948650.0,0.0,0,11.79,0
20100706,1278345600000,11.89,12.17,11.89,12.100000000000001,5380,6479576.0,0.0,0,11.860000000000001,0
20100707,1278432000000,12.05,12.16,11.89,12.110000000000001,5524,6668608.0,0.0,0,12.100000000000001,0
20100708,1278518400000,12.11,12.25,12.0,12.09,4763,5769023.0,0.0,0,12.11,0
20100709,1278604800000,12.08,12.440000000000001,11.98,12.43,9796,12036766.000000002,0.0,0,12.09,0
20100712,1278864000000,12.45,12.63,12.33,12.58,9507,11876640.0,0.0,0,12.43,0
20100713,1278950400000,12.580000000000002,12.580000000000002,12.200000000000001,12.3,10222,12634843.999999998,0.0,0,12.580000000000002,0
20100714,1279036800000,12.36,12.94,12.33,12.94,26934,34307903.0,0.0,0,12.3,0
20100715,1279123200000,12.85,12.9,12.5,12.5,12795,16269132.0,0.0,0,12.94,0
20100716,1279209600000,12.49,12.620000000000001,12.23,12.39,7870,9752638.0,0.0,0,12.5,0
20100719,1279468800000,12.24,12.75,12.24,12.65,9728,12233053.0,0.0,0,12.39,0
20100720,1279555200000,12.65,12.98,12.6,12.93,16543,21250506.000000004,0.0,0,12.65,0
20100721,1279641600000,12.93,13.129999999999999,12.76,12.84,14594,18905210.0,0.0,0,12.93,0
20100722,1279728000000,12.84,12.97,12.73,12.91,13672,17597220.0,0.0,0,12.84,0
20100723,1279814400000,12.91,13.1,12.75,13.06,16834,21772641.000000004,0.0,0,12.91,0
20100726,1280073600000,13.08,13.2,12.94,13.09,13792,18012793.0,0.0,0,13.059999999999999,0
20100727,1280160000000,13.090000000000002,13.48,13.030000000000001,13.200000000000001,28901,38434906.99999999,0.0,0,13.090000000000002,0
20100728,1280246400000,13.26,13.39,13.07,13.38,23165,30757086.0,0.0,0,13.200000000000001,0
20100729,1280332800000,13.450000000000001,13.46,13.24,13.450000000000001,20324,27132567.0,0.0,0,13.38,0
20100730,1280419200000,13.35,13.44,13.08,13.290000000000001,14747,19538045.0,0.0,0,13.45,0
20100802,1280678400000,13.280000000000001,13.65,13.15,13.610000000000001,24598,33065365.000000004,0.0,0,13.290000000000001,0
20100803,1280764800000,13.600000000000001,14.100000000000001,13.540000000000001,13.870000000000001,52137,72322014.0,0.0,0,13.610000000000001,0
20100804,1280851200000,13.82,14.01,13.68,14.01,22836,31556627.000000004,0.0,0,13.87,0
20100805,1280937600000,13.95,14.370000000000001,13.91,14.3,27267,38725240.0,0.0,0,14.01,0
20100806,1281024000000,14.31,14.45,14.0,14.45,22503,32133170.0,0.0,0,14.3,0
20100809,1281283200000,14.5,14.78,14.43,14.66,44776,65297312.0,0.0,0,14.45,0
20100810,1281369600000,14.66,14.700000000000001,13.98,13.99,23663,33824731.0,0.0,0,14.66,0
20100811,1281456000000,13.950000000000001,14.16,13.8,14.030000000000001,17593,24575647.0,0.0,0,13.99,0
20100812,1281542400000,13.88,14.59,13.83,14.1,34968,49798332.00000001,0.0,0,14.03,0
20100813,1281628800000,14.090000000000002,14.200000000000001,13.700000000000001,14.14,17839,24920986.000000004,0.0,0,14.100000000000001,0
20100816,1281888000000,14.13,14.47,14.0,14.34,25411,36141179.0,0.0,0,14.14,0
20100817,1281974400000,14.34,14.54,14.25,14.36,23185,33374686.0,0.0,0,14.34,0
20100818,1282060800000,14.37,14.4,14.0,14.1,15061,21340456.0,0.0,0,14.36,0
20100819,1282147200000,14.13,14.16,13.88,13.97,17606,24651994.0,0.0,0,14.100000000000001,0
20100820,1282233600000,14.19,14.48,13.51,13.59,31017,43394548.0,0.0,0,13.97,0
20100823,1282492800000,13.63,13.760000000000002,13.530000000000001,13.63,16153,22029642.0,0.0,0,13.590000000000002,0
20100824,1282579200000,13.530000000000001,13.870000000000001,13.46,13.71,18358,25079087.000000004,0.0,0,13.63,0
20100825,1282665600000,13.85,13.9,13.68,13.73,19390,26708856.000000004,0.0,0,13.709999999999999,0
20100826,1282752000000,13.74,13.83,13.3,13.520000000000001,20997,28253607.0,0.0,0,13.73,0
20100827,1282838400000,13.46,13.840000000000002,13.450000000000001,13.8,19185,26122897.0,0.0,0,13.520000000000001,0
20100830,1283097600000,14.07,14.3,13.9,14.21,37741,53350925.00000001,0.0,0,13.8,0
20100831,1283184000000,14.22,14.28,14.0,14.17,21584,30455787.0,0.0,0,14.21,0
20100901,1283270400000,14.209999999999999,14.299999999999999,13.85,14.0,24930,35035474.0,0.0,0,14.17,0
20100902,1283356800000,14.120000000000001,14.5,13.98,14.4,42872,61427511.0,0.0,0,14.0,0
20100903,1283443200000,14.48,14.48,14.1,14.29,23674,33817781.0,0.0,0,14.4,0
20100906,1283702400000,14.3,14.610000000000001,14.15,14.31,24793,35537824.0,0.0,0,14.290000000000001,0
20100907,1283788800000,14.3,14.44,14.17,14.34,14719,21000690.0,0.0,0,14.31,0
20100908,1283875200000,14.340000000000002,14.700000000000001,14.280000000000001,14.57,49289,71880578.99999999,0.0,0,14.340000000000002,0
20100909,1283961600000,14.57,14.830000000000002,14.280000000000001,14.38,41838,61011691.0,0.0,0,14.57,0
20100910,1284048000000,14.4,14.4,13.9,14.040000000000001,40239,56689139.99999999,0.0,0,14.38,0
20100913,1284307200000,14.11,14.3,14.08,14.26,22947,32596074.0,0.0,0,14.040000000000001,0
20100914,1284393600000,14.26,14.55,14.23,14.49,31122,44990532.0,0.0,0,14.26,0
20100915,1284480000000,14.450000000000001,15.09,14.4,14.8,63337,93900875.0,0.0,0,14.49,0
20100916,1284566400000,14.8,14.870000000000001,14.15,14.44,43092,61849049.00000001,0.0,0,14.8,0
20100917,1284652800000,14.38,15.4,14.24,15.17,78680,118016308.00000001,0.0,0,14.44,0
20100920,1284912000000,15.02,15.58,14.85,15.25,59649,90905654.0,0.0,0,15.17,0
20100921,1284998400000,15.25,15.25,14.56,14.72,30568,45401501.0,0.0,0,15.25,0
20100927,1285516800000,14.71,15.05,14.450000000000001,15.030000000000001,25640,37838704.0,0.0,0,14.72,0
20100928,1285603200000,15.05,15.07,14.72,14.99,20594,30689431.0,0.0,0,15.030000000000001,0
20100929,1285689600000,14.940000000000001,15.02,14.4,14.4,22171,32578520.0,0.0,0,14.99,0
20100930,1285776000000,14.330000000000002,14.330000000000002,13.950000000000001,14.21,23418,33159192.0,0.0,0,14.4,0
20101008,1286467200000,14.21,14.530000000000001,14.21,14.5,24199,34848325.0,0.0,0,14.21,0
20101011,1286726400000,14.510000000000002,14.63,14.370000000000001,14.520000000000001,35901,51971061.0,0.0,0,14.500000000000002,0
20101012,1286812800000,14.600000000000001,15.21,14.46,15.0,44875,66805032.0,0.0,0,14.520000000000001,0
20101013,1286899200000,15.21,15.49,14.55,15.08,52014,78056956.0,0.0,0,15.0,0
20101014,1286985600000,15.120000000000001,15.200000000000001,14.3,14.32,29954,43957249.0,0.0,0,15.08,0
20101015,1287072000000,14.209999999999999,14.46,13.92,13.959999999999999,34277,48341661.0,0.0,0,14.32,0
20101018,1287331200000,13.9,13.940000000000001,13.22,13.26,39386,52722945.0,0.0,0,13.96,0
20101019,1287417600000,13.35,13.78,13.35,13.78,27450,37379354.0,0.0,0,13.26,0
20101020,1287504000000,13.6,14.03,13.5,13.91,21624,29977706.0,0.0,0,13.78,0
20101021,1287590400000,13.88,14.19,13.82,14.13,17301,24292665.999999996,0.0,0,13.91,0
20101022,1287676800000,14.100000000000001,14.16,13.96,14.110000000000001,16448,23153064.0,0.0,0,14.13,0
20101025,1287936000000,14.15,14.41,14.15,14.33,30339,43389207.0,0.0,0,14.110000000000001,0
20101026,1288022400000,14.35,14.389999999999999,14.1,14.25,24693,35078404.0,0.0,0,14.33,0
20101027,1288108800000,14.26,14.469999999999999,14.11,14.129999999999999,37423,53668902.00000001,0.0,0,14.25,0
20101028,1288195200000,14.01,14.280000000000001,13.9,14.05,21980,30886632.0,0.0,0,14.13,0
20101029,1288281600000,14.05,14.4,13.96,14.33,34232,48630132.99999999,0.0,0,14.05,0
20101101,1288540800000,14.39,14.89,14.200000000000001,14.780000000000001,47140,69286709.0,0.0,0,14.330000000000002,0
20101102,1288627200000,14.9,15.540000000000001,14.9,14.94,73014,110952647.99999999,0.0,0,14.780000000000001,0
20101103,1288713600000,15.0,15.15,14.39,14.42,36146,53070280.0,0.0,0,14.940000000000001,0
20101104,1288800000000,14.39,14.860000000000001,14.38,14.790000000000001,32204,47207671.0,0.0,0,14.42,0
20101105,1288886400000,14.8,14.87,14.59,14.7,36157,53104193.0,0.0,0,14.79,0
20101108,1289145600000,14.72,15.040000000000001,14.530000000000001,14.930000000000001,71035,105322126.0,0.0,0,14.700000000000001,0
20101109,1289232000000,15.07,15.370000000000001,14.98,15.22,83033,126109944.00000001,0.0,0,14.93,0
20101110,1289318400000,15.33,15.379999999999999,15.1,15.31,48686,74288720.00000001,0.0,0,15.219999999999999,0
20101111,1289404800000,15.25,15.67,15.17,15.25,70978,109956001.99999999,0.0,0,15.31,0
20101112,1289491200000,15.13,15.200000000000001,13.950000000000001,14.200000000000001,69890,102265169.0,0.0,0,15.250000000000002,0
20101115,1289750400000,14.200000000000001,14.200000000000001,14.200000000000001,14.200000000000001,0,0.0,0.0,0,14.200000000000001,1
20101116,1289836800000,14.59,14.799999999999999,13.86,14.309999999999999,61386,88848638.0,0.0,0,14.2,0
20101117,1289923200000,14.180000000000001,14.49,13.870000000000001,13.89,24990,35415065.00000001,0.0,0,14.31,0
20101118,1290009600000,14.0,14.17,13.8,14.07,13407,18756153.0,0.0,0,13.89,0
20101119,1290096000000,14.120000000000001,14.59,14.07,14.52,24024,34454261.0,0.0,0,14.07,0
20101122,1290355200000,14.379999999999999,15.43,14.35,15.12,54634,82038331.0,0.0,0,14.52,0
20101123,1290441600000,15.12,15.2,14.76,15.18,37917,56960484.00000001,0.0,0,15.12,0
20101124,1290528000000,15.180000000000001,15.600000000000001,15.05,15.41,49725,76338650.0,0.0,0,15.180000000000001,0
20101125,1290614400000,15.450000000000001,15.55,15.120000000000001,15.22,37307,57061322.0,0.0,0,15.41,0
20101126,1290700800000,15.299999999999999,15.37,14.93,15.08,26348,39891909.0,0.0,0,15.219999999999999,0
20101129,1290960000000,15.170000000000002,15.990000000000002,15.030000000000001,15.73,66929,103867703.0,0.0,0,15.080000000000002,0
20101130,1291046400000,15.67,15.86,14.83,15.4,66625,102633606.0,0.0,0,15.73,0
20101201,1291132800000,15.4,15.4,15.4,15.4,0,0.0,0.0,0,15.4,1
20101202,1291219200000,16.94,16.94,16.94,16.94,38273,64835037.0,0.0,0,15.400000000000002,0
20101203,1291305600000,18.62,18.62,17.78,18.380000000000003,394306,719910117.0,0.0,0,16.94,0
20101206,1291564800000,18.7,19.3,17.8,17.88,219423,405810775.0,0.0,0,18.38,0
20101207,1291651200000,17.71,18.29,17.46,18.0,144777,258969410.0,0.0,0,17.880000000000003,0
20101208,1291737600000,18.0,18.0,18.0,18.0,0,0.0,0.0,0,18.0,1
20101209,1291824000000,17.5,19.29,17.32,18.75,170632,313196097.0,0.0,0,18.0,0
20101210,1291910400000,18.39,19.799999999999997,18.38,19.279999999999998,164167,315408691.00000006,0.0,0,18.75,0
20101213,1292169600000,19.310000000000002,20.090000000000003,18.92,20.0,142847,281541550.0,0.0,0,19.28,0
20101214,1292256000000,19.89,20.05,19.48,19.84,93203,184079408.0,0.0,0,20.0,0
20101215,1292342400000,19.830000000000002,20.5,18.85,18.96,135964,266344180.0,0.0,0,19.84,0
20101216,1292428800000,18.91,19.39,18.6,18.82,92717,176285572.0,0.0,0,18.96,0
20101217,1292515200000,18.9,19.29,18.52,19.15,66264,125062299.0,0.0,0,18.82,0
20101220,1292774400000,19.150000000000002,19.28,18.580000000000002,19.090000000000003,70379,133560468.99999999,0.0,0,19.150000000000002,0
20101221,1292860800000,19.05,19.48,19.05,19.18,49493,95211232.0,0.0,0,19.09,0
20101222,1292947200000,19.22,19.22,18.18,18.47,81492,151822937.0,0.0,0,19.18,0
20101223,1293033600000,18.400000000000002,18.67,17.96,18.02,37568,68810931.0,0.0,0,18.470000000000002,0
20101224,1293120000000,18.01,18.35,17.8,18.310000000000002,39622,71740464.0,0.0,0,18.02,0
20101227,1293379200000,18.4,18.56,16.97,17.14,52969,94798924.00000001,0.0,0,18.31,0
20101228,1293465600000,16.96,17.44,16.8,17.28,56677,97338915.0,0.0,0,17.14,0
20101229,1293552000000,17.290000000000003,17.5,17.12,17.48,27872,48267430.00000001,0.0,0,17.28,0
20101230,1293638400000,17.45,18.16,17.2,18.04,40149,71386840.0,0.0,0,17.48,0
20101231,1293724800000,17.9,18.33,17.88,18.189999999999998,28140,51124229.0,0.0,0,18.04,0
20110104,1294070400000,18.1,18.85,18.1,18.700000000000003,33079,61390230.00000001,0.0,0,18.19,0
20110105,1294156800000,18.560000000000002,19.200000000000003,18.51,19.1,43820,83360963.0,0.0,0,18.700000000000003,0
20110106,1294243200000,19.110000000000003,19.400000000000002,18.740000000000002,18.740000000000002,41156,78340443.0,0.0,0,19.1,0
20110107,1294329600000,18.7,19.48,18.68,19.32,40686,78208830.0,0.0,0,18.74,0
20110110,1294588800000,19.31,19.6,18.5,18.56,23072,43801245.0,0.0,0,19.32,0
20110111,1294675200000,18.89,19.36,18.52,18.82,25633,48518065.0,0.0,0,18.56,0
20110112,1294761600000,19.080000000000002,19.27,18.82,19.21,28568,54504032.00000001,0.0,0,18.82,0
20110113,1294848000000,19.59,19.779999999999998,19.22,19.4,38926,75938718.0,0.0,0,19.209999999999997,0
20110114,1294934400000,19.4,19.5,18.2,18.21,42430,78803588.0,0.0,0,19.4,0
20110117,1295193600000,18.23,18.35,17.18,17.3,31446,55348106.99999999,0.0,0,18.21,0
20110118,1295280000000,17.35,17.9,17.18,17.61,18097,31763713.0,0.0,0,17.3,0
20110119,1295366400000,17.6,17.95,17.3,17.85,17455,30978075.000000004,0.0,0,17.61,0
20110120,1295452800000,18.06,18.06,17.31,17.5,19146,33981167.0,0.0,0,17.849999999999998,0
20110121,1295539200000,17.53,18.880000000000003,17.53,18.5,46831,85619032.0,0.0,0,17.5,0
20110124,1295798400000,18.950000000000003,19.490000000000002,18.67,18.950000000000003,51229,98019321.0,0.0,0,18.5,0
20110125,1295884800000,18.630000000000003,18.900000000000002,17.55,18.150000000000002,35437,63881456.00000001,0.0,0,18.95,0
20110126,1295971200000,18.11,18.97,17.98,18.490000000000002,27576,51020076.0,0.0,0,18.150000000000002,0
20110127,1296057600000,18.919999999999998,18.919999999999998,17.56,18.599999999999998,51200,92612933.0,0.0,0,18.49,0
20110128,1296144000000,18.41,18.75,18.02,18.599999999999998,31208,57293951.99999999,0.0,0,18.599999999999998,0
20110131,1296403200000,18.36,19.25,18.36,19.189999999999998,45109,85025441.0,0.0,0,18.599999999999998,0
20110201,1296489600000,19.189999999999998,19.48,18.86,19.11,42974,82607200.0,0.0,0,19.189999999999998,0
20110209,1297180800000,18.880000000000003,19.46,18.830000000000002,18.89,33422,64097699.00000001,0.0,0,19.110000000000003,0
20110210,1297267200000,18.85,20.78,18.67,20.78,119238,239914188.00000003,0.0,0,18.89,0
20110211,1297353600000,20.88,21.169999999999998,20.43,20.88,100920,210340913.00000003,0.0,0,20.78,0
20110214,1297612800000,21.18,21.990000000000002,20.48,20.740000000000002,107588,226421123.00000003,0.0,0,20.88,0
20110215,1297699200000,20.63,21.26,20.5,21.25,80319,167341458.0,0.0,0,20.74,0
20110216,1297785600000,20.81,21.89,20.81,21.61,82341,176941672.99999997,0.0,0,21.25,0
20110217,1297872000000,21.96,21.96,20.67,21.020000000000003,71347,150640525.0,0.0,0,21.610000000000003,0
20110218,1297958400000,20.900000000000002,20.95,20.3,20.35,47298,96917578.0,0.0,0,21.02,0
20110221,1298217600000,20.35,21.43,20.3,21.35,58424,122520123.0,0.0,0,20.35,0
20110222,1298304000000,21.47,21.85,20.3,20.45,54160,112267890.0,0.0,0,21.35,0
20110223,1298390400000,20.490000000000002,20.6,19.85,20.12,60973,122668808.0,0.0,0,20.450000000000003,0
20110224,1298476800000,20.0,20.68,19.91,20.45,37867,77558536.0,0.0,0,20.12,0
20110225,1298563200000,20.5,20.5,19.7,20.099999999999998,41530,82923890.00000001,0.0,0,20.45,0
20110228,1298822400000,20.11,20.42,19.8,20.39,46368,93536257.0,0.0,0,20.1,0
20110301,1298908800000,20.380000000000003,20.98,20.1,20.950000000000003,67322,139133352.0,0.0,0,20.39,0
20110302,1298995200000,20.79,21.36,20.2,20.48,60958,125715616.00000001,0.0,0,20.95,0
20110303,1299081600000,20.4,20.6,19.66,19.69,42282,85021341.0,0.0,0,20.48,0
20110304,1299168000000,19.669999999999998,19.98,19.47,19.799999999999997,30480,60020969.0,0.0,0,19.689999999999998,0
20110307,1299427200000,19.849999999999998,20.099999999999998,19.38,19.919999999999998,58678,115297834.99999999,0.0,0,19.8,0
20110308,1299513600000,19.92,19.96,19.6,19.71,26855,52947913.0,0.0,0,19.92,0
20110309,1299600000000,19.82,20.4,19.7,20.099999999999998,48934,98021787.0,0.0,0,19.71,0
20110310,1299686400000,20.189999999999998,20.38,19.7,19.8,30388,60651839.0,0.0,0,20.099999999999998,0
20110311,1299772800000,19.580000000000002,19.990000000000002,19.55,19.66,23677,46800831.0,0.0,0,19.8,0
20110314,1300032000000,19.5,19.95,19.31,19.919999999999998,27466,53860679.0,0.0,0,19.66,0
20110315,1300118400000,19.919999999999998,20.25,19.43,19.55,46681,92318424.0,0.0,0,19.919999999999998,0
20110316,1300204800000,19.42,19.78,19.42,19.75,32726,64271293.0,0.0,0,19.55,0
20110317,1300291200000,19.52,19.97,19.5,19.56,30981,61064401.0,0.0,0,19.75,0
20110318,1300377600000,19.56,19.56,19.56,19.56,0,0.0,0.0,0,19.56,1
20110321,1300636800000,19.8,20.4,19.68,20.07,61225,122877475.0,0.0,0,19.56,0
20110322,1300723200000,20.119999999999997,20.14,19.54,19.73,26405,52174350.00000001,0.0,0,20.07,0
20110323,1300809600000,19.65,19.95,19.61,19.919999999999998,23740,47058057.0,0.0,0,19.73,0
20110324,1300896000000,19.86,19.900000000000002,18.3,18.400000000000002,129878,245744964.99999997,0.0,0,19.92,0
20110325,1300982400000,18.33,18.33,17.81,18.0,107043,192777356.0,0.0,0,18.4,0
20110328,1301241600000,18.0,18.06,17.5,17.6,75778,134189631.0,0.0,0,18.0,0
20110329,1301328000000,17.68,17.78,17.0,17.3,69103,121041801.0,0.0,0,17.6,0
20110330,1301414400000,17.48,17.48,17.080000000000002,17.41,38356,66348619.0,0.0,0,17.3,0
20110331,1301500800000,17.49,17.97,17.45,17.7,64285,114095974.0,0.0,0,17.41,0
20110401,1301587200000,17.759999999999998,17.759999999999998,17.27,17.63,30790,53759809.00000001,0.0,0,17.7,0
20110406,1302019200000,17.47,17.56,17.25,17.38,25649,44495429.0,0.0,0,17.63,0
20110407,1302105600000,13.55,13.73,13.46,13.55,38662,52434324.0,0.0,0,13.370000000000001,0
20110408,1302192000000,13.500000000000002,13.72,13.450000000000001,13.65,41057,55938971.0,0.0,0,13.55,0
20110411,1302451200000,13.73,13.74,13.32,13.36,40400,54444500.0,0.0,0,13.65,0
20110412,1302537600000,13.299999999999999,13.44,13.18,13.2,30675,40776808.0,0.0,0,13.36,0
20110413,1302624000000,13.2,13.2,13.2,13.2,0,0.0,0.0,0,13.2,1
20110414,1302710400000,13.32,13.520000000000001,13.280000000000001,13.3,47988,64423921.0,0.0,0,13.200000000000001,0
20110415,1302796800000,13.27,13.459999999999999,13.27,13.459999999999999,28291,37818664.0,0.0,0,13.299999999999999,0
20110418,1303056000000,13.42,13.53,13.17,13.25,49008,65374401.0,0.0,0,13.459999999999999,0
20110419,1303142400000,13.21,13.21,12.55,12.66,61791,78925328.0,0.0,0,13.25,0
20110420,1303228800000,12.6,12.889999999999999,12.6,12.82,33635,43013995.0,0.0,0,12.66,0
20110421,1303315200000,12.91,12.930000000000001,12.71,12.83,37591,48106517.0,0.0,0,12.82,0
20110422,1303401600000,12.82,12.82,12.64,12.68,31959,40624539.0,0.0,0,12.83,0
20110425,1303660800000,12.700000000000001,12.950000000000001,12.700000000000001,12.780000000000001,39006,49972018.0,0.0,0,12.680000000000001,0
20110426,1303747200000,12.959999999999999,13.08,12.67,12.79,36292,46575864.00000001,0.0,0,12.78,0
20110427,1303833600000,12.809999999999999,13.059999999999999,12.77,13.0,44708,57769741.0,0.0,0,12.79,0
20110428,1303920000000,13.07,13.270000000000001,12.700000000000001,12.700000000000001,51686,67156826.0,0.0,0,13.000000000000002,0
20110429,1304006400000,12.71,12.780000000000001,12.4,12.700000000000001,27250,34286510.0,0.0,0,12.700000000000001,0
20110503,1304352000000,12.700000000000001,12.98,12.700000000000001,12.9,31281,40150150.0,0.0,0,12.700000000000001,0
20110504,1304438400000,12.9,12.9,12.5,12.5,29782,37778675.0,0.0,0,12.9,0
20110505,1304524800000,12.41,12.65,12.41,12.49,34355,42991347.0,0.0,0,12.5,0
20110506,1304611200000,12.41,12.72,12.41,12.63,25386,31978586.000000004,0.0,0,12.49,0
20110509,1304870400000,12.61,12.83,12.6,12.7,23564,29954107.000000004,0.0,0,12.629999999999999,0
20110510,1304956800000,12.649999999999999,12.82,12.61,12.82,23751,30231683.0,0.0,0,12.7,0
20110511,1305043200000,12.830000000000002,12.870000000000001,12.700000000000001,12.8,26492,33878004.0,0.0,0,12.82,0
20110512,1305129600000,12.770000000000001,12.8,12.450000000000001,12.46,36970,46722973.99999999,0.0,0,12.8,0
20110513,1305216000000,12.47,12.57,12.13,12.350000000000001,37507,46233612.0,0.0,0,12.46,0
20110516,1305475200000,12.35,12.450000000000001,12.24,12.36,25859,31861156.000000004,0.0,0,12.35,0
20110517,1305561600000,12.370000000000001,12.780000000000001,12.200000000000001,12.65,44379,55428166.0,0.0,0,12.360000000000001,0
20110518,1305648000000,12.64,12.77,12.51,12.66,40717,51645210.0,0.0,0,12.65,0
20110519,1305734400000,12.73,12.73,12.450000000000001,12.450000000000001,28627,35946599.99999999,0.0,0,12.660000000000002,0
20110520,1305820800000,12.450000000000001,12.55,12.38,12.42,17764,22133409.000000004,0.0,0,12.450000000000001,0
20110523,1306080000000,12.42,12.42,12.42,12.42,0,0.0,0.0,0,12.42,1
20110524,1306166400000,11.81,11.82,11.18,11.53,75877,86708115.0,0.0,0,12.42,0
20110525,1306252800000,11.450000000000001,11.97,11.3,11.81,70420,82750834.0,0.0,0,11.530000000000001,0
20110526,1306339200000,11.9,11.96,11.540000000000001,11.66,67072,78903136.0,0.0,0,11.81,0
20110527,1306425600000,11.53,11.67,11.0,11.03,47870,53374572.0,0.0,0,11.66,0
20110530,1306684800000,10.9,11.15,10.73,10.77,26317,28769919.0,0.0,0,11.030000000000001,0
20110531,1306771200000,10.87,11.12,10.78,11.08,24123,26357457.000000004,0.0,0,10.77,0
20110601,1306857600000,11.08,11.28,11.01,11.26,24714,27509718.000000004,0.0,0,11.08,0
20110602,1306944000000,11.15,11.15,10.77,11.0,26146,28711831.999999996,0.0,0,11.26,0
20110603,1307030400000,11.03,11.35,11.0,11.29,30162,33853043.0,0.0,0,11.0,0
20110607,1307376000000,11.25,11.43,11.18,11.33,20478,23230315.0,0.0,0,11.29,0
20110608,1307462400000,11.309999999999999,11.34,11.11,11.29,20612,23135707.0,0.0,0,11.33,0
20110609,1307548800000,11.290000000000001,11.31,10.98,11.0,20321,22631883.0,0.0,0,11.290000000000001,0
20110610,1307635200000,11.040000000000001,11.110000000000001,10.8,11.06,19047,20795957.0,0.0,0,11.0,0
20110613,1307894400000,10.979999999999999,11.069999999999999,10.78,10.99,13092,14310204.000000002,0.0,0,11.059999999999999,0
20110614,1307980800000,11.02,11.370000000000001,10.98,11.280000000000001,32803,36925228.00000001,0.0,0,10.99,0
20110615,1308067200000,11.280000000000001,11.280000000000001,11.280000000000001,11.280000000000001,0,0.0,0.0,0,11.280000000000001,1
20110616,1308153600000,11.100000000000001,11.450000000000001,10.950000000000001,11.280000000000001,34795,39202354.0,0.0,0,11.280000000000001,0
20110617,1308240000000,11.280000000000001,11.47,11.120000000000001,11.170000000000002,24221,27434749.0,0.0,0,11.280000000000001,0
20110620,1308499200000,11.18,11.34,11.06,11.280000000000001,31700,35622715.0,0.0,0,11.17,0
20110621,1308585600000,11.22,11.73,11.22,11.67,66430,76886118.00000001,0.0,0,11.280000000000001,0
20110622,1308672000000,11.620000000000001,11.74,11.450000000000001,11.520000000000001,34082,39415698.0,0.0,0,11.670000000000002,0
20110623,1308758400000,11.510000000000002,12.16,11.46,12.08,68401,81159064.0,0.0,0,11.520000000000001,0
20110624,1308844800000,12.02,12.28,11.91,12.14,67396,81768893.00000001,0.0,0,12.08,0
20110627,1309104000000,12.07,12.64,12.07,12.52,77770,96629526.0,0.0,0,12.14,0
20110628,1309190400000,12.44,12.56,12.34,12.48,36421,45362680.0,0.0,0,12.52,0
20110629,1309276800000,12.46,12.47,12.07,12.08,41002,50286748.0,0.0,0,12.48,0
20110630,1309363200000,12.23,12.44,12.09,12.35,29971,36911045.0,0.0,0,12.08,0
20110701,1309449600000,12.38,12.770000000000001,12.38,12.58,45947,58073251.0,0.0,0,12.350000000000001,0
20110704,1309708800000,12.64,12.870000000000001,12.64,12.83,50277,64263666.0,0.0,0,12.58,0
20110705,1309795200000,12.84,12.87,12.68,12.77,31824,40546065.0,0.0,0,12.83,0
20110706,1309881600000,12.75,13.19,12.66,13.19,71859,93115436.0,0.0,0,12.77,0
20110707,1309968000000,13.18,13.43,13.08,13.22,80806,107276794.0,0.0,0,13.19,0
20110708,1310054400000,13.209999999999999,13.4,12.85,13.04,67032,87984198.00000001,0.0,0,13.219999999999999,0
20110711,1310313600000,12.930000000000001,13.16,12.88,13.0,72142,93902556.0,0.0,0,13.040000000000001,0
20110712,1310400000000,13.06,13.4,13.05,13.110000000000001,80725,106844053.0,0.0,0,13.0,0
20110713,1310486400000,13.1,13.879999999999999,13.1,13.74,117762,159776383.0,0.0,0,13.11,0
20110714,1310572800000,13.75,14.07,13.63,13.99,108264,150424856.0,0.0,0,13.74,0
20110715,1310659200000,14.0,14.1,13.82,14.0,68975,96297544.0,0.0,0,13.99,0
20110718,1310918400000,14.180000000000001,14.450000000000001,14.05,14.370000000000001,92380,132182180.00000001,0.0,0,14.0,0
20110719,1311004800000,14.29,14.33,13.93,14.03,62257,87877830.00000001,0.0,0,14.37,0
20110720,1311091200000,14.15,14.3,13.72,13.850000000000001,72280,100344391.00000001,0.0,0,14.030000000000001,0
20110721,1311177600000,13.850000000000001,13.9,13.46,13.620000000000001,53591,72842720.99999999,0.0,0,13.850000000000001,0
20110722,1311264000000,13.62,13.98,13.58,13.88,52784,72827649.00000001,0.0,0,13.62,0
20110725,1311523200000,13.799999999999999,13.809999999999999,12.86,13.0,75506,100307712.00000001,0.0,0,13.879999999999999,0
20110726,1311609600000,13.0,13.219999999999999,12.61,13.18,40005,51966170.0,0.0,0,13.0,0
20110727,1311696000000,13.02,13.37,12.92,13.27,39970,52717077.0,0.0,0,13.18,0
20110728,1311782400000,13.27,13.27,13.27,13.27,0,0.0,0.0,0,13.27,1
20110729,1311868800000,13.52,14.31,13.5,14.03,164374,229761150.0,0.0,0,13.27,0
20110801,1312128000000,13.860000000000001,14.25,13.71,14.23,81842,114949216.0,0.0,0,14.030000000000001,0
20110802,1312214400000,14.1,14.23,13.75,14.16,59219,82775331.00000001,0.0,0,14.23,0
20110803,1312300800000,13.860000000000001,14.43,13.81,14.3,86097,122509283.00000001,0.0,0,14.16,0
20110804,1312387200000,14.3,14.44,13.92,13.97,71049,100402971.0,0.0,0,14.3,0
20110805,1312473600000,13.46,13.8,13.290000000000001,13.58,54601,74157367.0,0.0,0,13.97,0
20110808,1312732800000,13.22,13.4,12.530000000000001,13.040000000000001,83292,108231247.00000001,0.0,0,13.580000000000002,0
20110809,1312819200000,12.620000000000001,13.35,12.48,13.1,56654,73348243.99999999,0.0,0,13.040000000000001,0
20110810,1312905600000,13.3,13.58,13.22,13.25,52458,70192780.0,0.0,0,13.100000000000001,0
20110811,1312992000000,13.15,13.63,12.8,13.610000000000001,62879,84127294.99999999,0.0,0,13.25,0
20110812,1313078400000,13.75,13.92,13.48,13.620000000000001,63294,86576125.00000001,0.0,0,13.610000000000001,0
20110815,1313337600000,13.62,13.86,13.5,13.83,54917,75439730.99999999,0.0,0,13.62,0
20110816,1313424000000,13.8,14.0,13.5,13.6,67653,92789058.99999999,0.0,0,13.83,0
20110817,1313510400000,13.520000000000001,13.590000000000002,13.200000000000001,13.38,39922,53399053.00000001,0.0,0,13.600000000000001,0
20110818,1313596800000,13.360000000000001,13.47,13.040000000000001,13.180000000000001,49831,65760842.0,0.0,0,13.38,0
20110819,1313683200000,12.89,13.270000000000001,12.81,13.21,26338,34380971.0,0.0,0,13.18,0
20110822,1313942400000,13.200000000000001,13.290000000000001,12.97,13.180000000000001,35721,46852697.0,0.0,0,13.21,0
20110823,1314028800000,13.24,13.4,13.1,13.34,26862,35661140.0,0.0,0,13.18,0
20110824,1314115200000,13.46,13.670000000000002,13.370000000000001,13.520000000000001,66564,90113120.0,0.0,0,13.340000000000002,0
20110825,1314201600000,13.63,13.770000000000001,13.450000000000001,13.700000000000001,44208,60273701.0,0.0,0,13.520000000000001,0
20110826,1314288000000,13.700000000000001,13.98,13.65,13.94,79897,110793637.0,0.0,0,13.700000000000001,0
20110829,1314547200000,13.9,13.9,13.6,13.6,57023,78254603.0,0.0,0,13.94,0
20110830,1314633600000,13.75,14.25,13.73,13.85,123240,173013570.00000003,0.0,0,13.6,0
20110831,1314720000000,13.889999999999999,14.26,13.86,14.24,117979,166549079.0,0.0,0,13.85,0
20110901,1314806400000,14.32,14.32,13.89,14.08,81047,113936188.00000001,0.0,0,14.24,0
20110902,1314892800000,14.040000000000001,14.17,13.65,13.96,52455,72962118.0,0.0,0,14.08,0
20110905,1315152000000,13.85,14.01,13.61,13.84,39842,55071663.0,0.0,0,13.959999999999999,0
20110906,1315238400000,13.68,13.879999999999999,13.18,13.299999999999999,54724,73463297.00000001,0.0,0,13.84,0
20110907,1315324800000,13.36,13.75,13.36,13.709999999999999,36496,49486490.99999999,0.0,0,13.299999999999999,0
20110908,1315411200000,13.719999999999999,13.83,13.35,13.42,41213,56034592.0,0.0,0,13.709999999999999,0
20110909,1315497600000,13.36,13.639999999999999,13.36,13.43,26271,35420427.99999999,0.0,0,13.42,0
20110913,1315843200000,13.41,13.41,13.0,13.16,25122,33049511.0,0.0,0,13.43,0
20110914,1315929600000,13.24,13.379999999999999,13.1,13.36,17543,23249762.000000004,0.0,0,13.16,0
20110915,1316016000000,13.42,13.75,13.36,13.6,36373,49490143.0,0.0,0,13.36,0
20110916,1316102400000,13.66,13.8,13.5,13.57,29867,40938902.0,0.0,0,13.6,0
20110919,1316361600000,13.41,13.47,13.08,13.14,22734,29995078.0,0.0,0,13.57,0
20110920,1316448000000,13.1,13.270000000000001,12.81,12.97,36291,47204804.0,0.0,0,13.14,0
20110921,1316534400000,13.040000000000001,13.55,12.9,13.47,38697,51462764.00000001,0.0,0,12.97,0
20110922,1316620800000,13.34,13.41,13.0,13.01,33340,44125414.00000001,0.0,0,13.47,0
20110923,1316707200000,12.879999999999999,12.93,12.68,12.82,44375,56803381.0,0.0,0,13.01,0
20110926,1316966400000,12.78,12.91,12.68,12.69,18011,23058902.000000004,0.0,0,12.82,0
20110927,1317052800000,12.8,12.92,12.58,12.66,33978,43157268.0,0.0,0,12.69,0
20110928,1317139200000,12.77,12.89,12.01,12.36,30728,38847964.00000001,0.0,0,12.66,0
20110929,1317225600000,12.3,12.39,12.05,12.08,18722,22732718.0,0.0,0,12.360000000000001,0
20110930,1317312000000,12.13,12.360000000000001,12.05,12.08,14502,17669820.000000004,0.0,0,12.08,0
20111010,1318176000000,12.100000000000001,12.270000000000001,11.950000000000001,11.950000000000001,15280,18425271.000000004,0.0,0,12.080000000000002,0
20111011,1318262400000,12.33,12.4,11.91,12.1,22951,27815467.0,0.0,0,11.95,0
20111012,1318348800000,12.1,12.72,11.99,12.68,36099,45070726.0,0.0,0,12.1,0
20111013,1318435200000,12.65,13.05,12.57,13.030000000000001,52288,67558365.0,0.0,0,12.68,0
20111014,1318521600000,13.0,13.15,12.92,13.13,58368,76089113.0,0.0,0,13.03,0
20111017,1318780800000,13.100000000000001,13.25,12.96,13.21,31910,41862525.00000001,0.0,0,13.13,0
20111018,1318867200000,13.06,13.200000000000001,12.8,12.83,32583,42267912.99999999,0.0,0,13.21,0
20111019,1318953600000,12.850000000000001,12.96,12.620000000000001,12.850000000000001,17569,22478119.0,0.0,0,12.830000000000002,0
20111020,1319040000000,12.709999999999999,12.79,12.26,12.549999999999999,22648,28229275.0,0.0,0,12.85,0
20111021,1319126400000,12.48,12.610000000000001,12.3,12.49,11266,14040600.0,0.0,0,12.55,0
20111024,1319385600000,12.44,12.9,12.33,12.85,25446,32314778.000000004,0.0,0,12.49,0
20111025,1319472000000,12.82,13.46,12.72,13.370000000000001,56670,74956797.00000001,0.0,0,12.850000000000001,0
20111026,1319558400000,13.280000000000001,13.58,13.22,13.34,51386,68957851.0,0.0,0,13.370000000000001,0
20111027,1319644800000,13.350000000000001,13.42,13.22,13.360000000000001,31942,42556198.0,0.0,0,13.34,0
20111028,1319731200000,13.51,13.729999999999999,13.36,13.649999999999999,60703,82562680.0,0.0,0,13.36,0
20111031,1319990400000,13.66,13.9,13.6,13.82,42698,58658356.00000001,0.0,0,13.65,0
20111101,1320076800000,13.850000000000001,13.850000000000001,13.55,13.75,43835,60094436.0,0.0,0,13.82,0
20111102,1320163200000,13.42,14.37,13.42,14.23,73784,102814118.0,0.0,0,13.75,0
20111103,1320249600000,14.39,14.86,14.25,14.41,93946,137048300.0,0.0,0,14.23,0
20111104,1320336000000,14.600000000000001,14.65,14.21,14.350000000000001,51147,73978243.0,0.0,0,14.41,0
20111107,1320595200000,14.25,14.47,14.01,14.28,40996,58216259.00000001,0.0,0,14.35,0
20111108,1320681600000,14.22,14.3,13.97,14.0,34688,49013074.0,0.0,0,14.280000000000001,0
20111109,1320768000000,14.09,14.31,13.9,14.31,39571,55889636.00000001,0.0,0,14.0,0
20111110,1320854400000,14.14,14.370000000000001,13.98,13.98,35780,50827056.0,0.0,0,14.31,0
20111111,1320940800000,14.010000000000002,14.110000000000001,13.8,13.89,29282,40726058.0,0.0,0,13.98,0
20111114,1321200000000,14.100000000000001,14.46,14.05,14.3,81285,116527232.00000001,0.0,0,13.89,0
20111115,1321286400000,14.31,14.64,14.280000000000001,14.31,66175,95627050.0,0.0,0,14.3,0
20111116,1321372800000,14.31,14.32,13.88,13.930000000000001,40150,56422201.0,0.0,0,14.31,0
20111117,1321459200000,13.91,14.01,13.58,13.84,74782,103079441.00000001,0.0,0,13.93,0
20111118,1321545600000,13.72,13.75,13.4,13.67,53373,72561735.00000001,0.0,0,13.84,0
20111121,1321804800000,13.67,13.67,13.67,13.67,0,0.0,0.0,0,13.67,1
20111122,1321891200000,13.5,13.85,13.41,13.82,41616,56985627.00000001,0.0,0,13.67,0
20111123,1321977600000,13.82,13.860000000000001,13.56,13.8,33037,45352654.0,0.0,0,13.82,0
20111124,1322064000000,13.68,13.879999999999999,13.51,13.86,28667,39393744.0,0.0,0,13.799999999999999,0
20111125,1322150400000,13.790000000000001,13.98,13.49,13.5,21370,29266503.000000004,0.0,0,13.86,0
20111128,1322409600000,13.600000000000001,13.600000000000001,13.3,13.540000000000001,16163,21788881.0,0.0,0,13.5,0
20111129,1322496000000,13.64,13.850000000000001,13.620000000000001,13.780000000000001,27433,37669540.99999999,0.0,0,13.540000000000001,0
20111130,1322582400000,13.75,13.75,13.02,13.23,41306,55059863.0,0.0,0,13.78,0
20111201,1322668800000,13.55,13.760000000000002,13.38,13.48,40377,54879720.0,0.0,0,13.23,0
20111202,1322755200000,13.48,13.48,12.92,13.12,19542,25702044.000000004,0.0,0,13.48,0
20111205,1323014400000,13.12,13.12,12.5,12.58,28839,36580606.0,0.0,0,13.12,0
20111206,1323100800000,12.36,12.85,12.36,12.69,19323,24424038.000000004,0.0,0,12.58,0
20111207,1323187200000,12.69,12.78,12.6,12.69,7169,9088981.0,0.0,0,12.69,0
20111208,1323273600000,12.71,12.93,12.33,12.77,18902,23969208.0,0.0,0,12.69,0
20111209,1323360000000,12.77,12.77,12.77,12.77,0,0.0,0.0,0,12.77,1
20111212,1323619200000,12.549999999999999,12.75,12.52,12.52,8387,10592678.0,0.0,0,12.77,0
20111213,1323705600000,12.48,12.580000000000002,11.950000000000001,12.15,29281,35498105.0,0.0,0,12.520000000000001,0
20111214,1323792000000,12.120000000000001,12.24,11.39,11.51,24838,29131831.0,0.0,0,12.15,0
20111215,1323878400000,11.5,11.75,11.4,11.41,18493,21344553.0,0.0,0,11.51,0
20111216,1323964800000,11.39,11.73,11.3,11.71,15012,17315538.000000004,0.0,0,11.41,0
20111219,1324224000000,11.64,11.96,11.38,11.950000000000001,17445,20305069.000000004,0.0,0,11.71,0
20111220,1324310400000,11.83,12.06,11.75,11.77,14881,17718324.0,0.0,0,11.95,0
20111221,1324396800000,11.9,11.94,11.58,11.59,10129,11973306.0,0.0,0,11.77,0
20111222,1324483200000,11.47,11.620000000000001,11.040000000000001,11.39,20970,23739811.0,0.0,0,11.590000000000002,0
20111223,1324569600000,11.32,11.58,11.23,11.31,16291,18574045.0,0.0,0,11.39,0
20111226,1324828800000,11.35,11.48,11.25,11.28,10896,12376449.000000002,0.0,0,11.31,0
20111227,1324915200000,11.28,11.33,10.78,10.799999999999999,15595,17127664.0,0.0,0,11.28,0
20111228,1325001600000,10.790000000000001,10.790000000000001,10.58,10.67,14507,15445795.999999998,0.0,0,10.8,0
20111229,1325088000000,10.66,10.799999999999999,10.52,10.68,7558,8090675.0,0.0,0,10.67,0
20111230,1325174400000,10.69,11.03,10.69,11.0,20032,21809557.0,0.0,0,10.68,0
20120104,1325606400000,11.07,11.25,10.93,10.93,23215,25832029.0,0.0,0,11.0,0
20120105,1325692800000,10.85,10.950000000000001,10.48,10.540000000000001,9984,10738911.0,0.0,0,10.93,0
20120106,1325779200000,10.58,11.049999999999999,10.36,10.99,13427,14397095.000000002,0.0,0,10.54,0
20120109,1326038400000,11.01,11.37,10.86,11.35,27007,30319206.0,0.0,0,10.99,0
20120110,1326124800000,11.35,11.66,11.23,11.6,34484,39630929.0,0.0,0,11.35,0
20120111,1326211200000,11.6,11.75,11.5,11.6,24249,28146600.0,0.0,0,11.6,0
20120112,1326297600000,11.55,11.700000000000001,11.46,11.5,13621,15752515.000000002,0.0,0,11.600000000000001,0
20120113,1326384000000,11.56,11.56,10.8,10.84,23542,26137444.0,0.0,0,11.5,0
20120116,1326643200000,10.83,10.83,10.3,10.33,25074,26289435.0,0.0,0,10.84,0
20120117,1326729600000,10.22,10.940000000000001,10.22,10.88,25108,26625166.0,0.0,0,10.33,0
20120118,1326816000000,10.88,10.98,10.32,10.42,26067,27827247.0,0.0,0,10.88,0
20120119,1326902400000,10.43,10.43,10.01,10.299999999999999,33996,34905979.99999999,0.0,0,10.42,0
20120120,1326988800000,10.37,10.559999999999999,10.28,10.5,31002,32471821.999999996,0.0,0,10.299999999999999,0
20120130,1327852800000,10.57,10.8,10.47,10.59,21069,22413319.0,0.0,0,10.5,0
20120131,1327939200000,10.530000000000001,10.66,10.4,10.65,11851,12502989.000000002,0.0,0,10.59,0
20120201,1328025600000,10.58,10.92,10.53,10.809999999999999,28631,30878942.0,0.0,0,10.649999999999999,0
20120202,1328112000000,10.78,11.05,10.75,11.01,32665,35715298.0,0.0,0,10.81,0
20120203,1328198400000,11.0,11.49,10.94,11.389999999999999,50221,56657379.00000001,0.0,0,11.01,0
20120206,1328457600000,11.39,11.89,11.31,11.65,56582,65885917.00000001,0.0,0,11.39,0
20120207,1328544000000,11.56,11.6,11.35,11.51,37394,42893705.0,0.0,0,11.65,0
20120208,1328630400000,11.5,11.879999999999999,11.43,11.82,46934,55221102.0,0.0,0,11.51,0
20120209,1328716800000,11.74,12.08,11.72,11.83,40962,48900706.0,0.0,0,11.82,0
20120210,1328803200000,11.899999999999999,12.25,11.78,12.19,53427,64230393.99999999,0.0,0,11.83,0
20120213,1329062400000,12.07,12.850000000000001,12.030000000000001,12.56,132859,166210761.99999997,0.0,0,12.190000000000001,0
20120214,1329148800000,12.42,12.63,12.3,12.56,57075,71437835.0,0.0,0,12.56,0
20120215,1329235200000,12.54,12.66,12.42,12.58,75306,94289698.0,0.0,0,12.56,0
20120216,1329321600000,12.6,12.85,12.34,12.64,104515,132111268.00000001,0.0,0,12.58,0
20120217,1329408000000,12.8,12.930000000000001,12.38,12.4,208242,263584704.00000003,0.0,0,12.64,0
20120220,1329667200000,12.61,12.68,12.33,12.38,109587,136667641.00000003,0.0,0,12.4,0
20120221,1329753600000,12.42,12.620000000000001,12.32,12.59,92538,115629233.0,0.0,0,12.38,0
20120222,1329840000000,12.56,13.100000000000001,12.55,12.850000000000001,160331,205802243.0,0.0,0,12.59,0
20120223,1329926400000,12.82,12.97,12.700000000000001,12.89,107913,138718778.0,0.0,0,12.850000000000001,0
20120224,1330012800000,12.83,13.129999999999999,12.76,13.06,107696,139762665.0,0.0,0,12.89,0
20120227,1330272000000,12.879999999999999,12.99,12.69,12.75,192296,246602785.0,0.0,0,13.059999999999999,0
20120228,1330358400000,12.7,12.78,12.35,12.35,130770,163595152.00000003,0.0,0,12.75,0
20120229,1330444800000,12.34,12.58,12.25,12.29,72096,89457842.0,0.0,0,12.35,0
20120301,1330531200000,12.2,12.5,12.18,12.379999999999999,54963,67906981.0,0.0,0,12.29,0
20120302,1330617600000,12.43,12.65,12.42,12.6,62248,78255978.0,0.0,0,12.38,0
20120305,1330876800000,12.6,12.83,12.58,12.72,76869,97874145.00000001,0.0,0,12.6,0
20120306,1330963200000,12.680000000000001,12.760000000000002,12.38,12.42,61116,76525903.0,0.0,0,12.72,0
20120307,1331049600000,12.29,12.58,12.25,12.32,43846,54458786.00000001,0.0,0,12.42,0
20120308,1331136000000,12.44,12.74,12.4,12.66,68752,86604901.0,0.0,0,12.32,0
20120309,1331222400000,12.66,12.66,12.66,12.66,0,0.0,0.0,0,12.66,1
20120312,1331481600000,12.870000000000001,13.44,12.82,13.33,164603,215717883.0,0.0,0,12.66,0
20120313,1331568000000,13.36,13.65,13.17,13.45,121873,163899920.0,0.0,0,13.33,0
20120314,1331654400000,13.52,13.98,12.82,13.08,172479,232724029.0,0.0,0,13.450000000000001,0
20120315,1331740800000,13.350000000000001,13.98,13.21,13.760000000000002,188717,255462539.0,0.0,0,13.08,0
20120316,1331827200000,13.8,14.07,13.41,13.97,141106,194810112.0,0.0,0,13.76,0
20120319,1332086400000,13.83,13.959999999999999,13.69,13.91,90243,124707723.00000001,0.0,0,13.969999999999999,0
20120320,1332172800000,13.850000000000001,13.850000000000001,13.280000000000001,13.39,92944,125423929.00000001,0.0,0,13.910000000000002,0
20120321,1332259200000,13.600000000000001,13.71,13.040000000000001,13.39,78995,105758684.0,0.0,0,13.39,0
20120322,1332345600000,13.39,13.88,13.25,13.73,90664,123249850.0,0.0,0,13.39,0
20120323,1332432000000,13.610000000000001,13.72,13.13,13.280000000000001,66706,89242064.0,0.0,0,13.73,0
20120326,1332691200000,13.180000000000001,13.24,12.88,13.07,50989,66446381.0,0.0,0,13.280000000000001,0
20120327,1332777600000,13.139999999999999,13.299999999999999,13.02,13.09,33501,44110052.0,0.0,0,13.07,0
20120328,1332864000000,13.21,13.280000000000001,12.38,12.65,78221,100320740.00000001,0.0,0,13.09,0
20120329,1332950400000,12.52,12.66,12.02,12.139999999999999,56944,70125302.0,0.0,0,12.65,0
20120330,1333036800000,12.17,12.67,12.14,12.56,59042,73036163.99999999,0.0,0,12.14,0
20120405,1333555200000,12.57,12.97,12.48,12.9,49676,63661317.0,0.0,0,12.56,0
20120406,1333641600000,12.9,12.96,12.620000000000001,12.66,53992,68960093.0,0.0,0,12.9,0
20120409,1333900800000,7.45,7.49,7.140000000000001,7.140000000000001,47409,34468771.0,0.0,0,7.420000000000001,0
20120410,1333987200000,7.140000000000001,7.250000000000001,6.890000000000001,7.24,58569,41363632.0,0.0,0,7.140000000000001,0
20120411,1334073600000,7.0600000000000005,7.260000000000001,7.0600000000000005,7.220000000000001,44743,32147059.0,0.0,0,7.24,0
20120412,1334160000000,7.22,7.529999999999999,7.22,7.45,73174,54055639.0,0.0,0,7.22,0
20120413,1334246400000,7.5,7.68,7.42,7.51,90219,68304317.00000001,0.0,0,7.45,0
20120416,1334505600000,7.460000000000001,7.510000000000001,7.3500000000000005,7.44,53535,39823395.00000001,0.0,0,7.510000000000001,0
20120417,1334592000000,7.49,7.500000000000001,7.3100000000000005,7.32,39534,29162677.0,0.0,0,7.44,0
20120418,1334678400000,7.37,7.57,7.32,7.510000000000001,75035,55982195.00000001,0.0,0,7.32,0
20120419,1334764800000,7.5,7.59,7.42,7.55,59471,44675184.00000001,0.0,0,7.51,0
20120420,1334851200000,7.53,7.74,7.4,7.65,116247,87829947.00000001,0.0,0,7.550000000000001,0
20120423,1335110400000,7.630000000000001,7.630000000000001,7.19,7.25,77956,57876642.00000001,0.0,0,7.65,0
20120424,1335196800000,7.2,7.34,6.88,7.11,79865,56633486.0,0.0,0,7.25,0
20120425,1335283200000,7.11,7.260000000000001,7.0600000000000005,7.24,50172,35898974.00000001,0.0,0,7.11,0
20120426,1335369600000,7.2299999999999995,7.3,7.18,7.279999999999999,45645,33073752.0,0.0,0,7.239999999999999,0
20120427,1335456000000,7.26,7.3,7.13,7.17,43170,31045530.0,0.0,0,7.28,0
20120502,1335888000000,7.29,7.33,7.19,7.25,82186,59753844.00000001,0.0,0,7.170000000000001,0
20120503,1335974400000,7.29,7.51,7.29,7.47,105746,78405898.0,0.0,0,7.25,0
20120504,1336060800000,7.51,7.63,7.43,7.63,95618,71880554.0,0.0,0,7.47,0
20120507,1336320000000,7.55,7.6,7.46,7.57,65944,49762562.0,0.0,0,7.63,0
20120508,1336406400000,7.58,7.84,7.5,7.75,130488,100259614.0,0.0,0,7.57,0
20120509,1336492800000,7.6499999999999995,7.6899999999999995,7.51,7.6,75121,57003318.00000001,0.0,0,7.75,0
20120510,1336579200000,7.5600000000000005,7.75,7.49,7.73,98447,75311291.0,0.0,0,7.6000000000000005,0
20120511,1336665600000,7.73,7.790000000000001,7.6000000000000005,7.6000000000000005,87589,67511367.0,0.0,0,7.73,0
20120514,1336924800000,7.6499999999999995,7.7,7.51,7.7,99629,76095294.00000001,0.0,0,7.6,0
20120515,1337011200000,7.5600000000000005,7.67,7.53,7.65,43599,33147467.000000004,0.0,0,7.7,0
20120516,1337097600000,7.63,7.67,7.51,7.59,72702,55396274.0,0.0,0,7.6499999999999995,0
20120517,1337184000000,7.590000000000001,7.7700000000000005,7.5600000000000005,7.7,148263,113783636.00000001,0.0,0,7.590000000000001,0
20120518,1337270400000,7.62,7.66,7.33,7.5200000000000005,120851,90868151.0,0.0,0,7.7,0
20120521,1337529600000,7.47,7.49,7.25,7.27,48539,35582737.0,0.0,0,7.52,0
20120522,1337616000000,7.300000000000001,7.4,7.2700000000000005,7.380000000000001,45374,33229530.000000004,0.0,0,7.2700000000000005,0
20120523,1337702400000,7.33,7.34,7.13,7.2299999999999995,82704,59761052.0,0.0,0,7.38,0
20120524,1337788800000,7.49,7.49,7.22,7.279999999999999,78077,57273497.0,0.0,0,7.2299999999999995,0
20120525,1337875200000,7.36,7.45,7.08,7.15,99626,72562509.0,0.0,0,7.28,0
20120528,1338134400000,7.13,7.2,6.88,7.2,65864,46365208.0,0.0,0,7.15,0
20120529,1338220800000,7.17,7.41,7.11,7.36,121376,88779221.0,0.0,0,7.2,0
20120530,1338307200000,7.53,7.53,7.3100000000000005,7.390000000000001,147304,109103202.99999999,0.0,0,7.36,0
20120531,1338393600000,7.390000000000001,7.390000000000001,7.390000000000001,7.390000000000001,0,0.0,0.0,0,7.390000000000001,1
20120601,1338480000000,7.390000000000001,7.45,7.2700000000000005,7.390000000000001,104183,76662798.0,0.0,0,7.390000000000001,0
20120604,1338739200000,7.25,7.33,7.12,7.14,48510,34977005.00000001,0.0,0,7.390000000000001,0
20120605,1338825600000,7.1499999999999995,7.2,7.05,7.2,62188,44474251.0,0.0,0,7.14,0
20120606,1338912000000,7.2,7.340000000000001,7.15,7.23,78926,57044050.0,0.0,0,7.2,0
20120607,1338998400000,7.260000000000001,7.300000000000001,7.03,7.11,43714,31401964.0,0.0,0,7.23,0
20120608,1339084800000,7.300000000000001,7.300000000000001,6.8500000000000005,6.86,90875,63699059.0,0.0,0,7.11,0
20120611,1339344000000,6.8,6.83,6.47,6.58,209497,137214712.0,0.0,0,6.859999999999999,0
20120612,1339430400000,6.5,6.5,6.41,6.48,71528,46173642.99999999,0.0,0,6.58,0
20120613,1339516800000,6.51,6.6,6.47,6.56,83981,54842212.00000001,0.0,0,6.4799999999999995,0
20120614,1339603200000,6.54,6.5600000000000005,6.41,6.43,79218,51421867.00000001,0.0,0,6.5600000000000005,0
20120615,1339689600000,6.4399999999999995,6.47,6.38,6.4399999999999995,55617,35760745.0,0.0,0,6.43,0
20120618,1339948800000,6.470000000000001,6.53,6.44,6.5,55758,36200590.0,0.0,0,6.44,0
20120619,1340035200000,6.49,6.65,6.45,6.6000000000000005,168870,111194404.0,0.0,0,6.5,0
20120620,1340121600000,6.6,6.8,6.58,6.75,130714,87637346.00000001,0.0,0,6.6,0
20120621,1340208000000,6.71,6.74,6.51,6.54,84393,55594068.00000001,0.0,0,6.75,0
20120625,1340553600000,6.46,6.55,6.42,6.4399999999999995,57555,37207600.0,0.0,0,6.54,0
20120626,1340640000000,6.43,6.5,6.3,6.4799999999999995,60212,38432306.0,0.0,0,6.4399999999999995,0
20120627,1340726400000,6.45,6.63,6.42,6.62,79901,52222562.99999999,0.0,0,6.4799999999999995,0
20120628,1340812800000,6.6000000000000005,6.66,6.44,6.45,65554,42889432.0,0.0,0,6.62,0
20120629,1340899200000,6.41,6.550000000000001,6.32,6.54,64519,41441595.00000001,0.0,0,6.45,0
20120702,1341158400000,6.56,6.57,6.42,6.53,68448,44635617.0,0.0,0,6.54,0
20120703,1341244800000,6.5,6.58,6.44,6.5,65339,42594620.0,0.0,0,6.53,0
20120704,1341331200000,6.5200000000000005,6.5200000000000005,6.390000000000001,6.4,50411,32515796.0,0.0,0,6.500000000000001,0
20120705,1341417600000,6.4,6.41,6.17,6.18,60193,37632576.0,0.0,0,6.4,0
20120706,1341504000000,6.220000000000001,6.24,5.99,6.19,105415,64198196.00000001,0.0,0,6.180000000000001,0
20120709,1341763200000,6.15,6.15,5.88,5.88,69480,41776394.0,0.0,0,6.1899999999999995,0
20120710,1341849600000,5.88,5.91,5.63,5.67,83712,48275670.0,0.0,0,5.88,0
20120711,1341936000000,5.65,5.73,5.58,5.63,81830,46061432.0,0.0,0,5.67,0
20120712,1342022400000,5.62,5.83,5.61,5.74,87667,50154145.0,0.0,0,5.63,0
20120713,1342108800000,5.7,5.8,5.63,5.66,77024,43858268.0,0.0,0,5.74,0
20120716,1342368000000,5.670000000000001,5.69,5.3100000000000005,5.3100000000000005,73411,40240179.0,0.0,0,5.66,0
20120717,1342454400000,5.31,5.38,5.25,5.34,61382,32618145.000000004,0.0,0,5.31,0
20120718,1342540800000,5.34,5.38,5.2,5.37,57235,30314326.0,0.0,0,5.34,0
20120719,1342627200000,5.36,5.6,5.33,5.58,115183,63357030.0,0.0,0,5.37,0
20120720,1342713600000,5.55,5.6499999999999995,5.51,5.54,75170,41905885.0,0.0,0,5.58,0
20120723,1342972800000,5.46,5.52,5.38,5.4799999999999995,41642,22745034.000000004,0.0,0,5.54,0
20120724,1343059200000,5.42,5.58,5.42,5.54,49403,27205003.000000004,0.0,0,5.4799999999999995,0
20120725,1343145600000,5.5,5.54,5.4,5.53,51435,28163939.0,0.0,0,5.54,0
20120726,1343232000000,5.48,5.57,5.45,5.49,44762,24662578.0,0.0,0,5.53,0
20120727,1343318400000,5.51,5.529999999999999,5.43,5.47,31719,17374480.0,0.0,0,5.489999999999999,0
20120730,1343577600000,5.47,5.5200000000000005,5.29,5.31,43716,23535183.0,0.0,0,5.47,0
20120731,1343664000000,5.29,5.32,5.15,5.21,42013,21903917.0,0.0,0,5.3100000000000005,0
20120801,1343750400000,5.24,5.4,5.19,5.3100000000000005,53900,28664210.0,0.0,0,5.21,0
20120802,1343836800000,5.32,5.36,5.25,5.28,37154,19684105.0,0.0,0,5.31,0
20120803,1343923200000,5.34,5.5,5.28,5.48,50898,27547422.000000004,0.0,0,5.28,0
20120806,1344182400000,5.47,5.7299999999999995,5.43,5.66,93610,52526340.0,0.0,0,5.4799999999999995,0
20120807,1344268800000,5.67,5.72,5.63,5.68,66331,37622640.0,0.0,0,5.66,0
20120808,1344355200000,5.66,5.720000000000001,5.5600000000000005,5.61,56805,32039936.000000004,0.0,0,5.680000000000001,0
20120809,1344441600000,5.61,5.78,5.57,5.7700000000000005,82190,46829815.99999999,0.0,0,5.61,0
20120810,1344528000000,5.77,5.88,5.71,5.77,85682,49681441.0,0.0,0,5.77,0
20120813,1344787200000,5.73,5.78,5.57,5.58,68577,38923062.0,0.0,0,5.7700000000000005,0
20120814,1344873600000,5.58,5.67,5.47,5.66,59957,33407685.000000004,0.0,0,5.58,0
20120815,1344960000000,5.65,5.65,5.5,5.53,43060,24065617.000000004,0.0,0,5.66,0
20120816,1345046400000,5.54,5.58,5.5,5.58,25138,13945615.999999998,0.0,0,5.53,0
20120817,1345132800000,5.54,5.640000000000001,5.53,5.640000000000001,28578,15986547.000000002,0.0,0,5.58,0
20120820,1345392000000,5.58,5.73,5.5600000000000005,5.720000000000001,43787,24697261.0,0.0,0,5.640000000000001,0
20120821,1345478400000,5.7,5.87,5.69,5.8100000000000005,79889,46337116.0,0.0,0,5.720000000000001,0
20120822,1345564800000,5.78,5.83,5.69,5.75,55376,31927461.0,0.0,0,5.8100000000000005,0
20120823,1345651200000,5.72,5.95,5.72,5.93,85789,50143564.0,0.0,0,5.75,0
20120824,1345737600000,5.890000000000001,6.16,5.8500000000000005,5.970000000000001,207337,125337458.99999999,0.0,0,5.930000000000001,0
20120827,1345996800000,5.91,5.91,5.59,5.6,135480,77253106.0,0.0,0,5.97,0
20120828,1346083200000,5.6000000000000005,5.670000000000001,5.48,5.65,83786,46864778.0,0.0,0,5.6000000000000005,0
20120829,1346169600000,5.62,6.140000000000001,5.58,5.88,216344,128041824.00000001,0.0,0,5.65,0
20120830,1346256000000,5.82,6.470000000000001,5.82,6.260000000000001,418049,260463592.0,0.0,0,5.88,0
20120831,1346342400000,6.19,6.53,6.12,6.32,319652,201421104.0,0.0,0,6.26,0
20120903,1346601600000,6.3,6.52,6.21,6.46,222181,141081450.0,0.0,0,6.32,0
20120904,1346688000000,6.33,6.34,6.08,6.11,436588,269843324.0,0.0,0,6.46,0
20120905,1346774400000,5.98,6.12,5.9,6.12,274566,164712929.0,0.0,0,6.11,0
20120906,1346860800000,6.0600000000000005,6.140000000000001,6.0200000000000005,6.0600000000000005,196950,119669266.0,0.0,0,6.12,0
20120907,1346947200000,6.12,6.39,6.08,6.34,319479,199615636.0,0.0,0,6.0600000000000005,0
20120910,1347206400000,6.3100000000000005,6.640000000000001,6.2700000000000005,6.540000000000001,340615,221193544.0,0.0,0,6.340000000000001,0
20120911,1347292800000,6.53,6.98,6.42,6.77,474848,320658420.0,0.0,0,6.54,0
20120912,1347379200000,6.750000000000001,6.82,6.640000000000001,6.760000000000001,203685,137050819.00000003,0.0,0,6.7700000000000005,0
20120913,1347465600000,6.74,6.78,6.5200000000000005,6.5200000000000005,172092,114646805.0,0.0,0,6.760000000000001,0
20120914,1347552000000,6.61,6.74,6.45,6.63,173735,114891090.00000001,0.0,0,6.5200000000000005,0
20120917,1347811200000,6.62,6.6499999999999995,6.26,6.26,154020,98761920.00000001,0.0,0,6.63,0
20120918,1347897600000,6.24,6.48,6.21,6.34,104740,66748131.00000001,0.0,0,6.26,0
20120919,1347984000000,6.430000000000001,6.680000000000001,6.36,6.62,168944,111034898.0,0.0,0,6.340000000000001,0
20120920,1348070400000,6.62,6.62,6.3,6.31,135778,87297740.0,0.0,0,6.62,0
20120921,1348156800000,6.28,6.430000000000001,6.1000000000000005,6.15,134136,84309505.00000001,0.0,0,6.3100000000000005,0
20120924,1348416000000,6.0600000000000005,6.2700000000000005,6.0200000000000005,6.24,80968,49906024.00000001,0.0,0,6.15,0
20120925,1348502400000,6.15,6.24,6.03,6.12,73681,45192505.0,0.0,0,6.24,0
20120926,1348588800000,6.08,6.14,5.93,5.9399999999999995,65045,39047869.00000001,0.0,0,6.12,0
20120927,1348675200000,5.9,6.24,5.9,6.17,85923,52334678.0,0.0,0,5.94,0
20120928,1348761600000,6.1,6.26,6.08,6.25,90230,55827500.0,0.0,0,6.17,0
20121008,1349625600000,6.24,6.31,6.09,6.2,56902,35244634.0,0.0,0,6.25,0
20121009,1349712000000,6.22,6.430000000000001,6.2,6.390000000000001,104553,66323096.0,0.0,0,6.2,0
20121010,1349798400000,6.41,6.57,6.37,6.5200000000000005,113901,73937890.0,0.0,0,6.39,0
20121011,1349884800000,6.49,6.5,6.3,6.31,94496,60372430.00000001,0.0,0,6.52,0
20121012,1349971200000,6.3500000000000005,6.41,6.19,6.25,75385,47284119.0,0.0,0,6.3100000000000005,0
20121015,1350230400000,6.25,6.26,6.08,6.16,56626,34755249.99999999,0.0,0,6.25,0
20121016,1350316800000,6.16,6.290000000000001,6.1000000000000005,6.2,47843,29771667.0,0.0,0,6.16,0
20121017,1350403200000,6.220000000000001,6.2700000000000005,6.11,6.2,42068,26036690.0,0.0,0,6.2,0
20121018,1350489600000,6.2,6.38,6.16,6.38,83333,52659102.0,0.0,0,6.2,0
20121019,1350576000000,6.41,6.430000000000001,6.32,6.3500000000000005,57352,36545300.0,0.0,0,6.38,0
20121022,1350835200000,6.32,6.45,6.2700000000000005,6.44,56317,35939120.0,0.0,0,6.3500000000000005,0
20121023,1350921600000,6.47,6.47,6.26,6.27,67454,42929812.0,0.0,0,6.4399999999999995,0
20121024,1351008000000,6.21,6.34,6.2,6.25,48844,30676160.0,0.0,0,6.2700000000000005,0
20121025,1351094400000,6.260000000000001,6.32,6.140000000000001,6.15,43003,26765368.0,0.0,0,6.250000000000001,0
20121026,1351180800000,6.16,6.22,6.01,6.05,56537,34393309.0,0.0,0,6.1499999999999995,0
20121029,1351440000000,5.8500000000000005,5.8500000000000005,5.45,5.45,214383,118202532.0,0.0,0,6.05,0
20121030,1351526400000,5.42,5.48,5.28,5.42,141959,76087849.0,0.0,0,5.45,0
20121031,1351612800000,5.36,5.44,5.29,5.42,66168,35417353.0,0.0,0,5.42,0
20121101,1351699200000,5.42,5.5200000000000005,5.41,5.48,100101,54764456.99999999,0.0,0,5.42,0
20121102,1351785600000,5.48,5.49,5.37,5.45,75833,41137057.00000001,0.0,0,5.48,0
20121105,1352044800000,5.45,5.46,5.36,5.430000000000001,52545,28353668.000000004,0.0,0,5.45,0
20121106,1352131200000,5.4,5.430000000000001,5.23,5.36,63502,33702417.0,0.0,0,5.430000000000001,0
20121107,1352217600000,5.32,5.36,5.2700000000000005,5.3100000000000005,43441,23043187.000000004,0.0,0,5.36,0
20121108,1352304000000,5.25,5.25,5.13,5.16,66180,34406559.0,0.0,0,5.31,0
20121109,1352390400000,5.16,5.19,5.11,5.15,46008,23699058.0,0.0,0,5.16,0
20121112,1352649600000,5.15,5.220000000000001,5.15,5.19,33968,17579440.0,0.0,0,5.15,0
20121113,1352736000000,5.21,5.21,5.05,5.09,43148,22036745.000000004,0.0,0,5.1899999999999995,0
20121114,1352822400000,5.08,5.14,5.04,5.14,39440,20047663.000000004,0.0,0,5.09,0
20121115,1352908800000,5.11,5.11,5.0,5.0,40121,20231668.0,0.0,0,5.14,0
20121116,1352995200000,4.96,5.01,4.8,4.85,57334,27881058.000000004,0.0,0,5.0,0
20121119,1353254400000,4.83,4.91,4.82,4.9,29993,14568013.000000002,0.0,0,4.8500000000000005,0
20121120,1353340800000,4.93,4.95,4.84,4.85,31023,15159421.000000002,0.0,0,4.8999999999999995,0
20121121,1353427200000,4.840000000000001,4.920000000000001,4.8100000000000005,4.91,39098,19072475.000000004,0.0,0,4.8500000000000005,0
20121122,1353513600000,4.8999999999999995,4.8999999999999995,4.8,4.819999999999999,33188,16072393.0,0.0,0,4.91,0
20121123,1353600000000,4.82,4.91,4.82,4.87,36403,17725654.000000004,0.0,0,4.82,0
20121126,1353859200000,4.880000000000001,4.930000000000001,4.8500000000000005,4.86,47576,23297070.0,0.0,0,4.87,0
20121127,1353945600000,4.83,4.83,4.47,4.47,79257,36534189.0,0.0,0,4.859999999999999,0
20121128,1354032000000,4.41,4.4399999999999995,4.22,4.25,66800,28724604.0,0.0,0,4.47,0
20121129,1354118400000,4.27,4.31,4.1,4.1499999999999995,43493,18434769.0,0.0,0,4.25,0
20121130,1354204800000,4.16,4.21,4.11,4.17,43903,18301307.000000004,0.0,0,4.15,0
20121203,1354464000000,4.130000000000001,4.19,4.0200000000000005,4.0200000000000005,44384,18282753.0,0.0,0,4.170000000000001,0
20121204,1354550400000,4.0,4.14,3.94,4.12,59026,23767760.999999996,0.0,0,4.02,0
20121205,1354636800000,4.11,4.37,4.07,4.29,98415,42080243.99999999,0.0,0,4.12,0
20121206,1354723200000,4.27,4.45,4.26,4.359999999999999,87923,38463332.0,0.0,0,4.29,0
20121207,1354809600000,4.3500000000000005,4.49,4.32,4.48,91585,40497451.00000001,0.0,0,4.36,0
20121210,1355068800000,4.48,4.54,4.45,4.5200000000000005,89393,40245254.0,0.0,0,4.48,0
20121211,1355155200000,4.5,4.5,4.42,4.4399999999999995,75513,33642376.0,0.0,0,4.52,0
20121212,1355241600000,4.42,4.55,4.37,4.55,92401,41213820.0,0.0,0,4.44,0
20121213,1355328000000,4.58,4.76,4.49,4.5,157294,72674593.00000001,0.0,0,4.55,0
20121214,1355414400000,4.5,4.72,4.43,4.67,132536,61152130.00000001,0.0,0,4.5,0
20121217,1355673600000,4.69,4.78,4.65,4.7,94523,44466885.0,0.0,0,4.67,0
20121218,1355760000000,4.69,4.73,4.61,4.65,85770,40062825.0,0.0,0,4.7,0
20121219,1355846400000,4.65,4.73,4.6000000000000005,4.670000000000001,67025,31334164.0,0.0,0,4.65,0
20121220,1355932800000,4.640000000000001,4.680000000000001,4.57,4.65,60450,27970078.0,0.0,0,4.67,0
20121221,1356019200000,4.64,4.75,4.62,4.67,98115,46018369.0,0.0,0,4.65,0
20121224,1356278400000,4.65,4.7,4.62,4.67,54196,25282245.0,0.0,0,4.67,0
20121225,1356364800000,4.659999999999999,4.819999999999999,4.64,4.8,142252,67858758.0,0.0,0,4.67,0
20121226,1356451200000,4.8,4.96,4.78,4.94,130243,63754244.0,0.0,0,4.8,0
20121227,1356537600000,4.95,4.99,4.83,4.84,113964,55533879.0,0.0,0,4.94,0
20121228,1356624000000,4.8500000000000005,5.25,4.82,5.15,255978,130036946.00000001,0.0,0,4.84,0
20121231,1356883200000,5.11,5.170000000000001,5.0600000000000005,5.12,108696,55651108.0,0.0,0,5.15,0
20130104,1357228800000,5.140000000000001,5.170000000000001,4.98,5.04,88013,44525948.0,0.0,0,5.12,0
20130107,1357488000000,5.01,5.069999999999999,4.97,5.06,67335,33844367.00000001,0.0,0,5.04,0
20130108,1357574400000,5.05,5.23,5.03,5.19,121527,62646221.0,0.0,0,5.0600000000000005,0
20130109,1357660800000,5.16,5.24,5.11,5.16,105450,54604039.0,0.0,0,5.19,0
20130110,1357747200000,5.1499999999999995,5.25,5.13,5.1899999999999995,91483,47444041.0,0.0,0,5.16,0
20130111,1357833600000,5.1899999999999995,5.22,4.92,4.96,118103,59845294.0,0.0,0,5.1899999999999995,0
20130114,1358092800000,4.96,5.16,4.93,5.13,125244,63521985.0,0.0,0,4.96,0
20130115,1358179200000,5.12,5.380000000000001,5.11,5.32,189097,99460242.0,0.0,0,5.13,0
20130116,1358265600000,5.33,5.33,5.17,5.29,168360,88369308.00000001,0.0,0,5.32,0
20130117,1358352000000,5.2700000000000005,5.2700000000000005,5.12,5.15,114051,59107424.0,0.0,0,5.29,0
20130118,1358438400000,5.15,5.24,5.12,5.21,89443,46397548.0,0.0,0,5.15,0
20130121,1358697600000,5.21,5.27,5.17,5.27,89423,46736482.0,0.0,0,5.21,0
20130122,1358784000000,5.26,5.33,5.13,5.1499999999999995,102270,53511021.0,0.0,0,5.27,0
20130123,1358870400000,5.13,5.17,5.0,5.08,79040,40143631.0,0.0,0,5.15,0
20130124,1358956800000,5.08,5.16,4.89,4.9399999999999995,116618,58671321.00000001,0.0,0,5.08,0
20130125,1359043200000,4.9399999999999995,5.02,4.93,4.9399999999999995,54378,26985223.0,0.0,0,4.9399999999999995,0
20130128,1359302400000,4.97,5.0600000000000005,4.95,5.05,80067,40056664.00000001,0.0,0,4.94,0
20130129,1359388800000,5.05,5.09,5.03,5.05,83520,42261005.0,0.0,0,5.05,0
20130130,1359475200000,5.01,5.05,4.91,5.0,120266,59842579.00000001,0.0,0,5.05,0
20130131,1359561600000,4.97,5.0,4.93,4.9399999999999995,62534,30978987.0,0.0,0,5.0,0
20130201,1359648000000,4.9799999999999995,5.069999999999999,4.93,5.05,104314,52499968.0,0.0,0,4.9399999999999995,0
20130204,1359907200000,5.07,5.09,4.99,5.03,71569,35969375.0,0.0,0,5.05,0
20130205,1359993600000,5.0,5.0600000000000005,4.94,5.0600000000000005,67803,33986557.0,0.0,0,5.03,0
20130206,1360080000000,5.06,5.14,5.05,5.13,98391,50239588.0,0.0,0,5.06,0
20130207,1360166400000,5.12,5.13,5.03,5.08,57342,29139416.999999996,0.0,0,5.13,0
20130208,1360252800000,5.08,5.470000000000001,5.07,5.37,286210,152639677.0,0.0,0,5.08,0
20130218,1361116800000,5.380000000000001,5.470000000000001,5.3100000000000005,5.460000000000001,177497,95620690.0,0.0,0,5.37,0
20130219,1361203200000,5.45,5.46,5.26,5.3,109234,58327030.99999999,0.0,0,5.46,0
20130220,1361289600000,5.3,5.35,5.21,5.34,93502,49298476.0,0.0,0,5.3,0
20130221,1361376000000,5.29,5.29,5.15,5.17,118905,61962690.0,0.0,0,5.340000000000001,0
20130222,1361462400000,5.1499999999999995,5.21,5.14,5.1499999999999995,62147,32164498.0,0.0,0,5.17,0
20130225,1361721600000,5.1499999999999995,5.21,5.13,5.18,49591,25663860.0,0.0,0,5.1499999999999995,0
20130226,1361808000000,5.140000000000001,5.21,5.03,5.04,71577,36789325.0,0.0,0,5.180000000000001,0
20130227,1361894400000,5.06,5.1,4.96,5.03,65489,33014365.0,0.0,0,5.04,0
20130228,1361980800000,5.05,5.17,5.03,5.15,59321,30261097.000000004,0.0,0,5.03,0
20130301,1362067200000,5.18,5.239999999999999,5.14,5.239999999999999,91716,47680973.0,0.0,0,5.1499999999999995,0
20130304,1362326400000,5.22,5.22,4.96,5.0,95839,48672937.0,0.0,0,5.24,0
20130305,1362412800000,5.01,5.11,4.99,5.11,62684,31779896.0,0.0,0,5.0,0
20130306,1362499200000,5.12,5.28,5.11,5.28,134534,69918236.0,0.0,0,5.11,0
20130307,1362585600000,5.28,5.28,5.12,5.17,117920,61463567.0,0.0,0,5.28,0
20130308,1362672000000,5.2,5.260000000000001,5.15,5.2,67975,35486438.0,0.0,0,5.17,0
20130311,1362931200000,5.199999999999999,5.27,5.14,5.25,72858,38041433.0,0.0,0,5.199999999999999,0
20130312,1363017600000,5.25,5.31,5.01,5.09,106865,54982098.00000001,0.0,0,5.25,0
20130313,1363104000000,5.07,5.08,4.94,4.98,52674,26297584.0,0.0,0,5.090000000000001,0
20130314,1363190400000,4.98,5.04,4.95,4.98,42071,20958074.000000004,0.0,0,4.98,0
20130315,1363276800000,5.13,5.29,5.08,5.12,145966,75608543.0,0.0,0,4.98,0
20130318,1363536000000,5.04,5.15,4.99,4.99,73823,37236566.0,0.0,0,5.12,0
20130319,1363622400000,4.98,5.050000000000001,4.82,4.9,66953,32936740.0,0.0,0,4.99,0
20130320,1363708800000,4.9,5.0200000000000005,4.87,5.0200000000000005,52444,26080616.000000004,0.0,0,4.9,0
20130321,1363795200000,5.03,5.12,5.0,5.09,84782,43016649.00000001,0.0,0,5.02,0
20130322,1363881600000,5.05,5.11,5.04,5.09,55355,28097088.000000004,0.0,0,5.09,0
20130325,1364140800000,5.09,5.1,5.04,5.1,40751,20672980.0,0.0,0,5.09,0
20130326,1364227200000,5.08,5.08,4.94,4.95,79159,39447717.0,0.0,0,5.1000000000000005,0
20130327,1364313600000,4.94,5.050000000000001,4.94,4.99,50380,25134807.0,0.0,0,4.95,0
20130328,1364400000000,4.97,4.97,4.76,4.77,76748,36992405.0,0.0,0,4.99,0
20130329,1364486400000,4.760000000000001,4.8100000000000005,4.73,4.73,31644,15069305.0,0.0,0,4.7700000000000005,0
20130401,1364745600000,4.7299999999999995,4.84,4.71,4.8,32354,15500165.0,0.0,0,4.7299999999999995,0
20130402,1364832000000,4.819999999999999,4.85,4.72,4.72,30495,14556966.0,0.0,0,4.8,0
20130403,1364918400000,4.75,4.78,4.61,4.63,40340,18854967.0,0.0,0,4.720000000000001,0
20130408,1365350400000,4.56,4.61,4.5,4.6,31228,14211507.000000002,0.0,0,4.63,0
20130409,1365436800000,4.630000000000001,4.680000000000001,4.6000000000000005,4.66,24959,11603137.0,0.0,0,4.6000000000000005,0
20130410,1365523200000,4.66,4.67,4.55,4.6,37360,17192452.0,0.0,0,4.66,0
20130411,1365609600000,4.63,4.6499999999999995,4.55,4.55,23156,10657873.0,0.0,0,4.6,0
20130412,1365696000000,4.56,4.569999999999999,4.51,4.55,29347,13326110.0,0.0,0,4.55,0
20130415,1365955200000,4.55,4.56,4.42,4.4399999999999995,30606,13660919.0,0.0,0,4.55,0
20130416,1366041600000,4.39,4.52,4.38,4.5,25463,11331034.0,0.0,0,4.4399999999999995,0
20130417,1366128000000,4.5,4.5600000000000005,4.48,4.550000000000001,18861,8536336.0,0.0,0,4.5,0
20130418,1366214400000,4.5200000000000005,4.58,4.48,4.5600000000000005,21324,9684681.0,0.0,0,4.550000000000001,0
20130419,1366300800000,4.58,4.68,4.55,4.66,45233,20957077.0,0.0,0,4.56,0
20130422,1366560000000,4.62,4.6499999999999995,4.59,4.64,35383,16333805.0,0.0,0,4.66,0
20130423,1366646400000,4.69,4.75,4.61,4.61,73642,34394903.99999999,0.0,0,4.640000000000001,0
20130424,1366732800000,4.64,4.74,4.63,4.7299999999999995,48956,22989218.0,0.0,0,4.61,0
20130425,1366819200000,4.73,4.75,4.65,4.65,41835,19689758.0,0.0,0,4.73,0
20130426,1366905600000,4.65,4.69,4.62,4.65,29609,13778268.000000002,0.0,0,4.65,0
20130502,1367424000000,4.65,4.680000000000001,4.6000000000000005,4.65,26479,12310305.0,0.0,0,4.65,0
20130503,1367510400000,4.67,4.79,4.66,4.76,48764,23165941.0,0.0,0,4.65,0
20130506,1367769600000,4.75,4.99,4.75,4.95,133332,65560564.0,0.0,0,4.76,0
20130507,1367856000000,4.95,5.05,4.87,5.0,88793,44028433.00000001,0.0,0,4.95,0
20130508,1367942400000,4.99,5.03,4.95,4.96,51185,25447420.000000004,0.0,0,5.0,0
20130509,1368028800000,4.96,5.05,4.93,5.05,74668,37312261.0,0.0,0,4.96,0
20130510,1368115200000,5.03,5.13,5.03,5.08,78880,40094528.0,0.0,0,5.05,0
20130513,1368374400000,5.13,5.13,4.99,5.03,55210,27822906.0,0.0,0,5.08,0
20130514,1368460800000,5.03,5.04,4.92,4.95,49955,24825919.0,0.0,0,5.03,0
20130515,1368547200000,4.98,5.09,4.95,5.09,55121,27699981.000000004,0.0,0,4.95,0
20130516,1368633600000,5.109999999999999,5.1499999999999995,5.05,5.069999999999999,84922,43297310.0,0.0,0,5.09,0
20130517,1368720000000,5.0600000000000005,5.13,5.03,5.11,72657,37007889.0,0.0,0,5.07,0
20130520,1368979200000,5.11,5.23,5.11,5.19,90757,47089664.0,0.0,0,5.11,0
20130521,1369065600000,5.260000000000001,5.420000000000001,5.23,5.3500000000000005,173493,92791576.0,0.0,0,5.19,0
20130522,1369152000000,5.37,5.37,5.23,5.29,100423,53223340.0,0.0,0,5.3500000000000005,0
20130523,1369238400000,5.25,5.37,5.23,5.28,94481,50166480.0,0.0,0,5.29,0
20130524,1369324800000,5.3,5.38,5.25,5.37,95121,50651444.0,0.0,0,5.28,0
20130527,1369584000000,5.37,5.48,5.33,5.34,112794,60830128.0,0.0,0,5.37,0
20130528,1369670400000,4.1,4.14,4.0,4.05,108507,43967850.0,0.0,0,4.1,0
20130529,1369756800000,4.07,4.09,4.04,4.06,78028,31663436.0,0.0,0,4.05,0
20130530,1369843200000,4.05,4.05,3.97,4.0200000000000005,107095,42973419.0,0.0,0,4.0600000000000005,0
20130531,1369929600000,4.0200000000000005,4.04,3.99,4.0,87043,34954462.00000001,0.0,0,4.0200000000000005,0
20130603,1370188800000,4.0,4.140000000000001,3.99,4.140000000000001,205474,84058106.00000001,0.0,0,4.0,0
20130604,1370275200000,4.18,4.2700000000000005,4.08,4.14,257825,107590693.0,0.0,0,4.14,0
20130605,1370361600000,4.11,4.12,4.04,4.06,96272,39159751.0,0.0,0,4.14,0
20130606,1370448000000,4.02,4.05,4.0,4.01,66133,26592503.000000004,0.0,0,4.06,0
20130607,1370534400000,4.0,4.07,3.93,4.0600000000000005,99522,39849830.0,0.0,0,4.01,0
20130613,1371052800000,4.03,4.24,3.83,4.14,219180,89686697.0,0.0,0,4.0600000000000005,0
20130614,1371139200000,4.13,4.2,4.09,4.17,175596,73005545.00000001,0.0,0,4.14,0
20130617,1371398400000,4.17,4.17,3.98,3.98,194247,79192148.0,0.0,0,4.17,0
20130618,1371484800000,3.98,3.98,3.86,3.94,121225,47539392.0,0.0,0,3.98,0
20130619,1371571200000,3.9,3.9,3.81,3.88,76909,29620389.0,0.0,0,3.94,0
20130620,1371657600000,3.85,3.95,3.7800000000000002,3.79,89293,34535347.0,0.0,0,3.8800000000000003,0
20130621,1371744000000,3.7199999999999998,3.7399999999999998,3.65,3.6999999999999997,96562,35605769.0,0.0,0,3.79,0
20130624,1372003200000,3.7,3.72,3.33,3.42,85252,30130161.0,0.0,0,3.7,0
20130625,1372089600000,3.3800000000000003,3.48,3.16,3.46,92373,31058309.0,0.0,0,3.42,0
20130626,1372176000000,3.46,3.52,3.39,3.47,75637,26066183.0,0.0,0,3.46,0
20130627,1372262400000,3.47,3.52,3.33,3.34,84517,28919568.000000004,0.0,0,3.47,0
20130628,1372348800000,3.32,3.41,3.27,3.32,51390,17143427.999999996,0.0,0,3.34,0
20130701,1372608000000,3.3800000000000003,3.4000000000000004,3.3000000000000003,3.39,37114,12471811.999999998,0.0,0,3.3200000000000003,0
20130702,1372694400000,3.3899999999999997,3.46,3.36,3.4499999999999997,53314,18199367.0,0.0,0,3.3899999999999997,0
20130703,1372780800000,3.4499999999999997,3.4899999999999998,3.34,3.44,64283,21934712.0,0.0,0,3.4499999999999997,0
20130704,1372867200000,3.42,3.5500000000000003,3.37,3.48,76601,26449337.0,0.0,0,3.44,0
20130705,1372953600000,3.45,3.5100000000000002,3.45,3.45,62881,21864980.0,0.0,0,3.48,0
20130708,1373212800000,3.38,3.38,3.27,3.3,57479,19094279.999999996,0.0,0,3.45,0
20130709,1373299200000,3.28,3.32,3.25,3.3,28183,9274312.999999998,0.0,0,3.3,0
20130710,1373385600000,3.3,3.41,3.27,3.4,52584,17597071.0,0.0,0,3.3,0
20130711,1373472000000,3.39,3.52,3.39,3.47,90891,31513391.0,0.0,0,3.4,0
20130712,1373558400000,3.46,3.59,3.44,3.48,105737,37288772.0,0.0,0,3.4699999999999998,0
20130715,1373817600000,3.5,3.6,3.48,3.6,97470,34582869.0,0.0,0,3.48,0
20130716,1373904000000,3.57,3.65,3.56,3.62,77709,27972815.0,0.0,0,3.6,0
20130717,1373990400000,3.6,3.62,3.5100000000000002,3.52,66803,23851972.0,0.0,0,3.62,0
20130718,1374076800000,3.52,3.61,3.48,3.56,71052,25242944.0,0.0,0,3.52,0
20130719,1374163200000,3.5500000000000003,3.9200000000000004,3.5300000000000002,3.9200000000000004,185640,71434590.0,0.0,0,3.56,0
20130722,1374422400000,4.08,4.31,3.96,4.3,781302,321744500.0,0.0,0,3.92,0
20130723,1374508800000,4.16,4.29,4.15,4.24,492143,207989941.00000003,0.0,0,4.300000000000001,0
20130724,1374595200000,4.21,4.38,4.08,4.3,481098,202647870.00000003,0.0,0,4.24,0
20130725,1374681600000,4.24,4.640000000000001,4.23,4.390000000000001,528894,235673726.00000003,0.0,0,4.300000000000001,0
20130726,1374768000000,4.33,4.43,4.16,4.25,291829,124539121.0,0.0,0,4.390000000000001,0
20130729,1375027200000,4.15,4.19,4.0200000000000005,4.050000000000001,357378,145939768.0,0.0,0,4.250000000000001,0
20130730,1375113600000,4.01,4.07,3.87,3.93,285729,113209498.0,0.0,0,4.05,0
20130731,1375200000000,3.9499999999999997,4.04,3.92,3.9499999999999997,197408,78567457.0,0.0,0,3.9299999999999997,0
20130801,1375286400000,3.94,4.08,3.91,4.07,267202,107269468.0,0.0,0,3.95,0
20130802,1375372800000,4.05,4.1899999999999995,4.01,4.06,332784,136360567.0,0.0,0,4.069999999999999,0
20130805,1375632000000,4.0600000000000005,4.11,4.03,4.07,178553,72661977.0,0.0,0,4.0600000000000005,0
20130806,1375718400000,4.08,4.260000000000001,4.0600000000000005,4.250000000000001,394772,164840487.00000003,0.0,0,4.07,0
20130807,1375804800000,4.23,4.32,4.11,4.15,363305,153431570.0,0.0,0,4.25,0
20130808,1375891200000,4.13,4.2,4.09,4.13,191704,79237696.0,0.0,0,4.1499999999999995,0
20130809,1375977600000,4.180000000000001,4.210000000000001,4.0600000000000005,4.1000000000000005,188740,77625478.0,0.0,0,4.130000000000001,0
20130812,1376236800000,4.12,4.140000000000001,4.0600000000000005,4.140000000000001,170479,69951620.0,0.0,0,4.1000000000000005,0
20130813,1376323200000,4.13,4.19,4.11,4.16,163801,67952069.0,0.0,0,4.140000000000001,0
20130814,1376409600000,4.15,4.17,4.08,4.11,178277,73445606.0,0.0,0,4.16,0
20130815,1376496000000,4.090000000000001,4.15,4.0200000000000005,4.03,159279,65089750.0,0.0,0,4.11,0
20130816,1376582400000,4.01,4.140000000000001,3.97,3.99,195810,79147164.0,0.0,0,4.03,0
20130819,1376841600000,3.9499999999999997,4.09,3.94,4.08,114778,46381554.0,0.0,0,3.9899999999999998,0
20130820,1376928000000,4.09,4.1499999999999995,4.05,4.08,129531,53101278.99999999,0.0,0,4.08,0
20130821,1377014400000,4.08,4.25,4.04,4.25,372826,156054935.00000003,0.0,0,4.08,0
20130822,1377100800000,4.21,4.58,4.2,4.49,714332,315899152.0,0.0,0,4.25,0
20130823,1377187200000,4.4799999999999995,4.4799999999999995,4.18,4.279999999999999,416279,181031111.0,0.0,0,4.489999999999999,0
20130826,1377446400000,4.34,4.470000000000001,4.32,4.38,248694,109222968.0,0.0,0,4.28,0
20130827,1377532800000,4.4,4.48,4.33,4.45,266539,117602375.0,0.0,0,4.38,0
20130828,1377619200000,4.4,4.4,4.24,4.26,246936,106514155.00000001,0.0,0,4.45,0
20130829,1377705600000,4.25,4.3,4.22,4.27,122115,51992703.00000001,0.0,0,4.26,0
20130830,1377792000000,4.26,4.26,3.98,4.03,304898,125562291.0,0.0,0,4.27,0
20130902,1378051200000,4.04,4.1,4.01,4.09,111663,45407991.0,0.0,0,4.029999999999999,0
20130903,1378137600000,4.11,4.16,4.08,4.13,100491,41477501.0,0.0,0,4.09,0
20130904,1378224000000,4.140000000000001,4.140000000000001,4.0600000000000005,4.08,110456,45139258.0,0.0,0,4.130000000000001,0
20130905,1378310400000,4.07,4.14,4.04,4.13,113172,46345267.0,0.0,0,4.08,0
20130906,1378396800000,4.12,4.140000000000001,4.0600000000000005,4.090000000000001,102750,42086563.0,0.0,0,4.130000000000001,0
20130909,1378656000000,4.09,4.25,4.08,4.24,223611,93792130.0,0.0,0,4.09,0
20130910,1378742400000,4.300000000000001,4.3500000000000005,4.19,4.24,218299,93022395.00000001,0.0,0,4.24,0
20130911,1378828800000,4.199999999999999,4.27,4.1,4.159999999999999,190877,79299368.0,0.0,0,4.239999999999999,0
20130912,1378915200000,4.15,4.22,4.12,4.18,132042,55146746.00000001,0.0,0,4.16,0
20130913,1379001600000,4.17,4.6,4.14,4.6,938890,425629098.0,0.0,0,4.18,0
20130916,1379260800000,4.640000000000001,5.0,4.53,4.82,1171355,559320830.0,0.0,0,4.6000000000000005,0
20130917,1379347200000,4.69,4.97,4.62,4.74,707759,336921460.0,0.0,0,4.82,0
20130918,1379433600000,4.680000000000001,4.930000000000001,4.65,4.83,527038,253370343.0,0.0,0,4.74,0
20130923,1379865600000,4.87,5.04,4.76,4.95,634718,310685641.0,0.0,0,4.83,0
20130924,1379952000000,4.92,4.97,4.8,4.85,435416,211984391.0,0.0,0,4.95,0
20130925,1380038400000,4.89,5.17,4.88,4.92,614203,309022665.0,0.0,0,4.85,0
20130926,1380124800000,4.82,4.87,4.63,4.66,390103,185861934.00000003,0.0,0,4.92,0
20130927,1380211200000,4.61,4.78,4.6000000000000005,4.710000000000001,198872,93513589.0,0.0,0,4.66,0
20130930,1380470400000,4.7700000000000005,4.890000000000001,4.65,4.880000000000001,247401,118721993.00000001,0.0,0,4.71,0
20131008,1381161600000,5.37,5.37,5.22,5.37,440600,236219378.0,0.0,0,4.88,0
20131009,1381248000000,5.5,5.91,5.39,5.91,1008046,583764905.0000001,0.0,0,5.37,0
20131010,1381334400000,6.180000000000001,6.500000000000001,6.0600000000000005,6.49,1211572,769553226.0,0.0,0,5.91,0
20131011,1381420800000,6.38,7.1000000000000005,6.28,6.8500000000000005,1558798,1028441626.9999999,0.0,0,6.49,0
20131014,1381680000000,6.65,7.500000000000001,6.6000000000000005,7.090000000000001,1294181,910652920.0,0.0,0,6.8500000000000005,0
20131015,1381766400000,7.0,7.199999999999999,6.72,6.91,901864,627067734.9999999,0.0,0,7.09,0
20131016,1381852800000,7.04,7.4,6.62,6.83,1047897,739044076.9999999,0.0,0,6.91,0
20131017,1381939200000,6.88,6.9799999999999995,6.38,6.53,738576,484690495.0,0.0,0,6.83,0
20131018,1382025600000,6.46,6.77,6.42,6.63,494047,326400839.0,0.0,0,6.53,0
20131021,1382284800000,6.69,6.98,6.5600000000000005,6.920000000000001,661427,448694459.0,0.0,0,6.630000000000001,0
20131022,1382371200000,6.8500000000000005,6.91,6.23,6.28,870886,568201984.0,0.0,0,6.920000000000001,0
20131023,1382457600000,6.19,6.2700000000000005,5.78,5.9,601494,361222482.00000006,0.0,0,6.28,0
20131024,1382544000000,5.94,6.03,5.83,6.0,358540,212670472.0,0.0,0,5.9,0
20131025,1382630400000,5.94,5.99,5.5600000000000005,5.750000000000001,409213,234874466.0,0.0,0,6.000000000000001,0
20131028,1382889600000,5.75,6.12,5.72,6.02,542368,322505136.0,0.0,0,5.75,0
20131029,1382976000000,5.94,6.050000000000001,5.44,5.890000000000001,505134,291123340.0,0.0,0,6.0200000000000005,0
20131030,1383062400000,5.83,5.9399999999999995,5.76,5.8999999999999995,336078,197199384.0,0.0,0,5.89,0
20131031,1383148800000,5.86,5.93,5.63,5.6499999999999995,295090,169819805.00000003,0.0,0,5.9,0
20131101,1383235200000,5.510000000000001,5.5600000000000005,5.23,5.37,327392,176422915.0,0.0,0,5.65,0
20131104,1383494400000,5.41,5.500000000000001,5.3500000000000005,5.420000000000001,173561,94317915.0,0.0,0,5.37,0
20131105,1383580800000,5.4399999999999995,5.83,5.39,5.71,402805,226401675.0,0.0,0,5.42,0
20131106,1383667200000,5.62,5.85,5.58,5.61,350189,198893764.0,0.0,0,5.71,0
20131107,1383753600000,5.55,5.7,5.46,5.54,201980,112900957.0,0.0,0,5.61,0
20131108,1383840000000,5.470000000000001,5.5200000000000005,5.32,5.42,198686,107710935.00000001,0.0,0,5.54,0
20131111,1384099200000,5.44,5.590000000000001,5.4,5.5,161772,89178457.0,0.0,0,5.42,0
20131112,1384185600000,5.510000000000001,5.53,5.3100000000000005,5.45,178231,96514822.99999999,0.0,0,5.500000000000001,0
20131113,1384272000000,5.44,5.44,5.19,5.19,178781,95061928.0,0.0,0,5.45,0
20131114,1384358400000,5.2,5.32,5.13,5.31,170271,89362623.0,0.0,0,5.1899999999999995,0
20131115,1384444800000,5.33,5.6000000000000005,5.3100000000000005,5.470000000000001,307900,169149137.0,0.0,0,5.3100000000000005,0
20131118,1384704000000,5.6,6.02,5.59,6.02,612434,359657215.00000006,0.0,0,5.47,0
20131119,1384790400000,6.21,6.29,5.91,5.99,633115,385239673.00000006,0.0,0,6.0200000000000005,0
20131120,1384876800000,5.99,6.15,5.92,6.14,343551,206911212.0,0.0,0,5.99,0
20131121,1384963200000,6.08,6.25,5.93,6.21,411720,250391370.0,0.0,0,6.14,0
20131122,1385049600000,6.380000000000001,6.53,6.11,6.11,455656,286438145.00000006,0.0,0,6.21,0
20131125,1385308800000,6.0,6.07,5.86,5.890000000000001,289934,173258159.0,0.0,0,6.11,0
20131126,1385395200000,5.87,5.95,5.84,5.8999999999999995,162132,95745570.0,0.0,0,5.89,0
20131127,1385481600000,5.92,6.12,5.87,6.09,268309,162427482.0,0.0,0,5.9,0
20131128,1385568000000,6.1,6.16,6.01,6.029999999999999,239897,145402806.00000003,0.0,0,6.09,0
20131129,1385654400000,6.0,6.08,5.93,6.01,221793,132880467.0,0.0,0,6.029999999999999,0
20131202,1385913600000,5.75,5.88,5.49,5.49,288507,163138558.0,0.0,0,6.01,0
20131203,1386000000000,5.45,5.67,5.41,5.65,138518,77314576.00000001,0.0,0,5.49,0
20131204,1386086400000,5.65,5.840000000000001,5.61,5.78,172414,99581330.0,0.0,0,5.65,0
20131205,1386172800000,5.77,5.87,5.71,5.75,150734,86920487.0,0.0,0,5.78,0
20131206,1386259200000,5.73,5.78,5.7,5.73,89389,51233606.0,0.0,0,5.75,0
20131209,1386518400000,5.7299999999999995,5.779999999999999,5.72,5.75,89050,51158670.0,0.0,0,5.7299999999999995,0
20131210,1386604800000,5.79,6.09,5.78,6.03,365275,218176354.0,0.0,0,5.75,0
20131211,1386691200000,6.000000000000001,6.000000000000001,5.8500000000000005,5.930000000000001,175855,103892744.0,0.0,0,6.03,0
20131212,1386777600000,5.93,6.02,5.88,5.89,160335,95302527.00000001,0.0,0,5.93,0
20131213,1386864000000,5.8100000000000005,5.9,5.8100000000000005,5.880000000000001,98877,57956779.0,0.0,0,5.890000000000001,0
20131216,1387123200000,5.8500000000000005,5.93,5.66,5.66,134498,77519621.0,0.0,0,5.88,0
20131217,1387209600000,5.6899999999999995,5.7,5.47,5.5,119377,66399782.0,0.0,0,5.66,0
20131218,1387296000000,5.5,5.6899999999999995,5.47,5.58,94905,52811895.0,0.0,0,5.5,0
20131219,1387382400000,5.59,5.68,5.5,5.51,76223,42272924.00000001,0.0,0,5.58,0
20131220,1387468800000,5.55,5.55,5.41,5.46,70621,38658753.0,0.0,0,5.51,0
20131223,1387728000000,5.470000000000001,5.49,5.23,5.33,75444,40218045.0,0.0,0,5.460000000000001,0
20131224,1387814400000,5.34,5.55,5.34,5.4399999999999995,96003,52377500.0,0.0,0,5.33,0
20131225,1387900800000,5.590000000000001,5.670000000000001,5.5200000000000005,5.57,102575,57194666.0,0.0,0,5.44,0
20131226,1387987200000,5.580000000000001,5.6000000000000005,5.3500000000000005,5.36,94253,51167781.0,0.0,0,5.57,0
20131227,1388073600000,5.319999999999999,5.49,5.3,5.46,74418,40497048.0,0.0,0,5.359999999999999,0
20131230,1388332800000,5.53,5.5600000000000005,5.4,5.430000000000001,72822,39772221.0,0.0,0,5.46,0
20131231,1388419200000,5.41,5.470000000000001,5.36,5.44,59232,32051067.000000004,0.0,0,5.430000000000001,0
20140102,1388592000000,5.45,5.5,5.41,5.48,60301,33002732.0,0.0,0,5.44,0
20140103,1388678400000,5.61,6.03,5.61,6.03,540104,323232868.0,0.0,0,5.48,0
20140106,1388937600000,6.33,6.58,6.22,6.3999999999999995,1105252,705665817.0,0.0,0,6.029999999999999,0
20140107,1389024000000,6.46,6.56,6.26,6.56,744041,478601630.0,0.0,0,6.3999999999999995,0
20140108,1389110400000,6.6,6.76,6.42,6.64,660206,435899257.0,0.0,0,6.56,0
20140109,1389196800000,6.58,6.69,6.32,6.390000000000001,519280,338003538.0,0.0,0,6.640000000000001,0
20140110,1389283200000,6.33,6.43,6.08,6.17,463432,288818066.99999994,0.0,0,6.39,0
20140113,1389542400000,6.16,6.28,6.0600000000000005,6.140000000000001,283387,174493545.0,0.0,0,6.170000000000001,0
20140114,1389628800000,6.130000000000001,6.48,6.0600000000000005,6.41,596882,375336528.0,0.0,0,6.140000000000001,0
20140115,1389715200000,6.34,6.43,6.22,6.31,389373,245892886.0,0.0,0,6.41,0
20140116,1389801600000,6.250000000000001,6.3100000000000005,6.1000000000000005,6.15,255310,158445545.0,0.0,0,6.3100000000000005,0
20140117,1389888000000,6.140000000000001,6.33,6.11,6.21,275582,171833642.0,0.0,0,6.15,0
20140120,1390147200000,6.23,6.27,6.0,6.04,229584,140068648.0,0.0,0,6.21,0
20140121,1390233600000,6.06,6.1899999999999995,6.01,6.1899999999999995,205528,125770189.00000001,0.0,0,6.04,0
20140122,1390320000000,6.21,6.45,6.2,6.41,410506,260280829.0,0.0,0,6.19,0
20140123,1390406400000,6.38,6.58,6.28,6.5,372714,240210422.99999997,0.0,0,6.41,0
20140124,1390492800000,6.4799999999999995,6.54,6.38,6.4399999999999995,309958,199824511.0,0.0,0,6.5,0
20140127,1390752000000,6.38,6.46,6.24,6.3,262245,166186113.00000003,0.0,0,6.44,0
20140128,1390838400000,6.3,6.38,6.08,6.14,303186,187145732.0,0.0,0,6.3,0
20140129,1390924800000,6.109999999999999,6.24,6.09,6.21,198420,122431478.00000001,0.0,0,6.14,0
20140130,1391011200000,6.17,6.1899999999999995,6.05,6.14,153535,93877927.0,0.0,0,6.21,0
20140207,1391702400000,6.12,6.22,6.01,6.1899999999999995,230730,141749563.0,0.0,0,6.14,0
20140210,1391961600000,6.21,6.65,6.19,6.5200000000000005,609324,389681008.99999994,0.0,0,6.19,0
20140211,1392048000000,6.5,6.590000000000001,6.36,6.41,441577,285277531.00000006,0.0,0,6.5200000000000005,0
20140212,1392134400000,6.43,7.0,6.43,6.89,793702,538645477.0000001,0.0,0,6.41,0
20140213,1392220800000,6.78,6.86,6.61,6.62,411464,278019090.00000006,0.0,0,6.890000000000001,0
20140214,1392307200000,6.62,6.99,6.62,6.84,463770,316913951.0,0.0,0,6.62,0
20140217,1392566400000,6.88,7.04,6.76,7.01,507257,350489831.0,0.0,0,6.84,0
20140218,1392652800000,7.0,7.01,6.74,6.7700000000000005,497545,339360692.0,0.0,0,7.01,0
20140219,1392739200000,6.760000000000001,7.25,6.73,7.08,727848,510227025.0,0.0,0,6.7700000000000005,0
20140220,1392825600000,7.05,7.07,6.74,6.76,491741,336532511.0,0.0,0,7.08,0
20140221,1392912000000,6.72,6.75,6.51,6.6499999999999995,282231,186968848.0,0.0,0,6.76,0
20140224,1393171200000,6.6000000000000005,6.6000000000000005,6.36,6.53,276762,179101172.0,0.0,0,6.65,0
20140225,1393257600000,6.53,6.640000000000001,6.1000000000000005,6.15,362429,231732902.0,0.0,0,6.53,0
20140226,1393344000000,6.1000000000000005,6.140000000000001,5.91,6.13,202579,122338618.0,0.0,0,6.15,0
20140227,1393430400000,6.15,6.260000000000001,5.9,5.94,237592,145175153.0,0.0,0,6.130000000000001,0
20140228,1393516800000,5.920000000000001,6.040000000000001,5.8500000000000005,6.040000000000001,152465,90604571.0,0.0,0,5.94,0
20140303,1393776000000,6.0200000000000005,6.220000000000001,6.0200000000000005,6.180000000000001,176750,108653202.0,0.0,0,6.04,0
20140304,1393862400000,6.1,6.16,6.05,6.14,156700,95748110.0,0.0,0,6.18,0
20140305,1393948800000,6.22,6.38,6.13,6.18,225324,140822905.0,0.0,0,6.14,0
20140306,1394035200000,6.18,6.32,6.13,6.28,200886,125698575.0,0.0,0,6.18,0
20140307,1394121600000,6.2700000000000005,6.3,6.04,6.09,189601,117014476.0,0.0,0,6.28,0
20140310,1394380800000,6.0,6.0,5.54,5.59,261520,150373106.00000003,0.0,0,6.09,0
20140311,1394467200000,5.62,5.75,5.53,5.640000000000001,128269,72276750.0,0.0,0,5.59,0
20140312,1394553600000,5.64,5.66,5.38,5.5,161445,89114959.00000001,0.0,0,5.64,0
20140313,1394640000000,5.51,5.609999999999999,5.47,5.56,97676,54219189.99999999,0.0,0,5.5,0
20140314,1394726400000,5.5,5.54,5.42,5.4799999999999995,93582,51273766.00000001,0.0,0,5.56,0
20140317,1394985600000,5.489999999999999,5.6499999999999995,5.47,5.6499999999999995,119348,66554578.0,0.0,0,5.4799999999999995,0
20140318,1395072000000,5.63,5.71,5.62,5.65,99493,56295033.00000001,0.0,0,5.65,0
20140319,1395158400000,5.65,5.65,5.5,5.58,96340,53461688.99999999,0.0,0,5.65,0
20140320,1395244800000,5.590000000000001,5.62,5.4,5.4,122635,67722284.00000001,0.0,0,5.58,0
20140321,1395331200000,5.39,5.5600000000000005,5.33,5.5600000000000005,112473,61276630.0,0.0,0,5.4,0
20140324,1395590400000,5.57,5.65,5.5,5.6,108193,60551217.0,0.0,0,5.56,0
20140325,1395676800000,5.6000000000000005,5.680000000000001,5.5600000000000005,5.670000000000001,117798,66486467.0,0.0,0,5.6000000000000005,0
20140326,1395763200000,5.680000000000001,5.73,5.61,5.63,85584,48460084.0,0.0,0,5.67,0
20140327,1395849600000,5.63,5.63,5.5,5.52,94507,52462783.0,0.0,0,5.63,0
20140328,1395936000000,5.500000000000001,5.540000000000001,5.3100000000000005,5.3100000000000005,130218,70367683.0,0.0,0,5.5200000000000005,0
20140331,1396195200000,5.3100000000000005,5.460000000000001,5.3100000000000005,5.36,82996,44558866.00000001,0.0,0,5.3100000000000005,0
20140401,1396281600000,5.36,5.46,5.33,5.46,57770,31306441.000000004,0.0,0,5.36,0
20140402,1396368000000,5.46,5.489999999999999,5.43,5.46,62284,33996940.0,0.0,0,5.46,0
20140403,1396454400000,5.47,5.54,5.43,5.4799999999999995,80575,44239929.0,0.0,0,5.46,0
20140404,1396540800000,5.48,5.79,5.4,5.65,179402,101005862.0,0.0,0,5.48,0
20140408,1396886400000,5.62,5.7,5.5600000000000005,5.680000000000001,115895,65307487.0,0.0,0,5.65,0
20140409,1396972800000,5.65,5.72,5.62,5.69,108994,61871846.00000001,0.0,0,5.68,0
20140410,1397059200000,5.78,5.86,5.66,5.67,154843,88949076.00000001,0.0,0,5.69,0
20140411,1397145600000,5.61,5.63,5.53,5.58,111674,62330927.0,0.0,0,5.67,0
20140414,1397404800000,5.56,5.6499999999999995,5.55,5.6499999999999995,75661,42334910.0,0.0,0,5.58,0
20140415,1397491200000,5.65,5.65,5.54,5.54,70933,39582547.0,0.0,0,5.65,0
20140416,1397577600000,5.53,5.55,5.46,5.5,78472,43171766.0,0.0,0,5.54,0
20140417,1397664000000,6.0,6.050000000000001,5.82,5.83,642147,382875961.00000006,0.0,0,5.5,0
20140418,1397750400000,5.67,5.77,5.63,5.6899999999999995,311689,177443229.0,0.0,0,5.83,0
20140421,1398009600000,5.609999999999999,5.67,5.51,5.529999999999999,159307,89152837.0,0.0,0,5.6899999999999995,0
20140422,1398096000000,5.53,5.5600000000000005,5.3500000000000005,5.49,138577,75585083.0,0.0,0,5.53,0
20140423,1398182400000,5.66,5.75,5.53,5.55,171266,96477955.0,0.0,0,5.49,0
20140424,1398268800000,5.45,5.58,5.42,5.45,101846,55867766.00000001,0.0,0,5.55,0
20140425,1398355200000,5.44,5.48,5.2,5.2,150602,80086966.0,0.0,0,5.45,0
20140428,1398614400000,5.13,5.180000000000001,4.95,4.96,106739,54077897.00000001,0.0,0,5.2,0
20140429,1398700800000,4.96,5.22,4.96,5.16,109399,55892589.0,0.0,0,4.96,0
20140430,1398787200000,5.21,5.2700000000000005,5.15,5.23,72807,37993465.0,0.0,0,5.16,0
20140505,1399219200000,5.2,5.2299999999999995,5.09,5.21,74194,38244678.0,0.0,0,5.2299999999999995,0
20140506,1399305600000,5.21,5.33,5.18,5.25,74169,39055469.00000001,0.0,0,5.21,0
20140507,1399392000000,5.220000000000001,5.300000000000001,5.15,5.17,72015,37526099.0,0.0,0,5.25,0
20140508,1399478400000,5.1499999999999995,5.27,5.13,5.16,54182,28140216.000000004,0.0,0,5.17,0
20140509,1399564800000,5.16,5.1899999999999995,5.05,5.09,52290,26753308.0,0.0,0,5.16,0
20140512,1399824000000,5.14,5.24,5.13,5.24,69789,36277883.0,0.0,0,5.09,0
20140513,1399910400000,5.21,5.29,5.2,5.23,57646,30218909.0,0.0,0,5.24,0
20140514,1399996800000,5.24,5.24,5.19,5.2,44471,23171627.0,0.0,0,5.23,0
20140515,1400083200000,5.19,5.23,5.07,5.09,49959,25725737.0,0.0,0,5.2,0
20140516,1400169600000,5.09,5.180000000000001,5.07,5.11,42071,21486303.0,0.0,0,5.09,0
20140519,1400428800000,5.1000000000000005,5.12,5.0200000000000005,5.08,37391,18952365.0,0.0,0,5.11,0
20140520,1400515200000,5.11,5.15,5.07,5.08,33618,17179013.0,0.0,0,5.08,0
20140521,1400601600000,5.08,5.130000000000001,4.98,5.130000000000001,39936,20265176.0,0.0,0,5.08,0
20140522,1400688000000,5.15,5.19,5.08,5.11,54429,28035955.0,0.0,0,5.13,0
20140523,1400774400000,5.1,5.2299999999999995,5.09,5.21,55984,28861940.000000004,0.0,0,5.109999999999999,0
20140526,1401033600000,5.2,5.260000000000001,5.19,5.24,71111,37154187.0,0.0,0,5.21,0
20140527,1401120000000,5.220000000000001,5.430000000000001,5.19,5.390000000000001,182068,96840010.00000001,0.0,0,5.24,0
20140528,1401206400000,5.55,5.93,5.55,5.93,420048,244890406.00000003,0.0,0,5.39,0
20140529,1401292800000,6.390000000000001,6.5200000000000005,6.1000000000000005,6.2700000000000005,1478271,927008110.0000001,0.0,0,5.930000000000001,0
20140530,1401379200000,6.180000000000001,6.44,6.11,6.3100000000000005,1048482,660573332.0,0.0,0,6.2700000000000005,0
20140603,1401724800000,6.319999999999999,6.42,6.01,6.01,647972,398858657.0,0.0,0,6.31,0
20140604,1401811200000,5.96,6.0200000000000005,5.7,5.82,549170,321057748.0,0.0,0,6.01,0
20140605,1401897600000,5.81,6.04,5.75,5.96,417214,245363421.0,0.0,0,5.82,0
20140606,1401984000000,5.9,5.96,5.78,5.87,310660,181903407.0,0.0,0,5.95,0
20140609,1402243200000,5.8,5.819999999999999,5.64,5.699999999999999,266383,152653549.0,0.0,0,5.87,0
20140610,1402329600000,5.83,5.95,5.72,5.85,431198,252785856.00000003,0.0,0,5.7,0
20140611,1402416000000,5.76,5.83,5.72,5.8,269577,155667993.0,0.0,0,5.85,0
20140612,1402502400000,5.78,5.9,5.71,5.88,283923,164954285.0,0.0,0,5.8,0
20140613,1402588800000,5.8500000000000005,5.96,5.78,5.890000000000001,273425,160319904.0,0.0,0,5.88,0
20140616,1402848000000,5.87,5.95,5.82,5.86,267161,157211820.00000003,0.0,0,5.890000000000001,0
20140617,1402934400000,5.83,5.8500000000000005,5.62,5.64,311584,177842536.0,0.0,0,5.86,0
20140618,1403020800000,5.6000000000000005,5.71,5.57,5.59,207137,116640820.0,0.0,0,5.640000000000001,0
20140619,1403107200000,5.58,5.640000000000001,5.36,5.38,187883,103214096.0,0.0,0,5.590000000000001,0
20140620,1403193600000,5.390000000000001,5.44,5.3500000000000005,5.430000000000001,138012,74453479.0,0.0,0,5.380000000000001,0
20140623,1403452800000,5.43,5.52,5.42,5.4799999999999995,116586,63944616.00000001,0.0,0,5.43,0
20140624,1403539200000,5.49,5.53,5.46,5.5,122915,67532914.0,0.0,0,5.4799999999999995,0
20140625,1403625600000,5.5,5.510000000000001,5.4,5.430000000000001,83711,45615505.0,0.0,0,5.5,0
20140626,1403712000000,5.42,5.62,5.41,5.57,155469,86202114.00000001,0.0,0,5.43,0
20140627,1403798400000,5.57,5.720000000000001,5.53,5.640000000000001,174479,98205362.99999999,0.0,0,5.57,0
20140630,1404057600000,5.65,5.7,5.6000000000000005,5.670000000000001,144671,81797346.0,0.0,0,5.640000000000001,0
20140701,1404144000000,5.67,5.779999999999999,5.64,5.67,169188,96293454.0,0.0,0,5.67,0
20140702,1404230400000,5.66,5.670000000000001,5.5600000000000005,5.630000000000001,154940,87026157.0,0.0,0,5.670000000000001,0
20140703,1404316800000,5.64,5.75,5.59,5.6899999999999995,174447,99367164.0,0.0,0,5.63,0
20140704,1404403200000,5.67,5.73,5.66,5.72,138065,78736799.00000001,0.0,0,5.69,0
20140707,1404662400000,5.73,5.75,5.65,5.7,102660,58404484.99999999,0.0,0,5.720000000000001,0
20140708,1404748800000,5.7,5.7,5.58,5.69,112626,63544015.0,0.0,0,5.7,0
20140709,1404835200000,5.68,5.74,5.5,5.5,138039,77436585.0,0.0,0,5.69,0
20140710,1404921600000,5.54,5.59,5.51,5.52,79661,44172062.0,0.0,0,5.5,0
20140711,1405008000000,5.51,5.65,5.5,5.61,91189,51049015.0,0.0,0,5.52,0
20140714,1405267200000,5.63,5.71,5.61,5.71,112502,63947081.0,0.0,0,5.61,0
20140715,1405353600000,5.71,5.72,5.62,5.69,102214,57925960.0,0.0,0,5.71,0
20140716,1405440000000,5.65,5.7,5.6000000000000005,5.640000000000001,89281,50474283.00000001,0.0,0,5.69,0
20140717,1405526400000,5.66,5.7,5.61,5.67,101509,57415800.0,0.0,0,5.640000000000001,0
20140718,1405612800000,5.67,5.6899999999999995,5.63,5.64,79102,44816248.0,0.0,0,5.67,0
20140721,1405872000000,5.65,5.65,5.53,5.54,96798,53849362.0,0.0,0,5.640000000000001,0
20140722,1405958400000,5.54,5.61,5.53,5.58,65164,36361503.0,0.0,0,5.54,0
20140723,1406044800000,5.57,5.680000000000001,5.5200000000000005,5.680000000000001,176440,98850895.0,0.0,0,5.58,0
20140724,1406131200000,5.75,5.84,5.64,5.68,263130,150792864.00000003,0.0,0,5.68,0
20140725,1406217600000,5.680000000000001,5.920000000000001,5.6000000000000005,5.86,325179,187957407.0,0.0,0,5.680000000000001,0
20140728,1406476800000,5.8500000000000005,5.95,5.8100000000000005,5.9,368832,216941566.0,0.0,0,5.86,0
20140729,1406563200000,5.9,5.91,5.83,5.86,238744,139967775.0,0.0,0,5.9,0
20140730,1406649600000,5.840000000000001,5.87,5.7700000000000005,5.86,217177,126526233.99999999,0.0,0,5.86,0
20140731,1406736000000,5.8500000000000005,5.930000000000001,5.8100000000000005,5.91,195494,115090432.0,0.0,0,5.86,0
20140801,1406822400000,5.890000000000001,5.9,5.78,5.79,192702,112657461.0,0.0,0,5.91,0
20140804,1407081600000,5.83,6.07,5.82,5.99,317783,189706627.0,0.0,0,5.79,0
20140805,1407168000000,5.99,6.0200000000000005,5.9,6.0,208229,124116285.0,0.0,0,5.99,0
20140806,1407254400000,5.95,5.9799999999999995,5.92,5.95,166627,99132195.0,0.0,0,6.0,0
20140807,1407340800000,5.96,6.18,5.96,6.02,382153,232198850.0,0.0,0,5.95,0
20140808,1407427200000,6.0200000000000005,6.090000000000001,5.98,6.03,160265,96507478.00000001,0.0,0,6.0200000000000005,0
20140811,1407686400000,6.04,6.12,6.0200000000000005,6.090000000000001,182145,110722815.00000001,0.0,0,6.03,0
20140812,1407772800000,6.08,6.08,5.98,6.03,203990,122671418.0,0.0,0,6.090000000000001,0
20140813,1407859200000,6.010000000000001,6.08,5.94,5.99,168506,101103272.0,0.0,0,6.03,0
20140814,1407945600000,5.970000000000001,6.010000000000001,5.9,5.91,180025,107209096.0,0.0,0,5.99,0
20140815,1408032000000,5.92,6.04,5.92,6.02,164263,98376761.0,0.0,0,5.91,0
20140818,1408291200000,6.03,6.08,5.99,6.07,176025,106236082.0,0.0,0,6.0200000000000005,0
20140819,1408377600000,6.07,6.17,6.04,6.15,316550,193727331.0,0.0,0,6.07,0
20140820,1408464000000,6.15,6.15,6.07,6.09,166883,101953392.0,0.0,0,6.15,0
20140821,1408550400000,6.1,6.12,5.97,6.04,159571,96254702.0,0.0,0,6.09,0
20140822,1408636800000,6.04,6.37,6.01,6.24,383780,238574813.00000003,0.0,0,6.04,0
20140825,1408896000000,6.180000000000001,6.23,6.1000000000000005,6.11,196534,120728352.00000001,0.0,0,6.24,0
20140826,1408982400000,6.1000000000000005,6.13,5.91,5.94,174486,104958949.00000001,0.0,0,6.11,0
20140827,1409068800000,5.93,6.04,5.93,5.989999999999999,104726,62748771.0,0.0,0,5.9399999999999995,0
20140828,1409155200000,5.97,6.06,5.89,5.92,119445,71373585.0,0.0,0,5.989999999999999,0
20140829,1409241600000,5.9,6.16,5.86,6.090000000000001,199555,120876348.99999999,0.0,0,5.92,0
20140901,1409500800000,6.04,6.140000000000001,6.0200000000000005,6.130000000000001,163456,99614273.0,0.0,0,6.090000000000001,0
20140902,1409587200000,6.140000000000001,6.24,6.11,6.19,237366,146724342.99999997,0.0,0,6.13,0
20140903,1409673600000,6.24,6.31,6.17,6.26,289740,180419375.0,0.0,0,6.1899999999999995,0
20140904,1409760000000,6.36,6.4,6.24,6.2700000000000005,269096,169209790.0,0.0,0,6.26,0
20140905,1409846400000,6.27,6.31,6.17,6.26,208545,130127128.0,0.0,0,6.27,0
20140909,1410192000000,6.28,6.32,6.19,6.3100000000000005,230327,143937203.99999997,0.0,0,6.260000000000001,0
20140910,1410278400000,6.279999999999999,6.37,6.22,6.359999999999999,250456,157992169.0,0.0,0,6.31,0
20140911,1410364800000,6.390000000000001,6.7700000000000005,6.36,6.510000000000001,584269,382780380.0,0.0,0,6.36,0
20140912,1410451200000,6.5,6.62,6.41,6.62,331740,216777359.0,0.0,0,6.51,0
20140915,1410710400000,6.640000000000001,6.8100000000000005,6.5600000000000005,6.74,385441,258093093.0,0.0,0,6.62,0
20140916,1410796800000,6.720000000000001,6.760000000000001,6.3500000000000005,6.3500000000000005,417374,273288430.99999994,0.0,0,6.74,0
20140917,1410883200000,6.359999999999999,6.99,6.26,6.99,594101,396181430.0,0.0,0,6.35,0
20140918,1410969600000,7.17,7.180000000000001,6.82,6.99,775990,544544795.0,0.0,0,6.99,0
20140919,1411056000000,6.99,7.12,6.79,6.91,473433,329279644.0,0.0,0,6.99,0
20140922,1411315200000,6.82,6.9,6.66,6.66,515974,348331417.99999994,0.0,0,6.91,0
20140923,1411401600000,6.74,6.93,6.67,6.85,492050,334728926.0,0.0,0,6.66,0
20140924,1411488000000,6.74,6.800000000000001,6.61,6.78,455302,306138950.00000006,0.0,0,6.8500000000000005,0
20140925,1411574400000,6.78,6.970000000000001,6.73,6.83,453342,309689582.0,0.0,0,6.78,0
20140926,1411660800000,6.779999999999999,6.85,6.72,6.76,254052,172212658.0,0.0,0,6.83,0
20140929,1411920000000,6.79,7.0600000000000005,6.7700000000000005,6.920000000000001,392294,270544917.0,0.0,0,6.760000000000001,0
20140930,1412006400000,6.920000000000001,7.050000000000001,6.890000000000001,6.98,293312,204329023.0,0.0,0,6.920000000000001,0
20141008,1412697600000,7.0,7.06,6.93,7.05,257484,180433641.0,0.0,0,6.9799999999999995,0
20141009,1412784000000,7.050000000000001,7.090000000000001,6.8500000000000005,6.95,335579,233459353.0,0.0,0,7.050000000000001,0
20141010,1412870400000,6.91,7.130000000000001,6.8500000000000005,7.010000000000001,395809,278637785.0,0.0,0,6.95,0
20141013,1413129600000,7.0,7.0,6.78,6.9,254487,174566562.0,0.0,0,7.010000000000001,0
20141014,1413216000000,6.87,6.91,6.71,6.77,285498,194740228.0,0.0,0,6.9,0
20141015,1413302400000,6.7700000000000005,6.890000000000001,6.73,6.890000000000001,200196,136290840.0,0.0,0,6.7700000000000005,0
20141016,1413388800000,6.84,6.91,6.7,6.7,229197,156268596.00000003,0.0,0,6.890000000000001,0
20141017,1413475200000,6.7,6.75,6.41,6.51,253138,165984188.00000003,0.0,0,6.7,0
20141020,1413734400000,6.54,6.62,6.5200000000000005,6.6000000000000005,130566,85946698.00000001,0.0,0,6.510000000000001,0
20141021,1413820800000,6.6899999999999995,6.82,6.63,6.6499999999999995,224621,151314452.0,0.0,0,6.6,0
20141022,1413907200000,6.63,6.74,6.51,6.52,149654,99123277.99999999,0.0,0,6.6499999999999995,0
20141023,1413993600000,6.52,6.58,6.38,6.41,154858,100011257.0,0.0,0,6.52,0
20141024,1414080000000,6.420000000000001,6.550000000000001,6.390000000000001,6.48,108033,69916875.0,0.0,0,6.41,0
20141027,1414339200000,6.46,6.640000000000001,6.4,6.61,137543,90343113.0,0.0,0,6.48,0
20141028,1414425600000,6.6899999999999995,7.26,6.68,7.09,782457,550596343.0,0.0,0,6.609999999999999,0
20141029,1414512000000,7.0200000000000005,7.19,6.98,7.140000000000001,615207,436470326.99999994,0.0,0,7.090000000000001,0
20141030,1414598400000,7.140000000000001,7.2,6.99,7.07,445201,315445357.0,0.0,0,7.140000000000001,0
20141031,1414684800000,7.07,7.3500000000000005,7.03,7.28,580715,416344736.00000006,0.0,0,7.07,0
20141103,1414944000000,7.31,7.44,7.21,7.27,396872,288907181.0,0.0,0,7.28,0
20141104,1415030400000,7.24,7.250000000000001,7.0600000000000005,7.170000000000001,307957,219825498.0,0.0,0,7.2700000000000005,0
20141105,1415116800000,7.14,7.22,7.04,7.1,182638,130200573.00000001,0.0,0,7.17,0
20141106,1415203200000,7.11,7.65,7.11,7.48,639570,474860560.0,0.0,0,7.1000000000000005,0
20141107,1415289600000,7.42,7.6000000000000005,7.28,7.38,469696,349175328.0,0.0,0,7.48,0
20141110,1415548800000,7.42,7.43,7.25,7.37,260716,191305081.0,0.0,0,7.38,0
20141111,1415635200000,7.37,7.49,6.95,7.0600000000000005,445234,320197894.00000006,0.0,0,7.37,0
20141112,1415721600000,7.05,7.16,6.97,7.14,179915,127371025.0,0.0,0,7.06,0
20141113,1415808000000,7.1499999999999995,7.16,6.8,6.83,314499,217578011.0,0.0,0,7.14,0
20141114,1415894400000,6.800000000000001,6.91,6.73,6.87,148295,101513710.0,0.0,0,6.83,0
20141117,1416153600000,6.9,7.08,6.83,7.0,147918,103296952.0,0.0,0,6.87,0
20141118,1416240000000,7.0,7.220000000000001,6.99,7.13,211526,150392574.0,0.0,0,7.0,0
20141119,1416326400000,7.15,7.28,7.0600000000000005,7.2,254516,183048617.0,0.0,0,7.130000000000001,0
20141120,1416412800000,7.15,7.23,7.1000000000000005,7.15,149541,106947416.0,0.0,0,7.2,0
20141121,1416499200000,7.16,7.23,7.1000000000000005,7.140000000000001,232261,165802005.0,0.0,0,7.15,0
20141124,1416758400000,7.2,7.26,7.12,7.19,282233,202596000.0,0.0,0,7.14,0
20141125,1416844800000,7.18,7.34,7.16,7.29,341746,247730325.0,0.0,0,7.19,0
20141126,1416931200000,7.29,7.4399999999999995,7.22,7.39,380773,279649916.0,0.0,0,7.29,0
20141127,1417017600000,7.42,7.46,7.28,7.3500000000000005,310904,228864742.0,0.0,0,7.390000000000001,0
20141128,1417104000000,7.31,7.74,7.21,7.54,599992,447976586.0,0.0,0,7.35,0
20141201,1417363200000,7.6499999999999995,8.08,7.47,7.81,740336,574188045.0,0.0,0,7.54,0
20141202,1417449600000,7.72,7.86,7.58,7.7,454752,351553502.00000006,0.0,0,7.8100000000000005,0
20141203,1417536000000,7.79,7.95,7.61,7.73,436283,339044731.0,0.0,0,7.7,0
20141204,1417622400000,7.85,8.04,7.75,7.92,456537,361347873.0,0.0,0,7.73,0
20141205,1417708800000,7.880000000000001,7.890000000000001,7.3100000000000005,7.420000000000001,543407,410276059.0,0.0,0,7.920000000000001,0
20141208,1417968000000,7.38,7.39,7.21,7.31,363530,265578884.0,0.0,0,7.42,0
20141209,1418054400000,7.25,7.25,6.84,6.88,398256,283727971.0,0.0,0,7.31,0
20141210,1418140800000,6.88,7.140000000000001,6.82,7.140000000000001,230401,161843023.00000003,0.0,0,6.88,0
20141211,1418227200000,7.140000000000001,7.250000000000001,7.0600000000000005,7.24,233070,166779520.00000003,0.0,0,7.140000000000001,0
20141212,1418313600000,7.26,7.43,7.18,7.35,269448,196820893.0,0.0,0,7.239999999999999,0
20141215,1418572800000,7.35,7.68,7.21,7.65,389580,291213083.0,0.0,0,7.35,0
20141216,1418659200000,7.55,7.6499999999999995,7.47,7.569999999999999,297005,224186332.00000003,0.0,0,7.6499999999999995,0
20141217,1418745600000,7.53,7.58,7.24,7.29,286821,211447505.0,0.0,0,7.57,0
20141218,1418832000000,7.27,7.3999999999999995,7.22,7.26,173751,126981398.0,0.0,0,7.29,0
20141219,1418918400000,7.340000000000001,7.470000000000001,7.1000000000000005,7.23,244124,177266131.0,0.0,0,7.260000000000001,0
20141222,1419177600000,7.2,7.2299999999999995,6.8,6.87,274671,191326910.0,0.0,0,7.2299999999999995,0
20141223,1419264000000,6.91,7.12,6.9,6.95,165087,115745007.00000001,0.0,0,6.87,0
20141224,1419350400000,7.08,7.180000000000001,6.98,7.07,161333,113892779.0,0.0,0,6.95,0
20141225,1419436800000,7.45,7.59,7.26,7.31,337909,248881630.0,0.0,0,7.069999999999999,0
20141226,1419523200000,7.32,7.32,7.15,7.21,211847,152629939.0,0.0,0,7.3100000000000005,0
20141229,1419782400000,7.220000000000001,7.24,6.98,7.03,224722,158756983.0,0.0,0,7.210000000000001,0
20141230,1419868800000,7.03,7.12,6.9,6.91,143762,100354233.00000001,0.0,0,7.03,0
20141231,1419955200000,6.91,6.98,6.87,6.96,110645,76722443.0,0.0,0,6.91,0
20150105,1420387200000,7.01,7.21,7.01,7.12,205779,146157059.0,0.0,0,6.96,0
20150106,1420473600000,7.05,7.2,6.92,7.17,246451,174742144.0,0.0,0,7.12,0
20150107,1420560000000,7.17,7.1899999999999995,7.05,7.1,150779,107167304.99999999,0.0,0,7.17,0
20150108,1420646400000,7.1000000000000005,7.13,6.99,7.0,138672,97706305.0,0.0,0,7.1000000000000005,0
20150109,1420732800000,6.98,7.0600000000000005,6.95,6.95,127878,89586731.99999999,0.0,0,7.0,0
20150112,1420992000000,6.91,6.9799999999999995,6.76,6.779999999999999,135056,92644004.0,0.0,0,6.95,0
20150113,1421078400000,6.78,6.96,6.78,6.92,109449,75518007.0,0.0,0,6.78,0
20150114,1421164800000,6.9,6.970000000000001,6.8100000000000005,6.83,89888,61854667.0,0.0,0,6.920000000000001,0
20150115,1421251200000,6.79,6.92,6.79,6.88,88276,60596367.0,0.0,0,6.83,0
20150116,1421337600000,6.88,7.1,6.88,7.04,185345,129851218.0,0.0,0,6.88,0
20150119,1421596800000,7.04,7.04,7.04,7.04,0,0.0,0.0,0,7.04,1
20150120,1421683200000,7.04,7.04,7.04,7.04,0,0.0,0.0,0,7.04,1
20150121,1421769600000,7.04,7.04,7.04,7.04,0,0.0,0.0,0,7.04,1
20150122,1421856000000,7.3500000000000005,7.48,7.2,7.3100000000000005,462558,338525527.0,0.0,0,7.04,0
20150123,1421942400000,7.380000000000001,7.41,7.140000000000001,7.16,252761,182830136.0,0.0,0,7.3100000000000005,0
20150126,1422201600000,7.17,7.63,7.17,7.55,542128,404268746.0,0.0,0,7.16,0
20150127,1422288000000,7.5,7.5200000000000005,7.32,7.46,334827,248484324.0,0.0,0,7.550000000000001,0
20150128,1422374400000,7.39,7.53,7.33,7.39,206388,153419257.0,0.0,0,7.46,0
20150129,1422460800000,7.32,7.470000000000001,7.28,7.4,169108,124968780.0,0.0,0,7.390000000000001,0
20150130,1422547200000,7.45,7.470000000000001,7.24,7.24,154216,113029839.00000001,0.0,0,7.4,0
20150202,1422806400000,7.16,7.3100000000000005,7.12,7.24,107830,77926121.99999999,0.0,0,7.24,0
20150203,1422892800000,7.25,7.77,7.25,7.61,565054,426633109.0,0.0,0,7.24,0
20150204,1422979200000,7.58,8.18,7.53,7.9,754750,591007862.0,0.0,0,7.61,0
20150205,1423065600000,8.030000000000001,8.690000000000001,7.9,8.690000000000001,724335,604309962.0,0.0,0,7.9,0
20150206,1423152000000,8.799999999999999,8.94,8.19,8.27,1029422,876182264.9999999,0.0,0,8.69,0
20150209,1423411200000,8.2,8.42,7.88,7.97,515951,419433013.0,0.0,0,8.27,0
20150210,1423497600000,7.920000000000001,8.23,7.890000000000001,8.23,405051,327402036.0,0.0,0,7.970000000000001,0
20150211,1423584000000,8.22,8.74,8.17,8.33,565978,476081057.0,0.0,0,8.23,0
20150212,1423670400000,8.370000000000001,8.55,8.15,8.24,446808,371680278.0,0.0,0,8.33,0
20150213,1423756800000,8.28,8.78,8.25,8.64,552218,469066857.0,0.0,0,8.24,0
20150216,1424016000000,8.600000000000001,9.42,8.55,9.21,633483,572404658.0,0.0,0,8.64,0
20150217,1424102400000,9.22,9.45,8.92,9.36,496626,456403680.0,0.0,0,9.209999999999999,0
20150225,1424793600000,9.270000000000001,10.280000000000001,9.21,9.58,608687,591701234.0,0.0,0,9.360000000000001,0
20150226,1424880000000,9.58,9.87,9.27,9.58,458864,436892956.0,0.0,0,9.58,0
20150227,1424966400000,9.52,9.75,9.4,9.59,360857,344705599.0,0.0,0,9.58,0
20150302,1425225600000,9.56,10.09,9.39,10.0,519994,505082492.00000006,0.0,0,9.59,0
20150303,1425312000000,9.930000000000001,10.180000000000001,9.71,9.72,412707,408788106.0,0.0,0,10.0,0
20150304,1425398400000,9.66,9.77,9.51,9.66,293752,282712907.0,0.0,0,9.72,0
20150305,1425484800000,9.7,10.35,9.6,10.17,595124,597068948.0,0.0,0,9.66,0
20150306,1425571200000,10.07,10.28,9.44,9.54,424366,417366576.99999994,0.0,0,10.17,0
20150309,1425830400000,9.370000000000001,9.780000000000001,9.31,9.63,261827,250785890.0,0.0,0,9.540000000000001,0
20150310,1425916800000,9.61,10.139999999999999,9.53,9.87,390911,386040814.0,0.0,0,9.629999999999999,0
20150311,1426003200000,9.87,10.09,9.76,9.95,270649,267702409.00000003,0.0,0,9.87,0
20150312,1426089600000,10.2,10.32,9.69,9.76,337488,335981427.00000006,0.0,0,9.95,0
20150313,1426176000000,9.770000000000001,10.05,9.55,9.91,328384,321631484.00000006,0.0,0,9.760000000000002,0
20150316,1426435200000,10.0,10.9,10.0,10.9,877349,940320117.0,0.0,0,9.91,0
20150317,1426521600000,11.219999999999999,11.23,10.77,10.98,777579,853953125.0,0.0,0,10.9,0
20150318,1426608000000,11.21,11.680000000000001,11.120000000000001,11.23,586341,664059772.0,0.0,0,10.98,0
20150319,1426694400000,11.08,11.45,11.0,11.45,430642,483816524.0,0.0,0,11.23,0
20150320,1426780800000,11.6,12.0,11.41,11.48,484531,563759800.0,0.0,0,11.45,0
20150323,1427040000000,11.44,12.5,11.44,12.33,603763,719883488.0,0.0,0,11.479999999999999,0
20150324,1427126400000,12.39,12.39,11.26,12.0,950246,1132088337.0000002,0.0,0,12.33,0
20150325,1427212800000,11.88,11.98,11.55,11.700000000000001,567525,665917632.0,0.0,0,12.0,0
20150326,1427299200000,11.549999999999999,11.809999999999999,11.28,11.299999999999999,471827,541960535.0000001,0.0,0,11.7,0
20150327,1427385600000,11.200000000000001,11.48,11.13,11.39,332862,376146391.99999994,0.0,0,11.3,0
20150330,1427644800000,11.4,11.950000000000001,11.4,11.68,460645,540833201.0,0.0,0,11.39,0
20150331,1427731200000,11.72,11.8,11.47,11.520000000000001,313764,364553571.0,0.0,0,11.680000000000001,0
20150401,1427817600000,11.49,12.0,11.49,11.83,468996,554095340.0,0.0,0,11.52,0
20150402,1427904000000,11.89,13.010000000000002,11.89,13.010000000000002,929648,1178127253.0,0.0,0,11.83,0
20150403,1427990400000,13.32,14.31,13.05,14.31,916707,1265841966.0,0.0,0,13.010000000000002,0
20150407,1428336000000,14.69,15.66,14.5,14.55,898312,1340459659.0,0.0,0,14.31,0
20150408,1428422400000,14.68,14.79,13.68,14.31,723426,1031825668.0000001,0.0,0,14.549999999999999,0
20150409,1428508800000,14.16,14.16,13.1,13.83,622893,848741559.0,0.0,0,14.309999999999999,0
20150410,1428595200000,13.83,14.99,13.65,14.84,679313,987469297.0,0.0,0,13.83,0
20150413,1428854400000,14.959999999999999,15.629999999999999,14.34,15.3,757130,1135692644.0,0.0,0,14.84,0
20150414,1428940800000,15.19,15.48,14.69,14.979999999999999,526339,790288974.0,0.0,0,15.299999999999999,0
20150415,1429027200000,14.9,14.9,13.76,13.799999999999999,515801,735325992.0,0.0,0,14.98,0
20150416,1429113600000,13.549999999999999,14.34,13.11,13.799999999999999,478537,664572704.0,0.0,0,13.799999999999999,0
20150417,1429200000000,13.88,14.24,13.5,13.69,469762,649106324.0,0.0,0,13.8,0
20150420,1429459200000,13.9,14.0,12.9,13.17,507640,688028213.0000001,0.0,0,13.690000000000001,0
20150421,1429545600000,13.17,13.78,13.08,13.75,386546,520993745.0,0.0,0,13.17,0
20150422,1429632000000,13.85,14.26,13.83,14.2,471830,666831192.0,0.0,0,13.75,0
20150423,1429718400000,14.299999999999999,14.98,14.19,14.37,542757,789562691.0,0.0,0,14.2,0
20150424,1429804800000,14.0,14.25,13.5,13.82,496029,687441698.0,0.0,0,14.37,0
20150427,1430064000000,13.89,14.48,13.89,14.31,472968,674166506.0,0.0,0,13.82,0
20150428,1430150400000,14.31,14.36,13.17,13.39,440861,600767394.0,0.0,0,14.31,0
20150429,1430236800000,13.020000000000001,13.610000000000001,12.950000000000001,13.56,314678,418479309.0,0.0,0,13.39,0
20150430,1430323200000,13.57,14.92,13.56,14.610000000000001,1119144,1635407946.0,0.0,0,13.56,0
20150504,1430668800000,14.68,15.27,14.16,14.97,705487,1042637899.0,0.0,0,14.61,0
20150505,1430755200000,14.950000000000001,14.950000000000001,14.21,14.790000000000001,574063,835223645.0,0.0,0,14.97,0
20150506,1430841600000,14.750000000000002,16.0,14.700000000000001,15.000000000000002,781995,1210817055.9999998,0.0,0,14.790000000000001,0
20150507,1430928000000,14.98,15.75,14.5,14.6,624731,951538059.0,0.0,0,15.0,0
20150508,1431014400000,14.74,16.060000000000002,14.73,16.060000000000002,794620,1243477762.9999998,0.0,0,14.6,0
20150511,1431273600000,16.799999999999997,17.669999999999998,16.22,17.669999999999998,737538,1266992846.0,0.0,0,16.06,0
20150512,1431360000000,18.31,18.48,17.07,17.72,788717,1401123105.0,0.0,0,17.67,0
20150513,1431446400000,17.35,19.400000000000002,16.89,18.59,729141,1329047732.0,0.0,0,17.72,0
20150514,1431532800000,18.400000000000002,19.09,17.85,18.25,498218,913391184.0000001,0.0,0,18.59,0
20150515,1431619200000,18.189999999999998,18.25,17.2,17.8,523008,922379460.0,0.0,0,18.25,0
20150518,1431878400000,17.9,19.58,17.5,19.58,631818,1195116607.0,0.0,0,17.8,0
20150519,1431964800000,19.58,20.7,19.0,19.98,566596,1128865378.0,0.0,0,19.58,0
20150520,1432051200000,19.990000000000002,21.98,19.990000000000002,21.48,567516,1220950096.0,0.0,0,19.98,0
20150521,1432137600000,21.900000000000002,23.180000000000003,20.580000000000002,21.250000000000004,897447,1971738257.0,0.0,0,21.48,0
20150522,1432224000000,21.3,21.78,20.01,21.23,716159,1496167788.0,0.0,0,21.25,0
20150525,1432483200000,21.23,21.23,21.23,21.23,0,0.0,0.0,0,21.23,1
20150526,1432569600000,21.23,21.23,21.23,21.23,0,0.0,0.0,0,21.23,1
20150527,1432656000000,21.23,21.23,21.23,21.23,0,0.0,0.0,0,21.23,1
20150528,1432742400000,21.23,21.23,21.23,21.23,0,0.0,0.0,0,21.23,1
20150529,1432828800000,21.23,21.23,21.23,21.23,0,0.0,0.0,0,21.23,1
20150601,1433088000000,21.23,21.23,21.23,21.23,0,0.0,0.0,0,21.23,1
20150602,1433174400000,21.23,21.23,21.23,21.23,0,0.0,0.0,0,21.23,1
20150603,1433260800000,21.23,21.23,21.23,21.23,0,0.0,0.0,0,21.23,1
20150604,1433347200000,21.23,21.23,21.23,21.23,0,0.0,0.0,0,21.23,1
20150605,1433433600000,21.23,21.23,21.23,21.23,0,0.0,0.0,0,21.23,1
20150608,1433692800000,21.23,21.23,21.23,21.23,0,0.0,0.0,0,21.23,1
20150609,1433779200000,21.23,21.23,21.23,21.23,0,0.0,0.0,0,21.23,1
20150610,1433865600000,21.23,21.23,21.23,21.23,0,0.0,0.0,0,21.23,1
20150611,1433952000000,21.23,21.23,21.23,21.23,0,0.0,0.0,0,21.23,1
20150612,1434038400000,21.23,21.23,21.23,21.23,0,0.0,0.0,0,21.23,1
20150615,1434297600000,21.23,21.23,21.23,21.23,0,0.0,0.0,0,21.23,1
20150616,1434384000000,21.23,21.23,21.23,21.23,0,0.0,0.0,0,21.23,1
20150617,1434470400000,21.23,21.23,21.23,21.23,0,0.0,0.0,0,21.23,1
20150618,1434556800000,21.23,21.23,21.23,21.23,0,0.0,0.0,0,21.23,1
20150619,1434643200000,21.23,21.23,21.23,21.23,0,0.0,0.0,0,21.23,1
20150623,1434988800000,21.23,21.23,21.23,21.23,0,0.0,0.0,0,21.23,1
20150624,1435075200000,21.23,21.23,21.23,21.23,0,0.0,0.0,0,21.23,1
20150625,1435161600000,19.11,19.11,19.11,19.11,34090,65145990.00000001,0.0,0,21.23,0
20150626,1435248000000,17.2,17.2,17.2,17.2,6434,11066480.0,0.0,0,19.11,0
20150629,1435507200000,15.48,15.48,15.48,15.48,34810,53885880.0,0.0,0,17.2,0
20150630,1435593600000,13.93,15.41,13.93,14.42,1265731,1812474204.0,0.0,0,15.48,0
20150701,1435680000000,13.98,14.71,12.98,12.98,1166164,1618821286.0,0.0,0,14.42,0
20150702,1435766400000,12.0,12.49,11.68,11.68,635518,752438063.0,0.0,0,12.98,0
20150703,1435852800000,10.51,11.2,10.51,10.51,576173,610830240.0,0.0,0,11.68,0
20150706,1436112000000,11.010000000000002,11.330000000000002,9.46,9.46,784487,801137392.0,0.0,0,10.510000000000002,0
20150707,1436198400000,8.53,8.75,8.51,8.51,229843,196055674.0,0.0,0,9.459999999999999,0
20150708,1436284800000,8.51,8.51,8.51,8.51,0,0.0,0.0,0,8.51,1
20150709,1436371200000,8.51,8.51,8.51,8.51,0,0.0,0.0,0,8.51,1
20150710,1436457600000,8.51,8.51,8.51,8.51,0,0.0,0.0,0,8.51,1
20150713,1436716800000,9.33,9.33,9.33,9.33,25733,24009318.0,0.0,0,8.48,0
20150714,1436803200000,10.26,10.26,10.26,10.26,12684,13014563.000000002,0.0,0,9.33,0
20150715,1436889600000,11.18,11.190000000000001,9.31,9.4,1237198,1272595926.0,0.0,0,10.26,0
20150716,1436976000000,9.1,10.13,8.65,9.84,825791,789601203.0,0.0,0,9.4,0
20150717,1437062400000,9.95,10.82,9.85,10.75,783856,819860119.0,0.0,0,9.84,0
20150720,1437321600000,11.0,11.620000000000001,10.81,11.46,994787,1119295118.0,0.0,0,10.75,0
20150721,1437408000000,11.05,12.58,10.91,12.41,976777,1155547574.0,0.0,0,11.46,0
20150722,1437494400000,12.1,12.469999999999999,11.61,12.209999999999999,794231,960378467.0000001,0.0,0,12.41,0
20150723,1437580800000,12.22,12.89,12.0,12.6,754202,940765551.0,0.0,0,12.21,0
20150724,1437667200000,12.65,12.75,11.77,11.95,756904,937806262.0,0.0,0,12.6,0
20150727,1437926400000,11.51,12.39,10.76,10.76,703638,819776153.0,0.0,0,11.95,0
20150728,1438012800000,9.94,11.09,9.68,10.04,682415,691948103.0000001,0.0,0,10.76,0
20150729,1438099200000,10.38,10.99,9.75,10.9,600194,616628037.0,0.0,0,10.04,0
20150730,1438185600000,10.850000000000001,11.280000000000001,10.38,10.440000000000001,617455,676204996.0,0.0,0,10.9,0
20150731,1438272000000,10.1,10.549999999999999,10.02,10.2,429352,438892993.00000006,0.0,0,10.44,0
20150803,1438531200000,10.01,10.06,9.18,9.19,527261,499030085.99999994,0.0,0,10.2,0
20150804,1438617600000,9.290000000000001,10.110000000000001,9.290000000000001,10.110000000000001,563899,551763185.0,0.0,0,9.190000000000001,0
20150805,1438704000000,10.13,10.620000000000001,9.98,10.3,628534,647705239.0,0.0,0,10.110000000000001,0
20150806,1438790400000,9.98,10.39,9.870000000000001,10.06,396277,402597987.0,0.0,0,10.3,0
20150807,1438876800000,10.26,11.07,10.25,11.07,751109,805877409.0,0.0,0,10.06,0
20150810,1439136000000,11.200000000000001,12.18,11.15,12.18,844680,995747187.9999999,0.0,0,11.07,0
20150811,1439222400000,12.200000000000001,12.68,12.06,12.190000000000001,1059073,1312236760.9999998,0.0,0,12.18,0
20150812,1439308800000,12.1,12.56,11.9,12.040000000000001,679794,831803622.0,0.0,0,12.19,0
20150813,1439395200000,11.97,13.24,11.91,13.24,1252929,1603804745.0,0.0,0,12.040000000000001,0
20150814,1439481600000,13.85,13.98,12.99,13.07,1370523,1857209086.0,0.0,0,13.24,0
20150817,1439740800000,12.84,13.06,12.51,13.02,760978,975149516.9999999,0.0,0,13.07,0
20150818,1439827200000,13.13,13.780000000000001,11.72,11.850000000000001,1075331,1397150280.0,0.0,0,13.020000000000001,0
20150819,1439913600000,11.350000000000001,13.040000000000001,11.05,13.040000000000001,932793,1124513310.0,0.0,0,11.850000000000001,0
20150820,1440000000000,12.990000000000002,13.760000000000002,12.780000000000001,12.930000000000001,1043304,1378589516.0,0.0,0,13.040000000000001,0
20150821,1440086400000,12.500000000000002,12.89,11.700000000000001,11.89,709236,868740442.0000001,0.0,0,12.930000000000001,0
20150824,1440345600000,11.010000000000002,11.32,10.700000000000001,10.700000000000001,372391,402320438.99999994,0.0,0,11.89,0
20150825,1440432000000,9.63,10.090000000000002,9.63,9.63,463676,450803085.0,0.0,0,10.700000000000001,0
20150826,1440518400000,9.64,10.15,8.67,8.67,752853,702649437.9999999,0.0,0,9.629999999999999,0
20150827,1440604800000,9.08,9.2,8.01,9.05,609754,536377393.0,0.0,0,8.67,0
20150828,1440691200000,9.16,9.94,9.0,9.94,651508,609652696.0,0.0,0,9.05,0
20150831,1440950400000,9.82,9.82,8.950000000000001,8.950000000000001,652079,605082038.0,0.0,0,9.940000000000001,0
20150901,1441036800000,8.64,8.72,8.06,8.06,438395,361203978.0,0.0,0,8.950000000000001,0
20150902,1441123200000,7.41,8.379999999999999,7.3,7.31,460919,354489197.00000006,0.0,0,8.06,0
20150907,1441555200000,7.55,8.04,7.43,7.76,487765,381305594.0,0.0,0,7.31,0
20150908,1441641600000,7.680000000000001,8.48,7.6000000000000005,8.38,431776,344569433.00000006,0.0,0,7.760000000000001,0
20150909,1441728000000,8.49,8.92,8.3,8.780000000000001,600121,518751624.0,0.0,0,8.38,0
20150910,1441814400000,8.5,8.72,8.39,8.46,377177,322895401.0,0.0,0,8.780000000000001,0
20150911,1441900800000,8.52,8.87,8.51,8.74,378390,328554312.0,0.0,0,8.459999999999999,0
20150914,1442160000000,8.73,8.8,7.87,7.87,407497,334288157.00000006,0.0,0,8.74,0
20150915,1442246400000,7.39,7.66,7.08,7.08,381544,278119704.0,0.0,0,7.87,0
20150916,1442332800000,7.19,7.79,7.12,7.79,415496,309606147.0,0.0,0,7.08,0
20150917,1442419200000,7.8500000000000005,8.22,7.6000000000000005,7.6000000000000005,553863,439478109.0,0.0,0,7.790000000000001,0
20150918,1442505600000,7.760000000000001,7.91,7.53,7.78,331496,255564815.0,0.0,0,7.6000000000000005,0
20150921,1442764800000,7.59,8.24,7.51,8.2,443665,352595907.00000006,0.0,0,7.779999999999999,0
20150922,1442851200000,8.19,8.34,7.97,8.17,480893,392590643.00000006,0.0,0,8.2,0
20150923,1442937600000,7.97,8.17,7.83,7.94,363891,290962179.0,0.0,0,8.17,0
20150924,1443024000000,8.049999999999999,8.39,8.01,8.26,456590,372993576.00000006,0.0,0,7.9399999999999995,0
20150925,1443110400000,8.2,8.23,7.5,7.68,445480,350765404.0,0.0,0,8.26,0
20150928,1443369600000,7.74,8.030000000000001,7.5600000000000005,7.99,264124,206585635.00000003,0.0,0,7.680000000000001,0
20150929,1443456000000,7.74,7.8500000000000005,7.6000000000000005,7.73,230404,178282862.0,0.0,0,7.99,0
20150930,1443542400000,7.79,7.8500000000000005,7.65,7.7700000000000005,179637,139583690.0,0.0,0,7.73,0
20151008,1444233600000,8.129999999999999,8.33,8.02,8.17,375569,307180526.0,0.0,0,7.77,0
20151009,1444320000000,8.17,8.399999999999999,8.11,8.33,373598,309217994.0,0.0,0,8.17,0
20151012,1444579200000,8.41,9.07,8.35,8.93,541164,474479885.0,0.0,0,8.33,0
20151013,1444665600000,8.85,9.48,8.75,9.33,661874,603309399.0,0.0,0,8.93,0
20151014,1444752000000,9.23,9.4,8.91,9.02,576155,525294674.0,0.0,0,9.33,0
20151015,1444838400000,8.97,9.66,8.950000000000001,9.540000000000001,593246,550516805.0,0.0,0,9.020000000000001,0
20151016,1444924800000,9.540000000000001,9.98,9.41,9.790000000000001,753725,728696907.0,0.0,0,9.540000000000001,0
20151019,1445184000000,9.780000000000001,9.950000000000001,9.4,9.69,667418,644823852.0,0.0,0,9.790000000000001,0
20151020,1445270400000,9.690000000000001,10.23,9.56,10.21,840848,839910869.9999999,0.0,0,9.690000000000001,0
20151021,1445356800000,10.0,10.6,9.19,9.27,1063660,1064224269.0000001,0.0,0,10.209999999999999,0
20151022,1445443200000,9.27,9.94,9.18,9.82,785901,754755962.0,0.0,0,9.27,0
20151023,1445529600000,9.85,10.459999999999999,9.84,10.23,760895,771984650.0,0.0,0,9.82,0
20151026,1445788800000,10.35,10.67,9.98,10.24,691124,710066433.0,0.0,0,10.23,0
20151027,1445875200000,10.05,10.84,9.5,10.65,954301,975165169.0,0.0,0,10.24,0
20151028,1445961600000,10.450000000000001,10.950000000000001,10.23,10.32,778537,823698658.0,0.0,0,10.65,0
20151029,1446048000000,10.42,10.67,10.26,10.299999999999999,572832,596442578.0,0.0,0,10.32,0
20151030,1446134400000,10.31,10.93,10.16,10.66,882588,936958828.0000001,0.0,0,10.3,0
20151102,1446393600000,10.2,11.44,10.18,11.049999999999999,1079437,1181349748.0,0.0,0,10.66,0
20151103,1446480000000,11.049999999999999,11.15,10.35,10.469999999999999,730847,781872925.0000001,0.0,0,11.049999999999999,0
20151104,1446566400000,10.59,11.48,10.51,11.25,806137,889628403.0,0.0,0,10.47,0
20151105,1446652800000,11.18,11.92,11.08,11.83,1239416,1423532504.0,0.0,0,11.25,0
20151106,1446739200000,11.67,12.05,11.56,11.85,798739,946031663.0,0.0,0,11.83,0
20151109,1446998400000,11.64,11.88,11.47,11.71,662817,775010581.0,0.0,0,11.850000000000001,0
20151110,1447084800000,11.680000000000001,12.17,11.55,11.780000000000001,593230,702884747.0,0.0,0,11.71,0
20151111,1447171200000,11.780000000000001,11.83,11.4,11.68,588529,680303018.0,0.0,0,11.780000000000001,0
20151112,1447257600000,11.75,11.8,11.13,11.270000000000001,650719,738904668.0000001,0.0,0,11.680000000000001,0
20151113,1447344000000,11.440000000000001,11.82,11.200000000000001,11.610000000000001,817329,944547893.0,0.0,0,11.270000000000001,0
20151116,1447603200000,11.32,11.56,11.21,11.530000000000001,465885,530019280.0,0.0,0,11.610000000000001,0
20151117,1447689600000,11.700000000000001,11.83,11.31,11.360000000000001,588575,681895031.0,0.0,0,11.530000000000001,0
20151118,1447776000000,11.41,11.49,10.88,10.930000000000001,420608,471827155.99999994,0.0,0,11.360000000000001,0
20151119,1447862400000,11.02,11.26,10.73,11.190000000000001,384866,424110501.0,0.0,0,10.93,0
20151120,1447948800000,11.13,11.56,11.07,11.5,536589,605140452.0,0.0,0,11.19,0
20151123,1448208000000,11.47,11.48,11.120000000000001,11.250000000000002,429459,487219901.0,0.0,0,11.500000000000002,0
20151124,1448294400000,11.26,11.32,10.91,11.24,285867,317812805.0,0.0,0,11.25,0
20151125,1448380800000,11.24,11.990000000000002,11.200000000000001,11.760000000000002,739192,860056075.0,0.0,0,11.24,0
20151126,1448467200000,11.68,11.93,11.56,11.57,565201,662057573.0,0.0,0,11.76,0
20151127,1448553600000,11.45,11.540000000000001,10.41,10.41,510405,560317269.0,0.0,0,11.57,0
20151130,1448812800000,10.39,10.55,9.450000000000001,10.180000000000001,423373,427443934.00000006,0.0,0,10.41,0
20151201,1448899200000,10.2,10.4,10.08,10.24,254588,261013124.0,0.0,0,10.18,0
20151202,1448985600000,10.370000000000001,10.38,9.700000000000001,10.100000000000001,224557,225391165.00000003,0.0,0,10.240000000000002,0
20151203,1449072000000,10.19,10.44,10.09,10.44,229762,236229836.99999997,0.0,0,10.1,0
20151204,1449158400000,10.37,10.43,10.11,10.19,240162,246863705.99999997,0.0,0,10.44,0
20151207,1449417600000,10.28,10.34,10.11,10.299999999999999,200196,205378785.0,0.0,0,10.19,0
20151208,1449504000000,10.25,10.25,9.92,10.03,227824,229799388.0,0.0,0,10.3,0
20151209,1449590400000,9.940000000000001,10.180000000000001,9.870000000000001,10.15,187408,188695382.99999997,0.0,0,10.030000000000001,0
20151210,1449676800000,10.1,10.6,10.08,10.35,382103,396664468.00000006,0.0,0,10.15,0
20151211,1449763200000,10.25,10.35,10.11,10.129999999999999,199618,203526683.0,0.0,0,10.35,0
20151214,1450022400000,9.99,10.35,9.9,10.35,175885,178365371.0,0.0,0,10.13,0
20151215,1450108800000,10.39,10.6,10.32,10.51,272617,285304828.0,0.0,0,10.35,0
20151216,1450195200000,10.5,11.2,10.36,11.04,541134,582289901.0,0.0,0,10.51,0
20151217,1450281600000,10.96,11.25,10.91,11.16,454766,505682974.99999994,0.0,0,11.040000000000001,0
20151218,1450368000000,11.120000000000001,11.34,10.8,10.88,342441,378335562.0,0.0,0,11.16,0
20151221,1450627200000,10.8,10.96,10.700000000000001,10.9,247355,268140210.0,0.0,0,10.88,0
20151222,1450713600000,10.879999999999999,11.299999999999999,10.85,11.16,345447,383053817.0,0.0,0,10.9,0
20151223,1450800000000,11.5,11.69,11.03,11.059999999999999,532404,607389273.0,0.0,0,11.16,0
20151224,1450886400000,10.860000000000001,11.030000000000001,10.72,10.950000000000001,247184,268701104.0,0.0,0,11.06,0
20151225,1450972800000,10.91,11.28,10.91,11.16,230340,256087217.00000003,0.0,0,10.95,0
20151228,1451232000000,11.190000000000001,11.500000000000002,10.950000000000001,10.950000000000001,366398,411063600.0,0.0,0,11.160000000000002,0
20151229,1451318400000,10.83,11.120000000000001,10.71,11.07,211190,231175913.00000003,0.0,0,10.950000000000001,0
20151230,1451404800000,11.1,11.23,11.02,11.2,230193,256317962.0,0.0,0,11.07,0
20151231,1451491200000,11.22,11.25,10.8,10.850000000000001,214149,235672088.00000003,0.0,0,11.200000000000001,0
20160104,1451836800000,10.799999999999999,10.85,9.77,9.77,213584,218074580.0,0.0,0,10.85,0
20160105,1451923200000,9.24,9.77,8.86,9.26,331296,310333114.0,0.0,0,9.77,0
20160106,1452009600000,9.36,9.540000000000001,9.24,9.48,184382,173349100.0,0.0,0,9.26,0
20160107,1452096000000,9.32,9.32,8.53,8.53,58787,51993252.00000001,0.0,0,9.479999999999999,0
20160108,1452182400000,8.790000000000001,8.860000000000001,7.8100000000000005,8.55,270106,228893332.99999997,0.0,0,8.530000000000001,0
20160111,1452441600000,8.35,8.43,7.7,7.7,246040,198444657.0,0.0,0,8.55,0
20160112,1452528000000,7.75,7.89,7.51,7.8,180585,140093070.00000003,0.0,0,7.7,0
20160113,1452614400000,7.86,7.970000000000001,7.44,7.46,161803,125934987.0,0.0,0,7.800000000000001,0
20160114,1452700800000,7.1000000000000005,7.8500000000000005,7.1000000000000005,7.800000000000001,199586,149520146.0,0.0,0,7.460000000000001,0
20160115,1452787200000,7.74,7.82,7.4,7.45,168510,128406268.00000001,0.0,0,7.800000000000001,0
20160118,1453046400000,7.15,7.8100000000000005,7.15,7.66,181555,138093588.0,0.0,0,7.45,0
20160119,1453132800000,7.680000000000001,8.07,7.57,8.0,270047,212462066.00000003,0.0,0,7.66,0
20160120,1453219200000,8.19,8.45,8.02,8.11,325796,267486639.00000003,0.0,0,8.0,0
20160121,1453305600000,8.02,8.38,7.82,7.86,272665,221238715.0,0.0,0,8.11,0
20160122,1453392000000,8.0,8.1,7.63,8.0,178200,141057435.0,0.0,0,7.86,0
20160125,1453651200000,8.15,8.15,7.97,8.04,142193,114557466.0,0.0,0,8.0,0
20160126,1453737600000,7.930000000000001,7.98,7.24,7.49,204653,155714462.99999997,0.0,0,8.040000000000001,0
20160127,1453824000000,7.540000000000001,7.5600000000000005,7.0200000000000005,7.380000000000001,193013,140083034.00000003,0.0,0,7.49,0
20160128,1453910400000,7.260000000000001,7.420000000000001,7.0200000000000005,7.07,121012,87514445.0,0.0,0,7.380000000000001,0
20160129,1453996800000,7.07,7.45,7.0200000000000005,7.3500000000000005,178227,129537475.0,0.0,0,7.07,0
20160201,1454256000000,7.32,7.36,7.04,7.13,138233,99457702.0,0.0,0,7.35,0
20160202,1454342400000,7.19,7.49,7.15,7.42,181880,134154344.0,0.0,0,7.130000000000001,0
20160203,1454428800000,7.3,7.45,7.17,7.38,145728,106255063.0,0.0,0,7.42,0
20160204,1454515200000,7.3500000000000005,7.720000000000001,7.3500000000000005,7.670000000000001,224475,170225080.0,0.0,0,7.380000000000001,0
20160205,1454601600000,7.65,7.74,7.5200000000000005,7.550000000000001,156645,119545758.0,0.0,0,7.670000000000001,0
20160215,1455465600000,7.23,7.5200000000000005,7.16,7.45,132942,97835575.0,0.0,0,7.55,0
20160216,1455552000000,7.48,7.94,7.48,7.82,247893,191841688.99999997,0.0,0,7.45,0
20160217,1455638400000,7.77,7.92,7.68,7.91,261489,204027180.0,0.0,0,7.819999999999999,0
20160218,1455724800000,8.0,8.02,7.83,7.85,252441,200572141.0,0.0,0,7.91,0
20160219,1455811200000,7.91,8.06,7.84,7.9799999999999995,214376,170600757.0,0.0,0,7.85,0
20160222,1456070400000,8.1,8.16,8.0,8.1,212603,171937108.00000003,0.0,0,7.98,0
20160223,1456156800000,8.05,8.06,7.79,7.91,239686,189866050.00000003,0.0,0,8.1,0
20160224,1456243200000,7.84,7.96,7.68,7.91,176323,138049587.0,0.0,0,7.91,0
20160225,1456329600000,7.85,7.88,7.12,7.12,269928,200009896.00000003,0.0,0,7.91,0
20160226,1456416000000,7.22,7.23,7.0,7.15,173552,123848256.0,0.0,0,7.12,0
20160229,1456675200000,7.16,7.16,6.5,6.57,165071,110245714.0,0.0,0,7.15,0
20160301,1456761600000,6.59,6.84,6.51,6.77,133616,89063350.00000001,0.0,0,6.569999999999999,0
20160302,1456848000000,6.69,7.17,6.69,7.12,201700,140375541.0,0.0,0,6.7700000000000005,0
20160303,1456934400000,7.1,7.3,7.05,7.12,170857,122389725.0,0.0,0,7.12,0
20160304,1457020800000,7.0600000000000005,7.140000000000001,6.74,6.84,175274,121974750.0,0.0,0,7.12,0
20160307,1457280000000,6.91,7.11,6.9,6.99,124280,87007101.0,0.0,0,6.840000000000001,0
20160308,1457366400000,6.92,7.06,6.67,7.05,157547,107916657.0,0.0,0,6.99,0
20160309,1457452800000,6.8500000000000005,6.98,6.8100000000000005,6.880000000000001,93376,64399216.0,0.0,0,7.050000000000001,0
20160310,1457539200000,6.9,6.98,6.78,6.79,103819,71461841.00000001,0.0,0,6.88,0
20160311,1457625600000,6.72,6.8,6.58,6.72,100372,67311930.0,0.0,0,6.79,0
20160314,1457884800000,6.79,7.13,6.79,7.0200000000000005,187845,131774531.0,0.0,0,6.72,0
20160315,1457971200000,6.989999999999999,7.17,6.93,7.05,158098,111602158.0,0.0,0,7.02,0
20160316,1458057600000,7.090000000000001,7.16,6.9,6.94,99011,69437068.0,0.0,0,7.050000000000001,0
20160317,1458144000000,6.95,7.63,6.95,7.37,301203,220237211.00000003,0.0,0,6.94,0
20160318,1458230400000,7.33,7.67,7.3,7.64,371119,279258451.0,0.0,0,7.37,0
20160321,1458489600000,7.69,7.760000000000001,7.6000000000000005,7.760000000000001,350901,269470838.0,0.0,0,7.640000000000001,0
20160322,1458576000000,7.65,7.73,7.61,7.66,237302,182023107.0,0.0,0,7.760000000000001,0
20160323,1458662400000,7.61,7.72,7.58,7.69,200786,153793054.0,0.0,0,7.66,0
20160324,1458748800000,7.6,7.64,7.47,7.47,202952,153644545.0,0.0,0,7.6899999999999995,0
20160325,1458835200000,7.45,7.58,7.42,7.55,124513,93619138.00000001,0.0,0,7.47,0
20160328,1459094400000,7.6,7.77,7.5,7.53,198730,152125046.0,0.0,0,7.55,0
20160329,1459180800000,7.51,7.54,7.22,7.3,153886,113323174.0,0.0,0,7.529999999999999,0
20160330,1459267200000,7.38,7.63,7.34,7.62,181428,135551422.0,0.0,0,7.3,0
20160331,1459353600000,7.66,7.760000000000001,7.6000000000000005,7.65,216084,165889149.00000003,0.0,0,7.62,0
20160401,1459440000000,7.550000000000001,7.61,7.36,7.54,156695,117255382.0,0.0,0,7.65,0
20160405,1459785600000,7.55,7.94,7.5,7.86,329074,255277859.00000003,0.0,0,7.54,0
20160406,1459872000000,7.8,8.08,7.75,7.92,308838,244563952.0,0.0,0,7.86,0
20160407,1459958400000,7.92,7.95,7.71,7.76,230384,180006983.0,0.0,0,7.92,0
20160408,1460044800000,7.7,7.74,7.5600000000000005,7.710000000000001,147891,113449076.0,0.0,0,7.760000000000001,0
20160411,1460304000000,7.78,8.0,7.75,7.98,269702,213032157.0,0.0,0,7.71,0
20160412,1460390400000,7.91,7.970000000000001,7.74,7.88,201084,157411164.00000003,0.0,0,7.98,0
20160413,1460476800000,7.92,8.67,7.92,8.46,782508,658058035.0,0.0,0,7.88,0
20160414,1460563200000,8.73,8.98,8.52,8.78,860654,752473446.0,0.0,0,8.459999999999999,0
20160415,1460649600000,8.7,8.83,8.6,8.719999999999999,424148,369370670.0,0.0,0,8.78,0
20160418,1460908800000,8.600000000000001,8.65,8.3,8.33,340513,286749800.0,0.0,0,8.72,0
20160419,1460995200000,8.450000000000001,8.58,8.3,8.510000000000002,308653,260393185.00000003,0.0,0,8.33,0
20160420,1461081600000,8.56,8.57,7.79,8.0,392126,319104203.00000006,0.0,0,8.51,0
20160421,1461168000000,8.120000000000001,8.8,8.06,8.8,696998,606935022.0,0.0,0,8.0,0
20160422,1461254400000,8.620000000000001,9.030000000000001,8.56,8.83,920827,812209236.0,0.0,0,8.8,0
20160425,1461513600000,8.65,9.3,8.5,9.05,721579,645302955.0,0.0,0,8.83,0
20160426,1461600000000,8.91,9.13,8.8,9.120000000000001,509857,457513056.0,0.0,0,9.05,0
20160427,1461686400000,9.100000000000001,9.97,9.05,9.16,808099,761743388.0,0.0,0,9.120000000000001,0
20160428,1461772800000,9.0,9.15,8.63,8.96,521802,463804579.00000006,0.0,0,9.16,0
20160429,1461859200000,8.8,9.15,8.75,8.83,307329,274047281.0,0.0,0,8.96,0
20160503,1462204800000,8.91,9.43,8.77,9.379999999999999,482451,442286943.0,0.0,0,8.83,0
20160504,1462291200000,9.22,9.49,9.200000000000001,9.290000000000001,424503,396314560.99999994,0.0,0,9.38,0
20160505,1462377600000,9.26,9.34,9.11,9.309999999999999,332293,306379584.0,0.0,0,9.29,0
20160506,1462464000000,9.3,9.440000000000001,8.700000000000001,8.750000000000002,460605,417046229.00000006,0.0,0,9.31,0
20160509,1462723200000,8.6,8.6,8.07,8.14,336850,279430711.0,0.0,0,8.75,0
20160510,1462809600000,8.09,8.24,8.06,8.14,208705,170393947.0,0.0,0,8.14,0
20160511,1462896000000,8.24,8.28,7.91,8.0,218544,176605132.0,0.0,0,8.14,0
20160512,1462982400000,7.830000000000001,7.960000000000001,7.6000000000000005,7.960000000000001,208431,162781697.0,0.0,0,8.0,0
20160513,1463068800000,7.97,8.08,7.76,7.83,178819,141944814.0,0.0,0,7.96,0
20160516,1463328000000,7.8100000000000005,8.1,7.7700000000000005,8.1,198085,157632568.0,0.0,0,7.83,0
20160517,1463414400000,8.38,8.91,8.290000000000001,8.91,465448,410343059.00000006,0.0,0,8.100000000000001,0
20160518,1463500800000,9.05,9.100000000000001,8.540000000000001,8.870000000000001,957025,847873346.0,0.0,0,8.91,0
20160519,1463587200000,8.73,9.17,8.6,8.95,668892,597103568.0000001,0.0,0,8.87,0
20160520,1463673600000,8.77,9.69,8.74,9.3,820721,757469797.0000001,0.0,0,8.950000000000001,0
20160523,1463932800000,9.28,9.45,9.11,9.35,555049,513650841.0,0.0,0,9.299999999999999,0
20160524,1464019200000,9.21,9.26,8.74,8.91,462313,416139741.0,0.0,0,9.35,0
20160525,1464105600000,9.280000000000001,9.680000000000001,9.05,9.110000000000001,687225,642179771.0,0.0,0,8.91,0
20160526,1464192000000,9.040000000000001,9.330000000000002,8.700000000000001,9.260000000000002,536922,482124243.0,0.0,0,9.110000000000001,0
20160527,1464278400000,9.13,9.27,8.99,9.08,393430,359539387.0,0.0,0,9.26,0
20160530,1464537600000,8.92,9.23,8.81,8.97,305000,275286723.0,0.0,0,9.08,0
20160531,1464624000000,8.91,9.58,8.91,9.53,730376,684750845.0,0.0,0,8.97,0
20160601,1464710400000,9.469999999999999,9.95,9.43,9.67,866288,837538391.0000001,0.0,0,9.53,0
20160602,1464796800000,9.61,9.98,9.52,9.85,708263,688527690.0,0.0,0,9.67,0
20160603,1464883200000,9.73,10.15,9.68,9.83,725916,719784967.0,0.0,0,9.85,0
20160606,1465142400000,9.83,9.94,9.57,9.68,496489,484675377.00000006,0.0,0,9.83,0
20160607,1465228800000,9.68,9.979999999999999,9.61,9.84,491303,483409451.99999994,0.0,0,9.68,0
20160608,1465315200000,9.88,10.350000000000001,9.72,10.120000000000001,652221,657429499.0,0.0,0,9.84,0
20160613,1465747200000,9.88,10.750000000000002,9.700000000000001,9.700000000000001,866788,890721950.0000001,0.0,0,10.120000000000001,0
20160614,1465833600000,9.799999999999999,10.049999999999999,9.44,9.62,751975,729456955.0,0.0,0,9.7,0
20160615,1465920000000,9.260000000000002,10.100000000000001,9.120000000000001,9.930000000000001,954882,930647869.9999999,0.0,0,9.620000000000001,0
20160616,1466006400000,9.81,10.090000000000002,9.71,9.790000000000001,701659,691088420.0,0.0,0,9.930000000000001,0
20160617,1466092800000,9.799999999999999,10.09,9.53,9.66,584488,574991708.0,0.0,0,9.79,0
20160620,1466352000000,9.600000000000001,9.66,9.22,9.49,432681,407824854.0,0.0,0,9.66,0
20160621,1466438400000,9.56,9.66,9.18,9.24,396004,373480609.0,0.0,0,9.49,0
20160622,1466524800000,9.24,9.44,9.19,9.42,279779,260865829.0,0.0,0,9.24,0
20160623,1466611200000,9.38,9.4,9.200000000000001,9.280000000000001,263319,245093058.0,0.0,0,9.420000000000002,0
20160624,1466697600000,9.350000000000001,9.5,8.72,9.3,455594,423093196.0,0.0,0,9.280000000000001,0
20160627,1466956800000,9.200000000000001,9.56,9.120000000000001,9.520000000000001,364574,344004886.0,0.0,0,9.3,0
20160628,1467043200000,9.43,9.65,9.35,9.61,413525,393737175.0,0.0,0,9.52,0
20160629,1467129600000,9.780000000000001,9.84,9.57,9.6,398335,385307663.0,0.0,0,9.61,0
20160630,1467216000000,9.63,9.97,9.58,9.85,532000,523610248.0,0.0,0,9.6,0
20160701,1467302400000,9.85,9.86,9.53,9.59,358785,347107815.0,0.0,0,9.85,0
20160704,1467561600000,9.450000000000001,9.66,9.38,9.600000000000001,314413,300946872.00000006,0.0,0,9.590000000000002,0
20160705,1467648000000,9.620000000000001,9.95,9.41,9.9,581979,564384250.0,0.0,0,9.6,0
20160706,1467734400000,9.8,9.870000000000001,9.72,9.780000000000001,378552,370545664.0,0.0,0,9.9,0
20160707,1467820800000,9.76,9.799999999999999,9.51,9.65,318218,306701906.00000006,0.0,0,9.78,0
20160708,1467907200000,9.680000000000001,9.850000000000001,9.620000000000001,9.71,311503,303115289.00000006,0.0,0,9.65,0
20160711,1468166400000,9.72,9.77,9.5,9.51,262204,252852756.99999997,0.0,0,9.71,0
20160712,1468252800000,9.5,9.56,9.23,9.5,291978,274479838.00000006,0.0,0,9.51,0
20160713,1468339200000,9.52,9.55,9.42,9.52,200551,190408983.0,0.0,0,9.5,0
20160714,1468425600000,9.5,9.520000000000001,9.38,9.41,188494,177791965.0,0.0,0,9.520000000000001,0
20160715,1468512000000,9.45,9.54,9.35,9.48,174658,164935365.0,0.0,0,9.41,0
20160718,1468771200000,9.43,9.45,9.27,9.36,137756,128989935.0,0.0,0,9.48,0
20160719,1468857600000,9.32,9.450000000000001,9.31,9.450000000000001,125726,118022574.0,0.0,0,9.360000000000001,0
20160720,1468944000000,9.48,9.74,9.450000000000001,9.63,350781,338423487.0,0.0,0,9.450000000000001,0
20160721,1469030400000,9.629999999999999,9.68,9.53,9.559999999999999,204623,196449377.0,0.0,0,9.629999999999999,0
20160722,1469116800000,9.559999999999999,9.62,9.36,9.37,176217,166758201.0,0.0,0,9.559999999999999,0
20160725,1469376000000,9.23,9.42,9.23,9.31,126178,117654273.0,0.0,0,9.370000000000001,0
20160726,1469462400000,9.299999999999999,9.42,9.28,9.41,112767,105758587.0,0.0,0,9.309999999999999,0
20160727,1469548800000,9.41,9.450000000000001,8.56,8.770000000000001,282613,254325750.0,0.0,0,9.41,0
20160728,1469635200000,8.78,8.85,8.44,8.6,189423,163382781.0,0.0,0,8.77,0
20160729,1469721600000,8.6,8.65,8.43,8.459999999999999,122888,104665983.00000001,0.0,0,8.6,0
20160801,1469980800000,8.43,8.43,8.2,8.299999999999999,113740,94287174.00000001,0.0,0,8.459999999999999,0
20160802,1470067200000,8.24,8.4,8.24,8.38,89435,74695255.0,0.0,0,8.3,0
20160803,1470153600000,8.379999999999999,8.54,8.35,8.459999999999999,115385,97778673.00000001,0.0,0,8.379999999999999,0
20160804,1470240000000,8.43,8.51,8.41,8.5,86760,73462597.0,0.0,0,8.46,0
20160805,1470326400000,8.54,8.92,8.53,8.66,270900,237464354.0,0.0,0,8.5,0
20160808,1470585600000,8.530000000000001,8.620000000000001,8.38,8.600000000000001,156256,133013369.0,0.0,0,8.66,0
20160809,1470672000000,8.600000000000001,8.750000000000002,8.540000000000001,8.71,124594,108140217.0,0.0,0,8.600000000000001,0
20160810,1470758400000,8.729999999999999,8.78,8.61,8.639999999999999,108271,93924304.0,0.0,0,8.709999999999999,0
20160811,1470844800000,8.59,8.64,8.4,8.4,120598,102461222.0,0.0,0,8.64,0
20160812,1470931200000,8.4,8.879999999999999,8.35,8.68,225018,194544626.0,0.0,0,8.4,0
20160815,1471190400000,8.61,8.9,8.57,8.81,329175,288805786.0,0.0,0,8.68,0
20160816,1471276800000,8.81,8.85,8.74,8.790000000000001,184206,161991737.0,0.0,0,8.81,0
20160817,1471363200000,8.780000000000001,8.85,8.73,8.790000000000001,134444,118365638.0,0.0,0,8.790000000000001,0
20160818,1471449600000,8.82,8.84,8.74,8.78,129332,113622689.0,0.0,0,8.790000000000001,0
20160819,1471536000000,8.78,8.95,8.75,8.81,160709,142243115.0,0.0,0,8.78,0
20160822,1471795200000,8.76,8.82,8.6,8.6,137318,119558599.0,0.0,0,8.81,0
20160823,1471881600000,8.58,8.620000000000001,8.47,8.55,117294,100270306.0,0.0,0,8.600000000000001,0
20160824,1471968000000,8.58,8.770000000000001,8.56,8.71,143608,124760693.0,0.0,0,8.55,0
20160825,1472054400000,8.63,8.89,8.55,8.83,287938,252975013.0,0.0,0,8.71,0
20160826,1472140800000,8.78,8.85,8.74,8.76,158809,139669065.00000003,0.0,0,8.83,0
20160829,1472400000000,8.79,8.82,8.67,8.709999999999999,135602,118473563.0,0.0,0,8.76,0
20160830,1472486400000,8.74,8.78,8.68,8.7,90230,78808760.00000001,0.0,0,8.709999999999999,0
20160831,1472572800000,8.73,8.99,8.58,8.88,272723,240324668.0,0.0,0,8.7,0
20160901,1472659200000,8.85,8.950000000000001,8.73,8.76,203755,180570543.99999997,0.0,0,8.88,0
20160902,1472745600000,8.71,8.76,8.58,8.66,141844,122968294.0,0.0,0,8.76,0
20160905,1473004800000,8.65,8.719999999999999,8.6,8.62,99800,86430208.0,0.0,0,8.66,0
20160906,1473091200000,8.65,8.77,8.5,8.75,148355,128273436.0,0.0,0,8.62,0
20160907,1473177600000,8.74,8.83,8.71,8.75,177330,155696345.0,0.0,0,8.75,0
20160908,1473264000000,8.75,8.81,8.71,8.760000000000002,93317,81683980.0,0.0,0,8.75,0
20160909,1473350400000,8.76,8.82,8.72,8.72,124863,109628785.0,0.0,0,8.76,0
20160912,1473609600000,8.58,8.590000000000002,8.290000000000001,8.3,163944,138343007.0,0.0,0,8.72,0
20160913,1473696000000,8.36,8.4,8.27,8.34,89612,74559059.0,0.0,0,8.299999999999999,0
20160914,1473782400000,8.290000000000001,8.360000000000001,8.21,8.25,70324,58222205.0,0.0,0,8.340000000000002,0
20160919,1474214400000,8.26,8.4,8.26,8.36,69241,57715409.0,0.0,0,8.25,0
20160920,1474300800000,8.360000000000001,8.38,8.3,8.31,50601,42167284.0,0.0,0,8.360000000000001,0
20160921,1474387200000,8.31,8.42,8.3,8.370000000000001,72486,60567550.0,0.0,0,8.31,0
20160922,1474473600000,8.41,8.43,8.33,8.37,87637,73439404.0,0.0,0,8.37,0
20160923,1474560000000,8.4,8.41,8.27,8.29,65195,54301438.0,0.0,0,8.37,0
20160926,1474819200000,8.24,8.24,8.06,8.07,105695,86113083.00000001,0.0,0,8.290000000000001,0
20160927,1474905600000,8.07,8.15,7.99,8.120000000000001,95437,77035218.0,0.0,0,8.07,0
20160928,1474992000000,8.12,8.12,8.03,8.059999999999999,65084,52512291.0,0.0,0,8.12,0
20160929,1475078400000,8.09,8.17,8.05,8.120000000000001,63535,51576198.00000001,0.0,0,8.06,0
20160930,1475164800000,8.1,8.2,8.09,8.19,70728,57534984.0,0.0,0,8.12,0
20161010,1476028800000,8.24,8.38,8.21,8.360000000000001,106700,88675514.0,0.0,0,8.190000000000001,0
20161011,1476115200000,8.37,8.459999999999999,8.35,8.389999999999999,119085,100086619.00000001,0.0,0,8.36,0
20161012,1476201600000,8.35,8.41,8.32,8.4,71581,59879821.00000001,0.0,0,8.39,0
20161013,1476288000000,8.36,8.709999999999999,8.36,8.58,268694,230360118.0,0.0,0,8.399999999999999,0
20161014,1476374400000,8.57,8.66,8.5,8.62,214075,183825798.0,0.0,0,8.58,0
20161017,1476633600000,8.719999999999999,8.899999999999999,8.61,8.639999999999999,367460,322538667.0,0.0,0,8.62,0
20161018,1476720000000,8.64,8.75,8.49,8.72,191071,164518889.0,0.0,0,8.64,0
20161019,1476806400000,8.700000000000001,8.82,8.63,8.66,167467,146211237.0,0.0,0,8.72,0
20161020,1476892800000,8.65,8.65,8.55,8.57,109371,93984045.0,0.0,0,8.66,0
20161021,1476979200000,8.57,8.709999999999999,8.52,8.62,125242,107868955.0,0.0,0,8.57,0
20161024,1477238400000,8.590000000000002,8.690000000000001,8.540000000000001,8.620000000000001,99042,85368689.0,0.0,0,8.620000000000001,0
20161025,1477324800000,8.500000000000002,8.530000000000001,8.290000000000001,8.370000000000001,341854,287147756.0,0.0,0,8.620000000000001,0
20161026,1477411200000,8.33,8.370000000000001,8.23,8.280000000000001,164567,136325848.0,0.0,0,8.370000000000001,0
20161027,1477497600000,8.27,8.379999999999999,8.27,8.309999999999999,110464,91992966.0,0.0,0,8.28,0
20161028,1477584000000,8.32,8.33,8.16,8.17,130473,107375717.0,0.0,0,8.31,0
20161031,1477843200000,8.16,8.23,8.14,8.190000000000001,84358,68975632.0,0.0,0,8.17,0
20161101,1477929600000,8.24,8.3,8.21,8.290000000000001,96966,80088050.99999999,0.0,0,8.190000000000001,0
20161102,1478016000000,8.28,8.28,8.17,8.18,82254,67548210.0,0.0,0,8.29,0
20161103,1478102400000,8.17,8.270000000000001,8.14,8.21,90932,74710258.00000001,0.0,0,8.18,0
20161104,1478188800000,8.22,8.31,8.22,8.280000000000001,111244,91965268.00000001,0.0,0,8.21,0
20161107,1478448000000,8.25,8.28,8.17,8.2,85964,70504798.0,0.0,0,8.28,0
20161108,1478534400000,8.23,8.3,8.21,8.260000000000002,75462,62251752.0,0.0,0,8.200000000000001,0
20161109,1478620800000,8.26,8.270000000000001,8.06,8.120000000000001,120728,98491045.99999999,0.0,0,8.26,0
20161110,1478707200000,8.19,8.26,8.17,8.23,110538,90772856.00000001,0.0,0,8.12,0
20161111,1478793600000,8.229999999999999,8.28,8.2,8.27,113951,93928319.0,0.0,0,8.229999999999999,0
20161114,1479052800000,8.270000000000001,8.350000000000001,8.22,8.280000000000001,147880,122541740.0,0.0,0,8.270000000000001,0
20161115,1479139200000,8.280000000000001,8.38,8.23,8.38,152672,126754157.0,0.0,0,8.280000000000001,0
20161116,1479225600000,8.6,9.04,8.6,8.629999999999999,535451,468602643.0,0.0,0,8.379999999999999,0
20161117,1479312000000,8.48,8.56,8.39,8.49,233451,197850853.00000003,0.0,0,8.63,0
20161118,1479398400000,8.540000000000001,8.680000000000001,8.47,8.530000000000001,245864,210787268.99999997,0.0,0,8.49,0
20161121,1479657600000,8.56,8.56,8.4,8.46,150873,127548829.0,0.0,0,8.530000000000001,0
20161122,1479744000000,8.44,8.53,8.43,8.52,136873,115991690.0,0.0,0,8.459999999999999,0
20161123,1479830400000,8.520000000000001,8.64,8.46,8.48,180846,154604029.0,0.0,0,8.520000000000001,0
20161124,1479916800000,8.41,8.479999999999999,8.36,8.379999999999999,137554,115710717.0,0.0,0,8.479999999999999,0
20161125,1480003200000,8.39,8.4,8.18,8.36,129013,106959318.00000001,0.0,0,8.379999999999999,0
20161128,1480262400000,8.39,8.4,8.34,8.35,87451,73181294.0,0.0,0,8.36,0
20161129,1480348800000,8.32,8.34,8.23,8.280000000000001,101035,83583832.0,0.0,0,8.35,0
20161130,1480435200000,8.28,8.35,8.24,8.26,71356,59106389.00000001,0.0,0,8.28,0
20161201,1480521600000,8.27,8.3,8.25,8.28,72937,60324209.0,0.0,0,8.26,0
20161202,1480608000000,8.299999999999999,8.31,8.1,8.12,128221,104772443.0,0.0,0,8.28,0
20161205,1480867200000,8.07,8.15,8.0,8.06,71718,57990036.00000001,0.0,0,8.12,0
20161206,1480953600000,8.07,8.13,8.05,8.09,51526,41693988.0,0.0,0,8.06,0
20161207,1481040000000,8.1,8.15,8.07,8.13,70868,57500065.00000001,0.0,0,8.09,0
20161208,1481126400000,8.15,8.15,8.07,8.09,53598,43372840.0,0.0,0,8.13,0
20161209,1481212800000,8.09,8.11,8.02,8.04,62638,50554988.0,0.0,0,8.09,0
20161212,1481472000000,8.02,8.05,7.51,7.52,161657,125632173.0,0.0,0,8.04,0
20161213,1481558400000,7.550000000000001,7.5600000000000005,7.36,7.510000000000001,76688,57232911.0,0.0,0,7.5200000000000005,0
20161214,1481644800000,7.46,7.8999999999999995,7.43,7.7299999999999995,147469,113053739.0,0.0,0,7.51,0
20161215,1481731200000,7.67,7.78,7.62,7.75,92800,71640909.0,0.0,0,7.73,0
20161216,1481817600000,7.75,7.83,7.69,7.720000000000001,58002,44969590.0,0.0,0,7.75,0
20161219,1482076800000,7.68,7.71,7.58,7.61,66240,50478117.0,0.0,0,7.72,0
20161220,1482163200000,7.6000000000000005,7.62,7.5200000000000005,7.57,61285,46377041.0,0.0,0,7.61,0
20161221,1482249600000,7.59,7.66,7.58,7.64,57002,43412869.99999999,0.0,0,7.57,0
20161222,1482336000000,7.65,7.67,7.58,7.61,45498,34627003.0,0.0,0,7.64,0
20161223,1482422400000,7.609999999999999,7.859999999999999,7.55,7.64,120958,93204146.99999999,0.0,0,7.609999999999999,0
20161226,1482681600000,7.57,7.590000000000001,7.4,7.57,72142,53970791.0,0.0,0,7.640000000000001,0
20161227,1482768000000,7.590000000000001,7.69,7.5600000000000005,7.630000000000001,59349,45305628.0,0.0,0,7.57,0
20161228,1482854400000,7.63,7.720000000000001,7.61,7.61,51002,39045611.0,0.0,0,7.63,0
20161229,1482940800000,7.65,7.87,7.61,7.75,168140,131097294.00000001,0.0,0,7.61,0
20161230,1483027200000,7.69,7.720000000000001,7.61,7.66,84736,64881632.0,0.0,0,7.75,0
20170103,1483372800000,7.65,7.79,7.65,7.74,62573,48333908.00000001,0.0,0,7.66,0
20170104,1483459200000,7.81,7.89,7.76,7.859999999999999,109877,85971649.0,0.0,0,7.74,0
20170105,1483545600000,7.88,7.88,7.79,7.8,85789,67093450.0,0.0,0,7.86,0
20170106,1483632000000,7.8100000000000005,7.94,7.78,7.8100000000000005,78711,61799672.0,0.0,0,7.8,0
20170109,1483891200000,7.74,7.79,7.69,7.78,67397,52178851.0,0.0,0,7.8100000000000005,0
20170110,1483977600000,7.78,7.78,7.71,7.72,49582,38360005.0,0.0,0,7.78,0
20170111,1484064000000,7.71,7.72,7.54,7.56,74918,57045896.0,0.0,0,7.72,0
20170112,1484150400000,7.56,7.63,7.5,7.5,44448,33577007.00000001,0.0,0,7.56,0
20170113,1484236800000,7.46,7.54,7.41,7.41,54365,40633924.99999999,0.0,0,7.5,0
20170116,1484496000000,7.37,7.43,6.72,7.01,100815,71935683.0,0.0,0,7.41,0
20170117,1484582400000,7.03,7.130000000000001,6.86,7.090000000000001,60196,42305587.00000001,0.0,0,7.010000000000001,0
20170118,1484668800000,7.069999999999999,7.17,7.01,7.069999999999999,44354,31376988.0,0.0,0,7.09,0
20170119,1484755200000,7.03,7.11,7.0200000000000005,7.03,35793,25285192.000000004,0.0,0,7.07,0
20170120,1484841600000,7.03,7.260000000000001,7.03,7.17,70202,50476642.0,0.0,0,7.03,0
20170123,1485100800000,7.18,7.26,7.17,7.22,53455,38592004.0,0.0,0,7.17,0
20170124,1485187200000,7.170000000000001,7.2,7.1000000000000005,7.15,45370,32429371.999999996,0.0,0,7.220000000000001,0
20170125,1485273600000,7.140000000000001,7.19,7.11,7.140000000000001,45509,32528087.000000004,0.0,0,7.15,0
20170126,1485360000000,7.17,7.25,7.16,7.21,36512,26293149.0,0.0,0,7.140000000000001,0
20170203,1486051200000,7.220000000000001,7.250000000000001,7.140000000000001,7.19,30550,21970855.0,0.0,0,7.210000000000001,0
20170206,1486310400000,7.22,7.27,7.18,7.26,39475,28551464.0,0.0,0,7.1899999999999995,0
20170207,1486396800000,7.2700000000000005,7.28,7.19,7.260000000000001,56211,40709172.0,0.0,0,7.260000000000001,0
20170208,1486483200000,7.2299999999999995,7.3,7.18,7.29,49131,35627418.0,0.0,0,7.26,0
20170209,1486569600000,7.28,7.340000000000001,7.2700000000000005,7.33,63809,46710914.0,0.0,0,7.29,0
20170210,1486656000000,7.32,8.06,7.28,7.550000000000001,227118,173826246.0,0.0,0,7.33,0
20170213,1486915200000,7.47,7.59,7.42,7.55,115666,86728498.0,0.0,0,7.55,0
20170214,1487001600000,7.51,7.55,7.47,7.52,48055,36044089.00000001,0.0,0,7.55,0
20170215,1487088000000,7.510000000000001,7.57,7.4,7.4,62533,46803038.0,0.0,0,7.5200000000000005,0
20170216,1487174400000,7.39,7.47,7.38,7.46,54148,40229884.0,0.0,0,7.3999999999999995,0
20170217,1487260800000,7.460000000000001,7.49,7.3500000000000005,7.380000000000001,67199,49816707.0,0.0,0,7.460000000000001,0
20170220,1487520000000,7.36,7.46,7.28,7.45,58416,43011353.0,0.0,0,7.38,0
20170221,1487606400000,7.43,7.529999999999999,7.43,7.489999999999999,71975,53826085.0,0.0,0,7.449999999999999,0
20170222,1487692800000,7.51,7.55,7.45,7.53,78348,58769980.0,0.0,0,7.49,0
20170223,1487779200000,7.51,7.51,7.42,7.47,65755,49012324.00000001,0.0,0,7.53,0
20170224,1487865600000,7.45,7.66,7.44,7.53,89908,67847517.0,0.0,0,7.470000000000001,0
20170227,1488124800000,7.5200000000000005,7.5200000000000005,7.390000000000001,7.41,61608,45936536.00000001,0.0,0,7.53,0
20170228,1488211200000,7.41,7.45,7.38,7.4399999999999995,48988,36344635.0,0.0,0,7.41,0
20170301,1488297600000,7.44,7.470000000000001,7.4,7.430000000000001,48855,36331244.0,0.0,0,7.44,0
20170302,1488384000000,7.460000000000001,7.460000000000001,7.3500000000000005,7.37,50298,37224279.0,0.0,0,7.430000000000001,0
20170303,1488470400000,7.359999999999999,7.3999999999999995,7.3,7.39,48758,35855913.0,0.0,0,7.37,0
20170306,1488729600000,7.42,7.54,7.38,7.54,92687,69426015.0,0.0,0,7.39,0
20170307,1488816000000,7.55,7.65,7.49,7.59,113348,85754610.0,0.0,0,7.54,0
20170308,1488902400000,7.6000000000000005,7.66,7.49,7.53,73137,55387701.0,0.0,0,7.59,0
20170309,1488988800000,7.49,7.51,7.41,7.44,55012,40957744.0,0.0,0,7.53,0
20170310,1489075200000,7.44,7.48,7.41,7.42,38030,28318656.0,0.0,0,7.44,0
20170313,1489334400000,7.42,7.63,7.41,7.6000000000000005,110976,83752218.0,0.0,0,7.42,0
20170314,1489420800000,7.62,7.62,7.49,7.5200000000000005,60943,45909673.00000001,0.0,0,7.6000000000000005,0
20170315,1489507200000,7.48,7.550000000000001,7.48,7.510000000000001,44246,33224063.0,0.0,0,7.5200000000000005,0
20170316,1489593600000,7.5200000000000005,7.630000000000001,7.5200000000000005,7.590000000000001,97480,73766475.0,0.0,0,7.510000000000001,0
20170317,1489680000000,7.6,7.6499999999999995,7.51,7.51,105000,79630392.0,0.0,0,7.59,0
20170320,1489939200000,7.5200000000000005,7.62,7.5200000000000005,7.6000000000000005,91736,69538541.0,0.0,0,7.510000000000001,0
20170321,1490025600000,7.6000000000000005,7.75,7.57,7.71,168700,129828268.0,0.0,0,7.6000000000000005,0
20170322,1490112000000,7.66,7.7,7.5600000000000005,7.6000000000000005,91285,69541812.00000001,0.0,0,7.710000000000001,0
20170323,1490198400000,7.61,7.630000000000001,7.48,7.6000000000000005,89994,68027709.0,0.0,0,7.6000000000000005,0
20170324,1490284800000,7.63,7.7,7.57,7.680000000000001,118903,90874966.0,0.0,0,7.6000000000000005,0
20170327,1490544000000,7.72,7.73,7.54,7.62,70314,53567918.0,0.0,0,7.68,0
20170328,1490630400000,7.59,7.62,7.53,7.58,53180,40261775.0,0.0,0,7.62,0
20170329,1490716800000,7.59,7.63,7.54,7.55,84113,63814506.99999999,0.0,0,7.58,0
20170330,1490803200000,7.54,7.54,7.11,7.12,173607,125615259.0,0.0,0,7.550000000000001,0
20170331,1490889600000,7.140000000000001,7.19,7.0200000000000005,7.08,89770,63796096.0,0.0,0,7.12,0
20170405,1491321600000,7.069999999999999,7.2,7.05,7.1899999999999995,67232,48139692.0,0.0,0,7.08,0
20170406,1491408000000,7.1899999999999995,7.2,7.13,7.1899999999999995,57127,40954741.0,0.0,0,7.1899999999999995,0
20170407,1491494400000,7.19,7.19,7.12,7.15,61129,43705541.99999999,0.0,0,7.19,0
20170410,1491753600000,7.15,7.15,7.0,7.01,94366,66465284.0,0.0,0,7.15,0
20170411,1491840000000,6.99,7.07,6.890000000000001,7.050000000000001,92390,64604440.0,0.0,0,7.010000000000001,0
20170412,1491926400000,7.06,7.1499999999999995,7.05,7.1,80969,57586924.00000001,0.0,0,7.05,0
20170413,1492012800000,7.1,7.14,7.05,7.08,59009,41824906.0,0.0,0,7.1,0
20170414,1492099200000,7.069999999999999,7.09,6.93,6.949999999999999,72463,50597868.0,0.0,0,7.08,0
20170417,1492358400000,6.95,6.970000000000001,6.82,6.8500000000000005,57143,39271744.00000001,0.0,0,6.95,0
20170418,1492444800000,6.8500000000000005,6.9,6.74,6.76,51358,35071579.0,0.0,0,6.8500000000000005,0
20170419,1492531200000,6.74,6.760000000000001,6.44,6.6000000000000005,96541,63364516.0,0.0,0,6.760000000000001,0
20170420,1492617600000,6.6,6.66,6.5,6.64,63673,41832890.0,0.0,0,6.6,0
20170421,1492704000000,6.63,6.65,6.54,6.56,32265,21293243.000000004,0.0,0,6.64,0
20170424,1492963200000,6.5,6.53,6.08,6.17,95768,59917365.0,0.0,0,6.5600000000000005,0
20170425,1493049600000,6.180000000000001,6.29,6.15,6.16,50063,31167895.0,0.0,0,6.17,0
20170426,1493136000000,6.16,6.25,6.15,6.16,45367,28074744.0,0.0,0,6.16,0
20170427,1493222400000,6.140000000000001,6.21,5.95,6.19,84605,51251135.0,0.0,0,6.16,0
20170428,1493308800000,6.15,6.23,6.11,6.23,42566,26292396.000000004,0.0,0,6.19,0
20170502,1493654400000,6.22,6.23,6.12,6.22,46792,28910027.0,0.0,0,6.23,0
20170503,1493740800000,6.22,6.24,6.17,6.2299999999999995,39108,24282804.0,0.0,0,6.22,0
20170504,1493827200000,6.210000000000001,6.290000000000001,6.140000000000001,6.19,44675,27757156.0,0.0,0,6.23,0
20170505,1493913600000,6.1499999999999995,6.2,6.09,6.09,43392,26653578.0,0.0,0,6.1899999999999995,0
20170508,1494172800000,6.1000000000000005,6.13,6.03,6.05,41892,25489476.0,0.0,0,6.09,0
20170509,1494259200000,6.04,6.390000000000001,5.98,6.210000000000001,71183,43899476.0,0.0,0,6.050000000000001,0
20170510,1494345600000,6.18,6.29,6.13,6.2,79668,49508883.0,0.0,0,6.21,0
20170511,1494432000000,6.13,6.13,5.78,5.98,120088,71630826.0,0.0,0,6.2,0
20170512,1494518400000,5.95,5.99,5.86,5.91,51010,30238084.000000004,0.0,0,5.98,0
20170515,1494777600000,5.96,6.07,5.92,5.93,46248,27685637.000000004,0.0,0,5.91,0
20170516,1494864000000,5.9,6.040000000000001,5.8100000000000005,6.03,82425,48917266.0,0.0,0,5.930000000000001,0
20170517,1494950400000,6.010000000000001,6.1000000000000005,5.98,6.0200000000000005,77513,46810970.0,0.0,0,6.03,0
20170518,1495036800000,5.96,6.0200000000000005,5.91,5.94,57483,34233342.0,0.0,0,6.0200000000000005,0
20170519,1495123200000,5.93,6.08,5.91,5.98,57413,34275977.0,0.0,0,5.94,0
20170522,1495382400000,5.95,5.96,5.75,5.78,74433,43597565.0,0.0,0,5.98,0
20170523,1495468800000,5.73,5.78,5.49,5.49,85748,48104941.0,0.0,0,5.78,0
20170524,1495555200000,5.44,5.51,5.33,5.5,67812,36789475.0,0.0,0,5.49,0
20170525,1495641600000,5.5,5.59,5.37,5.5600000000000005,65026,35645027.0,0.0,0,5.5,0
20170526,1495728000000,5.550000000000001,5.590000000000001,5.5200000000000005,5.550000000000001,44003,24431126.0,0.0,0,5.5600000000000005,0
20170531,1496160000000,5.6,5.64,5.51,5.529999999999999,41833,23366525.0,0.0,0,5.55,0
20170601,1496246400000,5.5200000000000005,5.5200000000000005,5.28,5.3,53872,29059247.000000004,0.0,0,5.53,0
20170602,1496332800000,5.2700000000000005,5.420000000000001,5.23,5.380000000000001,60064,31934193.0,0.0,0,5.300000000000001,0
20170605,1496592000000,5.41,5.48,5.37,5.43,50089,27205737.999999996,0.0,0,5.38,0
20170606,1496678400000,5.42,5.82,5.41,5.61,106014,59357135.00000001,0.0,0,5.43,0
20170607,1496764800000,5.62,5.73,5.53,5.7,102734,58036412.99999999,0.0,0,5.61,0
20170608,1496851200000,5.69,5.71,5.62,5.63,52244,29576066.000000004,0.0,0,5.7,0
20170609,1496937600000,5.640000000000001,5.7,5.61,5.66,50390,28468294.000000004,0.0,0,5.63,0
20170612,1497196800000,5.609999999999999,5.64,5.43,5.4399999999999995,71846,39691915.00000001,0.0,0,5.66,0
20170613,1497283200000,5.42,5.61,5.42,5.57,50463,27989465.0,0.0,0,5.4399999999999995,0
20170614,1497369600000,5.57,5.99,5.54,5.78,199307,115125328.0,0.0,0,5.57,0
20170615,1497456000000,5.7299999999999995,5.93,5.72,5.85,127582,74093722.0,0.0,0,5.779999999999999,0
20170616,1497542400000,5.84,5.9799999999999995,5.76,5.779999999999999,84096,49101751.00000001,0.0,0,5.85,0
20170619,1497801600000,5.77,5.87,5.72,5.84,59498,34463101.0,0.0,0,5.779999999999999,0
20170620,1497888000000,5.840000000000001,5.890000000000001,5.8100000000000005,5.8100000000000005,67304,39372055.0,0.0,0,5.840000000000001,0
20170621,1497974400000,5.82,5.840000000000001,5.73,5.79,81215,46850664.0,0.0,0,5.8100000000000005,0
20170622,1498060800000,5.8,5.8100000000000005,5.62,5.62,61159,35013752.0,0.0,0,5.79,0
20170623,1498147200000,5.6,5.67,5.42,5.58,82837,45936315.0,0.0,0,5.62,0
20170626,1498406400000,5.57,5.68,5.54,5.67,44812,25191288.0,0.0,0,5.58,0
20170627,1498492800000,5.67,5.7299999999999995,5.63,5.6899999999999995,40769,23202539.0,0.0,0,5.67,0
20170628,1498579200000,5.65,5.67,5.58,5.6,33669,18926087.0,0.0,0,5.69,0
20170629,1498665600000,5.61,5.71,5.61,5.69,52401,29717346.0,0.0,0,5.6000000000000005,0
20170630,1498752000000,5.67,5.69,5.61,5.680000000000001,38771,21949809.0,0.0,0,5.69,0
20170703,1499011200000,5.68,5.74,5.66,5.73,40457,23076092.0,0.0,0,5.68,0
20170704,1499097600000,5.71,5.78,5.69,5.760000000000001,51099,29303456.0,0.0,0,5.73,0
20170705,1499184000000,5.75,5.86,5.75,5.85,99385,57827498.0,0.0,0,5.76,0
20170706,1499270400000,5.81,5.88,5.79,5.8,87954,51237306.99999999,0.0,0,5.85,0
20170707,1499356800000,5.8100000000000005,5.83,5.78,5.83,61233,35558302.0,0.0,0,5.8,0
20170710,1499616000000,5.8,5.83,5.74,5.82,63025,36488158.0,0.0,0,5.83,0
20170711,1499702400000,5.8,5.82,5.66,5.67,66050,37920422.0,0.0,0,5.82,0
20170712,1499788800000,5.670000000000001,5.710000000000001,5.5600000000000005,5.630000000000001,57460,32241394.0,0.0,0,5.670000000000001,0
20170713,1499875200000,5.6000000000000005,5.66,5.57,5.640000000000001,36428,20512950.000000004,0.0,0,5.63,0
20170714,1499961600000,5.640000000000001,5.66,5.57,5.59,35407,19887855.0,0.0,0,5.640000000000001,0
20170717,1500220800000,5.58,5.6,5.22,5.2299999999999995,82675,44459471.0,0.0,0,5.59,0
20170718,1500307200000,5.24,5.33,5.2,5.3100000000000005,50863,26840231.0,0.0,0,5.23,0
20170719,1500393600000,5.300000000000001,5.390000000000001,5.2700000000000005,5.380000000000001,55520,29627527.0,0.0,0,5.3100000000000005,0
20170720,1500480000000,5.36,5.430000000000001,5.3500000000000005,5.36,52464,28272266.0,0.0,0,5.380000000000001,0
20170721,1500566400000,5.4,5.45,5.33,5.36,39910,21514175.000000004,0.0,0,5.36,0
20170724,1500825600000,5.39,5.41,5.3,5.39,46852,25089920.0,0.0,0,5.359999999999999,0
20170725,1500912000000,5.37,5.39,5.34,5.38,32048,17186453.0,0.0,0,5.39,0
20170726,1500998400000,5.36,5.39,5.33,5.36,29833,15965461.0,0.0,0,5.38,0
20170727,1501084800000,5.359999999999999,5.53,5.34,5.52,95062,51894577.0,0.0,0,5.359999999999999,0
20170728,1501171200000,5.5,5.53,5.45,5.48,45898,25189765.0,0.0,0,5.5200000000000005,0
20170731,1501430400000,5.49,5.55,5.46,5.53,48534,26710484.000000004,0.0,0,5.4799999999999995,0
20170801,1501516800000,5.5200000000000005,5.58,5.5200000000000005,5.57,61029,33857244.0,0.0,0,5.53,0
20170802,1501603200000,5.5600000000000005,5.58,5.48,5.48,54793,30261863.000000004,0.0,0,5.57,0
20170803,1501689600000,5.47,5.59,5.43,5.52,53289,29403230.999999996,0.0,0,5.4799999999999995,0
20170804,1501776000000,5.5,5.5600000000000005,5.49,5.5,51607,28485860.000000004,0.0,0,5.5200000000000005,0
20170807,1502035200000,5.5,5.5600000000000005,5.48,5.550000000000001,39563,21878812.0,0.0,0,5.5,0
20170808,1502121600000,5.54,5.59,5.5,5.56,53390,29620315.999999996,0.0,0,5.55,0
20170809,1502208000000,5.5600000000000005,5.61,5.53,5.58,52370,29187684.0,0.0,0,5.5600000000000005,0
20170810,1502294400000,5.58,5.59,5.43,5.47,57221,31487328.000000004,0.0,0,5.58,0
20170811,1502380800000,5.45,5.460000000000001,5.3500000000000005,5.36,66640,36089533.0,0.0,0,5.470000000000001,0
20170814,1502640000000,5.41,5.9,5.37,5.9,219369,127309613.00000001,0.0,0,5.36,0
20170815,1502726400000,6.26,6.49,6.2,6.49,1069387,679032903.0000001,0.0,0,5.9,0
20170816,1502812800000,6.359999999999999,6.39,6.18,6.279999999999999,745829,468320396.0,0.0,0,6.489999999999999,0
20170817,1502899200000,6.28,6.41,6.2,6.25,537455,337481834.00000006,0.0,0,6.28,0
20170818,1502985600000,6.2,6.21,6.03,6.05,389408,237034160.0,0.0,0,6.25,0
20170821,1503244800000,6.07,6.13,6.03,6.09,204759,124494988.0,0.0,0,6.05,0
20170822,1503331200000,6.050000000000001,6.170000000000001,6.0200000000000005,6.0600000000000005,201585,122728660.0,0.0,0,6.090000000000001,0
20170823,1503417600000,6.05,6.14,6.04,6.08,177581,108126093.0,0.0,0,6.06,0
20170824,1503504000000,6.04,6.0600000000000005,5.82,5.86,247426,145961773.00000003,0.0,0,6.08,0
20170825,1503590400000,5.88,5.94,5.87,5.91,119673,70670460.0,0.0,0,5.86,0
20170828,1503849600000,5.92,6.04,5.88,6.03,156477,93949540.0,0.0,0,5.91,0
20170829,1503936000000,6.03,6.03,5.9,5.94,146699,87173292.0,0.0,0,6.03,0
20170830,1504022400000,5.91,5.9399999999999995,5.84,5.92,118053,69563524.0,0.0,0,5.9399999999999995,0
20170831,1504108800000,5.92,6.04,5.86,6.0200000000000005,188942,112980719.00000001,0.0,0,5.92,0
20170901,1504195200000,6.0,6.13,5.96,6.1,225431,136409974.0,0.0,0,6.02,0
20170904,1504454400000,6.03,6.16,5.9,6.16,261770,159300605.00000003,0.0,0,6.1000000000000005,0
20170905,1504540800000,6.15,6.15,6.04,6.06,160612,97641069.00000001,0.0,0,6.16,0
20170906,1504627200000,6.05,6.25,5.96,6.19,230804,140819375.0,0.0,0,6.06,0
20170907,1504713600000,6.16,6.260000000000001,6.0600000000000005,6.0600000000000005,241624,149114437.0,0.0,0,6.19,0
20170908,1504800000000,6.05,6.08,5.96,6.0,154855,93009155.0,0.0,0,6.06,0
20170911,1505059200000,5.97,6.04,5.95,6.0200000000000005,82906,49715452.0,0.0,0,6.0,0
20170912,1505145600000,6.029999999999999,6.04,5.93,5.9399999999999995,115979,69204976.0,0.0,0,6.02,0
20170913,1505232000000,5.95,5.99,5.92,5.9799999999999995,61288,36495276.0,0.0,0,5.9399999999999995,0
20170914,1505318400000,6.05,6.13,5.99,6.0,199008,120855568.00000001,0.0,0,5.98,0
20170915,1505404800000,6.0,6.19,5.98,6.170000000000001,288140,176501214.0,0.0,0,6.0,0
20170918,1505664000000,6.05,6.13,6.03,6.1000000000000005,152759,92900161.0,0.0,0,6.17,0
20170919,1505750400000,6.11,6.130000000000001,5.98,6.010000000000001,126434,76405586.99999999,0.0,0,6.1000000000000005,0
20170920,1505836800000,6.01,6.03,5.95,6.0200000000000005,101756,60932927.00000001,0.0,0,6.01,0
20170921,1505923200000,6.04,6.11,5.98,6.07,132612,80234607.00000001,0.0,0,6.0200000000000005,0
20170922,1506009600000,6.25,6.5200000000000005,6.11,6.180000000000001,428340,269367451.0,0.0,0,6.07,0
20170925,1506268800000,6.05,6.09,5.92,5.9399999999999995,209504,125746717.0,0.0,0,6.18,0
20170926,1506355200000,5.8999999999999995,6.01,5.88,5.91,89423,52989753.0,0.0,0,5.9399999999999995,0
20170927,1506441600000,5.9,5.99,5.87,5.95,65513,38882883.0,0.0,0,5.91,0
20170928,1506528000000,5.92,5.9399999999999995,5.88,5.89,74145,43797511.0,0.0,0,5.95,0
20170929,1506614400000,5.8999999999999995,5.949999999999999,5.89,5.949999999999999,60148,35637990.0,0.0,0,5.89,0
20171009,1507478400000,6.0,6.07,5.96,6.06,127319,76706256.0,0.0,0,5.95,0
20171010,1507564800000,6.05,6.18,6.04,6.14,148677,91044251.0,0.0,0,6.06,0
20171011,1507651200000,6.15,6.17,6.04,6.04,105041,64121265.00000001,0.0,0,6.14,0
20171012,1507737600000,6.05,6.2299999999999995,6.05,6.13,151721,93252358.0,0.0,0,6.04,0
20171013,1507824000000,6.14,6.17,6.08,6.11,98087,60038088.0,0.0,0,6.13,0
20171016,1508083200000,6.11,6.21,5.99,6.0,132297,80663442.0,0.0,0,6.11,0
20171017,1508169600000,5.96,5.99,5.9,5.98,84093,50010474.0,0.0,0,6.0,0
20171018,1508256000000,5.97,6.0,5.88,5.89,69462,41308541.0,0.0,0,5.9799999999999995,0
20171019,1508342400000,5.89,5.93,5.63,5.67,112417,64860764.0,0.0,0,5.89,0
20171020,1508428800000,5.66,5.74,5.62,5.73,44304,25210318.0,0.0,0,5.67,0
20171023,1508688000000,5.69,5.79,5.69,5.75,44754,25761364.0,0.0,0,5.73,0
20171024,1508774400000,5.75,5.7700000000000005,5.66,5.71,37293,21310985.0,0.0,0,5.75,0
20171025,1508860800000,5.72,5.79,5.71,5.77,39941,22967332.0,0.0,0,5.71,0
20171026,1508947200000,5.75,5.77,5.68,5.76,65157,37291116.0,0.0,0,5.77,0
20171027,1509033600000,5.7,5.74,5.61,5.63,75189,42693521.0,0.0,0,5.760000000000001,0
20171030,1509292800000,5.63,5.64,5.38,5.39,103286,56231237.00000001,0.0,0,5.63,0
20171031,1509379200000,5.3999999999999995,5.4799999999999995,5.39,5.47,46975,25503755.0,0.0,0,5.39,0
20171101,1509465600000,5.470000000000001,5.5,5.44,5.470000000000001,37553,20535364.000000004,0.0,0,5.470000000000001,0
20171102,1509552000000,5.47,5.49,5.38,5.41,43337,23415236.0,0.0,0,5.47,0
20171103,1509638400000,5.41,5.420000000000001,5.3100000000000005,5.32,38741,20761538.000000004,0.0,0,5.41,0
20171106,1509897600000,5.33,5.39,5.29,5.39,37906,20293039.0,0.0,0,5.32,0
20171107,1509984000000,5.36,5.44,5.36,5.44,39525,21381417.0,0.0,0,5.390000000000001,0
20171108,1510070400000,5.46,5.5,5.44,5.48,45322,24831822.0,0.0,0,5.44,0
20171109,1510156800000,5.48,5.58,5.44,5.54,54872,30390647.000000004,0.0,0,5.48,0
20171110,1510243200000,5.54,5.54,5.46,5.52,46670,25661171.0,0.0,0,5.54,0
20171113,1510502400000,5.52,5.52,5.46,5.49,42716,23404044.000000004,0.0,0,5.52,0
20171114,1510588800000,5.48,5.48,5.36,5.41,49679,26875332.0,0.0,0,5.49,0
20171115,1510675200000,5.38,5.44,5.36,5.390000000000001,27778,14967773.000000002,0.0,0,5.41,0
20171116,1510761600000,5.41,5.5600000000000005,5.3500000000000005,5.53,122177,67072807.0,0.0,0,5.390000000000001,0
20171117,1510848000000,5.51,5.55,5.14,5.1899999999999995,129631,68706406.99999999,0.0,0,5.529999999999999,0
20171120,1511107200000,5.2,5.2,4.98,5.1000000000000005,77621,39158290.0,0.0,0,5.19,0
20171121,1511193600000,5.11,5.13,5.0,5.05,51355,26043889.0,0.0,0,5.1,0
20171122,1511280000000,5.05,5.1,5.01,5.04,52268,26389285.000000004,0.0,0,5.05,0
20171123,1511366400000,5.04,5.07,4.96,4.9799999999999995,51173,25662595.0,0.0,0,5.04,0
20171124,1511452800000,4.99,4.99,4.91,4.98,38372,19003797.0,0.0,0,4.98,0
20171127,1511712000000,4.9799999999999995,5.12,4.97,4.989999999999999,35154,17700048.0,0.0,0,4.9799999999999995,0
20171128,1511798400000,4.98,5.0600000000000005,4.95,5.05,30793,15420888.0,0.0,0,4.99,0
20171129,1511884800000,5.04,5.05,4.96,5.02,35243,17637744.0,0.0,0,5.05,0
20171130,1511971200000,5.04,5.06,5.0,5.01,33279,16737111.0,0.0,0,5.02,0
20171201,1512057600000,5.0600000000000005,5.090000000000001,5.0200000000000005,5.08,51126,25883063.999999996,0.0,0,5.010000000000001,0
20171204,1512316800000,5.08,5.08,4.96,4.96,42710,21399087.0,0.0,0,5.08,0
20171205,1512403200000,4.96,4.96,4.74,4.76,63032,30652903.0,0.0,0,4.96,0
20171206,1512489600000,4.75,4.800000000000001,4.61,4.75,55136,26006445.0,0.0,0,4.760000000000001,0
20171207,1512576000000,4.7299999999999995,4.779999999999999,4.72,4.739999999999999,40705,19341427.0,0.0,0,4.75,0
20171208,1512662400000,4.74,4.87,4.73,4.8100000000000005,52554,25288918.999999996,0.0,0,4.74,0
20171211,1512921600000,4.819999999999999,4.8999999999999995,4.8,4.859999999999999,56026,27214220.0,0.0,0,4.81,0
20171212,1513008000000,4.87,4.880000000000001,4.7700000000000005,4.7700000000000005,45484,21889665.0,0.0,0,4.86,0
20171213,1513094400000,4.8100000000000005,4.8500000000000005,4.7700000000000005,4.82,38346,18413371.000000004,0.0,0,4.7700000000000005,0
20171214,1513180800000,4.8100000000000005,4.8100000000000005,4.7700000000000005,4.800000000000001,32882,15759946.0,0.0,0,4.82,0
20171215,1513267200000,4.8,4.8500000000000005,4.78,4.84,47120,22739654.0,0.0,0,4.8,0
20171218,1513526400000,4.819999999999999,4.85,4.76,4.779999999999999,36135,17361293.0,0.0,0,4.84,0
20171219,1513612800000,4.79,5.26,4.78,5.26,276962,143084353.0,0.0,0,4.78,0
20171220,1513699200000,5.21,5.22,5.05,5.109999999999999,296259,151659885.0,0.0,0,5.26,0
20171221,1513785600000,5.06,5.12,5.01,5.1,152890,77471266.0,0.0,0,5.109999999999999,0
20171222,1513872000000,5.06,5.08,4.97,4.9799999999999995,107880,54132459.0,0.0,0,5.1,0
20171225,1514131200000,4.98,4.98,4.83,4.86,92421,45195813.0,0.0,0,4.98,0
20171226,1514217600000,4.83,4.92,4.82,4.91,70263,34251834.0,0.0,0,4.86,0
20171227,1514304000000,4.88,4.9,4.83,4.86,73515,35748115.0,0.0,0,4.91,0
20171228,1514390400000,4.83,4.91,4.82,4.86,64276,31295217.0,0.0,0,4.86,0
20171229,1514476800000,4.84,5.08,4.84,4.99,119066,59289934.00000001,0.0,0,4.859999999999999,0
20180102,1514822400000,4.99,5.0,4.92,4.99,75982,37682129.00000001,0.0,0,4.99,0
20180103,1514908800000,5.01,5.05,4.99,5.03,86935,43638214.0,0.0,0,4.99,0
20180104,1514995200000,5.02,5.109999999999999,5.01,5.05,85759,43364260.0,0.0,0,5.029999999999999,0
20180105,1515081600000,5.3500000000000005,5.53,5.12,5.13,228789,120566459.0,0.0,0,5.05,0
20180108,1515340800000,5.1000000000000005,5.640000000000001,5.0600000000000005,5.5600000000000005,616466,338855184.99999994,0.0,0,5.130000000000001,0
20180109,1515427200000,5.47,5.47,5.3,5.34,396362,213324101.99999997,0.0,0,5.56,0
20180110,1515513600000,5.4,5.79,5.4,5.680000000000001,586143,329828878.00000006,0.0,0,5.340000000000001,0
20180111,1515600000000,5.58,6.1000000000000005,5.48,5.890000000000001,729500,425590307.0,0.0,0,5.680000000000001,0
20180112,1515686400000,5.75,5.8500000000000005,5.62,5.63,415723,237833897.00000003,0.0,0,5.890000000000001,0
20180115,1515945600000,5.4,5.49,5.23,5.32,270296,145248465.0,0.0,0,5.630000000000001,0
20180116,1516032000000,5.32,5.460000000000001,5.3100000000000005,5.44,179293,96823623.0,0.0,0,5.32,0
20180117,1516118400000,5.290000000000001,5.290000000000001,5.0600000000000005,5.15,267960,137947429.0,0.0,0,5.44,0
20180118,1516204800000,5.140000000000001,5.16,5.1000000000000005,5.11,97337,49898944.0,0.0,0,5.15,0
20180119,1516291200000,5.130000000000001,5.15,5.0600000000000005,5.07,109394,55836580.00000001,0.0,0,5.11,0
20180122,1516550400000,5.07,5.08,4.92,5.04,113796,56960308.00000001,0.0,0,5.07,0
20180123,1516636800000,5.04,5.07,5.0,5.05,72423,36489610.0,0.0,0,5.04,0
20180124,1516723200000,5.06,5.12,5.01,5.12,100445,51019154.0,0.0,0,5.05,0
20180125,1516809600000,5.12,5.21,5.08,5.1,109685,56379386.00000001,0.0,0,5.12,0
20180126,1516896000000,5.09,5.17,5.07,5.11,60852,31152107.0,0.0,0,5.1000000000000005,0
20180129,1517155200000,5.08,5.11,5.0,5.03,78144,39395848.00000001,0.0,0,5.11,0
20180130,1517241600000,5.0,5.0600000000000005,4.98,4.98,52971,26491118.000000004,0.0,0,5.03,0
20180131,1517328000000,4.98,4.98,4.73,4.79,90825,44021319.0,0.0,0,4.98,0
20180201,1517414400000,4.82,4.85,4.54,4.55,89179,41393979.0,0.0,0,4.79,0
20180202,1517500800000,4.54,4.56,4.34,4.52,55863,25051659.0,0.0,0,4.55,0
20180205,1517760000000,4.4799999999999995,4.55,4.42,4.52,32222,14497722.0,0.0,0,4.52,0
20180206,1517846400000,4.47,4.47,4.1,4.109999999999999,79298,34278575.0,0.0,0,4.52,0
20180207,1517932800000,4.18,4.27,4.05,4.16,60217,25128795.999999996,0.0,0,4.109999999999999,0
20180208,1518019200000,4.17,4.27,4.14,4.25,54171,22921827.0,0.0,0,4.159999999999999,0
20180209,1518105600000,4.15,4.21,4.07,4.13,61936,25606364.0,0.0,0,4.25,0
20180212,1518364800000,4.16,4.28,4.16,4.26,51946,22008701.0,0.0,0,4.13,0
20180213,1518451200000,4.26,4.3,4.24,4.26,31166,13329471.000000002,0.0,0,4.26,0
20180214,1518537600000,4.27,4.3,4.21,4.26,25465,10823270.000000002,0.0,0,4.26,0
20180222,1519228800000,4.3,4.359999999999999,4.3,4.34,33438,14489904.0,0.0,0,4.26,0
20180223,1519315200000,4.3500000000000005,4.380000000000001,4.3100000000000005,4.36,31427,13650616.999999998,0.0,0,4.340000000000001,0
20180226,1519574400000,4.38,4.46,4.36,4.45,44159,19508852.000000004,0.0,0,4.36,0
20180227,1519660800000,4.449999999999999,4.699999999999999,4.43,4.51,98817,45332759.0,0.0,0,4.449999999999999,0
20180228,1519747200000,4.4799999999999995,4.56,4.38,4.52,67661,30314964.0,0.0,0,4.51,0
20180301,1519833600000,4.5,4.65,4.45,4.62,79737,36561118.0,0.0,0,4.5200000000000005,0
20180302,1519920000000,4.6000000000000005,4.87,4.5600000000000005,4.74,137919,64883066.0,0.0,0,4.62,0
20180305,1520179200000,4.73,4.94,4.7,4.9,158590,76584010.0,0.0,0,4.74,0
20180306,1520265600000,4.95,4.98,4.78,4.82,148877,72393219.0,0.0,0,4.9,0
20180307,1520352000000,4.77,4.81,4.67,4.71,93819,44449154.0,0.0,0,4.82,0
20180308,1520438400000,4.66,4.86,4.66,4.75,80389,38310838.0,0.0,0,4.71,0
20180309,1520524800000,4.75,5.23,4.71,5.23,327137,168783012.0,0.0,0,4.75,0
20180312,1520784000000,5.4,5.4,5.2,5.2700000000000005,484730,256598072.0,0.0,0,5.23,0
20180313,1520870400000,5.220000000000001,5.370000000000001,5.1000000000000005,5.220000000000001,298950,156599336.0,0.0,0,5.2700000000000005,0
20180314,1520956800000,5.16,5.2700000000000005,5.1000000000000005,5.1000000000000005,164863,85367502.0,0.0,0,5.220000000000001,0
20180315,1521043200000,5.1,5.28,5.05,5.21,183305,95111076.0,0.0,0,5.1,0
20180316,1521129600000,5.19,5.3,5.16,5.23,176845,92543478.0,0.0,0,5.21,0
20180319,1521388800000,5.19,5.220000000000001,5.1000000000000005,5.12,121328,62397060.99999999,0.0,0,5.23,0
20180320,1521475200000,5.09,5.09,4.92,5.02,127203,63449269.0,0.0,0,5.12,0
20180321,1521561600000,5.02,5.14,4.96,4.97,101847,51391964.0,0.0,0,5.02,0
20180322,1521648000000,4.95,5.15,4.92,5.08,124654,63041944.0,0.0,0,4.97,0
20180323,1521734400000,4.930000000000001,4.930000000000001,4.57,4.58,194312,92413155.0,0.0,0,5.08,0
20180326,1521993600000,4.51,4.65,4.24,4.63,107637,47964781.00000001,0.0,0,4.58,0
20180327,1522080000000,4.68,4.97,4.64,4.85,153514,73822085.00000001,0.0,0,4.63,0
20180328,1522166400000,4.760000000000001,5.0200000000000005,4.73,4.840000000000001,116819,56955007.0,0.0,0,4.8500000000000005,0
20180329,1522252800000,4.85,4.94,4.83,4.84,65964,32089238.0,0.0,0,4.84,0
20180330,1522339200000,4.91,4.96,4.87,4.93,77577,38128204.0,0.0,0,4.84,0
20180402,1522598400000,4.9,5.140000000000001,4.8500000000000005,5.080000000000001,201121,101104880.0,0.0,0,4.930000000000001,0
20180403,1522684800000,5.0,5.08,4.88,5.04,139454,69305464.0,0.0,0,5.08,0
20180404,1522771200000,5.01,5.08,4.92,4.96,73457,36789936.0,0.0,0,5.04,0
20180409,1523203200000,4.9,5.05,4.83,4.95,74661,36842659.0,0.0,0,4.96,0
20180410,1523289600000,4.93,5.1499999999999995,4.89,5.14,184826,93305990.0,0.0,0,4.949999999999999,0
20180411,1523376000000,5.18,5.26,5.09,5.109999999999999,226476,116842064.00000001,0.0,0,5.14,0
20180412,1523462400000,5.06,5.25,5.0,5.08,178526,91208203.0,0.0,0,5.11,0
20180413,1523548800000,5.04,5.16,4.95,4.96,141606,71398171.0,0.0,0,5.08,0
20180416,1523808000000,4.88,4.9,4.7,4.78,127365,61079451.00000001,0.0,0,4.96,0
20180417,1523894400000,4.83,4.84,4.62,4.62,72974,34539617.0,0.0,0,4.78,0
20180418,1523980800000,4.67,4.79,4.59,4.75,73090,34303403.99999999,0.0,0,4.62,0
20180419,1524067200000,4.73,4.82,4.7,4.73,73940,35184313.0,0.0,0,4.75,0
20180420,1524153600000,4.720000000000001,4.800000000000001,4.61,4.62,52052,24475176.999999996,0.0,0,4.73,0
20180423,1524412800000,4.640000000000001,4.74,4.61,4.73,53797,25136885.0,0.0,0,4.62,0
20180424,1524499200000,4.7,4.8500000000000005,4.69,4.8100000000000005,74717,35757330.0,0.0,0,4.73,0
20180425,1524585600000,4.79,4.87,4.76,4.819999999999999,59335,28607629.000000004,0.0,0,4.81,0
20180426,1524672000000,4.82,4.93,4.71,4.77,124029,59698639.0,0.0,0,4.82,0
20180427,1524758400000,4.73,4.920000000000001,4.73,4.8500000000000005,84952,41183744.0,0.0,0,4.7700000000000005,0
20180502,1525190400000,4.84,4.98,4.83,4.87,79806,39017435.00000001,0.0,0,4.85,0
20180503,1525276800000,4.84,4.93,4.76,4.87,77585,37720017.00000001,0.0,0,4.87,0
20180504,1525363200000,4.85,4.87,4.75,4.76,83404,40106565.0,0.0,0,4.87,0
20180507,1525622400000,4.76,4.84,4.76,4.83,52764,25401597.0,0.0,0,4.76,0
20180508,1525708800000,4.83,4.83,4.76,4.77,90989,43534056.0,0.0,0,4.83,0
20180509,1525795200000,4.7700000000000005,4.83,4.74,4.78,96160,45967325.00000001,0.0,0,4.7700000000000005,0
20180510,1525881600000,4.800000000000001,4.8100000000000005,4.69,4.720000000000001,74539,35364210.0,0.0,0,4.78,0
20180511,1525968000000,4.75,4.760000000000001,4.65,4.66,63602,29835390.0,0.0,0,4.720000000000001,0
20180514,1526227200000,4.64,4.66,4.5,4.52,90274,41281426.0,0.0,0,4.66,0
20180515,1526313600000,4.53,4.59,4.5,4.59,58143,26430860.0,0.0,0,4.52,0
20180516,1526400000000,4.59,4.59,4.51,4.529999999999999,48750,22126751.0,0.0,0,4.59,0
20180517,1526486400000,4.53,4.55,4.49,4.5,37513,16921531.0,0.0,0,4.53,0
20180518,1526572800000,4.5,4.56,4.5,4.55,37192,16865875.0,0.0,0,4.5,0
20180521,1526832000000,4.57,4.61,4.5600000000000005,4.590000000000001,45431,20876731.0,0.0,0,4.550000000000001,0
20180522,1526918400000,4.6000000000000005,4.62,4.5600000000000005,4.590000000000001,39480,18109589.0,0.0,0,4.590000000000001,0
20180523,1527004800000,4.59,4.61,4.53,4.53,38216,17461777.000000004,0.0,0,4.59,0
20180524,1527091200000,4.53,4.55,4.45,4.46,53986,24250704.0,0.0,0,4.53,0
20180525,1527177600000,4.46,4.47,4.41,4.42,35125,15583098.0,0.0,0,4.46,0
20180528,1527436800000,4.42,4.43,4.33,4.34,40638,17785642.0,0.0,0,4.42,0
20180529,1527523200000,4.34,4.39,4.29,4.3,42140,18318468.0,0.0,0,4.34,0
20180530,1527609600000,4.24,4.2700000000000005,4.11,4.12,57607,24130295.000000004,0.0,0,4.300000000000001,0
20180531,1527696000000,4.16,4.2,4.13,4.18,37922,15800207.0,0.0,0,4.12,0
20180601,1527782400000,4.180000000000001,4.23,4.15,4.17,43040,17977593.0,0.0,0,4.180000000000001,0
20180604,1528041600000,4.180000000000001,4.2,4.15,4.16,26592,11082026.0,0.0,0,4.17,0
20180605,1528128000000,4.18,4.25,4.16,4.24,43936,18566243.0,0.0,0,4.16,0
20180606,1528214400000,4.2299999999999995,4.27,4.22,4.26,25387,10788894.0,0.0,0,4.239999999999999,0
20180607,1528300800000,4.28,4.300000000000001,4.19,4.2,35166,14906776.0,0.0,0,4.260000000000001,0
20180608,1528387200000,4.210000000000001,4.23,4.0600000000000005,4.11,43669,17989175.0,0.0,0,4.2,0
20180611,1528646400000,4.109999999999999,4.47,4.09,4.28,110869,47121235.0,0.0,0,4.109999999999999,0
20180612,1528732800000,4.2299999999999995,4.43,4.22,4.37,128092,55434494.0,0.0,0,4.279999999999999,0
20180613,1528819200000,4.32,4.390000000000001,4.16,4.17,72683,31041766.0,0.0,0,4.37,0
20180614,1528905600000,4.18,4.22,4.12,4.16,42112,17555216.0,0.0,0,4.17,0
20180615,1528992000000,4.15,4.18,4.0,4.07,54974,22464784.0,0.0,0,4.16,0
20180619,1529337600000,4.03,4.03,3.66,3.71,87623,33393061.0,0.0,0,4.07,0
20180620,1529424000000,3.6999999999999997,3.81,3.69,3.79,42779,16078658.0,0.0,0,3.71,0
20180621,1529510400000,3.77,3.79,3.59,3.59,48364,17911094.999999996,0.0,0,3.79,0
20180622,1529596800000,3.6100000000000003,3.6900000000000004,3.5300000000000002,3.6700000000000004,43848,15939642.0,0.0,0,3.5900000000000003,0
20180625,1529856000000,3.67,3.72,3.64,3.64,24327,8978961.0,0.0,0,3.67,0
20180626,1529942400000,3.62,3.72,3.5700000000000003,3.6900000000000004,31491,11517875.0,0.0,0,3.64,0
20180627,1530028800000,3.69,3.72,3.66,3.69,31771,11699615.0,0.0,0,3.69,0
20180628,1530115200000,3.69,3.72,3.66,3.67,32126,11859778.0,0.0,0,3.69,0
20180629,1530201600000,3.63,3.79,3.63,3.77,42860,16035997.0,0.0,0,3.67,0
20180702,1530460800000,3.78,3.8,3.69,3.71,42947,16065769.000000002,0.0,0,3.77,0
20180703,1530547200000,3.69,3.83,3.68,3.83,50346,18880499.0,0.0,0,3.71,0
20180704,1530633600000,3.83,3.85,3.73,3.7399999999999998,41045,15464431.0,0.0,0,3.83,0
20180705,1530720000000,3.7399999999999998,3.75,3.65,3.67,28911,10705246.0,0.0,0,3.7399999999999998,0
20180706,1530806400000,3.68,3.7,3.48,3.62,52863,19078337.0,0.0,0,3.66,0
20180709,1531065600000,3.61,3.69,3.61,3.69,32932,12053510.0,0.0,0,3.6199999999999997,0
20180710,1531152000000,3.6799999999999997,3.6999999999999997,3.65,3.6999999999999997,28911,10634887.0,0.0,0,3.69,0
20180711,1531238400000,3.66,3.66,3.5100000000000002,3.5500000000000003,43709,15599606.000000002,0.0,0,3.7,0
20180712,1531324800000,3.55,3.69,3.52,3.65,42237,15356317.0,0.0,0,3.55,0
20180713,1531411200000,3.6399999999999997,3.7199999999999998,3.63,3.71,42778,15754767.000000002,0.0,0,3.65,0
20180716,1531670400000,3.69,3.71,3.64,3.69,31529,11574174.0,0.0,0,3.71,0
20180717,1531756800000,3.6799999999999997,3.6999999999999997,3.63,3.69,31372,11511523.000000002,0.0,0,3.69,0
20180718,1531843200000,3.69,3.7399999999999998,3.67,3.67,45412,16839097.0,0.0,0,3.69,0
20180719,1531929600000,3.6799999999999997,3.69,3.59,3.59,29601,10752775.0,0.0,0,3.67,0
20180720,1532016000000,3.6,3.68,3.58,3.66,30710,11181107.0,0.0,0,3.59,0
20180723,1532275200000,3.6999999999999997,3.73,3.65,3.71,36989,13642520.0,0.0,0,3.6599999999999997,0
20180724,1532361600000,3.69,3.83,3.67,3.83,79377,29901407.0,0.0,0,3.71,0
20180725,1532448000000,3.81,3.8400000000000003,3.7800000000000002,3.8000000000000003,49305,18741543.0,0.0,0,3.83,0
20180726,1532534400000,3.79,3.89,3.7800000000000002,3.8800000000000003,78088,30132020.0,0.0,0,3.8000000000000003,0
20180727,1532620800000,3.87,3.89,3.79,3.79,62540,23956333.0,0.0,0,3.88,0
20180730,1532880000000,3.79,3.8000000000000003,3.7,3.73,41722,15600396.000000002,0.0,0,3.79,0
20180731,1532966400000,3.73,3.7600000000000002,3.7,3.75,31325,11714399.0,0.0,0,3.73,0
20180801,1533052800000,3.76,3.8,3.69,3.6999999999999997,43593,16319987.0,0.0,0,3.75,0
20180802,1533139200000,3.6900000000000004,3.6900000000000004,3.47,3.52,60795,21614977.0,0.0,0,3.7,0
20180803,1533225600000,3.5300000000000002,3.5700000000000003,3.49,3.5100000000000002,27313,9639441.0,0.0,0,3.52,0
20180806,1533484800000,3.52,3.55,3.44,3.4899999999999998,29709,10375348.0,0.0,0,3.51,0
20180807,1533571200000,3.49,3.56,3.45,3.56,39901,14050472.999999998,0.0,0,3.49,0
20180808,1533657600000,3.54,3.58,3.5100000000000002,3.52,31078,11018877.000000002,0.0,0,3.56,0
20180809,1533744000000,3.52,3.62,3.5,3.6,46479,16706021.0,0.0,0,3.52,0
20180810,1533830400000,3.61,3.67,3.59,3.6599999999999997,48406,17594184.0,0.0,0,3.5999999999999996,0
20180813,1534089600000,3.58,3.67,3.54,3.66,55877,20092010.0,0.0,0,3.66,0
20180814,1534176000000,3.64,3.66,3.6,3.65,32425,11790533.0,0.0,0,3.66,0
20180815,1534262400000,3.6500000000000004,3.6500000000000004,3.5500000000000003,3.5500000000000003,35788,12858135.0,0.0,0,3.6500000000000004,0
20180816,1534348800000,3.51,3.54,3.4,3.4699999999999998,40269,14025643.0,0.0,0,3.55,0
20180817,1534435200000,3.48,3.5100000000000002,3.41,3.41,33888,11727443.0,0.0,0,3.47,0
20180820,1534694400000,3.4,3.46,3.36,3.44,26896,9188588.999999998,0.0,0,3.4099999999999997,0
20180821,1534780800000,3.4299999999999997,3.52,3.42,3.4699999999999998,30521,10597912.0,0.0,0,3.44,0
20180822,1534867200000,3.46,3.46,3.41,3.41,24206,8295356.0,0.0,0,3.47,0
20180823,1534953600000,3.43,3.48,3.41,3.45,25021,8617249.0,0.0,0,3.41,0
20180824,1535040000000,3.4499999999999997,3.48,3.42,3.4499999999999997,26858,9271385.0,0.0,0,3.4499999999999997,0
20180827,1535299200000,3.44,3.5100000000000002,3.43,3.5,42002,14641847.0,0.0,0,3.45,0
20180828,1535385600000,3.5,3.52,3.47,3.52,35930,12601045.0,0.0,0,3.5,0
20180829,1535472000000,3.5,3.52,3.46,3.4899999999999998,23022,8029979.0,0.0,0,3.52,0
20180830,1535558400000,3.49,3.5100000000000002,3.39,3.41,33332,11494619.0,0.0,0,3.49,0
20180831,1535644800000,3.42,3.5500000000000003,3.37,3.4,43317,14953936.0,0.0,0,3.41,0
20180903,1535904000000,3.4,3.4099999999999997,3.36,3.4,35636,12073007.000000002,0.0,0,3.4,0
20180904,1535990400000,3.4,3.52,3.38,3.4699999999999998,59769,20705542.0,0.0,0,3.4,0
20180905,1536076800000,3.45,3.5,3.43,3.43,46901,16268940.999999998,0.0,0,3.47,0
20180906,1536163200000,3.43,3.5,3.41,3.44,33901,11720436.0,0.0,0,3.43,0
20180907,1536249600000,3.45,3.5,3.43,3.45,36346,12584987.999999998,0.0,0,3.44,0
20180910,1536508800000,3.46,3.46,3.37,3.37,36624,12510797.0,0.0,0,3.45,0
20180911,1536595200000,3.3800000000000003,3.39,3.3200000000000003,3.3800000000000003,29089,9786791.0,0.0,0,3.37,0
20180912,1536681600000,3.35,3.4,3.35,3.37,22630,7647320.0,0.0,0,3.38,0
20180913,1536768000000,3.4,3.4299999999999997,3.38,3.42,29248,9963910.0,0.0,0,3.37,0
20180914,1536854400000,3.41,3.45,3.41,3.42,31846,10913352.0,0.0,0,3.42,0
20180917,1537113600000,3.4200000000000004,3.4200000000000004,3.3000000000000003,3.31,47082,15739479.0,0.0,0,3.4200000000000004,0
20180918,1537200000000,3.31,3.38,3.31,3.37,32278,10800845.000000002,0.0,0,3.31,0
20180919,1537286400000,3.38,3.44,3.36,3.4,36771,12515094.0,0.0,0,3.3699999999999997,0
20180920,1537372800000,3.4,3.44,3.38,3.3899999999999997,30990,10551028.0,0.0,0,3.4,0
20180921,1537459200000,3.39,3.46,3.39,3.44,37559,12899648.0,0.0,0,3.39,0
20180925,1537804800000,3.43,3.48,3.43,3.46,41758,14431424.999999998,0.0,0,3.44,0
20180926,1537891200000,3.45,3.47,3.43,3.44,31288,10790787.0,0.0,0,3.46,0
20180927,1537977600000,3.4499999999999997,3.4499999999999997,3.36,3.36,28885,9836604.0,0.0,0,3.44,0
20180928,1538064000000,3.37,3.41,3.35,3.38,27758,9379697.0,0.0,0,3.36,0
20181008,1538928000000,3.3200000000000003,3.37,3.2800000000000002,3.2800000000000002,26634,8845448.0,0.0,0,3.3800000000000003,0
20181009,1539014400000,3.2800000000000002,3.3000000000000003,3.24,3.2600000000000002,32268,10544648.000000002,0.0,0,3.2800000000000002,0
20181010,1539100800000,3.27,3.2800000000000002,3.22,3.24,18472,6001166.0,0.0,0,3.2600000000000002,0
20181011,1539187200000,3.17,3.19,2.92,2.92,72743,21803643.0,0.0,0,3.2399999999999998,0
20181012,1539273600000,2.86,2.92,2.65,2.81,52553,14752806.0,0.0,0,2.92,0
20181015,1539532800000,2.83,2.83,2.71,2.71,37569,10485246.999999998,0.0,0,2.81,0
20181016,1539619200000,2.7199999999999998,2.77,2.61,2.65,35833,9683945.0,0.0,0,2.71,0
20181017,1539705600000,2.71,2.7399999999999998,2.65,2.7199999999999998,35508,9573615.999999998,0.0,0,2.65,0
20181018,1539792000000,2.69,2.7,2.6,2.63,27196,7234213.999999999,0.0,0,2.72,0
20181019,1539878400000,2.56,2.72,2.56,2.71,34803,9255150.000000002,0.0,0,2.63,0
20181022,1540137600000,2.75,2.89,2.73,2.86,64045,18097387.000000004,0.0,0,2.71,0
20181023,1540224000000,2.83,2.89,2.81,2.86,48606,13869237.000000002,0.0,0,2.86,0
20181024,1540310400000,2.84,2.94,2.83,2.9,44742,12959092.0,0.0,0,2.86,0
20181025,1540396800000,2.8000000000000003,2.9200000000000004,2.7800000000000002,2.9200000000000004,39292,11207781.0,0.0,0,2.9000000000000004,0
20181026,1540483200000,2.9,3.05,2.9,2.9099999999999997,43463,12907764.0,0.0,0,2.92,0
20181029,1540742400000,2.9299999999999997,2.94,2.86,2.8699999999999997,27997,8124442.000000001,0.0,0,2.9099999999999997,0
20181030,1540828800000,2.83,3.04,2.83,2.93,64555,18863746.0,0.0,0,2.87,0
20181031,1540915200000,2.91,2.98,2.91,2.95,44408,13087470.0,0.0,0,2.93,0
20181101,1541001600000,2.98,3.06,2.97,2.98,63223,19043027.0,0.0,0,2.95,0
20181102,1541088000000,3.0,3.04,2.98,3.04,63070,19017362.0,0.0,0,2.98,0
20181105,1541347200000,3.04,3.08,3.0,3.04,57270,17390275.0,0.0,0,3.04,0
20181106,1541433600000,3.0300000000000002,3.04,2.97,3.02,51836,15593847.0,0.0,0,3.04,0
20181107,1541520000000,3.04,3.17,3.04,3.09,129459,40426728.0,0.0,0,3.02,0
20181108,1541606400000,3.0900000000000003,3.14,3.0500000000000003,3.0900000000000003,90987,28104532.0,0.0,0,3.0900000000000003,0
20181109,1541692800000,3.1,3.2800000000000002,3.0700000000000003,3.14,132831,42029430.0,0.0,0,3.0900000000000003,0
20181112,1541952000000,3.11,3.38,3.1,3.35,203015,66903805.0,0.0,0,3.14,0
20181113,1542038400000,3.31,3.4400000000000004,3.2800000000000002,3.35,214215,71747539.0,0.0,0,3.35,0
20181114,1542124800000,3.37,3.5000000000000004,3.3200000000000003,3.4000000000000004,159944,54453790.0,0.0,0,3.35,0
20181115,1542211200000,3.36,3.7399999999999998,3.36,3.7399999999999998,251339,89940531.99999999,0.0,0,3.4,0
20181116,1542297600000,4.11,4.11,3.94,4.11,404718,166140095.0,0.0,0,3.7399999999999998,0
20181119,1542556800000,4.5200000000000005,4.5200000000000005,4.48,4.5200000000000005,253784,114695428.00000001,0.0,0,4.11,0
20181120,1542643200000,4.5,4.510000000000001,4.07,4.08,716509,300486436.0,0.0,0,4.5200000000000005,0
20181121,1542729600000,4.08,4.21,3.8000000000000003,4.0,548155,219805091.00000003,0.0,0,4.08,0
20181122,1542816000000,4.0,4.0600000000000005,3.8200000000000003,3.95,424838,167048159.0,0.0,0,4.0,0
20181123,1542902400000,3.9,3.9,3.56,3.56,367826,135493998.0,0.0,0,3.95,0
20181126,1543161600000,3.58,3.67,3.5,3.62,206251,74105164.00000001,0.0,0,3.56,0
20181127,1543248000000,3.6300000000000003,3.6900000000000004,3.5500000000000003,3.66,194758,70365609.99999999,0.0,0,3.62,0
20181128,1543334400000,3.63,3.63,3.46,3.56,192386,67916129.0,0.0,0,3.66,0
20181129,1543420800000,3.56,3.6100000000000003,3.37,3.38,149313,52351202.00000001,0.0,0,3.56,0
20181130,1543507200000,3.39,3.45,3.29,3.41,137773,46518977.0,0.0,0,3.38,0
20181203,1543766400000,3.4899999999999998,3.64,3.46,3.55,231785,82377151.0,0.0,0,3.41,0
20181204,1543852800000,3.52,3.68,3.48,3.6,211228,75793975.00000001,0.0,0,3.55,0
20181205,1543939200000,3.46,3.54,3.41,3.47,138312,47959900.00000001,0.0,0,3.6,0
20181206,1544025600000,3.48,3.51,3.4,3.4,85440,29464989.0,0.0,0,3.4699999999999998,0
20181207,1544112000000,3.4099999999999997,3.48,3.4,3.42,59825,20544670.0,0.0,0,3.4,0
20181210,1544371200000,3.4,3.46,3.36,3.38,50182,17088119.0,0.0,0,3.42,0
20181211,1544457600000,3.4099999999999997,3.4699999999999998,3.4,3.4299999999999997,50441,17314949.0,0.0,0,3.38,0
20181212,1544544000000,3.4499999999999997,3.46,3.4,3.4499999999999997,58562,20114504.0,0.0,0,3.4299999999999997,0
20181213,1544630400000,3.44,3.48,3.41,3.44,67657,23354376.000000004,0.0,0,3.45,0
20181214,1544716800000,3.44,3.46,3.23,3.26,88432,29558016.0,0.0,0,3.44,0
20181217,1544976000000,3.25,3.36,3.25,3.36,90713,30026099.0,0.0,0,3.26,0
20181218,1545062400000,3.37,3.43,3.31,3.36,74218,25032071.000000004,0.0,0,3.36,0
20181219,1545148800000,3.35,3.39,3.31,3.37,67940,22786093.999999996,0.0,0,3.36,0
20181220,1545235200000,3.35,3.48,3.33,3.45,120172,41117327.00000001,0.0,0,3.37,0
20181221,1545321600000,3.38,3.45,3.31,3.34,86502,29152295.0,0.0,0,3.45,0
20181224,1545580800000,3.3200000000000003,3.39,3.3000000000000003,3.3800000000000003,46519,15620470.0,0.0,0,3.3400000000000003,0
20181225,1545667200000,3.3200000000000003,3.3600000000000003,3.18,3.31,78988,25853769.0,0.0,0,3.3800000000000003,0
20181226,1545753600000,3.31,3.4,3.29,3.38,84281,28174933.0,0.0,0,3.31,0
20181227,1545840000000,3.42,3.44,3.19,3.19,82143,27360208.0,0.0,0,3.38,0
20181228,1545926400000,3.21,3.25,3.16,3.18,64370,20638181.000000004,0.0,0,3.19,0
20190102,1546358400000,3.2,3.22,3.18,3.19,35046,11212563.0,0.0,0,3.18,0
20190103,1546444800000,3.18,3.24,3.16,3.18,35139,11234263.0,0.0,0,3.19,0
20190104,1546531200000,3.1599999999999997,3.37,3.11,3.32,96678,31758886.0,0.0,0,3.1799999999999997,0
20190107,1546790400000,3.31,3.4000000000000004,3.2800000000000002,3.3800000000000003,106386,35588529.00000001,0.0,0,3.3200000000000003,0
20190108,1546876800000,3.38,3.4299999999999997,3.34,3.4,84424,28654681.0,0.0,0,3.38,0
20190109,1546963200000,3.4299999999999997,3.52,3.4,3.42,123074,42544442.0,0.0,0,3.4,0
20190110,1547049600000,3.42,3.4899999999999998,3.38,3.44,110809,38036492.99999999,0.0,0,3.42,0
20190111,1547136000000,3.46,3.46,3.41,3.43,70779,24256678.0,0.0,0,3.44,0
20190114,1547395200000,3.42,3.44,3.38,3.3899999999999997,55979,19085187.0,0.0,0,3.4299999999999997,0
20190115,1547481600000,3.43,3.54,3.39,3.49,127691,44287829.00000001,0.0,0,3.39,0
20190116,1547568000000,3.47,3.49,3.43,3.44,78190,27022613.0,0.0,0,3.49,0
20190117,1547654400000,3.42,3.4899999999999998,3.38,3.4299999999999997,73263,25084102.0,0.0,0,3.44,0
20190118,1547740800000,3.43,3.44,3.33,3.38,87602,29566659.0,0.0,0,3.43,0
20190121,1548000000000,3.37,3.41,3.35,3.37,36456,12311406.0,0.0,0,3.38,0
20190122,1548086400000,3.37,3.38,3.25,3.28,66048,21818977.0,0.0,0,3.37,0
20190123,1548172800000,3.26,3.31,3.25,3.3,37860,12459040.0,0.0,0,3.28,0
20190124,1548259200000,3.3000000000000003,3.4200000000000004,3.2800000000000002,3.39,118452,39989316.0,0.0,0,3.3000000000000003,0
20190125,1548345600000,3.3699999999999997,3.51,3.34,3.42,142207,48803713.0,0.0,0,3.3899999999999997,0
20190128,1548604800000,3.7600000000000002,3.7600000000000002,3.49,3.56,321221,116897317.00000001,0.0,0,3.4200000000000004,0
20190129,1548691200000,3.46,3.56,3.2,3.22,279173,92124422.0,0.0,0,3.56,0
20190130,1548777600000,3.0300000000000002,3.1500000000000004,3.0100000000000002,3.0300000000000002,109101,33637599.0,0.0,0,3.22,0
20190131,1548864000000,3.06,3.09,2.92,2.94,81247,24350368.0,0.0,0,3.03,0
20190201,1548950400000,3.0,3.0500000000000003,2.95,3.0500000000000003,43061,12969187.0,0.0,0,2.9400000000000004,0
20190211,1549814400000,3.08,3.15,3.06,3.14,56669,17659174.0,0.0,0,3.0500000000000003,0
20190212,1549900800000,3.15,3.22,3.14,3.21,77472,24672356.0,0.0,0,3.14,0
20190213,1549987200000,3.29,3.29,3.22,3.27,98325,32059918.0,0.0,0,3.2100000000000004,0
20190214,1550073600000,3.29,3.33,3.25,3.3,83094,27388412.000000004,0.0,0,3.27,0
20190215,1550160000000,3.27,3.3200000000000003,3.2600000000000002,3.29,69017,22749473.0,0.0,0,3.3000000000000003,0
20190218,1550419200000,3.29,3.45,3.29,3.45,132965,45244444.00000001,0.0,0,3.29,0
20190219,1550505600000,3.51,3.66,3.42,3.48,177301,62110414.0,0.0,0,3.4499999999999997,0
20190220,1550592000000,3.5500000000000003,3.6,3.41,3.49,148841,51915345.00000001,0.0,0,3.48,0
20190221,1550678400000,3.44,3.58,3.44,3.5,184503,64849727.0,0.0,0,3.4899999999999998,0
20190222,1550764800000,3.43,3.85,3.43,3.85,253881,93366433.0,0.0,0,3.5,0
20190225,1551024000000,4.24,4.24,4.24,4.24,67282,28527576.000000004,0.0,0,3.85,0
20190226,1551110400000,4.66,4.66,4.55,4.66,532799,248087511.99999997,0.0,0,4.24,0
20190227,1551196800000,4.79,4.79,4.19,4.3100000000000005,1203340,537447340.9999999,0.0,0,4.66,0
20190228,1551283200000,4.0600000000000005,4.140000000000001,3.95,3.98,635780,256965925.0,0.0,0,4.3100000000000005,0
20190301,1551369600000,4.0,4.15,3.96,4.08,449268,182461899.0,0.0,0,3.98,0
20190304,1551628800000,4.1899999999999995,4.35,4.09,4.17,520019,218404090.00000003,0.0,0,4.08,0
20190305,1551715200000,4.11,4.300000000000001,4.0600000000000005,4.300000000000001,442717,186398871.0,0.0,0,4.170000000000001,0
20190306,1551801600000,4.31,4.54,4.26,4.4399999999999995,573038,252691637.0,0.0,0,4.3,0
20190307,1551888000000,4.38,4.75,4.3,4.58,595385,270103691.0,0.0,0,4.4399999999999995,0
20190308,1551974400000,4.36,4.4799999999999995,4.13,4.1499999999999995,512496,220892676.0,0.0,0,4.58,0
20190311,1552233600000,4.35,4.38,4.18,4.37,331073,142232435.0,0.0,0,4.1499999999999995,0
20190312,1552320000000,4.36,4.620000000000001,4.3500000000000005,4.49,483579,217254780.0,0.0,0,4.37,0
20190313,1552406400000,4.510000000000001,4.880000000000001,4.4,4.6000000000000005,675904,315417528.0,0.0,0,4.49,0
20190314,1552492800000,4.55,4.85,4.25,4.55,555237,250710045.0,0.0,0,4.6,0
20190315,1552579200000,4.6000000000000005,5.010000000000001,4.3500000000000005,4.78,948203,457933669.0,0.0,0,4.550000000000001,0
20190318,1552838400000,4.609999999999999,4.7,4.47,4.64,659342,300317218.0,0.0,0,4.779999999999999,0
20190319,1552924800000,4.56,4.68,4.5,4.56,316192,144623140.0,0.0,0,4.64,0
20190320,1553011200000,4.57,4.6000000000000005,4.3500000000000005,4.460000000000001,286536,127757502.00000001,0.0,0,4.5600000000000005,0
20190321,1553097600000,4.46,4.91,4.41,4.71,671287,314253912.0,0.0,0,4.46,0
20190322,1553184000000,4.64,4.68,4.5,4.63,361272,165935646.00000003,0.0,0,4.71,0
20190325,1553443200000,4.5,4.75,4.45,4.55,282612,130044737.0,0.0,0,4.63,0
20190326,1553529600000,4.55,5.01,4.53,4.71,941073,458197609.99999994,0.0,0,4.55,0
20190327,1553616000000,4.6000000000000005,4.640000000000001,4.4,4.61,689570,311018516.99999994,0.0,0,4.71,0
20190328,1553702400000,4.5,5.07,4.46,5.07,1415860,710265621.0,0.0,0,4.61,0
20190329,1553788800000,5.22,5.58,5.01,5.58,1533659,820504043.0,0.0,0,5.069999999999999,0
20190401,1554048000000,6.140000000000001,6.140000000000001,6.140000000000001,6.140000000000001,94325,57916071.0,0.0,0,5.58,0
20190402,1554134400000,6.75,6.75,6.75,6.75,56434,38093037.0,0.0,0,6.14,0
20190403,1554220800000,7.430000000000001,7.430000000000001,7.15,7.430000000000001,2870715,2123335895.0,0.0,0,6.75,0
20190404,1554307200000,7.44,8.17,7.2,8.17,2719602,2106028288.0,0.0,0,7.430000000000001,0
20190408,1554652800000,7.95,8.58,7.38,7.93,2737701,2154643506.0,0.0,0,8.17,0
20190409,1554739200000,7.57,8.290000000000001,7.57,7.7700000000000005,2017435,1601184239.0000002,0.0,0,7.930000000000001,0
20190410,1554825600000,7.3500000000000005,7.470000000000001,6.99,6.99,1836930,1321130727.0,0.0,0,7.7700000000000005,0
20190411,1554912000000,6.870000000000001,7.07,6.6000000000000005,6.69,1244043,848151308.0,0.0,0,6.99,0
20190412,1554998400000,6.6000000000000005,6.760000000000001,6.4,6.5,799234,525140236.0,0.0,0,6.69,0
20190415,1555257600000,6.61,6.7,6.42,6.43,638105,419794922.00000006,0.0,0,6.5,0
20190416,1555344000000,6.34,6.76,6.26,6.74,776770,506932103.0,0.0,0,6.43,0
20190417,1555430400000,6.66,6.78,6.55,6.6,706543,468875873.0,0.0,0,6.74,0
20190418,1555516800000,6.53,6.99,6.41,6.7,1118282,751456223.0,0.0,0,6.6000000000000005,0
20190419,1555603200000,6.62,6.7,6.45,6.53,625880,409272175.0,0.0,0,6.7,0
20190422,1555862400000,6.51,6.5200000000000005,6.08,6.11,810524,508840645.0,0.0,0,6.53,0
20190423,1555948800000,6.13,6.24,6.0,6.05,465797,285753937.00000006,0.0,0,6.11,0
20190424,1556035200000,6.1499999999999995,6.24,6.01,6.24,433086,266515745.0,0.0,0,6.05,0
20190425,1556121600000,6.2,6.23,5.7700000000000005,5.86,463531,279502526.0,0.0,0,6.24,0
20190426,1556208000000,5.79,6.18,5.79,6.03,600494,362442693.00000006,0.0,0,5.86,0
20190429,1556467200000,6.180000000000001,6.5,5.99,6.08,793738,493331946.0,0.0,0,6.03,0
20190430,1556553600000,6.02,6.029999999999999,5.47,5.569999999999999,676312,381413330.0,0.0,0,6.08,0
20190506,1557072000000,5.4399999999999995,5.45,5.01,5.04,599516,309222867.0,0.0,0,5.57,0
20190507,1557158400000,5.14,5.35,5.05,5.26,675116,350579957.0,0.0,0,5.04,0
20190508,1557244800000,5.01,5.54,5.01,5.22,687583,363392046.0,0.0,0,5.26,0
20190509,1557331200000,5.22,5.38,5.17,5.21,432095,228079921.0,0.0,0,5.22,0
20190510,1557417600000,5.3500000000000005,5.49,5.15,5.46,609956,328618723.0,0.0,0,5.21,0
20190513,1557676800000,5.57,5.78,5.49,5.49,624917,351435087.0,0.0,0,5.46,0
20190514,1557763200000,5.62,6.04,5.62,6.04,524352,309242417.00000006,0.0,0,5.49,0
20190515,1557849600000,6.24,6.59,6.12,6.26,1442084,917060046.0,0.0,0,6.04,0
20190516,1557936000000,6.180000000000001,6.28,6.03,6.07,801519,490714765.0,0.0,0,6.260000000000001,0
20190517,1558022400000,6.01,6.07,5.46,5.54,799899,460568695.99999994,0.0,0,6.07,0
20190520,1558281600000,5.69,5.88,5.62,5.76,537878,309396442.99999994,0.0,0,5.54,0
20190521,1558368000000,5.760000000000001,5.92,5.53,5.8100000000000005,534297,307387117.0,0.0,0,5.760000000000001,0
20190522,1558454400000,5.87,6.28,5.87,6.09,896761,546368259.0,0.0,0,5.8100000000000005,0
20190523,1558540800000,5.98,5.98,5.66,5.69,562620,327879544.0,0.0,0,6.09,0
20190524,1558627200000,5.6000000000000005,6.260000000000001,5.6000000000000005,6.260000000000001,542260,333824234.00000006,0.0,0,5.69,0
20190527,1558886400000,6.35,6.6499999999999995,6.26,6.4399999999999995,1575470,1020679144.0,0.0,0,6.26,0
20190528,1558972800000,6.3100000000000005,6.94,6.3100000000000005,6.6000000000000005,1398779,931513836.0000001,0.0,0,6.44,0
20190529,1559059200000,6.4,6.63,6.25,6.5,836082,538297833.0,0.0,0,6.6,0
20190530,1559145600000,6.3999999999999995,6.46,6.09,6.2299999999999995,652283,405790363.0,0.0,0,6.5,0
20190531,1559232000000,6.25,6.38,6.12,6.16,471587,293436721.0,0.0,0,6.23,0
20190603,1559491200000,6.1899999999999995,6.29,5.93,6.02,448259,271656445.0,0.0,0,6.16,0
20190604,1559577600000,6.12,6.12,5.68,5.8,472139,276190408.0,0.0,0,6.02,0
20190605,1559664000000,5.88,5.92,5.63,5.6499999999999995,380290,218355429.00000003,0.0,0,5.8,0
20190606,1559750400000,5.6000000000000005,5.6000000000000005,5.2,5.28,422074,225515784.0,0.0,0,5.65,0
20190610,1560096000000,5.37,5.39,5.21,5.3,251831,133378686.0,0.0,0,5.28,0
20190611,1560182400000,5.340000000000001,5.74,5.2700000000000005,5.670000000000001,451595,249386307.0,0.0,0,5.300000000000001,0
20190612,1560268800000,5.6,5.67,5.51,5.569999999999999,329092,183532136.0,0.0,0,5.67,0
20190613,1560355200000,5.5600000000000005,5.74,5.53,5.640000000000001,298214,168593881.0,0.0,0,5.57,0
20190614,1560441600000,5.69,5.83,5.49,5.5600000000000005,370375,210485080.0,0.0,0,5.640000000000001,0
20190617,1560700800000,5.63,5.76,5.45,5.76,380372,215511745.00000003,0.0,0,5.5600000000000005,0
20190618,1560787200000,5.7,6.15,5.61,5.96,636988,374283711.0,0.0,0,5.760000000000001,0
20190619,1560873600000,6.33,6.5600000000000005,5.98,5.99,806339,499691880.0,0.0,0,5.960000000000001,0
20190620,1560960000000,5.82,6.0200000000000005,5.57,5.94,622036,360561121.00000006,0.0,0,5.99,0
20190621,1561046400000,5.93,6.529999999999999,5.93,6.529999999999999,959996,596594320.0000001,0.0,0,5.9399999999999995,0
20190624,1561305600000,6.6000000000000005,6.840000000000001,6.2700000000000005,6.420000000000001,1394946,917052392.0,0.0,0,6.53,0
20190625,1561392000000,6.32,6.470000000000001,6.11,6.4,743936,465891687.00000006,0.0,0,6.42,0
20190626,1561478400000,6.3,6.85,6.22,6.49,1049348,689783385.9999999,0.0,0,6.3999999999999995,0
20190627,1561564800000,6.6,6.74,6.34,6.37,790590,513523085.0,0.0,0,6.49,0
20190628,1561651200000,6.1000000000000005,6.17,5.86,5.970000000000001,671314,403555344.00000006,0.0,0,6.37,0
20190701,1561910400000,6.090000000000001,6.23,6.0200000000000005,6.16,471001,288367103.0,0.0,0,5.970000000000001,0
20190702,1561996800000,6.12,6.15,5.98,5.99,342048,206489506.0,0.0,0,6.16,0
20190703,1562083200000,6.0200000000000005,6.09,5.82,5.8500000000000005,316472,187589796.00000003,0.0,0,5.99,0
20190704,1562169600000,5.88,5.92,5.68,5.699999999999999,264916,152688049.0,0.0,0,5.85,0
20190705,1562256000000,5.7,5.8,5.7,5.7700000000000005,171195,98604328.00000001,0.0,0,5.7,0
20190708,1562515200000,5.77,5.77,5.38,5.52,330256,182806130.0,0.0,0,5.77,0
20190709,1562601600000,5.58,5.710000000000001,5.5200000000000005,5.66,271851,153049047.0,0.0,0,5.5200000000000005,0
20190710,1562688000000,5.66,5.790000000000001,5.5600000000000005,5.750000000000001,296954,169485732.0,0.0,0,5.66,0
20190711,1562774400000,5.87,6.33,5.83,6.21,1273006,788064859.0,0.0,0,5.75,0
20190712,1562860800000,6.0,6.09,5.92,5.99,702850,421835397.0,0.0,0,6.21,0
20190715,1563120000000,6.0,6.08,5.73,6.03,497204,293778315.0,0.0,0,5.99,0
20190716,1563206400000,5.97,6.03,5.91,5.95,306672,182631124.00000003,0.0,0,6.03,0
20190717,1563292800000,5.9,6.0,5.86,5.91,264980,157262363.00000003,0.0,0,5.95,0
20190718,1563379200000,5.84,5.98,5.7,5.9,384101,222518378.00000003,0.0,0,5.91,0
20190719,1563465600000,5.83,5.95,5.79,5.79,247069,145134388.0,0.0,0,5.9,0
20190722,1563724800000,5.78,5.79,5.41,5.53,252865,140827643.00000003,0.0,0,5.79,0
20190723,1563811200000,5.49,5.7,5.49,5.63,167336,93906913.0,0.0,0,5.53,0
20190724,1563897600000,5.630000000000001,5.73,5.6000000000000005,5.66,192525,109257280.0,0.0,0,5.630000000000001,0
20190725,1563984000000,5.630000000000001,5.680000000000001,5.6000000000000005,5.62,148926,83873430.0,0.0,0,5.66,0
20190726,1564070400000,5.6,5.69,5.54,5.63,161411,90510796.0,0.0,0,5.62,0
20190729,1564329600000,5.65,5.680000000000001,5.5600000000000005,5.6000000000000005,118065,66218040.00000001,0.0,0,5.630000000000001,0
20190730,1564416000000,5.62,5.74,5.58,5.65,175140,99204995.0,0.0,0,5.6,0
20190731,1564502400000,5.640000000000001,5.640000000000001,5.5200000000000005,5.5200000000000005,141358,78753967.0,0.0,0,5.65,0
20190801,1564588800000,5.5,5.569999999999999,5.43,5.449999999999999,161950,88835442.0,0.0,0,5.52,0
20190802,1564675200000,5.3,5.35,5.21,5.31,184092,97398761.0,0.0,0,5.45,0
20190805,1564934400000,5.29,5.53,5.29,5.35,204494,110592329.0,0.0,0,5.31,0
20190806,1565020800000,5.21,5.21,4.9,5.1000000000000005,291283,147366532.99999997,0.0,0,5.3500000000000005,0
20190807,1565107200000,5.14,5.18,5.0,5.01,151775,76893264.0,0.0,0,5.1,0
20190808,1565193600000,5.05,5.12,5.01,5.04,109359,55169479.99999999,0.0,15,5.01,0
20190809,1565280000000,5.08,5.29,5.05,5.08,222505,114522750.00000001,0.0,15,5.04,0
20190812,1565539200000,5.13,5.25,5.12,5.24,242993,126262736.99999999,0.0,15,5.08,0
20190813,1565625600000,5.05,5.17,5.04,5.11,159178,81474460.0,0.0,15,5.24,0
20190814,1565712000000,5.19,5.23,5.1000000000000005,5.12,137819,70946154.00000001,0.0,15,5.11,0
20190815,1565798400000,4.92,5.1000000000000005,4.87,5.08,151780,75885822.0,0.0,15,5.12,0
20190816,1565884800000,5.1000000000000005,5.17,5.07,5.11,158141,81167679.00000001,0.0,15,5.08,0
20190819,1566144000000,5.2299999999999995,5.35,5.14,5.319999999999999,299446,157956561.0,0.0,15,5.109999999999999,0
20190820,1566230400000,5.4,5.6,5.33,5.35,333776,180747345.0,0.0,15,5.32,0
20190821,1566316800000,5.43,5.6,5.39,5.52,453340,248986162.00000003,0.0,15,5.35,0
20190822,1566403200000,5.5200000000000005,5.5200000000000005,5.33,5.43,331662,179175641.0,0.0,15,5.5200000000000005,0
20190823,1566489600000,5.590000000000001,5.94,5.5600000000000005,5.57,623787,354991321.0,0.0,15,5.430000000000001,0
20190826,1566748800000,5.31,5.42,5.25,5.36,334830,178813451.00000003,0.0,15,5.57,0
20190827,1566835200000,5.44,5.54,5.36,5.430000000000001,309351,168406669.00000003,0.0,15,5.36,0
20190828,1566921600000,5.41,5.890000000000001,5.37,5.62,579850,327699162.0,0.0,15,5.43,0
20190829,1567008000000,5.53,6.1000000000000005,5.5200000000000005,5.930000000000001,788273,457355726.0,0.0,15,5.62,0
20190830,1567094400000,5.8,5.92,5.58,5.67,651637,375771291.0,0.0,15,5.93,0
20190902,1567353600000,5.61,5.840000000000001,5.61,5.800000000000001,331726,190782751.0,0.0,15,5.67,0
20190903,1567440000000,5.7700000000000005,5.8100000000000005,5.65,5.75,306953,175452803.0,0.0,15,5.800000000000001,0
20190904,1567526400000,5.71,5.8,5.67,5.74,245915,140646444.00000003,0.0,15,5.75,0
20190905,1567612800000,5.83,6.25,5.8,6.09,975048,583397840.0,0.0,15,5.74,0
20190906,1567699200000,6.0200000000000005,6.08,5.91,5.96,551020,329526166.99999994,0.0,15,6.09,0
20190909,1567958400000,6.0200000000000005,6.3,5.95,6.19,754745,463036771.0,0.0,15,5.96,0
20190910,1568044800000,6.109999999999999,6.49,6.05,6.29,864312,539660128.0000001,0.0,15,6.1899999999999995,0
20190911,1568131200000,6.25,6.32,6.04,6.04,603792,370733687.0,0.0,15,6.29,0
20190912,1568217600000,6.0600000000000005,6.210000000000001,6.0600000000000005,6.140000000000001,410716,252029031.99999997,0.0,15,6.040000000000001,0
20190916,1568563200000,6.15,6.470000000000001,6.140000000000001,6.300000000000001,875291,555876762.0,0.0,15,6.140000000000001,0
20190917,1568649600000,6.2299999999999995,6.24,6.01,6.12,530723,324477962.0,0.0,15,6.3,0
20190918,1568736000000,6.09,6.17,5.91,5.95,370967,222890045.0,0.0,15,6.12,0
20190919,1568822400000,6.0,6.050000000000001,5.9,6.03,261005,156296979.0,0.0,15,5.95,0
20190920,1568908800000,6.0200000000000005,6.090000000000001,5.94,5.95,244438,146557400.0,0.0,15,6.03,0
20190923,1569168000000,5.9399999999999995,5.95,5.76,5.8999999999999995,244034,142705117.0,0.0,15,5.95,0
20190924,1569254400000,5.8999999999999995,6.22,5.88,6.06,508142,308566242.0,0.0,15,5.8999999999999995,0
20190925,1569340800000,5.970000000000001,6.470000000000001,5.86,6.300000000000001,1059709,658091330.0,0.0,15,6.0600000000000005,0
20190926,1569427200000,6.22,6.25,5.67,5.75,767356,457143129.0,0.0,15,6.3,0
20190927,1569513600000,5.6,5.86,5.58,5.64,342833,196241020.0,0.0,15,5.75,0
20190930,1569772800000,5.65,5.72,5.38,5.39,265148,147183045.0,0.0,15,5.64,0
20191008,1570464000000,5.39,5.85,5.39,5.72,463270,262631002.0,0.0,15,5.39,0
20191009,1570550400000,5.680000000000001,5.880000000000001,5.6000000000000005,5.840000000000001,396794,228524767.00000003,0.0,15,5.720000000000001,0
20191010,1570636800000,5.85,6.24,5.8,6.12,681492,414677767.0,0.0,15,5.84,0
20191011,1570723200000,6.180000000000001,6.36,6.11,6.140000000000001,890829,555574200.0000001,0.0,15,6.12,0
20191014,1570982400000,6.37,6.670000000000001,6.23,6.28,1086052,698111452.0,0.0,15,6.140000000000001,0
20191015,1571068800000,6.319999999999999,6.87,6.18,6.52,1317805,861171577.0,0.0,15,6.279999999999999,0
20191016,1571155200000,6.35,6.39,6.09,6.24,895533,557190227.0,0.0,15,6.52,0
20191017,1571241600000,6.220000000000001,6.250000000000001,6.0600000000000005,6.140000000000001,504060,309955275.00000006,0.0,15,6.24,0
20191018,1571328000000,6.1,6.18,5.75,5.75,683346,404453324.0,0.0,15,6.14,0
20191021,1571587200000,5.7299999999999995,5.9399999999999995,5.55,5.9399999999999995,503612,290197165.0,0.0,15,5.75,0
20191022,1571673600000,5.88,6.04,5.87,5.99,415020,247251189.0,0.0,15,5.94,0
20191023,1571760000000,5.93,6.390000000000001,5.91,6.24,878810,549234105.0,0.0,15,5.99,0
20191024,1571846400000,6.180000000000001,6.36,6.11,6.3100000000000005,676585,422812799.00000006,0.0,15,6.24,0
20191025,1571932800000,6.24,6.29,6.12,6.23,440951,273950010.00000006,0.0,15,6.3100000000000005,0
20191028,1572192000000,6.8500000000000005,6.8500000000000005,6.8500000000000005,6.8500000000000005,173185,118632088.00000001,0.0,15,6.23,0
20191029,1572278400000,7.4,7.54,7.0,7.01,1695584,1240399094.0,0.0,15,6.85,0
20191030,1572364800000,6.98,7.2700000000000005,6.45,6.7,1555076,1074260048.0,0.0,15,7.01,0
20191031,1572451200000,6.300000000000001,6.4,6.03,6.03,1097699,677269295.0,0.0,15,6.7,0
20191101,1572537600000,5.86,6.11,5.8500000000000005,5.960000000000001,639674,383227773.0,0.0,15,6.03,0
20191104,1572796800000,6.04,6.11,5.95,5.97,478041,288279484.0,0.0,15,5.96,0
20191105,1572883200000,6.010000000000001,6.010000000000001,5.86,5.92,392570,232603190.00000003,0.0,15,5.970000000000001,0
20191106,1572969600000,5.930000000000001,5.930000000000001,5.69,5.800000000000001,450359,260317406.0,0.0,15,5.920000000000001,0
20191107,1573056000000,5.83,6.13,5.79,6.09,700794,420813316.0,0.0,15,5.8,0
20191108,1573142400000,6.12,6.12,5.95,5.95,407249,244570083.0,0.0,15,6.09,0
20191111,1573401600000,5.88,5.88,5.71,5.77,281034,162768424.0,0.0,15,5.95,0
20191112,1573488000000,5.760000000000001,5.890000000000001,5.6000000000000005,5.890000000000001,292247,167920654.00000003,0.0,15,5.7700000000000005,0
20191113,1573574400000,5.83,5.8500000000000005,5.73,5.7700000000000005,180987,104803423.0,0.0,15,5.890000000000001,0
20191114,1573660800000,5.779999999999999,5.83,5.68,5.7299999999999995,226868,130932855.99999999,0.0,15,5.77,0
20191115,1573747200000,5.68,5.73,5.46,5.47,329475,184169237.0,0.0,15,5.73,0
20191118,1574006400000,5.48,5.6000000000000005,5.48,5.5600000000000005,173678,96496800.0,0.0,15,5.470000000000001,0
20191119,1574092800000,5.6,5.67,5.54,5.67,183437,103321150.0,0.0,15,5.56,0
20191120,1574179200000,5.67,5.72,5.5,5.55,216424,121354385.00000001,0.0,15,5.67,0
20191121,1574265600000,5.5200000000000005,5.630000000000001,5.5200000000000005,5.550000000000001,153996,85698144.0,0.0,15,5.550000000000001,0
20191122,1574352000000,5.55,5.61,5.42,5.47,194480,107067205.99999999,0.0,15,5.55,0
20191125,1574611200000,5.48,5.48,5.23,5.3100000000000005,170165,90485215.0,0.0,15,5.470000000000001,0
20191126,1574697600000,5.35,5.37,5.25,5.29,96114,50998114.0,0.0,15,5.31,0
20191127,1574784000000,5.29,5.3100000000000005,5.24,5.26,101351,53424437.0,0.0,15,5.29,0
20191128,1574870400000,5.2700000000000005,5.42,5.2,5.34,190746,101081064.00000001,0.0,15,5.26,0
20191129,1574956800000,5.300000000000001,5.340000000000001,5.2700000000000005,5.32,117423,62299464.0,0.0,15,5.340000000000001,0
20191202,1575216000000,5.32,5.4,5.28,5.3100000000000005,121204,64702503.0,0.0,15,5.32,0
20191203,1575302400000,5.27,5.33,5.21,5.32,96652,50877595.0,0.0,15,5.31,0
20191204,1575388800000,5.28,5.36,5.2700000000000005,5.340000000000001,103064,54921201.00000001,0.0,15,5.32,0
20191205,1575475200000,5.36,5.430000000000001,5.36,5.42,165290,89247995.0,0.0,15,5.340000000000001,0
20191206,1575561600000,5.3999999999999995,5.46,5.38,5.43,131160,71056258.0,0.0,15,5.42,0
20191209,1575820800000,5.46,5.61,5.41,5.5600000000000005,245184,135413862.0,0.0,15,5.43,0
20191210,1575907200000,5.51,5.53,5.42,5.51,189178,103800490.0,0.0,15,5.56,0
20191211,1575993600000,5.489999999999999,5.62,5.47,5.52,200560,111211050.00000001,0.0,15,5.51,0
20191212,1576080000000,5.5600000000000005,5.57,5.45,5.48,153477,84249972.0,0.0,15,5.5200000000000005,0
20191213,1576166400000,5.53,5.640000000000001,5.48,5.6000000000000005,277213,154414616.00000003,0.0,15,5.48,0
20191216,1576425600000,5.59,5.64,5.55,5.64,287505,161036054.00000003,0.0,15,5.6,0
20191217,1576512000000,5.65,5.760000000000001,5.61,5.71,351820,199939874.00000003,0.0,15,5.640000000000001,0
20191218,1576598400000,5.69,5.74,5.66,5.67,249385,142075451.0,0.0,15,5.71,0
20191219,1576684800000,5.699999999999999,5.779999999999999,5.64,5.7299999999999995,248355,141606313.0,0.0,15,5.67,0
20191220,1576771200000,5.72,5.74,5.55,5.55,213974,120779659.0,0.0,15,5.7299999999999995,0
20191223,1577030400000,5.57,5.57,5.33,5.34,187541,102152284.0,0.0,15,5.55,0
20191224,1577116800000,5.38,5.42,5.33,5.41,121018,65118229.00000001,0.0,15,5.34,0
20191225,1577203200000,5.38,5.67,5.36,5.550000000000001,248518,137761801.0,0.0,15,5.41,0
20191226,1577289600000,5.53,5.58,5.45,5.58,153826,84836824.0,0.0,15,5.55,0
20191227,1577376000000,5.58,5.63,5.46,5.47,153145,84915411.00000001,0.0,15,5.58,0
20191230,1577635200000,5.45,5.540000000000001,5.3500000000000005,5.53,151341,82378578.0,0.0,15,5.470000000000001,0
20191231,1577721600000,5.510000000000001,5.58,5.48,5.510000000000001,137611,76032518.00000001,0.0,15,5.53,0
20200102,1577894400000,5.56,5.68,5.51,5.63,295763,165846687.0,0.0,15,5.51,0
20200103,1577980800000,5.66,5.96,5.61,5.91,625687,362262627.0,0.0,15,5.63,0
20200106,1578240000000,5.82,5.930000000000001,5.7700000000000005,5.86,484569,283456463.0,0.0,15,5.91,0
20200107,1578326400000,5.86,6.07,5.83,6.01,552483,329202780.0,0.0,15,5.86,0
20200108,1578412800000,6.0200000000000005,6.050000000000001,5.7700000000000005,5.78,466916,274625901.99999994,0.0,15,6.010000000000001,0
20200109,1578499200000,5.84,5.99,5.84,5.88,366893,217056206.00000003,0.0,15,5.78,0
20200110,1578585600000,5.94,6.180000000000001,5.82,6.0200000000000005,557464,333159446.0,0.0,15,5.88,0
20200113,1578844800000,5.99,6.01,5.84,5.97,349526,206814029.00000003,0.0,15,6.02,0
20200114,1578931200000,5.94,5.99,5.87,5.89,253495,150029334.0,0.0,15,5.97,0
20200115,1579017600000,5.8500000000000005,6.090000000000001,5.8500000000000005,6.090000000000001,596382,358168477.0,0.0,15,5.890000000000001,0
20200116,1579104000000,6.090000000000001,6.090000000000001,5.9,5.95,362983,216611286.0,0.0,15,6.090000000000001,0
20200117,1579190400000,5.94,5.99,5.86,5.9,248640,147436371.0,0.0,15,5.95,0
20200120,1579449600000,5.890000000000001,5.890000000000001,5.74,5.8500000000000005,280369,162855234.0,0.0,15,5.9,0
20200121,1579536000000,5.81,5.82,5.63,5.6499999999999995,246562,140972116.0,0.0,15,5.85,0
20200122,1579622400000,5.6,5.67,5.46,5.63,201197,112208098.0,0.0,15,5.65,0
20200123,1579708800000,5.57,5.62,5.28,5.41,238264,130230296.99999999,0.0,15,5.63,0
20200203,1580659200000,4.87,4.87,4.87,4.87,22465,10940455.0,0.0,15,5.41,0
20200204,1580745600000,4.38,4.65,4.38,4.54,413559,186613069.0,0.0,15,4.87,0
20200205,1580832000000,4.54,4.76,4.54,4.61,279061,129741400.0,0.0,15,4.54,0
20200206,1580918400000,4.640000000000001,4.7700000000000005,4.57,4.74,262970,123200421.00000001,0.0,15,4.61,0
20200207,1581004800000,4.7299999999999995,4.95,4.72,4.95,346395,167236504.0,0.0,15,4.739999999999999,0
20200210,1581264000000,4.92,5.04,4.88,5.0,287503,142908736.0,0.0,15,4.95,0
20200211,1581350400000,5.01,5.01,4.88,4.91,218429,107617020.0,0.0,15,5.0,0
20200212,1581436800000,4.92,5.029999999999999,4.89,5.01,236418,117521483.99999999,0.0,15,4.909999999999999,0
20200213,1581523200000,5.08,5.15,4.94,4.96,279015,140238733.0,0.0,15,5.010000000000001,0
20200214,1581609600000,4.8999999999999995,5.07,4.88,5.0,218656,108973617.0,0.0,15,4.96,0
20200217,1581868800000,5.03,5.180000000000001,5.0200000000000005,5.170000000000001,279822,142844896.0,0.0,15,5.000000000000001,0
20200218,1581955200000,5.2,5.29,5.12,5.29,327459,170521373.0,0.0,15,5.17,0
20200219,1582041600000,5.25,5.28,5.16,5.17,279592,145974224.00000003,0.0,15,5.29,0
20200220,1582128000000,5.210000000000001,5.3500000000000005,5.1000000000000005,5.3100000000000005,360115,188725065.0,0.0,15,5.170000000000001,0
20200221,1582214400000,5.3,5.56,5.3,5.4399999999999995,506990,276189046.00000006,0.0,15,5.31,0
20200224,1582473600000,5.38,5.62,5.33,5.5600000000000005,460756,254062935.00000003,0.0,15,5.44,0
20200225,1582560000000,5.37,5.5,5.12,5.46,451586,242779382.99999997,0.0,15,5.5600000000000005,0
20200226,1582646400000,5.37,5.65,5.3500000000000005,5.41,454304,249174651.0,0.0,15,5.460000000000001,0
20200227,1582732800000,5.430000000000001,5.58,5.32,5.470000000000001,372716,203730252.0,0.0,15,5.41,0
20200228,1582819200000,5.29,5.35,4.93,5.0,450653,232202304.0,0.0,15,5.47,0
20200302,1583078400000,5.0200000000000005,5.28,5.0200000000000005,5.260000000000001,297616,154107677.99999997,0.0,15,5.000000000000001,0
20200303,1583164800000,5.3500000000000005,5.5,5.28,5.45,414549,223910330.99999997,0.0,15,5.260000000000001,0
20200304,1583251200000,5.470000000000001,5.53,5.36,5.44,335106,182251015.0,0.0,15,5.45,0
20200305,1583337600000,5.4799999999999995,5.63,5.43,5.54,460091,253615019.99999997,0.0,15,5.4399999999999995,0
20200306,1583424000000,5.500000000000001,5.500000000000001,5.3500000000000005,5.390000000000001,323356,174960207.0,0.0,15,5.540000000000001,0
20200309,1583683200000,5.32,5.340000000000001,5.1000000000000005,5.11,345359,178760975.0,0.0,15,5.390000000000001,0
20200310,1583769600000,5.0,5.23,4.98,5.23,280692,143423825.0,0.0,15,5.11,0
20200311,1583856000000,5.239999999999999,5.45,5.22,5.27,391042,209315593.0,0.0,15,5.2299999999999995,0
20200312,1583942400000,5.180000000000001,5.25,5.07,5.12,228400,117612249.0,0.0,15,5.2700000000000005,0
20200313,1584028800000,4.7,5.07,4.7,5.03,259414,127509043.99999999,0.0,15,5.12,0
20200316,1584288000000,5.109999999999999,5.14,4.72,4.77,232927,114624397.0,0.0,15,5.029999999999999,0
20200317,1584374400000,4.85,4.89,4.51,4.71,194253,90768808.0,0.0,15,4.77,0
20200318,1584460800000,4.74,4.78,4.5600000000000005,4.5600000000000005,169210,79347793.00000001,0.0,15,4.710000000000001,0
20200319,1584547200000,4.55,4.63,4.46,4.61,167608,76308818.0,0.0,15,4.56,0
20200320,1584633600000,4.66,4.69,4.5,4.61,131582,60512235.0,0.0,15,4.61,0
20200323,1584892800000,4.51,4.57,4.42,4.43,119418,53707535.0,0.0,15,4.61,0
20200324,1584979200000,4.5,4.57,4.45,4.55,129758,58717490.0,0.0,15,4.430000000000001,0
20200325,1585065600000,4.65,4.670000000000001,4.5600000000000005,4.6000000000000005,140806,64813062.0,0.0,15,4.550000000000001,0
20200326,1585152000000,4.569999999999999,4.569999999999999,4.47,4.4799999999999995,111820,50590978.0,0.0,15,4.6,0
20200327,1585238400000,4.52,4.55,4.47,4.489999999999999,108373,48924858.0,0.0,15,4.4799999999999995,0
20200330,1585497600000,4.45,4.470000000000001,4.28,4.3100000000000005,107991,46808550.0,0.0,15,4.49,0
20200331,1585584000000,4.37,4.37,4.29,4.3,64564,27896907.0,0.0,15,4.31,0
20200401,1585670400000,4.3,4.3500000000000005,4.24,4.2700000000000005,71142,30647186.0,0.0,15,4.3,0
20200402,1585756800000,4.2,4.36,4.2,4.3500000000000005,97129,41686948.0,0.0,15,4.2700000000000005,0
20200403,1585843200000,4.35,4.46,4.3,4.3999999999999995,148800,64973781.0,0.0,15,4.35,0
20200407,1586188800000,4.53,4.78,4.49,4.65,273730,126513653.0,0.0,15,4.4,0
20200408,1586275200000,4.6000000000000005,4.66,4.5600000000000005,4.6000000000000005,180131,83039447.0,0.0,15,4.65,0
20200409,1586361600000,4.630000000000001,4.680000000000001,4.6000000000000005,4.65,149044,69194042.0,0.0,15,4.6000000000000005,0
20200410,1586448000000,4.66,4.67,4.46,4.47,124590,56477719.00000001,0.0,15,4.65,0
20200413,1586707200000,4.4799999999999995,4.4799999999999995,4.34,4.37,78046,34233118.00000001,0.0,15,4.47,0
20200414,1586793600000,4.38,4.45,4.38,4.4399999999999995,80128,35339680.0,0.0,15,4.37,0
20200415,1586880000000,4.42,4.54,4.4,4.430000000000001,158706,70925667.99999999,0.0,15,4.44,0
20200416,1586966400000,4.45,4.86,4.42,4.76,475197,221019768.00000003,0.0,15,4.43,0
20200417,1587052800000,4.74,4.82,4.55,4.569999999999999,380648,177788602.0,0.0,15,4.76,0
20200420,1587312000000,4.5,4.84,4.45,4.7700000000000005,381545,178480224.00000003,0.0,15,4.57,0
20200421,1587398400000,4.74,4.8100000000000005,4.66,4.74,309882,147122529.00000003,0.0,15,4.7700000000000005,0
20200422,1587484800000,4.68,5.21,4.66,5.21,438428,221835796.0,0.0,15,4.74,0
20200423,1587571200000,5.28,5.36,4.98,5.1000000000000005,901052,463736685.0,0.0,15,5.210000000000001,0
20200424,1587657600000,4.95,5.03,4.8,4.85,461488,226210847.0,0.0,15,5.1,0
20200427,1587916800000,4.8100000000000005,4.96,4.7,4.72,295605,143154430.0,0.0,15,4.8500000000000005,0
20200428,1588003200000,4.7,4.78,4.25,4.39,368415,163261726.0,0.0,15,4.72,0
20200429,1588089600000,4.300000000000001,4.390000000000001,4.2700000000000005,4.3100000000000005,151217,65570254.00000001,0.0,15,4.390000000000001,0
20200430,1588176000000,4.36,4.470000000000001,4.3500000000000005,4.420000000000001,170402,75235511.0,0.0,15,4.3100000000000005,0
20200506,1588694400000,4.3500000000000005,4.5,4.32,4.49,158217,70216661.00000001,0.0,15,4.42,0
20200507,1588780800000,4.51,4.5200000000000005,4.41,4.44,128942,57452548.00000001,0.0,15,4.49,0
20200508,1588867200000,4.53,4.62,4.49,4.5,214795,97870318.99999999,0.0,15,4.44,0
20200511,1589126400000,4.5,4.5600000000000005,4.4,4.46,136451,61199416.0,0.0,15,4.5,0
20200512,1589212800000,4.43,4.45,4.33,4.39,118463,51864564.0,0.0,15,4.46,0
20200513,1589299200000,4.380000000000001,4.65,4.3500000000000005,4.5200000000000005,172334,77177207.0,0.0,15,4.390000000000001,0
20200514,1589385600000,4.45,4.62,4.44,4.5600000000000005,278933,127233120.99999999,0.0,15,4.5200000000000005,0
20200515,1589472000000,4.62,4.68,4.51,4.52,179903,82433283.0,0.0,15,4.56,0
20200518,1589731200000,4.49,4.49,4.37,4.4,134579,59474926.0,0.0,15,4.5200000000000005,0
20200519,1589817600000,4.4399999999999995,4.449999999999999,4.39,4.409999999999999,89802,39604297.0,0.0,15,4.3999999999999995,0
20200520,1589904000000,4.38,4.3999999999999995,4.34,4.38,91503,39943544.99999999,0.0,15,4.41,0
20200521,1589990400000,4.36,4.390000000000001,4.24,4.28,112710,48563901.0,0.0,15,4.38,0
20200522,1590076800000,4.27,4.29,4.21,4.2299999999999995,75795,32203049.000000004,0.0,15,4.28,0
20200525,1590336000000,4.22,4.26,4.2,4.22,53519,22632520.000000004,0.0,15,4.23,0
20200526,1590422400000,4.24,4.340000000000001,4.23,4.32,73509,31571715.0,0.0,15,4.220000000000001,0
20200527,1590508800000,4.32,4.33,4.24,4.2700000000000005,73078,31269150.999999996,0.0,15,4.32,0
20200528,1590595200000,4.25,4.29,4.14,4.199999999999999,90552,38054436.0,0.0,15,4.27,0
20200529,1590681600000,4.17,4.23,4.16,4.2,56110,23572450.0,0.0,15,4.2,0
20200601,1590940800000,4.22,4.33,4.22,4.319999999999999,94343,40486319.0,0.0,15,4.2,0
20200602,1591027200000,4.34,4.359999999999999,4.3,4.35,99501,43117490.99999999,0.0,15,4.319999999999999,0
20200603,1591113600000,4.36,4.38,4.32,4.33,103347,44956978.0,0.0,15,4.3500000000000005,0
20200604,1591200000000,4.32,4.340000000000001,4.2700000000000005,4.29,81704,35110500.0,0.0,15,4.33,0
20200605,1591286400000,4.29,4.319999999999999,4.26,4.31,61116,26258443.0,0.0,15,4.29,0
20200608,1591545600000,4.33,4.34,4.24,4.25,77645,33218139.000000004,0.0,15,4.3100000000000005,0
20200609,1591632000000,4.26,4.279999999999999,4.22,4.25,55738,23724540.0,0.0,15,4.25,0
20200610,1591718400000,4.25,4.25,4.2,4.2,57142,24078334.999999996,0.0,15,4.25,0
20200611,1591804800000,4.21,4.25,4.17,4.1899999999999995,65394,27491974.000000004,0.0,15,4.2,0
20200612,1591891200000,4.140000000000001,4.170000000000001,4.0600000000000005,4.16,76725,31669430.0,0.0,15,4.19,0
20200615,1592150400000,4.13,4.180000000000001,4.11,4.140000000000001,71046,29461929.000000004,0.0,15,4.16,0
20200616,1592236800000,4.15,4.180000000000001,4.15,4.180000000000001,65433,27259846.000000004,0.0,15,4.140000000000001,0
20200617,1592323200000,4.18,4.22,4.12,4.22,96475,40134043.0,0.0,15,4.18,0
20200618,1592409600000,4.19,4.2,4.15,4.180000000000001,72203,30147967.999999996,0.0,15,4.220000000000001,0
20200619,1592496000000,4.18,4.18,4.14,4.1499999999999995,54949,22852045.0,0.0,15,4.18,0
20200622,1592755200000,4.1499999999999995,4.1899999999999995,4.13,4.1499999999999995,77337,32170143.0,0.0,15,4.1499999999999995,0
20200623,1592841600000,4.1499999999999995,4.16,4.09,4.109999999999999,77501,31900182.0,0.0,15,4.1499999999999995,0
20200624,1592928000000,4.13,4.1499999999999995,4.1,4.14,62740,25905525.0,0.0,15,4.109999999999999,0
20200629,1593360000000,4.13,4.13,4.03,4.05,78492,31953290.0,0.0,15,4.140000000000001,0
20200630,1593446400000,4.06,4.25,4.05,4.2,154746,64464583.0,0.0,15,4.05,0
20200701,1593532800000,4.23,4.23,4.12,4.17,104411,43300123.0,0.0,15,4.2,0
20200702,1593619200000,4.199999999999999,4.29,4.14,4.27,178069,75183963.0,0.0,15,4.17,0
20200703,1593705600000,4.27,4.37,4.22,4.34,242428,104352589.00000001,0.0,15,4.27,0
20200706,1593964800000,4.390000000000001,4.7700000000000005,4.36,4.7700000000000005,354835,162649840.99999997,0.0,15,4.340000000000001,0
20200707,1594051200000,4.83,4.93,4.63,4.67,661323,315793938.00000006,0.0,15,4.77,0
20200708,1594137600000,4.6,4.9799999999999995,4.59,4.96,642361,309161287.00000006,0.0,15,4.67,0
20200709,1594224000000,4.95,5.03,4.86,5.0200000000000005,604809,298789357.0,0.0,15,4.96,0
20200710,1594310400000,5.03,5.03,4.8100000000000005,4.8100000000000005,391011,192388041.0,0.0,15,5.0200000000000005,0
20200713,1594569600000,4.8,4.91,4.78,4.88,307407,149546242.0,0.0,15,4.8100000000000005,0
20200714,1594656000000,4.87,4.91,4.73,4.840000000000001,290366,139971161.99999997,0.0,15,4.880000000000001,0
20200715,1594742400000,4.92,4.94,4.79,4.82,339727,165659890.0,0.0,15,4.84,0
20200716,1594828800000,4.83,5.03,4.71,4.81,378295,184842953.0,0.0,15,4.82,0
20200717,1594915200000,4.73,4.800000000000001,4.5200000000000005,4.680000000000001,269369,124741657.00000001,0.0,15,4.8100000000000005,0
20200720,1595174400000,4.68,4.91,4.64,4.88,244507,116502714.00000001,0.0,15,4.68,0
20200721,1595260800000,5.05,5.13,4.93,4.949999999999999,555802,279525319.00000006,0.0,15,4.88,0
20200722,1595347200000,4.95,5.45,4.95,5.45,585537,309950851.0,0.0,15,4.95,0
20200723,1595433600000,5.550000000000001,5.84,5.36,5.4,1661506,932827314.0,0.0,15,5.45,0
20200724,1595520000000,5.15,5.25,4.88,4.8999999999999995,1004216,511299578.0,0.0,15,5.4,0
20200727,1595779200000,5.05,5.24,4.92,4.93,616283,312028991.0,0.0,15,4.9,0
20200728,1595865600000,5.0200000000000005,5.25,4.94,5.140000000000001,658129,336063326.0,0.0,15,4.930000000000001,0
20200729,1595952000000,5.05,5.17,4.97,5.1499999999999995,596230,302448282.0,0.0,15,5.14,0
20200730,1596038400000,5.08,5.180000000000001,4.98,4.99,451146,227711551.0,0.0,15,5.15,0
20200731,1596124800000,4.96,5.08,4.91,5.0200000000000005,320201,160402255.0,0.0,15,4.99,0
20200803,1596384000000,5.03,5.2,5.0200000000000005,5.170000000000001,434549,223065014.0,0.0,15,5.0200000000000005,0
20200804,1596470400000,5.35,5.569999999999999,5.18,5.2299999999999995,777092,416003441.0,0.0,15,5.17,0
20200805,1596556800000,5.2,5.41,5.19,5.300000000000001,498031,264578774.00000003,0.0,15,5.23,0
20200806,1596643200000,5.44,5.6000000000000005,5.3500000000000005,5.510000000000001,792408,435454118.0,0.0,15,5.300000000000001,0
20200807,1596729600000,5.3999999999999995,5.41,5.18,5.359999999999999,542178,286289800.0,0.0,15,5.51,0
20200810,1596988800000,5.28,5.460000000000001,5.23,5.430000000000001,397824,214207107.0,0.0,15,5.36,0
20200811,1597075200000,5.41,5.41,5.16,5.2,365678,193309904.00000003,0.0,15,5.43,0
20200812,1597161600000,5.15,5.220000000000001,4.99,5.12,280709,142708806.00000003,0.0,15,5.2,0
20200813,1597248000000,5.130000000000001,5.19,5.0600000000000005,5.090000000000001,206055,105636503.00000001,0.0,15,5.12,0
20200814,1597334400000,5.12,5.31,5.01,5.29,399141,208000193.00000003,0.0,15,5.09,0
20200817,1597593600000,5.5,5.82,5.45,5.82,470413,269908164.0,0.0,15,5.29,0
20200818,1597680000000,6.38,6.3999999999999995,6.18,6.3999999999999995,578395,367842758.0,0.0,15,5.819999999999999,0
20200819,1597766400000,6.720000000000001,6.94,6.2,6.36,2441860,1601796001.0,0.0,15,6.4,0
20200820,1597852800000,5.8500000000000005,7.000000000000001,5.8500000000000005,7.000000000000001,2480236,1680947297.0,0.0,15,6.36,0
20200821,1597939200000,6.7700000000000005,7.36,6.6000000000000005,6.790000000000001,2109916,1468742952.0,0.0,15,7.000000000000001,0
20200824,1598198400000,6.5200000000000005,7.25,6.5200000000000005,7.040000000000001,1852398,1292454775.0,0.0,15,6.790000000000001,0
20200825,1598284800000,6.88,7.08,6.57,6.680000000000001,1565625,1063318113.0,0.0,15,7.04,0
20200826,1598371200000,6.5600000000000005,7.28,6.5600000000000005,6.800000000000001,1440705,999276912.0000001,0.0,15,6.680000000000001,0
20200827,1598457600000,6.61,6.74,6.12,6.2,1430394,892985780.0,0.0,15,6.8,0
20200828,1598544000000,6.25,6.3500000000000005,6.03,6.180000000000001,828738,511979681.00000006,0.0,15,6.2,0
20200831,1598803200000,6.3,6.63,6.3,6.3999999999999995,1041266,670461444.0,0.0,15,6.18,0
20200901,1598889600000,6.32,6.5200000000000005,6.12,6.22,753560,473665729.00000006,0.0,15,6.4,0
20200902,1598976000000,6.25,6.4,6.11,6.32,759757,475623646.0,0.0,15,6.220000000000001,0
20200903,1599062400000,6.29,6.29,5.94,5.98,767618,464448295.00000006,0.0,15,6.32,0
20200904,1599148800000,5.82,5.970000000000001,5.7700000000000005,5.91,405652,238277527.0,0.0,15,5.98,0
20200907,1599408000000,5.96,6.04,5.78,5.8100000000000005,490345,290583200.0,0.0,15,5.91,0
20200908,1599494400000,5.79,5.82,5.63,5.82,408885,234593383.0,0.0,15,5.81,0
20200909,1599580800000,5.720000000000001,6.050000000000001,5.5600000000000005,5.86,674274,392590361.0,0.0,15,5.82,0
20200910,1599667200000,5.86,5.91,5.32,5.42,508397,284126905.0,0.0,15,5.86,0
20200911,1599753600000,5.380000000000001,5.510000000000001,5.3500000000000005,5.500000000000001,234756,127810881.0,0.0,15,5.420000000000001,0
20200914,1600012800000,5.49,5.56,5.42,5.5,296325,162639185.0,0.0,15,5.5,0
20200915,1600099200000,5.5200000000000005,5.790000000000001,5.5200000000000005,5.62,377891,213637961.0,0.0,15,5.500000000000001,0
20200916,1600185600000,5.55,5.56,5.43,5.4799999999999995,239717,131381694.0,0.0,15,5.62,0
20200917,1600272000000,5.46,5.550000000000001,5.4,5.550000000000001,210890,115530294.00000001,0.0,15,5.48,0
20200918,1600358400000,5.5,5.69,5.45,5.67,316131,176023313.99999997,0.0,15,5.55,0
20200921,1600617600000,5.72,5.87,5.68,5.7299999999999995,404753,233360397.0,0.0,15,5.67,0
20200922,1600704000000,5.86,6.03,5.8100000000000005,5.9,659990,391075688.00000006,0.0,15,5.73,0
20200923,1600790400000,5.8,5.85,5.64,5.75,374942,214427748.0,0.0,15,5.8999999999999995,0
20200924,1600876800000,5.65,5.8500000000000005,5.57,5.720000000000001,432305,247762736.00000003,0.0,15,5.75,0
20200925,1600963200000,5.75,5.82,5.65,5.7,271992,155746889.0,0.0,15,5.720000000000001,0
20200928,1601222400000,5.65,5.69,5.32,5.33,313829,171210139.0,0.0,15,5.7,0
20200929,1601308800000,5.42,5.4799999999999995,5.3,5.319999999999999,227252,122105605.0,0.0,15,5.33,0
20200930,1601395200000,5.34,5.36,5.13,5.14,270845,140794199.00000003,0.0,15,5.32,0
20201009,1602172800000,5.2700000000000005,5.61,5.24,5.430000000000001,340704,184727575.0,0.0,15,5.140000000000001,0
20201012,1602432000000,5.69,5.840000000000001,5.6000000000000005,5.800000000000001,529796,304992188.00000006,0.0,15,5.430000000000001,0
20201013,1602518400000,5.800000000000001,5.800000000000001,5.65,5.73,308075,176020514.0,0.0,15,5.800000000000001,0
20201014,1602604800000,5.73,5.750000000000001,5.5600000000000005,5.57,245824,137801495.0,0.0,15,5.73,0
20201015,1602691200000,5.5600000000000005,5.58,5.4,5.41,216589,118748522.99999999,0.0,15,5.57,0
20201016,1602777600000,5.4,5.44,5.3500000000000005,5.430000000000001,194583,104941532.0,0.0,15,5.41,0
20201019,1603036800000,5.430000000000001,5.5,5.28,5.32,237602,127453881.0,0.0,15,5.430000000000001,0
20201020,1603123200000,5.26,5.37,5.22,5.37,153076,81214461.0,0.0,15,5.319999999999999,0
20201021,1603209600000,5.35,5.35,5.22,5.27,144599,76126186.0,0.0,15,5.37,0
20201022,1603296000000,5.25,5.319999999999999,5.18,5.3,129083,68143329.0,0.0,15,5.27,0
20201023,1603382400000,5.31,5.4799999999999995,5.3,5.34,240610,129795243.99999999,0.0,15,5.3,0
20201026,1603641600000,5.37,5.49,5.29,5.42,217135,117535250.0,0.0,15,5.34,0
20201027,1603728000000,5.36,5.36,5.24,5.28,166472,87896152.0,0.0,15,5.42,0
20201028,1603814400000,5.24,5.3,5.17,5.26,143384,75073307.0,0.0,15,5.28,0
20201029,1603900800000,5.17,5.3100000000000005,5.15,5.28,176692,92197758.00000001,0.0,15,5.260000000000001,0
20201030,1603987200000,5.23,5.28,5.04,5.05,189153,97397428.0,0.0,15,5.28,0
20201102,1604246400000,5.050000000000001,5.090000000000001,4.9,4.95,165564,82283184.0,0.0,15,5.050000000000001,0
20201103,1604332800000,4.95,5.07,4.95,5.07,139730,70336374.0,0.0,15,4.95,0
20201104,1604419200000,5.06,5.1499999999999995,5.05,5.08,161603,82241878.0,0.0,15,5.069999999999999,0
20201105,1604505600000,5.11,5.16,5.0600000000000005,5.140000000000001,198778,101521848.0,0.0,15,5.08,0
20201106,1604592000000,5.15,5.16,4.99,5.05,196140,99000754.0,0.0,15,5.140000000000001,0
20201109,1604851200000,5.08,5.24,5.07,5.21,270138,139973728.0,0.0,15,5.050000000000001,0
20201110,1604937600000,5.2700000000000005,5.28,5.12,5.14,190772,99074064.0,0.0,15,5.21,0
20201111,1605024000000,5.16,5.19,5.07,5.08,113847,58083665.0,0.0,15,5.140000000000001,0
20201112,1605110400000,5.09,5.13,4.99,5.03,131287,66005255.00000001,0.0,15,5.08,0
20201113,1605196800000,5.0,5.02,4.93,5.02,112494,56111078.00000001,0.0,15,5.029999999999999,0
20201116,1605456000000,5.04,5.06,4.96,5.03,121995,61195138.00000001,0.0,15,5.02,0
20201117,1605542400000,5.02,5.02,4.93,4.96,135529,67304864.0,0.0,15,5.029999999999999,0
20201118,1605628800000,4.96,5.0600000000000005,4.95,5.04,117226,58870388.0,0.0,15,4.96,0
20201119,1605715200000,5.010000000000001,5.1000000000000005,4.98,5.07,128350,64688282.0,0.0,15,5.04,0
20201120,1605801600000,5.07,5.07,5.0,5.04,75638,38098033.0,0.0,15,5.07,0
20201123,1606060800000,5.050000000000001,5.170000000000001,4.98,5.12,198884,101072821.00000001,0.0,15,5.04,0
20201124,1606147200000,5.11,5.140000000000001,5.0600000000000005,5.090000000000001,148001,75462905.0,0.0,15,5.12,0
20201125,1606233600000,5.1,5.16,5.09,5.12,175202,89760790.0,0.0,15,5.09,0
20201126,1606320000000,5.1000000000000005,5.130000000000001,5.0200000000000005,5.050000000000001,129781,65672298.0,0.0,15,5.12,0
20201127,1606406400000,5.05,5.05,4.97,5.02,124048,62039718.0,0.0,15,5.05,0
20201130,1606665600000,5.0200000000000005,5.07,4.99,5.0,110229,55545563.0,0.0,15,5.0200000000000005,0
20201201,1606752000000,5.0200000000000005,5.28,5.0200000000000005,5.2,331697,170735332.0,0.0,15,5.000000000000001,0
20201202,1606838400000,5.2,5.25,5.13,5.14,203924,105367070.0,0.0,15,5.2,0
20201203,1606924800000,5.180000000000001,5.2,5.11,5.17,152724,78834485.0,0.0,15,5.140000000000001,0
20201204,1607011200000,5.16,5.2,5.11,5.2,133498,68873661.0,0.0,15,5.17,0
20201207,1607270400000,5.220000000000001,5.260000000000001,5.1000000000000005,5.11,132415,68245147.00000001,0.0,15,5.2,0
20201208,1607356800000,5.08,5.140000000000001,5.07,5.1000000000000005,89392,45657060.0,0.0,15,5.11,0
20201209,1607443200000,5.09,5.12,4.99,4.99,125845,63389926.0,0.0,15,5.1000000000000005,0
20201210,1607529600000,4.97,5.03,4.91,4.95,98513,48853314.0,0.0,15,4.99,0
20201211,1607616000000,4.95,4.98,4.71,4.79,175708,84680289.0,0.0,15,4.95,0
20201214,1607875200000,4.68,4.68,4.43,4.51,235061,106144016.00000001,0.0,15,4.79,0
20201215,1607961600000,4.5,4.54,4.44,4.5,96073,43154843.0,0.0,15,4.510000000000001,0
20201216,1608048000000,4.5,4.510000000000001,4.4,4.41,105651,46943172.0,0.0,15,4.5,0
20201217,1608134400000,4.45,4.8500000000000005,4.44,4.8500000000000005,285882,133782024.00000001,0.0,15,4.41,0
20201218,1608220800000,4.75,4.95,4.71,4.78,402367,194504845.0,0.0,15,4.85,0
20201221,1608480000000,4.66,4.8100000000000005,4.66,4.73,225730,106890685.0,0.0,15,4.78,0
20201222,1608566400000,4.7299999999999995,4.75,4.59,4.609999999999999,171021,79720186.0,0.0,15,4.7299999999999995,0
20201223,1608652800000,4.63,4.73,4.61,4.62,125383,58515782.99999999,0.0,15,4.61,0
20201224,1608739200000,4.59,4.62,4.46,4.4799999999999995,148258,66892885.99999999,0.0,15,4.62,0
20201225,1608825600000,4.49,4.6000000000000005,4.48,4.57,111877,51016820.99999999,0.0,15,4.48,0
20201228,1609084800000,4.8,5.03,4.78,5.03,275004,136545535.99999997,0.0,15,4.57,0
20201229,1609171200000,5.15,5.53,5.12,5.53,943345,511493753.00000006,0.0,15,5.03,0
20201230,1609257600000,5.35,5.92,5.18,5.66,1421273,779653277.0,0.0,15,5.529999999999999,0
20201231,1609344000000,5.5,5.7,5.4,5.42,974261,538401079.0000001,0.0,15,5.66,0
20210104,1609689600000,5.62,5.75,5.39,5.51,938367,521016037.0,0.0,15,5.42,0
20210105,1609776000000,5.33,6.0600000000000005,5.33,5.66,1487550,864549777.0,0.0,15,5.51,0
20210106,1609862400000,5.430000000000001,5.5,5.2,5.3500000000000005,963875,515500965.0,0.0,15,5.66,0
20210107,1609948800000,5.43,5.51,5.05,5.12,667316,348327909.0,0.0,15,5.35,0
20210108,1610035200000,5.22,5.63,5.12,5.63,1154357,640955363.0,0.0,15,5.12,0
20210111,1610294400000,5.42,6.04,5.39,5.56,1568545,889641594.0,0.0,15,5.63,0
20210112,1610380800000,5.39,5.85,5.38,5.63,920450,515008781.0,0.0,15,5.56,0
20210113,1610467200000,5.53,5.61,5.29,5.46,735998,398489161.00000006,0.0,15,5.63,0
20210114,1610553600000,5.38,6.01,5.3,6.01,1218336,703397018.0,0.0,15,5.46,0
20210115,1610640000000,6.2,6.48,5.83,5.86,1742709,1084215508.0,0.0,15,6.01,0
20210118,1610899200000,5.76,6.27,5.76,5.95,918818,551700926.0,0.0,15,5.859999999999999,0
20210119,1610985600000,5.890000000000001,6.17,5.78,5.970000000000001,800987,476857515.0,0.0,15,5.95,0
20210120,1611072000000,5.8999999999999995,6.22,5.72,6.1899999999999995,887819,535222552.00000006,0.0,15,5.97,0
20210121,1611158400000,6.19,6.25,5.95,6.09,736528,446583272.0,0.0,15,6.19,0
20210122,1611244800000,5.96,5.9799999999999995,5.68,5.71,627731,364198547.00000006,0.0,15,6.09,0
20210125,1611504000000,5.800000000000001,5.95,5.69,5.86,486669,282787601.00000006,0.0,15,5.71,0
20210126,1611590400000,5.78,6.2,5.71,6.03,851282,514980450.0,0.0,15,5.86,0
20210127,1611676800000,5.88,5.93,5.43,5.43,829913,458589317.00000006,0.0,15,6.029999999999999,0
20210128,1611763200000,5.24,5.43,5.05,5.16,499015,261611387.00000003,0.0,15,5.43,0
20210129,1611849600000,5.2,5.29,4.82,4.94,421247,211643488.0,0.0,15,5.16,0
20210201,1612108800000,4.93,5.1,4.88,5.08,273681,136630606.0,0.0,15,4.9399999999999995,0
20210202,1612195200000,5.01,5.04,4.92,4.96,208599,103676400.00000001,0.0,15,5.08,0
20210203,1612281600000,4.97,4.97,4.63,4.6899999999999995,351108,166354179.0,0.0,15,4.96,0
20210204,1612368000000,4.65,4.73,4.58,4.65,239161,111063993.0,0.0,15,4.69,0
20210205,1612454400000,4.7,4.82,4.66,4.74,271490,128931014.0,0.0,15,4.65,0
20210208,1612713600000,4.76,4.95,4.74,4.79,249721,120952051.00000001,0.0,15,4.74,0
20210209,1612800000000,5.01,5.18,4.87,4.95,325340,161900202.00000003,0.0,15,4.79,0
20210210,1612886400000,4.859999999999999,4.96,4.84,4.85,225370,109904635.00000001,0.0,15,4.95,0
20210218,1613577600000,5.1000000000000005,5.2700000000000005,5.0200000000000005,5.090000000000001,435668,223430000.0,0.0,15,4.8500000000000005,0
20210219,1613664000000,5.0,5.170000000000001,4.98,5.170000000000001,350904,179044825.0,0.0,15,5.090000000000001,0
20210222,1613923200000,5.23,5.41,5.19,5.260000000000001,500852,265984466.00000003,0.0,15,5.170000000000001,0
20210223,1614009600000,5.12,5.1899999999999995,5.01,5.029999999999999,390628,198867985.0,0.0,15,5.26,0
20210224,1614096000000,5.05,5.29,5.0,5.23,443316,228963159.0,0.0,15,5.03,0
20210225,1614182400000,5.19,5.26,5.08,5.19,321419,165846639.0,0.0,15,5.23,0
20210226,1614268800000,5.08,5.300000000000001,5.0600000000000005,5.210000000000001,268579,139791771.0,0.0,15,5.19,0
20210301,1614528000000,5.22,5.33,5.21,5.27,289015,152303931.00000003,0.0,15,5.21,0
20210302,1614614400000,5.31,5.43,5.17,5.39,505145,269227828.0,0.0,15,5.27,0
20210303,1614700800000,5.32,5.41,5.2700000000000005,5.41,307562,164155437.0,0.0,15,5.390000000000001,0
20210304,1614787200000,5.37,5.420000000000001,5.2700000000000005,5.3100000000000005,286665,152929001.00000003,0.0,15,5.41,0
20210305,1614873600000,5.32,5.59,5.32,5.36,303003,163718118.0,0.0,15,5.3100000000000005,0
20210308,1615132800000,5.34,5.39,5.14,5.14,306347,161812581.0,0.0,15,5.359999999999999,0
20210309,1615219200000,5.12,5.17,4.75,4.9,317441,157603827.0,0.0,15,5.14,0
20210310,1615305600000,4.98,5.010000000000001,4.8100000000000005,4.82,170838,83407680.00000001,0.0,15,4.9,0
20210311,1615392000000,4.83,4.98,4.7700000000000005,4.95,172118,84162804.0,0.0,15,4.82,0
20210312,1615478400000,4.930000000000001,4.94,4.86,4.9,133035,65161033.00000001,0.0,15,4.95,0
20210315,1615737600000,4.92,4.98,4.87,4.91,152215,75012564.0,0.0,15,4.9,0
20210316,1615824000000,4.880000000000001,5.07,4.8500000000000005,5.03,242988,120776091.0,0.0,15,4.91,0
20210317,1615910400000,5.0,5.07,4.96,5.02,179427,89886814.0,0.0,15,5.03,0
20210318,1615996800000,5.0,5.0200000000000005,4.91,4.93,145235,71979531.00000001,0.0,15,5.0200000000000005,0
20210319,1616083200000,4.9,5.0600000000000005,4.86,4.94,152443,75561461.0,0.0,15,4.930000000000001,0
20210322,1616342400000,4.92,4.97,4.89,4.96,136676,67403702.0,0.0,15,4.9399999999999995,0
20210323,1616428800000,4.94,5.46,4.91,5.46,1057550,564087454.0,0.0,15,4.96,0
20210324,1616515200000,5.430000000000001,5.99,5.36,5.62,1479313,842562393.0000001,0.0,15,5.46,0
20210325,1616601600000,5.52,6.18,5.51,6.18,956972,572928608.0,0.0,15,5.62,0
20210326,1616688000000,6.59,6.8,6.25,6.42,2180422,1426830238.0000002,0.0,15,6.18,0
20210329,1616947200000,6.61,7.0600000000000005,6.61,7.0600000000000005,563338,389646539.0,0.0,15,6.42,0
20210330,1617033600000,7.3100000000000005,7.680000000000001,6.6000000000000005,6.840000000000001,2373480,1713484104.9999998,0.0,15,7.0600000000000005,0
20210331,1617120000000,6.68,7.52,6.68,7.52,2025590,1483553961.0,0.0,15,6.84,0
20210401,1617206400000,7.59,7.8100000000000005,7.0,7.29,2222487,1624304034.9999998,0.0,15,7.52,0
20210402,1617292800000,7.6000000000000005,7.880000000000001,6.9,7.33,1998976,1483736280.0000002,0.0,15,7.29,0
20210406,1617638400000,7.1899999999999995,7.99,7.17,7.6,1980416,1506375867.0,0.0,15,7.33,0
20210407,1617724800000,7.25,7.5600000000000005,7.11,7.300000000000001,1596195,1160401006.0000002,0.0,15,7.6000000000000005,0
20210408,1617811200000,7.18,7.23,6.58,6.65,1787990,1216850940.0000002,0.0,15,7.3,0
20210409,1617897600000,6.69,6.8,6.46,6.73,1154969,768465669.0,0.0,15,6.65,0
20210412,1618156800000,6.74,7.4,6.61,7.4,1688515,1206934012.0000002,0.0,15,6.73,0
20210413,1618243200000,7.4,8.14,7.32,8.14,1077159,836522489.0,0.0,15,7.4,0
20210414,1618329600000,8.48,8.86,8.0,8.5,2748088,2325180703.0000005,0.0,15,8.14,0
20210415,1618416000000,8.5,9.350000000000001,8.31,8.520000000000001,2782408,2481992385.0000005,0.0,15,8.5,0
20210416,1618502400000,8.51,9.37,8.27,9.37,2092405,1873170527.0,0.0,15,8.52,0
20210419,1618761600000,9.110000000000001,10.180000000000001,8.870000000000001,9.82,2839382,2699232601.0,0.0,15,9.370000000000001,0
20210420,1618848000000,9.47,9.610000000000001,8.97,9.0,2162585,2003273391.0000002,0.0,15,9.82,0
20210421,1618934400000,8.93,9.69,8.93,9.24,1996529,1858696912.0000002,0.0,15,9.0,0
20210422,1619020800000,9.260000000000002,9.98,8.88,9.600000000000001,2199220,2041700387.0,0.0,15,9.24,0
20210423,1619107200000,9.41,9.43,8.9,8.91,1529353,1380757020.0,0.0,15,9.6,0
20210426,1619366400000,8.89,9.34,8.58,9.0,1297805,1165121808.0000002,0.0,15,8.91,0
20210427,1619452800000,9.040000000000001,9.72,8.91,9.25,1538440,1435636289.0,0.0,15,9.0,0
20210428,1619539200000,8.83,9.08,8.35,8.639999999999999,1601423,1391161518.0,0.0,15,9.25,0
20210429,1619625600000,8.53,8.959999999999999,8.53,8.6,1138759,993018737.0000001,0.0,15,8.639999999999999,0
20210430,1619712000000,8.450000000000001,9.030000000000001,8.05,8.870000000000001,1662737,1432569089.0,0.0,15,8.600000000000001,0
20210506,1620230400000,8.89,9.5,8.68,9.23,1857777,1684844457.0,0.0,15,8.87,0
20210507,1620316800000,9.17,10.15,8.89,9.9,2698539,2600329813.0,0.0,15,9.23,0
20210510,1620576000000,9.89,10.85,9.58,10.59,2352557,2427468339.0,0.0,15,9.9,0
20210511,1620662400000,10.52,10.99,9.77,9.77,2330492,2387304761.0,0.0,15,10.59,0
20210512,1620748800000,9.299999999999999,9.66,9.11,9.549999999999999,1300880,1228507385.0000002,0.0,15,9.77,0
20210513,1620835200000,9.379999999999999,9.89,9.26,9.4,1219586,1172067463.0,0.0,15,9.549999999999999,0
20210514,1620921600000,9.24,9.58,8.97,9.32,1312125,1213267486.0,0.0,15,9.4,0
20210517,1621180800000,9.020000000000001,9.08,8.46,8.82,1093431,963580973.0,0.0,15,9.32,0
20210518,1621267200000,8.79,9.15,8.67,9.0,1006455,897685729.0000001,0.0,15,8.82,0
20210519,1621353600000,8.9,9.18,8.77,8.85,926113,830205175.0000001,0.0,15,9.0,0
20210520,1621440000000,8.530000000000001,8.74,8.23,8.26,1102072,925812968.0,0.0,15,8.85,0
20210521,1621526400000,8.26,8.72,8.25,8.47,937656,798239524.0,0.0,15,8.26,0
20210524,1621785600000,8.38,8.950000000000001,8.21,8.780000000000001,1043301,908462804.0,0.0,15,8.47,0
20210525,1621872000000,8.5,8.55,8.3,8.440000000000001,1023733,859145942.0,0.0,15,8.780000000000001,0
20210526,1621958400000,8.4,8.58,8.34,8.5,680879,577357513.0,0.0,15,8.44,0
20210527,1622044800000,8.49,8.65,8.31,8.6,755143,641457330.0,0.0,15,8.5,0
20210528,1622131200000,8.59,8.59,8.32,8.33,721464,604092018.0,0.0,15,8.6,0
20210531,1622390400000,8.22,8.43,7.84,8.35,694364,570555266.0000001,0.0,15,8.33,0
20210601,1622476800000,8.340000000000002,8.790000000000001,8.21,8.510000000000002,960851,819604513.0,0.0,15,8.350000000000001,0
20210602,1622563200000,8.389999999999999,8.469999999999999,8.1,8.129999999999999,742826,610926983.0,0.0,15,8.51,0
20210603,1622649600000,8.08,8.4,8.07,8.09,474293,388539064.0,0.0,15,8.13,0
20210604,1622736000000,7.99,7.99,7.8,7.88,556239,437542435.0,0.0,15,8.09,0
20210607,1622995200000,7.83,8.05,7.8100000000000005,7.880000000000001,446594,353177817.00000006,0.0,15,7.880000000000001,0
20210608,1623081600000,7.960000000000001,8.030000000000001,7.640000000000001,7.69,509613,398822300.0,0.0,15,7.880000000000001,0
20210609,1623168000000,7.64,7.75,7.43,7.52,554449,418940534.0,0.0,15,7.6899999999999995,0
20210610,1623254400000,7.56,7.6899999999999995,7.43,7.609999999999999,546027,413879168.00000006,0.0,15,7.52,0
20210611,1623340800000,7.55,7.7,7.41,7.45,525778,396700634.0,0.0,15,7.61,0
20210615,1623686400000,7.46,7.52,7.18,7.26,462464,337929764.00000006,0.0,15,7.449999999999999,0
20210616,1623772800000,7.260000000000001,7.260000000000001,6.98,7.090000000000001,438870,312552853.99999994,0.0,15,7.260000000000001,0
20210617,1623859200000,7.13,7.2,7.07,7.16,352925,252237976.0,0.0,15,7.09,0
20210618,1623945600000,7.170000000000001,7.7,7.1000000000000005,7.53,837264,625036046.0,0.0,15,7.16,0
20210621,1624204800000,7.470000000000001,7.670000000000001,7.3500000000000005,7.630000000000001,614230,463055283.00000006,0.0,15,7.53,0
20210622,1624291200000,7.61,7.76,7.46,7.52,478405,362819823.0,0.0,15,7.62,0
20210623,1624377600000,7.46,7.58,7.28,7.54,464730,346243485.0,0.0,15,7.5200000000000005,0
20210624,1624464000000,7.56,7.59,7.17,7.1899999999999995,479589,349605221.00000006,0.0,15,7.54,0
20210625,1624550400000,7.15,7.24,7.1000000000000005,7.210000000000001,273335,196346118.0,0.0,15,7.19,0
20210628,1624809600000,7.22,7.25,7.13,7.17,242819,174635269.0,0.0,15,7.21,0
20210629,1624896000000,7.15,7.250000000000001,6.8500000000000005,6.9,461214,324049345.00000006,0.0,15,7.170000000000001,0
20210630,1624982400000,6.87,7.59,6.86,7.59,904628,665344207.0,0.0,15,6.9,0
20210701,1625068800000,7.69,7.73,7.4,7.49,1003542,756902396.0,0.0,15,7.590000000000001,0
20210702,1625155200000,7.34,7.5,7.18,7.29,492179,360919313.0,0.0,15,7.489999999999999,0
20210705,1625414400000,7.24,7.28,7.03,7.28,413531,296029835.0,0.0,15,7.29,0
20210706,1625500800000,7.17,7.3,7.05,7.16,427984,305424806.0,0.0,15,7.28,0
20210707,1625587200000,7.109999999999999,7.25,7.05,7.18,320018,228522816.00000003,0.0,15,7.16,0
20210708,1625673600000,7.16,7.69,7.0600000000000005,7.470000000000001,857833,633248808.0,0.0,15,7.180000000000001,0
20210709,1625760000000,7.319999999999999,7.3999999999999995,7.18,7.3,483589,351964155.0,0.0,15,7.47,0
20210712,1626019200000,7.3500000000000005,7.86,7.28,7.76,976482,748404219.0,0.0,15,7.3,0
20210713,1626105600000,7.8500000000000005,7.91,7.6000000000000005,7.66,595181,457575367.0,0.0,15,7.760000000000001,0
20210714,1626192000000,7.71,8.280000000000001,7.61,7.8500000000000005,1097311,874511773.0000001,0.0,15,7.66,0
20210715,1626278400000,7.5,7.5,7.07,7.12,1023702,736803942.0,0.0,15,7.8500000000000005,0
20210716,1626364800000,7.12,7.25,7.05,7.14,463222,330711617.0,0.0,15,7.12,0
20210719,1626624000000,7.180000000000001,7.3500000000000005,7.0600000000000005,7.220000000000001,414407,298448522.0,0.0,15,7.140000000000001,0
20210720,1626710400000,7.11,7.28,7.0600000000000005,7.220000000000001,363570,259975162.00000003,0.0,15,7.220000000000001,0
20210721,1626796800000,7.16,7.24,7.11,7.19,340414,244041430.0,0.0,15,7.220000000000001,0
20210722,1626883200000,7.23,7.23,7.08,7.09,335048,238496417.0,0.0,15,7.19,0
20210723,1626969600000,7.08,7.08,6.61,6.7,667397,451064583.0,0.0,15,7.09,0
20210726,1627228800000,6.7,6.720000000000001,6.11,6.340000000000001,441259,283234647.0,0.0,15,6.7,0
20210727,1627315200000,6.33,6.43,6.16,6.17,353656,222780747.0,0.0,15,6.34,0
20210728,1627401600000,6.16,6.16,5.65,5.840000000000001,350914,206256785.0,0.0,15,6.17,0
20210729,1627488000000,5.9,6.12,5.9,6.03,303339,182721317.0,0.0,15,5.840000000000001,0
20210730,1627574400000,6.0,6.15,5.96,6.06,255653,154502852.0,0.0,15,6.03,0
20210802,1627833600000,6.069999999999999,6.21,5.97,6.18,285043,173768970.0,0.0,15,6.06,0
20210803,1627920000000,6.15,6.25,5.99,5.99,358693,219027398.0,0.0,15,6.180000000000001,0
20210804,1628006400000,5.85,6.08,5.83,6.0200000000000005,290968,174339557.0,0.0,15,5.99,0
20210805,1628092800000,6.010000000000001,6.010000000000001,5.73,5.800000000000001,364235,212337858.0,0.0,15,6.0200000000000005,0
20210806,1628179200000,5.830000000000001,5.86,5.6000000000000005,5.710000000000001,266474,151789742.00000003,0.0,15,5.800000000000001,0
20210809,1628438400000,5.699999999999999,5.989999999999999,5.68,5.91,395515,232055244.0,0.0,15,5.71,0
20210810,1628524800000,5.920000000000001,5.960000000000001,5.8500000000000005,5.930000000000001,248464,147035587.0,0.0,15,5.91,0
20210811,1628611200000,5.9,6.050000000000001,5.86,6.0,296840,177300492.0,0.0,15,5.930000000000001,0
20210812,1628697600000,5.99,6.22,5.96,6.08,404906,247425921.0,0.0,15,6.0,0
20210813,1628784000000,6.0,6.0200000000000005,5.9,5.92,255736,152133067.0,0.0,15,6.08,0
20210816,1629043200000,6.0,6.1000000000000005,5.87,6.04,262661,157362929.0,0.0,15,5.92,0
20210817,1629129600000,6.04,6.04,5.82,5.82,223170,132005157.00000001,0.0,15,6.04,0
20210818,1629216000000,5.82,6.38,5.7,6.16,617523,375542646.0,0.0,15,5.82,0
20210819,1629302400000,6.08,6.42,6.08,6.15,601588,376732596.0,0.0,15,6.16,0
20210820,1629388800000,6.0600000000000005,6.15,5.8500000000000005,5.930000000000001,378329,226043511.0,0.0,15,6.15,0
20210823,1629648000000,5.93,6.08,5.89,6.0,241461,144372259.00000003,0.0,15,5.93,0
20210824,1629734400000,6.01,6.1000000000000005,5.95,6.05,253787,153277553.99999997,0.0,15,6.0,0
20210825,1629820800000,6.04,6.04,5.95,5.97,190401,113819080.0,0.0,15,6.05,0
20210826,1629907200000,5.94,5.95,5.83,5.84,210159,123453741.0,0.0,15,5.97,0
20210827,1629993600000,5.83,5.84,5.72,5.75,187634,107917879.00000001,0.0,15,5.84,0
20210830,1630252800000,5.71,5.84,5.71,5.76,136715,78965410.00000001,0.0,15,5.75,0
20210831,1630339200000,5.75,5.800000000000001,5.65,5.78,191874,109488824.0,0.0,15,5.760000000000001,0
20210901,1630425600000,5.7700000000000005,5.99,5.74,5.91,346486,203485897.0,0.0,15,5.78,0
20210902,1630512000000,5.9,5.94,5.71,5.86,284026,165268959.00000003,0.0,15,5.91,0
20210903,1630598400000,5.9,6.010000000000001,5.8500000000000005,5.91,262042,155283394.0,0.0,15,5.86,0
20210906,1630857600000,5.91,5.970000000000001,5.8500000000000005,5.94,201093,119151945.0,0.0,15,5.91,0
20210907,1630944000000,5.92,6.15,5.91,6.05,311294,188527071.0,0.0,15,5.94,0
20210908,1631030400000,6.01,6.13,5.99,6.13,332346,202103792.0,0.0,15,6.05,0
20210909,1631116800000,6.109999999999999,6.109999999999999,6.01,6.06,232177,140680757.0,0.0,15,6.13,0
20210910,1631203200000,6.08,6.25,6.05,6.25,505957,312924742.99999994,0.0,15,6.06,0
20210913,1631462400000,6.24,6.32,6.16,6.18,304984,189043672.0,0.0,15,6.25,0
20210914,1631548800000,6.1499999999999995,6.22,6.01,6.02,313479,191321777.0,0.0,15,6.18,0
20210915,1631635200000,6.02,6.09,5.93,6.06,205983,123908531.99999999,0.0,15,6.02,0
20210916,1631721600000,6.03,6.0600000000000005,5.9,5.9,208243,124432386.99999999,0.0,15,6.0600000000000005,0
20210917,1631808000000,5.9,5.93,5.71,5.8,215338,124924976.00000001,0.0,15,5.9,0
20210922,1632240000000,5.71,5.79,5.65,5.75,157969,90358808.0,0.0,15,5.800000000000001,0
20210923,1632326400000,5.75,5.85,5.75,5.82,136380,79295274.99999999,0.0,15,5.75,0
20210924,1632412800000,5.82,5.86,5.69,5.69,141556,81438777.0,0.0,15,5.82,0
20210927,1632672000000,5.69,5.720000000000001,5.48,5.5200000000000005,161459,90172515.00000001,0.0,15,5.69,0
20210928,1632758400000,5.5,5.57,5.5,5.55,74533,41284205.0,0.0,15,5.52,0
20210929,1632844800000,5.500000000000001,5.500000000000001,5.2700000000000005,5.2700000000000005,150037,80709073.00000001,0.0,15,5.550000000000001,0
20210930,1632931200000,5.28,5.38,5.28,5.37,82293,44086950.0,0.0,15,5.2700000000000005,0
20211008,1633622400000,5.45,5.62,5.45,5.6000000000000005,167039,92783377.00000001,0.0,15,5.37,0
20211011,1633881600000,5.6000000000000005,5.65,5.5200000000000005,5.57,115981,64600238.0,0.0,15,5.6000000000000005,0
20211012,1633968000000,5.54,5.55,5.43,5.4799999999999995,107875,59123935.0,0.0,15,5.569999999999999,0
20211013,1634054400000,5.449999999999999,5.58,5.43,5.529999999999999,104823,57690192.0,0.0,15,5.4799999999999995,0
20211014,1634140800000,5.52,5.55,5.46,5.49,63470,34894386.0,0.0,15,5.53,0
20211015,1634227200000,5.33,5.39,5.18,5.26,197147,104257335.0,0.0,15,5.489999999999999,0
20211018,1634486400000,5.2700000000000005,5.28,5.16,5.18,118336,61405853.00000001,0.0,15,5.26,0
20211019,1634572800000,5.1899999999999995,5.2299999999999995,5.17,5.2,82883,43134827.00000001,0.0,15,5.18,0
20211020,1634659200000,5.32,5.720000000000001,5.28,5.720000000000001,242728,137586129.0,0.0,15,5.2,0
20211021,1634745600000,5.720000000000001,5.78,5.57,5.59,483371,273580773.0,0.0,15,5.720000000000001,0
20211022,1634832000000,5.510000000000001,5.670000000000001,5.48,5.590000000000001,230503,128672385.00000001,0.0,15,5.590000000000001,0
20211025,1635091200000,5.52,5.67,5.46,5.64,240783,134648746.0,0.0,15,5.59,0
20211026,1635177600000,5.58,5.6,5.51,5.529999999999999,169861,94215756.0,0.0,15,5.64,0
20211027,1635264000000,5.55,5.55,5.34,5.38,144915,78247193.0,0.0,15,5.53,0
20211028,1635350400000,5.42,5.43,5.22,5.22,129914,68783432.00000001,0.0,15,5.38,0
20211029,1635436800000,5.25,5.42,5.22,5.37,164495,87743353.0,0.0,15,5.22,0
20211101,1635696000000,5.37,5.44,5.32,5.41,132080,71238798.0,0.0,15,5.37,0
20211102,1635782400000,5.43,5.5200000000000005,5.29,5.3,186460,100911957.0,0.0,15,5.41,0
20211103,1635868800000,5.319999999999999,5.34,5.22,5.3,109056,57525586.0,0.0,15,5.3,0
20211104,1635955200000,5.33,5.500000000000001,5.3100000000000005,5.37,146314,79147230.00000001,0.0,15,5.300000000000001,0
20211105,1636041600000,5.4,5.9,5.37,5.57,413324,233245348.99999997,0.0,15,5.37,0
20211108,1636300800000,5.58,5.62,5.44,5.62,238987,132012485.99999999,0.0,15,5.57,0
20211109,1636387200000,5.61,5.790000000000001,5.5600000000000005,5.7,299246,170622251.0,0.0,15,5.62,0
20211110,1636473600000,5.920000000000001,6.12,5.73,5.78,532395,314281337.0,0.0,15,5.7,0
20211111,1636560000000,5.67,5.82,5.66,5.75,315768,181358168.0,0.0,15,5.78,0
20211112,1636646400000,5.73,5.7700000000000005,5.61,5.720000000000001,246683,140499374.0,0.0,15,5.75,0
20211115,1636905600000,5.72,5.79,5.67,5.75,178148,102200597.0,0.0,15,5.72,0
20211116,1636992000000,5.75,5.75,5.62,5.62,172408,98135034.0,0.0,15,5.75,0
20211117,1637078400000,5.59,5.73,5.58,5.71,144303,81883762.0,0.0,15,5.62,0
20211118,1637164800000,5.71,5.76,5.59,5.59,157318,89052879.0,0.0,15,5.71,0
20211119,1637251200000,5.55,5.64,5.54,5.62,118254,66305712.99999999,0.0,15,5.59,0
20211122,1637510400000,5.6,5.63,5.54,5.6,128332,71700441.0,0.0,15,5.62,0
20211123,1637596800000,5.6000000000000005,5.84,5.57,5.83,359350,205801754.0,0.0,15,5.6000000000000005,0
20211124,1637683200000,5.779999999999999,5.89,5.72,5.84,349329,203445461.0,0.0,15,5.83,0
20211125,1637769600000,5.8100000000000005,5.84,5.74,5.75,175489,101331019.00000001,0.0,15,5.84,0
20211126,1637856000000,5.75,6.33,5.7,6.33,1415420,884229331.0,0.0,15,5.75,0
20211129,1638115200000,6.2700000000000005,6.68,6.2,6.6000000000000005,1750015,1128923627.0000002,0.0,15,6.33,0
20211130,1638201600000,6.470000000000001,7.0,6.32,6.69,1465900,969849030.0,0.0,15,6.6000000000000005,0
20211201,1638288000000,6.48,6.640000000000001,6.41,6.51,808856,525424496.0,0.0,15,6.69,0
20211202,1638374400000,6.45,6.75,6.33,6.61,851497,559323260.0,0.0,15,6.51,0
20211203,1638460800000,6.66,6.9,6.45,6.48,753161,498262997.0,0.0,15,6.61,0
20211206,1638720000000,6.36,6.5,6.28,6.3100000000000005,491627,313501713.0,0.0,15,6.48,0
20211207,1638806400000,6.31,6.48,6.21,6.4,482806,306040570.00000006,0.0,15,6.31,0
20211208,1638892800000,6.34,6.38,6.25,6.38,321290,203335410.0,0.0,15,6.4,0
20211209,1638979200000,6.3100000000000005,6.590000000000001,6.2700000000000005,6.33,522153,335863081.0,0.0,15,6.380000000000001,0
20211210,1639065600000,6.26,6.54,6.25,6.39,437549,280231426.99999994,0.0,15,6.33,0
20211213,1639324800000,6.35,6.68,6.26,6.56,669093,435690411.0,0.0,15,6.39,0
20211214,1639411200000,6.42,7.21,6.41,6.87,1292062,878115979.0,0.0,15,6.5600000000000005,0
20211215,1639497600000,6.86,7.2,6.71,6.86,1205685,837776992.0,0.0,15,6.87,0
20211216,1639584000000,6.8,6.949999999999999,6.68,6.77,682145,462955016.99999994,0.0,15,6.859999999999999,0
20211217,1639670400000,6.750000000000001,6.98,6.5600000000000005,6.78,748115,506765950.0,0.0,15,6.7700000000000005,0
20211220,1639929600000,6.6000000000000005,6.7,6.45,6.48,597311,391822845.0,0.0,15,6.78,0
20211221,1640016000000,6.44,6.65,6.4,6.61,453450,298104246.0,0.0,15,6.48,0
20211222,1640102400000,6.550000000000001,6.720000000000001,6.5200000000000005,6.550000000000001,374719,247594255.0,0.0,15,6.61,0
20211223,1640188800000,6.55,6.84,6.42,6.7,572115,379885715.00000006,0.0,15,6.55,0
20211224,1640275200000,6.65,6.7,6.3100000000000005,6.33,490052,317451731.00000006,0.0,15,6.7,0
20211227,1640534400000,6.3,6.4399999999999995,6.17,6.41,316358,199783314.99999997,0.0,15,6.33,0
20211228,1640620800000,6.390000000000001,6.640000000000001,6.36,6.54,442509,290031387.00000006,0.0,15,6.41,0
20211229,1640707200000,6.47,6.53,6.37,6.42,275954,177984318.0,0.0,15,6.54,0
20211230,1640793600000,6.42,6.65,6.41,6.6000000000000005,447697,294888643.00000006,0.0,15,6.42,0
20211231,1640880000000,6.6,6.82,6.55,6.62,496326,330750094.00000006,0.0,15,6.6,0
20220104,1641225600000,6.63,7.28,6.58,7.28,952702,666095398.0,0.0,15,6.62,0
20220105,1641312000000,7.56,7.8999999999999995,7.3,7.37,2120913,1618533035.0,0.0,15,7.28,0
20220106,1641398400000,7.29,8.11,7.26,8.11,1112066,868525865.0,0.0,15,7.37,0
20220107,1641484800000,8.52,8.92,8.15,8.870000000000001,2985742,2602655933.0,0.0,15,8.110000000000001,0
20220110,1641744000000,8.18,9.08,7.98,8.22,2174691,1834558416.0,0.0,15,8.870000000000001,0
20220111,1641830400000,8.04,8.27,7.71,8.0,1626777,1288871217.0,0.0,15,8.22,0
20220112,1641916800000,7.91,8.5,7.76,8.34,1768099,1443247519.0,0.0,15,8.0,0
20220113,1642003200000,8.219999999999999,9.09,7.97,8.59,2089581,1778278399.0000002,0.0,15,8.34,0
20220114,1642089600000,8.3,8.530000000000001,8.05,8.100000000000001,1446215,1199928663.0,0.0,15,8.59,0
20220117,1642348800000,8.29,8.91,8.28,8.91,1566442,1348067928.0,0.0,15,8.1,0
20220118,1642435200000,9.260000000000002,9.8,8.55,8.57,2546002,2360642254.0,0.0,15,8.91,0
20220119,1642521600000,8.1,8.85,8.1,8.629999999999999,1507458,1281020087.0,0.0,15,8.57,0
20220120,1642608000000,8.5,9.4,7.98,8.96,2134878,1850517682.9999998,0.0,15,8.63,0
20220121,1642694400000,8.66,8.92,8.1,8.16,1327294,1127601077.0,0.0,15,8.959999999999999,0
20220124,1642953600000,7.91,8.45,7.88,8.06,1016575,837530305.0,0.0,15,8.16,0
20220125,1643040000000,8.16,8.2,7.25,7.25,1071644,797487716.0,0.0,15,8.06,0
20220126,1643126400000,6.95,7.19,6.8100000000000005,6.98,893405,623282823.0000001,0.0,15,7.250000000000001,0
20220127,1643212800000,6.98,7.0600000000000005,6.49,6.51,836642,559248973.0,0.0,15,6.98,0
20220128,1643299200000,5.86,5.86,5.86,5.86,194899,114210814.0,0.0,15,6.510000000000001,0
20220207,1644163200000,5.2700000000000005,5.2700000000000005,5.2700000000000005,5.2700000000000005,93533,49291891.0,0.0,15,5.86,0
20220208,1644249600000,4.74,4.76,4.74,4.76,1008160,478888892.0,0.0,15,5.2700000000000005,0
20220209,1644336000000,4.89,5.24,4.8,5.24,1068054,536949389.0,0.0,15,4.76,0
20220210,1644422400000,5.66,5.760000000000001,5.6000000000000005,5.760000000000001,528460,300960508.0,0.0,15,5.24,0
20220211,1644508800000,6.18,6.34,5.66,6.34,2771648,1697264199.0,0.0,15,5.76,0
20220214,1644768000000,6.03,6.97,5.71,6.8100000000000005,2492905,1575811966.0,0.0,15,6.34,0
20220215,1644854400000,6.61,6.8500000000000005,6.28,6.3100000000000005,1795873,1172688803.0,0.0,15,6.8100000000000005,0
20220216,1644940800000,6.49,6.63,6.12,6.33,1427397,905097219.0,0.0,15,6.3100000000000005,0
20220217,1645027200000,6.12,6.42,5.95,6.1000000000000005,1068920,661445680.0,0.0,15,6.33,0
20220218,1645113600000,5.96,6.220000000000001,5.9,6.11,897862,543053750.0,0.0,15,6.1000000000000005,0
20220221,1645372800000,6.11,6.53,6.0600000000000005,6.3500000000000005,1246773,782554000.0,0.0,15,6.11,0
20220222,1645459200000,6.260000000000001,6.4,6.03,6.08,971644,597711208.0,0.0,15,6.3500000000000005,0
20220223,1645545600000,6.07,6.08,5.86,5.890000000000001,964653,571372353.0000001,0.0,15,6.08,0
20220224,1645632000000,5.81,5.81,5.3,5.41,1123510,620826611.0000001,0.0,15,5.89,0
20220225,1645718400000,5.4,5.53,5.4,5.430000000000001,461298,251712341.00000003,0.0,15,5.41,0
20220228,1645977600000,5.66,5.73,5.5,5.6,669961,376338581.00000006,0.0,15,5.43,0
20220301,1646064000000,5.56,5.65,5.46,5.54,496310,275460097.00000006,0.0,15,5.6,0
20220302,1646150400000,5.52,5.68,5.38,5.59,587144,329149577.00000006,0.0,15,5.54,0
20220303,1646236800000,5.57,5.65,5.48,5.550000000000001,515154,286035169.0,0.0,15,5.590000000000001,0
20220304,1646323200000,5.53,5.54,5.37,5.41,433310,235288488.00000003,0.0,15,5.55,0
20220307,1646582400000,5.46,5.5200000000000005,5.4,5.44,366991,200222476.0,0.0,15,5.41,0
20220308,1646668800000,5.45,5.48,5.11,5.17,419292,220350131.0,0.0,15,5.44,0
20220309,1646755200000,5.16,5.180000000000001,4.7700000000000005,5.090000000000001,499645,250341202.99999997,0.0,15,5.170000000000001,0
20220310,1646841600000,5.16,5.38,5.12,5.26,525178,276426269.0,0.0,15,5.09,0
20220311,1646928000000,5.13,5.5,5.03,5.44,740098,391941556.00000006,0.0,15,5.260000000000001,0
20220314,1647187200000,5.31,5.43,5.21,5.22,445309,236885242.00000003,0.0,15,5.44,0
20220315,1647273600000,5.13,5.3,4.95,4.97,447180,230878248.0,0.0,15,5.220000000000001,0
20220316,1647360000000,5.000000000000001,5.15,4.8500000000000005,5.120000000000001,490146,245523502.0,0.0,15,4.970000000000001,0
20220317,1647446400000,5.12,5.630000000000001,5.11,5.630000000000001,1149050,634695230.0,0.0,15,5.12,0
20220318,1647532800000,5.6,6.14,5.5,5.89,1734709,1003930164.0,0.0,15,5.63,0
20220321,1647792000000,5.3,5.8,5.3,5.59,1486119,819559123.0,0.0,15,5.89,0
20220322,1647878400000,5.45,5.86,5.42,5.7299999999999995,1365072,781865013.0,0.0,15,5.59,0
20220323,1647964800000,5.61,5.75,5.53,5.55,967898,542001165.0,0.0,15,5.73,0
20220324,1648051200000,5.47,5.49,5.21,5.24,850830,450822665.99999994,0.0,15,5.55,0
20220325,1648137600000,5.45,5.65,5.32,5.33,809456,440711790.00000006,0.0,15,5.24,0
20220328,1648396800000,5.170000000000001,5.32,5.1000000000000005,5.250000000000001,522965,273513629.00000006,0.0,15,5.330000000000001,0
20220329,1648483200000,5.2,5.44,5.03,5.300000000000001,720091,375678107.0,0.0,15,5.25,0
20220330,1648569600000,5.21,5.359999999999999,5.14,5.33,646738,339621992.0,0.0,15,5.3,0
20220331,1648656000000,5.26,5.81,5.21,5.67,1403772,781413636.0000001,0.0,15,5.33,0
20220401,1648742400000,5.65,5.67,5.45,5.48,946016,522927100.0,0.0,15,5.67,0
20220406,1649174400000,5.55,6.029999999999999,5.51,5.88,1510273,869616315.0,0.0,15,5.4799999999999995,0
20220407,1649260800000,5.72,5.78,5.55,5.59,969385,545302358.0,0.0,15,5.88,0
20220408,1649347200000,5.5,5.7700000000000005,5.45,5.57,772039,433347342.00000006,0.0,15,5.59,0
20220411,1649606400000,5.44,5.44,5.08,5.19,779344,407985143.0,0.0,15,5.57,0
20220412,1649692800000,5.1499999999999995,5.279999999999999,5.01,5.25,498706,257212986.00000003,0.0,15,5.1899999999999995,0
20220413,1649779200000,5.21,5.21,5.01,5.04,400630,203960576.0,0.0,15,5.25,0
20220414,1649865600000,5.04,5.2,5.04,5.13,329472,168278002.0,0.0,15,5.04,0
20220415,1649952000000,5.0600000000000005,5.07,4.8500000000000005,4.8500000000000005,484031,238389968.00000003,0.0,15,5.130000000000001,0
20220418,1650211200000,4.7700000000000005,4.800000000000001,4.6000000000000005,4.750000000000001,312170,146930695.00000003,0.0,15,4.8500000000000005,0
20220419,1650297600000,4.76,4.8500000000000005,4.66,4.72,266175,126218040.0,0.0,15,4.75,0
20220420,1650384000000,4.760000000000001,4.82,4.6000000000000005,4.61,357716,168408496.0,0.0,15,4.720000000000001,0
20220421,1650470400000,4.56,4.56,4.18,4.1899999999999995,608213,261030446.0,0.0,15,4.609999999999999,0
20220422,1650556800000,3.77,3.93,3.77,3.77,335159,126738681.0,0.0,15,4.19,0
20220425,1650816000000,3.39,3.39,3.39,3.39,85025,28823475.0,0.0,15,3.77,0
20220426,1650902400000,3.0500000000000003,3.0500000000000003,3.0500000000000003,3.0500000000000003,97242,29658810.000000004,0.0,15,3.39,0
20220427,1650988800000,2.75,3.36,2.75,3.36,1163537,358789077.00000006,0.0,15,3.05,0
20220428,1651075200000,3.04,3.31,3.02,3.05,958942,300094798.0,0.0,15,3.36,0
20220429,1651161600000,3.05,3.05,3.05,3.05,0,0.0,0.0,0,3.05,1
20220505,1651680000000,2.9,2.9,2.9,2.9,11985,3475650.0000000005,0.0,15,3.05,0
20220506,1651766400000,2.7600000000000002,2.7600000000000002,2.7600000000000002,2.7600000000000002,6291,1736316.0,0.0,15,2.9000000000000004,0
20220509,1652025600000,2.62,2.62,2.62,2.62,13770,3607740.0000000005,0.0,15,2.7600000000000002,0
20220510,1652112000000,2.49,2.74,2.49,2.5500000000000003,1245172,317612596.00000006,0.0,15,2.62,0
20220511,1652198400000,2.4499999999999997,2.4699999999999998,2.42,2.42,1020833,248201684.0,0.0,15,2.55,0
20220512,1652284800000,2.38,2.46,2.35,2.39,615037,147790890.0,0.0,15,2.42,0
20220513,1652371200000,2.4299999999999997,2.51,2.42,2.51,868232,216287848.99999997,0.0,15,2.39,0
20220516,1652630400000,2.4499999999999997,2.48,2.4,2.4299999999999997,631749,153717998.0,0.0,15,2.51,0
20220517,1652716800000,2.43,2.47,2.37,2.45,479252,115947844.00000001,0.0,15,2.43,0
20220518,1652803200000,2.46,2.56,2.43,2.5100000000000002,612176,152573486.00000003,0.0,15,2.45,0
20220519,1652889600000,2.46,2.58,2.44,2.56,595705,150291317.00000003,0.0,15,2.51,0
20220520,1652976000000,2.57,2.69,2.54,2.69,508929,133848759.0,0.0,15,2.56,0
20220523,1653235200000,2.73,2.81,2.66,2.72,724583,197212379.99999997,0.0,15,2.69,0
20220524,1653321600000,2.7,2.74,2.58,2.58,560977,148115963.0,0.0,15,2.72,0
20220525,1653408000000,2.53,2.58,2.52,2.57,322777,82319409.0,0.0,15,2.58,0
20220526,1653494400000,2.57,2.64,2.54,2.58,296903,76771966.00000001,0.0,15,2.57,0
20220527,1653580800000,2.58,2.6,2.45,2.45,522897,129797466.0,0.0,15,2.58,0
20220530,1653840000000,2.43,2.5700000000000003,2.35,2.54,619021,153570665.00000003,0.0,15,2.45,0
20220531,1653926400000,2.48,2.51,2.44,2.4499999999999997,363798,89624125.0,0.0,15,2.54,0
20220601,1654012800000,2.43,2.5,2.41,2.43,248240,60793277.0,0.0,15,2.45,0
20220602,1654099200000,2.43,2.44,2.35,2.4,237022,56758970.0,0.0,15,2.43,0
20220606,1654444800000,2.39,2.5,2.39,2.45,270361,66202509.0,0.0,15,2.4,0
20220607,1654531200000,2.4499999999999997,2.46,2.38,2.4099999999999997,254907,61489824.00000001,0.0,15,2.4499999999999997,0
20220608,1654617600000,2.4,2.49,2.39,2.48,341557,83379456.0,0.0,15,2.41,0
20220609,1654704000000,2.46,2.4699999999999998,2.4,2.4,284948,68988972.0,0.0,15,2.48,0
20220610,1654790400000,2.38,2.42,2.38,2.4099999999999997,179414,43178974.0,0.0,15,2.4,0
20220613,1655049600000,2.38,2.42,2.38,2.4,175179,42038757.0,0.0,15,2.4099999999999997,0
20220614,1655136000000,2.39,2.41,2.29,2.36,336981,79071838.0,0.0,15,2.4,0
20220615,1655222400000,2.36,2.4299999999999997,2.36,2.38,275659,65909750.00000001,0.0,15,2.36,0
20220616,1655308800000,2.38,2.42,2.36,2.4,205709,49109505.0,0.0,15,2.38,0
20220617,1655395200000,2.37,2.39,2.31,2.34,254427,59759300.0,0.0,15,2.4,0
20220620,1655654400000,2.34,2.36,2.32,2.3499999999999996,148153,34625046.0,0.0,15,2.34,0
20220621,1655740800000,2.34,2.38,2.32,2.3499999999999996,182683,42945344.0,0.0,15,2.34,0
20220622,1655827200000,2.33,2.36,2.31,2.32,171307,39880757.0,0.0,15,2.35,0
20220623,1655913600000,2.31,2.3200000000000003,2.22,2.2600000000000002,313827,70857434.0,0.0,15,2.3200000000000003,0
20220624,1656000000000,2.25,2.29,2.24,2.2600000000000002,173657,39275958.0,0.0,15,2.2600000000000002,0
20220627,1656259200000,2.25,2.27,2.23,2.2399999999999998,162580,36520141.0,0.0,15,2.26,0
20220628,1656345600000,2.23,2.27,2.22,2.2600000000000002,184516,41513202.0,0.0,15,2.24,0
20220629,1656432000000,2.2600000000000002,2.33,2.2600000000000002,2.2800000000000002,244419,56135234.00000001,0.0,15,2.2600000000000002,0
20220630,1656518400000,2.27,2.29,2.25,2.26,177612,40287441.0,0.0,15,2.28,0
20220701,1656604800000,2.2800000000000002,2.37,2.2600000000000002,2.37,481421,112877060.0,0.0,15,2.2600000000000002,0
20220704,1656864000000,2.35,2.37,2.2800000000000002,2.31,300345,69637058.0,0.0,15,2.37,0
20220705,1656950400000,2.3000000000000003,2.3200000000000003,2.24,2.2600000000000002,211655,48090218.00000001,0.0,15,2.31,0
20220706,1657036800000,2.26,2.3,2.23,2.27,164399,37247392.0,0.0,15,2.26,0
20220707,1657123200000,2.2600000000000002,2.29,2.24,2.2600000000000002,129311,29256256.000000004,0.0,15,2.27,0
20220708,1657209600000,2.29,2.35,2.29,2.3,178986,41447941.0,0.0,15,2.2600000000000002,0
20220711,1657468800000,2.3000000000000003,2.41,2.2800000000000002,2.37,312912,73643657.0,0.0,15,2.3000000000000003,0
20220712,1657555200000,2.36,2.49,2.35,2.49,595974,147585624.99999997,0.0,15,2.37,0
20220713,1657641600000,2.45,2.48,2.39,2.41,505473,122742212.00000001,0.0,15,2.49,0
20220714,1657728000000,2.4,2.48,2.39,2.43,279459,68232475.0,0.0,15,2.41,0
20220715,1657814400000,2.42,2.42,2.35,2.35,230204,54731198.0,0.0,15,2.43,0
20220718,1658073600000,2.36,2.46,2.36,2.44,218062,52727965.99999999,0.0,15,2.35,0
20220719,1658160000000,2.44,2.55,2.44,2.51,311662,77967607.99999999,0.0,15,2.44,0
20220720,1658246400000,2.54,2.64,2.52,2.64,278633,73056273.0,0.0,15,2.5100000000000002,0
20220721,1658332800000,2.72,2.77,2.62,2.64,605582,162783871.0,0.0,15,2.64,0
20220722,1658419200000,2.65,2.77,2.63,2.77,510203,138331881.0,0.0,15,2.6399999999999997,0
20220725,1658678400000,2.76,2.91,2.73,2.91,683071,195632357.0,0.0,15,2.77,0
20220726,1658764800000,2.92,3.06,2.88,3.03,660139,197860558.0,0.0,15,2.9099999999999997,0
20220727,1658851200000,2.98,2.98,2.88,2.88,371893,107910069.00000001,0.0,15,3.03,0
20220728,1658937600000,2.7800000000000002,2.8800000000000003,2.74,2.77,645604,179706703.0,0.0,15,2.8800000000000003,0
20220729,1659024000000,2.7600000000000002,2.81,2.68,2.69,420869,115406874.00000001,0.0,15,2.77,0
20220801,1659283200000,2.67,2.74,2.64,2.69,282802,76203139.0,0.0,15,2.69,0
20220802,1659369600000,2.66,2.68,2.56,2.56,327797,84425540.00000001,0.0,15,2.69,0
20220803,1659456000000,2.5500000000000003,2.6900000000000004,2.5500000000000003,2.6500000000000004,447602,118054839.00000001,0.0,15,2.56,0
20220804,1659542400000,2.62,2.7800000000000002,2.62,2.74,408957,111111586.0,0.0,15,2.65,0
20220805,1659628800000,2.7399999999999998,2.85,2.71,2.7399999999999998,364014,100541417.0,0.0,15,2.7399999999999998,0
20220808,1659888000000,2.7199999999999998,2.75,2.61,2.73,272190,72962638.0,0.0,15,2.7399999999999998,0
20220809,1659974400000,2.7199999999999998,2.8,2.71,2.75,212374,58442086.00000001,0.0,15,2.73,0
20220810,1660060800000,2.74,2.75,2.68,2.69,190811,51731656.0,0.0,15,2.75,0
20220811,1660147200000,2.71,2.82,2.69,2.82,367342,102991016.0,0.0,15,2.69,0
20220812,1660233600000,2.82,2.93,2.77,2.84,516489,146532267.0,0.0,15,2.82,0
20220815,1660492800000,2.81,2.87,2.7800000000000002,2.8200000000000003,246993,69692615.0,0.0,15,2.8400000000000003,0
20220816,1660579200000,2.81,2.8200000000000003,2.7600000000000002,2.79,244245,68026659.0,0.0,15,2.8200000000000003,0
20220817,1660665600000,2.79,2.84,2.77,2.79,203339,56860475.0,0.0,15,2.79,0
20220818,1660752000000,2.78,2.8,2.65,2.6599999999999997,371679,100315357.0,0.0,15,2.79,0
20220819,1660838400000,2.65,2.73,2.65,2.69,207744,55814536.00000001,0.0,15,2.6599999999999997,0
20220822,1661097600000,2.67,2.7199999999999998,2.65,2.6999999999999997,150001,40454128.0,0.0,15,2.69,0
20220823,1661184000000,2.7,2.73,2.68,2.7,127777,34565704.0,0.0,15,2.7,0
20220824,1661270400000,2.69,2.72,2.62,2.63,229553,61361363.00000001,0.0,15,2.7,0
20220825,1661356800000,2.63,2.75,2.63,2.6999999999999997,228119,61576858.0,0.0,15,2.63,0
20220826,1661443200000,2.84,2.84,2.79,2.84,297709,84443817.00000001,0.0,15,2.7,0
20220829,1661702400000,2.78,2.94,2.75,2.86,528515,151586058.0,0.0,15,2.84,0
20220830,1661788800000,2.8400000000000003,2.9000000000000004,2.7800000000000002,2.8400000000000003,309197,87347573.0,0.0,15,2.8600000000000003,0
20220831,1661875200000,2.81,2.85,2.7600000000000002,2.79,227975,63794838.0,0.0,15,2.8400000000000003,0
20220901,1661961600000,2.8000000000000003,2.87,2.7,2.72,318848,88974738.0,0.0,15,2.79,0
20220902,1662048000000,2.69,2.74,2.68,2.71,172387,46730951.0,0.0,15,2.72,0
20220905,1662307200000,2.69,2.7600000000000002,2.66,2.7,182869,49320440.00000001,0.0,15,2.71,0
20220906,1662393600000,2.6999999999999997,2.76,2.69,2.73,160044,43673106.0,0.0,15,2.6999999999999997,0
20220907,1662480000000,2.72,2.8200000000000003,2.7,2.8200000000000003,256147,70785706.0,0.0,15,2.73,0
20220908,1662566400000,2.79,2.85,2.7600000000000002,2.77,203968,57007644.0,0.0,15,2.8200000000000003,0
20220909,1662652800000,2.7800000000000002,2.8400000000000003,2.7600000000000002,2.8000000000000003,179199,50092055.0,0.0,15,2.77,0
20220913,1662998400000,2.87,2.94,2.85,2.94,139421,40765499.0,0.0,15,2.8000000000000003,0
20220914,1663084800000,2.9499999999999997,3.07,2.9,2.96,601284,178744833.0,0.0,15,2.94,0
20220915,1663171200000,2.9299999999999997,3.06,2.92,2.9899999999999998,491278,146198095.99999997,0.0,15,2.96,0
20220916,1663257600000,2.9899999999999998,3.02,2.84,2.84,429569,124004033.00000001,0.0,15,2.9899999999999998,0
20220919,1663516800000,2.8000000000000003,2.81,2.7,2.7,326631,89529851.0,0.0,15,2.8400000000000003,0
20220920,1663603200000,2.7,2.79,2.7,2.7600000000000002,199291,54854366.0,0.0,15,2.7,0
20220921,1663689600000,2.7399999999999998,2.8,2.69,2.77,212106,58214421.0,0.0,15,2.76,0
20220922,1663776000000,2.75,2.83,2.74,2.77,153763,42889870.0,0.0,15,2.77,0
20220923,1663862400000,2.7800000000000002,2.8000000000000003,2.68,2.71,175940,47998485.00000001,0.0,15,2.77,0
20220926,1664121600000,2.69,2.6999999999999997,2.57,2.5799999999999996,257309,66942008.00000001,0.0,15,2.71,0
20220927,1664208000000,2.5799999999999996,2.65,2.57,2.6399999999999997,152629,39888878.0,0.0,15,2.5799999999999996,0
20220928,1664294400000,2.64,2.66,2.5100000000000002,2.5300000000000002,165814,42850652.0,0.0,15,2.64,0
20220929,1664380800000,2.56,2.58,2.4,2.4299999999999997,229246,56824702.00000001,0.0,15,2.53,0
20220930,1664467200000,2.43,2.5,2.41,2.46,132982,32656001.0,0.0,15,2.43,0
20221010,1665331200000,2.49,2.5,2.41,2.42,130177,31960755.0,0.0,15,2.46,0
20221011,1665417600000,2.42,2.48,2.4,2.4699999999999998,104747,25572231.0,0.0,15,2.42,0
20221012,1665504000000,2.46,2.59,2.44,2.59,206876,52565218.0,0.0,15,2.4699999999999998,0
20221013,1665590400000,2.59,2.6799999999999997,2.57,2.6199999999999997,203491,53470079.00000001,0.0,15,2.59,0
20221014,1665676800000,2.63,2.69,2.62,2.64,164835,43550086.0,0.0,15,2.62,0
20221017,1665936000000,2.6199999999999997,2.69,2.61,2.67,150287,39913501.0,0.0,15,2.6399999999999997,0
20221018,1666022400000,2.69,2.76,2.63,2.6799999999999997,195809,52680272.00000001,0.0,15,2.67,0
20221019,1666108800000,2.6599999999999997,2.67,2.61,2.6399999999999997,135928,35868591.0,0.0,15,2.6799999999999997,0
20221020,1666195200000,2.63,2.6799999999999997,2.63,2.6399999999999997,122607,32538632.999999996,0.0,15,2.6399999999999997,0
20221021,1666281600000,2.63,2.65,2.59,2.5999999999999996,118522,30971521.0,0.0,15,2.6399999999999997,0
20221024,1666540800000,2.56,2.63,2.5,2.52,156192,40055200.0,0.0,15,2.6,0
20221025,1666627200000,2.5100000000000002,2.5500000000000003,2.49,2.52,121678,30618260.0,0.0,15,2.52,0
20221026,1666713600000,2.5300000000000002,2.6500000000000004,2.5300000000000002,2.64,179429,46962435.0,0.0,15,2.5200000000000005,0
20221027,1666800000000,2.65,2.67,2.63,2.65,95756,25369856.0,0.0,15,2.6399999999999997,0
20221028,1666886400000,2.66,2.74,2.6,2.63,168516,44854212.0,0.0,15,2.65,0
20221031,1667145600000,2.75,2.76,2.69,2.76,226483,62267980.0,0.0,15,2.63,0
20221101,1667232000000,2.79,2.81,2.73,2.8,311939,86286548.99999999,0.0,15,2.76,0
20221102,1667318400000,2.7800000000000002,2.87,2.7600000000000002,2.77,253087,71018236.0,0.0,15,2.8000000000000003,0
20221103,1667404800000,2.76,2.77,2.71,2.77,173833,47697193.0,0.0,15,2.77,0
20221104,1667491200000,2.77,2.83,2.75,2.81,167904,46860193.0,0.0,15,2.77,0
20221107,1667750400000,2.81,2.8400000000000003,2.7800000000000002,2.83,128878,36212598.0,0.0,15,2.81,0
20221108,1667836800000,2.83,2.97,2.8000000000000003,2.97,420228,122834909.99999999,0.0,15,2.83,0
20221109,1667923200000,2.9699999999999998,3.04,2.92,3.0,380345,113155260.0,0.0,15,2.9699999999999998,0
20221110,1668009600000,3.0,3.1500000000000004,2.97,3.1500000000000004,421228,130965308.99999999,0.0,15,3.0,0
20221111,1668096000000,3.2,3.31,2.99,3.08,824525,262361810.0,0.0,15,3.1500000000000004,0
20221114,1668355200000,3.06,3.2300000000000004,3.0500000000000003,3.2300000000000004,490598,154235073.0,0.0,15,3.08,0
20221115,1668441600000,3.33,3.39,3.25,3.39,136720,45874276.0,0.0,15,3.23,0
20221116,1668528000000,3.45,3.54,3.29,3.37,785980,266828396.0,0.0,15,3.39,0
20221117,1668614400000,3.4000000000000004,3.4600000000000004,3.3000000000000003,3.33,482517,162879422.0,0.0,15,3.37,0
20221118,1668700800000,3.3000000000000003,3.43,3.3000000000000003,3.35,363285,122533800.99999999,0.0,15,3.33,0
20221121,1668960000000,3.35,3.42,3.23,3.39,337217,112150418.0,0.0,15,3.35,0
20221122,1669046400000,3.42,3.5300000000000002,3.37,3.39,404376,139148707.0,0.0,15,3.39,0
20221123,1669132800000,3.35,3.35,3.22,3.22,326683,106285292.0,0.0,15,3.39,0
20221124,1669219200000,3.1599999999999997,3.25,3.13,3.1599999999999997,315372,100543644.00000001,0.0,15,3.2199999999999998,0
20221125,1669305600000,3.2,3.27,3.16,3.21,224984,72241717.0,0.0,15,3.16,0
20221128,1669564800000,3.3000000000000003,3.37,3.24,3.2600000000000002,302959,99784724.0,0.0,15,3.2100000000000004,0
20221129,1669651200000,3.2399999999999998,3.33,3.21,3.3,269027,87819827.0,0.0,15,3.26,0
20221130,1669737600000,3.2800000000000002,3.41,3.2600000000000002,3.4000000000000004,284220,94949515.0,0.0,15,3.3000000000000003,0
20221201,1669824000000,3.39,3.42,3.33,3.34,255936,86028563.0,0.0,15,3.4,0
20221202,1669910400000,3.34,3.42,3.33,3.37,180999,60899127.0,0.0,15,3.34,0
20221205,1670169600000,3.36,3.39,3.31,3.35,171596,57415573.0,0.0,15,3.37,0
20221206,1670256000000,3.4,3.44,3.35,3.37,172258,58171326.99999999,0.0,15,3.35,0
20221207,1670342400000,3.37,3.37,3.31,3.33,177099,59070395.0,0.0,15,3.37,0
20221208,1670428800000,3.31,3.33,3.17,3.1799999999999997,322227,103811462.0,0.0,15,3.33,0
20221209,1670515200000,3.2,3.2600000000000002,3.18,3.23,145321,46756332.0,0.0,15,3.18,0
20221212,1670774400000,3.23,3.39,3.23,3.33,367472,122585527.0,0.0,15,3.23,0
20221213,1670860800000,3.3200000000000003,3.37,3.3000000000000003,3.31,172491,57389946.0,0.0,15,3.33,0
20221214,1670947200000,3.3000000000000003,3.3600000000000003,3.2800000000000002,3.31,142894,47403806.0,0.0,15,3.31,0
20221215,1671033600000,3.33,3.37,3.17,3.2199999999999998,242445,79351349.00000001,0.0,15,3.31,0
20221216,1671120000000,3.22,3.24,3.1,3.14,184408,58182061.0,0.0,15,3.22,0
20221219,1671379200000,3.1300000000000003,3.18,2.99,3.0100000000000002,200706,61447838.0,0.0,15,3.14,0
20221220,1671465600000,3.0100000000000002,3.1,3.0100000000000002,3.06,132780,40675589.99999999,0.0,15,3.0100000000000002,0
20221221,1671552000000,3.07,3.09,3.02,3.05,92399,28158241.0,0.0,15,3.06,0
20221222,1671638400000,3.0500000000000003,3.1,3.0300000000000002,3.0300000000000002,93122,28494620.0,0.0,15,3.0500000000000003,0
20221223,1671724800000,3.02,3.06,2.97,3.04,111982,33800990.99999999,0.0,15,3.0300000000000002,0
20221226,1671984000000,3.0100000000000002,3.06,3.0100000000000002,3.0500000000000003,53705,16328382.0,0.0,15,3.04,0
20221227,1672070400000,3.0700000000000003,3.0700000000000003,3.0300000000000002,3.06,57751,17581191.0,0.0,15,3.0500000000000003,0
20221228,1672156800000,3.0500000000000003,3.06,2.91,2.93,161179,47743342.99999999,0.0,15,3.06,0
20221229,1672243200000,2.9299999999999997,3.02,2.9,2.98,124437,36937809.00000001,0.0,15,2.9299999999999997,0
20221230,1672329600000,2.97,3.12,2.97,3.1100000000000003,156089,47912632.00000001,0.0,15,2.98,0
20230103,1672675200000,3.06,3.23,3.06,3.19,166226,52705589.0,0.0,15,3.11,0
20230104,1672761600000,3.2,3.2,3.14,3.19,125836,39942806.00000001,0.0,15,3.19,0
20230105,1672848000000,3.22,3.23,3.16,3.17,79937,25493872.0,0.0,15,3.19,0
20230106,1672934400000,3.1799999999999997,3.19,3.11,3.1399999999999997,85487,26848031.0,0.0,15,3.17,0
20230109,1673193600000,3.1399999999999997,3.1799999999999997,3.11,3.1199999999999997,78133,24522940.000000004,0.0,15,3.1399999999999997,0
20230110,1673280000000,3.1199999999999997,3.1399999999999997,3.09,3.1199999999999997,44617,13901540.000000002,0.0,15,3.1199999999999997,0
20230111,1673366400000,3.11,3.21,3.11,3.15,121577,38501434.0,0.0,15,3.1199999999999997,0
20230112,1673452800000,3.17,3.17,3.12,3.14,66395,20871706.000000004,0.0,15,3.15,0
20230113,1673539200000,3.13,3.19,3.13,3.17,78812,24898167.0,0.0,15,3.1399999999999997,0
20230116,1673798400000,3.15,3.26,3.15,3.23,114706,36800621.0,0.0,15,3.17,0
20230117,1673884800000,3.23,3.3200000000000003,3.2,3.3000000000000003,190569,62193145.0,0.0,15,3.23,0
20230118,1673971200000,3.3,3.31,3.25,3.31,103926,34088256.0,0.0,15,3.3,0
20230119,1674057600000,3.3000000000000003,3.37,3.2800000000000002,3.35,99886,33277839.0,0.0,15,3.31,0
20230120,1674144000000,3.3499999999999996,3.42,3.34,3.3899999999999997,102641,34724538.0,0.0,15,3.3499999999999996,0
20230130,1675008000000,3.42,3.44,3.35,3.38,144297,48948431.0,0.0,15,3.39,0
20230131,1675094400000,3.41,3.42,3.21,3.21,458262,148870847.0,0.0,15,3.38,0
20230201,1675180800000,3.23,3.27,3.19,3.26,198240,64314336.0,0.0,15,3.21,0
20230202,1675267200000,3.22,3.24,3.1,3.11,419035,131321309.0,0.0,15,3.2600000000000002,0
20230203,1675353600000,3.1399999999999997,3.17,3.11,3.1599999999999997,178632,56221061.0,0.0,15,3.11,0
20230206,1675612800000,3.17,3.1999999999999997,3.13,3.1599999999999997,125353,39755027.0,0.0,15,3.1599999999999997,0
20230207,1675699200000,3.1799999999999997,3.1799999999999997,3.13,3.17,102665,32358159.000000004,0.0,15,3.1599999999999997,0
20230208,1675785600000,3.17,3.1799999999999997,3.15,3.17,76231,24076433.000000004,0.0,15,3.17,0
20230209,1675872000000,3.1599999999999997,3.19,3.15,3.1799999999999997,100584,31877540.0,0.0,15,3.17,0
20230210,1675958400000,3.17,3.2800000000000002,3.16,3.25,156715,50610250.0,0.0,15,3.18,0
20230213,1676217600000,3.25,3.33,3.23,3.31,140764,46259325.0,0.0,15,3.25,0
20230214,1676304000000,3.3000000000000003,3.3000000000000003,3.14,3.15,405767,129119556.00000001,0.0,15,3.31,0
20230215,1676390400000,3.1999999999999997,3.3,3.19,3.21,246504,79816270.0,0.0,15,3.15,0
20230216,1676476800000,3.21,3.27,3.1,3.15,206356,65743441.0,0.0,15,3.21,0
20230217,1676563200000,3.17,3.17,3.09,3.0999999999999996,146319,45791648.0,0.0,15,3.15,0
20230220,1676822400000,3.0700000000000003,3.1100000000000003,3.0100000000000002,3.1,166684,50903385.00000001,0.0,15,3.1,0
20230221,1676908800000,3.1,3.12,3.0700000000000003,3.08,83747,25862774.0,0.0,15,3.1,0
20230222,1676995200000,3.06,3.12,3.06,3.1,81690,25283250.0,0.0,15,3.08,0
20230223,1677081600000,3.1,3.11,3.06,3.08,78336,24128547.0,0.0,15,3.1,0
20230224,1677168000000,3.09,3.09,3.04,3.08,59785,18341955.0,0.0,15,3.08,0
20230227,1677427200000,3.0700000000000003,3.1100000000000003,3.0500000000000003,3.08,64694,19913949.000000004,0.0,15,3.08,0
20230228,1677513600000,3.07,3.08,3.06,3.08,62371,19147184.000000004,0.0,15,3.08,0
20230301,1677600000000,3.08,3.14,3.08,3.14,97649,30456630.0,0.0,15,3.08,0
20230302,1677686400000,3.13,3.17,3.11,3.11,77156,24186832.000000004,0.0,15,3.1399999999999997,0
20230303,1677772800000,3.1199999999999997,3.13,3.09,3.1199999999999997,68710,21316572.000000004,0.0,15,3.11,0
20230306,1678032000000,3.12,3.12,3.0700000000000003,3.08,71729,22153402.0,0.0,15,3.12,0
20230307,1678118400000,3.07,3.09,3.06,3.06,90926,27952842.999999996,0.0,15,3.08,0
20230308,1678204800000,3.06,3.1500000000000004,3.0500000000000003,3.14,138411,43144510.0,0.0,15,3.06,0
20230309,1678291200000,3.15,3.15,3.08,3.1,88343,27478954.000000004,0.0,15,3.14,0
20230310,1678377600000,3.1,3.17,3.08,3.11,98124,30660401.0,0.0,15,3.1,0
20230313,1678636800000,3.13,3.15,3.11,3.1399999999999997,79223,24776581.0,0.0,15,3.11,0
20230314,1678723200000,3.1500000000000004,3.16,2.99,3.08,178850,54771149.0,0.0,15,3.14,0
20230315,1678809600000,3.09,3.1,3.06,3.09,61745,18976604.0,0.0,15,3.08,0
20230316,1678896000000,3.0700000000000003,3.08,3.0300000000000002,3.06,78146,23843813.0,0.0,15,3.0900000000000003,0
20230317,1678982400000,3.07,3.11,3.06,3.09,91570,28287115.000000004,0.0,15,3.06,0
20230320,1679241600000,3.0900000000000003,3.1,3.0500000000000003,3.0700000000000003,50477,15489907.000000002,0.0,15,3.0900000000000003,0
20230321,1679328000000,3.05,3.09,3.04,3.09,57326,17558504.0,0.0,15,3.07,0
20230322,1679414400000,3.09,3.09,3.06,3.07,52502,16146062.999999998,0.0,15,3.09,0
20230323,1679500800000,3.0700000000000003,3.08,3.0500000000000003,3.08,48924,14997458.000000002,0.0,15,3.0700000000000003,0
20230324,1679587200000,3.0700000000000003,3.08,3.0500000000000003,3.0700000000000003,47655,14599490.0,0.0,15,3.08,0
20230327,1679846400000,3.07,3.07,3.02,3.06,89884,27338992.0,0.0,15,3.07,0
20230328,1679932800000,3.05,3.06,3.02,3.02,70337,21343149.0,0.0,15,3.06,0
20230329,1680019200000,3.02,3.08,3.02,3.08,99804,30507438.000000004,0.0,15,3.02,0
20230330,1680105600000,3.08,3.0900000000000003,3.0100000000000002,3.04,96989,29482158.0,0.0,15,3.08,0
20230331,1680192000000,3.06,3.06,3.0300000000000002,3.0500000000000003,57553,17515401.0,0.0,15,3.04,0
20230403,1680451200000,3.04,3.0900000000000003,3.0300000000000002,3.0900000000000003,83497,25562322.0,0.0,15,3.0500000000000003,0
20230404,1680537600000,3.08,3.2300000000000004,3.0700000000000003,3.18,209382,66615188.00000001,0.0,15,3.0900000000000003,0
20230406,1680710400000,3.1799999999999997,3.26,3.15,3.1999999999999997,130135,41709887.0,0.0,15,3.1799999999999997,0
20230407,1680796800000,3.1999999999999997,3.23,3.17,3.21,82629,26402637.999999996,0.0,15,3.1999999999999997,0
20230410,1681056000000,3.1999999999999997,3.21,3.17,3.1799999999999997,77853,24844172.0,0.0,15,3.21,0
20230411,1681142400000,3.1999999999999997,3.1999999999999997,3.13,3.19,72322,22998030.0,0.0,15,3.1799999999999997,0
20230412,1681228800000,3.2,3.21,3.18,3.2,60950,19452206.0,0.0,15,3.19,0
20230413,1681315200000,3.19,3.1999999999999997,3.15,3.1799999999999997,85157,27021438.0,0.0,15,3.1999999999999997,0
20230414,1681401600000,3.1999999999999997,3.34,3.19,3.33,232903,76506950.00000001,0.0,15,3.18,0
20230417,1681660800000,3.31,3.4200000000000004,3.3000000000000003,3.4000000000000004,197283,66461448.00000001,0.0,15,3.33,0
20230418,1681747200000,3.4,3.52,3.38,3.42,194606,67126243.0,0.0,15,3.4,0
20230419,1681833600000,3.42,3.59,3.4,3.59,380168,134618363.0,0.0,15,3.42,0
20230420,1681920000000,3.5900000000000003,3.5900000000000003,3.45,3.52,279599,98316592.0,0.0,15,3.5900000000000003,0
20230421,1682006400000,3.52,3.55,3.36,3.42,222102,76414509.0,0.0,15,3.52,0
20230424,1682265600000,3.45,3.5900000000000003,3.39,3.58,272263,96186593.00000001,0.0,15,3.42,0
20230425,1682352000000,3.59,3.59,3.4,3.44,265871,91680539.0,0.0,15,3.58,0
20230426,1682438400000,3.43,3.5100000000000002,3.2800000000000002,3.4400000000000004,179187,61067430.0,0.0,15,3.4400000000000004,0
20230427,1682524800000,3.4899999999999998,3.57,3.44,3.4699999999999998,185651,64954615.0,0.0,15,3.44,0
20230428,1682611200000,3.4899999999999998,3.51,3.36,3.44,214931,73594583.0,0.0,15,3.4699999999999998,0
20230504,1683129600000,3.4899999999999998,3.61,3.46,3.61,230489,82314720.0,0.0,15,3.44,0
20230505,1683216000000,3.66,3.72,3.5300000000000002,3.68,294071,106633439.0,0.0,15,3.6100000000000003,0
20230508,1683475200000,3.67,3.78,3.61,3.6199999999999997,210245,77425193.99999999,0.0,15,3.6799999999999997,0
20230509,1683561600000,3.66,3.6799999999999997,3.44,3.44,281610,98880173.0,0.0,15,3.62,0
20230510,1683648000000,3.3800000000000003,3.43,3.3200000000000003,3.4000000000000004,157762,53355330.00000001,0.0,15,3.4400000000000004,0
20230511,1683734400000,3.31,3.43,3.31,3.37,207259,69682597.0,0.0,15,3.4,0
20230512,1683820800000,3.4099999999999997,3.46,3.38,3.38,148250,50696609.0,0.0,15,3.37,0
20230515,1684080000000,3.3699999999999997,3.4099999999999997,3.34,3.4,93521,31582937.0,0.0,15,3.38,0
20230516,1684166400000,3.39,3.4,3.23,3.23,209109,68532668.00000001,0.0,15,3.4,0
20230517,1684252800000,3.21,3.32,3.21,3.31,93675,30751177.0,0.0,15,3.23,0
20230518,1684339200000,3.33,3.41,3.31,3.4,96242,32454223.000000004,0.0,15,3.31,0
20230519,1684425600000,3.3899999999999997,3.4899999999999998,3.34,3.4699999999999998,96179,32876764.0,0.0,15,3.4,0
20230522,1684684800000,3.45,3.48,3.39,3.47,111463,38363450.0,0.0,15,3.47,0
20230523,1684771200000,3.49,3.56,3.43,3.49,134277,47022076.0,0.0,15,3.47,0
20230524,1684857600000,3.46,3.58,3.43,3.5500000000000003,148567,52421999.0,0.0,15,3.49,0
20230525,1684944000000,3.44,3.47,3.37,3.38,244141,83140351.0,0.0,15,3.5500000000000003,0
20230526,1685030400000,3.42,3.4699999999999998,3.38,3.42,131984,45265135.0,0.0,15,3.38,0
20230529,1685289600000,3.46,3.5900000000000003,3.43,3.56,204489,71986611.0,0.0,15,3.4200000000000004,0
20230530,1685376000000,3.5500000000000003,3.66,3.5300000000000002,3.6300000000000003,186805,67040611.0,0.0,15,3.56,0
20230531,1685462400000,3.6599999999999997,3.71,3.61,3.6399999999999997,147674,53863055.0,0.0,15,3.63,0
20230601,1685548800000,3.65,3.6599999999999997,3.59,3.63,115876,42019623.0,0.0,15,3.6399999999999997,0
20230602,1685635200000,3.62,3.69,3.62,3.67,100871,36868011.0,0.0,15,3.63,0
20230605,1685894400000,3.85,3.85,3.68,3.72,394366,148965923.0,0.0,15,3.6700000000000004,0
20230606,1685980800000,3.68,3.68,3.5300000000000002,3.5300000000000002,349735,125312618.0,0.0,15,3.72,0
20230607,1686067200000,3.5,3.6300000000000003,3.49,3.62,258345,92542558.0,0.0,15,3.5300000000000002,0
20230608,1686153600000,3.6,3.62,3.44,3.52,215167,75646459.0,0.0,15,3.62,0
20230609,1686240000000,3.52,3.52,3.52,3.52,0,0.0,0.0,0,3.52,1
20230612,1686499200000,3.87,3.87,3.87,3.87,167842,64954857.0,0.0,15,3.52,0
20230613,1686585600000,4.26,4.26,4.26,4.26,70302,29948656.0,0.0,15,3.8699999999999997,0
20230614,1686672000000,4.57,4.57,3.96,4.05,1878183,799544989.0,0.0,15,4.26,0
20230615,1686758400000,4.01,4.46,3.96,4.46,1588343,690091148.0,0.0,15,4.05,0
20230616,1686844800000,4.340000000000001,4.37,4.11,4.23,1523916,643504858.0,0.0,15,4.46,0
20230619,1687104000000,4.130000000000001,4.180000000000001,4.0600000000000005,4.11,758559,311449034.0,0.0,15,4.23,0
20230620,1687190400000,4.1000000000000005,4.17,4.03,4.03,540799,220960083.0,0.0,15,4.11,0
20230621,1687276800000,4.08,4.17,4.03,4.05,477926,195601003.0,0.0,15,4.03,0
20230626,1687708800000,4.0,4.0,3.8200000000000003,3.87,440100,171068737.0,0.0,15,4.050000000000001,0
20230627,1687795200000,3.86,3.93,3.85,3.9,254294,99000275.0,0.0,15,3.87,0
20230628,1687881600000,3.9,3.91,3.75,3.86,352848,134637394.0,0.0,15,3.9,0
20230629,1687968000000,3.84,4.0,3.81,3.91,358453,140183552.0,0.0,15,3.86,0
20230630,1688054400000,3.91,4.0,3.87,3.96,288588,114326177.0,0.0,15,3.91,0
20230703,1688313600000,3.9699999999999998,4.09,3.96,4.02,345054,139452156.0,0.0,15,3.96,0
20230704,1688400000000,4.03,4.1,3.98,4.06,324048,131313527.0,0.0,15,4.02,0
20230705,1688486400000,4.04,4.260000000000001,4.0200000000000005,4.180000000000001,596332,247258291.0,0.0,15,4.0600000000000005,0
20230706,1688572800000,4.14,4.19,4.08,4.11,351591,144726696.99999997,0.0,15,4.18,0
20230707,1688659200000,4.090000000000001,4.11,4.0200000000000005,4.04,267869,108658518.0,0.0,15,4.11,0
20230710,1688918400000,4.0600000000000005,4.07,4.03,4.07,160326,64945792.99999999,0.0,15,4.04,0
20230711,1689004800000,4.05,4.08,4.03,4.05,185621,75177086.0,0.0,15,4.07,0
20230712,1689091200000,4.05,4.07,3.95,3.96,290859,116425116.00000001,0.0,15,4.05,0
20230713,1689177600000,3.9899999999999998,4.03,3.96,3.9899999999999998,165443,66037646.0,0.0,15,3.96,0
20230714,1689264000000,4.01,4.14,3.98,4.1,336869,137526183.0,0.0,15,3.9899999999999998,0
20230717,1689523200000,4.11,4.250000000000001,4.0600000000000005,4.170000000000001,431833,179344610.0,0.0,15,4.1000000000000005,0
20230718,1689609600000,4.24,4.25,4.11,4.16,338839,141316796.0,0.0,15,4.17,0
20230719,1689696000000,4.11,4.180000000000001,4.11,4.140000000000001,190413,78762331.00000001,0.0,15,4.16,0
20230720,1689782400000,4.17,4.22,4.1,4.109999999999999,271123,112588237.0,0.0,15,4.14,0
20230721,1689868800000,4.08,4.140000000000001,4.0600000000000005,4.07,198406,81093196.0,0.0,15,4.11,0
20230724,1690128000000,4.0600000000000005,4.16,4.03,4.13,207398,85076878.0,0.0,15,4.07,0
20230725,1690214400000,4.16,4.42,4.13,4.29,606007,259943623.99999997,0.0,15,4.13,0
20230726,1690300800000,4.25,4.28,4.13,4.16,390947,163572780.0,0.0,15,4.29,0
20230727,1690387200000,4.16,4.16,4.05,4.06,264721,108507403.0,0.0,15,4.16,0
20230728,1690473600000,4.0600000000000005,4.470000000000001,3.99,4.3500000000000005,898252,386012992.0,0.0,15,4.0600000000000005,0
20230731,1690732800000,4.3,4.37,4.22,4.27,560778,239548632.0,0.0,15,4.35,0
20230801,1690819200000,4.26,4.41,4.2,4.29,485572,207880444.00000003,0.0,15,4.2700000000000005,0
20230802,1690905600000,4.279999999999999,4.6899999999999995,4.26,4.54,1075341,485072408.0,0.0,15,4.29,0
20230803,1690992000000,4.47,4.54,4.39,4.529999999999999,674505,300462091.0,0.0,15,4.54,0
20230804,1691078400000,4.56,4.98,4.5,4.85,1857820,901429662.0,0.0,15,4.53,0
20230807,1691337600000,4.7299999999999995,5.05,4.63,4.87,1486111,721921357.0,0.0,15,4.85,0
20230808,1691424000000,4.81,4.85,4.63,4.63,898651,421310184.0,0.0,15,4.87,0
20230809,1691510400000,4.69,5.09,4.62,5.09,775398,385524814.0,0.0,15,4.63,0
20230810,1691596800000,5.09,5.6,4.93,5.6,2637170,1419098461.0,0.0,15,5.09,0
20230811,1691683200000,5.75,5.75,5.16,5.23,2171342,1163489676.0000002,0.0,15,5.6000000000000005,0
20230814,1691942400000,5.16,5.17,4.82,4.87,1492613,737156319.0000001,0.0,15,5.23,0
20230815,1692028800000,4.87,5.21,4.79,5.1,1452840,732823452.0,0.0,15,4.87,0
20230816,1692115200000,4.91,5.0,4.72,4.779999999999999,1092597,526553141.0,0.0,15,5.1,0
20230817,1692201600000,4.71,4.85,4.71,4.75,689647,328165293.0,0.0,15,4.78,0
20230818,1692288000000,4.720000000000001,4.790000000000001,4.5200000000000005,4.5200000000000005,766051,354551721.0,0.0,15,4.750000000000001,0
20230821,1692547200000,4.53,4.680000000000001,4.53,4.55,487207,224305347.0,0.0,15,4.5200000000000005,0
20230822,1692633600000,4.6,4.7299999999999995,4.59,4.7299999999999995,700662,327297658.0,0.0,15,4.55,0
20230823,1692720000000,4.66,4.67,4.55,4.55,465553,213778757.0,0.0,15,4.7299999999999995,0
20230824,1692806400000,4.58,4.760000000000001,4.53,4.680000000000001,639958,298246054.0,0.0,15,4.55,0
20230825,1692892800000,4.57,4.94,4.53,4.87,1096446,529080798.00000006,0.0,15,4.680000000000001,0
20230828,1693152000000,5.36,5.36,4.87,4.88,1499163,769649868.0,0.0,15,4.87,0
20230829,1693238400000,4.75,4.99,4.74,4.94,1040194,508457383.00000006,0.0,15,4.88,0
20230830,1693324800000,4.8500000000000005,5.430000000000001,4.78,5.2700000000000005,1848368,958569598.0000001,0.0,15,4.94,0
20230831,1693411200000,5.11,5.37,5.0600000000000005,5.15,1224375,632390528.0,0.0,15,5.2700000000000005,0
20230901,1693497600000,5.16,5.279999999999999,4.93,4.9799999999999995,952268,482618107.00000006,0.0,15,5.1499999999999995,0
20230904,1693756800000,4.930000000000001,4.99,4.8100000000000005,4.930000000000001,687870,336881095.0,0.0,15,4.98,0
20230905,1693843200000,4.89,4.89,4.76,4.77,526485,253031247.00000003,0.0,15,4.93,0
20230906,1693929600000,4.78,4.87,4.75,4.79,367513,176347315.00000003,0.0,15,4.77,0
20230907,1694016000000,4.760000000000001,4.7700000000000005,4.6000000000000005,4.61,493600,228991221.0,0.0,15,4.790000000000001,0
20230908,1694102400000,4.6,4.62,4.47,4.54,330671,149789975.0,0.0,15,4.609999999999999,0
20230911,1694361600000,4.54,4.59,4.47,4.56,266374,120852706.00000001,0.0,15,4.54,0
20230912,1694448000000,4.53,4.58,4.5,4.51,239482,108712378.0,0.0,15,4.56,0
20230913,1694534400000,4.510000000000001,4.510000000000001,4.3500000000000005,4.390000000000001,374663,165211014.00000003,0.0,15,4.510000000000001,0
20230914,1694620800000,4.38,4.39,4.25,4.3,305141,131612104.99999999,0.0,15,4.39,0
20230915,1694707200000,4.29,4.319999999999999,4.26,4.26,192488,82418815.0,0.0,15,4.3,0
20230918,1694966400000,4.26,4.35,4.21,4.3,219472,94141590.0,0.0,15,4.26,0
20230919,1695052800000,4.1899999999999995,4.2,4.09,4.109999999999999,418593,172969457.0,0.0,15,4.3,0
20230920,1695139200000,4.14,4.15,4.08,4.09,187134,77016081.0,0.0,15,4.11,0
20230921,1695225600000,4.08,4.14,4.05,4.08,167031,68396699.0,0.0,15,4.09,0
20230922,1695312000000,4.0600000000000005,4.170000000000001,4.0600000000000005,4.16,247072,102238431.00000001,0.0,15,4.08,0
20230925,1695571200000,4.14,4.1499999999999995,4.05,4.069999999999999,197899,80995385.0,0.0,15,4.16,0
20230926,1695657600000,4.03,4.11,4.03,4.07,189928,77409739.0,0.0,15,4.07,0
20230927,1695744000000,4.07,4.14,4.04,4.11,194141,79606385.0,0.0,15,4.07,0
20230928,1695830400000,4.0,4.04,3.91,4.03,397477,158708015.0,0.0,15,4.11,0
20231009,1696780800000,4.01,4.0600000000000005,3.99,4.0,199381,79981389.99999999,0.0,15,4.03,0
20231010,1696867200000,4.04,4.12,4.01,4.08,276098,112754316.0,0.0,15,4.0,0
20231011,1696953600000,4.1,4.16,4.01,4.09,251694,102999625.0,0.0,15,4.08,0
20231012,1697040000000,4.11,4.13,4.08,4.12,186284,76547058.0,0.0,15,4.09,0
20231013,1697126400000,4.1,4.14,4.08,4.09,187727,77052186.0,0.0,15,4.12,0
20231016,1697385600000,4.090000000000001,4.1000000000000005,4.0200000000000005,4.04,159436,64667794.0,0.0,15,4.090000000000001,0
20231017,1697472000000,4.090000000000001,4.19,4.0600000000000005,4.15,502900,207507066.0,0.0,15,4.040000000000001,0
20231018,1697558400000,4.12,4.12,3.97,3.98,384561,154281365.0,0.0,15,4.15,0
20231019,1697644800000,3.92,4.03,3.91,3.93,202943,80671005.0,0.0,15,3.98,0
20231020,1697731200000,3.9099999999999997,3.9899999999999998,3.88,3.88,172865,67812417.00000001,0.0,15,3.9299999999999997,0
20231023,1697990400000,3.8800000000000003,3.89,3.7600000000000002,3.7800000000000002,204488,78102272.0,0.0,15,3.8800000000000003,0
20231024,1698076800000,3.7800000000000002,3.9600000000000004,3.7800000000000002,3.93,277017,107907754.0,0.0,15,3.7800000000000002,0
20231025,1698163200000,3.95,4.0600000000000005,3.91,4.03,256860,103042381.0,0.0,15,3.93,0
20231026,1698249600000,4.03,4.06,3.98,4.02,169874,68262083.0,0.0,15,4.03,0
20231027,1698336000000,4.01,4.04,3.95,4.0200000000000005,210404,83986820.99999999,0.0,15,4.0200000000000005,0
20231030,1698595200000,3.99,4.08,3.97,4.0600000000000005,204339,82513901.0,0.0,15,4.0200000000000005,0
20231031,1698681600000,4.06,4.11,4.04,4.07,187326,76308464.0,0.0,15,4.06,0
20231101,1698768000000,4.07,4.1000000000000005,4.03,4.05,117233,47633360.0,0.0,15,4.07,0
20231102,1698854400000,4.06,4.1,4.05,4.06,157997,64381212.0,0.0,15,4.05,0
20231103,1698940800000,4.05,4.09,4.04,4.07,132202,53861108.99999999,0.0,15,4.06,0
20231106,1699200000000,4.1,4.18,4.1,4.17,215504,89487885.0,0.0,15,4.069999999999999,0
20231107,1699286400000,4.1499999999999995,4.1899999999999995,4.13,4.17,153694,63965238.0,0.0,15,4.17,0
20231108,1699372800000,4.16,4.25,4.16,4.19,209294,87997896.0,0.0,15,4.17,0
20231109,1699459200000,4.19,4.25,4.15,4.16,169294,70950710.0,0.0,15,4.19,0
20231110,1699545600000,4.14,4.18,4.12,4.13,121914,50527207.00000001,0.0,15,4.16,0
20231113,1699804800000,4.16,4.2,4.13,4.1899999999999995,137697,57552802.0,0.0,15,4.13,0
20231114,1699891200000,4.18,4.26,4.17,4.24,165021,69826696.0,0.0,15,4.1899999999999995,0
20231115,1699977600000,4.28,4.29,4.21,4.22,132733,56249801.99999999,0.0,15,4.24,0
20231116,1700064000000,4.2,4.24,4.17,4.21,117942,49713856.0,0.0,15,4.22,0
20231117,1700150400000,4.21,4.21,4.16,4.2,151335,63381552.0,0.0,15,4.21,0
20231120,1700409600000,4.21,4.22,4.18,4.199999999999999,119338,50130741.00000001,0.0,15,4.199999999999999,0
20231121,1700496000000,4.220000000000001,4.28,4.19,4.21,219732,92853201.00000001,0.0,15,4.2,0
20231122,1700582400000,4.199999999999999,4.279999999999999,4.18,4.1899999999999995,220512,93348467.0,0.0,15,4.21,0
20231123,1700668800000,4.18,4.21,4.13,4.1899999999999995,188957,78886691.0,0.0,15,4.1899999999999995,0
20231124,1700755200000,4.19,4.2,4.08,4.09,229442,94455521.0,0.0,15,4.19,0
20231127,1701014400000,4.12,4.13,4.05,4.06,158542,64729808.00000001,0.0,15,4.09,0
20231128,1701100800000,4.05,4.09,4.01,4.04,149719,60569988.0,0.0,15,4.06,0
20231129,1701187200000,4.04,4.05,3.98,3.9899999999999998,139958,56182678.0,0.0,15,4.04,0
20231130,1701273600000,3.9899999999999998,4.02,3.92,3.9499999999999997,129701,51384374.0,0.0,15,3.9899999999999998,0
20231201,1701360000000,3.96,4.04,3.93,4.0200000000000005,150115,59948272.0,0.0,15,3.95,0
20231204,1701619200000,4.02,4.12,4.01,4.1,189726,77559816.0,0.0,15,4.02,0
20231205,1701705600000,4.1,4.359999999999999,4.01,4.1499999999999995,604772,251853228.0,0.0,15,4.1,0
20231206,1701792000000,4.08,4.19,4.0600000000000005,4.12,470610,194493424.0,0.0,15,4.15,0
20231207,1701878400000,4.09,4.15,4.07,4.1000000000000005,270670,111194644.00000001,0.0,15,4.12,0
20231208,1701964800000,4.1,4.1,3.96,3.9699999999999998,308685,123921300.0,0.0,15,4.1,0
20231211,1702224000000,3.9299999999999997,4.07,3.92,4.05,256553,102595021.0,0.0,15,3.9699999999999998,0
20231212,1702310400000,4.04,4.12,4.0200000000000005,4.08,198657,80914483.0,0.0,15,4.050000000000001,0
20231213,1702396800000,4.07,4.090000000000001,4.0200000000000005,4.0200000000000005,139451,56494388.0,0.0,15,4.08,0
20231214,1702483200000,4.03,4.42,4.03,4.42,799815,345037075.0,0.0,15,4.0200000000000005,0
20231215,1702569600000,4.38,4.45,4.26,4.34,1101848,479073176.99999994,0.0,15,4.42,0
20231218,1702828800000,4.32,4.38,4.28,4.3,470918,203458937.0,0.0,15,4.34,0
20231219,1702915200000,4.3,4.42,4.25,4.35,664640,288608286.00000006,0.0,15,4.3,0
20231220,1703001600000,4.41,4.56,4.26,4.26,654849,287808774.0,0.0,15,4.35,0
20231221,1703088000000,4.25,4.32,4.19,4.29,427872,182028893.0,0.0,15,4.260000000000001,0
20231222,1703174400000,4.26,4.6499999999999995,4.18,4.46,1103005,489082603.00000006,0.0,15,4.29,0
20231225,1703433600000,4.54,4.75,4.5,4.51,1176419,539601626.0000001,0.0,15,4.46,0
20231226,1703520000000,4.51,4.57,4.33,4.39,739180,327452854.0,0.0,15,4.51,0
20231227,1703606400000,4.33,4.49,4.22,4.47,671509,293464762.0,0.0,15,4.39,0
20231228,1703692800000,4.41,4.55,4.33,4.48,634178,283280954.0,0.0,15,4.47,0
20231229,1703779200000,4.45,4.49,4.41,4.44,495965,220149225.00000003,0.0,15,4.48,0
20240102,1704124800000,4.39,4.88,4.39,4.88,1194735,563746546.0,0.0,15,4.4399999999999995,0
20240103,1704211200000,4.8100000000000005,5.37,4.74,4.99,2265325,1150237144.0,0.0,15,4.88,0
20240104,1704297600000,4.890000000000001,5.46,4.78,5.24,1893872,965849870.0000001,0.0,15,4.99,0
20240105,1704384000000,5.01,5.199999999999999,4.72,4.79,1400152,692490993.0,0.0,15,5.24,0
20240108,1704643200000,4.790000000000001,5.2700000000000005,4.6000000000000005,5.2700000000000005,1440897,727346588.0000001,0.0,15,4.790000000000001,0
20240109,1704729600000,5.2700000000000005,5.44,5.04,5.08,1837518,953237980.0000001,0.0,15,5.2700000000000005,0
20240110,1704816000000,5.01,5.17,4.8,4.85,1325539,656159932.0,0.0,15,5.08,0
20240111,1704902400000,4.84,5.0600000000000005,4.83,4.9,1074740,529883259.0,0.0,15,4.85,0
20240112,1704988800000,4.76,4.91,4.45,4.48,1247453,578203716.0,0.0,15,4.9,0
20240115,1705248000000,4.33,4.44,4.29,4.32,773546,337178735.0,0.0,15,4.48,0
20240116,1705334400000,4.32,4.53,4.17,4.47,1063162,464987639.00000006,0.0,15,4.32,0
20240117,1705420800000,4.5,4.640000000000001,4.41,4.41,871496,395078142.00000006,0.0,15,4.47,0
20240118,1705507200000,4.430000000000001,4.49,4.2,4.42,762094,330802231.00000006,0.0,15,4.41,0
20240119,1705593600000,4.34,4.35,4.13,4.13,583958,246148495.0,0.0,15,4.42,0
20240122,1705852800000,4.12,4.16,3.8200000000000003,3.87,473035,188748442.00000003,0.0,15,4.13,0
20240123,1705939200000,3.8600000000000003,3.9400000000000004,3.8000000000000003,3.8800000000000003,339514,131680710.99999999,0.0,15,3.87,0
20240124,1706025600000,3.88,4.05,3.77,4.0,599889,235678236.0,0.0,15,3.88,0
20240125,1706112000000,3.9499999999999997,4.07,3.92,4.05,491224,196945681.0,0.0,15,4.0,0
20240126,1706198400000,4.02,4.16,4.0,4.02,420036,170869921.99999997,0.0,15,4.05,0
20240129,1706457600000,4.03,4.0600000000000005,3.8200000000000003,3.83,347706,135988681.0,0.0,15,4.0200000000000005,0
20240130,1706544000000,3.79,3.81,3.63,3.6399999999999997,326772,121406228.00000001,0.0,15,3.83,0
20240131,1706630400000,3.6,3.64,3.37,3.38,385682,134485052.0,0.0,15,3.64,0
20240201,1706716800000,3.3600000000000003,3.41,3.2600000000000002,3.33,263211,87713729.0,0.0,15,3.3800000000000003,0
20240202,1706803200000,3.3600000000000003,3.42,3.08,3.2,277369,90166372.0,0.0,15,3.33,0
20240205,1707062400000,3.19,3.19,2.88,2.88,357802,105339139.0,0.0,15,3.1999999999999997,0
20240206,1707148800000,2.7399999999999998,3.07,2.63,2.94,342271,97425139.0,0.0,15,2.88,0
20240207,1707235200000,2.93,3.01,2.77,2.79,308455,89291823.0,0.0,15,2.94,0
20240208,1707321600000,2.83,3.0100000000000002,2.8000000000000003,3.0000000000000004,296627,86470077.0,0.0,15,2.7900000000000005,0
20240219,1708272000000,3.09,3.18,3.06,3.16,330135,103210690.0,0.0,15,3.0,0
20240220,1708358400000,3.15,3.29,3.11,3.28,281452,90998631.0,0.0,15,3.1599999999999997,0
20240221,1708444800000,3.23,3.5300000000000002,3.2,3.3400000000000003,409426,138407550.0,0.0,15,3.2800000000000002,0
20240222,1708531200000,3.32,3.52,3.31,3.46,379077,129756552.0,0.0,15,3.34,0
20240223,1708617600000,3.46,3.65,3.44,3.61,465151,165387800.0,0.0,15,3.46,0
20240226,1708876800000,3.6,3.7800000000000002,3.5500000000000003,3.66,433684,158178110.0,0.0,15,3.6100000000000003,0
20240227,1708963200000,3.64,3.79,3.6,3.7800000000000002,388683,144893102.0,0.0,15,3.66,0
20240228,1709049600000,3.77,3.9200000000000004,3.47,3.47,596981,222442136.00000003,0.0,15,3.7800000000000002,0
20240229,1709136000000,3.8200000000000003,3.8200000000000003,3.8200000000000003,3.8200000000000003,176959,67598338.0,0.0,15,3.47,0
20240301,1709222400000,3.82,4.18,3.79,4.01,1034821,411465830.00000006,0.0,15,3.82,0
20240304,1709481600000,3.8800000000000003,3.93,3.72,3.8600000000000003,639466,245029979.0,0.0,15,4.01,0
20240305,1709568000000,3.88,4.25,3.75,4.25,716910,288334114.00000006,0.0,15,3.86,0
20240306,1709654400000,4.26,4.43,4.13,4.29,1130438,485271700.00000006,0.0,15,4.25,0
20240307,1709740800000,4.220000000000001,4.250000000000001,4.0200000000000005,4.08,737809,305154581.00000006,0.0,15,4.290000000000001,0
20240308,1709827200000,4.05,4.1000000000000005,3.97,4.07,416760,168095247.0,0.0,15,4.08,0
20240311,1710086400000,4.0600000000000005,4.140000000000001,4.03,4.12,404043,165427766.0,0.0,15,4.07,0
20240312,1710172800000,4.19,4.36,4.08,4.2,620760,261188019.00000003,0.0,15,4.12,0
20240313,1710259200000,4.109999999999999,4.199999999999999,4.1,4.14,408810,169219824.99999997,0.0,15,4.199999999999999,0
20240314,1710345600000,4.15,4.180000000000001,4.03,4.08,370464,152536979.0,0.0,15,4.140000000000001,0
20240315,1710432000000,4.05,4.2299999999999995,4.01,4.17,471520,194309446.99999997,0.0,15,4.08,0
20240318,1710691200000,4.13,4.25,4.12,4.21,467793,195815103.0,0.0,15,4.17,0
20240319,1710777600000,4.2,4.25,4.16,4.17,363747,152814066.00000003,0.0,15,4.21,0
20240320,1710864000000,4.140000000000001,4.2,4.11,4.19,276312,115346385.99999999,0.0,15,4.17,0
20240321,1710950400000,4.19,4.24,4.16,4.21,342027,143749006.0,0.0,15,4.19,0
20240322,1711036800000,4.2,4.25,4.09,4.2,367979,153552509.0,0.0,15,4.21,0
20240325,1711296000000,4.1899999999999995,4.33,4.1,4.1,512282,216378104.0,0.0,15,4.199999999999999,0
20240326,1711382400000,4.069999999999999,4.2299999999999995,4.01,4.13,454564,187026125.00000003,0.0,15,4.1,0
20240327,1711468800000,4.07,4.09,3.84,3.8499999999999996,456804,180022322.99999997,0.0,15,4.13,0
20240328,1711555200000,3.84,4.0,3.81,3.95,271217,106797982.0,0.0,15,3.85,0
20240329,1711641600000,3.9499999999999997,4.02,3.9,3.9699999999999998,198034,78269145.00000001,0.0,15,3.9499999999999997,0
20240401,1711900800000,3.97,4.05,3.97,4.05,217471,87480069.00000001,0.0,15,3.97,0
20240402,1711987200000,4.03,4.04,3.95,3.97,193532,77082346.0,0.0,15,4.05,0
20240403,1712073600000,3.9499999999999997,3.9699999999999998,3.84,3.8899999999999997,184772,71750494.0,0.0,15,3.9699999999999998,0
20240408,1712505600000,3.87,3.89,3.75,3.76,152695,58072849.0,0.0,15,3.89,0
20240409,1712592000000,3.76,3.82,3.73,3.8,113684,42951449.0,0.0,15,3.76,0
20240410,1712678400000,3.8,3.8,3.61,3.6599999999999997,192885,71009653.0,0.0,15,3.8,0
20240411,1712764800000,3.6199999999999997,3.71,3.61,3.65,130148,47662804.0,0.0,15,3.6599999999999997,0
20240412,1712851200000,3.64,3.7,3.58,3.6,144378,52460286.0,0.0,15,3.65,0
20240415,1713110400000,3.5500000000000003,3.58,3.2800000000000002,3.3600000000000003,320075,108686407.0,0.0,15,3.6,0
20240416,1713196800000,3.36,3.36,3.02,3.02,310749,95543756.0,0.0,15,3.36,0
20240417,1713283200000,3.01,3.26,3.0,3.25,293838,93513275.0,0.0,15,3.02,0
20240418,1713369600000,3.25,3.28,3.19,3.2199999999999998,187212,60639488.0,0.0,15,3.25,0
20240419,1713456000000,3.2,3.2600000000000002,3.14,3.15,142562,45413661.0,0.0,15,3.22,0
20240422,1713715200000,3.13,3.19,3.06,3.13,130759,40952011.0,0.0,15,3.15,0
20240423,1713801600000,3.15,3.35,3.13,3.25,308445,100008180.00000001,0.0,15,3.13,0
20240424,1713888000000,3.25,3.37,3.22,3.35,225316,74941307.99999999,0.0,15,3.25,0
20240425,1713974400000,3.36,3.41,3.31,3.38,187546,63377803.0,0.0,15,3.35,0
20240426,1714060800000,3.36,3.53,3.36,3.52,258577,89556682.99999999,0.0,15,3.38,0
20240429,1714320000000,3.52,3.6100000000000003,3.5100000000000002,3.58,213092,75960303.00000001,0.0,15,3.52,0
20240430,1714406400000,3.58,3.68,3.5500000000000003,3.58,212579,76707936.0,0.0,15,3.58,0
20240506,1714924800000,3.59,3.7600000000000002,3.58,3.6,196370,71305297.0,0.0,15,3.58,0
20240507,1715011200000,3.61,3.89,3.54,3.7,403518,148713484.0,0.0,15,3.6,0
20240508,1715097600000,3.63,3.67,3.52,3.55,261588,93786340.0,0.0,15,3.7,0
20240509,1715184000000,3.52,3.58,3.52,3.55,161417,57415056.00000001,0.0,15,3.55,0
20240510,1715270400000,3.56,3.6,3.47,3.5300000000000002,202781,71779528.0,0.0,15,3.5500000000000003,0
20240513,1715529600000,3.5,3.5,3.38,3.4,180358,61520468.0,0.0,15,3.53,0
20240514,1715616000000,3.4,3.46,3.39,3.45,122182,41874520.0,0.0,15,3.4,0
20240515,1715702400000,3.4299999999999997,3.48,3.38,3.42,104422,35940786.0,0.0,15,3.4499999999999997,0
20240516,1715788800000,3.46,3.5300000000000002,3.45,3.48,119453,41696042.0,0.0,15,3.4200000000000004,0
20240517,1715875200000,3.4899999999999998,3.53,3.44,3.51,140482,49060115.0,0.0,15,3.48,0
20240520,1716134400000,3.48,3.55,3.48,3.4899999999999998,154093,54059114.00000001,0.0,15,3.51,0
20240521,1716220800000,3.5,3.5300000000000002,3.45,3.46,98471,34265170.00000001,0.0,15,3.49,0
20240522,1716307200000,3.4299999999999997,3.52,3.42,3.5,115248,40213233.0,0.0,15,3.46,0
20240523,1716393600000,3.5100000000000002,3.52,3.37,3.39,135543,46353374.0,0.0,15,3.5,0
20240524,1716480000000,3.37,3.42,3.33,3.35,112270,37915079.0,0.0,15,3.39,0
20240527,1716739200000,3.36,3.39,3.29,3.37,94682,31501117.000000004,0.0,15,3.35,0
20240528,1716825600000,3.38,3.41,3.31,3.35,89420,30076367.0,0.0,15,3.37,0
20240529,1716912000000,3.34,3.54,3.34,3.4099999999999997,197391,67904121.0,0.0,15,3.3499999999999996,0
20240530,1716998400000,3.35,3.36,3.27,3.29,205643,67984790.0,0.0,15,3.41,0
20240531,1717084800000,3.29,3.44,3.29,3.4,212609,71557812.00000001,0.0,15,3.29,0
20240603,1717344000000,3.41,3.41,3.23,3.26,192418,63460757.00000001,0.0,15,3.4,0
20240604,1717430400000,3.2600000000000002,3.27,3.12,3.18,149083,47220007.99999999,0.0,15,3.2600000000000002,0
20240605,1717516800000,3.17,3.2,3.12,3.14,116373,36877433.0,0.0,15,3.18,0
20240606,1717603200000,3.13,3.16,2.92,2.9699999999999998,222378,66928549.00000001,0.0,15,3.14,0
20240607,1717689600000,2.99,3.0900000000000003,2.99,3.0700000000000003,149599,45654096.0,0.0,15,2.97,0
20240611,1718035200000,3.06,3.13,3.0,3.1,125834,38745520.0,0.0,15,3.07,0
20240612,1718121600000,3.09,3.1799999999999997,3.09,3.17,101424,31941940.0,0.0,15,3.0999999999999996,0
20240613,1718208000000,3.1799999999999997,3.2199999999999998,3.15,3.1599999999999997,119938,38135195.00000001,0.0,15,3.17,0
20240614,1718294400000,3.1799999999999997,3.23,3.11,3.1999999999999997,165200,52714744.0,0.0,15,3.1599999999999997,0
20240617,1718553600000,3.17,3.23,3.13,3.1399999999999997,103085,32613026.999999996,0.0,15,3.1999999999999997,0
20240618,1718640000000,3.14,3.19,3.12,3.19,88182,27973407.000000004,0.0,15,3.14,0
20240619,1718726400000,3.2,3.3200000000000003,3.2,3.24,177137,57813265.0,0.0,15,3.1900000000000004,0
20240620,1718812800000,3.2399999999999998,3.27,3.11,3.1199999999999997,112472,35636732.0,0.0,15,3.2399999999999998,0
20240621,1718899200000,3.11,3.17,3.04,3.12,98540,30717747.0,0.0,15,3.12,0
20240624,1719158400000,3.1,3.43,2.99,3.43,497929,166488302.0,0.0,15,3.12,0
20240625,1719244800000,3.3800000000000003,3.68,3.2800000000000002,3.5100000000000002,936668,321361481.0,0.0,15,3.43,0
20240626,1719331200000,3.29,3.47,3.2800000000000002,3.43,706457,239266413.99999997,0.0,15,3.5100000000000002,0
20240627,1719417600000,3.42,3.42,3.27,3.31,416267,138749915.0,0.0,15,3.43,0
20240628,1719504000000,3.25,3.3000000000000003,3.18,3.23,368811,119736638.0,0.0,15,3.31,0
20240701,1719763200000,3.23,3.4800000000000004,3.2,3.33,434504,144662266.0,0.0,15,3.23,0
20240702,1719849600000,3.3000000000000003,3.5000000000000004,3.3000000000000003,3.43,539862,184456714.0,0.0,15,3.33,0
20240703,1719936000000,3.41,3.4400000000000004,3.3000000000000003,3.3200000000000003,355017,119216023.00000001,0.0,15,3.43,0
20240704,1720022400000,3.29,3.36,3.15,3.17,309124,99703984.00000001,0.0,15,3.32,0
20240705,1720108800000,3.14,3.24,3.0700000000000003,3.1900000000000004,215499,68486672.00000001,0.0,15,3.1700000000000004,0
20240708,1720368000000,3.19,3.19,3.02,3.03,221378,67896141.00000001,0.0,15,3.19,0
20240709,1720454400000,3.0300000000000002,3.08,2.93,3.08,231244,69791077.0,0.0,15,3.0300000000000002,0
20240710,1720540800000,3.06,3.0700000000000003,3.0100000000000002,3.02,127315,38622800.00000001,0.0,15,3.0700000000000003,0
20240711,1720627200000,3.08,3.1500000000000004,3.0500000000000003,3.14,213818,66378983.99999999,0.0,15,3.0200000000000005,0
20240712,1720713600000,3.1399999999999997,3.17,3.09,3.0999999999999996,146122,45679470.0,0.0,15,3.1399999999999997,0
20240715,1720972800000,3.1,3.3,3.04,3.14,246554,77278900.0,0.0,15,3.1,0
20240716,1721059200000,3.1,3.1500000000000004,3.0700000000000003,3.12,148753,46209952.99999999,0.0,15,3.14,0
20240717,1721145600000,3.1,3.1100000000000003,3.0300000000000002,3.04,138336,42309604.0,0.0,15,3.12,0
20240718,1721232000000,3.0,3.0300000000000002,2.97,3.0300000000000002,116253,34907939.99999999,0.0,15,3.04,0
20240719,1721318400000,3.0100000000000002,3.06,3.0100000000000002,3.0300000000000002,91844,27920211.0,0.0,15,3.0300000000000002,0
20240722,1721577600000,3.0300000000000002,3.22,3.0300000000000002,3.1500000000000004,319014,99951743.99999999,0.0,15,3.0300000000000002,0
20240723,1721664000000,3.12,3.17,3.08,3.08,186582,58230689.99999999,0.0,15,3.15,0
20240724,1721750400000,3.05,3.2,3.02,3.06,184410,56838442.0,0.0,15,3.08,0
20240725,1721836800000,3.37,3.37,3.37,3.37,260873,87914190.0,0.0,15,3.06,0
20240726,1721923200000,3.2800000000000002,3.49,3.2,3.39,792274,266106548.0,0.0,15,3.37,0
20240729,1722182400000,3.45,3.73,3.39,3.73,816384,293196689.0,0.0,15,3.39,0
20240730,1722268800000,3.63,3.98,3.58,3.59,1379011,516831018.00000006,0.0,15,3.73,0
20240731,1722355200000,3.54,3.8,3.5,3.66,1039783,380766301.0,0.0,15,3.59,0
20240801,1722441600000,3.6,3.68,3.52,3.53,706447,251734609.00000003,0.0,15,3.66,0
20240802,1722528000000,3.56,3.58,3.38,3.4,538358,185616585.0,0.0,15,3.53,0
20240805,1722787200000,3.35,3.39,3.21,3.2199999999999998,465095,153592146.99999997,0.0,15,3.4,0
20240806,1722873600000,3.2600000000000002,3.3000000000000003,3.22,3.27,299847,97405246.0,0.0,15,3.22,0
20240807,1722960000000,3.24,3.41,3.24,3.3000000000000003,411195,135997345.99999997,0.0,15,3.27,0
20240808,1723046400000,3.32,3.42,3.29,3.38,475292,160167331.0,0.0,15,3.3,0
20240809,1723132800000,3.35,3.6100000000000003,3.2800000000000002,3.45,605588,207434322.00000003,0.0,15,3.3800000000000003,0
20240812,1723392000000,3.3600000000000003,3.4200000000000004,3.2800000000000002,3.3000000000000003,330821,110502509.0,0.0,15,3.45,0
20240813,1723478400000,3.27,3.41,3.25,3.36,268032,89408000.00000001,0.0,15,3.3,0
20240814,1723564800000,3.3400000000000003,3.37,3.3000000000000003,3.3200000000000003,166611,55578960.0,0.0,15,3.3600000000000003,0
20240815,1723651200000,3.3,3.47,3.27,3.45,488924,166406909.0,0.0,15,3.32,0
20240816,1723737600000,3.4,3.44,3.35,3.36,328948,111634480.0,0.0,15,3.45,0
20240819,1723996800000,3.33,3.6700000000000004,3.3200000000000003,3.5100000000000002,695928,244008235.99999997,0.0,15,3.3600000000000003,0
20240820,1724083200000,3.45,3.5500000000000003,3.39,3.5500000000000003,526665,183441108.0,0.0,15,3.5100000000000002,0
20240821,1724169600000,3.4699999999999998,3.53,3.42,3.4699999999999998,342945,119108957.0,0.0,15,3.55,0
20240822,1724256000000,3.47,3.4800000000000004,3.22,3.24,413554,137782558.0,0.0,15,3.47,0
20240823,1724342400000,3.2399999999999998,3.37,3.17,3.28,292591,95780434.0,0.0,15,3.2399999999999998,0
20240826,1724601600000,3.27,3.27,3.18,3.2,218223,70138683.0,0.0,15,3.2800000000000002,0
20240827,1724688000000,3.1999999999999997,3.2199999999999998,3.11,3.13,190407,60108995.0,0.0,15,3.1999999999999997,0
20240828,1724774400000,3.12,3.18,3.08,3.14,171726,53735016.0,0.0,15,3.13,0
20240829,1724860800000,3.12,3.19,3.1,3.17,135595,42846916.00000001,0.0,15,3.14,0
20240830,1724947200000,3.17,3.29,3.15,3.25,244792,79472730.0,0.0,15,3.17,0
20240902,1725206400000,3.2399999999999998,3.25,3.17,3.1799999999999997,182716,58642704.0,0.0,15,3.25,0
20240903,1725292800000,3.1599999999999997,3.23,3.15,3.23,142488,45680067.0,0.0,15,3.1799999999999997,0
20240904,1725379200000,3.2,3.29,3.16,3.19,195309,62646725.0,0.0,15,3.23,0
20240905,1725465600000,3.5100000000000002,3.5100000000000002,3.5100000000000002,3.5100000000000002,270419,94917135.0,0.0,15,3.1900000000000004,0
20240906,1725552000000,3.79,3.79,3.45,3.46,1255320,460098519.00000006,0.0,15,3.5100000000000002,0
20240909,1725811200000,3.27,3.4600000000000004,3.2600000000000002,3.3800000000000003,696494,234298000.00000003,0.0,15,3.4600000000000004,0
20240910,1725897600000,3.34,3.38,3.27,3.33,475833,157596252.0,0.0,15,3.38,0
20240911,1725984000000,3.32,3.32,3.23,3.25,274463,89654055.0,0.0,15,3.33,0
20240912,1726070400000,3.2600000000000002,3.3400000000000003,3.2600000000000002,3.31,321883,106277467.0,0.0,15,3.2500000000000004,0
20240913,1726156800000,3.2800000000000002,3.3200000000000003,3.22,3.22,265825,86818511.0,0.0,15,3.31,0
20240918,1726588800000,3.21,3.29,3.14,3.24,256359,82130813.0,0.0,15,3.22,0
20240919,1726675200000,3.27,3.36,3.25,3.34,397363,131802331.0,0.0,15,3.24,0
20240920,1726761600000,3.3200000000000003,3.39,3.3200000000000003,3.37,326259,109591765.00000001,0.0,15,3.3400000000000003,0
20240923,1727020800000,3.34,3.42,3.31,3.39,262925,88717395.0,0.0,15,3.37,0
20240924,1727107200000,3.5,3.62,3.36,3.5999999999999996,724036,253824248.0,0.0,15,3.3899999999999997,0
20240925,1727193600000,3.62,3.8200000000000003,3.6,3.68,858092,317897259.0,0.0,15,3.6,0
20240926,1727280000000,3.62,3.84,3.6,3.81,793074,294603903.0,0.0,15,3.68,0
20240927,1727366400000,3.9400000000000004,4.19,3.8200000000000003,4.050000000000001,1402242,567923495.0,0.0,15,3.8100000000000005,0
20240930,1727625600000,4.15,4.44,4.0600000000000005,4.4,1645678,700858769.0,0.0,15,4.050000000000001,0
20241008,1728316800000,4.84,4.84,4.41,4.8,1499546,706109375.0,0.0,15,4.4,0
20241009,1728403200000,4.640000000000001,4.640000000000001,4.32,4.32,798324,353072200.0,0.0,15,4.800000000000001,0
20241010,1728489600000,4.180000000000001,4.32,3.99,4.0600000000000005,728811,299296146.00000006,0.0,15,4.32,0
20241011,1728576000000,4.01,4.28,3.93,4.0,594901,241875621.0,0.0,15,4.0600000000000005,0
20241014,1728835200000,4.01,4.1000000000000005,3.95,4.07,452233,182348290.0,0.0,15,4.0,0
20241015,1728921600000,4.02,4.18,3.98,4.03,450688,184694374.0,0.0,15,4.07,0
20241016,1729008000000,3.96,4.32,3.94,4.18,708048,293771486.00000006,0.0,15,4.03,0
20241017,1729094400000,4.15,4.210000000000001,4.0600000000000005,4.07,559348,231135494.00000003,0.0,15,4.180000000000001,0
20241018,1729180800000,4.04,4.2700000000000005,4.0200000000000005,4.19,611401,253797573.0,0.0,15,4.07,0
20241021,1729440000000,4.17,4.32,4.15,4.25,587721,248857326.0,0.0,15,4.19,0
20241022,1729526400000,4.21,4.24,4.13,4.21,435250,182666372.0,0.0,15,4.25,0
20241023,1729612800000,4.2,4.300000000000001,4.15,4.19,427054,180343309.0,0.0,15,4.21,0
20241024,1729699200000,4.17,4.220000000000001,4.15,4.2,271096,113408436.0,0.0,15,4.19,0
20241025,1729785600000,4.2299999999999995,4.42,4.21,4.37,638506,274765213.0,0.0,15,4.2,0
20241028,1730044800000,4.4,4.48,4.32,4.4,687089,303090193.0,0.0,15,4.37,0
20241029,1730131200000,4.39,4.53,4.38,4.3999999999999995,676090,300948767.00000006,0.0,15,4.3999999999999995,0
20241030,1730217600000,4.41,4.57,4.3500000000000005,4.49,698482,311522277.0,0.0,15,4.4,0
20241031,1730304000000,4.449999999999999,4.84,4.43,4.739999999999999,946416,438799497.0,0.0,15,4.489999999999999,0
20241101,1730390400000,4.65,4.65,4.2700000000000005,4.2700000000000005,894045,393747610.00000006,0.0,15,4.74,0
20241104,1730649600000,4.23,4.37,4.23,4.3500000000000005,394779,170346681.0,0.0,15,4.2700000000000005,0
20241105,1730736000000,4.33,4.53,4.32,4.48,470966,210041237.0,0.0,15,4.3500000000000005,0
20241106,1730822400000,4.5,4.930000000000001,4.48,4.930000000000001,1264685,608643773.0,0.0,15,4.48,0
20241107,1730908800000,5.07,5.3,4.87,5.07,2155942,1085872642.0,0.0,15,4.93,0
20241108,1730995200000,5.16,5.58,5.1000000000000005,5.16,2006798,1078712583.0,0.0,15,5.07,0
20241111,1731254400000,5.25,5.37,5.03,5.28,1437047,751146888.0000001,0.0,15,5.16,0
20241112,1731340800000,5.53,5.81,5.38,5.49,2056719,1160573157.0,0.0,15,5.28,0
20241113,1731427200000,5.2700000000000005,5.2700000000000005,4.94,5.11,1504040,766376993.0,0.0,15,5.49,0
20241114,1731513600000,4.84,4.96,4.78,4.78,991729,479829402.00000006,0.0,15,5.11,0
20241115,1731600000000,4.750000000000001,4.930000000000001,4.5600000000000005,4.58,832233,393843074.0,0.0,15,4.78,0
20241118,1731859200000,4.59,4.66,4.26,4.3,674136,295175771.00000006,0.0,15,4.58,0
20241119,1731945600000,4.300000000000001,4.5200000000000005,4.2700000000000005,4.5200000000000005,570649,249590078.0,0.0,15,4.300000000000001,0
20241120,1732032000000,4.4399999999999995,4.65,4.42,4.61,605703,275697136.0,0.0,15,4.52,0
20241121,1732118400000,4.6000000000000005,4.890000000000001,4.57,4.79,857924,403931699.0,0.0,15,4.61,0
20241122,1732204800000,4.74,5.2700000000000005,4.69,4.800000000000001,1224551,603315354.0000001,0.0,15,4.79,0
20241125,1732464000000,4.750000000000001,4.8500000000000005,4.5600000000000005,4.720000000000001,660537,308353673.0,0.0,15,4.800000000000001,0
20241126,1732550400000,4.680000000000001,4.840000000000001,4.65,4.680000000000001,454603,215318060.0,0.0,15,4.720000000000001,0
20241127,1732636800000,4.63,4.7700000000000005,4.49,4.74,488586,225340885.99999997,0.0,15,4.680000000000001,0
20241128,1732723200000,4.83,5.05,4.79,4.83,777439,381447629.0,0.0,15,4.74,0
20241129,1732809600000,4.8,5.1,4.79,4.98,954393,472633837.00000006,0.0,15,4.83,0
20241202,1733068800000,4.9399999999999995,5.15,4.88,5.13,951092,477639411.0,0.0,15,4.9799999999999995,0
20241203,1733155200000,5.16,5.2,5.04,5.1,739911,377726106.0,0.0,15,5.13,0
20241204,1733241600000,5.03,5.15,4.9,4.94,569748,286225107.00000006,0.0,15,5.1000000000000005,0
20241205,1733328000000,4.93,5.43,4.91,5.43,1481008,793719569.9999999,0.0,15,4.94,0
20241206,1733414400000,5.43,5.97,5.33,5.97,3226767,1845242521.0,0.0,15,5.43,0
20241209,1733673600000,5.52,6.48,5.42,5.8,2913920,1694192307.0,0.0,15,5.97,0
20241210,1733760000000,6.16,6.380000000000001,5.9,6.380000000000001,2759858,1726608496.0,0.0,15,5.800000000000001,0
20241211,1733846400000,5.96,6.930000000000001,5.9,6.630000000000001,3174121,2047972047.9999998,0.0,15,6.380000000000001,0
20241212,1733932800000,6.5,6.85,6.0,6.26,2566221,1626894543.0,0.0,15,6.63,0
20241213,1734019200000,6.0600000000000005,6.1000000000000005,5.78,5.8,1714066,1012508535.0,0.0,15,6.26,0
20241216,1734278400000,5.8100000000000005,6.04,5.7,5.92,1229634,723343894.0,0.0,15,5.8,0
20241217,1734364800000,5.800000000000001,5.8100000000000005,5.44,5.48,972693,542483495.0,0.0,15,5.92,0
20241218,1734451200000,5.56,5.859999999999999,5.47,5.63,939401,529697978.0,0.0,15,5.4799999999999995,0
20241219,1734537600000,5.5,5.65,5.38,5.4799999999999995,768494,420655993.0,0.0,15,5.63,0
20241220,1734624000000,5.51,5.65,5.45,5.61,691050,385401091.0,0.0,15,5.48,0
20241223,1734883200000,5.55,5.56,5.05,5.1,825447,433845272.99999994,0.0,15,5.609999999999999,0
20241224,1734969600000,5.120000000000001,5.19,4.8500000000000005,4.98,596664,295626572.00000006,0.0,15,5.1000000000000005,0
20241225,1735056000000,4.95,4.97,4.63,4.71,678197,320754361.00000006,0.0,15,4.9799999999999995,0
20241226,1735142400000,4.75,4.82,4.71,4.75,396870,189195067.0,0.0,15,4.71,0
20241227,1735228800000,4.75,4.93,4.71,4.82,432345,209549051.0,0.0,15,4.75,0
20241230,1735488000000,4.77,4.8,4.59,4.6499999999999995,441245,205215478.0,0.0,15,4.82,0
20241231,1735574400000,4.640000000000001,4.720000000000001,4.49,4.5,374499,171732204.0,0.0,15,4.65,0
20250102,1735747200000,4.55,4.63,4.43,4.529999999999999,404449,183920501.00000003,0.0,15,4.5,0
20250103,1735833600000,4.54,4.58,4.17,4.2,539418,232329017.00000003,0.0,15,4.53,0
20250106,1736092800000,4.2,4.2,3.96,4.01,428887,173062090.0,0.0,15,4.2,0
20250107,1736179200000,4.41,4.41,4.41,4.41,146834,64753794.0,0.0,15,4.01,0
20250108,1736265600000,4.42,4.65,4.37,4.61,1229807,556158288.0,0.0,15,4.41,0
20250109,1736352000000,4.4799999999999995,4.58,4.46,4.5,658579,297732353.0,0.0,15,4.61,0
20250110,1736438400000,4.51,4.6899999999999995,4.43,4.52,806942,369117750.0,0.0,15,4.5,0
20250113,1736697600000,4.4,4.47,4.21,4.37,608831,263987934.00000003,0.0,15,4.52,0
20250114,1736784000000,4.44,4.8100000000000005,4.44,4.8100000000000005,543436,256737506.0,0.0,15,4.37,0
20250115,1736870400000,4.8500000000000005,5.050000000000001,4.8100000000000005,4.9,1250773,616857903.0,0.0,15,4.8100000000000005,0
20250116,1736956800000,4.89,5.05,4.84,5.02,986503,488873977.0,0.0,15,4.8999999999999995,0
20250117,1737043200000,4.92,5.15,4.88,4.88,724586,360170906.00000006,0.0,15,5.02,0
20250120,1737302400000,5.36,5.37,4.98,5.010000000000001,1076368,553068138.0,0.0,15,4.880000000000001,0
20250121,1737388800000,4.99,5.08,4.76,4.83,757669,368226594.0,0.0,15,5.01,0
20250122,1737475200000,4.79,4.819999999999999,4.68,4.72,416112,196916284.0,0.0,15,4.83,0
20250123,1737561600000,4.8,4.9399999999999995,4.68,4.68,584083,281536071.0,0.0,15,4.72,0
20250124,1737648000000,4.68,4.78,4.58,4.7700000000000005,426759,200357676.0,0.0,15,4.68,0
20250127,1737907200000,4.7700000000000005,4.82,4.58,4.58,335427,156850741.0,0.0,15,4.7700000000000005,0
20250205,1738684800000,4.61,4.74,4.61,4.71,376594,177046261.0,0.0,15,4.58,0
20250206,1738771200000,4.71,4.88,4.68,4.87,438325,210834221.0,0.0,15,4.71,0
20250207,1738857600000,4.859999999999999,5.02,4.84,4.93,660951,326512068.0,0.0,15,4.87,0
20250210,1739116800000,4.91,5.0600000000000005,4.91,5.0600000000000005,551887,276440370.0,0.0,15,4.93,0
20250211,1739203200000,5.04,5.04,4.95,5.0,418295,208695003.99999997,0.0,15,5.0600000000000005,0
20250212,1739289600000,4.989999999999999,5.05,4.97,5.05,411335,206138874.00000003,0.0,15,5.0,0
20250213,1739376000000,5.02,5.22,4.92,5.07,794823,401641946.0,0.0,15,5.05,0
20250214,1739462400000,5.01,5.1899999999999995,4.93,5.109999999999999,734493,372027316.0,0.0,15,5.069999999999999,0
20250217,1739721600000,5.09,5.24,5.07,5.19,670341,345831039.0,0.0,15,5.11,0
20250218,1739808000000,5.16,5.210000000000001,4.94,4.95,573640,290940978.00000006,0.0,15,5.19,0
20250219,1739894400000,4.9399999999999995,5.0,4.92,4.99,341139,169501474.0,0.0,15,4.95,0
20250220,1739980800000,4.97,5.09,4.95,5.05,459454,230861565.0,0.0,15,4.99,0
20250221,1740067200000,5.05,5.08,4.96,5.08,471535,237380874.00000003,0.0,15,5.05,0
20250224,1740326400000,5.06,5.12,5.0,5.05,404229,204297597.0,0.0,15,5.08,0
20250225,1740412800000,5.0200000000000005,5.1000000000000005,4.94,5.010000000000001,364320,183479135.0,0.0,15,5.050000000000001,0
20250226,1740499200000,5.04,5.07,4.96,5.05,351409,176227108.0,0.0,15,5.01,0
20250227,1740585600000,5.03,5.15,4.94,5.03,569269,286788661.00000006,0.0,15,5.050000000000001,0
20250228,1740672000000,5.01,5.01,4.67,4.7,503786,243968757.0,0.0,15,5.03,0
20250303,1740931200000,4.9,5.01,4.75,4.85,639712,311560020.0,0.0,15,4.7,0
20250304,1741017600000,4.75,4.87,4.71,4.86,392054,188131964.0,0.0,15,4.85,0
20250305,1741104000000,4.83,5.0600000000000005,4.73,4.970000000000001,638293,312979552.0,0.0,15,4.86,0
20250306,1741190400000,4.97,5.18,4.97,5.1499999999999995,931285,475993001.0,0.0,15,4.97,0
20250307,1741276800000,5.09,5.140000000000001,4.95,4.98,604129,304860701.0,0.0,15,5.15,0
20250310,1741536000000,4.95,5.0,4.84,4.88,360331,176258292.0,0.0,15,4.9799999999999995,0
20250311,1741622400000,4.83,4.88,4.78,4.86,305848,147695374.0,0.0,15,4.88,0
20250312,1741708800000,4.87,4.96,4.87,4.9,302882,149107151.0,0.0,15,4.86,0
20250313,1741795200000,4.9,4.9,4.71,4.79,339978,162485884.00000003,0.0,15,4.9,0
20250314,1741881600000,4.75,5.0,4.75,4.99,575628,283538873.0,0.0,15,4.79,0
20250317,1742140800000,4.96,5.06,4.92,4.99,391749,195569548.0,0.0,15,4.99,0
20250318,1742227200000,4.99,5.03,4.94,4.99,253565,126158689.00000001,0.0,15,4.99,0
20250319,1742313600000,4.96,4.98,4.86,4.890000000000001,290812,142895484.0,0.0,15,4.99,0
20250320,1742400000000,4.89,4.92,4.84,4.85,210825,102860416.0,0.0,15,4.89,0
20250321,1742486400000,4.8500000000000005,4.87,4.73,4.75,289099,138237336.0,0.0,15,4.8500000000000005,0
20250324,1742745600000,4.72,4.74,4.42,4.53,415113,189368606.0,0.0,15,4.75,0
20250325,1742832000000,4.55,4.55,4.43,4.489999999999999,204616,91705255.00000001,0.0,15,4.529999999999999,0
20250326,1742918400000,4.47,4.56,4.46,4.53,159294,72267911.0,0.0,15,4.49,0
20250327,1743004800000,4.51,4.59,4.46,4.54,187031,84771892.0,0.0,15,4.53,0
20250328,1743091200000,4.53,4.550000000000001,4.44,4.44,168865,75720682.0,0.0,15,4.54,0
20250331,1743350400000,4.41,4.42,4.25,4.36,229630,99400725.00000001,0.0,15,4.44,0
20250401,1743436800000,4.38,4.45,4.36,4.390000000000001,149382,65895033.99999999,0.0,15,4.36,0
20250402,1743523200000,4.4,4.430000000000001,4.36,4.38,113496,49938604.0,0.0,15,4.390000000000001,0
20250403,1743609600000,4.32,4.430000000000001,4.3100000000000005,4.390000000000001,130507,57218187.0,0.0,15,4.380000000000001,0
20250407,1743955200000,4.180000000000001,4.180000000000001,3.95,3.95,244810,97756341.0,0.0,15,4.390000000000001,0
20250408,1744041600000,3.81,3.9699999999999998,3.67,3.79,325146,123749006.0,0.0,15,3.95,0
20250409,1744128000000,3.67,4.13,3.46,3.94,411948,156528760.00000003,0.0,15,3.79,0
20250410,1744214400000,3.96,4.33,3.96,4.33,401109,169806792.0,0.0,15,3.94,0
20250411,1744300800000,4.25,4.42,4.22,4.239999999999999,621274,267496280.0,0.0,15,4.33,0
20250414,1744560000000,4.300000000000001,4.380000000000001,4.2700000000000005,4.32,369021,159690314.0,0.0,15,4.24,0
20250415,1744646400000,4.319999999999999,4.37,4.26,4.3,185564,79637201.00000001,0.0,15,4.319999999999999,0
20250416,1744732800000,4.26,4.29,4.13,4.26,233296,98635816.0,0.0,15,4.3,0
20250417,1744819200000,4.25,4.31,4.22,4.25,183467,78473147.00000001,0.0,15,4.26,0
20250418,1744905600000,4.22,4.68,4.22,4.68,695647,323093134.00000006,0.0,15,4.25,0
20250421,1745164800000,4.529999999999999,5.1499999999999995,4.51,4.9399999999999995,2042603,1008355838.9999999,0.0,15,4.68,0
20250422,1745251200000,4.8100000000000005,5.03,4.7,4.73,1505064,726079736.0,0.0,15,4.94,0
20250423,1745337600000,4.77,4.91,4.68,4.76,1003864,479770467.0,0.0,15,4.7299999999999995,0
20250424,1745424000000,4.720000000000001,4.760000000000001,4.5600000000000005,4.590000000000001,630243,291329389.0,0.0,15,4.760000000000001,0
20250425,1745510400000,4.61,4.73,4.58,4.64,616811,287506818.00000006,0.0,15,4.59,0
20250428,1745769600000,4.640000000000001,4.7,4.45,4.48,497658,224923147.0,0.0,15,4.640000000000001,0
20250429,1745856000000,4.45,4.54,4.38,4.49,306721,137775199.0,0.0,15,4.4799999999999995,0
20250430,1745942400000,4.49,4.59,4.49,4.49,307917,139742189.0,0.0,15,4.49,0
20250506,1746460800000,4.55,4.64,4.55,4.64,361276,166282881.0,0.0,15,4.49,0
20250507,1746547200000,4.720000000000001,4.79,4.61,4.67,435096,203640821.0,0.0,15,4.640000000000001,0
20250508,1746633600000,4.64,4.72,4.64,4.71,342092,160555409.0,0.0,15,4.67,0
20250509,1746720000000,4.78,4.79,4.61,4.62,287361,133712714.00000001,0.0,15,4.71,0
20250512,1746979200000,4.67,4.72,4.59,4.72,313541,146456774.0,0.0,15,4.62,0
20250513,1747065600000,4.75,4.7700000000000005,4.66,4.68,247393,116417796.0,0.0,15,4.72,0
20250514,1747152000000,4.65,4.79,4.61,4.74,415597,195770541.00000003,0.0,15,4.680000000000001,0
20250515,1747238400000,4.720000000000001,4.750000000000001,4.6000000000000005,4.61,283369,131790571.0,0.0,15,4.74,0
20250516,1747324800000,4.62,4.640000000000001,4.57,4.58,193967,89331470.00000001,0.0,15,4.61,0
20250519,1747584000000,4.6000000000000005,4.73,4.57,4.720000000000001,361591,169019256.0,0.0,15,4.58,0
20250520,1747670400000,4.72,4.79,4.66,4.78,378862,179868704.0,0.0,15,4.72,0
20250521,1747756800000,4.77,4.8,4.71,4.77,276534,131367934.0,0.0,15,4.78,0
20250522,1747843200000,4.83,5.25,4.78,4.95,1396508,696725500.0,0.0,15,4.7700000000000005,0
20250523,1747929600000,4.93,5.1,4.67,4.68,964355,468416781.00000006,0.0,15,4.95,0
20250526,1748188800000,4.65,4.86,4.6000000000000005,4.7700000000000005,598083,281961161.0,0.0,15,4.680000000000001,0
20250527,1748275200000,4.75,4.84,4.67,4.76,444183,210478492.0,0.0,15,4.77,0
20250528,1748361600000,4.76,5.24,4.7,5.24,1457564,747852523.0,0.0,15,4.76,0
20250529,1748448000000,5.44,5.760000000000001,5.36,5.760000000000001,1948215,1079709957.0,0.0,15,5.24,0
20250530,1748534400000,6.34,6.34,6.34,6.34,218682,138644426.0,0.0,15,5.76,0
20250603,1748880000000,6.97,6.97,6.97,6.97,101856,70993652.0,0.0,15,6.34,0
20250604,1748966400000,7.32,7.670000000000001,7.23,7.670000000000001,4598101,3470846606.0,0.0,15,6.970000000000001,0
20250605,1749052800000,7.36,8.44,7.2,8.11,4232767,3362892737.0,0.0,15,7.67,0
20250606,1749139200000,8.22,8.84,7.78,7.8500000000000005,4111158,3414892621.0000005,0.0,15,8.11,0
20250609,1749398400000,7.86,8.33,7.42,8.22,4032898,3180195706.0,0.0,15,7.85,0
20250610,1749484800000,7.8,8.17,7.51,7.7299999999999995,3380243,2657987707.0,0.0,15,8.219999999999999,0
20250611,1749571200000,7.630000000000001,7.91,7.36,7.5,2640899,2012514346.0,0.0,15,7.73,0
20250612,1749657600000,7.18,7.59,7.04,7.18,2461676,1789304143.0000002,0.0,15,7.5,0
20250613,1749744000000,7.2,7.25,6.55,6.62,2337468,1583868516.0,0.0,15,7.18,0
20250616,1750003200000,6.69,7.2700000000000005,6.69,7.1000000000000005,2845780,1991030423.0,0.0,15,6.62,0
20250617,1750089600000,7.32,7.6899999999999995,7.21,7.36,2841761,2109258561.0,0.0,15,7.1,0
20250618,1750176000000,7.37,7.75,7.11,7.550000000000001,3181262,2358101694.0,0.0,15,7.36,0
20250619,1750262400000,7.319999999999999,7.59,6.97,6.97,2079421,1496095976.0,0.0,15,7.55,0
20250620,1750348800000,6.84,6.9,6.37,6.53,1767926,1159649330.0,0.0,15,6.97,0
20250623,1750608000000,6.45,7.01,6.42,6.95,1690818,1152424653.0,0.0,15,6.53,0
20250624,1750694400000,6.95,7.25,6.87,7.13,1847488,1302866540.0,0.0,15,6.95,0
20250625,1750780800000,7.07,7.840000000000001,6.9,7.57,3047679,2281324604.0,0.0,15,7.130000000000001,0
20250626,1750867200000,7.3,7.86,7.2,7.62,2954515,2231910184.0,0.0,15,7.57,0
20250627,1750953600000,7.73,7.95,7.5,7.53,2508931,1939459828.0000002,0.0,15,7.62,0
20250630,1751212800000,7.68,8.28,7.58,8.06,3376547,2688454934.0,0.0,15,7.53,0
20250701,1751299200000,7.85,8.61,7.71,7.77,3107708,2506683142.0,0.0,15,8.06,0
20250702,1751385600000,7.55,8.55,7.45,8.24,3947694,3301116821.0000005,0.0,15,7.7700000000000005,0
20250703,1751472000000,7.5,7.87,7.42,7.43,3365798,2515696173.0000005,0.0,15,8.24,0
20250704,1751558400000,7.1899999999999995,7.41,6.92,7.11,2087679,1488754002.0,0.0,15,7.43,0
20250707,1751817600000,6.890000000000001,7.3500000000000005,6.890000000000001,7.300000000000001,1756257,1265321890.0,0.0,15,7.11,0
20250708,1751904000000,7.23,7.45,7.140000000000001,7.32,1726578,1253958176.0,0.0,15,7.300000000000001,0
20250709,1751990400000,7.29,7.29,7.08,7.14,1167924,835815264.0,0.0,15,7.32,0
20250710,1752076800000,7.11,7.17,6.92,6.95,1150948,806994683.0,0.0,15,7.14,0
20250711,1752163200000,6.949999999999999,7.1499999999999995,6.93,7.1,1236906,875566105.9999999,0.0,15,6.949999999999999,0
20250714,1752422400000,7.05,7.05,6.83,6.94,985572,678733901.0,0.0,15,7.1,0
20250715,1752508800000,6.930000000000001,6.94,6.7,6.8,705352,479259257.0,0.0,15,6.94,0
20250716,1752595200000,6.739999999999999,6.8,6.68,6.77,554045,373628253.0,0.0,15,6.8,0
20250717,1752681600000,6.79,6.92,6.76,6.83,609940,417387555.00000006,0.0,15,6.77,0
20250718,1752768000000,6.82,6.920000000000001,6.69,6.720000000000001,644458,436275622.0,0.0,15,6.83,0
20250721,1753027200000,6.720000000000001,6.7700000000000005,6.65,6.720000000000001,422716,283485857.0,0.0,15,6.720000000000001,0
20250722,1753113600000,6.7,6.74,6.51,6.569999999999999,717398,472441599.00000006,0.0,15,6.72,0
20250723,1753200000000,6.529999999999999,6.56,6.43,6.47,486441,315556567.0,0.0,15,6.569999999999999,0
20250724,1753286400000,6.4799999999999995,6.609999999999999,6.47,6.609999999999999,514236,337039723.0,0.0,15,6.47,0
20250725,1753372800000,6.62,6.65,6.5200000000000005,6.5600000000000005,410958,270026899.0,0.0,15,6.61,0
20250728,1753632000000,6.57,6.69,6.57,6.680000000000001,583083,388125991.0,0.0,15,6.5600000000000005,0
20250729,1753718400000,6.63,6.76,6.47,6.6899999999999995,700848,462342279.0,0.0,15,6.68,0
20250730,1753804800000,6.67,6.74,6.42,6.4799999999999995,648241,423284858.0,0.0,15,6.6899999999999995,0
20250731,1753891200000,6.44,6.54,6.33,6.35,454397,291515342.0,0.0,15,6.48,0
20250801,1753977600000,6.35,6.38,6.26,6.359999999999999,331086,209169687.0,0.0,15,6.35,0
20250804,1754236800000,6.3,6.38,6.25,6.38,239217,151310391.0,0.0,15,6.36,0
20250805,1754323200000,6.38,6.46,6.36,6.46,315529,202587997.0,0.0,15,6.38,0
20250806,1754409600000,6.46,6.5,6.4,6.430000000000001,303206,195314913.0,0.0,15,6.46,0
20250807,1754496000000,6.43,6.5,6.34,6.41,405026,259029281.00000003,0.0,15,6.43,0
20250808,1754582400000,6.420000000000001,6.500000000000001,6.3500000000000005,6.41,549414,353795690.0,0.0,15,6.41,0
20250811,1754841600000,6.38,6.5,6.36,6.470000000000001,494421,319130296.0,0.0,15,6.41,0
20250812,1754928000000,6.49,6.670000000000001,6.48,6.61,740275,487270075.0,0.0,15,6.470000000000001,0
20250813,1755014400000,6.6,6.64,6.47,6.569999999999999,705042,460734626.0,0.0,15,6.609999999999999,0
20250814,1755100800000,6.56,6.93,6.54,6.88,1893057,1285935503.0,0.0,15,6.57,0
20250815,1755187200000,6.800000000000001,6.95,6.57,6.84,1340000,904594461.0,0.0,15,6.88,0
20250818,1755446400000,6.7700000000000005,6.94,6.7,6.83,1059240,720884950.0,0.0,15,6.84,0
20250819,1755532800000,7.01,7.51,7.01,7.51,2189244,1630816718.0,0.0,15,6.83,0
20250820,1755619200000,7.51,8.26,7.41,8.26,2363919,1864079548.9999998,0.0,15,7.51,0
20250821,1755705600000,9.09,9.09,9.09,9.09,243023,220907652.0,0.0,15,8.26,0
20250822,1755792000000,9.44,10.0,9.35,10.0,2350844,2312397160.0,0.0,15,9.09,0
20250825,1756051200000,10.120000000000001,10.4,9.4,9.57,4007675,3931387310.0,0.0,15,10.0,0
20250826,1756137600000,9.58,9.95,8.94,9.33,3144351,2968561763.0,0.0,15,9.57,0
20250827,1756224000000,9.15,9.46,8.4,8.41,2931250,2597038376.0,0.0,15,9.33,0
20250828,1756310400000,8.31,8.49,8.0,8.33,1796187,1480128614.0,0.0,15,8.41,0
20250829,1756396800000,8.39,8.57,8.22,8.270000000000001,1333829,1119572115.0,0.0,15,8.33,0
20250901,1756656000000,8.25,8.65,8.21,8.5,1554344,1320455139.0,0.0,15,8.270000000000001,0
20250902,1756742400000,8.4,8.48,7.95,8.01,1295101,1053128693.0,0.0,15,8.5,0
20250903,1756828800000,8.129999999999999,8.129999999999999,7.72,7.75,696068,547751143.0000001,0.0,15,8.01,0
20250904,1756915200000,7.79,7.87,7.46,7.61,696726,538179264.0,0.0,15,7.75,0
20250905,1757001600000,7.62,7.73,7.4,7.73,596625,453122073.0,0.0,15,7.61,0
20250908,1757260800000,7.74,8.01,7.69,7.920000000000001,844597,664863792.0,0.0,15,7.73,0
20250909,1757347200000,7.9,7.91,7.66,7.73,620528,481851134.0,0.0,15,7.92,0
20250910,1757433600000,7.71,7.8500000000000005,7.7,7.8,510907,396935695.0,0.0,15,7.73,0
20250911,1757520000000,7.78,8.01,7.58,7.98,834725,651442244.0,0.0,15,7.8,0
20250912,1757606400000,7.95,8.1,7.88,7.88,842311,672759843.0000001,0.0,15,7.9799999999999995,0
20250915,1757865600000,7.86,7.94,7.75,7.8,487991,381538684.0,0.0,15,7.88,0
20250916,1757952000000,7.7700000000000005,8.09,7.7,8.08,815629,648370738.0,0.0,15,7.8,0
20250917,1758038400000,8.01,8.2,7.88,8.11,891588,720026193.0000001,0.0,15,8.08,0
20250918,1758124800000,8.1,8.1,7.7,7.7700000000000005,892855,703254362.0000001,0.0,15,8.11,0
20250919,1758211200000,7.75,7.79,7.58,7.63,504830,386456617.0,0.0,15,7.7700000000000005,0
20250922,1758470400000,7.65,7.73,7.5600000000000005,7.69,341111,260209946.0,0.0,15,7.630000000000001,0
20250923,1758556800000,7.630000000000001,7.640000000000001,7.23,7.41,527581,389050434.00000006,0.0,15,7.69,0
20250924,1758643200000,7.380000000000001,7.470000000000001,7.2700000000000005,7.470000000000001,327019,241909620.0,0.0,15,7.41,0
20250925,1758729600000,7.48,7.57,7.4,7.41,320698,239570526.0,0.0,15,7.470000000000001,0
20250926,1758816000000,7.4,7.75,7.4,7.45,627119,476769285.00000006,0.0,15,7.41,0
20250929,1759075200000,7.3500000000000005,7.540000000000001,7.140000000000001,7.44,506342,370851165.0,0.0,15,7.45,0
20250930,1759161600000,7.44,7.500000000000001,7.390000000000001,7.45,355704,265187743.0,0.0,15,7.44,0
20251009,1759939200000,7.47,7.66,7.45,7.58,383959,290242540.00000006,0.0,15,7.45,0
20251010,1760025600000,7.55,7.67,7.47,7.62,430046,326180475.0,0.0,15,7.58,0
20251013,1760284800000,7.26,7.57,7.09,7.56,398292,294878343.0,0.0,15,7.62,0
20251014,1760371200000,7.550000000000001,7.99,7.5200000000000005,7.930000000000001,1205022,942777088.0,0.0,15,7.5600000000000005,0
20251015,1760457600000,7.86,8.35,7.79,8.19,1561227,1275623039.0000002,0.0,15,7.93,0
20251016,1760544000000,8.01,8.05,7.74,7.7700000000000005,875443,688719965.0,0.0,15,8.19,0
20251017,1760630400000,7.739999999999999,8.5,7.68,8.2,1538254,1251184147.0,0.0,15,7.77,0
20251020,1760889600000,8.01,8.38,7.96,8.07,1123693,913109282.0000001,0.0,15,8.2,0
20251021,1760976000000,8.040000000000001,8.18,7.8500000000000005,8.16,859033,687305929.0,0.0,15,8.07,0
20251022,1761062400000,8.06,8.299999999999999,7.97,7.97,789024,640858726.0,0.0,15,8.16,0
20251023,1761148800000,7.87,7.96,7.18,7.3999999999999995,1050827,784720241.0,0.0,15,7.97,0
20251024,1761235200000,7.36,7.59,7.28,7.29,614304,454415776.0,0.0,15,7.4,0
20251027,1761494400000,7.37,7.79,7.37,7.46,627924,473147672.0,0.0,15,7.29,0
20251028,1761580800000,7.390000000000001,7.48,7.3100000000000005,7.37,442859,326753726.0,0.0,15,7.460000000000001,0
20251029,1761667200000,7.32,7.37,7.25,7.36,353932,258437914.0,0.0,15,7.37,0
20251030,1761753600000,7.3100000000000005,7.32,7.15,7.15,406902,292568182.0,0.0,15,7.36,0
20251031,1761840000000,7.13,7.2,7.12,7.19,270043,193750367.0,0.0,15,7.15,0
20251103,1762099200000,7.180000000000001,7.3100000000000005,7.140000000000001,7.300000000000001,281072,203451579.00000003,0.0,15,7.19,0
20251104,1762185600000,7.26,7.29,7.18,7.27,241287,174411374.99999997,0.0,15,7.3,0
20251105,1762272000000,7.21,7.33,7.19,7.3100000000000005,272065,198404253.0,0.0,15,7.2700000000000005,0
20251106,1762358400000,7.3,7.31,7.18,7.22,271895,196147204.00000003,0.0,15,7.31,0
20251107,1762444800000,7.2,7.2,7.13,7.14,219910,157315029.0,0.0,15,7.22,0
20251110,1762704000000,7.15,7.210000000000001,7.140000000000001,7.210000000000001,181003,129799237.0,0.0,15,7.140000000000001,0
20251111,1762790400000,7.2,7.25,7.16,7.18,193752,139500285.0,0.0,15,7.21,0
20251112,1762876800000,7.17,7.17,7.0,7.04,306879,217033177.0,0.0,15,7.18,0
20251113,1762963200000,7.04,7.09,6.97,7.08,206121,145029719.0,0.0,15,7.04,0
20251114,1763049600000,7.07,7.15,7.04,7.09,183952,130904277.0,0.0,15,7.08,0
20251117,1763308800000,7.0600000000000005,7.170000000000001,7.0200000000000005,7.170000000000001,195489,139327620.0,0.0,15,7.090000000000001,0
20251118,1763395200000,7.15,7.18,7.08,7.12,169910,120863656.0,0.0,15,7.17,0
20251119,1763481600000,7.1000000000000005,7.12,6.91,6.97,244416,170897053.99999997,0.0,15,7.12,0
20251120,1763568000000,6.96,7.03,6.9,6.91,158867,110269777.0,0.0,15,6.970000000000001,0
20251121,1763654400000,6.86,6.91,6.57,6.57,309384,207211035.0,0.0,15,6.91,0
20251124,1763913600000,6.62,6.84,6.59,6.8,271090,182233788.00000003,0.0,15,6.57,0
20251125,1764000000000,6.8,6.92,6.8,6.88,184301,126713266.0,0.0,15,6.8,0
20251126,1764086400000,6.87,6.91,6.74,6.76,171846,117239095.0,0.0,15,6.88,0
20251127,1764172800000,6.760000000000001,6.79,6.69,6.69,146982,99106067.0,0.0,15,6.760000000000001,0
20251128,1764259200000,6.66,6.75,6.62,6.74,147362,98670616.00000001,0.0,15,6.69,0
20251201,1764518400000,6.72,6.779999999999999,6.72,6.75,134351,90670958.0,0.0,15,6.739999999999999,0
20251202,1764604800000,6.73,6.73,6.640000000000001,6.7,135852,90862792.99999999,0.0,15,6.750000000000001,0
20251203,1764691200000,6.6899999999999995,6.71,6.51,6.54,228401,150199025.0,0.0,15,6.7,0
20251204,1764777600000,6.54,6.55,6.38,6.43,165690,106828599.0,0.0,15,6.54,0
20251205,1764864000000,6.42,6.64,6.38,6.62,240448,157360762.0,0.0,15,6.43,0
20251208,1765123200000,6.65,6.790000000000001,6.640000000000001,6.720000000000001,224203,150891760.0,0.0,15,6.620000000000001,0
20251209,1765209600000,6.68,6.7700000000000005,6.62,6.63,148841,99255695.0,0.0,15,6.72,0
20251210,1765296000000,6.61,6.87,6.5600000000000005,6.720000000000001,271860,182518068.0,0.0,15,6.630000000000001,0
20251211,1765382400000,6.710000000000001,6.710000000000001,6.5200000000000005,6.53,196158,129055246.0,0.0,15,6.720000000000001,0
20251212,1765468800000,6.5200000000000005,6.62,6.48,6.53,136413,89519265.0,0.0,15,6.53,0
20251215,1765728000000,6.57,6.8500000000000005,6.5200000000000005,6.66,386500,259714683.0,0.0,15,6.53,0
20251216,1765814400000,6.62,7.24,6.6000000000000005,7.08,1099465,769410190.0,0.0,15,6.66,0
20251217,1765900800000,6.83,7.0200000000000005,6.7,6.92,705216,480851566.99999994,0.0,15,7.08,0
20251218,1765987200000,6.83,7.0,6.83,6.85,437660,303406595.0,0.0,15,6.92,0
20251219,1766073600000,6.85,7.09,6.76,7.029999999999999,577129,402714062.0,0.0,15,6.85,0
20251222,1766332800000,7.04,7.11,6.99,7.01,404841,285006781.0,0.0,15,7.03,0
20251223,1766419200000,6.95,6.9799999999999995,6.76,6.79,387992,264779687.00000003,0.0,15,7.01,0
20251224,1766505600000,6.76,6.97,6.72,6.89,286248,196916882.0,0.0,15,6.79,0
20251225,1766592000000,6.95,7.11,6.91,7.05,484948,340950694.0,0.0,15,6.890000000000001,0
20251226,1766678400000,7.0,7.16,6.96,7.06,504610,356616495.00000006,0.0,15,7.05,0
20251229,1766937600000,7.0200000000000005,7.7700000000000005,6.95,7.7700000000000005,1799926,1373134756.0,0.0,15,7.0600000000000005,0
20251230,1767024000000,8.55,8.55,8.16,8.55,1488431,1267890064.0,0.0,15,7.7700000000000005,0
20251231,1767110400000,8.399999999999999,9.41,8.36,9.41,3846222,3441448156.0000005,0.0,15,8.549999999999999,0
20260105,1767542400000,8.9,9.3,8.47,8.620000000000001,3412423,2971449750.0000005,0.0,15,9.41,0
20260106,1767628800000,8.350000000000001,9.48,8.21,9.48,3220187,2875147631.0,0.0,15,8.620000000000001,0
20260107,1767715200000,9.01,9.35,8.85,8.9,2648707,2399719922.0,0.0,15,9.48,0
20260108,1767801600000,8.91,9.049999999999999,8.68,8.75,1849594,1625494446.9999998,0.0,15,8.9,0
20260109,1767888000000,8.66,9.63,8.65,9.36,3083157,2866203757.0,0.0,15,8.75,0
20260112,1768147200000,9.15,10.3,9.05,9.92,3087117,2994669997.0000005,0.0,15,9.360000000000001,0
20260113,1768233600000,9.84,9.89,9.13,9.14,2158901,2033535584.0000002,0.0,15,9.920000000000002,0
20260114,1768320000000,9.17,9.88,8.88,9.100000000000001,2267085,2119702533.0,0.0,15,9.14,0
20260115,1768406400000,8.86,8.9,8.32,8.48,1536133,1312401922.0,0.0,15,9.1,0
20260116,1768492800000,8.540000000000001,8.63,8.14,8.32,962522,800893460.0,0.0,15,8.48,0
20260119,1768752000000,8.190000000000001,8.280000000000001,8.040000000000001,8.22,688003,562242814.0,0.0,15,8.32,0
20260120,1768838400000,8.21,8.3,7.87,7.94,811374,649574862.0,0.0,15,8.22,0
20260121,1768924800000,7.83,8.03,7.76,7.93,529914,419870054.00000006,0.0,15,7.9399999999999995,0
20260122,1769011200000,8.020000000000001,8.110000000000001,7.930000000000001,8.030000000000001,505963,405414817.0,0.0,15,7.930000000000001,0
20260123,1769097600000,8.02,8.200000000000001,7.94,8.14,696410,564462288.0000001,0.0,15,8.030000000000001,0
20260126,1769356800000,8.11,8.12,7.76,7.8999999999999995,676298,534667750.00000006,0.0,15,8.14,0
20260127,1769443200000,7.86,7.890000000000001,7.5600000000000005,7.710000000000001,568858,436135078.0,0.0,15,7.9,0
20260128,1769529600000,7.71,7.84,7.67,7.68,376829,291191654.0,0.0,15,7.71,0
20260129,1769616000000,7.6000000000000005,7.79,7.49,7.65,422529,324931250.0,0.0,15,7.680000000000001,0
20260130,1769702400000,7.65,7.66,7.4,7.48,409679,307155365.0,0.0,15,7.65,0
20260202,1769961600000,7.43,7.62,7.41,7.43,309766,232961341.99999997,0.0,15,7.48,0
20260203,1770048000000,7.680000000000001,7.82,7.53,7.82,658758,506828034.0,0.0,15,7.430000000000001,0
20260204,1770134400000,7.72,7.949999999999999,7.68,7.8999999999999995,594365,467664140.00000006,0.0,15,7.819999999999999,0
20260205,1770220800000,7.82,7.98,7.7700000000000005,7.930000000000001,477133,376464877.0,0.0,15,7.9,0
20260206,1770307200000,7.86,8.360000000000001,7.8100000000000005,8.15,1024061,832811532.0000001,0.0,15,7.930000000000001,0
20260209,1770566400000,8.200000000000001,8.39,8.120000000000001,8.260000000000002,767154,633456218.0,0.0,15,8.15,0
20260210,1770652800000,8.190000000000001,8.55,8.120000000000001,8.15,824704,685359358.0000001,0.0,15,8.260000000000002,0
20260211,1770739200000,8.069999999999999,8.969999999999999,8.03,8.719999999999999,2108905,1825266139.0,0.0,15,8.149999999999999,0
20260212,1770825600000,8.5,8.53,8.24,8.33,1295411,1082530719.0000002,0.0,15,8.72,0
20260213,1770912000000,8.45,8.75,8.45,8.489999999999998,1201046,1031931017.0000001,0.0,15,8.33,0
20260224,1771862400000,8.66,8.75,8.45,8.45,887295,759426819.0000001,0.0,15,8.489999999999998,0
20260225,1771948800000,8.45,9.299999999999999,8.43,8.95,2309503,2085663399.0,0.0,15,8.45,0
20260226,1772035200000,9.37,9.5,8.77,8.809999999999999,1721675,1554482250.0,0.0,15,8.95,0
20260227,1772121600000,8.89,9.690000000000001,8.89,9.690000000000001,1838494,1762929531.0,0.0,15,8.81,0
20260302,1772380800000,9.41,9.64,9.08,9.28,2041970,1898801705.0,0.0,15,9.69,0
20260303,1772467200000,9.37,9.7,9.01,9.03,1784022,1675316596.0000002,0.0,15,9.28,0
20260304,1772553600000,8.770000000000001,9.180000000000001,8.71,8.860000000000001,1153962,1030083060.0000001,0.0,15,9.030000000000001,0
20260305,1772640000000,9.120000000000001,9.440000000000001,8.8,8.89,1215674,1102407346.0,0.0,15,8.860000000000001,0
20260306,1772726400000,8.7,9.16,8.66,8.75,1295205,1146170881.0,0.0,15,8.89,0
20260309,1772985600000,8.45,8.52,8.0,8.35,1298411,1067035918.0000001,0.0,15,8.75,0
20260310,1773072000000,8.51,8.610000000000001,8.22,8.41,932731,782787452.9999999,0.0,15,8.350000000000001,0
20260311,1773158400000,8.51,9.25,8.45,9.25,1970660,1777425320.0,0.0,15,8.41,0
20260312,1773244800000,9.2,9.82,9.1,9.65,2771582,2635916445.0,0.0,15,9.25,0
20260313,1773331200000,9.65,9.65,9.040000000000001,9.07,1610560,1482237550.0,0.0,15,9.65,0
20260316,1773590400000,9.67,9.73,9.09,9.25,1685274,1566562274.0,0.0,15,9.07,0
20260317,1773676800000,9.05,9.190000000000001,8.71,8.950000000000001,1228493,1100858431.0,0.0,15,9.25,0
20260318,1773763200000,8.790000000000001,8.860000000000001,8.56,8.780000000000001,940401,818262868.0,0.0,15,8.950000000000001,0
20260319,1773849600000,8.530000000000001,9.0,8.4,8.5,975292,838848229.0,0.0,15,8.780000000000001,0
20260320,1773936000000,8.49,8.530000000000001,7.73,7.75,1166707,940113303.9999999,0.0,15,8.5,0
20260323,1774195200000,7.37,7.69,7.25,7.4,790703,592555571.9999999,0.0,15,7.75,0
20260324,1774281600000,7.57,7.7,7.37,7.7,726879,547665023.0,0.0,15,7.4,0
20260325,1774368000000,7.67,7.92,7.65,7.79,626333,487681480.0,0.0,15,7.7,0
20260326,1774454400000,7.720000000000001,7.74,7.36,7.390000000000001,633056,474954736.0,0.0,15,7.79,0
20260327,1774540800000,7.300000000000001,7.720000000000001,7.23,7.66,597942,452479760.0,0.0,15,7.390000000000001,0
20260330,1774800000000,7.55,7.65,7.37,7.6000000000000005,447565,336237849.00000006,0.0,15,7.66,0
20260331,1774886400000,7.6000000000000005,7.640000000000001,7.3500000000000005,7.3500000000000005,442186,331201164.99999994,0.0,15,7.6000000000000005,0
20260401,1774972800000,7.51,7.64,7.46,7.51,444313,334303605.0,0.0,15,7.35,0
20260402,1775059200000,7.5200000000000005,7.53,7.16,7.21,474517,346282563.0,0.0,15,7.51,0
20260403,1775145600000,7.6,7.779999999999999,7.26,7.26,796004,593826745.0,0.0,15,7.21,0
20260407,1775491200000,7.24,7.57,7.24,7.42,666283,495421622.0,0.0,15,7.26,0
20260408,1775577600000,7.44,7.66,7.4,7.65,840640,635411871.0,0.0,15,7.42,0
20260409,1775664000000,7.51,7.55,7.38,7.42,541853,402892762.0,0.0,15,7.65,0
20260410,1775750400000,7.47,8.16,7.42,8.16,1510787,1198983875.0,0.0,15,7.42,0
20260413,1776009600000,8.0,8.25,7.91,8.02,1546936,1248769548.0,0.0,15,8.16,0
20260414,1776096000000,8.14,8.15,7.86,7.96,873720,694240808.0,0.0,15,8.02,0
20260415,1776182400000,7.96,8.03,7.75,7.78,681979,537221995.0,0.0,15,7.96,0
20260416,1776268800000,7.79,7.880000000000001,7.73,7.87,561018,438744164.00000006,0.0,15,7.78,0
20260417,1776355200000,7.8,7.92,7.76,7.88,526200,412783299.0,0.0,15,7.87,0
20260420,1776614400000,7.84,7.95,7.79,7.91,562018,442668679.00000006,0.0,15,7.88,0
20260421,1776700800000,7.87,7.87,7.58,7.61,574650,439560835.0,0.0,15,7.91,0
20260422,1776787200000,7.56,7.6,7.46,7.54,376475,282608371.0,0.0,15,7.61,0
20260423,1776873600000,7.5,7.57,7.32,7.34,447759,331186065.0,0.0,15,7.54,0
20260424,1776960000000,7.49,7.63,7.42,7.51,523504,393215751.0,0.0,15,7.34,0
20260427,1777219200000,7.47,7.569999999999999,7.26,7.56,445449,331014652.0,0.0,15,7.51,0
20260428,1777305600000,7.5,7.51,7.3,7.319999999999999,357858,263795105.0,0.0,15,7.56,0
20260429,1777392000000,7.26,7.48,7.21,7.44,327038,242576476.0,0.0,15,7.32,0
20260430,1777478400000,7.45,7.53,7.38,7.47,299746,223430157.0,0.0,15,7.4399999999999995,0
20260506,1777996800000,7.5,7.73,7.48,7.680000000000001,546997,417758407.0,0.0,15,7.470000000000001,0
20260507,1778083200000,7.61,7.68,7.58,7.67,403148,307508770.0,0.0,15,7.68,0
20260508,1778169600000,7.63,7.82,7.59,7.76,509117,394249710.0,0.0,15,7.67,0
20260511,1778428800000,7.76,7.88,7.7,7.8500000000000005,547880,426729296.0,0.0,15,7.76,0
20260512,1778515200000,7.83,7.83,7.61,7.67,412165,317176516.99999994,0.0,15,7.8500000000000005,0
20260513,1778601600000,7.68,7.8999999999999995,7.68,7.89,608462,476027552.0,0.0,15,7.67,0
20260514,1778688000000,7.890000000000001,8.11,7.78,7.96,883452,705733101.0000001,0.0,15,7.890000000000001,0
20260515,1778774400000,7.85,8.14,7.75,7.95,714905,570801519.0,0.0,15,7.96,0
20260518,1779033600000,7.88,7.94,7.75,7.87,409967,321793644.0,0.0,15,7.95,0
20260519,1779120000000,7.86,8.030000000000001,7.73,7.960000000000001,520702,410474845.0,0.0,15,7.87,0
20260520,1779206400000,7.9,8.17,7.8500000000000005,8.17,777717,630265976.0,0.0,15,7.960000000000001,0
20260521,1779292800000,8.15,8.280000000000001,7.74,7.7700000000000005,724609,584034016.0,0.0,15,8.17,0
20260522,1779379200000,7.82,7.87,7.45,7.74,504019,385447964.00000006,0.0,15,7.7700000000000005,0
20260525,1779638400000,7.720000000000001,7.94,7.61,7.680000000000001,440473,340348220.00000006,0.0,15,7.74,0
20260526,1779724800000,7.63,7.77,7.42,7.72,380228,290276120.0,0.0,15,7.68,0
