date,time,open,high,low,close,volume,amount,settelementPrice,openInterest,preClose,suspendFlag
20100429,1272470400000,,,,,0,0.0,0.0,0,,1
20100430,1272556800000,,,,,0,0.0,0.0,0,,1
20100504,1272902400000,,,,,0,0.0,0.0,0,,1
20100505,1272988800000,,,,,0,0.0,0.0,0,,1
20100506,1273075200000,,,,,0,0.0,0.0,0,,1
20100507,1273161600000,,,,,0,0.0,0.0,0,,1
20100510,1273420800000,,,,,0,0.0,0.0,0,,1
20100511,1273507200000,,,,,0,0.0,0.0,0,,1
20100512,1273593600000,,,,,0,0.0,0.0,0,,1
20100513,1273680000000,,,,,0,0.0,0.0,0,,1
20100514,1273766400000,,,,,0,0.0,0.0,0,,1
20100517,1274025600000,,,,,0,0.0,0.0,0,,1
20100518,1274112000000,,,,,0,0.0,0.0,0,,1
20100519,1274198400000,,,,,0,0.0,0.0,0,,1
20100520,1274284800000,,,,,0,0.0,0.0,0,,1
20100521,1274371200000,,,,,0,0.0,0.0,0,,1
20100524,1274630400000,,,,,0,0.0,0.0,0,,1
20100525,1274716800000,,,,,0,0.0,0.0,0,,1
20100526,1274803200000,,,,,0,0.0,0.0,0,,1
20100527,1274889600000,,,,,0,0.0,0.0,0,,1
20100528,1274976000000,,,,,0,0.0,0.0,0,,1
20100531,1275235200000,,,,,0,0.0,0.0,0,,1
20100601,1275321600000,,,,,0,0.0,0.0,0,,1
20100602,1275408000000,,,,,0,0.0,0.0,0,,1
20100603,1275494400000,,,,,0,0.0,0.0,0,,1
20100604,1275580800000,,,,,0,0.0,0.0,0,,1
20100607,1275840000000,,,,,0,0.0,0.0,0,,1
20100608,1275926400000,,,,,0,0.0,0.0,0,,1
20100609,1276012800000,,,,,0,0.0,0.0,0,,1
20100610,1276099200000,,,,,0,0.0,0.0,0,,1
20100611,1276185600000,,,,,0,0.0,0.0,0,,1
20100617,1276704000000,,,,,0,0.0,0.0,0,,1
20100618,1276790400000,,,,,0,0.0,0.0,0,,1
20100621,1277049600000,,,,,0,0.0,0.0,0,,1
20100622,1277136000000,,,,,0,0.0,0.0,0,,1
20100623,1277222400000,,,,,0,0.0,0.0,0,,1
20100624,1277308800000,,,,,0,0.0,0.0,0,,1
20100625,1277395200000,,,,,0,0.0,0.0,0,,1
20100628,1277654400000,,,,,0,0.0,0.0,0,,1
20100629,1277740800000,,,,,0,0.0,0.0,0,,1
20100630,1277827200000,,,,,0,0.0,0.0,0,,1
20100701,1277913600000,,,,,0,0.0,0.0,0,,1
20100702,1278000000000,,,,,0,0.0,0.0,0,,1
20100705,1278259200000,,,,,0,0.0,0.0,0,,1
20100706,1278345600000,,,,,0,0.0,0.0,0,,1
20100707,1278432000000,,,,,0,0.0,0.0,0,,1
20100708,1278518400000,,,,,0,0.0,0.0,0,,1
20100709,1278604800000,,,,,0,0.0,0.0,0,,1
20100712,1278864000000,,,,,0,0.0,0.0,0,,1
20100713,1278950400000,,,,,0,0.0,0.0,0,,1
20100714,1279036800000,,,,,0,0.0,0.0,0,,1
20100715,1279123200000,,,,,0,0.0,0.0,0,,1
20100716,1279209600000,,,,,0,0.0,0.0,0,,1
20100719,1279468800000,,,,,0,0.0,0.0,0,,1
20100720,1279555200000,,,,,0,0.0,0.0,0,,1
20100721,1279641600000,,,,,0,0.0,0.0,0,,1
20100722,1279728000000,,,,,0,0.0,0.0,0,,1
20100723,1279814400000,,,,,0,0.0,0.0,0,,1
20100726,1280073600000,,,,,0,0.0,0.0,0,,1
20100727,1280160000000,,,,,0,0.0,0.0,0,,1
20100728,1280246400000,,,,,0,0.0,0.0,0,,1
20100729,1280332800000,,,,,0,0.0,0.0,0,,1
20100730,1280419200000,,,,,0,0.0,0.0,0,,1
20100802,1280678400000,,,,,0,0.0,0.0,0,,1
20100803,1280764800000,,,,,0,0.0,0.0,0,,1
20100804,1280851200000,,,,,0,0.0,0.0,0,,1
20100805,1280937600000,,,,,0,0.0,0.0,0,,1
20100806,1281024000000,,,,,0,0.0,0.0,0,,1
20100809,1281283200000,,,,,0,0.0,0.0,0,,1
20100810,1281369600000,,,,,0,0.0,0.0,0,,1
20100811,1281456000000,,,,,0,0.0,0.0,0,,1
20100812,1281542400000,,,,,0,0.0,0.0,0,,1
20100813,1281628800000,,,,,0,0.0,0.0,0,,1
20100816,1281888000000,,,,,0,0.0,0.0,0,,1
20100817,1281974400000,,,,,0,0.0,0.0,0,,1
20100818,1282060800000,,,,,0,0.0,0.0,0,,1
20100819,1282147200000,,,,,0,0.0,0.0,0,,1
20100820,1282233600000,,,,,0,0.0,0.0,0,,1
20100823,1282492800000,,,,,0,0.0,0.0,0,,1
20100824,1282579200000,,,,,0,0.0,0.0,0,,1
20100825,1282665600000,,,,,0,0.0,0.0,0,,1
20100826,1282752000000,,,,,0,0.0,0.0,0,,1
20100827,1282838400000,,,,,0,0.0,0.0,0,,1
20100830,1283097600000,,,,,0,0.0,0.0,0,,1
20100831,1283184000000,,,,,0,0.0,0.0,0,,1
20100901,1283270400000,,,,,0,0.0,0.0,0,,1
20100902,1283356800000,,,,,0,0.0,0.0,0,,1
20100903,1283443200000,,,,,0,0.0,0.0,0,,1
20100906,1283702400000,,,,,0,0.0,0.0,0,,1
20100907,1283788800000,,,,,0,0.0,0.0,0,,1
20100908,1283875200000,,,,,0,0.0,0.0,0,,1
20100909,1283961600000,,,,,0,0.0,0.0,0,,1
20100910,1284048000000,,,,,0,0.0,0.0,0,,1
20100913,1284307200000,,,,,0,0.0,0.0,0,,1
20100914,1284393600000,,,,,0,0.0,0.0,0,,1
20100915,1284480000000,,,,,0,0.0,0.0,0,,1
20100916,1284566400000,,,,,0,0.0,0.0,0,,1
20100917,1284652800000,,,,,0,0.0,0.0,0,,1
20100920,1284912000000,,,,,0,0.0,0.0,0,,1
20100921,1284998400000,,,,,0,0.0,0.0,0,,1
20100927,1285516800000,,,,,0,0.0,0.0,0,,1
20100928,1285603200000,,,,,0,0.0,0.0,0,,1
20100929,1285689600000,,,,,0,0.0,0.0,0,,1
20100930,1285776000000,,,,,0,0.0,0.0,0,,1
20101008,1286467200000,,,,,0,0.0,0.0,0,,1
20101011,1286726400000,,,,,0,0.0,0.0,0,,1
20101012,1286812800000,,,,,0,0.0,0.0,0,,1
20101013,1286899200000,,,,,0,0.0,0.0,0,,1
20101014,1286985600000,,,,,0,0.0,0.0,0,,1
20101015,1287072000000,,,,,0,0.0,0.0,0,,1
20101018,1287331200000,,,,,0,0.0,0.0,0,,1
20101019,1287417600000,,,,,0,0.0,0.0,0,,1
20101020,1287504000000,,,,,0,0.0,0.0,0,,1
20101021,1287590400000,,,,,0,0.0,0.0,0,,1
20101022,1287676800000,,,,,0,0.0,0.0,0,,1
20101025,1287936000000,,,,,0,0.0,0.0,0,,1
20101026,1288022400000,,,,,0,0.0,0.0,0,,1
20101027,1288108800000,,,,,0,0.0,0.0,0,,1
20101028,1288195200000,,,,,0,0.0,0.0,0,,1
20101029,1288281600000,,,,,0,0.0,0.0,0,,1
20101101,1288540800000,,,,,0,0.0,0.0,0,,1
20101102,1288627200000,,,,,0,0.0,0.0,0,,1
20101103,1288713600000,,,,,0,0.0,0.0,0,,1
20101104,1288800000000,,,,,0,0.0,0.0,0,,1
20101105,1288886400000,,,,,0,0.0,0.0,0,,1
20101108,1289145600000,,,,,0,0.0,0.0,0,,1
20101109,1289232000000,,,,,0,0.0,0.0,0,,1
20101110,1289318400000,,,,,0,0.0,0.0,0,,1
20101111,1289404800000,,,,,0,0.0,0.0,0,,1
20101112,1289491200000,,,,,0,0.0,0.0,0,,1
20101115,1289750400000,,,,,0,0.0,0.0,0,,1
20101116,1289836800000,,,,,0,0.0,0.0,0,,1
20101117,1289923200000,,,,,0,0.0,0.0,0,,1
20101118,1290009600000,,,,,0,0.0,0.0,0,,1
20101119,1290096000000,,,,,0,0.0,0.0,0,,1
20101122,1290355200000,,,,,0,0.0,0.0,0,,1
20101123,1290441600000,,,,,0,0.0,0.0,0,,1
20101124,1290528000000,,,,,0,0.0,0.0,0,,1
20101125,1290614400000,,,,,0,0.0,0.0,0,,1
20101126,1290700800000,,,,,0,0.0,0.0,0,,1
20101129,1290960000000,,,,,0,0.0,0.0,0,,1
20101130,1291046400000,,,,,0,0.0,0.0,0,,1
20101201,1291132800000,,,,,0,0.0,0.0,0,,1
20101202,1291219200000,,,,,0,0.0,0.0,0,,1
20101203,1291305600000,,,,,0,0.0,0.0,0,,1
20101206,1291564800000,,,,,0,0.0,0.0,0,,1
20101207,1291651200000,,,,,0,0.0,0.0,0,,1
20101208,1291737600000,,,,,0,0.0,0.0,0,,1
20101209,1291824000000,,,,,0,0.0,0.0,0,,1
20101210,1291910400000,,,,,0,0.0,0.0,0,,1
20101213,1292169600000,,,,,0,0.0,0.0,0,,1
20101214,1292256000000,,,,,0,0.0,0.0,0,,1
20101215,1292342400000,,,,,0,0.0,0.0,0,,1
20101216,1292428800000,,,,,0,0.0,0.0,0,,1
20101217,1292515200000,,,,,0,0.0,0.0,0,,1
20101220,1292774400000,,,,,0,0.0,0.0,0,,1
20101221,1292860800000,,,,,0,0.0,0.0,0,,1
20101222,1292947200000,,,,,0,0.0,0.0,0,,1
20101223,1293033600000,,,,,0,0.0,0.0,0,,1
20101224,1293120000000,,,,,0,0.0,0.0,0,,1
20101227,1293379200000,,,,,0,0.0,0.0,0,,1
20101228,1293465600000,,,,,0,0.0,0.0,0,,1
20101229,1293552000000,,,,,0,0.0,0.0,0,,1
20101230,1293638400000,,,,,0,0.0,0.0,0,,1
20101231,1293724800000,,,,,0,0.0,0.0,0,,1
20110104,1294070400000,,,,,0,0.0,0.0,0,,1
20110105,1294156800000,,,,,0,0.0,0.0,0,,1
20110106,1294243200000,,,,,0,0.0,0.0,0,,1
20110107,1294329600000,,,,,0,0.0,0.0,0,,1
20110110,1294588800000,,,,,0,0.0,0.0,0,,1
20110111,1294675200000,,,,,0,0.0,0.0,0,,1
20110112,1294761600000,,,,,0,0.0,0.0,0,,1
20110113,1294848000000,,,,,0,0.0,0.0,0,,1
20110114,1294934400000,,,,,0,0.0,0.0,0,,1
20110117,1295193600000,,,,,0,0.0,0.0,0,,1
20110118,1295280000000,,,,,0,0.0,0.0,0,,1
20110119,1295366400000,,,,,0,0.0,0.0,0,,1
20110120,1295452800000,,,,,0,0.0,0.0,0,,1
20110121,1295539200000,,,,,0,0.0,0.0,0,,1
20110124,1295798400000,,,,,0,0.0,0.0,0,,1
20110125,1295884800000,,,,,0,0.0,0.0,0,,1
20110126,1295971200000,,,,,0,0.0,0.0,0,,1
20110127,1296057600000,,,,,0,0.0,0.0,0,,1
20110128,1296144000000,,,,,0,0.0,0.0,0,,1
20110131,1296403200000,,,,,0,0.0,0.0,0,,1
20110201,1296489600000,,,,,0,0.0,0.0,0,,1
20110209,1297180800000,,,,,0,0.0,0.0,0,,1
20110210,1297267200000,,,,,0,0.0,0.0,0,,1
20110211,1297353600000,,,,,0,0.0,0.0,0,,1
20110214,1297612800000,,,,,0,0.0,0.0,0,,1
20110215,1297699200000,,,,,0,0.0,0.0,0,,1
20110216,1297785600000,,,,,0,0.0,0.0,0,,1
20110217,1297872000000,,,,,0,0.0,0.0,0,,1
20110218,1297958400000,,,,,0,0.0,0.0,0,,1
20110221,1298217600000,,,,,0,0.0,0.0,0,,1
20110222,1298304000000,,,,,0,0.0,0.0,0,,1
20110223,1298390400000,,,,,0,0.0,0.0,0,,1
20110224,1298476800000,,,,,0,0.0,0.0,0,,1
20110225,1298563200000,,,,,0,0.0,0.0,0,,1
20110228,1298822400000,,,,,0,0.0,0.0,0,,1
20110301,1298908800000,,,,,0,0.0,0.0,0,,1
20110302,1298995200000,,,,,0,0.0,0.0,0,,1
20110303,1299081600000,,,,,0,0.0,0.0,0,,1
20110304,1299168000000,,,,,0,0.0,0.0,0,,1
20110307,1299427200000,,,,,0,0.0,0.0,0,,1
20110308,1299513600000,,,,,0,0.0,0.0,0,,1
20110309,1299600000000,,,,,0,0.0,0.0,0,,1
20110310,1299686400000,,,,,0,0.0,0.0,0,,1
20110311,1299772800000,,,,,0,0.0,0.0,0,,1
20110314,1300032000000,,,,,0,0.0,0.0,0,,1
20110315,1300118400000,,,,,0,0.0,0.0,0,,1
20110316,1300204800000,,,,,0,0.0,0.0,0,,1
20110317,1300291200000,,,,,0,0.0,0.0,0,,1
20110318,1300377600000,,,,,0,0.0,0.0,0,,1
20110321,1300636800000,,,,,0,0.0,0.0,0,,1
20110322,1300723200000,,,,,0,0.0,0.0,0,,1
20110323,1300809600000,,,,,0,0.0,0.0,0,,1
20110324,1300896000000,,,,,0,0.0,0.0,0,,1
20110325,1300982400000,,,,,0,0.0,0.0,0,,1
20110328,1301241600000,,,,,0,0.0,0.0,0,,1
20110329,1301328000000,,,,,0,0.0,0.0,0,,1
20110330,1301414400000,,,,,0,0.0,0.0,0,,1
20110331,1301500800000,,,,,0,0.0,0.0,0,,1
20110401,1301587200000,,,,,0,0.0,0.0,0,,1
20110406,1302019200000,,,,,0,0.0,0.0,0,,1
20110407,1302105600000,,,,,0,0.0,0.0,0,,1
20110408,1302192000000,,,,,0,0.0,0.0,0,,1
20110411,1302451200000,,,,,0,0.0,0.0,0,,1
20110412,1302537600000,,,,,0,0.0,0.0,0,,1
20110413,1302624000000,,,,,0,0.0,0.0,0,,1
20110414,1302710400000,,,,,0,0.0,0.0,0,,1
20110415,1302796800000,,,,,0,0.0,0.0,0,,1
20110418,1303056000000,,,,,0,0.0,0.0,0,,1
20110419,1303142400000,,,,,0,0.0,0.0,0,,1
20110420,1303228800000,,,,,0,0.0,0.0,0,,1
20110421,1303315200000,,,,,0,0.0,0.0,0,,1
20110422,1303401600000,40.0,44.08,39.35,41.27,62811,265806868.0,0.0,0,45.0,0
20110425,1303660800000,41.18,41.18,40.0,40.52,20065,81048253.0,0.0,0,41.27,0
20110426,1303747200000,40.8,41.22,40.01,40.86,14053,57186648.0,0.0,0,40.519999999999996,0
20110427,1303833600000,40.08,40.78,38.0,38.14,20188,78651863.0,0.0,0,40.86,0
20110428,1303920000000,38.00000000000001,38.28,35.800000000000004,35.900000000000006,11212,41218699.0,0.0,0,38.14,0
20110429,1304006400000,35.800000000000004,36.67,35.800000000000004,36.300000000000004,3569,12975835.999999998,0.0,0,35.900000000000006,0
20110503,1304352000000,36.4,37.480000000000004,36.39,36.980000000000004,4589,16949028.0,0.0,0,36.3,0
20110504,1304438400000,36.66,37.0,36.25,36.3,3177,11636542.0,0.0,0,36.98,0
20110505,1304524800000,36.01,36.85,36.01,36.25,1502,5460299.0,0.0,0,36.3,0
20110506,1304611200000,36.059999999999995,36.559999999999995,36.01,36.26,1948,7076585.000000001,0.0,0,36.25,0
20110509,1304870400000,36.38,36.56,36.21,36.45,1301,4736353.0,0.0,0,36.26,0
20110510,1304956800000,36.5,37.0,36.5,36.96,2742,10121998.0,0.0,0,36.45,0
20110511,1305043200000,36.6,37.0,36.6,36.84,1566,5759574.0,0.0,0,36.96,0
20110512,1305129600000,36.63,36.970000000000006,36.63,36.64,1440,5300124.000000001,0.0,0,36.84,0
20110513,1305216000000,36.6,37.25,36.6,37.1,2028,7499839.0,0.0,0,36.64,0
20110516,1305475200000,36.97,37.65,36.97,37.5,3154,11776659.0,0.0,0,37.1,0
20110517,1305561600000,37.25,37.489999999999995,36.83,36.92,2195,8142999.0,0.0,0,37.5,0
20110518,1305648000000,36.85,36.92,36.43,36.62,2330,8530941.0,0.0,0,36.92,0
20110519,1305734400000,36.7,36.88,36.5,36.53,1353,4947757.000000001,0.0,0,36.62,0
20110520,1305820800000,36.550000000000004,36.800000000000004,35.2,35.89,4569,16490073.0,0.0,0,36.53,0
20110523,1306080000000,35.89,35.89,35.29,35.29,2400,8515883.0,0.0,0,35.89,0
20110524,1306166400000,35.21,35.690000000000005,35.2,35.52,1505,5319981.000000001,0.0,0,35.290000000000006,0
20110525,1306252800000,36.1,36.1,35.2,35.290000000000006,1244,4428943.0,0.0,0,35.52,0
20110526,1306339200000,35.5,35.599999999999994,35.12,35.129999999999995,1084,3821945.0,0.0,0,35.29,0
20110527,1306425600000,34.12,34.98,34.12,34.22,1724,5906182.000000001,0.0,0,35.129999999999995,0
20110530,1306684800000,34.56,34.56,33.61,33.61,1635,5543754.000000001,0.0,0,34.22,0
20110531,1306771200000,33.38,33.98,33.0,33.71,1424,4755068.000000001,0.0,0,33.61,0
20110601,1306857600000,33.6,33.8,33.26,33.79,958,3215418.0,0.0,0,33.71,0
20110602,1306944000000,33.33,33.51,33.3,33.44,1052,3512728.9999999995,0.0,0,33.79,0
20110603,1307030400000,33.629999999999995,33.949999999999996,33.3,33.849999999999994,1021,3443986.0000000005,0.0,0,33.44,0
20110607,1307376000000,33.78,33.85,33.52,33.77,922,3109277.0,0.0,0,33.85,0
20110608,1307462400000,33.76,33.85,33.5,33.61,1044,3508272.0,0.0,0,33.77,0
20110609,1307548800000,33.56,33.95,33.5,33.5,1102,3711833.0,0.0,0,33.61,0
20110610,1307635200000,33.519999999999996,33.699999999999996,33.04,33.199999999999996,1239,4127402.0000000005,0.0,0,33.5,0
20110613,1307894400000,33.1,33.11,32.78,32.88,1064,3501359.0,0.0,0,33.2,0
20110614,1307980800000,33.0,33.25,32.9,33.199999999999996,830,2751642.0000000005,0.0,0,32.879999999999995,0
20110615,1308067200000,33.2,33.2,33.02,33.03,729,2416215.0,0.0,0,33.2,0
20110616,1308153600000,33.03,33.03,32.4,32.46,1325,4336785.0,0.0,0,33.03,0
20110617,1308240000000,32.35,32.5,31.66,31.75,1292,4154712.9999999995,0.0,0,32.46,0
20110620,1308499200000,31.6,31.6,30.62,30.7,1929,5963393.0,0.0,0,31.75,0
20110621,1308585600000,30.7,30.98,30.64,30.830000000000002,816,2516009.0,0.0,0,30.7,0
20110622,1308672000000,30.72,30.96,30.61,30.8,675,2076025.0,0.0,0,30.83,0
20110623,1308758400000,30.88,31.74,30.63,31.58,2377,7455398.999999999,0.0,0,30.8,0
20110624,1308844800000,31.500000000000004,32.330000000000005,31.400000000000002,32.25,2175,6954413.0,0.0,0,31.580000000000002,0
20110627,1309104000000,32.24,32.980000000000004,32.230000000000004,32.900000000000006,2350,7713228.0,0.0,0,32.25000000000001,0
20110628,1309190400000,32.95,32.95,32.74,32.870000000000005,1321,4341160.0,0.0,0,32.9,0
20110629,1309276800000,32.9,32.99,32.72,32.86,1017,3343651.0,0.0,0,32.87,0
20110630,1309363200000,32.7,32.93,32.2,32.910000000000004,1327,4348436.0,0.0,0,32.86,0
20110701,1309449600000,32.93,32.99,32.5,32.81,1638,5379985.999999999,0.0,0,32.91,0
20110704,1309708800000,32.9,33.949999999999996,32.9,33.94,3759,12651773.0,0.0,0,32.809999999999995,0
20110705,1309795200000,33.949999999999996,34.89,33.94,34.519999999999996,4472,15477930.0,0.0,0,33.94,0
20110706,1309881600000,34.519999999999996,35.78,34.12,35.73,20891,73190393.99999999,0.0,0,34.519999999999996,0
20110707,1309968000000,35.03,35.6,34.5,35.05,21284,74293070.0,0.0,0,35.73,0
20110708,1310054400000,35.0,35.14,34.4,34.559999999999995,6026,20916406.999999996,0.0,0,35.05,0
20110711,1310313600000,34.56,34.800000000000004,34.38,34.660000000000004,3069,10624660.0,0.0,0,34.56,0
20110712,1310400000000,34.31,34.760000000000005,34.2,34.2,3660,12596211.0,0.0,0,34.660000000000004,0
20110713,1310486400000,34.22,34.879999999999995,34.15,34.78,3815,13184999.0,0.0,0,34.199999999999996,0
20110714,1310572800000,34.800000000000004,35.43000000000001,34.730000000000004,35.35,7543,26452833.0,0.0,0,34.78,0
20110715,1310659200000,35.2,37.46,35.1,37.010000000000005,19807,72635686.0,0.0,0,35.35,0
20110718,1310918400000,37.1,38.66,36.86,37.79,16265,61687134.0,0.0,0,37.01,0
20110719,1311004800000,37.690000000000005,37.690000000000005,36.7,36.71,5938,21918962.000000004,0.0,0,37.790000000000006,0
20110720,1311091200000,37.06,38.440000000000005,37.06,37.74,9237,34920076.0,0.0,0,36.71,0
20110721,1311177600000,37.5,37.85,36.7,36.760000000000005,4596,17027811.0,0.0,0,37.74,0
20110722,1311264000000,37.480000000000004,37.480000000000004,36.730000000000004,36.730000000000004,3720,13782695.000000002,0.0,0,36.760000000000005,0
20110725,1311523200000,36.73,37.5,36.18,36.33,5120,18789749.000000004,0.0,0,36.73,0
20110726,1311609600000,36.330000000000005,36.99,36.02,36.75,4660,17064496.0,0.0,0,36.330000000000005,0
20110727,1311696000000,36.77,38.64,36.53,38.550000000000004,18723,70951098.0,0.0,0,36.75,0
20110728,1311782400000,38.0,38.83,37.93,38.58,10509,40241916.0,0.0,0,38.55,0
20110729,1311868800000,38.61,39.18,38.2,38.49,11259,43604930.0,0.0,0,38.580000000000005,0
20110801,1312128000000,38.69,39.1,38.22,38.54,5187,20096726.0,0.0,0,38.49,0
20110802,1312214400000,38.42,38.45,37.6,38.160000000000004,4588,17441199.000000004,0.0,0,38.54,0
20110803,1312300800000,37.8,39.34,37.75,39.06,6257,24263576.0,0.0,0,38.16,0
20110804,1312387200000,38.900000000000006,39.11000000000001,38.550000000000004,38.56,2738,10599249.0,0.0,0,39.06,0
20110805,1312473600000,37.300000000000004,39.2,37.21,38.22,6614,25579015.0,0.0,0,38.56,0
20110808,1312732800000,37.53,38.5,35.4,36.949999999999996,6325,23674618.0,0.0,0,38.22,0
20110809,1312819200000,35.6,37.199999999999996,35.58,36.98,5254,19182905.0,0.0,0,36.949999999999996,0
20110810,1312905600000,37.629999999999995,38.18,37.12,37.21,3386,12775257.0,0.0,0,36.98,0
20110811,1312992000000,37.00000000000001,38.970000000000006,36.800000000000004,38.92,11743,44964184.0,0.0,0,37.21,0
20110812,1313078400000,38.95,40.5,38.95,40.120000000000005,16893,67440543.00000001,0.0,0,38.92,0
20110815,1313337600000,40.15,42.0,40.15,41.64,21610,89589739.0,0.0,0,40.12,0
20110816,1313424000000,41.42,41.739999999999995,41.08,41.6,9066,37537475.99999999,0.0,0,41.64,0
20110817,1313510400000,41.58,42.2,41.1,41.99,6412,26735784.0,0.0,0,41.6,0
20110818,1313596800000,41.68,42.19,41.0,41.2,6737,28103479.0,0.0,0,41.99,0
20110819,1313683200000,40.28,41.5,40.28,41.5,5576,22870922.999999996,0.0,0,41.2,0
20110822,1313942400000,42.230000000000004,43.6,41.21,41.72,10549,44397698.00000001,0.0,0,41.5,0
20110823,1314028800000,42.0,43.49,41.5,43.23,17174,73486413.00000001,0.0,0,41.72,0
20110824,1314115200000,43.230000000000004,44.800000000000004,42.6,43.95,14746,64901435.0,0.0,0,43.230000000000004,0
20110825,1314201600000,43.800000000000004,44.5,42.7,43.35,7491,32638849.999999996,0.0,0,43.95,0
20110826,1314288000000,43.35,43.940000000000005,42.730000000000004,43.160000000000004,6575,28368743.0,0.0,0,43.35,0
20110829,1314547200000,43.1,43.73,42.82,43.45,6942,30071223.0,0.0,0,43.160000000000004,0
20110830,1314633600000,43.77,43.85,42.06,42.18,11550,49126597.0,0.0,0,43.45,0
20110831,1314720000000,42.15,42.18,41.11,41.95,6210,25955330.0,0.0,0,42.18,0
20110901,1314806400000,41.9,42.5,41.75,42.29,3389,14264241.0,0.0,0,41.95,0
20110902,1314892800000,42.27,42.45,41.6,42.03,2717,11412341.000000002,0.0,0,42.29,0
20110905,1315152000000,41.53,41.9,40.51,40.68,3600,14700655.0,0.0,0,42.03,0
20110906,1315238400000,40.68,40.68,40.68,40.68,0,0.0,0.0,0,40.68,1
20110907,1315324800000,42.50000000000001,42.50000000000001,40.800000000000004,42.00000000000001,7064,29365649.0,0.0,0,40.68000000000001,0
20110908,1315411200000,42.5,43.53,42.15,42.17,6317,27046925.0,0.0,0,42.0,0
20110909,1315497600000,41.52,42.44,41.28,41.99,2550,10608922.0,0.0,0,42.17,0
20110913,1315843200000,42.410000000000004,42.410000000000004,41.410000000000004,41.970000000000006,3698,15494991.0,0.0,0,41.99,0
20110914,1315929600000,42.230000000000004,42.230000000000004,41.31,41.72,2965,12351746.0,0.0,0,41.97,0
20110915,1316016000000,41.72,42.09,41.5,42.04,2722,11414121.0,0.0,0,41.72,0
20110916,1316102400000,42.03,42.3,41.51,41.919999999999995,3545,14878711.000000002,0.0,0,42.04,0
20110919,1316361600000,20.12,20.82,19.98,20.16,3945,8002576.000000001,0.0,0,20.96,0
20110920,1316448000000,20.0,20.279999999999998,18.88,19.09,11207,21510593.0,0.0,0,20.16,0
20110921,1316534400000,19.05,19.75,18.75,19.69,6716,13020287.0,0.0,0,19.09,0
20110922,1316620800000,19.680000000000003,21.44,19.51,20.150000000000002,19297,39503964.0,0.0,0,19.69,0
20110923,1316707200000,19.37,21.46,19.37,20.91,35720,74542245.0,0.0,0,20.150000000000002,0
20110926,1316966400000,21.4,22.8,21.18,22.52,54310,118823677.00000001,0.0,0,20.91,0
20110927,1317052800000,22.69,22.89,21.51,22.290000000000003,55396,123519549.00000001,0.0,0,22.520000000000003,0
20110928,1317139200000,22.2,22.35,21.62,21.740000000000002,25241,55411062.0,0.0,0,22.290000000000003,0
20110929,1317225600000,21.4,21.4,19.88,20.0,34336,70295184.0,0.0,0,21.74,0
20110930,1317312000000,19.700000000000003,22.0,19.580000000000002,22.0,53948,115571847.0,0.0,0,20.000000000000004,0
20111010,1318176000000,22.400000000000002,22.700000000000003,21.580000000000002,22.020000000000003,54143,119765695.00000001,0.0,0,22.000000000000004,0
20111011,1318262400000,22.45,22.6,20.0,20.69,73546,158261525.0,0.0,0,22.02,0
20111012,1318348800000,19.99,21.990000000000002,19.0,21.990000000000002,58902,120423023.0,0.0,0,20.69,0
20111013,1318435200000,21.52,22.37,21.5,22.11,55818,122801783.00000001,0.0,0,21.99,0
20111014,1318521600000,21.880000000000003,22.25,21.69,21.990000000000002,43469,95611678.0,0.0,0,22.110000000000003,0
20111017,1318780800000,22.01,22.750000000000004,21.900000000000002,22.200000000000003,73502,163900355.0,0.0,0,21.990000000000002,0
20111018,1318867200000,21.75,21.88,20.48,20.69,47110,99374128.00000001,0.0,0,22.2,0
20111019,1318953600000,20.85,20.98,20.09,20.15,20783,42417187.0,0.0,0,20.69,0
20111020,1319040000000,20.0,20.47,18.98,19.14,32378,62944341.00000001,0.0,0,20.15,0
20111021,1319126400000,19.650000000000002,20.23,18.85,19.220000000000002,36382,71437868.0,0.0,0,19.14,0
20111024,1319385600000,18.900000000000002,19.3,17.330000000000002,18.630000000000003,36512,66750511.00000001,0.0,0,19.220000000000002,0
20111025,1319472000000,18.63,19.59,18.05,19.45,38822,74013313.0,0.0,0,18.63,0
20111026,1319558400000,19.53,21.4,19.5,20.9,98304,206177371.99999997,0.0,0,19.45,0
20111027,1319644800000,20.59,21.55,20.48,21.150000000000002,108991,231271258.00000003,0.0,0,20.900000000000002,0
20111028,1319731200000,21.330000000000002,22.880000000000003,21.01,22.700000000000003,125778,276599663.0,0.0,0,21.150000000000002,0
20111031,1319990400000,22.76,23.500000000000004,22.400000000000002,23.480000000000004,125487,287242795.0,0.0,0,22.700000000000003,0
20111101,1320076800000,23.150000000000002,23.3,22.67,23.05,86797,199724122.0,0.0,0,23.48,0
20111102,1320163200000,22.650000000000002,25.360000000000003,22.400000000000002,25.160000000000004,163574,392698844.0,0.0,0,23.05,0
20111103,1320249600000,25.1,25.66,24.3,24.37,134928,333987144.0,0.0,0,25.16,0
20111104,1320336000000,24.4,25.45,24.27,24.48,91638,227289692.0,0.0,0,24.37,0
20111107,1320595200000,24.5,24.860000000000003,23.92,24.450000000000003,58453,142872286.0,0.0,0,24.48,0
20111108,1320681600000,24.200000000000003,24.94,24.01,24.580000000000002,59455,145573049.0,0.0,0,24.450000000000003,0
20111109,1320768000000,24.75,25.2,23.93,24.98,82433,203082062.0,0.0,0,24.58,0
20111110,1320854400000,24.9,26.5,24.61,24.62,144549,370494821.0,0.0,0,24.98,0
20111111,1320940800000,24.21,25.15,24.0,24.53,65318,159983414.0,0.0,0,24.62,0
20111114,1321200000000,25.560000000000002,25.900000000000002,24.830000000000002,25.19,82053,206974614.0,0.0,0,24.53,0
20111115,1321286400000,25.03,26.37,25.03,26.27,95071,245214282.0,0.0,0,25.19,0
20111116,1321372800000,26.160000000000004,26.160000000000004,24.650000000000002,25.000000000000004,84973,215484520.0,0.0,0,26.270000000000003,0
20111117,1321459200000,25.0,25.96,24.91,25.04,64387,163451770.0,0.0,0,25.0,0
20111118,1321545600000,24.310000000000002,24.680000000000003,23.580000000000002,23.650000000000002,58956,142213880.00000003,0.0,0,25.040000000000003,0
20111121,1321804800000,23.51,23.880000000000003,22.28,23.1,49184,112857913.00000001,0.0,0,23.650000000000002,0
20111122,1321891200000,22.849999999999998,23.549999999999997,22.81,23.49,41464,96165783.0,0.0,0,23.099999999999998,0
20111123,1321977600000,23.44,24.06,23.0,23.3,46444,109547645.0,0.0,0,23.49,0
20111124,1322064000000,22.9,23.779999999999998,22.81,23.529999999999998,44146,103217233.00000001,0.0,0,23.299999999999997,0
20111125,1322150400000,23.5,23.75,23.3,23.470000000000002,25195,59217971.00000001,0.0,0,23.53,0
20111128,1322409600000,23.75,23.98,23.35,23.610000000000003,25704,60807879.00000001,0.0,0,23.470000000000002,0
20111129,1322496000000,24.009999999999998,24.08,23.2,23.75,31203,73505529.00000001,0.0,0,23.61,0
20111130,1322582400000,23.770000000000003,23.96,21.6,22.28,44461,102674288.0,0.0,0,23.75,0
20111201,1322668800000,23.27,23.779999999999998,22.72,23.14,50744,118236748.0,0.0,0,22.279999999999998,0
20111202,1322755200000,23.25,24.09,23.09,23.21,60240,142042784.0,0.0,0,23.14,0
20111205,1323014400000,22.7,22.84,21.8,21.92,38371,85099366.00000001,0.0,0,23.21,0
20111206,1323100800000,21.66,22.69,21.05,22.35,47698,104837847.00000001,0.0,0,21.92,0
20111207,1323187200000,22.150000000000002,22.59,21.55,21.73,42417,93364953.0,0.0,0,22.35,0
20111208,1323273600000,21.5,22.5,21.0,22.17,55665,121476663.99999999,0.0,0,21.73,0
20111209,1323360000000,21.98,22.89,21.8,22.68,52428,118121650.99999999,0.0,0,22.17,0
20111212,1323619200000,22.790000000000003,23.12,22.28,22.380000000000003,41049,92993208.0,0.0,0,22.68,0
20111213,1323705600000,22.0,22.2,21.0,21.95,37177,80586116.99999999,0.0,0,22.38,0
20111214,1323792000000,21.88,22.18,20.5,20.55,44242,94604959.0,0.0,0,21.95,0
20111215,1323878400000,20.0,20.63,19.82,19.86,58903,118574653.99999999,0.0,0,20.55,0
20111216,1323964800000,19.98,21.33,19.7,21.3,58739,119778548.0,0.0,0,19.86,0
20111219,1324224000000,21.0,22.24,20.81,22.13,71336,153167383.0,0.0,0,21.299999999999997,0
20111220,1324310400000,21.98,22.2,21.22,21.47,43937,95135581.0,0.0,0,22.13,0
20111221,1324396800000,21.950000000000003,22.1,20.85,20.85,51088,109324544.0,0.0,0,21.470000000000002,0
20111222,1324483200000,20.3,22.89,20.1,22.5,96713,210050098.0,0.0,0,20.85,0
20111223,1324569600000,22.1,23.14,22.0,22.5,75159,169112552.00000003,0.0,0,22.5,0
20111226,1324828800000,22.27,22.64,21.16,21.35,55993,122422096.00000001,0.0,0,22.5,0
20111227,1324915200000,21.0,21.700000000000003,20.85,21.41,58021,124175605.0,0.0,0,21.35,0
20111228,1325001600000,21.19,22.16,20.76,22.1,61844,133384777.0,0.0,0,21.41,0
20111229,1325088000000,21.990000000000002,22.25,21.73,22.0,34986,76903077.00000001,0.0,0,22.1,0
20111230,1325174400000,22.05,22.55,21.900000000000002,22.14,36043,80344874.0,0.0,0,22.000000000000004,0
20120104,1325606400000,22.3,22.6,21.05,21.080000000000002,32464,71107521.99999999,0.0,0,22.14,0
20120105,1325692800000,20.779999999999998,21.25,20.38,20.619999999999997,44605,92382629.0,0.0,0,21.08,0
20120106,1325779200000,20.599999999999998,21.0,20.2,20.95,25530,52441039.0,0.0,0,20.62,0
20120109,1326038400000,20.86,21.79,20.72,21.779999999999998,24832,53133617.0,0.0,0,20.95,0
20120110,1326124800000,21.88,22.549999999999997,21.72,22.549999999999997,42079,93596570.00000001,0.0,0,21.779999999999998,0
20120111,1326211200000,22.5,23.21,22.02,22.509999999999998,44455,100678099.00000001,0.0,0,22.55,0
20120112,1326297600000,22.099999999999998,22.8,22.04,22.65,34061,76260822.0,0.0,0,22.509999999999998,0
20120113,1326384000000,22.7,22.7,20.8,20.91,49839,107235839.0,0.0,0,22.650000000000002,0
20120116,1326643200000,20.6,20.9,18.82,18.82,40609,79489317.0,0.0,0,20.91,0
20120117,1326729600000,18.9,20.18,18.18,19.84,31833,60908779.0,0.0,0,18.82,0
20120118,1326816000000,19.66,19.990000000000002,18.3,18.42,25177,48325658.0,0.0,0,19.84,0
20120119,1326902400000,18.05,18.650000000000002,17.8,18.29,19498,35663626.0,0.0,0,18.42,0
20120120,1326988800000,18.3,19.1,18.3,18.77,14504,27353791.999999996,0.0,0,18.29,0
20120130,1327852800000,18.779999999999998,19.16,18.7,18.73,10075,19024292.0,0.0,0,18.77,0
20120131,1327939200000,18.73,18.8,18.23,18.580000000000002,9796,18112174.000000004,0.0,0,18.73,0
20120201,1328025600000,18.630000000000003,19.48,18.490000000000002,18.900000000000002,19863,37866629.0,0.0,0,18.580000000000002,0
20120202,1328112000000,19.0,19.28,18.57,19.240000000000002,17323,32883762.999999996,0.0,0,18.9,0
20120203,1328198400000,19.19,19.64,19.05,19.51,20503,39766538.0,0.0,0,19.240000000000002,0
20120206,1328457600000,19.92,19.97,19.32,19.56,21638,42375094.0,0.0,0,19.51,0
20120207,1328544000000,19.66,19.66,19.01,19.07,16453,31649142.000000004,0.0,0,19.560000000000002,0
20120208,1328630400000,19.16,19.49,18.91,19.48,26535,50903611.0,0.0,0,19.07,0
20120209,1328716800000,19.5,19.830000000000002,19.3,19.57,33060,64910956.00000001,0.0,0,19.48,0
20120210,1328803200000,19.39,19.650000000000002,19.330000000000002,19.41,24965,48649491.0,0.0,0,19.57,0
20120213,1329062400000,19.7,21.3,19.7,21.14,238998,479349765.0,0.0,0,19.41,0
20120214,1329148800000,20.490000000000002,20.67,20.1,20.400000000000002,132249,269631001.0,0.0,0,21.14,0
20120215,1329235200000,20.25,20.9,19.95,20.57,107981,220027372.99999997,0.0,0,20.4,0
20120216,1329321600000,20.46,20.48,20.04,20.22,65665,133070014.0,0.0,0,20.57,0
20120217,1329408000000,20.23,20.36,19.73,19.85,55454,110742304.99999999,0.0,0,20.22,0
20120220,1329667200000,20.21,20.240000000000002,19.82,19.82,52777,105271232.0,0.0,0,19.85,0
20120221,1329753600000,19.82,19.93,19.43,19.919999999999998,54458,107302948.0,0.0,0,19.82,0
20120222,1329840000000,19.939999999999998,20.59,19.81,20.529999999999998,105576,214571913.0,0.0,0,19.919999999999998,0
20120223,1329926400000,20.580000000000002,20.59,20.1,20.35,69532,141525936.0,0.0,0,20.53,0
20120224,1330012800000,20.48,20.96,20.25,20.61,88272,182655701.0,0.0,0,20.35,0
20120227,1330272000000,20.73,20.89,20.48,20.580000000000002,82674,171056846.0,0.0,0,20.61,0
20120228,1330358400000,20.580000000000002,20.95,20.07,20.93,77803,160385106.0,0.0,0,20.580000000000002,0
20120229,1330444800000,20.96,21.3,20.37,20.400000000000002,60824,126886124.0,0.0,0,20.93,0
20120301,1330531200000,20.700000000000003,21.240000000000002,20.53,20.73,64405,134151821.00000001,0.0,0,20.400000000000002,0
20120302,1330617600000,20.89,21.25,20.78,21.18,75027,157664832.0,0.0,0,20.73,0
20120305,1330876800000,21.419999999999998,21.58,20.95,21.009999999999998,69614,147634488.0,0.0,0,21.18,0
20120306,1330963200000,20.9,20.9,20.38,20.47,45547,93580220.0,0.0,0,21.009999999999998,0
20120307,1331049600000,20.23,20.330000000000002,19.92,20.0,55233,110995240.00000001,0.0,0,20.470000000000002,0
20120308,1331136000000,20.1,20.32,20.09,20.26,34894,70476710.0,0.0,0,20.0,0
20120309,1331222400000,20.25,20.53,20.11,20.52,43719,88884839.0,0.0,0,20.259999999999998,0
20120312,1331481600000,20.560000000000002,20.78,20.3,20.560000000000002,42048,86451539.00000001,0.0,0,20.52,0
20120313,1331568000000,20.55,21.1,20.5,20.97,57692,120134724.99999999,0.0,0,20.56,0
20120314,1331654400000,20.98,21.16,19.7,19.88,84625,173813502.0,0.0,0,20.97,0
20120315,1331740800000,19.76,19.94,18.990000000000002,19.080000000000002,45338,87597616.0,0.0,0,19.880000000000003,0
20120316,1331827200000,19.32,19.619999999999997,19.04,19.41,31701,61522295.0,0.0,0,19.08,0
20120319,1332086400000,19.43,19.55,19.1,19.520000000000003,29596,57301450.99999999,0.0,0,19.41,0
20120320,1332172800000,19.58,19.58,18.86,18.86,35996,68815893.0,0.0,0,19.52,0
20120321,1332259200000,18.87,19.12,18.51,19.09,27904,52817240.0,0.0,0,18.860000000000003,0
20120322,1332345600000,19.09,19.1,18.85,18.91,14794,28051160.0,0.0,0,19.09,0
20120323,1332432000000,18.89,18.89,18.27,18.29,26651,49381249.0,0.0,0,18.91,0
20120326,1332691200000,18.37,18.42,18.16,18.41,17782,32528111.0,0.0,0,18.29,0
20120327,1332777600000,18.43,18.85,18.43,18.73,22420,41894565.00000001,0.0,0,18.41,0
20120328,1332864000000,18.65,18.73,18.06,18.07,21685,39855881.0,0.0,0,18.73,0
20120329,1332950400000,18.1,18.250000000000004,17.580000000000002,17.6,23993,42897182.0,0.0,0,18.07,0
20120330,1333036800000,17.75,17.89,17.5,17.59,13168,23225948.0,0.0,0,17.6,0
20120405,1333555200000,17.759999999999998,18.209999999999997,17.72,18.14,22099,39851765.0,0.0,0,17.59,0
20120406,1333641600000,18.099999999999998,18.55,18.04,18.419999999999998,21661,39764810.00000001,0.0,0,18.14,0
20120409,1333900800000,18.400000000000002,18.400000000000002,18.01,18.020000000000003,13155,23885300.000000004,0.0,0,18.42,0
20120410,1333987200000,17.98,18.330000000000002,17.8,18.310000000000002,12630,22758855.999999996,0.0,0,18.02,0
20120411,1334073600000,18.099999999999998,18.27,17.88,18.15,13051,23569249.0,0.0,0,18.31,0
20120412,1334160000000,18.43,18.43,18.05,18.32,18078,32977834.0,0.0,0,18.150000000000002,0
20120413,1334246400000,18.35,18.490000000000002,18.21,18.37,20746,38104984.0,0.0,0,18.32,0
20120416,1334505600000,18.23,18.29,18.11,18.16,14662,26648106.000000004,0.0,0,18.37,0
20120417,1334592000000,18.24,18.349999999999998,18.02,18.08,10967,19915090.0,0.0,0,18.16,0
20120418,1334678400000,17.939999999999998,18.259999999999998,17.88,18.2,24465,44327995.0,0.0,0,18.08,0
20120419,1334764800000,18.25,18.59,18.18,18.41,24880,45806677.0,0.0,0,18.2,0
20120420,1334851200000,18.36,18.36,17.8,17.990000000000002,41262,74258576.0,0.0,0,18.41,0
20120423,1335110400000,17.95,18.130000000000003,17.71,17.75,22607,40448377.0,0.0,0,17.990000000000002,0
20120424,1335196800000,17.55,17.89,17.38,17.88,19784,34929711.0,0.0,0,17.75,0
20120425,1335283200000,17.880000000000003,17.880000000000003,16.42,17.0,63804,108442453.99999999,0.0,0,17.880000000000003,0
20120426,1335369600000,17.040000000000003,17.040000000000003,16.6,16.8,27707,46522709.99999999,0.0,0,17.0,0
20120427,1335456000000,16.750000000000004,16.770000000000003,16.490000000000002,16.57,40125,66705025.0,0.0,0,16.8,0
20120502,1335888000000,16.720000000000002,17.400000000000002,16.42,17.340000000000003,59317,100032734.0,0.0,0,16.57,0
20120503,1335974400000,17.080000000000002,17.6,17.080000000000002,17.400000000000002,26368,45752754.0,0.0,0,17.340000000000003,0
20120504,1336060800000,17.67,18.48,17.67,18.130000000000003,89782,162807244.0,0.0,0,17.400000000000002,0
20120507,1336320000000,18.099999999999998,18.619999999999997,17.81,18.61,82831,151898720.00000003,0.0,0,18.13,0
20120508,1336406400000,18.61,18.61,18.61,18.61,0,0.0,0.0,0,18.61,1
20120509,1336492800000,18.35,18.35,17.91,18.0,34208,61855806.99999999,0.0,0,18.61,0
20120510,1336579200000,18.0,18.32,17.71,18.27,31640,57232488.00000001,0.0,0,18.0,0
20120511,1336665600000,18.200000000000003,19.040000000000003,18.01,18.75,75850,142202221.0,0.0,0,18.270000000000003,0
20120514,1336924800000,18.94,18.950000000000003,18.51,18.580000000000002,29174,54514532.0,0.0,0,18.75,0
20120515,1337011200000,18.52,18.53,18.0,18.37,16238,29758826.0,0.0,0,18.58,0
20120516,1337097600000,18.44,18.630000000000003,18.1,18.25,14289,26217065.0,0.0,0,18.37,0
20120517,1337184000000,18.45,18.76,18.34,18.59,19571,36320759.0,0.0,0,18.25,0
20120518,1337270400000,18.57,18.740000000000002,18.28,18.330000000000002,23473,43359205.00000001,0.0,0,18.59,0
20120521,1337529600000,18.3,18.450000000000003,17.94,18.03,19780,35771976.0,0.0,0,18.330000000000002,0
20120522,1337616000000,18.1,18.430000000000003,17.900000000000002,18.360000000000003,16743,30506671.000000004,0.0,0,17.880000000000003,0
20120523,1337702400000,18.270000000000003,18.53,18.01,18.360000000000003,12901,23529755.999999996,0.0,0,18.360000000000003,0
20120524,1337788800000,18.35,18.6,18.240000000000002,18.540000000000003,26355,48714064.0,0.0,0,18.360000000000003,0
20120525,1337875200000,18.65,18.96,18.41,18.5,25218,47240817.0,0.0,0,18.54,0
20120528,1338134400000,18.39,18.68,18.0,18.64,17762,32534839.0,0.0,0,18.5,0
20120529,1338220800000,18.46,19.3,18.46,19.25,50621,96242727.0,0.0,0,18.64,0
20120530,1338307200000,19.23,20.0,19.1,19.790000000000003,71643,141320276.0,0.0,0,19.25,0
20120531,1338393600000,19.79,20.1,19.43,19.6,43675,86548383.0,0.0,0,19.79,0
20120601,1338480000000,19.35,19.750000000000004,19.330000000000002,19.6,25598,49972335.0,0.0,0,19.6,0
20120604,1338739200000,19.270000000000003,19.900000000000002,19.1,19.3,23729,46089625.0,0.0,0,19.6,0
20120605,1338825600000,19.310000000000002,19.48,19.080000000000002,19.3,15123,29143682.999999996,0.0,0,19.3,0
20120606,1338912000000,19.45,20.01,19.34,19.8,43323,85692062.0,0.0,0,19.3,0
20120607,1338998400000,20.01,20.28,19.75,19.96,41112,82218602.0,0.0,0,19.8,0
20120608,1339084800000,20.06,20.14,19.38,19.5,24488,48061810.0,0.0,0,19.959999999999997,0
20120611,1339344000000,19.560000000000002,20.7,19.3,20.45,55190,111417910.99999999,0.0,0,19.5,0
20120612,1339430400000,20.35,20.35,19.91,20.05,27788,55664492.99999999,0.0,0,20.45,0
20120613,1339516800000,20.04,20.29,19.81,20.06,29923,60113732.0,0.0,0,20.049999999999997,0
20120614,1339603200000,20.37,20.66,19.82,19.87,37136,75320483.0,0.0,0,20.06,0
20120615,1339689600000,19.8,19.970000000000002,19.42,19.810000000000002,27017,53142949.0,0.0,0,19.87,0
20120618,1339948800000,20.0,20.19,19.82,19.990000000000002,24033,48163969.0,0.0,0,19.81,0
20120619,1340035200000,20.0,20.05,19.51,19.650000000000002,22184,43532786.0,0.0,0,19.990000000000002,0
20120620,1340121600000,19.69,19.75,19.02,19.12,21832,42180870.0,0.0,0,19.65,0
20120621,1340208000000,19.01,19.05,18.330000000000002,18.750000000000004,25590,47395717.00000001,0.0,0,19.12,0
20120625,1340553600000,18.700000000000003,18.700000000000003,18.150000000000002,18.35,11477,21105454.0,0.0,0,18.750000000000004,0
20120626,1340640000000,18.220000000000002,18.66,18.05,18.53,12047,22193820.0,0.0,0,18.35,0
20120627,1340726400000,18.529999999999998,18.7,18.31,18.32,12161,22559101.0,0.0,0,18.529999999999998,0
20120628,1340812800000,18.180000000000003,18.480000000000004,17.650000000000002,17.69,18606,33379668.0,0.0,0,18.320000000000004,0
20120629,1340899200000,17.61,18.0,17.55,18.0,11357,20201950.0,0.0,0,17.69,0
20120702,1341158400000,18.150000000000002,18.48,18.12,18.39,12566,23036283.0,0.0,0,18.0,0
20120703,1341244800000,18.4,18.509999999999998,18.22,18.34,11346,20879074.0,0.0,0,18.39,0
20120704,1341331200000,18.39,18.39,17.75,17.99,19579,35229170.0,0.0,0,18.34,0
20120705,1341417600000,18.19,18.200000000000003,17.400000000000002,17.450000000000003,20786,36598638.0,0.0,0,17.990000000000002,0
20120706,1341504000000,17.5,17.64,16.88,17.5,24582,42225291.0,0.0,0,17.45,0
20120709,1341763200000,17.4,17.45,16.77,16.81,12345,21011488.000000004,0.0,0,17.5,0
20120710,1341849600000,16.810000000000002,17.060000000000002,16.76,16.92,10439,17706316.0,0.0,0,16.810000000000002,0
20120711,1341936000000,16.849999999999998,17.05,16.77,17.0,4776,8097636.999999999,0.0,0,16.919999999999998,0
20120712,1342022400000,17.11,17.57,17.11,17.5,14120,24640562.0,0.0,0,17.0,0
20120713,1342108800000,17.48,17.490000000000002,17.17,17.200000000000003,7877,13623539.999999998,0.0,0,17.5,0
20120716,1342368000000,17.0,17.240000000000002,16.85,16.85,7167,12154695.0,0.0,0,17.200000000000003,0
20120717,1342454400000,16.63,16.89,16.61,16.78,6399,10731126.0,0.0,0,16.849999999999998,0
20120718,1342540800000,16.740000000000002,17.05,16.6,17.040000000000003,5460,9230994.0,0.0,0,16.78,0
20120719,1342627200000,17.04,17.33,16.95,17.18,6967,11987193.0,0.0,0,17.04,0
20120720,1342713600000,17.1,17.450000000000003,17.1,17.32,5221,9032380.0,0.0,0,17.18,0
20120723,1342972800000,17.3,17.5,17.11,17.29,4925,8527554.0,0.0,0,17.32,0
20120724,1343059200000,17.3,17.39,17.1,17.32,4346,7490947.0,0.0,0,17.290000000000003,0
20120725,1343145600000,17.21,17.540000000000003,17.01,17.21,7589,13142510.0,0.0,0,17.32,0
20120726,1343232000000,17.12,17.28,17.0,17.04,5031,8601125.000000002,0.0,0,17.21,0
20120727,1343318400000,17.18,17.18,16.75,16.82,5726,9695636.0,0.0,0,17.04,0
20120730,1343577600000,16.880000000000003,16.98,16.05,16.53,4266,7101975.000000001,0.0,0,16.82,0
20120731,1343664000000,16.53,16.65,16.02,16.19,5384,8801403.0,0.0,0,16.53,0
20120801,1343750400000,16.200000000000003,16.580000000000002,16.19,16.35,3609,5934133.000000001,0.0,0,16.19,0
20120802,1343836800000,16.45,16.48,15.5,16.18,7370,11846516.0,0.0,0,16.35,0
20120803,1343923200000,15.860000000000001,16.220000000000002,15.8,16.21,11071,17701467.000000004,0.0,0,16.18,0
20120806,1344182400000,15.91,16.8,15.91,16.72,12816,21178437.0,0.0,0,16.21,0
20120807,1344268800000,16.7,17.04,16.61,17.009999999999998,8720,14760225.0,0.0,0,16.72,0
20120808,1344355200000,17.01,17.01,16.62,16.85,7645,12846434.0,0.0,0,17.01,0
20120809,1344441600000,16.79,17.08,16.63,17.02,10824,18385597.000000004,0.0,0,16.849999999999998,0
20120810,1344528000000,17.06,17.24,17.0,17.15,6578,11268365.000000002,0.0,0,17.02,0
20120813,1344787200000,17.19,17.580000000000002,17.1,17.14,18277,31884803.000000004,0.0,0,17.150000000000002,0
20120814,1344873600000,17.1,17.43,16.68,17.38,11400,19499757.0,0.0,0,17.14,0
20120815,1344960000000,17.380000000000003,17.380000000000003,17.1,17.25,4037,6960482.999999999,0.0,0,17.380000000000003,0
20120816,1345046400000,17.02,17.54,16.91,17.4,6862,11919514.000000002,0.0,0,17.25,0
20120817,1345132800000,17.31,17.46,17.2,17.349999999999998,7593,13152858.0,0.0,0,17.4,0
20120820,1345392000000,17.14,17.42,17.12,17.290000000000003,4714,8134784.0,0.0,0,17.35,0
20120821,1345478400000,17.25,17.8,17.13,17.63,10797,19032803.0,0.0,0,17.29,0
20120822,1345564800000,17.85,18.130000000000003,17.400000000000002,17.490000000000002,13970,24934844.000000004,0.0,0,17.630000000000003,0
20120823,1345651200000,17.48,17.7,17.32,17.51,6950,12119614.0,0.0,0,17.490000000000002,0
20120824,1345737600000,17.41,17.5,17.18,17.34,4398,7633360.000000001,0.0,0,17.509999999999998,0
20120827,1345996800000,17.3,18.08,17.2,17.7,20371,36280997.0,0.0,0,17.34,0
20120828,1346083200000,17.39,18.099999999999998,17.11,18.04,15112,26791143.000000004,0.0,0,17.7,0
20120829,1346169600000,17.900000000000002,18.46,17.71,18.16,14532,26415039.0,0.0,0,18.04,0
20120830,1346256000000,18.150000000000002,18.16,17.21,17.720000000000002,10522,18663826.0,0.0,0,18.16,0
20120831,1346342400000,17.75,17.900000000000002,17.48,17.56,4705,8321211.000000001,0.0,0,17.72,0
20120903,1346601600000,17.7,18.08,17.7,17.8,11029,19719350.0,0.0,0,17.56,0
20120904,1346688000000,17.88,18.24,17.72,17.99,10258,18522295.0,0.0,0,17.799999999999997,0
20120905,1346774400000,17.990000000000002,18.080000000000002,17.57,17.9,7393,13206790.000000002,0.0,0,17.990000000000002,0
20120906,1346860800000,17.88,18.07,17.59,17.84,12437,22014963.0,0.0,0,17.9,0
20120907,1346947200000,17.91,18.740000000000002,17.91,18.61,31109,57401733.00000001,0.0,0,17.84,0
20120910,1347206400000,18.61,18.9,18.25,18.9,17076,31676751.999999996,0.0,0,18.61,0
20120911,1347292800000,18.58,18.9,18.45,18.759999999999998,9870,18449431.0,0.0,0,18.9,0
20120912,1347379200000,18.650000000000002,18.700000000000003,18.1,18.28,27248,49855292.00000001,0.0,0,18.76,0
20120913,1347465600000,18.3,18.33,17.61,17.61,29805,53309601.00000001,0.0,0,18.28,0
20120914,1347552000000,17.68,17.79,17.2,17.27,20586,35804776.00000001,0.0,0,17.61,0
20120917,1347811200000,17.27,17.34,16.7,16.86,10802,18374062.0,0.0,0,17.27,0
20120918,1347897600000,16.810000000000002,17.020000000000003,16.76,16.930000000000003,4354,7360804.0,0.0,0,16.860000000000003,0
20120919,1347984000000,16.93,17.05,16.85,16.970000000000002,4462,7552483.999999999,0.0,0,16.93,0
20120920,1348070400000,16.970000000000002,17.02,16.37,16.37,6264,10392633.0,0.0,0,16.970000000000002,0
20120921,1348156800000,16.0,16.37,16.0,16.16,7349,11884729.999999998,0.0,0,16.37,0
20120924,1348416000000,16.16,16.59,16.1,16.57,5941,9746419.0,0.0,0,16.16,0
20120925,1348502400000,16.4,16.68,16.22,16.54,5609,9232111.0,0.0,0,16.57,0
20120926,1348588800000,16.42,16.580000000000002,16.12,16.3,4681,7638292.0,0.0,0,16.540000000000003,0
20120927,1348675200000,16.3,16.9,16.2,16.759999999999998,8954,14945868.0,0.0,0,16.3,0
20120928,1348761600000,16.979999999999997,17.0,16.65,16.95,7795,13190169.0,0.0,0,16.759999999999998,0
20121008,1349625600000,16.95,17.08,16.68,16.79,3543,5969857.0,0.0,0,16.95,0
20121009,1349712000000,16.85,17.150000000000002,16.85,17.05,10336,17579160.0,0.0,0,16.790000000000003,0
20121010,1349798400000,17.05,17.05,16.92,17.0,7486,12725144.999999998,0.0,0,17.05,0
20121011,1349884800000,17.0,17.0,16.48,16.81,19642,32724298.000000004,0.0,0,17.0,0
20121012,1349971200000,16.78,16.85,16.53,16.84,7485,12509530.0,0.0,0,16.810000000000002,0
20121015,1350230400000,16.85,16.85,16.5,16.8,5964,9947122.000000002,0.0,0,16.84,0
20121016,1350316800000,16.580000000000002,16.830000000000002,16.580000000000002,16.700000000000003,4742,7935809.0,0.0,0,16.8,0
20121017,1350403200000,16.63,16.78,16.55,16.68,2707,4511944.0,0.0,0,16.7,0
20121018,1350489600000,16.709999999999997,17.2,16.63,17.18,13606,23103317.0,0.0,0,16.68,0
20121019,1350576000000,17.15,17.2,16.93,17.009999999999998,7430,12674540.999999998,0.0,0,17.18,0
20121022,1350835200000,16.990000000000002,17.75,16.98,17.5,17831,30978452.0,0.0,0,17.01,0
20121023,1350921600000,17.5,17.73,17.35,17.400000000000002,11791,20697701.0,0.0,0,17.5,0
20121024,1351008000000,17.299999999999997,17.45,16.9,17.45,11372,19596357.0,0.0,0,17.4,0
20121025,1351094400000,17.45,17.45,17.0,17.0,4718,8100508.0,0.0,0,17.45,0
20121026,1351180800000,17.16,17.2,16.65,16.689999999999998,5370,9078883.0,0.0,0,17.0,0
20121029,1351440000000,16.650000000000002,17.01,16.64,16.92,4997,8432308.0,0.0,0,16.69,0
20121030,1351526400000,17.060000000000002,17.080000000000002,16.69,16.85,3317,5577050.0,0.0,0,16.92,0
20121031,1351612800000,16.85,16.95,16.75,16.87,2680,4520562.0,0.0,0,16.85,0
20121101,1351699200000,16.95,17.24,16.93,17.169999999999998,6803,11641288.0,0.0,0,16.87,0
20121102,1351785600000,17.22,17.31,16.93,17.0,5161,8817007.0,0.0,0,17.169999999999998,0
20121105,1352044800000,16.950000000000003,17.040000000000003,16.76,16.8,3282,5527332.0,0.0,0,17.0,0
20121106,1352131200000,16.73,17.0,16.48,16.95,4981,8328771.0,0.0,0,16.8,0
20121107,1352217600000,16.92,16.94,16.75,16.8,2165,3640193.0,0.0,0,16.95,0
20121108,1352304000000,16.7,16.7,16.3,16.39,9456,15586192.0,0.0,0,16.8,0
20121109,1352390400000,16.220000000000002,16.43,16.12,16.400000000000002,6079,9890659.0,0.0,0,16.39,0
20121112,1352649600000,16.41,16.77,16.41,16.51,5226,8688126.0,0.0,0,16.4,0
20121113,1352736000000,16.51,16.84,16.41,16.45,5022,8350811.0,0.0,0,16.51,0
20121114,1352822400000,16.25,16.4,16.02,16.24,4926,7986477.0,0.0,0,16.45,0
20121115,1352908800000,16.1,16.42,15.5,16.0,7940,12654550.0,0.0,0,16.24,0
20121116,1352995200000,16.900000000000002,17.6,16.44,16.610000000000003,25569,42984221.99999999,0.0,0,16.0,0
20121119,1353254400000,16.3,16.83,15.84,16.79,17040,28066374.0,0.0,0,16.61,0
20121120,1353340800000,16.599999999999998,16.939999999999998,16.45,16.82,11505,19226412.0,0.0,0,16.79,0
20121121,1353427200000,16.720000000000002,16.85,16.330000000000002,16.650000000000002,8482,14034876.000000002,0.0,0,16.82,0
20121122,1353513600000,16.45,16.639999999999997,16.31,16.32,4238,6955092.0,0.0,0,16.65,0
20121123,1353600000000,16.32,16.46,16.11,16.2,7394,12014485.0,0.0,0,16.32,0
20121126,1353859200000,16.1,16.35,16.05,16.17,3646,5912070.0,0.0,0,16.2,0
20121127,1353945600000,16.05,16.16,15.42,15.6,7384,11583886.000000002,0.0,0,16.17,0
20121128,1354032000000,15.5,15.7,15.16,15.34,3978,6088812.0,0.0,0,15.6,0
20121129,1354118400000,15.4,15.44,14.94,15.0,3567,5424468.0,0.0,0,15.34,0
20121130,1354204800000,15.0,15.370000000000001,14.97,15.07,4479,6795172.999999999,0.0,0,15.0,0
20121203,1354464000000,15.07,15.18,14.68,14.709999999999999,4468,6661345.0,0.0,0,15.07,0
20121204,1354550400000,14.8,15.16,14.71,15.100000000000001,6320,9453217.000000002,0.0,0,14.71,0
20121205,1354636800000,15.2,16.06,15.1,15.68,12753,20045539.0,0.0,0,15.1,0
20121206,1354723200000,15.940000000000001,16.02,15.610000000000001,15.770000000000001,8505,13465538.0,0.0,0,15.680000000000001,0
20121207,1354809600000,15.760000000000002,16.05,15.620000000000001,16.05,8748,13933730.0,0.0,0,15.770000000000001,0
20121210,1355068800000,16.2,16.32,15.96,16.150000000000002,8308,13419900.0,0.0,0,16.05,0
20121211,1355155200000,16.150000000000002,16.150000000000002,15.88,15.9,4708,7526896.0,0.0,0,16.150000000000002,0
20121212,1355241600000,15.9,16.3,15.620000000000001,16.220000000000002,10889,17436519.0,0.0,0,15.9,0
20121213,1355328000000,16.220000000000002,16.25,15.88,16.0,7834,12588954.0,0.0,0,16.220000000000002,0
20121214,1355414400000,15.75,16.82,15.75,16.55,21197,34909296.0,0.0,0,16.0,0
20121217,1355673600000,16.55,16.680000000000003,16.42,16.520000000000003,7962,13149622.000000002,0.0,0,16.55,0
20121218,1355760000000,16.38,16.619999999999997,16.38,16.439999999999998,5758,9504336.0,0.0,0,16.52,0
20121219,1355846400000,16.48,16.580000000000002,16.35,16.450000000000003,6511,10742018.0,0.0,0,16.44,0
20121220,1355932800000,16.450000000000003,16.450000000000003,16.17,16.44,11649,18969474.000000004,0.0,0,16.450000000000003,0
20121221,1356019200000,16.44,16.7,16.21,16.66,15655,25928158.0,0.0,0,16.44,0
20121224,1356278400000,16.78,16.93,16.52,16.93,11494,19330876.0,0.0,0,16.66,0
20121225,1356364800000,16.94,17.36,16.78,17.200000000000003,14218,24398153.0,0.0,0,16.93,0
20121226,1356451200000,17.07,17.4,17.02,17.37,11616,19962667.0,0.0,0,17.2,0
20121227,1356537600000,17.18,17.400000000000002,17.1,17.360000000000003,9320,16075657.000000002,0.0,0,17.37,0
20121228,1356624000000,17.19,17.54,17.18,17.54,12443,21661872.0,0.0,0,17.36,0
20121231,1356883200000,17.59,17.85,17.46,17.85,16315,28779746.000000004,0.0,0,17.54,0
20130104,1357228800000,17.86,17.970000000000002,17.3,17.51,8444,14799853.0,0.0,0,17.85,0
20130107,1357488000000,17.400000000000002,17.400000000000002,16.990000000000002,17.290000000000003,11978,20581622.0,0.0,0,17.51,0
20130108,1357574400000,17.13,17.88,17.04,17.5,17243,30302312.0,0.0,0,17.29,0
20130109,1357660800000,17.5,17.55,17.25,17.38,9415,16370036.0,0.0,0,17.5,0
20130110,1357747200000,17.900000000000002,18.1,17.28,17.46,26290,46349629.0,0.0,0,17.380000000000003,0
20130111,1357833600000,17.31,17.45,16.81,16.81,26313,44957200.0,0.0,0,17.459999999999997,0
20130114,1358092800000,18.04,18.49,17.38,17.779999999999998,76771,136912898.0,0.0,0,16.81,0
20130115,1358179200000,18.1,19.560000000000002,18.080000000000002,19.560000000000002,139820,266804108.0,0.0,0,17.78,0
20130116,1358265600000,19.61,19.78,18.8,18.990000000000002,88095,167959495.0,0.0,0,19.560000000000002,0
20130117,1358352000000,19.000000000000004,19.090000000000003,18.400000000000002,18.55,46273,86561440.0,0.0,0,18.990000000000002,0
20130118,1358438400000,18.55,18.990000000000002,18.55,18.82,39244,73786039.0,0.0,0,18.55,0
20130121,1358697600000,18.88,19.52,18.88,19.439999999999998,53623,103563833.0,0.0,0,18.82,0
20130122,1358784000000,19.44,19.48,18.64,18.75,32591,61588086.00000001,0.0,0,19.44,0
20130123,1358870400000,19.0,19.389999999999997,18.81,19.25,44561,85281508.0,0.0,0,18.75,0
20130124,1358956800000,19.430000000000003,19.430000000000003,18.51,18.770000000000003,41794,78762201.0,0.0,0,19.25,0
20130125,1359043200000,20.3,20.3,18.98,19.1,58014,112857655.99999999,0.0,0,18.77,0
20130128,1359302400000,19.000000000000004,19.380000000000003,18.580000000000002,19.26,44765,85318260.0,0.0,0,19.1,0
20130129,1359388800000,19.3,19.939999999999998,19.11,19.259999999999998,68488,133031319.0,0.0,0,19.259999999999998,0
20130130,1359475200000,19.279999999999998,19.299999999999997,18.81,19.16,36535,69533152.0,0.0,0,19.259999999999998,0
20130131,1359561600000,18.85,19.45,18.75,19.27,51290,97899426.0,0.0,0,19.16,0
20130201,1359648000000,19.21,19.419999999999998,18.93,19.13,34059,65355077.00000001,0.0,0,19.27,0
20130204,1359907200000,19.000000000000004,19.1,18.580000000000002,18.6,45942,86118746.0,0.0,0,19.130000000000003,0
20130205,1359993600000,18.599999999999998,18.72,18.27,18.62,19936,36854039.0,0.0,0,18.599999999999998,0
20130206,1360080000000,18.6,19.180000000000003,18.51,18.92,24097,45787303.0,0.0,0,18.62,0
20130207,1360166400000,18.99,19.49,18.97,19.16,33348,64226054.0,0.0,0,18.919999999999998,0
20130208,1360252800000,19.180000000000003,19.770000000000003,19.17,19.73,54146,105879242.00000001,0.0,0,19.16,0
20130218,1361116800000,20.14,20.71,19.82,20.51,66382,135669544.00000003,0.0,0,19.73,0
20130219,1361203200000,20.5,20.509999999999998,20.02,20.27,43326,87875918.0,0.0,0,20.509999999999998,0
20130220,1361289600000,20.46,21.599999999999998,20.45,21.02,67212,142341824.0,0.0,0,20.27,0
20130221,1361376000000,20.98,21.5,20.61,21.32,80225,170220821.0,0.0,0,21.02,0
20130222,1361462400000,21.340000000000003,21.700000000000003,20.830000000000002,20.96,48483,102627864.0,0.0,0,21.32,0
20130225,1361721600000,21.13,22.919999999999998,21.13,22.599999999999998,111250,247140915.0,0.0,0,20.959999999999997,0
20130226,1361808000000,22.400000000000002,22.7,21.8,22.0,73049,162794625.0,0.0,0,22.6,0
20130227,1361894400000,22.6,22.82,21.8,22.45,53472,118795149.0,0.0,0,22.0,0
20130228,1361980800000,22.45,23.25,22.21,23.150000000000002,78188,178252321.0,0.0,0,22.45,0
20130301,1362067200000,23.380000000000003,25.28,23.17,24.82,114006,276401616.0,0.0,0,23.150000000000002,0
20130304,1362326400000,24.7,25.45,23.55,24.19,136789,337039369.0,0.0,0,24.82,0
20130305,1362412800000,24.029999999999998,24.299999999999997,22.81,23.79,99230,235072895.00000003,0.0,0,24.189999999999998,0
20130306,1362499200000,23.85,24.15,23.41,23.63,76943,181957353.00000003,0.0,0,23.79,0
20130307,1362585600000,23.73,24.28,22.95,23.2,70054,165273117.0,0.0,0,23.63,0
20130308,1362672000000,23.2,23.44,22.41,22.52,53018,120872257.00000001,0.0,0,23.2,0
20130311,1362931200000,22.56,23.2,22.5,22.9,40794,93569730.0,0.0,0,22.52,0
20130312,1363017600000,23.0,23.3,21.87,23.19,85237,191851534.0,0.0,0,22.900000000000002,0
20130313,1363104000000,22.8,22.98,22.35,22.790000000000003,32686,74117151.0,0.0,0,23.19,0
20130314,1363190400000,22.81,23.14,22.73,22.89,31560,72476183.00000001,0.0,0,22.79,0
20130315,1363276800000,22.84,23.990000000000002,22.64,23.400000000000002,71181,167559278.00000003,0.0,0,22.89,0
20130318,1363536000000,23.45,24.15,23.41,23.82,80592,192125269.00000003,0.0,0,23.4,0
20130319,1363622400000,23.89,23.98,23.27,23.9,49504,117248112.0,0.0,0,23.82,0
20130320,1363708800000,23.84,24.580000000000002,23.8,24.330000000000002,65886,159179547.0,0.0,0,23.900000000000002,0
20130321,1363795200000,24.17,25.53,23.990000000000002,24.490000000000002,91054,225973741.0,0.0,0,24.330000000000002,0
20130322,1363881600000,24.48,24.68,23.86,24.169999999999998,42307,102314780.0,0.0,0,24.49,0
20130325,1364140800000,24.18,24.64,23.79,24.349999999999998,42915,104178045.00000001,0.0,0,24.169999999999998,0
20130326,1364227200000,24.020000000000003,24.05,23.51,23.71,35622,84626134.00000001,0.0,0,24.35,0
20130327,1364313600000,23.74,23.919999999999998,23.04,23.3,33833,79301508.0,0.0,0,23.71,0
20130328,1364400000000,23.08,23.46,22.61,22.71,34811,80180248.0,0.0,0,23.3,0
20130329,1364486400000,22.99,23.48,22.75,23.12,28739,66544231.0,0.0,0,22.71,0
20130401,1364745600000,23.150000000000002,24.28,23.14,24.2,47699,114211224.0,0.0,0,23.12,0
20130402,1364832000000,24.25,24.64,23.6,23.830000000000002,37254,89423803.00000001,0.0,0,24.200000000000003,0
20130403,1364918400000,23.84,23.84,22.8,22.98,32841,75916170.00000001,0.0,0,23.830000000000002,0
20130408,1365350400000,22.67,23.25,21.89,22.990000000000002,34666,78172207.00000001,0.0,0,22.98,0
20130409,1365436800000,22.88,23.25,22.88,23.15,15560,35912580.0,0.0,0,22.99,0
20130410,1365523200000,23.01,23.26,22.400000000000002,22.590000000000003,18185,41254132.0,0.0,0,23.150000000000002,0
20130411,1365609600000,22.66,22.98,22.54,22.58,15020,34155210.0,0.0,0,22.59,0
20130412,1365696000000,22.53,22.75,22.36,22.41,9599,21672221.000000004,0.0,0,22.58,0
20130415,1365955200000,22.11,23.0,22.11,22.79,17433,39712702.00000001,0.0,0,22.41,0
20130416,1366041600000,22.6,22.95,22.46,22.86,17735,40337356.0,0.0,0,22.79,0
20130417,1366128000000,22.78,23.290000000000003,22.740000000000002,23.270000000000003,24679,56880271.99999999,0.0,0,22.860000000000003,0
20130418,1366214400000,23.330000000000002,23.990000000000002,23.17,23.78,39565,94075471.00000001,0.0,0,23.270000000000003,0
20130419,1366300800000,23.799999999999997,24.02,23.56,23.93,52891,126073245.0,0.0,0,23.779999999999998,0
20130422,1366560000000,23.79,24.25,23.56,24.16,35654,85225256.0,0.0,0,23.93,0
20130423,1366646400000,24.38,24.38,22.61,22.99,59481,137964991.00000003,0.0,0,24.16,0
20130424,1366732800000,22.99,23.48,22.41,23.4,51710,118495849.0,0.0,0,22.99,0
20130425,1366819200000,23.11,23.95,22.81,23.31,47179,111032800.0,0.0,0,23.4,0
20130426,1366905600000,23.5,23.68,22.3,22.48,47641,108289321.0,0.0,0,23.310000000000002,0
20130502,1367424000000,22.48,22.82,22.07,22.490000000000002,29780,67100765.0,0.0,0,22.48,0
20130503,1367510400000,22.750000000000004,23.290000000000003,22.580000000000002,23.080000000000002,30161,69677417.0,0.0,0,22.490000000000002,0
20130506,1367769600000,23.16,24.1,23.16,23.98,55682,132502113.00000001,0.0,0,23.080000000000002,0
20130507,1367856000000,24.05,26.080000000000002,24.05,25.34,131680,332234172.0,0.0,0,23.98,0
20130508,1367942400000,25.25,26.450000000000003,24.92,26.1,92307,237528822.0,0.0,0,25.340000000000003,0
20130509,1368028800000,26.0,28.69,26.0,27.99,116709,324473660.0,0.0,0,26.1,0
20130510,1368115200000,28.2,29.65,27.13,27.509999999999998,98038,276798844.0,0.0,0,27.99,0
20130513,1368374400000,27.509999999999998,28.79,27.11,28.11,63427,178200575.99999997,0.0,0,27.509999999999998,0
20130514,1368460800000,27.8,27.96,26.7,27.07,53593,145499305.0,0.0,0,28.11,0
20130515,1368547200000,27.150000000000002,28.450000000000003,26.900000000000002,28.450000000000003,65275,182618255.0,0.0,0,27.070000000000004,0
20130516,1368633600000,28.26,28.880000000000003,27.8,27.98,66866,188559132.99999997,0.0,0,28.45,0
20130517,1368720000000,27.75,29.45,27.3,29.080000000000002,59884,172384073.00000003,0.0,0,27.98,0
20130520,1368979200000,29.380000000000003,30.48,29.21,29.900000000000002,74596,222564680.00000003,0.0,0,29.080000000000002,0
20130521,1369065600000,29.6,30.55,28.990000000000002,30.150000000000002,63315,187372508.99999997,0.0,0,29.900000000000002,0
20130522,1369152000000,30.1,30.1,28.55,28.67,62325,181204690.0,0.0,0,30.150000000000002,0
20130523,1369238400000,28.72,29.37,28.57,28.87,40395,117226128.0,0.0,0,28.67,0
20130524,1369324800000,28.560000000000002,29.240000000000002,28.560000000000002,29.17,33666,97400016.00000001,0.0,0,28.87,0
20130527,1369584000000,29.38,30.799999999999997,29.38,30.599999999999998,69518,211476771.00000003,0.0,0,29.169999999999998,0
20130528,1369670400000,30.000000000000004,30.610000000000003,29.330000000000002,29.720000000000002,63523,189917417.0,0.0,0,30.6,0
20130529,1369756800000,30.12,31.0,29.85,30.0,60309,183247452.00000003,0.0,0,29.720000000000002,0
20130530,1369843200000,30.35,30.680000000000003,29.900000000000002,30.400000000000002,52555,158977179.0,0.0,0,30.000000000000004,0
20130531,1369929600000,29.990000000000002,33.2,29.990000000000002,32.22,98588,311432900.0,0.0,0,30.400000000000002,0
20130603,1370188800000,32.6,33.22,31.6,31.950000000000003,74266,240310195.99999997,0.0,0,32.22,0
20130604,1370275200000,31.96,32.6,29.22,29.95,112899,346456215.0,0.0,0,31.95,0
20130605,1370361600000,29.77,30.25,28.93,29.47,62163,183133153.0,0.0,0,29.95,0
20130606,1370448000000,16.21,16.3,15.38,15.520000000000001,90867,142537856.00000003,0.0,0,16.26,0
20130607,1370534400000,15.65,15.74,14.9,15.15,67906,103852776.00000001,0.0,0,15.52,0
20130613,1371052800000,14.75,15.9,14.4,15.540000000000001,157603,239785135.0,0.0,0,15.15,0
20130614,1371139200000,15.690000000000001,16.290000000000003,15.280000000000001,16.23,148091,235153248.0,0.0,0,15.540000000000001,0
20130617,1371398400000,16.68,16.97,16.23,16.31,182033,302661073.0,0.0,0,16.23,0
20130618,1371484800000,16.2,16.36,15.73,16.1,108041,173502546.0,0.0,0,16.31,0
20130619,1371571200000,15.89,17.080000000000002,15.610000000000001,16.830000000000002,168000,278028943.0,0.0,0,16.1,0
20130620,1371657600000,16.65,17.06,15.5,15.64,165860,271459759.0,0.0,0,16.83,0
20130621,1371744000000,15.1,16.09,14.9,15.83,112968,176440218.00000003,0.0,0,15.64,0
20130624,1372003200000,15.56,15.82,14.3,14.58,131260,196342480.0,0.0,0,15.83,0
20130625,1372089600000,14.450000000000001,15.440000000000001,13.200000000000001,15.260000000000002,153812,224727567.00000003,0.0,0,14.580000000000002,0
20130626,1372176000000,15.299999999999999,16.25,15.1,16.21,161678,254876651.0,0.0,0,15.26,0
20130627,1372262400000,16.51,16.98,15.860000000000001,15.88,207186,340810055.00000006,0.0,0,16.21,0
20130628,1372348800000,15.620000000000001,16.47,15.41,16.28,109811,176364177.0,0.0,0,15.88,0
20130701,1372608000000,16.26,17.37,16.26,17.37,223606,377515148.0,0.0,0,16.28,0
20130702,1372694400000,17.46,17.78,17.02,17.69,224645,391848265.00000006,0.0,0,17.37,0
20130703,1372780800000,17.5,17.700000000000003,16.85,17.5,188839,326814615.0,0.0,0,17.69,0
20130704,1372867200000,17.3,17.32,16.76,16.94,164623,280969523.0,0.0,0,17.5,0
20130705,1372953600000,17.05,17.23,16.5,16.51,130892,221853205.0,0.0,0,16.94,0
20130708,1373212800000,16.2,16.22,15.33,15.5,121624,191853368.0,0.0,0,16.51,0
20130709,1373299200000,15.5,15.92,15.3,15.75,72705,113627693.00000001,0.0,0,15.5,0
20130710,1373385600000,15.73,16.92,15.610000000000001,16.87,145674,238359646.0,0.0,0,15.750000000000002,0
20130711,1373472000000,16.8,17.29,16.54,16.99,191645,325561388.00000006,0.0,0,16.869999999999997,0
20130712,1373558400000,17.080000000000002,17.6,16.87,17.150000000000002,216325,373109161.0,0.0,0,16.990000000000002,0
20130715,1373817600000,17.29,17.75,17.2,17.439999999999998,183428,320336585.0,0.0,0,17.15,0
20130716,1373904000000,17.5,17.720000000000002,17.17,17.6,152265,265344593.00000003,0.0,0,17.44,0
20130717,1373990400000,17.58,17.58,16.7,16.779999999999998,173714,296497412.00000006,0.0,0,17.599999999999998,0
20130718,1374076800000,16.65,17.25,16.5,16.99,117260,198851510.00000003,0.0,0,16.78,0
20130719,1374163200000,16.89,17.990000000000002,16.73,17.52,359384,629193316.0,0.0,0,16.990000000000002,0
20130722,1374422400000,17.8,19.27,17.53,19.27,497627,924953541.0,0.0,0,17.52,0
20130723,1374508800000,19.2,19.73,18.73,19.44,480174,926073621.0,0.0,0,19.27,0
20130724,1374595200000,19.25,21.3,18.96,20.52,380182,751893285.0000001,0.0,0,19.44,0
20130725,1374681600000,20.349999999999998,20.38,19.31,19.31,280139,555881817.0,0.0,0,20.52,0
20130726,1374768000000,19.32,19.93,18.8,19.650000000000002,267480,520343969.0,0.0,0,19.310000000000002,0
20130729,1375027200000,19.500000000000004,19.770000000000003,18.900000000000002,18.930000000000003,157714,302973970.0,0.0,0,19.650000000000002,0
20130730,1375113600000,19.15,19.33,17.88,18.91,163844,308023284.0,0.0,0,18.93,0
20130731,1375200000000,19.04,20.3,19.04,19.77,246755,487171967.0,0.0,0,18.91,0
20130801,1375286400000,19.87,20.599999999999998,19.7,20.56,238431,481876491.0,0.0,0,19.77,0
20130802,1375372800000,20.71,20.78,20.01,20.07,188192,381556785.00000006,0.0,0,20.560000000000002,0
20130805,1375632000000,20.099999999999998,20.5,19.88,20.3,136534,276732665.0,0.0,0,20.07,0
20130806,1375718400000,20.26,20.68,20.1,20.330000000000002,147194,300034371.00000006,0.0,0,20.3,0
20130807,1375804800000,20.33,20.39,19.5,19.58,190149,376544409.0,0.0,0,20.33,0
20130808,1375891200000,19.56,19.849999999999998,19.31,19.45,116497,227928075.0,0.0,0,19.58,0
20130809,1375977600000,19.48,19.99,19.31,19.77,113008,222557506.0,0.0,0,19.45,0
20130812,1376236800000,20.48,20.77,19.81,19.9,235894,476519504.0,0.0,0,19.77,0
20130813,1376323200000,19.8,20.08,19.7,19.8,102425,203433936.0,0.0,0,19.9,0
20130814,1376409600000,19.840000000000003,19.94,19.400000000000002,19.53,113172,221416723.0,0.0,0,19.8,0
20130815,1376496000000,19.41,19.509999999999998,18.81,18.869999999999997,125775,240599931.0,0.0,0,19.529999999999998,0
20130816,1376582400000,18.650000000000002,19.41,18.51,18.700000000000003,117674,224254872.0,0.0,0,18.87,0
20130819,1376841600000,18.53,19.18,18.36,19.14,82655,157028101.0,0.0,0,18.7,0
20130820,1376928000000,19.15,19.3,18.91,19.23,76019,145597589.00000003,0.0,0,19.14,0
20130821,1377014400000,19.35,19.900000000000002,19.14,19.73,154044,303165308.0,0.0,0,19.23,0
20130822,1377100800000,19.65,19.65,19.34,19.43,80790,157093168.0,0.0,0,19.73,0
20130823,1377187200000,19.6,19.78,18.96,19.7,124244,242481857.00000003,0.0,0,19.43,0
20130826,1377446400000,19.849999999999998,19.9,19.52,19.88,110077,217348677.0,0.0,0,19.7,0
20130827,1377532800000,19.9,19.97,19.57,19.65,93958,185399398.00000003,0.0,0,19.88,0
20130828,1377619200000,19.549999999999997,19.549999999999997,18.81,18.849999999999998,144425,276001053.0,0.0,0,19.65,0
20130829,1377705600000,18.87,19.2,18.7,18.77,72192,136613146.0,0.0,0,18.849999999999998,0
20130830,1377792000000,18.830000000000002,18.990000000000002,17.8,18.080000000000002,126581,232444127.0,0.0,0,18.77,0
20130902,1378051200000,18.12,18.47,17.75,18.46,85076,154524186.0,0.0,0,18.08,0
20130903,1378137600000,18.5,18.650000000000002,18.37,18.630000000000003,61649,114324765.0,0.0,0,18.46,0
20130904,1378224000000,18.630000000000003,18.650000000000002,18.240000000000002,18.37,65763,120636094.0,0.0,0,18.630000000000003,0
20130905,1378310400000,18.27,19.09,18.27,18.93,130489,245852442.00000003,0.0,0,18.37,0
20130906,1378396800000,18.830000000000002,19.080000000000002,18.46,18.82,98594,184771702.0,0.0,0,18.93,0
20130909,1378656000000,19.0,19.48,18.54,19.4,195058,371741599.0,0.0,0,18.82,0
20130910,1378742400000,19.6,20.5,19.6,20.240000000000002,319633,641303364.0,0.0,0,19.400000000000002,0
20130911,1378828800000,20.360000000000003,20.450000000000003,19.51,19.790000000000003,168997,335038897.0,0.0,0,20.240000000000002,0
20130912,1378915200000,19.759999999999998,19.99,19.2,19.33,146360,286393825.0,0.0,0,19.79,0
20130913,1379001600000,19.78,20.28,19.57,19.57,163660,324648137.00000006,0.0,0,19.330000000000002,0
20130916,1379260800000,19.5,19.75,19.23,19.39,92683,179686468.00000003,0.0,0,19.57,0
20130917,1379347200000,19.42,19.73,19.3,19.41,75186,146478433.0,0.0,0,19.39,0
20130918,1379433600000,19.43,19.73,19.2,19.63,90990,177292386.0,0.0,0,19.41,0
20130923,1379865600000,19.85,20.39,19.740000000000002,20.380000000000003,219081,440890827.0,0.0,0,19.630000000000003,0
20130924,1379952000000,20.4,21.5,20.25,20.92,269711,566571196.0,0.0,0,20.38,0
20130925,1380038400000,20.5,20.88,20.04,20.119999999999997,176389,359683334.0,0.0,0,20.919999999999998,0
20130926,1380124800000,20.14,20.500000000000004,19.900000000000002,19.94,105452,212611966.0,0.0,0,20.12,0
20130927,1380211200000,20.110000000000003,20.270000000000003,19.900000000000002,20.200000000000003,72370,145493870.0,0.0,0,19.94,0
20130930,1380470400000,20.689999999999998,21.04,20.38,20.869999999999997,142307,295885149.0,0.0,0,20.2,0
20131008,1381161600000,21.330000000000002,22.680000000000003,21.330000000000002,21.87,251615,553792158.0,0.0,0,20.87,0
20131009,1381248000000,21.680000000000003,22.930000000000003,21.400000000000002,22.750000000000004,245414,551175882.0,0.0,0,21.87,0
20131010,1381334400000,22.58,22.919999999999998,22.13,22.419999999999998,167817,376895431.0,0.0,0,22.75,0
20131011,1381420800000,22.7,23.95,22.21,22.48,246877,568857198.0,0.0,0,22.42,0
20131014,1381680000000,22.47,24.73,22.0,24.72,287798,667963724.0,0.0,0,22.48,0
20131015,1381766400000,25.0,25.8,24.35,25.330000000000002,390015,982518300.0,0.0,0,24.720000000000002,0
20131016,1381852800000,24.9,27.099999999999998,24.2,25.77,331746,849900083.0,0.0,0,25.33,0
20131017,1381939200000,25.77,27.7,25.47,26.64,328387,880719422.0,0.0,0,25.77,0
20131018,1382025600000,26.71,26.970000000000002,25.6,26.09,206345,539297756.0,0.0,0,26.64,0
20131021,1382284800000,26.490000000000002,28.400000000000002,26.060000000000002,27.630000000000003,300153,821183524.0000001,0.0,0,26.090000000000003,0
20131022,1382371200000,28.1,28.93,26.82,26.9,352522,982169777.0000001,0.0,0,27.63,0
20131023,1382457600000,26.8,27.330000000000002,25.6,26.150000000000002,209257,551620295.0,0.0,0,26.900000000000002,0
20131024,1382544000000,25.790000000000003,25.790000000000003,24.19,24.8,159153,398185197.0,0.0,0,26.150000000000002,0
20131025,1382630400000,24.810000000000002,26.28,24.810000000000002,25.400000000000002,185047,473301414.00000006,0.0,0,24.8,0
20131028,1382889600000,25.65,25.71,24.2,25.0,108130,269583525.0,0.0,0,25.4,0
20131029,1382976000000,25.0,25.32,22.87,23.62,188013,450550768.0,0.0,0,25.0,0
20131030,1383062400000,23.64,24.25,23.6,24.25,114651,274028023.0,0.0,0,23.62,0
20131031,1383148800000,24.25,24.25,23.05,23.36,80754,190775668.0,0.0,0,24.25,0
20131101,1383235200000,23.27,23.44,21.98,22.42,119325,269616779.0,0.0,0,23.36,0
20131104,1383494400000,22.97,23.98,22.97,23.83,154930,366005316.0,0.0,0,22.419999999999998,0
20131105,1383580800000,23.79,25.09,23.46,25.09,166490,405701866.0,0.0,0,23.830000000000002,0
20131106,1383667200000,25.09,25.990000000000002,24.46,24.76,202203,511817560.0,0.0,0,25.09,0
20131107,1383753600000,24.99,25.65,24.66,25.330000000000002,179062,451344687.00000006,0.0,0,24.76,0
20131108,1383840000000,25.01,26.35,25.0,26.08,211995,548635279.9999999,0.0,0,25.33,0
20131111,1384099200000,26.080000000000002,26.21,24.810000000000002,25.110000000000003,126546,321125572.0,0.0,0,26.080000000000002,0
20131112,1384185600000,25.0,25.689999999999998,24.52,25.44,130465,326441031.00000006,0.0,0,25.11,0
20131113,1384272000000,25.130000000000003,25.380000000000003,24.400000000000002,24.400000000000002,87149,216977805.0,0.0,0,25.44,0
20131114,1384358400000,24.48,24.61,23.45,24.18,111473,267588461.0,0.0,0,24.4,0
20131115,1384444800000,24.48,25.650000000000002,24.3,25.28,163932,411231668.99999994,0.0,0,24.18,0
20131118,1384704000000,25.62,25.75,25.1,25.64,147640,376085868.0,0.0,0,25.28,0
20131119,1384790400000,25.669999999999998,26.55,25.45,25.97,147821,384718792.0,0.0,0,25.64,0
20131120,1384876800000,26.080000000000002,26.150000000000002,25.37,25.970000000000002,116696,299280312.0,0.0,0,25.970000000000002,0
20131121,1384963200000,25.68,25.88,25.14,25.38,100167,254819216.00000003,0.0,0,25.97,0
20131122,1385049600000,25.43,25.69,25.02,25.11,79418,201121922.00000003,0.0,0,25.38,0
20131125,1385308800000,25.150000000000002,25.57,24.830000000000002,24.92,76884,193944192.00000003,0.0,0,25.110000000000003,0
20131126,1385395200000,24.92,25.19,24.310000000000002,24.46,84739,208158104.0,0.0,0,24.92,0
20131127,1385481600000,24.5,25.43,24.25,25.38,111416,278567290.00000006,0.0,0,24.46,0
20131128,1385568000000,25.36,25.46,24.98,25.07,96633,243141156.00000003,0.0,0,25.38,0
20131129,1385654400000,25.17,25.39,24.78,25.14,96177,240890618.0,0.0,0,25.07,0
20131202,1385913600000,23.82,24.500000000000004,22.740000000000002,22.790000000000003,193064,452870160.0,0.0,0,25.14,0
20131203,1386000000000,22.45,23.39,21.66,23.15,153479,344788579.0,0.0,0,22.79,0
20131204,1386086400000,23.310000000000002,23.85,23.3,23.42,124531,293663303.0,0.0,0,23.150000000000002,0
20131205,1386172800000,23.6,24.580000000000002,23.6,23.87,122696,295788846.0,0.0,0,23.42,0
20131206,1386259200000,24.0,24.7,23.66,23.72,104952,252665434.0,0.0,0,23.87,0
20131209,1386518400000,24.45,24.57,23.75,24.01,106900,257570858.0,0.0,0,23.72,0
20131210,1386604800000,24.07,24.09,23.31,23.349999999999998,105787,248932104.00000003,0.0,0,24.009999999999998,0
20131211,1386691200000,23.150000000000002,23.7,23.12,23.35,79196,185178800.0,0.0,0,23.35,0
20131212,1386777600000,23.380000000000003,23.490000000000002,23.1,23.150000000000002,57418,133474431.00000001,0.0,0,23.35,0
20131213,1386864000000,23.05,23.07,22.61,22.73,72330,164845175.00000003,0.0,0,23.15,0
20131216,1387123200000,22.75,23.29,22.25,23.27,112339,256553251.0,0.0,0,22.73,0
20131217,1387209600000,23.1,23.27,22.75,22.77,48241,110642901.0,0.0,0,23.27,0
20131218,1387296000000,22.849999999999998,22.9,22.31,22.549999999999997,39400,88864192.0,0.0,0,22.77,0
20131219,1387382400000,22.89,22.900000000000002,22.400000000000002,22.400000000000002,48251,109145825.99999999,0.0,0,22.55,0
20131220,1387468800000,22.38,22.619999999999997,22.04,22.169999999999998,43642,97001203.0,0.0,0,22.4,0
20131223,1387728000000,22.169999999999998,22.169999999999998,22.169999999999998,22.169999999999998,0,0.0,0.0,0,22.169999999999998,1
20131224,1387814400000,22.169999999999998,22.169999999999998,22.169999999999998,22.169999999999998,0,0.0,0.0,0,22.169999999999998,1
20131225,1387900800000,22.169999999999998,22.169999999999998,22.169999999999998,22.169999999999998,0,0.0,0.0,0,22.169999999999998,1
20131226,1387987200000,22.169999999999998,22.169999999999998,22.169999999999998,22.169999999999998,0,0.0,0.0,0,22.169999999999998,1
20131227,1388073600000,22.169999999999998,22.169999999999998,22.169999999999998,22.169999999999998,0,0.0,0.0,0,22.169999999999998,1
20131230,1388332800000,22.169999999999998,22.169999999999998,22.169999999999998,22.169999999999998,0,0.0,0.0,0,22.169999999999998,1
20131231,1388419200000,22.169999999999998,22.169999999999998,22.169999999999998,22.169999999999998,0,0.0,0.0,0,22.169999999999998,1
20140102,1388592000000,22.169999999999998,22.169999999999998,22.169999999999998,22.169999999999998,0,0.0,0.0,0,22.169999999999998,1
20140103,1388678400000,22.169999999999998,22.169999999999998,22.169999999999998,22.169999999999998,0,0.0,0.0,0,22.169999999999998,1
20140106,1388937600000,22.169999999999998,22.169999999999998,22.169999999999998,22.169999999999998,0,0.0,0.0,0,22.169999999999998,1
20140107,1389024000000,22.169999999999998,22.169999999999998,22.169999999999998,22.169999999999998,0,0.0,0.0,0,22.169999999999998,1
20140108,1389110400000,22.169999999999998,22.169999999999998,22.169999999999998,22.169999999999998,0,0.0,0.0,0,22.169999999999998,1
20140109,1389196800000,22.169999999999998,22.169999999999998,22.169999999999998,22.169999999999998,0,0.0,0.0,0,22.169999999999998,1
20140110,1389283200000,22.169999999999998,22.169999999999998,22.169999999999998,22.169999999999998,0,0.0,0.0,0,22.169999999999998,1
20140113,1389542400000,22.169999999999998,22.169999999999998,22.169999999999998,22.169999999999998,0,0.0,0.0,0,22.169999999999998,1
20140114,1389628800000,22.169999999999998,22.169999999999998,22.169999999999998,22.169999999999998,0,0.0,0.0,0,22.169999999999998,1
20140115,1389715200000,22.169999999999998,22.169999999999998,22.169999999999998,22.169999999999998,0,0.0,0.0,0,22.169999999999998,1
20140116,1389801600000,22.169999999999998,22.169999999999998,22.169999999999998,22.169999999999998,0,0.0,0.0,0,22.169999999999998,1
20140117,1389888000000,22.169999999999998,22.169999999999998,22.169999999999998,22.169999999999998,0,0.0,0.0,0,22.169999999999998,1
20140120,1390147200000,22.169999999999998,22.169999999999998,22.169999999999998,22.169999999999998,0,0.0,0.0,0,22.169999999999998,1
20140121,1390233600000,22.169999999999998,22.169999999999998,22.169999999999998,22.169999999999998,0,0.0,0.0,0,22.169999999999998,1
20140122,1390320000000,22.169999999999998,22.169999999999998,22.169999999999998,22.169999999999998,0,0.0,0.0,0,22.169999999999998,1
20140123,1390406400000,22.169999999999998,22.169999999999998,22.169999999999998,22.169999999999998,0,0.0,0.0,0,22.169999999999998,1
20140124,1390492800000,22.169999999999998,22.169999999999998,22.169999999999998,22.169999999999998,0,0.0,0.0,0,22.169999999999998,1
20140127,1390752000000,22.169999999999998,22.169999999999998,22.169999999999998,22.169999999999998,0,0.0,0.0,0,22.169999999999998,1
20140128,1390838400000,22.169999999999998,22.169999999999998,22.169999999999998,22.169999999999998,0,0.0,0.0,0,22.169999999999998,1
20140129,1390924800000,22.169999999999998,22.169999999999998,22.169999999999998,22.169999999999998,0,0.0,0.0,0,22.169999999999998,1
20140130,1391011200000,22.169999999999998,22.169999999999998,22.169999999999998,22.169999999999998,0,0.0,0.0,0,22.169999999999998,1
20140207,1391702400000,22.169999999999998,22.169999999999998,22.169999999999998,22.169999999999998,0,0.0,0.0,0,22.169999999999998,1
20140210,1391961600000,22.169999999999998,22.169999999999998,22.169999999999998,22.169999999999998,0,0.0,0.0,0,22.169999999999998,1
20140211,1392048000000,22.169999999999998,22.169999999999998,22.169999999999998,22.169999999999998,0,0.0,0.0,0,22.169999999999998,1
20140212,1392134400000,22.169999999999998,22.169999999999998,22.169999999999998,22.169999999999998,0,0.0,0.0,0,22.169999999999998,1
20140213,1392220800000,22.169999999999998,22.169999999999998,22.169999999999998,22.169999999999998,0,0.0,0.0,0,22.169999999999998,1
20140214,1392307200000,22.169999999999998,22.169999999999998,22.169999999999998,22.169999999999998,0,0.0,0.0,0,22.169999999999998,1
20140217,1392566400000,22.169999999999998,22.169999999999998,22.169999999999998,22.169999999999998,0,0.0,0.0,0,22.169999999999998,1
20140218,1392652800000,22.169999999999998,22.169999999999998,22.169999999999998,22.169999999999998,0,0.0,0.0,0,22.169999999999998,1
20140219,1392739200000,22.169999999999998,22.169999999999998,22.169999999999998,22.169999999999998,0,0.0,0.0,0,22.169999999999998,1
20140220,1392825600000,22.169999999999998,22.169999999999998,22.169999999999998,22.169999999999998,0,0.0,0.0,0,22.169999999999998,1
20140221,1392912000000,22.169999999999998,22.169999999999998,22.169999999999998,22.169999999999998,0,0.0,0.0,0,22.169999999999998,1
20140224,1393171200000,22.169999999999998,22.169999999999998,22.169999999999998,22.169999999999998,0,0.0,0.0,0,22.169999999999998,1
20140225,1393257600000,22.169999999999998,22.169999999999998,22.169999999999998,22.169999999999998,0,0.0,0.0,0,22.169999999999998,1
20140226,1393344000000,22.169999999999998,22.169999999999998,22.169999999999998,22.169999999999998,0,0.0,0.0,0,22.169999999999998,1
20140227,1393430400000,22.169999999999998,22.169999999999998,22.169999999999998,22.169999999999998,0,0.0,0.0,0,22.169999999999998,1
20140228,1393516800000,22.169999999999998,22.169999999999998,22.169999999999998,22.169999999999998,0,0.0,0.0,0,22.169999999999998,1
20140303,1393776000000,22.169999999999998,22.169999999999998,22.169999999999998,22.169999999999998,0,0.0,0.0,0,22.169999999999998,1
20140304,1393862400000,22.169999999999998,22.169999999999998,22.169999999999998,22.169999999999998,0,0.0,0.0,0,22.169999999999998,1
20140305,1393948800000,22.169999999999998,22.169999999999998,22.169999999999998,22.169999999999998,0,0.0,0.0,0,22.169999999999998,1
20140306,1394035200000,22.169999999999998,22.169999999999998,22.169999999999998,22.169999999999998,0,0.0,0.0,0,22.169999999999998,1
20140307,1394121600000,22.169999999999998,22.169999999999998,22.169999999999998,22.169999999999998,0,0.0,0.0,0,22.169999999999998,1
20140310,1394380800000,22.169999999999998,22.169999999999998,22.169999999999998,22.169999999999998,0,0.0,0.0,0,22.169999999999998,1
20140311,1394467200000,22.169999999999998,22.169999999999998,22.169999999999998,22.169999999999998,0,0.0,0.0,0,22.169999999999998,1
20140312,1394553600000,22.169999999999998,22.169999999999998,22.169999999999998,22.169999999999998,0,0.0,0.0,0,22.169999999999998,1
20140313,1394640000000,22.169999999999998,22.169999999999998,22.169999999999998,22.169999999999998,0,0.0,0.0,0,22.169999999999998,1
20140314,1394726400000,22.169999999999998,22.169999999999998,22.169999999999998,22.169999999999998,0,0.0,0.0,0,22.169999999999998,1
20140317,1394985600000,22.169999999999998,22.169999999999998,22.169999999999998,22.169999999999998,0,0.0,0.0,0,22.169999999999998,1
20140318,1395072000000,22.169999999999998,22.169999999999998,22.169999999999998,22.169999999999998,0,0.0,0.0,0,22.169999999999998,1
20140319,1395158400000,22.169999999999998,22.169999999999998,22.169999999999998,22.169999999999998,0,0.0,0.0,0,22.169999999999998,1
20140320,1395244800000,22.169999999999998,22.169999999999998,22.169999999999998,22.169999999999998,0,0.0,0.0,0,22.169999999999998,1
20140321,1395331200000,22.169999999999998,22.169999999999998,22.169999999999998,22.169999999999998,0,0.0,0.0,0,22.169999999999998,1
20140324,1395590400000,22.169999999999998,22.169999999999998,22.169999999999998,22.169999999999998,0,0.0,0.0,0,22.169999999999998,1
20140325,1395676800000,20.8,21.21,20.0,20.18,257042,524466821.0,0.0,0,22.17,0
20140326,1395763200000,20.020000000000003,20.69,20.01,20.3,112831,229603061.99999997,0.0,0,20.180000000000003,0
20140327,1395849600000,20.79,20.79,20.21,20.28,82674,168723863.00000003,0.0,0,20.3,0
20140328,1395936000000,20.3,20.31,18.29,18.48,180098,339458623.00000006,0.0,0,20.279999999999998,0
20140331,1396195200000,18.26,18.44,17.66,17.88,106461,190888101.0,0.0,0,18.48,0
20140401,1396281600000,17.8,18.290000000000003,17.78,18.25,67170,122014666.0,0.0,0,17.880000000000003,0
20140402,1396368000000,18.5,18.54,18.02,18.09,71650,131043507.0,0.0,0,18.25,0
20140403,1396454400000,18.0,18.51,18.0,18.29,75675,138601438.0,0.0,0,18.09,0
20140404,1396540800000,18.55,18.75,18.32,18.740000000000002,80962,150673160.0,0.0,0,18.29,0
20140408,1396886400000,18.680000000000003,19.040000000000003,18.42,18.98,82712,155128515.0,0.0,0,18.740000000000002,0
20140409,1396972800000,19.000000000000004,19.51,18.990000000000002,19.200000000000003,98992,190703598.0,0.0,0,18.98,0
20140410,1397059200000,19.200000000000003,19.470000000000002,19.01,19.1,83548,160764916.0,0.0,0,19.200000000000003,0
20140411,1397145600000,19.07,19.07,18.75,18.78,58265,109729087.0,0.0,0,19.1,0
20140414,1397404800000,18.87,19.19,18.87,18.94,43825,83236637.0,0.0,0,18.78,0
20140415,1397491200000,18.94,18.94,18.48,18.490000000000002,54400,101222867.0,0.0,0,18.94,0
20140416,1397577600000,18.5,18.68,18.43,18.49,38770,71864757.99999999,0.0,0,18.49,0
20140417,1397664000000,18.490000000000002,18.580000000000002,17.900000000000002,17.950000000000003,100881,182139989.0,0.0,0,18.490000000000002,0
20140418,1397750400000,17.9,18.19,17.68,18.15,55120,99008538.00000001,0.0,0,17.95,0
20140421,1398009600000,17.93,18.290000000000003,17.85,17.900000000000002,46819,84446737.0,0.0,0,18.150000000000002,0
20140422,1398096000000,17.99,18.09,17.38,17.709999999999997,53330,94697602.99999999,0.0,0,17.9,0
20140423,1398182400000,17.720000000000002,17.770000000000003,17.400000000000002,17.660000000000004,41450,72918384.0,0.0,0,17.71,0
20140424,1398268800000,17.66,18.31,17.66,18.03,91227,165336309.0,0.0,0,17.66,0
20140425,1398355200000,18.3,18.560000000000002,17.92,17.930000000000003,80022,145963170.0,0.0,0,18.03,0
20140428,1398614400000,17.889999999999997,17.889999999999997,16.4,16.479999999999997,85107,144336660.0,0.0,0,17.93,0
20140429,1398700800000,16.48,16.81,16.47,16.759999999999998,38617,64332646.0,0.0,0,16.48,0
20140430,1398787200000,16.76,16.930000000000003,16.51,16.880000000000003,37944,63668981.0,0.0,0,16.76,0
20140505,1399219200000,16.88,17.12,16.68,17.12,42315,71485321.0,0.0,0,16.88,0
20140506,1399305600000,17.05,17.32,17.03,17.19,50325,86498999.0,0.0,0,17.12,0
20140507,1399392000000,17.14,17.14,16.67,16.69,43491,73303622.0,0.0,0,17.19,0
20140508,1399478400000,16.56,16.98,16.56,16.75,35926,60301610.0,0.0,0,16.689999999999998,0
20140509,1399564800000,16.75,16.8,15.99,16.35,52510,85660576.0,0.0,0,16.75,0
20140512,1399824000000,16.5,16.87,16.18,16.86,59698,99225665.00000001,0.0,0,16.35,0
20140513,1399910400000,16.84,17.16,16.73,16.830000000000002,46453,78578337.00000001,0.0,0,16.86,0
20140514,1399996800000,16.85,16.85,16.48,16.57,38109,63445213.0,0.0,0,16.830000000000002,0
20140515,1400083200000,16.580000000000002,16.650000000000002,16.05,16.060000000000002,44403,72249420.0,0.0,0,16.57,0
20140516,1400169600000,16.2,16.23,16.0,16.23,40636,65421337.0,0.0,0,16.06,0
20140519,1400428800000,16.34,16.52,16.14,16.18,43717,71399852.0,0.0,0,16.23,0
20140520,1400515200000,16.3,16.69,16.3,16.5,45252,74693452.0,0.0,0,16.18,0
20140521,1400601600000,16.5,16.8,16.2,16.8,51244,85085612.00000001,0.0,0,16.5,0
20140522,1400688000000,16.8,17.08,16.61,16.66,71963,121706651.0,0.0,0,16.8,0
20140523,1400774400000,16.630000000000003,17.14,16.580000000000002,17.14,76141,129005516.0,0.0,0,16.66,0
20140526,1401033600000,17.26,17.380000000000003,17.03,17.3,89027,153149646.0,0.0,0,17.14,0
20140527,1401120000000,17.47,17.69,17.32,17.330000000000002,110159,193091176.99999997,0.0,0,17.3,0
20140528,1401206400000,17.4,17.599999999999998,17.29,17.48,72350,126121700.0,0.0,0,17.33,0
20140529,1401292800000,17.6,17.68,17.0,17.06,71511,123623168.0,0.0,0,17.48,0
20140530,1401379200000,17.1,17.18,16.82,17.0,54098,91926084.0,0.0,0,17.06,0
20140603,1401724800000,16.99,17.16,16.88,16.9,39277,66788482.0,0.0,0,17.0,0
20140604,1401811200000,16.990000000000002,17.91,16.92,17.900000000000002,187683,327354110.0,0.0,0,16.900000000000002,0
20140605,1401897600000,17.84,17.84,17.5,17.75,111432,196578638.99999997,0.0,0,17.9,0
20140606,1401984000000,17.68,17.779999999999998,17.47,17.63,66666,117370701.0,0.0,0,17.75,0
20140609,1402243200000,17.580000000000002,17.6,17.23,17.28,49755,86683266.0,0.0,0,17.63,0
20140610,1402329600000,17.33,17.619999999999997,17.29,17.52,56981,99714128.0,0.0,0,17.279999999999998,0
20140611,1402416000000,17.5,18.14,17.5,17.9,111677,200181712.0,0.0,0,17.52,0
20140612,1402502400000,17.7,17.7,17.45,17.55,59838,105048402.0,0.0,0,17.75,0
20140613,1402588800000,17.580000000000002,17.78,17.48,17.71,60297,106670484.0,0.0,0,17.55,0
20140616,1402848000000,17.86,18.11,17.82,18.1,92460,166399981.0,0.0,0,17.71,0
20140617,1402934400000,18.0,18.07,17.78,17.790000000000003,59912,107131778.0,0.0,0,18.1,0
20140618,1403020800000,17.779999999999998,17.84,17.38,17.45,57645,101074917.00000001,0.0,0,17.79,0
20140619,1403107200000,17.39,17.62,16.62,16.85,71293,122284999.00000001,0.0,0,17.450000000000003,0
20140620,1403193600000,16.82,16.96,16.66,16.91,36160,60755657.00000001,0.0,0,16.85,0
20140623,1403452800000,16.99,17.2,16.93,17.05,37525,63986769.0,0.0,0,16.91,0
20140624,1403539200000,17.0,17.150000000000002,16.94,17.0,32993,56206351.0,0.0,0,17.05,0
20140625,1403625600000,17.02,17.39,16.78,17.290000000000003,52034,88763351.0,0.0,0,17.0,0
20140626,1403712000000,17.32,17.55,17.23,17.43,64052,111686069.0,0.0,0,17.29,0
20140627,1403798400000,17.45,17.76,17.39,17.62,67876,119245903.0,0.0,0,17.43,0
20140630,1404057600000,17.64,17.750000000000004,17.400000000000002,17.580000000000002,56269,99004286.0,0.0,0,17.62,0
20140701,1404144000000,17.66,18.07,17.6,18.060000000000002,114731,205409766.0,0.0,0,17.580000000000002,0
20140702,1404230400000,18.11,18.11,17.81,17.939999999999998,75146,134668034.00000003,0.0,0,18.06,0
20140703,1404316800000,18.020000000000003,18.25,17.92,18.080000000000002,92705,168023514.0,0.0,0,17.94,0
20140704,1404403200000,18.12,18.23,17.87,17.91,53938,97080409.0,0.0,0,18.080000000000002,0
20140707,1404662400000,17.89,17.900000000000002,17.51,17.64,55260,97711491.00000001,0.0,0,17.91,0
20140708,1404748800000,17.72,18.169999999999998,17.56,18.119999999999997,83311,149269417.0,0.0,0,17.639999999999997,0
20140709,1404835200000,18.07,18.3,17.7,17.73,103781,187498137.99999997,0.0,0,18.12,0
20140710,1404921600000,17.650000000000002,17.8,17.55,17.59,58518,103253480.00000001,0.0,0,17.73,0
20140711,1405008000000,17.57,17.73,17.5,17.64,39848,70218965.0,0.0,0,17.59,0
20140714,1405267200000,17.740000000000002,18.380000000000003,17.740000000000002,18.37,123641,224186585.0,0.0,0,17.64,0
20140715,1405353600000,18.35,18.35,17.96,18.12,73109,132471708.00000001,0.0,0,18.37,0
20140716,1405440000000,18.14,18.6,18.14,18.3,133988,246834510.00000003,0.0,0,18.12,0
20140717,1405526400000,18.25,18.560000000000002,18.1,18.290000000000003,88374,161688057.0,0.0,0,18.3,0
20140718,1405612800000,18.35,18.76,18.240000000000002,18.76,153003,284103682.0,0.0,0,18.290000000000003,0
20140721,1405872000000,18.75,18.75,18.27,18.5,101681,187879467.00000003,0.0,0,18.759999999999998,0
20140722,1405958400000,18.35,18.75,18.3,18.69,104593,194537821.00000003,0.0,0,18.5,0
20140723,1406044800000,18.68,18.68,18.19,18.21,103367,190356761.0,0.0,0,18.69,0
20140724,1406131200000,18.28,18.36,17.73,17.92,83144,149677145.0,0.0,0,18.21,0
20140725,1406217600000,17.930000000000003,18.44,17.900000000000002,18.150000000000002,63651,115947492.0,0.0,0,17.92,0
20140728,1406476800000,18.21,18.73,18.18,18.58,101954,188145867.00000003,0.0,0,18.15,0
20140729,1406563200000,18.61,19.06,18.5,19.06,149813,282165430.0,0.0,0,18.58,0
20140730,1406649600000,19.330000000000002,19.44,18.85,19.07,173776,332358131.0,0.0,0,19.060000000000002,0
20140731,1406736000000,19.09,19.139999999999997,18.81,19.099999999999998,87444,165973709.00000003,0.0,0,19.07,0
20140801,1406822400000,19.099999999999998,19.45,18.79,18.82,131575,251981343.0,0.0,0,19.099999999999998,0
20140804,1407081600000,18.75,19.1,18.75,19.05,72397,137384192.0,0.0,0,18.82,0
20140805,1407168000000,19.009999999999998,19.209999999999997,18.81,19.049999999999997,71461,135772264.0,0.0,0,19.049999999999997,0
20140806,1407254400000,19.049999999999997,19.09,18.81,18.93,83941,158801946.0,0.0,0,19.049999999999997,0
20140807,1407340800000,18.930000000000003,18.98,18.580000000000002,18.6,103408,193902214.99999997,0.0,0,18.930000000000003,0
20140808,1407427200000,18.59,18.73,18.41,18.63,73028,135541230.0,0.0,0,18.6,0
20140811,1407686400000,18.64,18.96,18.64,18.900000000000002,81955,154273517.00000003,0.0,0,18.63,0
20140812,1407772800000,18.900000000000002,19.020000000000003,18.76,19.01,80740,153003918.99999997,0.0,0,18.900000000000002,0
20140813,1407859200000,19.14,19.17,18.71,18.94,74146,140046706.0,0.0,0,19.01,0
20140814,1407945600000,18.86,19.28,18.78,18.990000000000002,118533,226711658.0,0.0,0,18.94,0
20140815,1408032000000,18.950000000000003,19.310000000000002,18.92,19.310000000000002,117340,225066775.0,0.0,0,18.990000000000002,0
20140818,1408291200000,19.330000000000002,19.57,19.23,19.56,130989,253953235.0,0.0,0,19.31,0
20140819,1408377600000,19.69,20.18,19.66,19.84,189100,376174929.0,0.0,0,19.56,0
20140820,1408464000000,19.87,19.89,19.57,19.62,103929,204463189.99999997,0.0,0,19.84,0
20140821,1408550400000,19.6,19.8,19.330000000000002,19.740000000000002,95863,187935516.0,0.0,0,19.62,0
20140822,1408636800000,19.790000000000003,20.17,19.76,20.12,142149,284410391.0,0.0,0,19.740000000000002,0
20140825,1408896000000,20.23,20.25,19.87,19.91,78088,156294022.0,0.0,0,20.12,0
20140826,1408982400000,19.9,19.91,19.29,19.419999999999998,97046,189643455.0,0.0,0,19.91,0
20140827,1409068800000,19.55,19.64,19.37,19.540000000000003,55431,108223541.0,0.0,0,19.42,0
20140828,1409155200000,19.610000000000003,19.770000000000003,19.42,19.55,64162,125787923.0,0.0,0,19.540000000000003,0
20140829,1409241600000,19.6,19.95,19.48,19.93,70385,139251056.00000003,0.0,0,19.55,0
20140901,1409500800000,19.97,20.22,19.91,20.2,92169,185277320.0,0.0,0,19.93,0
20140902,1409587200000,20.26,20.330000000000002,20.01,20.3,124361,250933372.0,0.0,0,20.200000000000003,0
20140903,1409673600000,20.37,20.77,20.23,20.34,151942,310952323.00000006,0.0,0,20.3,0
20140904,1409760000000,20.48,20.66,20.2,20.56,129469,265011499.00000003,0.0,0,20.34,0
20140905,1409846400000,20.560000000000002,20.950000000000003,20.53,20.78,125421,260663379.00000003,0.0,0,20.560000000000002,0
20140909,1410192000000,20.98,21.79,20.97,21.63,202316,435768419.00000006,0.0,0,20.779999999999998,0
20140910,1410278400000,21.580000000000002,21.89,21.32,21.79,151668,328638047.0,0.0,0,21.63,0
20140911,1410364800000,21.970000000000002,21.970000000000002,21.21,21.310000000000002,178847,386130497.0,0.0,0,21.79,0
20140912,1410451200000,21.32,21.55,21.11,21.54,108977,231861290.0,0.0,0,21.31,0
20140915,1410710400000,21.45,21.49,21.11,21.349999999999998,105943,225380405.00000003,0.0,0,21.54,0
20140916,1410796800000,21.32,21.32,20.31,20.33,156233,325641836.0,0.0,0,21.349999999999998,0
20140917,1410883200000,20.330000000000002,20.53,20.01,20.5,96222,195439125.0,0.0,0,20.330000000000002,0
20140918,1410969600000,20.450000000000003,20.69,20.28,20.6,66988,137613993.0,0.0,0,20.5,0
20140919,1411056000000,20.7,21.099999999999998,20.7,20.98,90674,189960370.0,0.0,0,20.599999999999998,0
20140922,1411315200000,20.88,20.88,20.32,20.34,78181,160357391.00000003,0.0,0,20.98,0
20140923,1411401600000,20.3,20.66,20.2,20.63,58548,120222861.0,0.0,0,20.34,0
20140924,1411488000000,20.590000000000003,20.94,20.490000000000002,20.910000000000004,65898,136939866.0,0.0,0,20.630000000000003,0
20140925,1411574400000,21.0,21.080000000000002,20.53,20.6,79293,165023683.00000003,0.0,0,20.91,0
20140926,1411660800000,20.580000000000002,20.78,20.42,20.700000000000003,60777,125276323.0,0.0,0,20.6,0
20140929,1411920000000,20.8,21.3,20.75,21.3,111980,235616260.0,0.0,0,20.7,0
20140930,1412006400000,21.3,21.36,21.07,21.240000000000002,73001,154595055.0,0.0,0,21.3,0
20141008,1412697600000,21.240000000000002,21.680000000000003,21.080000000000002,21.66,108327,232038552.0,0.0,0,21.240000000000002,0
20141009,1412784000000,21.96,22.66,21.77,22.05,234248,519664236.0,0.0,0,21.66,0
20141010,1412870400000,21.85,22.61,21.8,22.42,198692,444543880.0,0.0,0,22.05,0
20141013,1413129600000,22.35,22.35,21.740000000000002,21.910000000000004,134272,295335699.0,0.0,0,22.42,0
20141014,1413216000000,21.849999999999998,22.3,21.61,22.08,129004,282598278.0,0.0,0,21.91,0
20141015,1413302400000,21.93,22.29,21.82,22.29,126358,279624240.99999994,0.0,0,22.080000000000002,0
20141016,1413388800000,22.06,22.96,21.98,22.580000000000002,218307,491589210.00000006,0.0,0,22.29,0
20141017,1413475200000,22.45,22.76,21.8,22.080000000000002,144426,320526343.0,0.0,0,22.580000000000002,0
20141020,1413734400000,22.21,22.56,22.09,22.27,94261,210371596.0,0.0,0,22.08,0
20141021,1413820800000,22.3,22.490000000000002,21.64,21.88,105802,232623807.0,0.0,0,22.27,0
20141022,1413907200000,21.85,21.94,21.42,21.44,79420,172021127.0,0.0,0,21.880000000000003,0
20141023,1413993600000,21.44,21.62,20.900000000000002,20.990000000000002,85210,180439854.0,0.0,0,21.44,0
20141024,1414080000000,21.0,21.259999999999998,20.86,20.95,51604,108574077.0,0.0,0,20.99,0
20141027,1414339200000,21.21,21.93,21.09,21.92,99116,214591245.99999997,0.0,0,20.95,0
20141028,1414425600000,22.05,22.250000000000004,21.900000000000002,22.23,112448,248405598.0,0.0,0,21.92,0
20141029,1414512000000,22.32,22.45,21.91,22.42,138364,306900168.00000006,0.0,0,22.23,0
20141030,1414598400000,22.34,22.34,22.01,22.1,86731,192059146.0,0.0,0,22.42,0
20141031,1414684800000,22.08,22.2,21.5,21.86,106808,232527716.0,0.0,0,22.1,0
20141103,1414944000000,21.86,22.09,21.78,21.89,63448,138816213.0,0.0,0,21.86,0
20141104,1415030400000,21.900000000000002,21.970000000000002,21.51,21.520000000000003,69739,151627282.0,0.0,0,21.89,0
20141105,1415116800000,21.509999999999998,21.779999999999998,21.2,21.73,69129,148802561.0,0.0,0,21.52,0
20141106,1415203200000,21.68,22.08,21.63,22.08,93546,204659640.0,0.0,0,21.73,0
20141107,1415289600000,22.11,22.7,21.86,22.06,163182,364507578.0,0.0,0,22.08,0
20141110,1415548800000,22.000000000000004,22.000000000000004,21.580000000000002,21.700000000000003,85905,187124455.00000003,0.0,0,22.060000000000002,0
20141111,1415635200000,21.8,21.98,20.26,20.55,149373,315435259.0,0.0,0,21.700000000000003,0
20141112,1415721600000,20.55,20.83,20.45,20.73,63339,130928402.99999999,0.0,0,20.55,0
20141113,1415808000000,20.84,20.88,19.95,20.06,100015,201461946.99999997,0.0,0,20.73,0
20141114,1415894400000,20.0,20.3,19.86,20.05,44574,89783743.0,0.0,0,20.06,0
20141117,1416153600000,20.1,20.44,19.87,20.34,45187,91583576.0,0.0,0,20.05,0
20141118,1416240000000,20.35,20.57,20.16,20.56,52751,107634421.0,0.0,0,20.34,0
20141119,1416326400000,20.56,20.56,20.56,20.56,0,0.0,0.0,0,20.56,1
20141120,1416412800000,20.56,20.56,20.56,20.56,0,0.0,0.0,0,20.56,1
20141121,1416499200000,20.56,20.56,20.56,20.56,0,0.0,0.0,0,20.56,1
20141124,1416758400000,20.56,20.56,20.56,20.56,0,0.0,0.0,0,20.56,1
20141125,1416844800000,22.619999999999997,22.619999999999997,21.81,22.619999999999997,388244,870369604.0,0.0,0,20.56,0
20141126,1416931200000,23.200000000000003,23.32,22.150000000000002,22.820000000000004,285590,654608053.0,0.0,0,22.62,0
20141127,1417017600000,23.3,23.770000000000003,22.85,23.150000000000002,255203,596262021.0,0.0,0,22.82,0
20141128,1417104000000,23.16,23.16,22.52,22.89,152268,347787776.00000006,0.0,0,23.15,0
20141201,1417363200000,22.959999999999997,23.5,22.31,22.68,142122,324084072.0,0.0,0,22.889999999999997,0
20141202,1417449600000,22.62,23.64,22.62,23.330000000000002,215761,502629889.00000006,0.0,0,22.68,0
20141203,1417536000000,23.400000000000002,23.92,22.900000000000002,23.89,219267,513993304.0,0.0,0,23.330000000000002,0
20141204,1417622400000,23.92,24.48,23.75,24.0,177552,426386190.0,0.0,0,23.89,0
20141205,1417708800000,23.87,23.9,22.41,22.96,165924,382991991.0,0.0,0,24.0,0
20141208,1417968000000,22.990000000000002,23.480000000000004,22.400000000000002,23.19,160754,367449987.99999994,0.0,0,22.96,0
20141209,1418054400000,23.07,23.07,22.0,22.01,148068,334488021.0,0.0,0,23.19,0
20141210,1418140800000,22.000000000000004,24.21,21.900000000000002,24.21,227336,536987033.0,0.0,0,22.01,0
20141211,1418227200000,25.5,26.63,25.0,26.08,450256,1167456096.0,0.0,0,24.21,0
20141212,1418313600000,26.060000000000002,28.000000000000004,25.560000000000002,27.360000000000003,312156,838398582.0,0.0,0,26.080000000000002,0
20141215,1418572800000,27.19,28.63,26.91,27.7,211006,590894082.0,0.0,0,27.36,0
20141216,1418659200000,27.8,28.509999999999998,27.02,28.02,169085,471874086.00000006,0.0,0,27.7,0
20141217,1418745600000,27.87,30.0,27.39,28.89,178478,512363885.99999994,0.0,0,28.02,0
20141218,1418832000000,28.85,31.700000000000003,28.6,31.19,175896,540497226.0,0.0,0,28.89,0
20141219,1418918400000,31.0,31.5,29.41,30.86,178264,542942189.0,0.0,0,31.19,0
20141222,1419177600000,30.7,31.55,28.7,29.88,155999,464824147.0,0.0,0,30.86,0
20141223,1419264000000,29.8,30.500000000000004,28.400000000000002,28.610000000000003,124935,367240073.00000006,0.0,0,29.880000000000003,0
20141224,1419350400000,29.0,30.380000000000003,28.6,29.39,126395,372939591.0,0.0,0,28.610000000000003,0
20141225,1419436800000,29.88,29.88,28.68,29.68,87696,256286489.0,0.0,0,29.39,0
20141226,1419523200000,29.67,30.0,29.03,29.64,87932,258958175.0,0.0,0,29.68,0
20141229,1419782400000,30.02,30.700000000000003,29.03,29.290000000000003,119448,353466623.0,0.0,0,29.64,0
20141230,1419868800000,29.29,29.43,27.36,27.439999999999998,162376,453610976.0,0.0,0,29.29,0
20141231,1419955200000,27.400000000000002,28.12,26.94,27.68,95115,261713927.0,0.0,0,27.44,0
20150105,1420387200000,28.0,28.2,26.5,27.95,107773,296701878.0,0.0,0,27.68,0
20150106,1420473600000,27.55,30.0,26.76,29.580000000000002,183760,517143637.0,0.0,0,27.950000000000003,0
20150107,1420560000000,29.0,29.240000000000002,28.6,28.650000000000002,90978,262642383.0,0.0,0,29.580000000000002,0
20150108,1420646400000,28.6,29.18,28.19,28.630000000000003,82383,237115977.0,0.0,0,28.650000000000002,0
20150109,1420732800000,28.42,28.79,27.8,27.95,75110,211242374.0,0.0,0,28.630000000000003,0
20150112,1420992000000,27.8,27.8,26.88,27.18,48357,131995576.0,0.0,0,27.95,0
20150113,1421078400000,27.17,28.35,26.98,27.8,59133,164603215.00000003,0.0,0,27.18,0
20150114,1421164800000,27.97,27.97,27.2,27.37,29664,81911112.0,0.0,0,27.8,0
20150115,1421251200000,27.98,29.68,27.96,28.44,120866,348872175.0,0.0,0,27.37,0
20150116,1421337600000,28.369999999999997,28.939999999999998,27.88,28.74,73740,210093356.0,0.0,0,28.439999999999998,0
20150119,1421596800000,27.82,29.25,27.02,28.2,98966,280371161.0,0.0,0,28.74,0
20150120,1421683200000,28.1,29.450000000000003,28.1,29.360000000000003,101720,296289017.0,0.0,0,28.200000000000003,0
20150121,1421769600000,29.36,30.599999999999998,29.2,29.7,125540,376720684.0,0.0,0,29.36,0
20150122,1421856000000,30.0,30.110000000000003,29.35,29.810000000000002,86323,256466406.00000003,0.0,0,29.700000000000003,0
20150123,1421942400000,29.7,29.8,28.77,28.98,81469,238119551.0,0.0,0,29.81,0
20150126,1422201600000,29.000000000000004,29.89,28.990000000000002,29.46,71005,209455375.00000003,0.0,0,28.98,0
20150127,1422288000000,29.47,29.85,28.5,28.77,101188,293001094.0,0.0,0,29.46,0
20150128,1422374400000,28.740000000000002,28.86,27.91,28.01,77976,220748086.0,0.0,0,28.77,0
20150129,1422460800000,27.880000000000003,28.28,27.6,28.0,45550,127332841.0,0.0,0,28.01,0
20150130,1422547200000,28.09,29.09,28.09,28.16,65661,187615832.0,0.0,0,28.0,0
20150202,1422806400000,27.98,28.08,27.61,28.08,36709,102128926.00000001,0.0,0,28.16,0
20150203,1422892800000,28.1,28.770000000000003,27.650000000000002,28.62,58079,164908341.99999997,0.0,0,28.080000000000002,0
20150204,1422979200000,28.58,28.8,27.7,27.99,68085,192135585.0,0.0,0,28.62,0
20150205,1423065600000,28.0,28.18,27.35,27.55,76298,211599145.0,0.0,0,27.990000000000002,0
20150206,1423152000000,27.36,27.939999999999998,26.79,26.8,63586,172901184.0,0.0,0,27.55,0
20150209,1423411200000,26.8,26.95,25.88,25.9,73719,194024902.0,0.0,0,26.8,0
20150210,1423497600000,25.900000000000002,26.95,25.8,26.830000000000002,46118,121553291.00000001,0.0,0,25.900000000000002,0
20150211,1423584000000,27.0,27.38,27.0,27.26,36413,99064313.99999999,0.0,0,26.83,0
20150212,1423670400000,27.33,27.57,27.18,27.45,33428,91452815.0,0.0,0,27.259999999999998,0
20150213,1423756800000,28.3,30.2,28.3,30.2,253094,752466662.0,0.0,0,27.45,0
20150216,1424016000000,30.650000000000002,31.46,30.060000000000002,31.230000000000004,182460,559060154.0,0.0,0,30.200000000000003,0
20150217,1424102400000,31.21,32.49,30.7,31.099999999999998,140443,442495597.00000006,0.0,0,31.23,0
20150225,1424793600000,31.5,33.5,31.09,31.39,128083,411942965.0,0.0,0,31.1,0
20150226,1424880000000,31.35,32.31,30.310000000000002,31.000000000000004,105419,328072049.00000006,0.0,0,31.39,0
20150227,1424966400000,31.2,32.1,30.41,31.65,126871,397120214.0,0.0,0,31.0,0
20150302,1425225600000,34.82,34.82,34.82,34.82,60613,211055858.0,0.0,0,31.65,0
20150303,1425312000000,36.50000000000001,38.300000000000004,35.910000000000004,37.36000000000001,497660,1864036059.0000002,0.0,0,34.82,0
20150304,1425398400000,36.6,37.05,35.54,36.24,229274,831685338.0000001,0.0,0,37.36,0
20150305,1425484800000,36.0,37.0,35.25,35.87,234922,851136628.0,0.0,0,36.24,0
20150306,1425571200000,35.800000000000004,35.800000000000004,34.1,34.52,194443,674429895.0,0.0,0,35.870000000000005,0
20150309,1425830400000,34.5,35.300000000000004,34.31,34.760000000000005,92940,323678838.0,0.0,0,34.52,0
20150310,1425916800000,34.800000000000004,35.39000000000001,34.300000000000004,35.02,88927,310131052.0,0.0,0,34.760000000000005,0
20150311,1426003200000,35.02,35.09,33.660000000000004,33.870000000000005,106713,365572578.00000006,0.0,0,35.02,0
20150312,1426089600000,33.879999999999995,34.47,32.8,33.839999999999996,88073,295803900.0,0.0,0,33.87,0
20150313,1426176000000,34.00000000000001,34.38,33.660000000000004,34.25000000000001,67893,230867633.00000003,0.0,0,33.84,0
20150316,1426435200000,34.62,35.85,34.61,35.769999999999996,140475,496293785.0,0.0,0,34.25,0
20150317,1426521600000,35.8,36.15,35.0,35.54,112378,399444244.99999994,0.0,0,35.77,0
20150318,1426608000000,35.5,36.61,35.08,35.989999999999995,143976,515389738.0,0.0,0,35.54,0
20150319,1426694400000,35.95,35.97,34.96,35.32,101386,358070543.0,0.0,0,35.99,0
20150320,1426780800000,35.03,35.5,34.49,34.870000000000005,129943,453950070.00000006,0.0,0,35.32,0
20150323,1427040000000,35.31,35.5,34.77,35.42,145622,511900974.0,0.0,0,34.870000000000005,0
20150324,1427126400000,35.69,35.78,34.0,35.27,165521,578667715.0,0.0,0,35.42,0
20150325,1427212800000,35.160000000000004,37.6,34.56,36.2,219121,798101059.0,0.0,0,35.27,0
20150326,1427299200000,36.0,36.0,34.44,34.519999999999996,178552,624944442.0,0.0,0,36.199999999999996,0
20150327,1427385600000,34.56,35.13,34.480000000000004,34.660000000000004,73537,256078544.0,0.0,0,34.52,0
20150330,1427644800000,34.7,35.0,34.32,34.8,90631,314312801.0,0.0,0,34.660000000000004,0
20150331,1427731200000,34.800000000000004,35.45,34.660000000000004,35.45,118075,415353759.0,0.0,0,34.800000000000004,0
20150401,1427817600000,35.46,36.96,35.46,36.160000000000004,178541,648897807.0,0.0,0,35.45,0
20150402,1427904000000,36.42,39.78,36.42,39.550000000000004,324913,1259913385.0,0.0,0,36.160000000000004,0
20150403,1427990400000,38.82,40.48,38.5,39.48,227156,893908652.9999999,0.0,0,39.55,0
20150407,1428336000000,39.5,39.85,38.38,39.07,181187,704103361.0,0.0,0,39.480000000000004,0
20150408,1428422400000,39.08,39.08,36.37,37.839999999999996,198793,748488687.0000001,0.0,0,39.07,0
20150409,1428508800000,37.6,37.6,36.15,37.1,99202,364714202.0,0.0,0,37.839999999999996,0
20150410,1428595200000,37.1,37.1,37.1,37.1,0,0.0,0.0,0,37.1,1
20150413,1428854400000,40.81,40.81,39.2,40.81,208205,848729550.0000001,0.0,0,37.1,0
20150414,1428940800000,42.0,43.660000000000004,40.17,40.2,293632,1233858904.0,0.0,0,40.81,0
20150415,1429027200000,38.99,39.7,38.28,38.47,167213,650680441.0000001,0.0,0,40.2,0
20150416,1429113600000,37.879999999999995,39.9,37.01,39.19,155380,604735131.0,0.0,0,38.47,0
20150417,1429200000000,39.540000000000006,40.120000000000005,38.550000000000004,38.800000000000004,139348,545710214.0,0.0,0,39.190000000000005,0
20150420,1429459200000,38.79,38.79,37.06,37.21,160183,605240783.9999999,0.0,0,38.800000000000004,0
20150421,1429545600000,37.25,39.39,37.25,39.32,213681,820290737.0,0.0,0,37.21,0
20150422,1429632000000,40.22,41.25,39.82,40.24,178770,722744509.0,0.0,0,39.32,0
20150423,1429718400000,40.580000000000005,41.400000000000006,40.050000000000004,40.36000000000001,189485,770539941.0,0.0,0,40.24,0
20150424,1429804800000,39.800000000000004,40.18,39.1,39.82,145125,574307168.0,0.0,0,40.36,0
20150427,1430064000000,39.61,40.6,39.61,40.08,150145,602767681.0,0.0,0,39.82,0
20150428,1430150400000,40.519999999999996,41.47,39.12,39.699999999999996,163838,659064117.0,0.0,0,40.08,0
20150429,1430236800000,39.68,40.84,39.1,40.67,128694,516395447.00000006,0.0,0,39.7,0
20150430,1430323200000,41.14,41.300000000000004,39.96,40.01,104737,423774815.00000006,0.0,0,40.67,0
20150504,1430668800000,40.9,42.589999999999996,40.4,42.36,204957,853518934.0000001,0.0,0,40.01,0
20150505,1430755200000,42.67,42.67,40.45,40.620000000000005,129468,533923971.00000006,0.0,0,42.36,0
20150506,1430841600000,40.800000000000004,41.480000000000004,39.300000000000004,39.400000000000006,125343,509059049.0,0.0,0,40.620000000000005,0
20150507,1430928000000,39.45,39.68000000000001,37.800000000000004,37.900000000000006,131565,507366128.0,0.0,0,39.400000000000006,0
20150508,1431014400000,37.730000000000004,39.25000000000001,37.730000000000004,39.17,112898,433849607.0,0.0,0,37.900000000000006,0
20150511,1431273600000,40.24,41.4,39.78,41.050000000000004,171813,699228407.0,0.0,0,39.17,0
20150512,1431360000000,41.48,41.48,40.4,40.76,169592,692089773.0,0.0,0,41.05,0
20150513,1431446400000,40.69,43.08,40.26,42.32,216484,907813965.0000001,0.0,0,40.76,0
20150514,1431532800000,42.7,45.5,41.5,44.49,302077,1309298740.0,0.0,0,42.32,0
20150515,1431619200000,43.5,44.3,42.9,43.58,145668,634383965.0,0.0,0,44.49,0
20150518,1431878400000,43.8,44.379999999999995,43.01,44.059999999999995,154992,679108689.0,0.0,0,43.58,0
20150519,1431964800000,44.25,44.68,43.1,44.190000000000005,150976,661455186.9999999,0.0,0,44.06,0
20150520,1432051200000,44.25,45.980000000000004,43.64,44.29,154538,698642524.0000001,0.0,0,44.19,0
20150521,1432137600000,45.52,48.720000000000006,45.52,48.720000000000006,195546,929306142.0,0.0,0,44.290000000000006,0
20150522,1432224000000,51.00000000000001,53.59,49.800000000000004,53.190000000000005,245871,1268815886.0,0.0,0,48.720000000000006,0
20150525,1432483200000,53.300000000000004,55.790000000000006,50.480000000000004,54.400000000000006,201523,1073252121.0,0.0,0,53.190000000000005,0
20150526,1432569600000,54.0,59.0,53.47,57.75,191103,1088036978.9999998,0.0,0,54.4,0
20150527,1432656000000,29.01,29.6,27.8,29.02,570303,1651650440.0,0.0,0,28.78,0
20150528,1432742400000,29.0,29.450000000000003,26.12,26.12,621891,1738732059.0,0.0,0,29.02,0
20150529,1432828800000,25.68,26.880000000000003,23.8,25.34,466876,1193736390.0000002,0.0,0,26.12,0
20150601,1433088000000,25.4,26.93,25.27,26.72,376171,977919303.0,0.0,0,25.34,0
20150602,1433174400000,26.86,28.2,26.73,28.2,339013,927901120.0000001,0.0,0,26.72,0
20150603,1433260800000,28.5,28.8,27.0,27.55,352106,974318606.0,0.0,0,28.2,0
20150604,1433347200000,27.6,27.85,25.11,27.0,303568,807222495.0,0.0,0,27.55,0
20150605,1433433600000,28.68,29.18,27.3,27.82,438531,1239021304.0000002,0.0,0,27.0,0
20150608,1433692800000,27.88,28.0,26.5,26.79,363683,976276434.0,0.0,0,27.82,0
20150609,1433779200000,26.73,27.26,26.16,26.49,294406,781908319.0,0.0,0,26.79,0
20150610,1433865600000,26.400000000000002,28.0,26.21,27.6,355385,972229486.0,0.0,0,26.490000000000002,0
20150611,1433952000000,27.660000000000004,28.290000000000003,27.150000000000002,28.000000000000004,377087,1044904830.0,0.0,0,27.6,0
20150612,1434038400000,28.26,29.67,27.5,28.67,487982,1395753587.0,0.0,0,28.0,0
20150615,1434297600000,28.740000000000002,30.0,28.73,29.3,502806,1488353936.0000002,0.0,0,28.67,0
20150616,1434384000000,29.0,29.0,27.48,27.62,332366,933902990.0,0.0,0,29.3,0
20150617,1434470400000,27.62,28.19,26.0,27.95,297453,814286092.0,0.0,0,27.62,0
20150618,1434556800000,27.94,27.94,26.5,26.6,230556,626824109.0,0.0,0,27.95,0
20150619,1434643200000,26.450000000000003,26.450000000000003,23.94,23.94,234865,582244023.0,0.0,0,26.6,0
20150623,1434988800000,23.94,24.67,21.740000000000002,24.01,227757,527677850.00000006,0.0,0,23.94,0
20150624,1435075200000,24.6,24.85,23.8,24.55,226402,553260845.0,0.0,0,24.01,0
20150625,1435161600000,24.8,25.750000000000004,23.650000000000002,24.250000000000004,296779,740162347.0,0.0,0,24.55,0
20150626,1435248000000,23.5,24.0,21.830000000000002,21.830000000000002,241516,544052661.0,0.0,0,24.25,0
20150629,1435507200000,22.590000000000003,22.6,19.650000000000002,19.650000000000002,301167,613791432.0000001,0.0,0,21.830000000000002,0
20150630,1435593600000,19.44,20.75,17.69,20.67,325686,624148302.0,0.0,0,19.650000000000002,0
20150701,1435680000000,20.3,21.290000000000003,18.6,18.94,294356,600026109.0,0.0,0,20.67,0
20150702,1435766400000,19.01,19.990000000000002,17.05,17.05,346427,625699395.0,0.0,0,18.94,0
20150703,1435852800000,16.27,17.73,15.35,15.35,323892,514544963.00000006,0.0,0,17.05,0
20150706,1436112000000,16.89,16.89,13.85,15.26,429476,660487655.0,0.0,0,15.35,0
20150707,1436198400000,15.5,15.780000000000001,13.73,13.73,395418,574540586.0,0.0,0,15.26,0
20150708,1436284800000,13.73,13.73,13.73,13.73,0,0.0,0.0,0,13.73,1
20150709,1436371200000,13.73,13.73,13.73,13.73,0,0.0,0.0,0,13.73,1
20150710,1436457600000,15.1,15.1,15.1,15.1,89604,135303533.99999997,0.0,0,13.73,0
20150713,1436716800000,16.61,16.61,16.61,16.61,55808,92698582.00000001,0.0,0,15.1,0
20150714,1436803200000,18.27,18.27,17.71,18.27,386306,703221074.0,0.0,0,16.61,0
20150715,1436889600000,18.0,18.0,16.44,16.44,485108,833536110.0,0.0,0,18.270000000000003,0
20150716,1436976000000,16.2,17.900000000000002,15.38,17.1,359870,607631665.0,0.0,0,16.44,0
20150717,1437062400000,17.38,18.8,17.2,18.68,329913,598909025.0000001,0.0,0,17.099999999999998,0
20150720,1437321600000,18.91,20.16,18.68,20.16,462694,904037668.0000001,0.0,0,18.68,0
20150721,1437408000000,19.8,20.62,19.51,20.01,360762,726690992.0,0.0,0,20.16,0
20150722,1437494400000,19.75,20.5,19.6,20.220000000000002,322589,647753931.0,0.0,0,20.01,0
20150723,1437580800000,20.310000000000002,20.990000000000002,19.900000000000002,20.770000000000003,322810,660858613.0,0.0,0,20.220000000000002,0
20150724,1437667200000,20.86,20.98,19.45,20.0,381796,779817089.0,0.0,0,20.77,0
20150727,1437926400000,19.49,20.35,18.0,18.0,349626,676993086.0,0.0,0,20.0,0
20150728,1438012800000,17.64,18.4,16.25,17.3,338426,582839017.0,0.0,0,18.0,0
20150729,1438099200000,17.7,18.759999999999998,17.11,18.68,339060,602846635.0,0.0,0,17.3,0
20150730,1438185600000,18.950000000000003,19.48,18.240000000000002,18.55,378614,722732813.9999999,0.0,0,18.680000000000003,0
20150731,1438272000000,18.27,19.25,18.27,18.8,276917,521937870.0,0.0,0,18.55,0
20150803,1438531200000,19.29,20.13,19.02,19.62,460113,898407198.0,0.0,0,18.8,0
20150804,1438617600000,19.62,21.5,19.330000000000002,21.490000000000002,517902,1050818788.0000001,0.0,0,19.62,0
20150805,1438704000000,21.740000000000002,21.75,20.53,20.69,485543,1025290208.0000001,0.0,0,21.490000000000002,0
20150806,1438790400000,20.13,20.95,19.81,20.049999999999997,316115,642029296.0,0.0,0,20.689999999999998,0
20150807,1438876800000,20.4,21.0,20.31,20.81,308394,639594153.0,0.0,0,20.049999999999997,0
20150810,1439136000000,21.32,22.78,21.11,22.49,472412,1041291224.0,0.0,0,20.81,0
20150811,1439222400000,22.6,22.700000000000003,21.900000000000002,22.1,398830,891551178.0,0.0,0,22.490000000000002,0
20150812,1439308800000,21.700000000000003,22.470000000000002,21.490000000000002,21.680000000000003,291537,640243127.9999999,0.0,0,22.1,0
20150813,1439395200000,21.560000000000002,22.18,21.01,22.17,310482,672823016.0,0.0,0,21.680000000000003,0
20150814,1439481600000,22.5,22.86,21.82,22.17,354543,792929091.0000001,0.0,0,22.17,0
20150817,1439740800000,21.99,22.69,21.77,22.28,270099,601955414.0,0.0,0,22.169999999999998,0
20150818,1439827200000,22.35,22.51,20.05,20.05,400294,852731843.0,0.0,0,22.28,0
20150819,1439913600000,19.200000000000003,20.55,18.400000000000002,20.270000000000003,316761,618053153.0,0.0,0,20.05,0
20150820,1440000000000,19.8,20.18,19.0,19.05,207858,407402642.0,0.0,0,20.27,0
20150821,1440086400000,18.6,19.05,17.580000000000002,17.650000000000002,209019,383283976.0,0.0,0,19.05,0
20150824,1440345600000,16.45,16.990000000000002,15.89,15.89,266884,429542103.0,0.0,0,17.650000000000002,0
20150825,1440432000000,14.4,15.89,14.3,14.3,341582,506085202.0,0.0,0,15.89,0
20150826,1440518400000,14.72,15.700000000000001,14.3,14.860000000000001,367792,551939224.0000001,0.0,0,14.3,0
20150827,1440604800000,15.43,16.23,14.98,16.03,317078,496941678.00000006,0.0,0,14.860000000000001,0
20150828,1440691200000,16.55,17.310000000000002,16.240000000000002,17.080000000000002,292700,490678192.0,0.0,0,16.03,0
20150831,1440950400000,17.1,17.200000000000003,16.490000000000002,16.64,205807,345120510.0,0.0,0,17.080000000000002,0
20150901,1441036800000,16.67,16.97,15.15,15.39,247909,402366733.0,0.0,0,16.64,0
20150902,1441123200000,14.5,16.330000000000002,14.3,16.02,297404,463040448.0,0.0,0,15.39,0
20150907,1441555200000,16.06,17.009999999999998,16.06,16.599999999999998,224762,373218009.0,0.0,0,16.02,0
20150908,1441641600000,16.599999999999998,17.759999999999998,16.36,17.65,204299,347067704.0,0.0,0,16.599999999999998,0
20150909,1441728000000,17.95,18.2,17.2,17.95,406535,720882602.0,0.0,0,17.65,0
20150910,1441814400000,17.66,18.16,17.37,17.42,184933,328995508.0,0.0,0,17.95,0
20150911,1441900800000,17.45,17.740000000000002,17.12,17.5,132301,230605121.0,0.0,0,17.42,0
20150914,1442160000000,17.7,18.1,15.75,15.85,264372,451681766.0,0.0,0,17.5,0
20150915,1442246400000,15.31,16.23,15.1,15.29,172165,268865949.0,0.0,0,15.85,0
20150916,1442332800000,15.59,16.82,15.34,16.82,181986,291671476.0,0.0,0,15.29,0
20150917,1442419200000,16.9,17.759999999999998,16.63,16.689999999999998,277741,478155005.0,0.0,0,16.82,0
20150918,1442505600000,17.0,17.73,16.95,17.45,218233,376726351.0,0.0,0,16.689999999999998,0
20150921,1442764800000,17.33,18.26,17.0,18.2,234326,416831153.0,0.0,0,17.45,0
20150922,1442851200000,18.25,18.38,17.63,17.869999999999997,188672,339157112.0,0.0,0,18.2,0
20150923,1442937600000,17.500000000000004,18.110000000000003,17.400000000000002,17.87,166525,297463901.0,0.0,0,17.87,0
20150924,1443024000000,17.98,18.14,17.63,17.84,119117,212731175.0,0.0,0,17.869999999999997,0
20150925,1443110400000,17.78,18.82,17.5,18.4,323953,591449775.0,0.0,0,17.84,0
20150928,1443369600000,18.51,18.6,17.59,18.3,207336,376219874.0,0.0,0,18.4,0
20150929,1443456000000,17.990000000000002,18.1,17.55,17.66,152350,271671144.0,0.0,0,18.3,0
20150930,1443542400000,17.75,17.91,17.51,17.630000000000003,107572,190351442.0,0.0,0,17.66,0
20151008,1444233600000,18.3,18.77,18.13,18.48,197412,365023216.0,0.0,0,17.63,0
20151009,1444320000000,18.470000000000002,19.17,18.400000000000002,18.750000000000004,196629,370863289.0,0.0,0,18.48,0
20151012,1444579200000,18.880000000000003,20.400000000000002,18.85,20.080000000000002,316964,625800044.0,0.0,0,18.75,0
20151013,1444665600000,19.93,20.5,19.78,20.28,250222,504987208.00000006,0.0,0,20.080000000000002,0
20151014,1444752000000,20.330000000000002,20.970000000000002,19.990000000000002,20.040000000000003,226163,461071403.00000006,0.0,0,20.28,0
20151015,1444838400000,20.040000000000003,21.200000000000003,19.85,21.200000000000003,285337,591991410.0,0.0,0,20.040000000000003,0
20151016,1444924800000,21.56,21.98,20.88,21.27,372962,795156286.0,0.0,0,21.2,0
20151019,1445184000000,21.35,21.96,20.8,21.0,325629,698164062.0,0.0,0,21.27,0
20151020,1445270400000,20.99,21.5,20.66,21.45,225039,473298359.0,0.0,0,21.0,0
20151021,1445356800000,21.54,21.7,19.31,19.31,373368,765528811.0,0.0,0,21.45,0
20151022,1445443200000,19.46,20.29,19.3,20.18,230736,458044369.0,0.0,0,19.310000000000002,0
20151023,1445529600000,20.38,22.2,19.86,22.2,392434,828517419.0,0.0,0,20.18,0
20151026,1445788800000,23.22,23.66,22.0,22.32,641562,1470848919.0,0.0,0,22.2,0
20151027,1445875200000,22.3,22.65,21.0,22.42,328640,716810340.0,0.0,0,22.32,0
20151028,1445961600000,22.36,23.3,21.77,21.96,304529,686818894.0,0.0,0,22.419999999999998,0
20151029,1446048000000,22.09,22.55,21.57,22.12,212964,470388441.0,0.0,0,21.96,0
20151030,1446134400000,21.8,22.220000000000002,21.35,21.6,204338,445249983.0,0.0,0,22.12,0
20151102,1446393600000,21.16,22.09,21.0,21.29,198208,429454223.00000006,0.0,0,21.6,0
20151103,1446480000000,21.43,21.66,20.96,21.17,155382,330523990.0,0.0,0,21.29,0
20151104,1446566400000,21.31,22.479999999999997,21.31,22.47,307132,678011827.0000001,0.0,0,21.169999999999998,0
20151105,1446652800000,22.48,23.669999999999998,22.2,23.099999999999998,423420,966972363.0,0.0,0,22.47,0
20151106,1446739200000,23.1,23.48,22.96,23.23,315582,732213345.0000001,0.0,0,23.1,0
20151109,1446998400000,23.0,24.09,22.5,23.43,369502,860223292.0,0.0,0,23.23,0
20151110,1447084800000,23.44,24.980000000000004,23.400000000000002,24.1,364379,884419392.0,0.0,0,23.430000000000003,0
20151111,1447171200000,24.349999999999998,24.599999999999998,23.7,24.39,291643,701728176.0,0.0,0,24.099999999999998,0
20151112,1447257600000,24.85,24.98,23.84,24.21,313726,761478196.0,0.0,0,24.39,0
20151113,1447344000000,24.0,24.169999999999998,23.13,23.459999999999997,238354,565247755.0,0.0,0,24.21,0
20151116,1447603200000,23.029999999999998,24.099999999999998,22.95,24.0,249433,592299406.0,0.0,0,23.46,0
20151117,1447689600000,24.310000000000002,25.25,24.14,24.400000000000002,447421,1104552227.0,0.0,0,24.0,0
20151118,1447776000000,24.45,24.58,23.5,23.54,243768,581401493.9999999,0.0,0,24.4,0
20151119,1447862400000,23.610000000000003,23.860000000000003,23.01,23.8,247317,581420870.0,0.0,0,23.540000000000003,0
20151120,1447948800000,23.950000000000003,24.240000000000002,23.650000000000002,23.87,207396,496364626.0,0.0,0,23.8,0
20151123,1448208000000,23.87,24.09,23.18,23.259999999999998,176121,416099792.0,0.0,0,23.87,0
20151124,1448294400000,23.16,23.6,23.16,23.580000000000002,139753,327048019.0,0.0,0,23.26,0
20151125,1448380800000,23.6,24.23,23.3,24.11,206507,492059718.00000006,0.0,0,23.580000000000002,0
20151126,1448467200000,24.3,24.48,23.5,23.55,194567,465070674.0,0.0,0,24.11,0
20151127,1448553600000,23.48,23.87,21.330000000000002,21.840000000000003,271002,614078781.0,0.0,0,23.55,0
20151130,1448812800000,22.1,22.720000000000002,21.150000000000002,22.470000000000002,262596,580889332.0,0.0,0,21.840000000000003,0
20151201,1448899200000,22.8,23.78,22.46,22.96,317418,733861476.0,0.0,0,22.470000000000002,0
20151202,1448985600000,22.79,22.79,21.36,21.96,238435,524720094.99999994,0.0,0,22.96,0
20151203,1449072000000,22.55,23.89,22.55,22.92,400444,925938583.0,0.0,0,21.96,0
20151204,1449158400000,22.8,22.93,22.25,22.39,174423,393877988.0,0.0,0,22.92,0
20151207,1449417600000,22.81,22.98,22.23,22.66,147068,333398721.00000006,0.0,0,22.39,0
20151208,1449504000000,22.98,23.3,22.45,22.5,242453,555325643.0,0.0,0,22.66,0
20151209,1449590400000,22.080000000000002,22.28,21.46,21.68,201426,437486532.0,0.0,0,22.5,0
20151210,1449676800000,21.75,22.35,21.6,21.740000000000002,164807,362192676.0,0.0,0,21.68,0
20151211,1449763200000,21.7,21.959999999999997,21.31,21.599999999999998,123038,265314312.00000003,0.0,0,21.74,0
20151214,1450022400000,21.6,22.17,21.5,22.11,125086,273048468.0,0.0,0,21.6,0
20151215,1450108800000,22.2,22.44,21.87,21.98,125779,278417136.99999994,0.0,0,22.11,0
20151216,1450195200000,22.05,22.39,21.79,22.2,137872,305004120.0,0.0,0,21.98,0
20151217,1450281600000,22.4,22.689999999999998,22.2,22.689999999999998,218304,489959177.0,0.0,0,22.2,0
20151218,1450368000000,22.689999999999998,22.86,22.22,22.39,160337,360516415.00000006,0.0,0,22.689999999999998,0
20151221,1450627200000,22.34,22.67,22.05,22.62,161439,361331738.0,0.0,0,22.39,0
20151222,1450713600000,22.79,22.8,22.16,22.4,138532,310749073.0,0.0,0,22.62,0
20151223,1450800000000,22.400000000000002,22.64,22.05,22.09,143343,319917772.0,0.0,0,22.400000000000002,0
20151224,1450886400000,21.97,22.28,21.82,22.1,94322,207837992.0,0.0,0,22.09,0
20151225,1450972800000,22.28,22.57,22.02,22.56,125902,281748639.0,0.0,0,22.099999999999998,0
20151228,1451232000000,22.56,23.14,22.38,22.41,231670,528019131.00000006,0.0,0,22.56,0
20151229,1451318400000,22.35,22.59,22.16,22.5,90668,202558955.00000003,0.0,0,22.41,0
20151230,1451404800000,22.5,22.95,22.5,22.92,156436,356398901.00000006,0.0,0,22.5,0
20151231,1451491200000,23.090000000000003,23.160000000000004,22.400000000000002,22.44,131880,299735271.0,0.0,0,22.92,0
20160104,1451836800000,22.44,22.44,22.44,22.44,0,0.0,0.0,0,22.44,1
20160105,1451923200000,22.44,22.44,22.44,22.44,0,0.0,0.0,0,22.44,1
20160106,1452009600000,22.44,22.44,22.44,22.44,0,0.0,0.0,0,22.44,1
20160107,1452096000000,22.44,22.44,22.44,22.44,0,0.0,0.0,0,22.44,1
20160108,1452182400000,22.44,22.44,22.44,22.44,0,0.0,0.0,0,22.44,1
20160111,1452441600000,22.44,22.44,22.44,22.44,0,0.0,0.0,0,22.44,1
20160112,1452528000000,22.44,22.44,22.44,22.44,0,0.0,0.0,0,22.44,1
20160113,1452614400000,22.44,22.44,22.44,22.44,0,0.0,0.0,0,22.44,1
20160114,1452700800000,22.44,22.44,22.44,22.44,0,0.0,0.0,0,22.44,1
20160115,1452787200000,22.44,22.44,22.44,22.44,0,0.0,0.0,0,22.44,1
20160118,1453046400000,22.44,22.44,22.44,22.44,0,0.0,0.0,0,22.44,1
20160119,1453132800000,22.44,22.44,22.44,22.44,0,0.0,0.0,0,22.44,1
20160120,1453219200000,22.44,22.44,22.44,22.44,0,0.0,0.0,0,22.44,1
20160121,1453305600000,22.44,22.44,22.44,22.44,0,0.0,0.0,0,22.44,1
20160122,1453392000000,22.44,22.44,22.44,22.44,0,0.0,0.0,0,22.44,1
20160125,1453651200000,22.44,22.44,22.44,22.44,0,0.0,0.0,0,22.44,1
20160126,1453737600000,22.44,22.44,22.44,22.44,0,0.0,0.0,0,22.44,1
20160127,1453824000000,22.44,22.44,22.44,22.44,0,0.0,0.0,0,22.44,1
20160128,1453910400000,22.44,22.44,22.44,22.44,0,0.0,0.0,0,22.44,1
20160129,1453996800000,22.44,22.44,22.44,22.44,0,0.0,0.0,0,22.44,1
20160201,1454256000000,22.44,22.44,22.44,22.44,0,0.0,0.0,0,22.44,1
20160202,1454342400000,22.44,22.44,22.44,22.44,0,0.0,0.0,0,22.44,1
20160203,1454428800000,22.44,22.44,22.44,22.44,0,0.0,0.0,0,22.44,1
20160204,1454515200000,22.44,22.44,22.44,22.44,0,0.0,0.0,0,22.44,1
20160205,1454601600000,22.44,22.44,22.44,22.44,0,0.0,0.0,0,22.44,1
20160215,1455465600000,22.44,22.44,22.44,22.44,0,0.0,0.0,0,22.44,1
20160216,1455552000000,22.44,22.44,22.44,22.44,0,0.0,0.0,0,22.44,1
20160217,1455638400000,22.44,22.44,22.44,22.44,0,0.0,0.0,0,22.44,1
20160218,1455724800000,22.44,22.44,22.44,22.44,0,0.0,0.0,0,22.44,1
20160219,1455811200000,22.44,22.44,22.44,22.44,0,0.0,0.0,0,22.44,1
20160222,1456070400000,22.44,22.44,22.44,22.44,0,0.0,0.0,0,22.44,1
20160223,1456156800000,22.44,22.44,22.44,22.44,0,0.0,0.0,0,22.44,1
20160224,1456243200000,22.44,22.44,22.44,22.44,0,0.0,0.0,0,22.44,1
20160225,1456329600000,22.44,22.44,22.44,22.44,0,0.0,0.0,0,22.44,1
20160226,1456416000000,22.44,22.44,22.44,22.44,0,0.0,0.0,0,22.44,1
20160229,1456675200000,22.44,22.44,22.44,22.44,0,0.0,0.0,0,22.44,1
20160301,1456761600000,22.44,22.44,22.44,22.44,0,0.0,0.0,0,22.44,1
20160302,1456848000000,22.44,22.44,22.44,22.44,0,0.0,0.0,0,22.44,1
20160303,1456934400000,22.44,22.44,22.44,22.44,0,0.0,0.0,0,22.44,1
20160304,1457020800000,22.44,22.44,22.44,22.44,0,0.0,0.0,0,22.44,1
20160307,1457280000000,22.44,22.44,22.44,22.44,0,0.0,0.0,0,22.44,1
20160308,1457366400000,22.44,22.44,22.44,22.44,0,0.0,0.0,0,22.44,1
20160309,1457452800000,22.44,22.44,22.44,22.44,0,0.0,0.0,0,22.44,1
20160310,1457539200000,22.44,22.44,22.44,22.44,0,0.0,0.0,0,22.44,1
20160311,1457625600000,22.44,22.44,22.44,22.44,0,0.0,0.0,0,22.44,1
20160314,1457884800000,22.44,22.44,22.44,22.44,0,0.0,0.0,0,22.44,1
20160315,1457971200000,22.44,22.44,22.44,22.44,0,0.0,0.0,0,22.44,1
20160316,1458057600000,22.44,22.44,22.44,22.44,0,0.0,0.0,0,22.44,1
20160317,1458144000000,22.44,22.44,22.44,22.44,0,0.0,0.0,0,22.44,1
20160318,1458230400000,22.44,22.44,22.44,22.44,0,0.0,0.0,0,22.44,1
20160321,1458489600000,22.44,22.44,22.44,22.44,0,0.0,0.0,0,22.44,1
20160322,1458576000000,22.44,22.44,22.44,22.44,0,0.0,0.0,0,22.44,1
20160323,1458662400000,22.44,22.44,22.44,22.44,0,0.0,0.0,0,22.44,1
20160324,1458748800000,22.44,22.44,22.44,22.44,0,0.0,0.0,0,22.44,1
20160325,1458835200000,22.44,22.44,22.44,22.44,0,0.0,0.0,0,22.44,1
20160328,1459094400000,22.44,22.44,22.44,22.44,0,0.0,0.0,0,22.44,1
20160329,1459180800000,22.44,22.44,22.44,22.44,0,0.0,0.0,0,22.44,1
20160330,1459267200000,22.44,22.44,22.44,22.44,0,0.0,0.0,0,22.44,1
20160331,1459353600000,22.44,22.44,22.44,22.44,0,0.0,0.0,0,22.44,1
20160401,1459440000000,22.44,22.44,22.44,22.44,0,0.0,0.0,0,22.44,1
20160405,1459785600000,22.44,22.44,22.44,22.44,0,0.0,0.0,0,22.44,1
20160406,1459872000000,22.44,22.44,22.44,22.44,0,0.0,0.0,0,22.44,1
20160407,1459958400000,22.44,22.44,22.44,22.44,0,0.0,0.0,0,22.44,1
20160408,1460044800000,22.44,22.44,22.44,22.44,0,0.0,0.0,0,22.44,1
20160411,1460304000000,22.44,22.44,22.44,22.44,0,0.0,0.0,0,22.44,1
20160412,1460390400000,22.44,22.44,22.44,22.44,0,0.0,0.0,0,22.44,1
20160413,1460476800000,22.44,22.44,22.44,22.44,0,0.0,0.0,0,22.44,1
20160414,1460563200000,22.44,22.44,22.44,22.44,0,0.0,0.0,0,22.44,1
20160415,1460649600000,22.44,22.44,22.44,22.44,0,0.0,0.0,0,22.44,1
20160418,1460908800000,22.44,22.44,22.44,22.44,0,0.0,0.0,0,22.44,1
20160419,1460995200000,22.44,22.44,22.44,22.44,0,0.0,0.0,0,22.44,1
20160420,1461081600000,22.44,22.44,22.44,22.44,0,0.0,0.0,0,22.44,1
20160421,1461168000000,22.44,22.44,22.44,22.44,0,0.0,0.0,0,22.44,1
20160422,1461254400000,22.44,22.44,22.44,22.44,0,0.0,0.0,0,22.44,1
20160425,1461513600000,22.44,22.44,22.44,22.44,0,0.0,0.0,0,22.44,1
20160426,1461600000000,22.44,22.44,22.44,22.44,0,0.0,0.0,0,22.44,1
20160427,1461686400000,22.44,22.44,22.44,22.44,0,0.0,0.0,0,22.44,1
20160428,1461772800000,22.44,22.44,22.44,22.44,0,0.0,0.0,0,22.44,1
20160429,1461859200000,22.44,22.44,22.44,22.44,0,0.0,0.0,0,22.44,1
20160503,1462204800000,22.44,22.44,22.44,22.44,0,0.0,0.0,0,22.44,1
20160504,1462291200000,22.44,22.44,22.44,22.44,0,0.0,0.0,0,22.44,1
20160505,1462377600000,22.44,22.44,22.44,22.44,0,0.0,0.0,0,22.44,1
20160506,1462464000000,22.44,22.44,22.44,22.44,0,0.0,0.0,0,22.44,1
20160509,1462723200000,22.44,22.44,22.44,22.44,0,0.0,0.0,0,22.44,1
20160510,1462809600000,22.44,22.44,22.44,22.44,0,0.0,0.0,0,22.44,1
20160511,1462896000000,22.44,22.44,22.44,22.44,0,0.0,0.0,0,22.44,1
20160512,1462982400000,22.44,22.44,22.44,22.44,0,0.0,0.0,0,22.44,1
20160513,1463068800000,22.44,22.44,22.44,22.44,0,0.0,0.0,0,22.44,1
20160516,1463328000000,22.44,22.44,22.44,22.44,0,0.0,0.0,0,22.44,1
20160517,1463414400000,22.44,22.44,22.44,22.44,0,0.0,0.0,0,22.44,1
20160518,1463500800000,22.44,22.44,22.44,22.44,0,0.0,0.0,0,22.44,1
20160519,1463587200000,22.44,22.44,22.44,22.44,0,0.0,0.0,0,22.44,1
20160520,1463673600000,22.44,22.44,22.44,22.44,0,0.0,0.0,0,22.44,1
20160523,1463932800000,22.44,22.44,22.44,22.44,0,0.0,0.0,0,22.44,1
20160524,1464019200000,22.44,22.44,22.44,22.44,0,0.0,0.0,0,22.44,1
20160525,1464105600000,22.44,22.44,22.44,22.44,0,0.0,0.0,0,22.44,1
20160526,1464192000000,22.44,22.44,22.44,22.44,0,0.0,0.0,0,22.44,1
20160527,1464278400000,22.44,22.44,22.44,22.44,0,0.0,0.0,0,22.44,1
20160530,1464537600000,20.2,20.2,20.2,20.2,6849,13834978.999999998,0.0,0,22.439999999999998,0
20160531,1464624000000,18.18,18.98,18.18,18.419999999999998,826057,1518408556.0,0.0,0,20.2,0
20160601,1464710400000,18.099999999999998,18.77,18.02,18.49,473825,870942183.0,0.0,0,18.419999999999998,0
20160602,1464796800000,18.36,18.439999999999998,18.22,18.299999999999997,258047,472271018.00000006,0.0,0,18.49,0
20160603,1464883200000,18.3,18.48,18.26,18.3,256167,469569744.00000006,0.0,0,18.3,0
20160606,1465142400000,18.36,18.369999999999997,18.06,18.13,203804,370826418.0,0.0,0,18.299999999999997,0
20160607,1465228800000,18.150000000000002,18.19,17.6,17.700000000000003,266748,473979424.0,0.0,0,18.130000000000003,0
20160608,1465315200000,17.71,17.94,17.41,17.73,244973,432869156.0,0.0,0,17.7,0
20160613,1465747200000,17.479999999999997,17.639999999999997,16.65,16.77,207342,358351234.00000006,0.0,0,17.729999999999997,0
20160614,1465833600000,16.7,16.95,16.48,16.62,146856,244817836.99999997,0.0,0,16.77,0
20160615,1465920000000,16.51,17.05,16.34,16.99,186814,314889699.0,0.0,0,16.62,0
20160616,1466006400000,16.93,17.55,16.91,17.22,190807,330620939.0,0.0,0,16.99,0
20160617,1466092800000,17.26,17.47,17.0,17.09,140849,242205401.00000003,0.0,0,17.22,0
20160620,1466352000000,17.15,17.229999999999997,16.9,16.97,95079,161591204.0,0.0,0,17.09,0
20160621,1466438400000,17.099999999999998,17.139999999999997,16.56,16.66,136600,231402618.0,0.0,0,16.97,0
20160622,1466524800000,16.67,16.85,16.57,16.830000000000002,99283,166213333.0,0.0,0,16.66,0
20160623,1466611200000,16.880000000000003,17.130000000000003,16.740000000000002,17.05,132661,224760340.00000003,0.0,0,16.830000000000002,0
20160624,1466697600000,17.040000000000003,17.17,16.17,16.720000000000002,161241,270196024.0,0.0,0,17.05,0
20160627,1466956800000,16.62,16.74,16.5,16.72,127307,211909955.0,0.0,0,16.62,0
20160628,1467043200000,16.720000000000002,17.060000000000002,16.62,17.02,165735,279714755.00000006,0.0,0,16.720000000000002,0
20160629,1467129600000,17.1,17.1,16.87,16.900000000000002,139307,236099608.99999997,0.0,0,17.02,0
20160630,1467216000000,16.939999999999998,17.04,16.86,16.919999999999998,97314,164669935.0,0.0,0,16.9,0
20160701,1467302400000,17.03,17.14,16.94,17.0,135462,230603730.00000003,0.0,0,16.92,0
20160704,1467561600000,17.02,17.48,16.95,17.349999999999998,186528,323187867.0,0.0,0,17.0,0
20160705,1467648000000,17.36,17.43,17.25,17.29,117025,202518432.0,0.0,0,17.35,0
20160706,1467734400000,17.32,17.419999999999998,17.2,17.32,121580,210872863.0,0.0,0,17.29,0
20160707,1467820800000,17.4,17.4,17.25,17.36,112447,194857613.0,0.0,0,17.32,0
20160708,1467907200000,17.34,17.37,17.18,17.29,101164,174884593.99999997,0.0,0,17.36,0
20160711,1468166400000,17.36,17.42,17.28,17.39,110837,192632678.00000003,0.0,0,17.290000000000003,0
20160712,1468252800000,17.39,17.51,17.28,17.490000000000002,126265,219751357.00000003,0.0,0,17.39,0
20160713,1468339200000,17.6,18.26,17.6,17.970000000000002,256775,462285152.0,0.0,0,17.490000000000002,0
20160714,1468425600000,18.150000000000002,18.240000000000002,17.900000000000002,18.070000000000004,140885,253973770.00000003,0.0,0,17.970000000000002,0
20160715,1468512000000,18.07,18.15,17.86,18.0,122176,219986014.0,0.0,0,18.07,0
20160718,1468771200000,18.0,18.06,17.7,17.759999999999998,87475,156125016.0,0.0,0,18.0,0
20160719,1468857600000,17.94,18.2,17.82,18.17,130170,234107854.0,0.0,0,17.76,0
20160720,1468944000000,18.200000000000003,18.360000000000003,18.01,18.01,114208,207476431.0,0.0,0,18.17,0
20160721,1469030400000,18.1,18.180000000000003,17.92,17.930000000000003,85490,154221066.99999997,0.0,0,18.01,0
20160722,1469116800000,17.92,17.970000000000002,17.650000000000002,17.700000000000003,92952,165082232.0,0.0,0,17.930000000000003,0
20160725,1469376000000,17.59,17.85,17.59,17.77,63584,112897894.00000001,0.0,0,17.7,0
20160726,1469462400000,17.81,17.900000000000002,17.73,17.900000000000002,71453,127329960.0,0.0,0,17.77,0
20160727,1469548800000,17.98,17.99,16.88,17.08,139222,242370237.0,0.0,0,17.9,0
20160728,1469635200000,17.12,17.26,16.8,17.0,80031,136223309.0,0.0,0,17.080000000000002,0
20160729,1469721600000,17.05,17.1,16.67,16.720000000000002,81463,137507567.0,0.0,0,17.0,0
20160801,1469980800000,16.7,16.8,16.46,16.740000000000002,91091,151026075.99999997,0.0,0,16.720000000000002,0
20160802,1470067200000,16.740000000000002,16.94,16.740000000000002,16.860000000000003,56933,96075359.00000001,0.0,0,16.740000000000002,0
20160803,1470153600000,16.87,17.51,16.87,17.45,147824,256464263.0,0.0,0,16.86,0
20160804,1470240000000,17.48,17.64,17.27,17.37,70173,122228507.0,0.0,0,17.45,0
20160805,1470326400000,17.46,17.720000000000002,17.37,17.46,88858,155682677.0,0.0,0,17.37,0
20160808,1470585600000,17.41,17.59,17.22,17.529999999999998,73872,128452414.0,0.0,0,17.459999999999997,0
20160809,1470672000000,17.6,17.990000000000002,17.44,17.990000000000002,195271,348062175.0,0.0,0,17.53,0
20160810,1470758400000,18.03,18.04,17.61,17.62,123235,219498983.00000003,0.0,0,17.99,0
20160811,1470844800000,17.6,17.64,17.240000000000002,17.28,74588,130017076.0,0.0,0,17.62,0
20160812,1470931200000,17.28,17.42,17.0,17.27,86219,148085054.00000003,0.0,0,17.28,0
20160815,1471190400000,17.13,17.66,17.13,17.619999999999997,121634,212876344.0,0.0,0,17.27,0
20160816,1471276800000,17.63,17.88,17.52,17.78,110048,195141821.0,0.0,0,17.62,0
20160817,1471363200000,17.85,17.87,17.6,17.810000000000002,93757,166418403.0,0.0,0,17.78,0
20160818,1471449600000,17.78,17.8,17.55,17.59,80910,142826399.0,0.0,0,17.810000000000002,0
20160819,1471536000000,17.64,17.840000000000003,17.580000000000002,17.750000000000004,83399,147942122.0,0.0,0,17.590000000000003,0
20160822,1471795200000,17.7,18.06,17.59,17.68,157705,281439829.0,0.0,0,17.75,0
20160823,1471881600000,17.759999999999998,17.849999999999998,17.63,17.7,79895,141650941.00000003,0.0,0,17.68,0
20160824,1471968000000,17.7,17.95,17.59,17.66,98989,175858880.0,0.0,0,17.7,0
20160825,1472054400000,17.62,17.62,17.25,17.35,97409,169402280.0,0.0,0,17.66,0
20160826,1472140800000,17.48,17.740000000000002,17.42,17.5,82075,144513772.0,0.0,0,17.35,0
20160829,1472400000000,17.6,18.6,17.55,18.330000000000002,317944,578703851.0,0.0,0,17.5,0
20160830,1472486400000,18.3,18.43,18.05,18.1,171448,312395168.0,0.0,0,18.330000000000002,0
20160831,1472572800000,18.130000000000003,18.25,17.92,18.200000000000003,100773,182427458.0,0.0,0,18.1,0
20160901,1472659200000,18.23,18.360000000000003,18.080000000000002,18.1,106582,194128166.99999997,0.0,0,18.200000000000003,0
20160902,1472745600000,18.09,18.34,17.86,17.99,103020,186337030.0,0.0,0,18.099999999999998,0
20160905,1473004800000,18.07,18.45,17.95,18.15,131507,239691722.99999997,0.0,0,17.99,0
20160906,1473091200000,18.17,19.37,18.01,19.14,373278,700116636.0,0.0,0,18.150000000000002,0
20160907,1473177600000,19.110000000000003,19.57,18.85,18.89,335882,646295002.0,0.0,0,19.14,0
20160908,1473264000000,18.89,19.130000000000003,18.71,19.130000000000003,151593,287258315.0,0.0,0,18.89,0
20160909,1473350400000,19.1,19.27,18.62,18.650000000000002,139919,264657120.0,0.0,0,19.130000000000003,0
20160912,1473609600000,18.25,18.619999999999997,18.13,18.189999999999998,156228,285739355.99999994,0.0,0,18.65,0
20160913,1473696000000,18.32,18.470000000000002,18.21,18.34,95557,175130366.0,0.0,0,18.19,0
20160914,1473782400000,18.220000000000002,18.34,18.01,18.060000000000002,77466,140690419.0,0.0,0,18.34,0
20160919,1474214400000,18.12,18.270000000000003,17.990000000000002,18.1,69146,125287251.00000001,0.0,0,18.060000000000002,0
20160920,1474300800000,18.130000000000003,18.330000000000002,18.1,18.17,60957,110830898.0,0.0,0,18.1,0
20160921,1474387200000,18.180000000000003,18.180000000000003,17.92,17.950000000000003,70349,126859701.00000001,0.0,0,18.17,0
20160922,1474473600000,18.08,18.189999999999998,17.86,17.98,74429,134418317.99999997,0.0,0,17.95,0
20160923,1474560000000,17.98,18.2,17.96,18.04,62535,113103631.0,0.0,0,17.98,0
20160926,1474819200000,18.040000000000003,18.040000000000003,17.35,17.35,92940,164607110.0,0.0,0,18.040000000000003,0
20160927,1474905600000,17.35,17.46,16.96,17.330000000000002,89698,154524189.0,0.0,0,17.35,0
20160928,1474992000000,17.47,17.47,17.0,17.11,60148,103510857.0,0.0,0,17.33,0
20160929,1475078400000,17.180000000000003,17.37,17.080000000000002,17.270000000000003,57962,99842253.0,0.0,0,17.110000000000003,0
20160930,1475164800000,17.29,17.349999999999998,17.11,17.29,49293,84931799.0,0.0,0,17.27,0
20161010,1476028800000,17.42,17.740000000000002,17.42,17.650000000000002,76157,134038752.00000001,0.0,0,17.290000000000003,0
20161011,1476115200000,17.660000000000004,17.680000000000003,17.490000000000002,17.6,71940,126345673.99999999,0.0,0,17.650000000000002,0
20161012,1476201600000,17.580000000000002,17.580000000000002,17.41,17.46,58889,102926064.0,0.0,0,17.6,0
20161013,1476288000000,17.330000000000002,17.45,17.07,17.31,131228,226393180.0,0.0,0,17.46,0
20161014,1476374400000,17.310000000000002,17.470000000000002,17.17,17.470000000000002,84665,146994228.0,0.0,0,17.310000000000002,0
20161017,1476633600000,17.599999999999998,17.75,17.04,17.2,99720,174455486.0,0.0,0,17.47,0
20161018,1476720000000,17.23,17.450000000000003,17.17,17.450000000000003,74236,128625642.0,0.0,0,17.200000000000003,0
20161019,1476806400000,17.55,17.96,17.35,17.87,207482,367928424.0,0.0,0,17.450000000000003,0
20161020,1476892800000,17.8,18.03,17.66,17.87,120751,215138822.0,0.0,0,17.87,0
20161021,1476979200000,17.8,17.84,17.53,17.650000000000002,90862,160634512.0,0.0,0,17.87,0
20161024,1477238400000,17.700000000000003,17.89,17.580000000000002,17.8,85969,152751361.0,0.0,0,17.650000000000002,0
20161025,1477324800000,17.8,17.94,17.73,17.88,89618,159694522.00000003,0.0,0,17.8,0
20161026,1477411200000,17.88,17.88,17.61,17.77,77002,136301309.0,0.0,0,17.88,0
20161027,1477497600000,18.080000000000002,18.290000000000003,17.92,17.98,168787,305732532.00000006,0.0,0,17.770000000000003,0
20161028,1477584000000,17.880000000000003,18.25,17.87,17.880000000000003,107934,194763772.0,0.0,0,17.98,0
20161031,1477843200000,17.77,17.87,17.64,17.810000000000002,60260,106898710.00000001,0.0,0,17.88,0
20161101,1477929600000,17.849999999999998,17.99,17.7,17.99,82615,147563336.0,0.0,0,17.81,0
20161102,1478016000000,17.950000000000003,18.03,17.67,17.720000000000002,65849,117575036.0,0.0,0,17.990000000000002,0
20161103,1478102400000,17.7,17.96,17.7,17.75,75816,135186204.0,0.0,0,17.72,0
20161104,1478188800000,17.73,18.130000000000003,17.71,18.05,137209,246466892.99999997,0.0,0,17.75,0
20161107,1478448000000,18.419999999999998,18.86,18.31,18.369999999999997,324287,601767187.0,0.0,0,18.049999999999997,0
20161108,1478534400000,18.41,18.580000000000002,18.21,18.36,138181,254583573.0,0.0,0,18.37,0
20161109,1478620800000,18.27,18.73,18.13,18.54,187486,345653749.00000006,0.0,0,18.36,0
20161110,1478707200000,18.76,18.81,18.57,18.6,144616,269796066.0,0.0,0,18.54,0
20161111,1478793600000,18.64,18.700000000000003,18.240000000000002,18.48,131304,241984391.0,0.0,0,18.6,0
20161114,1479052800000,18.49,18.88,18.45,18.68,138859,259272032.0,0.0,0,18.48,0
20161115,1479139200000,18.69,18.82,18.52,18.8,109151,204129341.0,0.0,0,18.68,0
20161116,1479225600000,18.87,18.880000000000003,18.62,18.67,90079,168706437.0,0.0,0,18.8,0
20161117,1479312000000,18.700000000000003,18.71,18.330000000000002,18.540000000000003,93825,173290798.0,0.0,0,18.67,0
20161118,1479398400000,18.48,18.560000000000002,18.35,18.400000000000002,62544,115271117.0,0.0,0,18.540000000000003,0
20161121,1479657600000,18.4,18.49,18.27,18.38,71404,131057309.0,0.0,0,18.4,0
20161122,1479744000000,18.45,18.470000000000002,18.3,18.46,76177,140065071.99999997,0.0,0,18.38,0
20161123,1479830400000,18.48,18.750000000000004,18.400000000000002,18.51,111498,207528746.0,0.0,0,18.46,0
20161124,1479916800000,18.62,18.630000000000003,18.1,18.200000000000003,114874,210556090.0,0.0,0,18.51,0
20161125,1480003200000,18.12,18.220000000000002,17.740000000000002,18.110000000000003,109375,196397351.0,0.0,0,18.200000000000003,0
20161128,1480262400000,18.2,18.37,17.98,18.25,85405,155388663.0,0.0,0,18.11,0
20161129,1480348800000,18.240000000000002,18.36,18.07,18.080000000000002,70967,129370417.0,0.0,0,18.25,0
20161130,1480435200000,18.180000000000003,18.330000000000002,18.01,18.290000000000003,73263,133620642.0,0.0,0,18.080000000000002,0
20161201,1480521600000,18.31,18.35,18.0,18.1,72241,131089663.99999999,0.0,0,18.29,0
20161202,1480608000000,18.090000000000003,18.14,17.740000000000002,17.810000000000002,75663,135448327.0,0.0,0,18.1,0
20161205,1480867200000,17.740000000000002,17.930000000000003,17.67,17.740000000000002,51576,91802360.0,0.0,0,17.810000000000002,0
20161206,1480953600000,17.79,17.96,17.71,17.740000000000002,40027,71407565.0,0.0,0,17.740000000000002,0
20161207,1481040000000,17.880000000000003,17.93,17.69,17.93,41574,73992161.0,0.0,0,17.740000000000002,0
20161208,1481126400000,17.96,18.04,17.79,17.8,41776,74854966.0,0.0,0,17.93,0
20161209,1481212800000,17.840000000000003,17.900000000000002,17.650000000000002,17.67,39157,69540311.0,0.0,0,17.8,0
20161212,1481472000000,17.6,17.69,17.05,17.1,81423,141074594.0,0.0,0,17.67,0
20161213,1481558400000,17.05,17.3,17.01,17.110000000000003,47125,80843099.0,0.0,0,17.1,0
20161214,1481644800000,17.200000000000003,17.23,17.080000000000002,17.1,43606,74765570.0,0.0,0,17.110000000000003,0
20161215,1481731200000,17.099999999999998,17.34,16.95,17.34,71107,121890555.00000001,0.0,0,17.099999999999998,0
20161216,1481817600000,17.380000000000003,17.540000000000003,17.26,17.51,53870,93953776.00000001,0.0,0,17.34,0
20161219,1482076800000,17.520000000000003,17.69,17.400000000000002,17.500000000000004,49772,87303493.0,0.0,0,17.51,0
20161220,1482163200000,17.6,17.69,17.5,17.59,42566,74774295.0,0.0,0,17.5,0
20161221,1482249600000,17.65,17.95,17.57,17.92,98251,175182981.0,0.0,0,17.59,0
20161222,1482336000000,17.92,17.92,17.71,17.810000000000002,39473,70267765.0,0.0,0,17.92,0
20161223,1482422400000,17.94,17.94,17.44,17.44,39845,70141936.99999999,0.0,0,17.810000000000002,0
20161226,1482681600000,17.55,17.700000000000003,17.330000000000002,17.69,42706,74846795.0,0.0,0,17.44,0
20161227,1482768000000,17.75,17.78,17.57,17.66,39959,70629325.0,0.0,0,17.69,0
20161228,1482854400000,17.71,17.71,17.27,17.3,70262,122157415.0,0.0,0,17.66,0
20161229,1482940800000,17.320000000000004,17.380000000000003,17.150000000000002,17.270000000000003,41229,71180793.00000001,0.0,0,17.3,0
20161230,1483027200000,17.38,17.63,17.27,17.47,56125,98018311.0,0.0,0,17.27,0
20170103,1483372800000,17.55,17.67,17.5,17.56,32442,57039438.00000001,0.0,0,17.47,0
20170104,1483459200000,17.799999999999997,18.14,17.72,18.04,120085,216046942.00000003,0.0,0,17.56,0
20170105,1483545600000,18.16,18.44,18.02,18.27,141300,258427565.0,0.0,0,18.04,0
20170106,1483632000000,18.38,18.67,18.16,18.37,221749,409288623.00000006,0.0,0,18.27,0
20170109,1483891200000,18.360000000000003,18.950000000000003,18.35,18.85,196958,368777930.00000006,0.0,0,18.37,0
20170110,1483977600000,18.8,18.82,18.48,18.490000000000002,99056,184170060.0,0.0,0,18.85,0
20170111,1484064000000,18.55,18.759999999999998,18.36,18.48,76850,142291811.0,0.0,0,18.49,0
20170112,1484150400000,18.48,18.900000000000002,18.44,18.490000000000002,146900,275317612.0,0.0,0,18.48,0
20170113,1484236800000,18.53,18.650000000000002,18.240000000000002,18.32,55473,101767250.0,0.0,0,18.490000000000002,0
20170116,1484496000000,18.45,18.65,17.82,18.31,123587,225476894.00000003,0.0,0,18.32,0
20170117,1484582400000,18.36,18.45,18.0,18.31,79917,146093851.00000003,0.0,0,18.31,0
20170118,1484668800000,18.34,19.18,18.32,18.87,193680,364565546.0,0.0,0,18.31,0
20170119,1484755200000,19.080000000000002,19.26,18.830000000000002,18.840000000000003,178903,340508207.0,0.0,0,18.87,0
20170120,1484841600000,18.779999999999998,19.45,18.7,19.2,182828,351627808.0,0.0,0,18.84,0
20170123,1485100800000,19.18,19.88,19.11,19.3,162674,317246582.0,0.0,0,19.2,0
20170124,1485187200000,19.27,19.39,18.75,18.82,139286,264312028.00000003,0.0,0,19.3,0
20170125,1485273600000,18.85,19.1,18.73,19.05,67846,128723776.0,0.0,0,18.82,0
20170126,1485360000000,19.02,19.65,19.0,19.59,130839,254167734.0,0.0,0,19.05,0
20170203,1486051200000,19.580000000000002,19.650000000000002,19.240000000000002,19.51,76604,148967266.0,0.0,0,19.590000000000003,0
20170206,1486310400000,19.41,19.59,19.26,19.560000000000002,102294,198761475.00000003,0.0,0,19.51,0
20170207,1486396800000,19.53,19.54,18.98,19.13,125442,240564842.0,0.0,0,19.56,0
20170208,1486483200000,19.020000000000003,19.220000000000002,18.830000000000002,19.110000000000003,107354,204208037.0,0.0,0,19.130000000000003,0
20170209,1486569600000,19.18,19.830000000000002,19.14,19.67,274085,535789928.0,0.0,0,19.11,0
20170210,1486656000000,19.770000000000003,19.840000000000003,19.400000000000002,19.73,141373,277451299.0,0.0,0,19.67,0
20170213,1486915200000,19.630000000000003,19.66,19.44,19.57,140515,274838189.0,0.0,0,19.73,0
20170214,1487001600000,19.63,19.68,19.11,19.22,176586,339983399.0,0.0,0,19.57,0
20170215,1487088000000,19.279999999999998,19.38,18.88,18.939999999999998,141545,270948501.00000006,0.0,0,19.22,0
20170216,1487174400000,18.880000000000003,19.0,18.76,19.0,150410,283655861.0,0.0,0,18.94,0
20170217,1487260800000,18.98,19.04,18.48,18.53,137761,257483234.00000003,0.0,0,19.0,0
20170220,1487520000000,18.6,18.72,18.39,18.7,144394,267762171.0,0.0,0,18.53,0
20170221,1487606400000,18.680000000000003,18.930000000000003,18.580000000000002,18.82,122912,230913407.00000003,0.0,0,18.700000000000003,0
20170222,1487692800000,18.869999999999997,18.95,18.72,18.82,89538,168434647.0,0.0,0,18.82,0
20170223,1487779200000,18.900000000000002,18.91,18.53,18.64,89918,167962729.00000003,0.0,0,18.82,0
20170224,1487865600000,18.689999999999998,19.29,18.63,19.209999999999997,186471,355345926.0,0.0,0,18.64,0
20170227,1488124800000,19.55,20.900000000000002,19.46,20.3,468770,950956710.0,0.0,0,19.21,0
20170228,1488211200000,20.4,20.67,20.07,20.52,243899,496849648.00000006,0.0,0,20.3,0
20170301,1488297600000,20.52,20.67,20.21,20.310000000000002,180095,367172686.00000006,0.0,0,20.52,0
20170302,1488384000000,20.36,20.73,20.22,20.63,243043,499709319.0,0.0,0,20.31,0
20170303,1488470400000,20.55,21.12,20.32,20.57,244382,506205394.00000006,0.0,0,20.63,0
20170306,1488729600000,20.91,21.049999999999997,20.31,20.509999999999998,207186,425253417.0,0.0,0,20.57,0
20170307,1488816000000,20.48,20.48,20.1,20.35,188215,381380855.0,0.0,0,20.51,0
20170308,1488902400000,20.3,20.43,20.12,20.36,107322,217291407.0,0.0,0,20.35,0
20170309,1488988800000,20.35,20.43,20.0,20.14,120962,243858596.00000003,0.0,0,20.36,0
20170310,1489075200000,20.080000000000002,20.27,19.96,19.96,106686,214495766.0,0.0,0,20.14,0
20170313,1489334400000,19.89,20.37,19.71,20.32,146389,294238167.00000006,0.0,0,19.96,0
20170314,1489420800000,20.27,20.45,20.0,20.15,98333,198929775.0,0.0,0,20.32,0
20170315,1489507200000,20.07,20.36,19.86,20.32,127332,256212892.99999997,0.0,0,20.15,0
20170316,1489593600000,20.42,20.6,20.23,20.5,145266,296594835.00000006,0.0,0,20.32,0
20170317,1489680000000,20.6,20.85,20.05,20.2,192021,394758862.0,0.0,0,20.5,0
20170320,1489939200000,20.18,20.439999999999998,19.97,20.25,108323,218806608.0,0.0,0,20.2,0
20170321,1490025600000,20.18,20.6,20.09,20.6,145943,297638093.0,0.0,0,20.25,0
20170322,1490112000000,20.46,20.580000000000002,19.8,19.84,253592,509752968.00000006,0.0,0,20.6,0
20170323,1490198400000,19.86,19.939999999999998,19.36,19.56,187312,367996395.0,0.0,0,19.84,0
20170324,1490284800000,19.680000000000003,19.790000000000003,19.42,19.680000000000003,110735,216757179.00000003,0.0,0,19.560000000000002,0
20170327,1490544000000,19.69,19.78,19.52,19.52,90480,177549985.0,0.0,0,19.68,0
20170328,1490630400000,19.5,19.6,19.25,19.38,138032,267755412.0,0.0,0,19.52,0
20170329,1490716800000,19.310000000000002,19.57,19.240000000000002,19.430000000000003,88517,171967523.00000003,0.0,0,19.380000000000003,0
20170330,1490803200000,19.400000000000002,19.400000000000002,19.1,19.130000000000003,99544,191546237.0,0.0,0,19.43,0
20170331,1490889600000,19.080000000000002,19.500000000000004,19.080000000000002,19.360000000000003,72799,140966814.0,0.0,0,19.130000000000003,0
20170405,1491321600000,21.3,21.3,19.79,20.06,297772,607037572.0,0.0,0,19.36,0
20170406,1491408000000,20.22,20.66,20.06,20.07,234233,476274732.99999994,0.0,0,20.06,0
20170407,1491494400000,20.07,22.080000000000002,19.85,21.66,650584,1382703391.0,0.0,0,20.07,0
20170410,1491753600000,21.7,23.5,21.61,22.689999999999998,784013,1765249135.0,0.0,0,21.66,0
20170411,1491840000000,22.41,23.47,22.11,22.55,567159,1292268155.0,0.0,0,22.689999999999998,0
20170412,1491926400000,22.01,22.11,21.0,21.17,364727,788170139.0,0.0,0,22.55,0
20170413,1492012800000,21.46,23.29,21.36,23.29,253934,578200851.0,0.0,0,21.169999999999998,0
20170414,1492099200000,24.27,25.18,23.13,23.95,840656,2025097806.9999998,0.0,0,23.29,0
20170417,1492358400000,23.3,24.5,22.8,23.61,501305,1192306925.0,0.0,0,23.95,0
20170418,1492444800000,23.35,24.05,22.76,22.76,427620,1000592178.9999999,0.0,0,23.610000000000003,0
20170419,1492531200000,22.77,23.220000000000002,22.21,22.94,411443,940903276.0000001,0.0,0,22.76,0
20170420,1492617600000,22.98,23.37,22.18,22.27,415893,950347262.0,0.0,0,22.94,0
20170421,1492704000000,22.0,23.099999999999998,21.72,22.349999999999998,289484,652337120.0000001,0.0,0,22.27,0
20170424,1492963200000,22.45,22.69,21.41,21.44,265262,585345828.0,0.0,0,22.35,0
20170425,1493049600000,21.52,22.16,21.2,21.7,280913,611275564.0,0.0,0,21.439999999999998,0
20170426,1493136000000,21.63,23.33,21.22,23.24,402879,901641085.0,0.0,0,21.7,0
20170427,1493222400000,22.39,23.240000000000002,21.85,22.610000000000003,620238,1391640808.0000002,0.0,0,23.240000000000002,0
20170428,1493308800000,22.23,22.950000000000003,22.01,22.490000000000002,351124,791025838.0000001,0.0,0,22.610000000000003,0
20170502,1493654400000,22.660000000000004,23.46,22.400000000000002,23.320000000000004,512888,1182217193.0,0.0,0,22.490000000000002,0
20170503,1493740800000,23.51,24.8,23.28,23.3,833362,1992388697.0000002,0.0,0,23.32,0
20170504,1493827200000,22.65,23.87,22.0,22.78,719374,1647644139.0,0.0,0,23.3,0
20170505,1493913600000,23.4,23.68,22.2,22.22,479231,1099903574.0000002,0.0,0,22.779999999999998,0
20170508,1494172800000,21.730000000000004,21.980000000000004,20.150000000000002,20.180000000000003,444597,942781096.0000001,0.0,0,22.220000000000002,0
20170509,1494259200000,20.0,20.36,19.78,20.18,290870,583519411.0000001,0.0,0,20.18,0
20170510,1494345600000,20.1,20.340000000000003,19.01,19.130000000000003,363525,713934902.0,0.0,0,20.18,0
20170511,1494432000000,19.0,19.52,18.64,19.48,254163,486849576.0,0.0,0,19.13,0
20170512,1494518400000,19.400000000000002,20.16,19.12,19.73,284072,558621586.0000001,0.0,0,19.48,0
20170515,1494777600000,19.66,20.1,19.53,19.700000000000003,214650,425486508.0,0.0,0,19.73,0
20170516,1494864000000,19.6,20.669999999999998,19.18,20.6,376887,759868844.0,0.0,0,19.7,0
20170517,1494950400000,20.44,20.83,20.34,20.5,302108,622008937.9999999,0.0,0,20.6,0
20170518,1495036800000,20.0,20.68,19.72,19.99,363333,734779545.0,0.0,0,20.5,0
20170519,1495123200000,19.91,20.2,19.57,19.88,219883,437028356.0,0.0,0,19.990000000000002,0
20170522,1495382400000,19.85,20.22,19.16,19.23,243125,478878667.0,0.0,0,19.88,0
20170523,1495468800000,19.200000000000003,19.26,18.01,18.01,359658,667329426.0,0.0,0,19.23,0
20170524,1495555200000,17.94,18.430000000000003,17.580000000000002,18.430000000000003,235775,425372803.0,0.0,0,18.01,0
20170525,1495641600000,18.34,18.689999999999998,17.79,18.45,282265,514941726.0,0.0,0,18.43,0
20170526,1495728000000,18.31,18.849999999999998,18.31,18.34,226731,421607941.0,0.0,0,18.45,0
20170531,1496160000000,18.71,18.79,17.95,18.0,202018,371762274.0,0.0,0,18.34,0
20170601,1496246400000,17.9,18.5,17.68,17.87,241137,436322289.0,0.0,0,18.0,0
20170602,1496332800000,17.720000000000002,18.340000000000003,17.580000000000002,18.200000000000003,188961,340051687.0,0.0,0,17.87,0
20170605,1496592000000,18.270000000000003,18.67,18.150000000000002,18.320000000000004,200598,368226660.0,0.0,0,18.200000000000003,0
20170606,1496678400000,18.28,18.430000000000003,18.150000000000002,18.3,143644,262434439.0,0.0,0,18.320000000000004,0
20170607,1496764800000,18.27,19.05,18.25,19.04,319342,597383859.0,0.0,0,18.3,0
20170608,1496851200000,18.97,19.09,18.68,18.79,208080,392403686.00000006,0.0,0,19.04,0
20170609,1496937600000,18.79,18.95,18.55,18.77,176258,330052696.0,0.0,0,18.79,0
20170612,1497196800000,18.55,18.7,18.2,18.349999999999998,174703,322661924.0,0.0,0,18.77,0
20170613,1497283200000,18.35,18.69,18.26,18.69,127818,237144345.0,0.0,0,18.35,0
20170614,1497369600000,18.560000000000002,18.67,18.400000000000002,18.470000000000002,101852,188544923.0,0.0,0,18.69,0
20170615,1497456000000,18.42,18.73,18.42,18.540000000000003,130810,243513050.0,0.0,0,18.470000000000002,0
20170616,1497542400000,18.529999999999998,18.9,18.45,18.73,186584,350203189.00000006,0.0,0,18.54,0
20170619,1497801600000,18.73,18.89,18.62,18.86,136431,255961570.0,0.0,0,18.73,0
20170620,1497888000000,18.87,19.05,18.7,18.71,143558,271057775.0,0.0,0,18.86,0
20170621,1497974400000,18.76,18.82,18.53,18.630000000000003,117862,219323060.00000003,0.0,0,18.71,0
20170622,1498060800000,18.63,18.77,18.48,18.5,144303,268335030.0,0.0,0,18.63,0
20170623,1498147200000,18.42,18.470000000000002,18.01,18.3,156577,285406595.0,0.0,0,18.5,0
20170626,1498406400000,18.2,18.47,18.2,18.47,105241,193381060.00000003,0.0,0,18.3,0
20170627,1498492800000,18.48,18.97,18.45,18.88,198197,372466111.0,0.0,0,18.47,0
20170628,1498579200000,18.87,18.87,18.580000000000002,18.630000000000003,96721,180699180.0,0.0,0,18.880000000000003,0
20170629,1498665600000,18.650000000000002,18.810000000000002,18.64,18.79,89695,168214064.0,0.0,0,18.63,0
20170630,1498752000000,18.75,18.849999999999998,18.61,18.82,70592,132219554.99999999,0.0,0,18.79,0
20170703,1499011200000,18.82,19.3,18.73,19.2,188231,359274092.0,0.0,0,18.82,0
20170704,1499097600000,19.209999999999997,19.27,18.97,19.02,111532,213083260.0,0.0,0,19.2,0
20170705,1499184000000,19.03,19.19,18.92,19.110000000000003,105170,200367487.0,0.0,0,19.020000000000003,0
20170706,1499270400000,19.14,19.18,18.71,18.85,151520,286259760.0,0.0,0,19.11,0
20170707,1499356800000,18.78,18.880000000000003,18.62,18.790000000000003,115785,216672960.00000003,0.0,0,18.85,0
20170710,1499616000000,18.74,18.79,18.63,18.65,81243,151760419.00000003,0.0,0,18.79,0
20170711,1499702400000,18.55,18.740000000000002,18.39,18.43,94614,175626235.99999997,0.0,0,18.650000000000002,0
20170712,1499788800000,18.380000000000003,18.500000000000004,17.990000000000002,18.48,137501,250500924.0,0.0,0,18.330000000000002,0
20170713,1499875200000,18.5,19.71,18.38,18.59,118696,221727214.0,0.0,0,18.48,0
20170714,1499961600000,18.6,18.65,18.18,18.39,85714,157416270.0,0.0,0,18.59,0
20170717,1500220800000,18.389999999999997,18.7,16.65,16.72,256038,445712419.00000006,0.0,0,18.389999999999997,0
20170718,1500307200000,16.72,16.91,16.48,16.81,133304,222572838.0,0.0,0,16.72,0
20170719,1500393600000,16.79,16.96,16.5,16.94,126193,211125328.0,0.0,0,16.81,0
20170720,1500480000000,17.04,17.22,16.95,17.0,93380,159352062.00000003,0.0,0,16.939999999999998,0
20170721,1500566400000,16.94,17.18,16.87,17.01,87132,148472180.0,0.0,0,17.0,0
20170724,1500825600000,16.97,17.38,16.9,17.24,85711,147304307.0,0.0,0,17.009999999999998,0
20170725,1500912000000,17.23,17.31,17.07,17.12,55275,94791039.0,0.0,0,17.240000000000002,0
20170726,1500998400000,17.12,17.25,16.85,16.900000000000002,81296,137970469.0,0.0,0,17.12,0
20170727,1501084800000,16.95,17.41,16.84,17.25,100245,172069919.0,0.0,0,16.9,0
20170728,1501171200000,17.26,17.39,17.1,17.220000000000002,69466,119777160.0,0.0,0,17.25,0
20170731,1501430400000,17.220000000000002,17.330000000000002,17.17,17.23,73744,127247942.0,0.0,0,17.220000000000002,0
20170801,1501516800000,17.34,17.62,17.16,17.41,112194,195142493.0,0.0,0,17.23,0
20170802,1501603200000,17.380000000000003,17.470000000000002,17.1,17.3,100464,173654043.0,0.0,0,17.41,0
20170803,1501689600000,17.220000000000002,17.61,17.21,17.400000000000002,95836,167245465.0,0.0,0,17.3,0
20170804,1501776000000,17.32,17.44,17.23,17.25,73934,128027759.00000001,0.0,0,17.400000000000002,0
20170807,1502035200000,17.26,17.59,17.25,17.46,80387,140588451.0,0.0,0,17.25,0
20170808,1502121600000,17.45,17.82,17.45,17.57,74323,131099658.0,0.0,0,17.46,0
20170809,1502208000000,17.54,18.2,17.5,18.08,193848,349283055.0,0.0,0,17.57,0
20170810,1502294400000,18.0,18.08,17.61,17.74,134028,238898372.0,0.0,0,18.08,0
20170811,1502380800000,17.700000000000003,17.900000000000002,17.51,17.64,83462,147872691.0,0.0,0,17.740000000000002,0
20170814,1502640000000,17.740000000000002,18.290000000000003,17.740000000000002,18.290000000000003,168721,305489205.0,0.0,0,17.64,0
20170815,1502726400000,18.39,18.39,18.09,18.31,117153,213883345.0,0.0,0,18.29,0
20170816,1502812800000,18.29,18.45,18.16,18.31,100321,183881060.0,0.0,0,18.31,0
20170817,1502899200000,18.279999999999998,18.5,18.2,18.34,82928,152042163.0,0.0,0,18.31,0
20170818,1502985600000,18.23,18.669999999999998,18.18,18.35,120602,223226844.0,0.0,0,18.34,0
20170821,1503244800000,18.42,18.900000000000002,18.42,18.790000000000003,159569,299011218.00000006,0.0,0,18.35,0
20170822,1503331200000,18.79,19.36,18.75,19.0,229488,439540195.00000006,0.0,0,18.79,0
20170823,1503417600000,18.84,19.97,18.84,19.75,478236,941486718.9999999,0.0,0,19.0,0
20170824,1503504000000,19.88,20.23,19.3,19.52,383506,758653286.0,0.0,0,19.75,0
20170825,1503590400000,19.450000000000003,19.78,19.35,19.64,207626,406157026.00000006,0.0,0,19.520000000000003,0
20170828,1503849600000,19.67,20.090000000000003,19.67,19.830000000000002,259232,515582820.0,0.0,0,19.64,0
20170829,1503936000000,19.77,19.900000000000002,19.19,19.220000000000002,221518,430846638.0,0.0,0,19.830000000000002,0
20170830,1504022400000,19.22,19.49,19.2,19.41,104467,202394226.0,0.0,0,19.22,0
20170831,1504108800000,19.3,19.66,19.26,19.5,117853,229630372.0,0.0,0,19.41,0
20170901,1504195200000,19.57,20.13,19.47,20.04,276421,550842070.0,0.0,0,19.5,0
20170904,1504454400000,20.360000000000003,21.68,20.19,21.200000000000003,444077,931439672.0,0.0,0,20.040000000000003,0
20170905,1504540800000,21.09,21.65,20.91,21.11,315259,669825139.0,0.0,0,21.2,0
20170906,1504627200000,21.12,21.15,20.7,20.83,193196,403883562.00000006,0.0,0,21.11,0
20170907,1504713600000,20.830000000000002,21.6,20.78,21.21,312605,665432003.0,0.0,0,20.830000000000002,0
20170908,1504800000000,21.22,21.619999999999997,20.72,20.97,219255,463619743.0,0.0,0,21.209999999999997,0
20170911,1505059200000,21.05,21.17,20.66,21.12,147100,306702385.0,0.0,0,20.97,0
20170912,1505145600000,21.220000000000002,21.64,21.01,21.21,188522,401017910.0,0.0,0,21.12,0
20170913,1505232000000,21.060000000000002,21.560000000000002,21.01,21.55,161963,344932084.0,0.0,0,21.21,0
20170914,1505318400000,21.6,22.49,21.43,22.22,353678,778248322.0,0.0,0,21.55,0
20170915,1505404800000,22.009999999999998,22.7,21.93,22.25,286241,639013906.0,0.0,0,22.22,0
20170918,1505664000000,22.27,22.689999999999998,22.11,22.3,161555,360472179.99999994,0.0,0,22.25,0
20170919,1505750400000,22.21,22.84,22.16,22.45,191899,432821667.00000006,0.0,0,22.3,0
20170920,1505836800000,22.37,22.51,21.73,22.09,214070,470488961.99999994,0.0,0,22.45,0
20170921,1505923200000,22.060000000000002,22.3,21.42,21.48,174147,380729483.0,0.0,0,22.090000000000003,0
20170922,1506009600000,21.46,21.46,20.69,20.89,202568,425656718.00000006,0.0,0,21.48,0
20170925,1506268800000,20.99,21.27,20.68,20.95,135814,286045503.0,0.0,0,20.89,0
20170926,1506355200000,20.85,21.11,20.68,20.97,93819,195468057.0,0.0,0,20.95,0
20170927,1506441600000,20.88,21.56,20.88,21.56,144217,307489332.00000006,0.0,0,20.97,0
20170928,1506528000000,21.55,21.93,21.41,21.41,125263,271424452.0,0.0,0,21.56,0
20170929,1506614400000,21.540000000000003,21.89,21.51,21.8,130444,283614742.0,0.0,0,21.41,0
20171009,1507478400000,22.05,22.6,21.91,22.37,174375,389427240.0,0.0,0,21.8,0
20171010,1507564800000,22.39,22.5,22.03,22.310000000000002,97974,217624965.0,0.0,0,22.37,0
20171011,1507651200000,22.240000000000002,22.42,21.580000000000002,21.700000000000003,157806,346386523.0,0.0,0,22.310000000000002,0
20171012,1507737600000,21.69,21.69,20.89,21.03,184822,391364775.0,0.0,0,21.7,0
20171013,1507824000000,21.000000000000004,23.1,20.990000000000002,22.87,362477,805277845.0,0.0,0,21.03,0
20171016,1508083200000,22.8,23.450000000000003,22.6,23.12,447809,1034580760.0,0.0,0,22.87,0
20171017,1508169600000,22.87,23.43,22.66,23.09,216157,499961874.0,0.0,0,23.12,0
20171018,1508256000000,23.130000000000003,24.39,22.69,22.93,329484,775277747.0,0.0,0,23.09,0
20171019,1508342400000,22.67,22.87,22.05,22.3,184890,415656526.00000006,0.0,0,22.93,0
20171020,1508428800000,22.13,22.529999999999998,22.13,22.38,116788,260698572.00000003,0.0,0,22.3,0
20171023,1508688000000,22.43,23.479999999999997,22.31,23.45,264781,611212379.0,0.0,0,22.38,0
20171024,1508774400000,23.48,23.48,22.98,23.25,141947,329176582.0,0.0,0,23.45,0
20171025,1508860800000,23.44,24.18,22.96,23.02,237763,558913594.0,0.0,0,23.25,0
20171026,1508947200000,23.07,23.2,22.48,23.2,168018,383270878.00000006,0.0,0,23.02,0
20171027,1509033600000,23.18,23.18,22.62,22.68,124790,285370224.0,0.0,0,23.2,0
20171030,1509292800000,22.810000000000002,23.18,22.35,22.69,169194,386573237.0,0.0,0,22.68,0
20171031,1509379200000,22.77,23.5,22.7,23.46,206427,478936960.0,0.0,0,22.689999999999998,0
20171101,1509465600000,23.400000000000002,23.770000000000003,23.150000000000002,23.740000000000002,176879,415638684.0,0.0,0,23.46,0
20171102,1509552000000,23.720000000000002,23.930000000000003,23.080000000000002,23.220000000000002,162872,382214878.00000006,0.0,0,23.740000000000002,0
20171103,1509638400000,23.02,23.5,22.66,22.91,152522,350461147.0,0.0,0,23.22,0
20171106,1509897600000,22.88,22.97,21.5,21.99,278103,611824894.0,0.0,0,22.91,0
20171107,1509984000000,22.029999999999998,22.04,21.38,21.91,235339,509419551.99999994,0.0,0,21.99,0
20171108,1510070400000,21.910000000000004,22.150000000000002,21.650000000000002,21.96,151383,332125187.0,0.0,0,21.910000000000004,0
20171109,1510156800000,21.96,22.110000000000003,21.6,21.78,114920,250632591.00000003,0.0,0,21.96,0
20171110,1510243200000,21.67,21.96,21.6,21.830000000000002,122119,265502519.0,0.0,0,21.78,0
20171113,1510502400000,21.85,22.360000000000003,21.650000000000002,22.360000000000003,175361,386598775.0,0.0,0,21.830000000000002,0
20171114,1510588800000,22.26,23.12,22.23,22.6,237755,540297021.0,0.0,0,22.36,0
20171115,1510675200000,22.64,22.8,21.6,21.82,188162,412789947.0,0.0,0,22.6,0
20171116,1510761600000,21.53,21.73,20.96,21.1,217819,460904663.0,0.0,0,21.82,0
20171117,1510848000000,21.03,21.05,20.3,20.650000000000002,167244,348278727.0,0.0,0,21.1,0
20171120,1511107200000,20.46,20.840000000000003,20.01,20.78,127118,259341560.00000003,0.0,0,20.650000000000002,0
20171121,1511193600000,20.700000000000003,21.080000000000002,20.580000000000002,20.82,114197,237528790.0,0.0,0,20.78,0
20171122,1511280000000,20.93,20.96,20.37,20.490000000000002,104820,216184847.0,0.0,0,20.82,0
20171123,1511366400000,20.55,20.990000000000002,20.12,20.2,129871,269337149.0,0.0,0,20.490000000000002,0
20171124,1511452800000,20.26,20.98,20.26,20.89,144694,300682441.0,0.0,0,20.200000000000003,0
20171127,1511712000000,21.0,21.27,20.79,20.9,95768,200803519.0,0.0,0,20.89,0
20171128,1511798400000,20.8,21.23,20.740000000000002,21.19,89656,187990469.0,0.0,0,20.900000000000002,0
20171129,1511884800000,21.26,21.500000000000004,20.900000000000002,21.180000000000003,133437,282601076.00000006,0.0,0,21.19,0
20171130,1511971200000,21.119999999999997,21.119999999999997,20.63,20.74,115098,239388262.0,0.0,0,21.18,0
20171201,1512057600000,20.650000000000002,21.03,20.650000000000002,20.770000000000003,67548,140810747.0,0.0,0,20.740000000000002,0
20171204,1512316800000,21.0,21.0,20.53,20.77,75812,157438610.0,0.0,0,20.77,0
20171205,1512403200000,20.61,20.86,19.8,20.080000000000002,106118,215839158.00000003,0.0,0,20.77,0
20171206,1512489600000,20.07,20.290000000000003,19.240000000000002,19.810000000000002,141461,278479327.0,0.0,0,20.080000000000002,0
20171207,1512576000000,19.82,19.92,19.6,19.8,70012,138323624.0,0.0,0,19.810000000000002,0
20171208,1512662400000,19.83,20.32,19.75,19.99,101602,203622333.0,0.0,0,19.8,0
20171211,1512921600000,20.07,20.34,20.03,20.310000000000002,92270,186284819.00000003,0.0,0,19.990000000000002,0
20171212,1513008000000,20.25,20.35,19.96,19.98,58752,118399638.99999999,0.0,0,20.310000000000002,0
20171213,1513094400000,19.950000000000003,20.680000000000003,19.900000000000002,20.67,135519,277358453.0,0.0,0,19.98,0
20171214,1513180800000,20.610000000000003,21.060000000000002,20.6,20.82,111047,231862507.0,0.0,0,20.67,0
20171215,1513267200000,20.830000000000002,20.92,20.57,20.84,70788,146691763.0,0.0,0,20.82,0
20171218,1513526400000,20.88,21.13,20.7,20.95,69630,145648374.0,0.0,0,20.84,0
20171219,1513612800000,20.93,21.6,20.85,21.43,211287,451599140.0,0.0,0,20.950000000000003,0
20171220,1513699200000,21.46,21.910000000000004,21.240000000000002,21.3,166623,360590488.00000006,0.0,0,21.430000000000003,0
20171221,1513785600000,21.61,22.09,21.55,21.68,194709,424761087.0,0.0,0,21.3,0
20171222,1513872000000,21.759999999999998,22.05,21.52,21.8,127220,277564714.00000006,0.0,0,21.68,0
20171225,1514131200000,21.81,21.97,21.25,21.46,111248,240555746.0,0.0,0,21.8,0
20171226,1514217600000,21.46,22.450000000000003,21.330000000000002,22.37,235822,521476693.00000006,0.0,0,21.46,0
20171227,1514304000000,22.400000000000002,22.860000000000003,22.1,22.200000000000003,234240,524896171.0,0.0,0,22.37,0
20171228,1514390400000,22.11,22.93,22.11,22.4,249904,563930275.0,0.0,0,22.2,0
20171229,1514476800000,22.400000000000002,22.750000000000004,22.330000000000002,22.73,107072,241227428.0,0.0,0,22.400000000000002,0
20180102,1514822400000,22.950000000000003,23.150000000000002,22.53,22.830000000000002,186972,424826788.0,0.0,0,22.73,0
20180103,1514908800000,22.62,23.05,22.34,22.71,207866,472748360.0,0.0,0,22.83,0
20180104,1514995200000,22.65,22.87,22.45,22.52,144562,326576331.00000006,0.0,0,22.71,0
20180105,1515081600000,22.41,22.6,21.59,21.82,244224,535949837.00000006,0.0,0,22.52,0
20180108,1515340800000,21.9,21.9,21.31,21.5,233953,502461928.0,0.0,0,21.82,0
20180109,1515427200000,21.599999999999998,21.66,21.36,21.64,143022,308210392.00000006,0.0,0,21.5,0
20180110,1515513600000,21.56,21.58,20.81,21.04,203867,429587076.0,0.0,0,21.64,0
20180111,1515600000000,21.080000000000002,21.3,21.03,21.21,87212,184693277.0,0.0,0,21.040000000000003,0
20180112,1515686400000,21.259999999999998,21.259999999999998,20.81,21.02,113592,238398679.00000003,0.0,0,21.209999999999997,0
20180115,1515945600000,21.02,21.08,20.18,20.21,160569,327819397.00000006,0.0,0,21.02,0
20180116,1516032000000,20.150000000000002,20.37,19.990000000000002,20.3,131601,265494074.0,0.0,0,20.21,0
20180117,1516118400000,20.28,20.73,19.8,20.59,172638,349960936.0,0.0,0,20.3,0
20180118,1516204800000,20.46,20.630000000000003,20.21,20.330000000000002,86174,175655260.0,0.0,0,20.59,0
20180119,1516291200000,20.340000000000003,20.42,19.990000000000002,20.01,123651,248861122.99999997,0.0,0,20.330000000000002,0
20180122,1516550400000,20.180000000000003,20.840000000000003,20.080000000000002,20.830000000000002,183876,377812684.0,0.0,0,20.01,0
20180123,1516636800000,20.89,20.96,20.53,20.68,116886,241699889.00000003,0.0,0,20.830000000000002,0
20180124,1516723200000,20.57,20.77,20.12,20.64,173769,355935484.00000006,0.0,0,20.68,0
20180125,1516809600000,20.630000000000003,21.060000000000002,20.53,20.700000000000003,134675,280961093.0,0.0,0,20.64,0
20180126,1516896000000,20.85,20.900000000000002,20.51,20.560000000000002,89441,184829918.0,0.0,0,20.700000000000003,0
20180129,1517155200000,20.51,20.75,20.05,20.21,97086,197762463.0,0.0,0,20.560000000000002,0
20180130,1517241600000,20.130000000000003,20.37,20.01,20.040000000000003,73689,148192946.0,0.0,0,20.21,0
20180131,1517328000000,18.04,18.04,18.04,18.04,44991,81163764.0,0.0,0,20.04,0
20180201,1517414400000,16.250000000000004,16.8,16.240000000000002,16.240000000000002,344094,561732534.0,0.0,0,18.040000000000003,0
20180202,1517500800000,15.95,15.95,14.85,15.15,542806,827184872.0,0.0,0,16.24,0
20180205,1517760000000,15.22,15.38,14.950000000000001,15.190000000000001,192314,292503000.00000006,0.0,0,15.15,0
20180206,1517846400000,14.8,14.88,14.06,14.07,220241,319690093.99999994,0.0,0,15.190000000000001,0
20180207,1517932800000,14.56,14.67,14.0,14.33,169757,243650443.0,0.0,0,14.07,0
20180208,1518019200000,14.330000000000002,14.770000000000001,14.280000000000001,14.65,141125,206221161.0,0.0,0,14.330000000000002,0
20180209,1518105600000,14.299999999999999,14.44,14.02,14.139999999999999,160099,227038846.0,0.0,0,14.65,0
20180212,1518364800000,14.25,14.62,14.18,14.42,139701,200839593.0,0.0,0,14.14,0
20180213,1518451200000,14.49,14.620000000000001,14.05,14.100000000000001,213693,306029656.99999994,0.0,0,14.42,0
20180214,1518537600000,14.11,14.120000000000001,13.57,13.81,207274,285873744.0,0.0,0,14.1,0
20180222,1519228800000,13.98,14.340000000000002,13.620000000000001,14.340000000000002,187688,264563893.00000003,0.0,0,13.81,0
20180223,1519315200000,14.450000000000001,15.090000000000002,14.450000000000001,14.74,280031,414326439.0,0.0,0,14.340000000000002,0
20180226,1519574400000,15.0,15.28,14.77,15.2,244534,368424582.00000006,0.0,0,14.74,0
20180227,1519660800000,15.290000000000001,15.67,15.06,15.21,293890,450966048.0,0.0,0,15.200000000000001,0
20180228,1519747200000,15.129999999999999,15.799999999999999,15.02,15.75,293890,458551564.0,0.0,0,15.209999999999999,0
20180301,1519833600000,15.55,15.78,15.41,15.73,208737,325932587.0,0.0,0,15.75,0
20180302,1519920000000,15.66,16.1,15.51,15.87,220414,349527595.99999994,0.0,0,15.73,0
20180305,1520179200000,15.88,15.950000000000001,15.48,15.74,169168,264759549.00000003,0.0,0,15.870000000000001,0
20180306,1520265600000,15.72,15.79,15.51,15.7,165404,258464239.0,0.0,0,15.74,0
20180307,1520352000000,15.610000000000001,15.68,15.39,15.39,126325,196178818.0,0.0,0,15.700000000000001,0
20180308,1520438400000,15.33,15.97,15.31,15.850000000000001,219084,343709560.00000006,0.0,0,15.39,0
20180309,1520524800000,15.88,15.950000000000001,15.63,15.89,217788,343970417.0,0.0,0,15.850000000000001,0
20180312,1520784000000,15.96,16.36,15.96,16.28,228702,370367048.0,0.0,0,15.89,0
20180313,1520870400000,16.37,16.58,16.0,16.05,193827,315390272.0,0.0,0,16.28,0
20180314,1520956800000,16.05,16.169999999999998,15.68,15.709999999999999,149755,237715699.99999997,0.0,0,16.05,0
20180315,1521043200000,15.6,15.82,15.4,15.65,113711,177111881.00000003,0.0,0,15.71,0
20180316,1521129600000,15.66,15.72,15.42,15.45,99198,154169395.0,0.0,0,15.65,0
20180319,1521388800000,15.62,15.77,15.5,15.57,117837,184518451.00000003,0.0,0,15.45,0
20180320,1521475200000,15.350000000000001,15.360000000000001,14.88,15.180000000000001,162227,245183129.0,0.0,0,15.57,0
20180321,1521561600000,15.39,15.46,15.06,15.110000000000001,123756,189473077.0,0.0,0,15.18,0
20180322,1521648000000,15.11,15.25,14.84,14.87,106236,159124491.0,0.0,0,15.11,0
20180323,1521734400000,14.4,14.41,13.51,13.85,219549,308618644.00000006,0.0,0,14.87,0
20180326,1521993600000,13.55,14.3,13.34,14.3,129601,178870476.0,0.0,0,13.85,0
20180327,1522080000000,14.450000000000001,14.72,14.4,14.620000000000001,130821,190126498.0,0.0,0,14.3,0
20180328,1522166400000,14.47,15.16,14.39,14.790000000000001,190629,283627998.0,0.0,0,14.620000000000001,0
20180329,1522252800000,14.89,15.05,14.700000000000001,14.9,115811,171871137.0,0.0,0,14.790000000000001,0
20180330,1522339200000,14.94,15.25,14.94,15.139999999999999,120325,182005926.0,0.0,0,14.9,0
20180402,1522598400000,15.18,15.27,15.02,15.049999999999999,118339,178757781.0,0.0,0,15.139999999999999,0
20180403,1522684800000,14.75,14.97,14.66,14.72,117032,173112723.99999997,0.0,0,15.05,0
20180404,1522771200000,14.75,14.89,14.35,14.41,138493,202841193.0,0.0,0,14.719999999999999,0
20180409,1523203200000,14.4,14.73,14.34,14.49,94039,136649847.0,0.0,0,14.41,0
20180410,1523289600000,14.65,14.7,14.27,14.52,113394,163516852.0,0.0,0,14.49,0
20180411,1523376000000,14.61,14.66,14.51,14.52,77029,112309540.0,0.0,0,14.52,0
20180412,1523462400000,14.48,14.58,14.32,14.34,82044,118261395.00000001,0.0,0,14.52,0
20180413,1523548800000,14.459999999999999,14.5,14.18,14.2,73353,105145827.99999999,0.0,0,14.34,0
20180416,1523808000000,14.23,14.3,13.96,13.99,87129,122621155.99999999,0.0,0,14.200000000000001,0
20180417,1523894400000,14.120000000000001,14.170000000000002,13.780000000000001,13.830000000000002,85570,119130354.0,0.0,0,13.990000000000002,0
20180418,1523980800000,13.94,13.98,13.58,13.83,98886,136055132.0,0.0,0,13.83,0
20180419,1524067200000,13.85,14.44,13.76,14.37,154358,218939020.0,0.0,0,13.83,0
20180420,1524153600000,14.3,14.31,13.82,13.870000000000001,121752,170894963.0,0.0,0,14.370000000000001,0
20180423,1524412800000,14.0,14.040000000000001,13.65,13.77,76040,104721576.0,0.0,0,13.870000000000001,0
20180424,1524499200000,13.780000000000001,14.080000000000002,13.780000000000001,14.05,95459,133252784.0,0.0,0,13.770000000000001,0
20180425,1524585600000,13.99,14.27,13.85,14.25,118747,167270539.0,0.0,0,14.049999999999999,0
20180426,1524672000000,14.200000000000001,14.38,13.8,13.8,102777,144539210.0,0.0,0,14.25,0
20180427,1524758400000,13.86,14.05,13.75,13.86,78408,109110576.0,0.0,0,13.8,0
20180502,1525190400000,13.959999999999999,14.52,13.92,14.34,178076,254027815.0,0.0,0,13.86,0
20180503,1525276800000,14.3,14.65,14.16,14.63,177500,256236315.0,0.0,0,14.34,0
20180504,1525363200000,14.61,14.73,14.43,14.66,139635,203802814.0,0.0,0,14.629999999999999,0
20180507,1525622400000,14.66,14.899999999999999,14.61,14.7,122048,179767641.00000003,0.0,0,14.66,0
20180508,1525708800000,14.8,15.17,14.8,15.07,197250,296733857.0,0.0,0,14.700000000000001,0
20180509,1525795200000,15.07,15.31,14.85,15.28,185735,280843604.00000006,0.0,0,15.07,0
20180510,1525881600000,15.280000000000001,15.420000000000002,15.040000000000001,15.200000000000001,121290,184286457.00000003,0.0,0,15.280000000000001,0
20180511,1525968000000,15.170000000000002,15.240000000000002,14.780000000000001,14.81,139731,208263380.0,0.0,0,15.200000000000001,0
20180514,1526227200000,14.82,15.15,14.82,15.040000000000001,105735,158676196.0,0.0,0,14.81,0
20180515,1526313600000,15.05,15.14,14.870000000000001,15.040000000000001,81875,122763287.0,0.0,0,15.040000000000001,0
20180516,1526400000000,15.09,15.530000000000001,15.05,15.32,221143,338652997.0,0.0,0,15.040000000000001,0
20180517,1526486400000,15.39,15.41,15.05,15.100000000000001,121812,185008001.00000003,0.0,0,15.32,0
20180518,1526572800000,15.110000000000001,15.290000000000001,14.89,15.18,119012,179826336.00000003,0.0,0,15.100000000000001,0
20180521,1526832000000,15.65,15.690000000000001,14.96,15.06,375965,576245988.0,0.0,0,15.180000000000001,0
20180522,1526918400000,15.0,15.0,14.65,14.8,223745,330658646.0,0.0,0,15.06,0
20180523,1527004800000,14.8,14.88,14.370000000000001,14.430000000000001,164514,240624282.0,0.0,0,14.8,0
20180524,1527091200000,14.45,14.49,14.17,14.19,105649,150979805.0,0.0,0,14.43,0
20180525,1527177600000,14.190000000000001,14.27,13.98,14.030000000000001,98386,138638198.0,0.0,0,14.190000000000001,0
20180528,1527436800000,14.09,14.22,14.05,14.09,89854,127090900.99999999,0.0,0,14.030000000000001,0
20180529,1527523200000,14.100000000000001,14.17,13.97,13.98,75297,105946984.00000001,0.0,0,14.09,0
20180530,1527609600000,13.8,13.81,13.4,13.43,114416,155336159.0,0.0,0,13.98,0
20180531,1527696000000,13.48,13.6,13.41,13.51,80324,108489016.0,0.0,0,13.43,0
20180601,1527782400000,13.45,13.45,13.01,13.19,99230,131006344.0,0.0,0,13.51,0
20180604,1528041600000,13.28,13.34,13.17,13.27,59797,79165317.0,0.0,0,13.19,0
20180605,1528128000000,13.26,13.450000000000001,13.23,13.450000000000001,63589,84973567.0,0.0,0,13.27,0
20180606,1528214400000,13.47,13.47,13.21,13.24,73509,97839373.00000001,0.0,0,13.450000000000001,0
20180607,1528300800000,13.24,13.32,13.05,13.07,82198,108123367.0,0.0,0,13.24,0
20180608,1528387200000,13.06,13.07,12.38,12.510000000000002,144565,181850322.0,0.0,0,13.07,0
20180611,1528646400000,12.4,12.61,12.26,12.31,75731,94022490.0,0.0,0,12.51,0
20180612,1528732800000,12.35,12.55,12.32,12.530000000000001,71813,89508237.0,0.0,0,12.31,0
20180613,1528819200000,12.48,12.48,12.25,12.32,70379,86770852.0,0.0,0,12.53,0
20180614,1528905600000,12.360000000000001,12.440000000000001,12.040000000000001,12.06,82254,100498944.0,0.0,0,12.32,0
20180615,1528992000000,12.06,12.13,11.5,11.55,123865,145732019.00000003,0.0,0,12.06,0
20180619,1529337600000,11.55,11.55,11.55,11.55,0,0.0,0.0,0,11.55,1
20180620,1529424000000,11.55,11.55,11.55,11.55,0,0.0,0.0,0,11.55,1
20180621,1529510400000,11.55,11.55,11.55,11.55,0,0.0,0.0,0,11.55,1
20180622,1529596800000,11.55,11.55,11.55,11.55,0,0.0,0.0,0,11.55,1
20180625,1529856000000,11.55,11.55,11.55,11.55,0,0.0,0.0,0,11.55,1
20180626,1529942400000,11.55,11.55,11.55,11.55,0,0.0,0.0,0,11.55,1
20180627,1530028800000,11.55,11.55,11.55,11.55,0,0.0,0.0,0,11.55,1
20180628,1530115200000,11.55,11.55,11.55,11.55,0,0.0,0.0,0,11.55,1
20180629,1530201600000,11.55,11.55,11.55,11.55,0,0.0,0.0,0,11.55,1
20180702,1530460800000,11.55,11.55,11.55,11.55,0,0.0,0.0,0,11.55,1
20180703,1530547200000,11.55,11.55,11.55,11.55,0,0.0,0.0,0,11.55,1
20180704,1530633600000,11.55,11.55,11.55,11.55,0,0.0,0.0,0,11.55,1
20180705,1530720000000,11.55,11.55,11.55,11.55,0,0.0,0.0,0,11.55,1
20180706,1530806400000,11.55,11.55,11.55,11.55,0,0.0,0.0,0,11.55,1
20180709,1531065600000,11.55,11.55,11.55,11.55,0,0.0,0.0,0,11.55,1
20180710,1531152000000,11.55,11.55,11.55,11.55,0,0.0,0.0,0,11.55,1
20180711,1531238400000,11.55,11.55,11.55,11.55,0,0.0,0.0,0,11.55,1
20180712,1531324800000,11.55,11.55,11.55,11.55,0,0.0,0.0,0,11.55,1
20180713,1531411200000,11.55,11.55,11.55,11.55,0,0.0,0.0,0,11.55,1
20180716,1531670400000,11.55,11.55,11.55,11.55,0,0.0,0.0,0,11.55,1
20180717,1531756800000,11.55,11.55,11.55,11.55,0,0.0,0.0,0,11.55,1
20180718,1531843200000,11.55,11.55,11.55,11.55,0,0.0,0.0,0,11.55,1
20180719,1531929600000,11.55,11.55,11.55,11.55,0,0.0,0.0,0,11.55,1
20180720,1532016000000,11.55,11.55,11.55,11.55,0,0.0,0.0,0,11.55,1
20180723,1532275200000,11.55,11.55,11.55,11.55,0,0.0,0.0,0,11.55,1
20180724,1532361600000,11.55,11.55,11.55,11.55,0,0.0,0.0,0,11.55,1
20180725,1532448000000,11.55,11.55,11.55,11.55,0,0.0,0.0,0,11.55,1
20180726,1532534400000,11.55,11.55,11.55,11.55,0,0.0,0.0,0,11.55,1
20180727,1532620800000,11.55,11.55,11.55,11.55,0,0.0,0.0,0,11.55,1
20180730,1532880000000,11.55,11.55,11.55,11.55,0,0.0,0.0,0,11.55,1
20180731,1532966400000,11.55,11.55,11.55,11.55,0,0.0,0.0,0,11.55,1
20180801,1533052800000,11.55,11.55,11.55,11.55,0,0.0,0.0,0,11.55,1
20180802,1533139200000,11.55,11.55,11.55,11.55,0,0.0,0.0,0,11.55,1
20180803,1533225600000,11.55,11.55,11.55,11.55,0,0.0,0.0,0,11.55,1
20180806,1533484800000,11.55,11.55,11.55,11.55,0,0.0,0.0,0,11.55,1
20180807,1533571200000,11.55,11.55,11.55,11.55,0,0.0,0.0,0,11.55,1
20180808,1533657600000,11.55,11.55,11.55,11.55,0,0.0,0.0,0,11.55,1
20180809,1533744000000,11.55,11.55,11.55,11.55,0,0.0,0.0,0,11.55,1
20180810,1533830400000,11.55,11.55,11.55,11.55,0,0.0,0.0,0,11.55,1
20180813,1534089600000,11.55,11.55,11.55,11.55,0,0.0,0.0,0,11.55,1
20180814,1534176000000,11.55,11.55,11.55,11.55,0,0.0,0.0,0,11.55,1
20180815,1534262400000,11.55,11.55,11.55,11.55,0,0.0,0.0,0,11.55,1
20180816,1534348800000,11.55,11.55,11.55,11.55,0,0.0,0.0,0,11.55,1
20180817,1534435200000,11.55,11.55,11.55,11.55,0,0.0,0.0,0,11.55,1
20180820,1534694400000,11.55,11.55,11.55,11.55,0,0.0,0.0,0,11.55,1
20180821,1534780800000,11.55,11.55,11.55,11.55,0,0.0,0.0,0,11.55,1
20180822,1534867200000,11.55,11.55,11.55,11.55,0,0.0,0.0,0,11.55,1
20180823,1534953600000,11.55,11.55,11.55,11.55,0,0.0,0.0,0,11.55,1
20180824,1535040000000,11.55,11.55,11.55,11.55,0,0.0,0.0,0,11.55,1
20180827,1535299200000,11.55,11.55,11.55,11.55,0,0.0,0.0,0,11.55,1
20180828,1535385600000,11.55,11.55,11.55,11.55,0,0.0,0.0,0,11.55,1
20180829,1535472000000,11.55,11.55,11.55,11.55,0,0.0,0.0,0,11.55,1
20180830,1535558400000,11.55,11.55,11.55,11.55,0,0.0,0.0,0,11.55,1
20180831,1535644800000,11.55,11.55,11.55,11.55,0,0.0,0.0,0,11.55,1
20180903,1535904000000,11.55,11.55,11.55,11.55,0,0.0,0.0,0,11.55,1
20180904,1535990400000,11.55,11.55,11.55,11.55,0,0.0,0.0,0,11.55,1
20180905,1536076800000,11.55,11.55,11.55,11.55,0,0.0,0.0,0,11.55,1
20180906,1536163200000,11.55,11.55,11.55,11.55,0,0.0,0.0,0,11.55,1
20180907,1536249600000,11.55,11.55,11.55,11.55,0,0.0,0.0,0,11.55,1
20180910,1536508800000,11.55,11.55,11.55,11.55,0,0.0,0.0,0,11.55,1
20180911,1536595200000,11.55,11.55,11.55,11.55,0,0.0,0.0,0,11.55,1
20180912,1536681600000,11.55,11.55,11.55,11.55,0,0.0,0.0,0,11.55,1
20180913,1536768000000,11.55,11.55,11.55,11.55,0,0.0,0.0,0,11.55,1
20180914,1536854400000,11.55,11.55,11.55,11.55,0,0.0,0.0,0,11.55,1
20180917,1537113600000,11.55,11.55,11.55,11.55,0,0.0,0.0,0,11.55,1
20180918,1537200000000,11.55,11.55,11.55,11.55,0,0.0,0.0,0,11.55,1
20180919,1537286400000,11.55,11.55,11.55,11.55,0,0.0,0.0,0,11.55,1
20180920,1537372800000,11.55,11.55,11.55,11.55,0,0.0,0.0,0,11.55,1
20180921,1537459200000,11.55,11.55,11.55,11.55,0,0.0,0.0,0,11.55,1
20180925,1537804800000,11.55,11.55,11.55,11.55,0,0.0,0.0,0,11.55,1
20180926,1537891200000,11.55,11.55,11.55,11.55,0,0.0,0.0,0,11.55,1
20180927,1537977600000,11.55,11.55,11.55,11.55,0,0.0,0.0,0,11.55,1
20180928,1538064000000,11.55,11.55,11.55,11.55,0,0.0,0.0,0,11.55,1
20181008,1538928000000,11.55,11.55,11.55,11.55,0,0.0,0.0,0,11.55,1
20181009,1539014400000,11.55,11.55,11.55,11.55,0,0.0,0.0,0,11.55,1
20181010,1539100800000,11.55,11.55,11.55,11.55,0,0.0,0.0,0,11.55,1
20181011,1539187200000,10.31,10.31,10.31,10.31,7508,7740748.0,0.0,0,11.450000000000001,0
20181012,1539273600000,9.28,9.28,9.28,9.28,7235,6714080.000000001,0.0,0,10.309999999999999,0
20181015,1539532800000,8.35,8.35,8.35,8.35,17769,14837115.0,0.0,0,9.28,0
20181016,1539619200000,7.5200000000000005,7.750000000000001,7.5200000000000005,7.5200000000000005,363063,274324536.0,0.0,0,8.350000000000001,0
20181017,1539705600000,7.4,7.4799999999999995,7.13,7.4399999999999995,245508,179887177.0,0.0,0,7.52,0
20181018,1539792000000,7.32,7.4,7.15,7.19,131231,95252895.99999999,0.0,0,7.44,0
20181019,1539878400000,7.11,7.41,6.91,7.36,128935,93348313.00000001,0.0,0,7.19,0
20181022,1540137600000,7.43,7.93,7.38,7.79,208072,159435007.00000003,0.0,0,7.36,0
20181023,1540224000000,7.86,8.290000000000001,7.7,7.78,248532,198479526.0,0.0,0,7.79,0
20181024,1540310400000,7.63,7.91,7.62,7.73,123130,95592597.0,0.0,0,7.78,0
20181025,1540396800000,7.44,7.75,7.32,7.640000000000001,119164,89342523.00000001,0.0,0,7.73,0
20181026,1540483200000,7.74,7.890000000000001,7.62,7.68,84343,65035915.00000001,0.0,0,7.64,0
20181029,1540742400000,7.6,7.6,7.38,7.42,78111,58468252.0,0.0,0,7.68,0
20181030,1540828800000,7.41,7.5600000000000005,7.32,7.550000000000001,102866,76794958.00000001,0.0,0,7.42,0
20181031,1540915200000,7.63,7.79,7.55,7.7,126399,97167080.0,0.0,0,7.55,0
20181101,1541001600000,7.76,7.86,7.66,7.69,148864,115606646.0,0.0,0,7.7,0
20181102,1541088000000,7.819999999999999,8.08,7.76,8.04,222578,176959226.0,0.0,0,7.6899999999999995,0
20181105,1541347200000,8.04,8.25,7.96,8.21,203767,165441218.0,0.0,0,8.04,0
20181106,1541433600000,8.14,8.17,7.930000000000001,8.05,134904,108391271.0,0.0,0,8.21,0
20181107,1541520000000,8.090000000000002,8.21,8.040000000000001,8.040000000000001,107999,87559097.0,0.0,0,8.05,0
20181108,1541606400000,8.08,8.129999999999999,7.97,7.97,75482,60745237.00000001,0.0,0,8.04,0
20181109,1541692800000,7.95,8.03,7.91,7.96,69352,55201469.0,0.0,0,7.97,0
20181112,1541952000000,8.02,8.68,7.98,8.6,264138,220757162.0,0.0,0,7.960000000000001,0
20181113,1542038400000,8.5,8.770000000000001,8.38,8.590000000000002,265580,227533790.00000003,0.0,0,8.600000000000001,0
20181114,1542124800000,8.549999999999999,8.77,8.51,8.709999999999999,224185,193991333.0,0.0,0,8.59,0
20181115,1542211200000,8.68,8.799999999999999,8.6,8.79,180393,156917962.0,0.0,0,8.709999999999999,0
20181116,1542297600000,8.8,9.07,8.74,8.950000000000001,205396,182830435.0,0.0,0,8.790000000000001,0
20181119,1542556800000,8.9,9.27,8.65,9.200000000000001,246971,219309690.0,0.0,0,8.950000000000001,0
20181120,1542643200000,9.0,9.13,8.66,8.71,215381,192427884.99999997,0.0,0,9.2,0
20181121,1542729600000,8.52,8.79,8.5,8.75,115941,100388694.0,0.0,0,8.71,0
20181122,1542816000000,8.750000000000002,8.82,8.620000000000001,8.690000000000001,87880,76817782.00000001,0.0,0,8.750000000000002,0
20181123,1542902400000,8.75,8.75,8.05,8.06,158082,131563224.0,0.0,0,8.690000000000001,0
20181126,1543161600000,8.08,8.45,8.08,8.31,148784,123205428.0,0.0,0,8.06,0
20181127,1543248000000,8.49,8.52,8.17,8.26,100532,83647683.00000001,0.0,0,8.31,0
20181128,1543334400000,8.26,8.39,8.16,8.39,93781,77855631.0,0.0,0,8.26,0
20181129,1543420800000,8.46,8.46,8.06,8.110000000000001,115143,95744200.0,0.0,0,8.39,0
20181130,1543507200000,8.11,8.34,7.88,8.14,85344,69186684.0,0.0,0,8.11,0
20181203,1543766400000,8.39,8.780000000000001,8.32,8.700000000000001,194303,166854917.0,0.0,0,8.14,0
20181204,1543852800000,8.64,8.71,8.56,8.68,113842,98202930.0,0.0,0,8.700000000000001,0
20181205,1543939200000,8.5,8.62,8.44,8.53,109475,93211356.0,0.0,0,8.68,0
20181206,1544025600000,8.520000000000001,8.530000000000001,8.3,8.32,79869,67006350.00000001,0.0,0,8.530000000000001,0
20181207,1544112000000,8.32,8.4,8.27,8.35,69304,57809716.99999999,0.0,0,8.32,0
20181210,1544371200000,8.21,8.3,8.0,8.03,107604,87030349.0,0.0,0,8.35,0
20181211,1544457600000,8.06,8.14,8.05,8.110000000000001,49376,39956635.0,0.0,0,8.030000000000001,0
20181212,1544544000000,8.12,8.22,8.09,8.12,43507,35499589.0,0.0,0,8.11,0
20181213,1544630400000,8.14,8.250000000000002,8.040000000000001,8.180000000000001,82132,67000278.00000001,0.0,0,8.120000000000001,0
20181214,1544716800000,8.180000000000001,8.520000000000001,8.13,8.15,161471,134582333.0,0.0,0,8.180000000000001,0
20181217,1544976000000,8.05,8.18,7.91,8.13,93293,74758356.00000001,0.0,0,8.15,0
20181218,1545062400000,8.01,8.08,7.88,7.95,74008,58978647.00000001,0.0,0,8.129999999999999,0
20181219,1545148800000,7.95,8.02,7.83,7.84,49301,39068181.0,0.0,0,7.95,0
20181220,1545235200000,7.83,7.9,7.73,7.840000000000001,44860,35109038.0,0.0,0,7.840000000000001,0
20181221,1545321600000,7.840000000000001,7.840000000000001,7.5600000000000005,7.640000000000001,63126,48515808.0,0.0,0,7.840000000000001,0
20181224,1545580800000,7.64,7.73,7.62,7.68,34886,26769647.0,0.0,0,7.64,0
20181225,1545667200000,7.590000000000001,7.62,7.23,7.430000000000001,84461,62288893.0,0.0,0,7.680000000000001,0
20181226,1545753600000,7.41,7.5,7.37,7.44,36108,26869062.0,0.0,0,7.43,0
20181227,1545840000000,7.590000000000001,7.62,7.2700000000000005,7.28,55276,40990455.0,0.0,0,7.44,0
20181228,1545926400000,7.33,7.34,7.21,7.22,41536,30208474.000000004,0.0,0,7.28,0
20190102,1546358400000,7.28,7.380000000000001,7.23,7.23,37151,27058008.0,0.0,0,7.220000000000001,0
20190103,1546444800000,7.25,7.36,7.23,7.25,38635,28147011.000000004,0.0,0,7.23,0
20190104,1546531200000,7.2,7.45,7.12,7.43,67820,49714359.0,0.0,0,7.25,0
20190107,1546790400000,7.5,7.55,7.41,7.51,71553,53608527.99999999,0.0,0,7.43,0
20190108,1546876800000,7.5,7.57,7.44,7.550000000000001,63063,47434435.99999999,0.0,0,7.510000000000001,0
20190109,1546963200000,7.5200000000000005,7.670000000000001,7.5200000000000005,7.5200000000000005,72889,55498480.0,0.0,0,7.550000000000001,0
20190110,1547049600000,7.5,7.73,7.48,7.5600000000000005,79287,60290047.0,0.0,0,7.5200000000000005,0
20190111,1547136000000,7.54,7.609999999999999,7.47,7.58,54727,41288079.99999999,0.0,0,7.56,0
20190114,1547395200000,7.61,7.66,7.48,7.48,46349,35009292.00000001,0.0,0,7.58,0
20190115,1547481600000,7.4799999999999995,7.64,7.46,7.64,52907,40014354.0,0.0,0,7.4799999999999995,0
20190116,1547568000000,7.64,7.7,7.58,7.66,75028,57406041.0,0.0,0,7.64,0
20190117,1547654400000,7.63,7.680000000000001,7.49,7.5200000000000005,60056,45341480.00000001,0.0,0,7.66,0
20190118,1547740800000,7.5600000000000005,7.6000000000000005,7.49,7.59,52341,39558828.0,0.0,0,7.5200000000000005,0
20190121,1548000000000,7.59,7.67,7.58,7.6,57799,44063949.0,0.0,0,7.59,0
20190122,1548086400000,7.59,7.62,7.38,7.3999999999999995,64471,48179448.00000001,0.0,0,7.6,0
20190123,1548172800000,7.4,7.44,7.36,7.390000000000001,37556,27746500.0,0.0,0,7.4,0
20190124,1548259200000,7.39,7.42,7.26,7.359999999999999,53829,39580100.0,0.0,0,7.39,0
20190125,1548345600000,7.38,7.46,7.29,7.3,61246,45310463.00000001,0.0,0,7.36,0
20190128,1548604800000,7.3500000000000005,7.390000000000001,7.1000000000000005,7.130000000000001,91123,65751798.0,0.0,0,7.300000000000001,0
20190129,1548691200000,7.07,7.13,6.79,6.85,94046,65008202.0,0.0,0,7.13,0
20190130,1548777600000,6.8100000000000005,6.94,6.7,6.79,50380,34506673.0,0.0,0,6.8500000000000005,0
20190131,1548864000000,6.74,6.8100000000000005,6.11,6.17,238607,151188266.0,0.0,0,6.79,0
20190201,1548950400000,6.17,6.66,6.17,6.59,141663,91220728.0,0.0,0,6.17,0
20190211,1549814400000,6.62,6.95,6.62,6.9,134938,92209562.00000001,0.0,0,6.59,0
20190212,1549900800000,6.98,7.13,6.91,7.05,127950,90282954.0,0.0,0,6.9,0
20190213,1549987200000,7.069999999999999,7.22,7.05,7.2,110985,79312613.0,0.0,0,7.05,0
20190214,1550073600000,7.2700000000000005,7.28,7.1000000000000005,7.170000000000001,90451,64851952.0,0.0,0,7.2,0
20190215,1550160000000,7.19,7.48,7.16,7.33,187680,137793722.0,0.0,0,7.17,0
20190218,1550419200000,7.35,7.7299999999999995,7.3,7.6499999999999995,178223,134010474.0,0.0,0,7.33,0
20190219,1550505600000,7.63,7.8100000000000005,7.53,7.71,176655,135048776.0,0.0,0,7.65,0
20190220,1550592000000,7.680000000000001,8.11,7.57,8.02,281735,221675674.0,0.0,0,7.71,0
20190221,1550678400000,8.0,8.040000000000001,7.78,7.890000000000001,233937,184934952.99999997,0.0,0,8.02,0
20190222,1550764800000,7.8,7.96,7.71,7.95,190919,149749154.0,0.0,0,7.89,0
20190225,1551024000000,7.99,8.68,7.96,8.51,360677,298079814.0,0.0,0,7.95,0
20190226,1551110400000,8.510000000000002,8.950000000000001,8.38,8.64,377278,325697556.00000006,0.0,0,8.510000000000002,0
20190227,1551196800000,8.52,8.860000000000001,8.48,8.59,282290,244543173.00000003,0.0,0,8.64,0
20190228,1551283200000,8.66,8.94,8.59,8.79,248043,217978402.0,0.0,0,8.59,0
20190301,1551369600000,8.82,8.88,8.55,8.73,198931,172469009.0,0.0,0,8.790000000000001,0
20190304,1551628800000,8.8,9.57,8.71,9.33,483335,444100639.0,0.0,0,8.73,0
20190305,1551715200000,9.27,9.42,9.1,9.41,326361,300847647.00000006,0.0,0,9.33,0
20190306,1551801600000,9.430000000000001,9.500000000000002,9.120000000000001,9.370000000000001,362342,336510474.0,0.0,0,9.41,0
20190307,1551888000000,9.38,9.49,9.21,9.33,302120,282097646.0,0.0,0,9.370000000000001,0
20190308,1551974400000,9.209999999999999,9.25,8.68,8.7,331693,298140309.0,0.0,0,9.33,0
20190311,1552233600000,8.65,9.110000000000001,8.65,9.1,255800,228992383.0,0.0,0,8.700000000000001,0
20190312,1552320000000,9.17,10.01,9.11,10.01,461017,440443369.0,0.0,0,9.1,0
20190313,1552406400000,10.05,10.86,9.9,10.110000000000001,883154,911516324.0,0.0,0,10.01,0
20190314,1552492800000,9.81,9.95,9.33,9.48,397890,380828461.0,0.0,0,10.11,0
20190315,1552579200000,9.540000000000001,9.690000000000001,9.290000000000001,9.370000000000001,253074,240711736.00000003,0.0,0,9.48,0
20190318,1552838400000,9.4,9.57,9.18,9.56,193136,181572875.0,0.0,0,9.37,0
20190319,1552924800000,9.58,9.63,9.4,9.47,177635,168960749.00000003,0.0,0,9.56,0
20190320,1553011200000,9.45,10.3,9.42,10.129999999999999,415388,406893615.00000006,0.0,0,9.47,0
20190321,1553097600000,9.99,10.260000000000002,9.8,9.98,399649,398915364.00000006,0.0,0,10.13,0
20190322,1553184000000,9.920000000000002,9.950000000000001,9.620000000000001,9.89,240552,235698518.0,0.0,0,9.98,0
20190325,1553443200000,9.68,9.799999999999999,9.6,9.66,164805,159871573.0,0.0,0,9.889999999999999,0
20190326,1553529600000,9.68,9.76,9.19,9.29,198205,188262233.0,0.0,0,9.66,0
20190327,1553616000000,9.3,9.39,9.0,9.2,150373,137694230.00000003,0.0,0,9.29,0
20190328,1553702400000,9.16,9.24,9.02,9.07,112695,102734535.0,0.0,0,9.2,0
20190329,1553788800000,9.040000000000001,9.420000000000002,8.96,9.350000000000001,181746,167206209.0,0.0,0,9.07,0
20190401,1554048000000,9.5,9.780000000000001,9.32,9.74,224778,215838134.00000003,0.0,0,9.35,0
20190402,1554134400000,9.790000000000001,9.98,9.66,9.73,206324,202046350.00000003,0.0,0,9.74,0
20190403,1554220800000,9.649999999999999,9.93,9.61,9.889999999999999,176452,172915199.0,0.0,0,9.729999999999999,0
20190404,1554307200000,9.92,9.99,9.76,9.82,186215,183343042.00000003,0.0,0,9.89,0
20190408,1554652800000,9.88,9.93,9.42,9.67,217738,211349248.0,0.0,0,9.82,0
20190409,1554739200000,9.600000000000001,10.21,9.540000000000001,10.200000000000001,410055,408720662.0,0.0,0,9.670000000000002,0
20190410,1554825600000,10.120000000000001,10.500000000000002,9.950000000000001,10.3,433673,444232672.00000006,0.0,0,10.200000000000001,0
20190411,1554912000000,10.21,10.41,9.83,9.87,269995,271879594.0,0.0,0,10.3,0
20190412,1554998400000,9.85,9.87,9.51,9.59,181088,174954375.0,0.0,0,9.87,0
20190415,1555257600000,9.71,9.770000000000001,9.38,9.39,140206,134546302.0,0.0,0,9.590000000000002,0
20190416,1555344000000,9.32,9.68,9.15,9.63,132523,125180043.00000001,0.0,0,9.39,0
20190417,1555430400000,9.629999999999999,9.89,9.59,9.77,156592,152982989.0,0.0,0,9.629999999999999,0
20190418,1555516800000,9.760000000000002,9.83,9.55,9.56,123932,120043204.99999999,0.0,0,9.770000000000001,0
20190419,1555603200000,9.52,9.78,9.52,9.7,113710,109997954.00000001,0.0,0,9.559999999999999,0
20190422,1555862400000,9.75,9.75,9.32,9.34,137182,130584325.99999999,0.0,0,9.700000000000001,0
20190423,1555948800000,9.34,9.34,9.34,9.34,0,0.0,0.0,0,9.34,1
20190424,1556035200000,9.34,9.34,9.34,9.34,0,0.0,0.0,0,9.34,1
20190425,1556121600000,9.34,9.34,9.34,9.34,0,0.0,0.0,0,9.34,1
20190426,1556208000000,9.34,9.34,9.34,9.34,0,0.0,0.0,0,9.34,1
20190429,1556467200000,9.34,9.34,9.34,9.34,0,0.0,0.0,0,9.34,1
20190430,1556553600000,8.5,8.83,8.41,8.41,214736,183707654.0,0.0,0,9.34,0
20190506,1557072000000,8.35,8.35,7.57,7.57,168853,132376618.0,0.0,0,8.41,0
20190507,1557158400000,7.67,7.72,7.42,7.6,88769,67385688.0,0.0,0,7.57,0
20190508,1557244800000,7.4,7.7,7.3500000000000005,7.510000000000001,57461,43465021.00000001,0.0,0,7.6000000000000005,0
20190509,1557331200000,7.4799999999999995,7.65,7.42,7.46,58265,43843442.99999999,0.0,0,7.51,0
20190510,1557417600000,7.55,7.72,7.22,7.66,89234,67751670.0,0.0,0,7.46,0
20190513,1557676800000,7.6499999999999995,7.95,7.59,7.79,88501,69323947.0,0.0,0,7.66,0
20190514,1557763200000,7.6899999999999995,7.84,7.63,7.7299999999999995,59350,46017980.0,0.0,0,7.79,0
20190515,1557849600000,7.79,7.890000000000001,7.7700000000000005,7.840000000000001,55124,43147045.0,0.0,0,7.73,0
20190516,1557936000000,7.84,7.96,7.82,7.930000000000001,59258,46868012.0,0.0,0,7.84,0
20190517,1558022400000,7.95,7.970000000000001,7.48,7.53,73578,56643436.99999999,0.0,0,7.930000000000001,0
20190520,1558281600000,7.53,7.6000000000000005,7.32,7.5600000000000005,51313,38355848.0,0.0,0,7.53,0
20190521,1558368000000,7.59,7.77,7.5,7.7,44518,34226112.0,0.0,0,7.56,0
20190522,1558454400000,7.73,7.79,7.57,7.63,46633,35846002.0,0.0,0,7.7,0
20190523,1558540800000,7.63,7.68,7.42,7.4799999999999995,49249,37102176.0,0.0,0,7.63,0
20190524,1558627200000,7.390000000000001,7.6000000000000005,7.390000000000001,7.500000000000001,32829,24709909.0,0.0,0,7.48,0
20190527,1558886400000,7.67,8.09,7.65,7.880000000000001,83263,65292948.99999999,0.0,0,7.5,0
20190528,1558972800000,7.95,7.95,7.7,7.78,58224,45434269.00000001,0.0,0,7.88,0
20190529,1559059200000,7.78,7.83,7.63,7.77,46994,36426515.0,0.0,0,7.78,0
20190530,1559145600000,7.75,7.75,7.58,7.66,38604,29486209.000000004,0.0,0,7.7700000000000005,0
20190531,1559232000000,7.680000000000001,7.73,7.61,7.61,36042,27598249.000000004,0.0,0,7.66,0
20190603,1559491200000,7.6,7.85,7.54,7.64,64677,49699518.0,0.0,0,7.61,0
20190604,1559577600000,7.67,7.67,7.38,7.45,56649,42401492.0,0.0,0,7.64,0
20190605,1559664000000,7.5,7.62,7.48,7.48,40427,30489665.0,0.0,0,7.45,0
20190606,1559750400000,7.57,7.57,7.13,7.18,56480,41137654.00000001,0.0,0,7.4799999999999995,0
20190610,1560096000000,7.21,7.34,7.2,7.2700000000000005,38485,27988147.0,0.0,0,7.180000000000001,0
20190611,1560182400000,7.3500000000000005,7.5600000000000005,7.2700000000000005,7.540000000000001,69331,51576695.0,0.0,0,7.2700000000000005,0
20190612,1560268800000,7.5,7.57,7.4,7.41,61941,46367170.0,0.0,0,7.54,0
20190613,1560355200000,7.45,7.45,7.34,7.39,48048,35505136.0,0.0,0,7.41,0
20190614,1560441600000,7.42,7.45,7.22,7.2299999999999995,54308,39719391.0,0.0,0,7.39,0
20190617,1560700800000,7.23,7.2700000000000005,7.15,7.25,38026,27444694.0,0.0,0,7.23,0
20190618,1560787200000,7.28,7.29,7.16,7.2,32800,23621328.0,0.0,0,7.25,0
20190619,1560873600000,7.33,7.49,7.3,7.3,86248,63625226.0,0.0,0,7.2,0
20190620,1560960000000,7.38,7.9399999999999995,7.38,7.93,241660,187800925.99999997,0.0,0,7.3,0
20190621,1561046400000,7.9,8.58,7.82,8.52,334237,275862314.0,0.0,0,7.930000000000001,0
20190624,1561305600000,8.51,8.6,8.11,8.2,205994,169904440.00000003,0.0,0,8.52,0
20190625,1561392000000,8.200000000000001,8.21,7.9,8.07,135020,108216659.0,0.0,0,8.200000000000001,0
20190626,1561478400000,7.98,8.06,7.86,7.92,84284,67156423.0,0.0,0,7.970000000000001,0
20190627,1561564800000,7.91,8.12,7.88,7.93,92352,73849623.0,0.0,0,7.92,0
20190628,1561651200000,7.95,8.12,7.83,8.05,127061,101512265.0,0.0,0,7.93,0
20190701,1561910400000,8.33,8.370000000000001,8.13,8.190000000000001,167350,138079426.0,0.0,0,8.05,0
20190702,1561996800000,8.13,8.200000000000001,7.99,8.05,109904,88669803.0,0.0,0,8.19,0
20190703,1562083200000,8.01,8.35,7.91,8.16,156609,127627770.00000001,0.0,0,8.05,0
20190704,1562169600000,8.180000000000001,8.4,8.120000000000001,8.270000000000001,201311,166561485.0,0.0,0,8.16,0
20190705,1562256000000,8.2,8.209999999999999,7.97,8.049999999999999,111551,89904539.0,0.0,0,8.27,0
20190708,1562515200000,8.01,8.020000000000001,7.6000000000000005,7.630000000000001,115113,89539993.0,0.0,0,8.05,0
20190709,1562601600000,7.64,7.79,7.63,7.7299999999999995,58093,44863700.00000001,0.0,0,7.63,0
20190710,1562688000000,7.6899999999999995,7.84,7.51,7.58,57161,43716912.00000001,0.0,0,7.7299999999999995,0
20190711,1562774400000,7.6899999999999995,7.71,7.47,7.489999999999999,55262,41888015.0,0.0,0,7.58,0
20190712,1562860800000,7.510000000000001,7.5600000000000005,7.3500000000000005,7.49,41292,30877651.0,0.0,0,7.49,0
20190715,1563120000000,7.49,7.630000000000001,7.2700000000000005,7.500000000000001,73684,54840375.0,0.0,0,7.49,0
20190716,1563206400000,7.51,7.55,7.46,7.49,44015,32995834.000000004,0.0,0,7.5,0
20190717,1563292800000,7.53,7.53,7.38,7.41,45517,33944612.0,0.0,0,7.49,0
20190718,1563379200000,7.4,7.4,7.21,7.21,63749,46272489.0,0.0,0,7.41,0
20190719,1563465600000,7.22,7.39,7.22,7.27,40414,29505635.999999996,0.0,0,7.21,0
20190722,1563724800000,7.29,7.3100000000000005,7.03,7.13,58068,41431439.00000001,0.0,0,7.2700000000000005,0
20190723,1563811200000,7.12,7.22,7.12,7.16,34024,24405799.0,0.0,0,7.13,0
20190724,1563897600000,7.28,7.4,7.21,7.27,50000,36540761.0,0.0,0,7.16,0
20190725,1563984000000,7.2700000000000005,7.33,7.23,7.2700000000000005,36018,26234425.0,0.0,0,7.2700000000000005,0
20190726,1564070400000,7.2700000000000005,7.380000000000001,7.23,7.37,43265,31693630.000000004,0.0,0,7.2700000000000005,0
20190729,1564329600000,7.38,7.43,7.29,7.32,28256,20753605.0,0.0,0,7.37,0
20190730,1564416000000,7.29,7.43,7.29,7.38,44836,33145380.0,0.0,0,7.32,0
20190731,1564502400000,7.37,7.42,7.32,7.3500000000000005,33366,24617030.0,0.0,0,7.38,0
20190801,1564588800000,7.36,7.380000000000001,7.2700000000000005,7.3500000000000005,29301,21486574.0,0.0,0,7.3500000000000005,0
20190802,1564675200000,7.2,7.24,7.1000000000000005,7.15,47696,34147252.0,0.0,0,7.3500000000000005,0
20190805,1564934400000,7.15,7.2,7.04,7.05,42285,30175290.000000004,0.0,0,7.15,0
20190806,1565020800000,6.98,6.98,6.41,6.67,97573,65308710.0,0.0,0,7.05,0
20190807,1565107200000,6.7700000000000005,6.96,6.66,6.7700000000000005,66806,45429859.00000001,0.0,0,6.67,0
20190808,1565193600000,6.77,6.93,6.76,6.819999999999999,39573,27019882.0,0.0,15,6.77,0
20190809,1565280000000,6.83,6.87,6.65,6.66,34711,23436998.0,0.0,15,6.82,0
20190812,1565539200000,6.7,6.800000000000001,6.65,6.79,31555,21289355.0,0.0,15,6.66,0
20190813,1565625600000,6.79,6.8500000000000005,6.7,6.74,29206,19725295.0,0.0,15,6.79,0
20190814,1565712000000,6.819999999999999,6.91,6.76,6.779999999999999,35301,24151136.0,0.0,15,6.74,0
20190815,1565798400000,6.61,6.74,6.5600000000000005,6.710000000000001,46130,30746933.000000004,0.0,15,6.78,0
20190816,1565884800000,6.760000000000001,6.800000000000001,6.65,6.66,58624,39388765.0,0.0,15,6.71,0
20190819,1566144000000,6.66,7.0,6.65,6.98,92379,63344947.99999999,0.0,15,6.66,0
20190820,1566230400000,7.0,7.1000000000000005,6.95,6.98,55203,38676077.0,0.0,15,6.98,0
20190821,1566316800000,6.92,7.04,6.9,6.96,43568,30355856.0,0.0,15,6.98,0
20190822,1566403200000,7.01,7.01,6.88,6.91,36581,25318817.0,0.0,15,6.96,0
20190823,1566489600000,6.91,6.96,6.84,6.89,30453,20995414.0,0.0,15,6.91,0
20190826,1566748800000,6.65,6.840000000000001,6.640000000000001,6.8100000000000005,47865,32410328.0,0.0,15,6.890000000000001,0
20190827,1566835200000,6.8,7.05,6.8,6.99,63837,44494794.0,0.0,15,6.81,0
20190828,1566921600000,6.95,7.02,6.88,6.9399999999999995,35376,24546512.0,0.0,15,6.99,0
20190829,1567008000000,6.970000000000001,6.970000000000001,6.86,6.92,38593,26710244.0,0.0,15,6.94,0
20190830,1567094400000,6.94,7.03,6.74,6.8100000000000005,43176,29710494.0,0.0,15,6.92,0
20190902,1567353600000,6.74,6.960000000000001,6.73,6.94,69825,47905107.0,0.0,15,6.8100000000000005,0
20190903,1567440000000,6.93,7.03,6.91,6.98,52103,36288719.0,0.0,15,6.94,0
20190904,1567526400000,6.98,7.1000000000000005,6.95,7.1000000000000005,57642,40603800.0,0.0,15,6.98,0
20190905,1567612800000,7.130000000000001,7.250000000000001,7.1000000000000005,7.11,97994,70204797.0,0.0,15,7.1000000000000005,0
20190906,1567699200000,7.16,7.18,7.08,7.14,53595,38140063.0,0.0,15,7.11,0
20190909,1567958400000,7.1899999999999995,7.32,7.13,7.3,89424,64744032.0,0.0,15,7.14,0
20190910,1568044800000,7.3,7.319999999999999,7.22,7.27,59874,43459692.0,0.0,15,7.3,0
20190911,1568131200000,7.279999999999999,7.33,7.22,7.2299999999999995,48063,34978380.0,0.0,15,7.27,0
20190912,1568217600000,7.25,7.390000000000001,7.23,7.33,60863,44517914.0,0.0,15,7.23,0
20190916,1568563200000,7.34,7.43,7.3,7.33,53861,39600909.0,0.0,15,7.33,0
20190917,1568649600000,7.3100000000000005,7.33,7.03,7.1000000000000005,107025,76440208.0,0.0,15,7.33,0
20190918,1568736000000,7.13,7.16,7.0,7.03,51596,36545834.00000001,0.0,15,7.1,0
20190919,1568822400000,7.03,7.08,6.99,7.04,52247,36697338.0,0.0,15,7.03,0
20190920,1568908800000,7.01,7.08,6.97,7.0,47986,33684941.0,0.0,15,7.04,0
20190923,1569168000000,6.970000000000001,6.98,6.78,6.82,58081,39598835.0,0.0,15,7.0,0
20190924,1569254400000,6.87,6.96,6.82,6.84,49512,34090217.0,0.0,15,6.82,0
20190925,1569340800000,6.94,6.94,6.65,6.67,74723,50323972.0,0.0,15,6.840000000000001,0
20190926,1569427200000,6.670000000000001,6.750000000000001,6.5200000000000005,6.550000000000001,62959,41644979.0,0.0,15,6.670000000000001,0
20190927,1569513600000,6.55,6.68,6.54,6.65,45165,29935307.000000004,0.0,15,6.55,0
20190930,1569772800000,6.65,6.670000000000001,6.5600000000000005,6.57,34298,22647903.0,0.0,15,6.65,0
20191008,1570464000000,6.58,6.66,6.5600000000000005,6.58,25880,17105585.0,0.0,15,6.57,0
20191009,1570550400000,6.56,6.64,6.5,6.61,24568,16170137.0,0.0,15,6.58,0
20191010,1570636800000,6.640000000000001,6.670000000000001,6.6000000000000005,6.65,29083,19307055.0,0.0,15,6.61,0
20191011,1570723200000,6.68,6.75,6.66,6.73,47084,31592371.0,0.0,15,6.65,0
20191014,1570982400000,6.8,6.86,6.75,6.79,55841,38029091.0,0.0,15,6.73,0
20191015,1571068800000,6.72,6.79,6.71,6.76,32416,21854257.000000004,0.0,15,6.79,0
20191016,1571155200000,6.75,6.94,6.74,6.8100000000000005,65515,44946364.0,0.0,15,6.76,0
20191017,1571241600000,6.7700000000000005,6.79,6.65,6.680000000000001,42411,28484139.0,0.0,15,6.8100000000000005,0
20191018,1571328000000,6.69,6.920000000000001,6.69,6.760000000000001,89657,61156997.0,0.0,15,6.680000000000001,0
20191021,1571587200000,6.73,6.74,6.5600000000000005,6.630000000000001,58260,38572155.0,0.0,15,6.760000000000001,0
20191022,1571673600000,6.630000000000001,6.670000000000001,6.6000000000000005,6.640000000000001,32069,21275811.0,0.0,15,6.630000000000001,0
20191023,1571760000000,6.65,6.680000000000001,6.6000000000000005,6.61,26590,17632185.0,0.0,15,6.640000000000001,0
20191024,1571846400000,6.63,6.67,6.57,6.65,30041,19906819.000000004,0.0,15,6.61,0
20191025,1571932800000,6.65,6.65,6.5600000000000005,6.65,29977,19830238.0,0.0,15,6.65,0
20191028,1572192000000,6.64,6.75,6.63,6.75,51398,34428889.00000001,0.0,15,6.6499999999999995,0
20191029,1572278400000,6.750000000000001,6.750000000000001,6.6000000000000005,6.62,47215,31406548.000000004,0.0,15,6.750000000000001,0
20191030,1572364800000,6.6,6.62,6.47,6.489999999999999,51469,33618856.00000001,0.0,15,6.62,0
20191031,1572451200000,6.5,6.550000000000001,6.36,6.37,44509,28641398.000000004,0.0,15,6.49,0
20191101,1572537600000,6.3500000000000005,6.470000000000001,6.3500000000000005,6.44,33491,21516850.000000004,0.0,15,6.37,0
20191104,1572796800000,6.44,6.510000000000001,6.4,6.430000000000001,27164,17509738.999999996,0.0,15,6.44,0
20191105,1572883200000,6.43,6.49,6.37,6.43,30257,19445853.0,0.0,15,6.43,0
20191106,1572969600000,6.430000000000001,6.48,6.36,6.4,37714,24231427.0,0.0,15,6.430000000000001,0
20191107,1573056000000,6.4,6.44,6.36,6.390000000000001,27717,17713955.0,0.0,15,6.4,0
20191108,1573142400000,6.41,6.44,6.36,6.36,30504,19523080.000000004,0.0,15,6.390000000000001,0
20191111,1573401600000,6.37,6.37,6.2,6.22,40513,25421904.0,0.0,15,6.36,0
20191112,1573488000000,6.220000000000001,6.25,6.15,6.180000000000001,28349,17514787.0,0.0,15,6.220000000000001,0
20191113,1573574400000,6.16,6.19,6.08,6.1,34365,21007512.000000004,0.0,15,6.18,0
20191114,1573660800000,6.08,6.15,6.08,6.12,23280,14258829.000000002,0.0,15,6.1,0
20191115,1573747200000,6.109999999999999,6.1499999999999995,6.05,6.05,20679,12595316.0,0.0,15,6.12,0
20191118,1574006400000,6.06,6.1,6.04,6.06,21138,12815314.0,0.0,15,6.05,0
20191119,1574092800000,6.0600000000000005,6.16,6.0600000000000005,6.16,23931,14647698.0,0.0,15,6.0600000000000005,0
20191120,1574179200000,6.16,6.16,6.08,6.15,28852,17644411.999999996,0.0,15,6.16,0
20191121,1574265600000,6.109999999999999,6.24,6.09,6.2299999999999995,37676,23315092.0,0.0,15,6.1499999999999995,0
20191122,1574352000000,6.22,6.2700000000000005,6.12,6.13,31588,19566452.0,0.0,15,6.23,0
20191125,1574611200000,6.12,6.18,6.08,6.16,24754,15188179.0,0.0,15,6.13,0
20191126,1574697600000,6.17,6.19,6.12,6.14,17448,10729939.999999998,0.0,15,6.16,0
20191127,1574784000000,6.1499999999999995,6.17,6.09,6.1,22531,13812145.0,0.0,15,6.14,0
20191128,1574870400000,6.11,6.140000000000001,6.07,6.1000000000000005,19656,11992318.0,0.0,15,6.1000000000000005,0
20191129,1574956800000,6.12,6.16,6.08,6.16,21108,12904486.0,0.0,15,6.1,0
20191202,1575216000000,6.15,6.19,6.12,6.19,22843,14056750.0,0.0,15,6.16,0
20191203,1575302400000,6.15,6.19,6.1000000000000005,6.180000000000001,14812,9104128.0,0.0,15,6.19,0
20191204,1575388800000,6.140000000000001,6.2,6.140000000000001,6.19,19446,12014727.0,0.0,15,6.180000000000001,0
20191205,1575475200000,6.1899999999999995,6.25,6.17,6.24,28574,17763398.0,0.0,15,6.1899999999999995,0
20191206,1575561600000,6.220000000000001,6.24,6.19,6.24,20358,12657081.0,0.0,15,6.24,0
20191209,1575820800000,6.2700000000000005,6.36,6.24,6.32,47765,30163954.000000004,0.0,15,6.24,0
20191210,1575907200000,6.35,6.35,6.26,6.3,26348,16574500.0,0.0,15,6.319999999999999,0
20191211,1575993600000,6.3,6.319999999999999,6.22,6.25,24527,15329452.0,0.0,15,6.3,0
20191212,1576080000000,6.27,6.29,6.22,6.22,20024,12499074.0,0.0,15,6.25,0
20191213,1576166400000,6.260000000000001,6.3100000000000005,6.23,6.29,36254,22752764.000000004,0.0,15,6.220000000000001,0
20191216,1576425600000,6.3100000000000005,6.37,6.28,6.3500000000000005,51757,32796867.0,0.0,15,6.29,0
20191217,1576512000000,6.359999999999999,6.45,6.34,6.4399999999999995,66811,42823721.0,0.0,15,6.35,0
20191218,1576598400000,6.45,6.5200000000000005,6.4,6.46,54625,35268221.0,0.0,15,6.44,0
20191219,1576684800000,6.46,6.51,6.43,6.489999999999999,40604,26246500.0,0.0,15,6.46,0
20191220,1576771200000,6.49,6.670000000000001,6.48,6.57,108060,71188392.99999999,0.0,15,6.49,0
20191223,1577030400000,6.54,6.58,6.32,6.33,59970,38631726.0,0.0,15,6.57,0
20191224,1577116800000,6.380000000000001,6.390000000000001,6.3100000000000005,6.37,44485,28219691.0,0.0,15,6.33,0
20191225,1577203200000,6.3500000000000005,6.36,6.2700000000000005,6.3100000000000005,47231,29863615.0,0.0,15,6.37,0
20191226,1577289600000,6.3100000000000005,6.3500000000000005,6.28,6.33,32464,20503858.999999996,0.0,15,6.3100000000000005,0
20191227,1577376000000,6.35,6.5,6.33,6.41,79652,51256849.99999999,0.0,15,6.33,0
20191230,1577635200000,6.41,6.470000000000001,6.3100000000000005,6.45,54259,34651599.0,0.0,15,6.41,0
20191231,1577721600000,6.44,6.48,6.4,6.45,38363,24697353.0,0.0,15,6.45,0
20200102,1577894400000,6.49,6.57,6.46,6.55,62987,41146875.0,0.0,15,6.45,0
20200103,1577980800000,6.57,6.62,6.5200000000000005,6.6000000000000005,59905,39412884.0,0.0,15,6.550000000000001,0
20200106,1578240000000,6.5600000000000005,6.69,6.5200000000000005,6.590000000000001,86390,57129313.0,0.0,15,6.6000000000000005,0
20200107,1578326400000,6.6000000000000005,6.78,6.6000000000000005,6.710000000000001,101260,67652110.0,0.0,15,6.590000000000001,0
20200108,1578412800000,6.67,6.71,6.53,6.57,75003,49699420.0,0.0,15,6.71,0
20200109,1578499200000,6.61,6.750000000000001,6.6000000000000005,6.69,70113,46825685.0,0.0,15,6.57,0
20200110,1578585600000,6.71,6.720000000000001,6.65,6.71,57943,38800539.0,0.0,15,6.69,0
20200113,1578844800000,6.72,6.74,6.62,6.72,49524,33140321.0,0.0,15,6.71,0
20200114,1578931200000,6.73,7.05,6.7,6.970000000000001,211786,146481317.0,0.0,15,6.72,0
20200115,1579017600000,6.87,6.960000000000001,6.7700000000000005,6.79,129406,88447898.0,0.0,15,6.970000000000001,0
20200116,1579104000000,6.79,6.79,6.67,6.6899999999999995,72322,48568171.0,0.0,15,6.79,0
20200117,1579190400000,6.69,6.7700000000000005,6.6000000000000005,6.61,55096,36737151.0,0.0,15,6.69,0
20200120,1579449600000,6.62,6.760000000000001,6.61,6.75,52951,35485492.0,0.0,15,6.61,0
20200121,1579536000000,6.720000000000001,6.7700000000000005,6.6000000000000005,6.61,66883,44399706.00000001,0.0,15,6.750000000000001,0
20200122,1579622400000,6.61,6.66,6.46,6.59,54532,35829727.0,0.0,15,6.61,0
20200123,1579708800000,6.58,6.590000000000001,6.23,6.300000000000001,96454,61560181.99999999,0.0,15,6.590000000000001,0
20200203,1580659200000,5.67,5.67,5.67,5.67,18947,10742949.0,0.0,15,6.3,0
20200204,1580745600000,5.2,5.66,5.2,5.470000000000001,117419,64312267.0,0.0,15,5.67,0
20200205,1580832000000,5.489999999999999,5.6499999999999995,5.43,5.55,91942,51220431.0,0.0,15,5.47,0
20200206,1580918400000,5.57,5.76,5.46,5.73,126221,71035867.0,0.0,15,5.55,0
20200207,1581004800000,5.74,6.12,5.67,6.12,180372,105543325.0,0.0,15,5.7299999999999995,0
20200210,1581264000000,6.180000000000001,6.180000000000001,5.95,6.03,137852,83296012.0,0.0,15,6.12,0
20200211,1581350400000,6.0,6.02,5.84,5.87,88330,52248327.00000001,0.0,15,6.03,0
20200212,1581436800000,5.87,5.920000000000001,5.8500000000000005,5.920000000000001,52406,30867731.000000004,0.0,15,5.87,0
20200213,1581523200000,5.8999999999999995,5.9399999999999995,5.76,5.859999999999999,78376,45772992.99999999,0.0,15,5.92,0
20200214,1581609600000,5.8500000000000005,5.880000000000001,5.73,5.7700000000000005,67527,39108227.0,0.0,15,5.86,0
20200217,1581868800000,5.78,5.96,5.78,5.96,97903,57805988.0,0.0,15,5.7700000000000005,0
20200218,1581955200000,5.99,6.05,5.92,6.02,103101,61689501.99999999,0.0,15,5.96,0
20200219,1582041600000,6.0,6.12,5.96,6.06,120820,73177391.0,0.0,15,6.02,0
20200220,1582128000000,6.08,6.12,5.96,6.1,117275,71062420.0,0.0,15,6.06,0
20200221,1582214400000,6.09,6.18,6.05,6.16,141651,86900397.0,0.0,15,6.1,0
20200224,1582473600000,6.130000000000001,6.140000000000001,6.0600000000000005,6.11,131313,80070988.0,0.0,15,6.16,0
20200225,1582560000000,5.98,6.0,5.75,5.95,171258,101230763.0,0.0,15,6.11,0
20200226,1582646400000,5.880000000000001,6.23,5.8500000000000005,6.07,208850,126956727.0,0.0,15,5.95,0
20200227,1582732800000,6.12,6.33,6.07,6.29,199975,124117788.0,0.0,15,6.07,0
20200228,1582819200000,6.1000000000000005,6.180000000000001,5.95,5.96,163593,99399723.0,0.0,15,6.29,0
20200302,1583078400000,5.96,6.4,5.96,6.31,175927,110065611.0,0.0,15,5.96,0
20200303,1583164800000,6.4,6.54,6.29,6.46,216095,138664083.0,0.0,15,6.31,0
20200304,1583251200000,6.5200000000000005,6.78,6.41,6.5600000000000005,243741,160632986.0,0.0,15,6.46,0
20200305,1583337600000,6.6499999999999995,6.68,6.47,6.569999999999999,185138,121527308.00000001,0.0,15,6.56,0
20200306,1583424000000,6.49,6.5,6.36,6.42,141591,90987363.0,0.0,15,6.57,0
20200309,1583683200000,6.34,6.39,6.17,6.17,134083,84107851.0,0.0,15,6.42,0
20200310,1583769600000,6.21,6.300000000000001,6.07,6.29,120391,74696986.0,0.0,15,6.17,0
20200311,1583856000000,6.29,6.37,6.2,6.22,90987,57320706.0,0.0,15,6.29,0
20200312,1583942400000,6.12,6.25,6.09,6.14,79270,48908869.00000001,0.0,15,6.22,0
20200313,1584028800000,5.9,6.0600000000000005,5.82,6.0600000000000005,126161,74677689.0,0.0,15,6.140000000000001,0
20200316,1584288000000,6.09,6.13,5.78,5.82,101805,60789474.0,0.0,15,6.0600000000000005,0
20200317,1584374400000,5.94,5.98,5.71,5.82,89484,52096765.0,0.0,15,5.82,0
20200318,1584460800000,5.8500000000000005,5.91,5.65,5.67,89144,51587431.00000001,0.0,15,5.82,0
20200319,1584547200000,5.68,5.74,5.5,5.65,88861,49821464.0,0.0,15,5.67,0
20200320,1584633600000,5.7,5.76,5.62,5.75,51501,29323127.0,0.0,15,5.65,0
20200323,1584892800000,5.6,5.69,5.54,5.57,62980,35303837.00000001,0.0,15,5.75,0
20200324,1584979200000,5.66,5.73,5.61,5.71,55775,31694569.0,0.0,15,5.57,0
20200325,1585065600000,5.83,5.84,5.74,5.79,58040,33535290.0,0.0,15,5.71,0
20200326,1585152000000,5.77,5.77,5.67,5.68,46598,26623038.0,0.0,15,5.79,0
20200327,1585238400000,5.75,5.84,5.71,5.74,49358,28402172.999999996,0.0,15,5.68,0
20200330,1585497600000,5.72,5.72,5.55,5.62,51325,28771804.0,0.0,15,5.74,0
20200331,1585584000000,5.67,5.78,5.61,5.73,58218,33192126.000000004,0.0,15,5.62,0
20200401,1585670400000,5.73,5.79,5.7,5.71,40418,23203865.0,0.0,15,5.73,0
20200402,1585756800000,5.67,5.76,5.62,5.76,44055,25096532.0,0.0,15,5.71,0
20200403,1585843200000,5.7299999999999995,5.76,5.68,5.6899999999999995,36347,20798033.0,0.0,15,5.76,0
20200407,1586188800000,5.78,5.9,5.75,5.88,69093,40372165.00000001,0.0,15,5.69,0
20200408,1586275200000,5.8500000000000005,5.88,5.82,5.86,36653,21440580.000000004,0.0,15,5.88,0
20200409,1586361600000,5.91,5.91,5.8,5.83,41823,24481974.0,0.0,15,5.859999999999999,0
20200410,1586448000000,5.83,5.84,5.71,5.74,39664,22867244.999999996,0.0,15,5.83,0
20200413,1586707200000,5.72,5.75,5.66,5.68,25175,14331022.0,0.0,15,5.74,0
20200414,1586793600000,5.779999999999999,5.779999999999999,5.68,5.7299999999999995,31236,17865021.0,0.0,15,5.68,0
20200415,1586880000000,5.75,5.76,5.68,5.68,29462,16839071.0,0.0,15,5.7299999999999995,0
20200416,1586966400000,5.64,5.84,5.64,5.79,62184,35893498.0,0.0,15,5.68,0
20200417,1587052800000,5.800000000000001,5.86,5.73,5.760000000000001,44329,25618982.000000004,0.0,15,5.79,0
20200420,1587312000000,5.739999999999999,5.77,5.68,5.7299999999999995,43414,24813428.0,0.0,15,5.76,0
20200421,1587398400000,5.67,5.72,5.66,5.69,30379,17262595.0,0.0,15,5.73,0
20200422,1587484800000,5.6499999999999995,5.7299999999999995,5.63,5.7299999999999995,46529,26449218.0,0.0,15,5.6899999999999995,0
20200423,1587571200000,5.72,5.76,5.67,5.72,48248,27585626.0,0.0,15,5.7299999999999995,0
20200424,1587657600000,5.7,5.72,5.63,5.67,50749,28706217.0,0.0,15,5.72,0
20200427,1587916800000,5.6499999999999995,5.72,5.63,5.64,28922,16406086.000000002,0.0,15,5.67,0
20200428,1588003200000,5.6499999999999995,5.68,5.39,5.4399999999999995,67789,37146561.0,0.0,15,5.64,0
20200429,1588089600000,5.3999999999999995,5.49,5.38,5.45,25272,13770397.0,0.0,15,5.4399999999999995,0
20200430,1588176000000,5.47,5.59,5.47,5.569999999999999,36722,20390051.0,0.0,15,5.45,0
20200506,1588694400000,5.5600000000000005,5.69,5.53,5.66,50824,28567439.0,0.0,15,5.57,0
20200507,1588780800000,5.66,5.7,5.61,5.62,47115,26599874.0,0.0,15,5.66,0
20200508,1588867200000,5.68,5.71,5.64,5.659999999999999,50387,28583103.000000004,0.0,15,5.62,0
20200511,1589126400000,5.6899999999999995,5.72,5.63,5.72,60223,34216510.0,0.0,15,5.66,0
20200512,1589212800000,6.069999999999999,6.29,5.93,6.09,409933,252384038.99999997,0.0,15,5.72,0
20200513,1589299200000,5.92,5.94,5.78,5.83,212195,123983461.99999999,0.0,15,6.09,0
20200514,1589385600000,5.82,6.25,5.79,6.08,284533,172165745.0,0.0,15,5.83,0
20200515,1589472000000,6.09,6.13,5.95,5.96,148481,89214910.0,0.0,15,6.08,0
20200518,1589731200000,5.9799999999999995,6.01,5.84,5.8999999999999995,97143,57291498.00000001,0.0,15,5.96,0
20200519,1589817600000,5.970000000000001,5.98,5.86,5.91,76077,44924950.0,0.0,15,5.9,0
20200520,1589904000000,5.9,5.91,5.7700000000000005,5.83,77371,44991000.0,0.0,15,5.91,0
20200521,1589990400000,5.83,5.85,5.76,5.79,49171,28503757.000000004,0.0,15,5.83,0
20200522,1590076800000,5.8100000000000005,5.84,5.66,5.68,62628,35971298.0,0.0,15,5.79,0
20200525,1590336000000,5.71,5.75,5.65,5.69,47645,27120205.0,0.0,15,5.680000000000001,0
20200526,1590422400000,5.7,5.8,5.7,5.7700000000000005,48770,28031192.0,0.0,15,5.69,0
20200527,1590508800000,5.78,5.78,5.69,5.720000000000001,41195,23561920.0,0.0,15,5.7700000000000005,0
20200528,1590595200000,5.6000000000000005,5.6000000000000005,5.4,5.44,72044,39528842.0,0.0,15,5.57,0
20200529,1590681600000,5.470000000000001,5.5,5.44,5.470000000000001,36349,19888846.0,0.0,15,5.44,0
20200601,1590940800000,5.48,5.630000000000001,5.48,5.61,63310,35300779.0,0.0,15,5.470000000000001,0
20200602,1591027200000,5.61,5.8100000000000005,5.58,5.74,103361,59146082.00000001,0.0,15,5.61,0
20200603,1591113600000,5.74,5.760000000000001,5.69,5.69,54251,31009918.999999996,0.0,15,5.74,0
20200604,1591200000000,5.72,5.77,5.67,5.75,50367,28833216.0,0.0,15,5.6899999999999995,0
20200605,1591286400000,5.73,5.78,5.65,5.69,54749,31225207.0,0.0,15,5.75,0
20200608,1591545600000,5.67,5.720000000000001,5.61,5.63,60786,34356847.0,0.0,15,5.69,0
20200609,1591632000000,5.65,5.66,5.58,5.62,66219,37200450.0,0.0,15,5.63,0
20200610,1591718400000,5.61,5.62,5.49,5.5,81084,44721619.0,0.0,15,5.62,0
20200611,1591804800000,5.5,5.57,5.46,5.49,73810,40646899.0,0.0,15,5.5,0
20200612,1591891200000,5.45,5.48,5.4,5.45,104125,56532480.0,0.0,15,5.49,0
20200615,1592150400000,5.4399999999999995,5.52,5.39,5.4399999999999995,72232,39397130.00000001,0.0,15,5.449999999999999,0
20200616,1592236800000,5.45,5.510000000000001,5.4,5.510000000000001,84172,45973261.0,0.0,15,5.44,0
20200617,1592323200000,5.49,5.54,5.45,5.5200000000000005,65577,35994355.0,0.0,15,5.51,0
20200618,1592409600000,5.52,5.529999999999999,5.47,5.5,44970,24698683.999999996,0.0,15,5.52,0
20200619,1592496000000,5.5,5.51,5.46,5.5,44366,24330132.000000004,0.0,15,5.5,0
20200622,1592755200000,5.5,5.5,5.41,5.42,79063,43169552.0,0.0,15,5.5,0
20200623,1592841600000,5.45,5.45,5.38,5.3999999999999995,51500,27820831.0,0.0,15,5.42,0
20200624,1592928000000,5.42,5.43,5.38,5.39,40314,21746845.0,0.0,15,5.3999999999999995,0
20200629,1593360000000,5.3999999999999995,5.41,5.34,5.38,59574,31948563.0,0.0,15,5.39,0
20200630,1593446400000,5.38,5.46,5.37,5.46,63721,34476714.00000001,0.0,15,5.38,0
20200701,1593532800000,5.47,5.4799999999999995,5.42,5.47,60289,32864964.0,0.0,15,5.46,0
20200702,1593619200000,5.45,5.58,5.45,5.55,93829,51707739.0,0.0,15,5.47,0
20200703,1593705600000,5.569999999999999,5.64,5.55,5.609999999999999,103285,57824999.99999999,0.0,15,5.55,0
20200706,1593964800000,5.64,5.84,5.63,5.83,197933,113916197.00000001,0.0,15,5.61,0
20200707,1594051200000,5.85,5.93,5.75,5.79,202905,118003575.0,0.0,15,5.83,0
20200708,1594137600000,5.77,5.96,5.76,5.92,172338,100824760.00000001,0.0,15,5.79,0
20200709,1594224000000,5.949999999999999,6.04,5.89,5.989999999999999,192703,115154883.0,0.0,15,5.92,0
20200710,1594310400000,5.970000000000001,6.0600000000000005,5.9,5.91,157248,93867610.0,0.0,15,5.99,0
20200713,1594569600000,5.8999999999999995,6.109999999999999,5.89,6.109999999999999,185765,112159753.00000001,0.0,15,5.909999999999999,0
20200714,1594656000000,6.11,6.23,5.95,6.07,165232,100535565.99999999,0.0,15,6.11,0
20200715,1594742400000,6.09,6.1000000000000005,5.87,5.92,130469,77757531.0,0.0,15,6.07,0
20200716,1594828800000,5.95,6.300000000000001,5.9,5.91,284155,173206085.0,0.0,15,5.92,0
20200717,1594915200000,5.97,6.239999999999999,5.93,6.1499999999999995,302574,185769163.00000003,0.0,15,5.91,0
20200720,1595174400000,6.34,6.43,6.18,6.319999999999999,311553,196351918.0,0.0,15,6.1499999999999995,0
20200721,1595260800000,6.260000000000001,6.300000000000001,6.11,6.140000000000001,221507,136655740.0,0.0,15,6.32,0
20200722,1595347200000,6.1,6.17,6.05,6.08,133739,81645535.0,0.0,15,6.14,0
20200723,1595433600000,6.040000000000001,6.0600000000000005,5.8500000000000005,5.98,155925,92790493.0,0.0,15,6.080000000000001,0
20200724,1595520000000,5.95,6.06,5.8,5.8,119774,70981377.0,0.0,15,5.9799999999999995,0
20200727,1595779200000,5.8,5.88,5.71,5.78,73759,42527594.0,0.0,15,5.8,0
20200728,1595865600000,5.79,5.930000000000001,5.78,5.84,66132,38667241.00000001,0.0,15,5.78,0
20200729,1595952000000,5.8500000000000005,5.94,5.7700000000000005,5.94,75138,44126006.0,0.0,15,5.840000000000001,0
20200730,1596038400000,5.95,5.96,5.84,5.89,79952,47056844.0,0.0,15,5.9399999999999995,0
20200731,1596124800000,5.87,5.930000000000001,5.8100000000000005,5.91,80296,47188665.0,0.0,15,5.890000000000001,0
20200803,1596384000000,5.92,6.06,5.92,6.05,132439,79623053.00000001,0.0,15,5.91,0
20200804,1596470400000,6.07,6.07,6.0,6.02,100625,60618261.0,0.0,15,6.05,0
20200805,1596556800000,5.9799999999999995,6.05,5.93,6.04,92625,55515044.0,0.0,15,6.02,0
20200806,1596643200000,6.03,6.0600000000000005,5.91,5.99,70006,41883178.00000001,0.0,15,6.04,0
20200807,1596729600000,5.99,5.99,5.8,5.88,87653,51514657.99999999,0.0,15,5.99,0
20200810,1596988800000,5.87,6.06,5.84,6.06,109223,65459000.0,0.0,15,5.88,0
20200811,1597075200000,6.0600000000000005,6.090000000000001,5.94,5.96,99838,60172291.0,0.0,15,6.0600000000000005,0
20200812,1597161600000,5.97,5.98,5.83,5.96,75956,44826563.0,0.0,15,5.96,0
20200813,1597248000000,5.96,6.14,5.96,6.06,108363,65692832.00000001,0.0,15,5.96,0
20200814,1597334400000,6.08,6.12,6.01,6.1,110633,67124244.99999999,0.0,15,6.06,0
20200817,1597593600000,6.12,6.24,6.11,6.17,147242,90981174.00000001,0.0,15,6.1000000000000005,0
20200818,1597680000000,6.21,6.24,6.12,6.14,109096,67286986.0,0.0,15,6.17,0
20200819,1597766400000,6.14,6.27,6.05,6.2,191470,118622765.0,0.0,15,6.14,0
20200820,1597852800000,6.17,6.2,6.04,6.09,99713,60861038.0,0.0,15,6.2,0
20200821,1597939200000,6.16,6.24,6.07,6.140000000000001,82244,50614110.00000001,0.0,15,6.09,0
20200824,1598198400000,6.140000000000001,6.21,6.07,6.15,74345,45764153.0,0.0,15,6.140000000000001,0
20200825,1598284800000,6.16,6.300000000000001,6.140000000000001,6.28,155294,96860931.0,0.0,15,6.15,0
20200826,1598371200000,6.239999999999999,6.55,6.22,6.279999999999999,282867,180965002.0,0.0,15,6.279999999999999,0
20200827,1598457600000,6.28,6.34,6.05,6.1,203653,124655086.0,0.0,15,6.28,0
20200828,1598544000000,6.08,6.09,5.95,6.03,136341,81968669.0,0.0,15,6.1000000000000005,0
20200831,1598803200000,6.06,6.09,6.01,6.05,89960,54443163.0,0.0,15,6.029999999999999,0
20200901,1598889600000,6.06,6.08,6.0,6.04,54609,32919271.000000004,0.0,15,6.05,0
20200902,1598976000000,6.08,6.47,6.04,6.41,311147,196187477.00000003,0.0,15,6.04,0
20200903,1599062400000,6.38,6.64,6.3,6.35,307148,198625149.00000003,0.0,15,6.41,0
20200904,1599148800000,6.29,6.54,6.29,6.42,209199,134644384.00000003,0.0,15,6.35,0
20200907,1599408000000,6.39,6.52,6.3,6.31,186157,119124828.0,0.0,15,6.42,0
20200908,1599494400000,6.32,6.65,6.24,6.6000000000000005,273923,178243351.0,0.0,15,6.3100000000000005,0
20200909,1599580800000,6.5,6.6899999999999995,6.38,6.38,262908,171745035.0,0.0,15,6.6,0
20200910,1599667200000,6.45,6.55,6.08,6.11,198844,124628142.0,0.0,15,6.38,0
20200911,1599753600000,6.08,6.170000000000001,6.0200000000000005,6.11,106215,64746633.0,0.0,15,6.11,0
20200914,1600012800000,6.09,6.2,6.08,6.19,97326,59870756.0,0.0,15,6.11,0
20200915,1600099200000,6.1499999999999995,6.18,6.01,6.05,134004,81248444.0,0.0,15,6.1899999999999995,0
20200916,1600185600000,6.05,6.08,5.97,6.0,68962,41473683.0,0.0,15,6.05,0
20200917,1600272000000,5.99,6.0200000000000005,5.91,5.98,66542,39635116.99999999,0.0,15,6.0,0
20200918,1600358400000,5.97,6.04,5.92,6.03,82062,49029438.0,0.0,15,5.9799999999999995,0
20200921,1600617600000,6.05,6.06,5.92,5.93,77298,46093102.0,0.0,15,6.03,0
20200922,1600704000000,5.890000000000001,5.9,5.7700000000000005,5.79,104261,60870890.00000001,0.0,15,5.930000000000001,0
20200923,1600790400000,5.800000000000001,5.83,5.7700000000000005,5.800000000000001,45192,26183864.000000004,0.0,15,5.79,0
20200924,1600876800000,5.77,5.78,5.63,5.63,65776,37360204.0,0.0,15,5.8,0
20200925,1600963200000,5.66,5.68,5.58,5.64,40836,22992893.0,0.0,15,5.63,0
20200928,1601222400000,5.63,5.66,5.53,5.5600000000000005,40288,22526116.0,0.0,15,5.640000000000001,0
20200929,1601308800000,5.59,5.69,5.58,5.62,30547,17216228.000000004,0.0,15,5.5600000000000005,0
20200930,1601395200000,5.62,5.680000000000001,5.6000000000000005,5.630000000000001,30867,17394489.0,0.0,15,5.62,0
20201009,1602172800000,5.699999999999999,5.779999999999999,5.68,5.71,44473,25476727.0,0.0,15,5.63,0
20201012,1602432000000,5.72,5.83,5.71,5.82,54521,31523217.0,0.0,15,5.71,0
20201013,1602518400000,5.82,5.82,5.7700000000000005,5.79,35267,20429414.0,0.0,15,5.82,0
20201014,1602604800000,5.8,5.8100000000000005,5.7,5.71,37036,21286943.0,0.0,15,5.79,0
20201015,1602691200000,5.699999999999999,5.7299999999999995,5.64,5.67,34992,19873368.0,0.0,15,5.71,0
20201016,1602777600000,5.67,5.77,5.67,5.7299999999999995,32900,18822655.0,0.0,15,5.67,0
20201019,1603036800000,5.75,5.77,5.67,5.7,41508,23740847.0,0.0,15,5.7299999999999995,0
20201020,1603123200000,5.6899999999999995,5.7299999999999995,5.63,5.7299999999999995,43613,24757210.0,0.0,15,5.7,0
20201021,1603209600000,5.73,5.73,5.61,5.640000000000001,37308,21087496.0,0.0,15,5.73,0
20201022,1603296000000,5.63,5.64,5.59,5.609999999999999,26741,15007955.000000002,0.0,15,5.64,0
20201023,1603382400000,5.64,5.64,5.55,5.569999999999999,27853,15572680.0,0.0,15,5.609999999999999,0
20201026,1603641600000,5.57,5.59,5.5,5.55,35105,19471017.0,0.0,15,5.57,0
20201027,1603728000000,5.54,5.54,5.4,5.44,59215,32280506.999999996,0.0,15,5.550000000000001,0
20201028,1603814400000,5.430000000000001,5.48,5.36,5.46,34640,18781559.0,0.0,15,5.44,0
20201029,1603900800000,5.41,5.47,5.38,5.4399999999999995,32316,17547830.0,0.0,15,5.46,0
20201030,1603987200000,5.42,5.49,5.33,5.35,49739,26852176.0,0.0,15,5.44,0
20201102,1604246400000,5.32,5.36,5.2,5.25,63471,33298713.0,0.0,15,5.3500000000000005,0
20201103,1604332800000,5.25,5.33,5.24,5.33,30466,16147245.000000002,0.0,15,5.25,0
20201104,1604419200000,5.34,5.35,5.26,5.31,43071,22849277.000000004,0.0,15,5.33,0
20201105,1604505600000,5.34,5.44,5.33,5.44,53760,29001449.0,0.0,15,5.3100000000000005,0
20201106,1604592000000,5.3999999999999995,5.489999999999999,5.39,5.3999999999999995,40028,21728450.000000004,0.0,15,5.4399999999999995,0
20201109,1604851200000,5.43,5.49,5.41,5.46,59727,32582370.0,0.0,15,5.4,0
20201110,1604937600000,5.49,5.640000000000001,5.44,5.640000000000001,117671,65290646.0,0.0,15,5.46,0
20201111,1605024000000,5.63,5.81,5.59,5.7299999999999995,114214,65018622.00000001,0.0,15,5.64,0
20201112,1605110400000,5.83,6.28,5.73,5.78,276505,164062793.00000003,0.0,15,5.73,0
20201113,1605196800000,5.69,5.75,5.61,5.720000000000001,52611,29936674.000000004,0.0,15,5.78,0
20201116,1605456000000,5.7299999999999995,5.77,5.59,5.63,101073,57110710.0,0.0,15,5.72,0
20201117,1605542400000,5.63,5.640000000000001,5.57,5.6000000000000005,48850,27303927.0,0.0,15,5.63,0
20201118,1605628800000,5.6,5.63,5.55,5.59,50641,28292114.000000004,0.0,15,5.6,0
20201119,1605715200000,5.6,5.63,5.54,5.6,37648,21024690.0,0.0,15,5.59,0
20201120,1605801600000,5.6000000000000005,5.62,5.5600000000000005,5.61,36326,20297727.0,0.0,15,5.6000000000000005,0
20201123,1606060800000,5.62,5.7,5.6000000000000005,5.7,60534,34242874.00000001,0.0,15,5.61,0
20201124,1606147200000,5.7,5.7,5.63,5.64,35019,19807908.0,0.0,15,5.7,0
20201125,1606233600000,5.66,5.680000000000001,5.6000000000000005,5.6000000000000005,32910,18567226.0,0.0,15,5.640000000000001,0
20201126,1606320000000,5.6000000000000005,5.66,5.53,5.5600000000000005,33980,18964404.0,0.0,15,5.6000000000000005,0
20201127,1606406400000,5.569999999999999,5.609999999999999,5.51,5.55,31333,17399082.0,0.0,15,5.56,0
20201130,1606665600000,5.5600000000000005,5.66,5.5600000000000005,5.58,36860,20672506.000000004,0.0,15,5.550000000000001,0
20201201,1606752000000,5.59,5.66,5.58,5.66,34582,19479802.0,0.0,15,5.58,0
20201202,1606838400000,5.66,5.680000000000001,5.61,5.63,25339,14296535.000000002,0.0,15,5.66,0
20201203,1606924800000,5.6499999999999995,5.6499999999999995,5.59,5.609999999999999,28592,16044471.0,0.0,15,5.63,0
20201204,1607011200000,5.66,5.69,5.61,5.63,32515,18342696.000000004,0.0,15,5.61,0
20201207,1607270400000,5.64,5.66,5.55,5.58,33730,18823918.000000004,0.0,15,5.63,0
20201208,1607356800000,5.59,5.59,5.53,5.54,21993,12210492.0,0.0,15,5.58,0
20201209,1607443200000,5.54,5.55,5.41,5.42,34963,19172242.0,0.0,15,5.54,0
20201210,1607529600000,5.4,5.46,5.4,5.430000000000001,21751,11803874.0,0.0,15,5.42,0
20201211,1607616000000,5.4399999999999995,5.4399999999999995,5.3,5.3999999999999995,40184,21519515.000000004,0.0,15,5.43,0
20201214,1607875200000,5.390000000000001,5.430000000000001,5.36,5.4,18991,10241450.0,0.0,15,5.4,0
20201215,1607961600000,5.390000000000001,5.4,5.3500000000000005,5.390000000000001,13171,7076927.000000001,0.0,15,5.4,0
20201216,1608048000000,5.38,5.42,5.37,5.38,19715,10627274.0,0.0,15,5.39,0
20201217,1608134400000,5.4,5.420000000000001,5.3100000000000005,5.41,26294,14129048.0,0.0,15,5.380000000000001,0
20201218,1608220800000,5.41,5.430000000000001,5.3500000000000005,5.3500000000000005,32028,17252721.000000004,0.0,15,5.41,0
20201221,1608480000000,5.34,5.42,5.33,5.41,27784,14964021.000000002,0.0,15,5.35,0
20201222,1608566400000,5.4,5.4,5.3100000000000005,5.32,32948,17617684.000000004,0.0,15,5.41,0
20201223,1608652800000,5.36,5.37,5.3100000000000005,5.3500000000000005,22461,11989696.0,0.0,15,5.32,0
20201224,1608739200000,5.3500000000000005,5.38,5.24,5.25,33836,17880051.0,0.0,15,5.3500000000000005,0
20201225,1608825600000,5.25,5.33,5.23,5.3100000000000005,25399,13457943.0,0.0,15,5.25,0
20201228,1609084800000,5.31,5.33,5.25,5.25,21220,11177023.0,0.0,15,5.31,0
20201229,1609171200000,5.26,5.47,5.26,5.35,41320,22234856.0,0.0,15,5.25,0
20201230,1609257600000,5.319999999999999,5.37,5.3,5.34,27376,14629307.999999998,0.0,15,5.35,0
20201231,1609344000000,5.37,5.3999999999999995,5.34,5.38,30358,16313667.0,0.0,15,5.34,0
20210104,1609689600000,5.38,5.3999999999999995,5.34,5.39,45445,24410420.0,0.0,15,5.38,0
20210105,1609776000000,5.4,5.41,5.3100000000000005,5.33,43196,23066736.000000004,0.0,15,5.390000000000001,0
20210106,1609862400000,5.33,5.35,5.26,5.3,35873,18964789.0,0.0,15,5.33,0
20210107,1609948800000,5.28,5.3,5.09,5.14,78494,40730606.0,0.0,15,5.3,0
20210108,1610035200000,5.11,5.2,5.0200000000000005,5.16,40460,20739943.0,0.0,15,5.140000000000001,0
20210111,1610294400000,5.15,5.180000000000001,5.03,5.03,49682,25197103.0,0.0,15,5.16,0
20210112,1610380800000,5.029999999999999,5.09,5.01,5.05,31021,15618726.0,0.0,15,5.029999999999999,0
20210113,1610467200000,5.05,5.07,4.91,4.95,53703,26599062.0,0.0,15,5.05,0
20210114,1610553600000,4.96,5.06,4.93,5.029999999999999,31323,15747366.000000002,0.0,15,4.949999999999999,0
20210115,1610640000000,5.02,5.12,5.01,5.12,39463,20023503.0,0.0,15,5.029999999999999,0
20210118,1610899200000,5.1000000000000005,5.16,5.0600000000000005,5.11,32530,16624554.0,0.0,15,5.12,0
20210119,1610985600000,5.12,5.16,5.08,5.1,26385,13507154.0,0.0,15,5.11,0
20210120,1611072000000,5.1,5.12,5.01,5.04,32046,16175386.999999998,0.0,15,5.1,0
20210121,1611158400000,5.04,5.08,5.0200000000000005,5.050000000000001,24528,12398644.0,0.0,15,5.04,0
20210122,1611244800000,5.050000000000001,5.0600000000000005,4.98,4.99,33110,16542006.000000002,0.0,15,5.050000000000001,0
20210125,1611504000000,5.0,5.02,4.92,4.9799999999999995,37579,18664297.0,0.0,15,4.99,0
20210126,1611590400000,4.98,5.01,4.91,4.93,34018,16828276.0,0.0,15,4.98,0
20210127,1611676800000,4.91,4.94,4.86,4.88,34796,17027374.999999996,0.0,15,4.930000000000001,0
20210128,1611763200000,4.85,4.88,4.79,4.81,45014,21743518.0,0.0,15,4.88,0
20210129,1611849600000,4.8100000000000005,4.83,4.65,4.67,60753,28606806.0,0.0,15,4.8100000000000005,0
20210201,1612108800000,4.66,4.71,4.59,4.609999999999999,41653,19230607.0,0.0,15,4.67,0
20210202,1612195200000,4.62,4.68,4.54,4.63,29702,13727420.0,0.0,15,4.61,0
20210203,1612281600000,4.63,4.63,4.54,4.54,26849,12280579.000000002,0.0,15,4.63,0
20210204,1612368000000,4.53,4.53,4.32,4.37,57031,25046909.000000004,0.0,15,4.54,0
20210205,1612454400000,4.37,4.46,4.36,4.37,35107,15442592.0,0.0,15,4.37,0
20210208,1612713600000,4.37,4.48,4.36,4.45,37612,16695008.0,0.0,15,4.37,0
20210209,1612800000000,4.449999999999999,4.489999999999999,4.43,4.4799999999999995,19907,8887955.0,0.0,15,4.449999999999999,0
20210210,1612886400000,4.4799999999999995,4.52,4.47,4.47,22382,10046519.0,0.0,15,4.4799999999999995,0
20210218,1613577600000,4.54,4.59,4.5,4.58,33507,15260768.0,0.0,15,4.47,0
20210219,1613664000000,4.590000000000001,4.710000000000001,4.5600000000000005,4.710000000000001,38986,18181436.0,0.0,15,4.58,0
20210222,1613923200000,4.7299999999999995,4.89,4.72,4.81,69910,33745061.0,0.0,15,4.71,0
20210223,1614009600000,4.85,4.87,4.75,4.76,36899,17720203.0,0.0,15,4.81,0
20210224,1614096000000,4.760000000000001,4.840000000000001,4.73,4.78,28968,13865825.0,0.0,15,4.760000000000001,0
20210225,1614182400000,4.76,4.85,4.76,4.83,35573,17129509.0,0.0,15,4.779999999999999,0
20210226,1614268800000,4.82,5.0600000000000005,4.7700000000000005,5.0600000000000005,105726,52395223.0,0.0,15,4.83,0
20210301,1614528000000,5.09,5.12,4.99,5.03,108620,54645441.00000001,0.0,15,5.0600000000000005,0
20210302,1614614400000,5.03,5.4,5.0200000000000005,5.37,218253,115509373.00000001,0.0,15,5.03,0
20210303,1614700800000,5.37,5.46,5.2,5.37,171528,90914140.0,0.0,15,5.37,0
20210304,1614787200000,5.3100000000000005,5.550000000000001,5.2700000000000005,5.500000000000001,208851,113948543.00000001,0.0,15,5.37,0
20210305,1614873600000,5.49,5.49,5.34,5.37,136498,73597887.0,0.0,15,5.5,0
20210308,1615132800000,5.3999999999999995,5.6899999999999995,5.38,5.38,194053,106698517.0,0.0,15,5.37,0
20210309,1615219200000,5.31,5.31,4.97,5.06,179307,92102805.99999999,0.0,15,5.38,0
20210310,1615305600000,5.1,5.17,5.04,5.07,77842,39719404.0,0.0,15,5.06,0
20210311,1615392000000,5.1,5.359999999999999,5.09,5.34,151893,79815180.00000001,0.0,15,5.07,0
20210312,1615478400000,5.38,5.79,5.29,5.66,330222,184816250.0,0.0,15,5.34,0
20210315,1615737600000,5.75,5.93,5.62,5.79,339368,196536075.00000003,0.0,15,5.66,0
20210316,1615824000000,5.84,6.14,5.75,6.09,409403,244879187.00000003,0.0,15,5.79,0
20210317,1615910400000,6.1000000000000005,6.1000000000000005,5.8100000000000005,5.83,290203,170967333.00000003,0.0,15,6.090000000000001,0
20210318,1615996800000,5.82,5.91,5.78,5.8100000000000005,186878,109116836.0,0.0,15,5.83,0
20210319,1616083200000,5.72,5.890000000000001,5.66,5.72,204591,117863390.0,0.0,15,5.8100000000000005,0
20210322,1616342400000,5.73,6.050000000000001,5.73,6.0200000000000005,290729,172804908.0,0.0,15,5.720000000000001,0
20210323,1616428800000,6.01,6.01,5.74,5.8500000000000005,238466,139118841.99999997,0.0,15,6.0200000000000005,0
20210324,1616515200000,5.73,6.18,5.7,6.08,409700,247738958.0,0.0,15,5.8500000000000005,0
20210325,1616601600000,6.05,6.0600000000000005,5.74,5.88,252601,147792775.0,0.0,15,6.08,0
20210326,1616688000000,5.88,6.04,5.8,5.87,196736,116411361.0,0.0,15,5.88,0
20210329,1616947200000,5.88,5.96,5.68,5.77,205905,119435061.00000001,0.0,15,5.87,0
20210330,1617033600000,5.71,5.74,5.42,5.53,207614,114879399.99999999,0.0,15,5.77,0
20210331,1617120000000,5.48,5.95,5.48,5.82,271951,156545640.00000003,0.0,15,5.53,0
20210401,1617206400000,5.86,5.880000000000001,5.6000000000000005,5.750000000000001,171628,97638301.0,0.0,15,5.82,0
20210402,1617292800000,5.76,5.78,5.55,5.56,124357,70022612.0,0.0,15,5.75,0
20210406,1617638400000,5.51,5.6,5.5,5.55,71616,39781581.0,0.0,15,5.56,0
20210407,1617724800000,5.58,5.94,5.53,5.7700000000000005,267851,155593706.0,0.0,15,5.55,0
20210408,1617811200000,5.750000000000001,5.8500000000000005,5.5600000000000005,5.57,197682,111395717.0,0.0,15,5.7700000000000005,0
20210409,1617897600000,5.56,5.85,5.5,5.6,208480,118666604.00000001,0.0,15,5.57,0
20210412,1618156800000,5.59,5.75,5.55,5.62,160535,90870261.00000001,0.0,15,5.6,0
20210413,1618243200000,5.65,5.69,5.4,5.430000000000001,147760,80840089.00000001,0.0,15,5.62,0
20210414,1618329600000,5.4,5.46,5.32,5.44,82739,44670748.0,0.0,15,5.430000000000001,0
20210415,1618416000000,5.4,5.4,5.3100000000000005,5.340000000000001,80661,43117343.0,0.0,15,5.44,0
20210416,1618502400000,5.39,5.4399999999999995,5.34,5.43,68228,36886377.0,0.0,15,5.34,0
20210419,1618761600000,5.45,5.5600000000000005,5.44,5.510000000000001,93778,51639360.0,0.0,15,5.430000000000001,0
20210420,1618848000000,5.5,5.57,5.44,5.45,72483,39758554.00000001,0.0,15,5.510000000000001,0
20210421,1618934400000,5.45,5.46,5.33,5.35,60819,32660573.0,0.0,15,5.45,0
20210422,1619020800000,5.38,5.42,5.32,5.3500000000000005,55220,29603867.000000004,0.0,15,5.3500000000000005,0
20210423,1619107200000,5.36,5.39,5.21,5.25,79695,41942830.00000001,0.0,15,5.35,0
20210426,1619366400000,5.25,5.32,5.2,5.3,58821,31006500.0,0.0,15,5.25,0
20210427,1619452800000,5.28,5.29,5.07,5.11,73168,37535358.0,0.0,15,5.300000000000001,0
20210428,1619539200000,5.12,5.17,5.05,5.069999999999999,47478,24154853.0,0.0,15,5.109999999999999,0
20210429,1619625600000,5.1000000000000005,5.17,5.07,5.09,45820,23407982.0,0.0,15,5.07,0
20210430,1619712000000,5.1000000000000005,5.13,5.03,5.12,47203,23967552.0,0.0,15,5.09,0
20210506,1620230400000,5.13,5.29,5.09,5.13,83845,43486515.0,0.0,15,5.12,0
20210507,1620316800000,5.13,5.18,5.08,5.14,47348,24277373.0,0.0,15,5.13,0
20210510,1620576000000,5.15,5.180000000000001,5.1000000000000005,5.180000000000001,54861,28183584.0,0.0,15,5.140000000000001,0
20210511,1620662400000,5.1499999999999995,5.25,5.13,5.22,49185,25581177.0,0.0,15,5.18,0
20210512,1620748800000,5.19,5.23,5.15,5.2,40171,20808450.000000004,0.0,15,5.220000000000001,0
20210513,1620835200000,5.19,5.24,5.16,5.19,50157,26075956.0,0.0,15,5.2,0
20210514,1620921600000,5.2299999999999995,5.41,5.22,5.359999999999999,128482,68871667.0,0.0,15,5.1899999999999995,0
20210517,1621180800000,5.37,5.39,5.26,5.27,84870,44938172.00000001,0.0,15,5.359999999999999,0
20210518,1621267200000,5.26,5.28,5.2,5.28,50953,26688955.000000004,0.0,15,5.2700000000000005,0
20210519,1621353600000,5.29,5.319999999999999,5.22,5.26,51999,27394971.0,0.0,15,5.279999999999999,0
20210520,1621440000000,5.239999999999999,5.34,5.18,5.22,85859,45006541.0,0.0,15,5.26,0
20210521,1621526400000,5.22,5.26,5.18,5.21,65088,33936592.0,0.0,15,5.22,0
20210524,1621785600000,5.199999999999999,5.3,5.18,5.29,79555,41903655.00000001,0.0,15,5.21,0
20210525,1621872000000,5.27,5.3,5.21,5.26,82545,43323237.00000001,0.0,15,5.29,0
20210526,1621958400000,5.24,5.390000000000001,5.23,5.300000000000001,105087,55691479.0,0.0,15,5.260000000000001,0
20210527,1622044800000,5.3100000000000005,5.36,5.2700000000000005,5.29,70286,37341570.0,0.0,15,5.300000000000001,0
20210528,1622131200000,5.3,5.33,5.18,5.22,78622,41201511.0,0.0,15,5.29,0
20210531,1622390400000,5.25,5.44,5.25,5.4,140714,75665644.0,0.0,15,5.22,0
20210601,1622476800000,5.4,5.430000000000001,5.3100000000000005,5.340000000000001,91554,48871220.99999999,0.0,15,5.4,0
20210602,1622563200000,5.3500000000000005,5.430000000000001,5.32,5.37,92613,49809985.0,0.0,15,5.34,0
20210603,1622649600000,5.38,5.39,5.34,5.37,61178,32810690.999999996,0.0,15,5.37,0
20210604,1622736000000,5.28,5.29,5.19,5.21,70962,37094156.0,0.0,15,5.2700000000000005,0
20210607,1622995200000,5.24,5.24,5.17,5.1899999999999995,63708,33090017.000000004,0.0,15,5.21,0
20210608,1623081600000,5.220000000000001,5.23,5.15,5.17,58503,30259431.999999996,0.0,15,5.19,0
20210609,1623168000000,5.159999999999999,5.18,5.14,5.1499999999999995,49730,25624580.0,0.0,15,5.17,0
20210610,1623254400000,5.16,5.18,5.12,5.13,53856,27691312.000000004,0.0,15,5.15,0
20210611,1623340800000,5.12,5.2,5.12,5.13,52440,27024442.999999996,0.0,15,5.13,0
20210615,1623686400000,5.13,5.16,5.08,5.11,41478,21177102.0,0.0,15,5.13,0
20210616,1623772800000,5.11,5.12,5.08,5.09,32746,16695582.0,0.0,15,5.11,0
20210617,1623859200000,5.09,5.11,5.08,5.1,28220,14381515.999999998,0.0,15,5.09,0
20210618,1623945600000,5.1,5.12,5.05,5.1,49695,25269265.0,0.0,15,5.1,0
20210621,1624204800000,5.1,5.18,5.08,5.17,48507,24946445.0,0.0,15,5.1,0
20210622,1624291200000,5.17,5.260000000000001,5.15,5.25,78172,40812212.0,0.0,15,5.17,0
20210623,1624377600000,5.28,5.36,5.24,5.3500000000000005,104709,55414521.0,0.0,15,5.25,0
20210624,1624464000000,5.34,5.38,5.28,5.3100000000000005,64655,34390540.00000001,0.0,15,5.3500000000000005,0
20210625,1624550400000,5.3,5.35,5.21,5.28,57720,30386784.000000004,0.0,15,5.31,0
20210628,1624809600000,5.29,5.38,5.26,5.279999999999999,67480,35829665.0,0.0,15,5.279999999999999,0
20210629,1624896000000,5.28,5.29,5.2,5.23,50950,26645686.0,0.0,15,5.28,0
20210630,1624982400000,5.24,5.25,5.15,5.16,47940,24865203.0,0.0,15,5.23,0
20210701,1625068800000,5.16,5.18,5.08,5.09,68989,35302750.0,0.0,15,5.16,0
20210702,1625155200000,5.08,5.1000000000000005,5.0600000000000005,5.08,43794,22237185.0,0.0,15,5.090000000000001,0
20210705,1625414400000,5.08,5.11,5.07,5.09,32727,16662538.0,0.0,15,5.08,0
20210706,1625500800000,5.08,5.12,5.08,5.12,32952,16791367.0,0.0,15,5.09,0
20210707,1625587200000,5.14,5.17,5.08,5.09,46685,23840957.0,0.0,15,5.12,0
20210708,1625673600000,5.12,5.24,5.12,5.19,86504,44983774.0,0.0,15,5.09,0
20210709,1625760000000,5.16,5.23,5.11,5.2,68032,35268258.00000001,0.0,15,5.19,0
20210712,1626019200000,5.2700000000000005,5.3100000000000005,5.19,5.25,90106,47269369.0,0.0,15,5.2,0
20210713,1626105600000,5.23,5.300000000000001,5.19,5.29,80733,42419097.0,0.0,15,5.25,0
20210714,1626192000000,5.3,5.359999999999999,5.26,5.31,92769,49246914.0,0.0,15,5.29,0
20210715,1626278400000,5.29,5.31,5.22,5.25,65754,34564978.0,0.0,15,5.31,0
20210716,1626364800000,5.2700000000000005,5.33,5.24,5.2700000000000005,77157,40796401.0,0.0,15,5.25,0
20210719,1626624000000,5.29,5.300000000000001,5.19,5.24,67110,35025543.0,0.0,15,5.2700000000000005,0
20210720,1626710400000,5.2,5.2299999999999995,5.17,5.2,46311,24063559.0,0.0,15,5.24,0
20210721,1626796800000,5.2,5.29,5.2,5.2700000000000005,73395,38581833.00000001,0.0,15,5.2,0
20210722,1626883200000,5.29,5.3100000000000005,5.23,5.23,58571,30815950.0,0.0,15,5.2700000000000005,0
20210723,1626969600000,5.25,5.25,5.17,5.1899999999999995,64484,33477762.0,0.0,15,5.2299999999999995,0
20210726,1627228800000,5.1899999999999995,5.2,5.09,5.09,61050,31264549.0,0.0,15,5.1899999999999995,0
20210727,1627315200000,5.08,5.13,4.95,4.95,84288,42515493.0,0.0,15,5.09,0
20210728,1627401600000,4.97,4.97,4.72,4.739999999999999,92618,44275171.00000001,0.0,15,4.95,0
20210729,1627488000000,4.800000000000001,4.840000000000001,4.73,4.78,53473,25592957.0,0.0,15,4.74,0
20210730,1627574400000,4.79,4.84,4.76,4.81,45945,22088314.0,0.0,15,4.779999999999999,0
20210802,1627833600000,4.819999999999999,4.93,4.72,4.91,43416,21137825.0,0.0,15,4.81,0
20210803,1627920000000,4.91,4.96,4.88,4.89,40525,19942589.0,0.0,15,4.91,0
20210804,1628006400000,4.9,4.930000000000001,4.86,4.9,33430,16335188.000000002,0.0,15,4.890000000000001,0
20210805,1628092800000,4.9,4.9,4.8100000000000005,4.840000000000001,42993,20840222.0,0.0,15,4.9,0
20210806,1628179200000,4.84,4.85,4.75,4.8,40837,19560986.0,0.0,15,4.84,0
20210809,1628438400000,4.8,4.87,4.8,4.85,28509,13828959.0,0.0,15,4.8,0
20210810,1628524800000,4.8500000000000005,4.94,4.82,4.94,47870,23445702.999999996,0.0,15,4.8500000000000005,0
20210811,1628611200000,4.96,4.97,4.92,4.95,41761,20650249.0,0.0,15,4.9399999999999995,0
20210812,1628697600000,4.949999999999999,4.9799999999999995,4.93,4.96,32302,16006764.999999998,0.0,15,4.949999999999999,0
20210813,1628784000000,4.9799999999999995,4.9799999999999995,4.93,4.97,35234,17457563.0,0.0,15,4.96,0
20210816,1629043200000,5.0,5.069999999999999,4.97,5.029999999999999,55886,28126194.000000004,0.0,15,4.97,0
20210817,1629129600000,5.08,5.08,4.91,4.92,52518,26220948.000000004,0.0,15,5.03,0
20210818,1629216000000,4.87,5.0,4.87,4.98,28174,13961774.000000002,0.0,15,4.92,0
20210819,1629302400000,4.989999999999999,5.02,4.93,4.9399999999999995,36036,17856622.000000004,0.0,15,4.9799999999999995,0
20210820,1629388800000,4.94,5.010000000000001,4.9,4.94,48387,23917634.0,0.0,15,4.94,0
20210823,1629648000000,4.95,5.0200000000000005,4.95,4.99,51234,25565958.0,0.0,15,4.94,0
20210824,1629734400000,5.029999999999999,5.069999999999999,5.01,5.02,40729,20497377.000000004,0.0,15,4.99,0
20210825,1629820800000,5.02,5.04,4.97,5.01,46820,23411491.999999996,0.0,15,5.02,0
20210826,1629907200000,5.01,5.05,4.97,5.029999999999999,49066,24642562.0,0.0,15,5.01,0
20210827,1629993600000,5.04,5.050000000000001,4.98,5.0200000000000005,40615,20362114.0,0.0,15,5.03,0
20210830,1630252800000,5.03,5.180000000000001,5.0200000000000005,5.140000000000001,92899,47557741.0,0.0,15,5.0200000000000005,0
20210831,1630339200000,5.2299999999999995,5.6499999999999995,5.22,5.6499999999999995,286129,158089805.0,0.0,15,5.14,0
20210901,1630425600000,5.91,5.91,5.65,5.71,544017,314106923.0,0.0,15,5.65,0
20210902,1630512000000,5.58,6.25,5.55,6.109999999999999,487514,291478172.00000006,0.0,15,5.71,0
20210903,1630598400000,6.06,6.1,5.8,5.87,305343,180576321.99999997,0.0,15,6.109999999999999,0
20210906,1630857600000,5.85,6.22,5.83,5.99,247646,149468794.0,0.0,15,5.87,0
20210907,1630944000000,5.95,6.11,5.91,6.03,198606,119346002.0,0.0,15,5.99,0
20210908,1631030400000,6.0,6.09,5.93,6.02,195707,117850163.99999999,0.0,15,6.029999999999999,0
20210909,1631116800000,6.0,6.32,5.96,6.15,243898,150435947.0,0.0,15,6.02,0
20210910,1631203200000,6.170000000000001,6.24,6.0600000000000005,6.11,161464,98971056.00000001,0.0,15,6.15,0
20210913,1631462400000,6.28,6.720000000000001,6.2700000000000005,6.720000000000001,267977,177278395.0,0.0,15,6.11,0
20210914,1631548800000,6.970000000000001,7.140000000000001,6.61,6.7,700166,478710782.0,0.0,15,6.720000000000001,0
20210915,1631635200000,6.61,7.000000000000001,6.6000000000000005,6.960000000000001,454321,310951149.00000006,0.0,15,6.7,0
20210916,1631721600000,6.89,6.96,6.63,6.67,333266,225127147.0,0.0,15,6.96,0
20210917,1631808000000,6.64,6.78,6.42,6.61,254663,167603710.0,0.0,15,6.67,0
20210922,1632240000000,6.510000000000001,6.87,6.36,6.8500000000000005,269733,181312501.99999997,0.0,15,6.61,0
20210923,1632326400000,6.83,7.3,6.76,7.26,451828,321887460.99999994,0.0,15,6.85,0
20210924,1632412800000,7.2700000000000005,7.2700000000000005,6.86,6.87,315912,220672782.99999997,0.0,15,7.260000000000001,0
20210927,1632672000000,7.0,7.07,6.4,6.590000000000001,242930,162559468.0,0.0,15,6.87,0
20210928,1632758400000,6.6000000000000005,6.960000000000001,6.6000000000000005,6.720000000000001,197918,133868097.0,0.0,15,6.590000000000001,0
20210929,1632844800000,6.62,6.880000000000001,6.48,6.5,199414,132584595.0,0.0,15,6.720000000000001,0
20210930,1632931200000,6.55,6.68,6.46,6.61,134733,88261455.0,0.0,15,6.5,0
20211008,1633622400000,6.63,6.99,6.51,6.54,202999,136213542.0,0.0,15,6.609999999999999,0
20211011,1633881600000,6.53,6.62,6.03,6.1000000000000005,269315,166117772.0,0.0,15,6.54,0
20211012,1633968000000,6.13,6.1499999999999995,5.84,5.92,163456,97497099.0,0.0,15,6.1,0
20211013,1634054400000,5.930000000000001,5.94,5.69,5.83,140110,81191272.00000001,0.0,15,5.920000000000001,0
20211014,1634140800000,5.79,5.88,5.7,5.82,86929,50344428.99999999,0.0,15,5.83,0
20211015,1634227200000,5.930000000000001,5.95,5.78,5.8,94549,55246348.0,0.0,15,5.82,0
20211018,1634486400000,5.8,6.2,5.79,6.12,175261,106320825.0,0.0,15,5.8,0
20211019,1634572800000,6.12,6.18,6.05,6.109999999999999,86195,52731496.00000001,0.0,15,6.12,0
20211020,1634659200000,6.06,6.2,6.0,6.14,85730,52439590.00000001,0.0,15,6.11,0
20211021,1634745600000,6.130000000000001,6.19,6.0600000000000005,6.180000000000001,86083,52828297.0,0.0,15,6.140000000000001,0
20211022,1634832000000,6.16,6.16,5.99,6.01,98243,59473109.00000001,0.0,15,6.180000000000001,0
20211025,1635091200000,6.05,6.18,6.0,6.16,83929,51349660.0,0.0,15,6.01,0
20211026,1635177600000,6.12,6.28,6.05,6.069999999999999,85592,52657778.0,0.0,15,6.16,0
20211027,1635264000000,6.1,6.1899999999999995,6.01,6.16,95064,58046237.0,0.0,15,6.069999999999999,0
20211028,1635350400000,6.130000000000001,6.130000000000001,5.8100000000000005,5.82,149323,88194985.0,0.0,15,6.16,0
20211029,1635436800000,5.8,6.0,5.74,6.0,143921,85140299.0,0.0,15,5.82,0
20211101,1635696000000,5.96,6.3100000000000005,5.94,6.260000000000001,166666,102921539.0,0.0,15,6.0,0
20211102,1635782400000,6.24,6.290000000000001,6.0600000000000005,6.11,142975,88105100.0,0.0,15,6.260000000000001,0
20211103,1635868800000,6.130000000000001,6.2,5.98,6.0,104997,63462052.0,0.0,15,6.11,0
20211104,1635955200000,6.010000000000001,6.180000000000001,5.9,6.17,105249,63451546.0,0.0,15,6.0,0
20211105,1636041600000,6.180000000000001,6.180000000000001,6.07,6.12,107630,65849338.0,0.0,15,6.17,0
20211108,1636300800000,6.23,6.73,6.23,6.6000000000000005,417361,274068462.0,0.0,15,6.12,0
20211109,1636387200000,6.62,6.7,6.32,6.4,340507,219414743.0,0.0,15,6.6000000000000005,0
20211110,1636473600000,6.4,6.45,6.3100000000000005,6.44,168151,107263712.0,0.0,15,6.4,0
20211111,1636560000000,6.47,6.7299999999999995,6.43,6.64,262906,174120409.0,0.0,15,6.4399999999999995,0
20211112,1636646400000,6.62,6.78,6.48,6.7,219891,146083885.0,0.0,15,6.640000000000001,0
20211115,1636905600000,6.78,6.78,6.58,6.7,184838,123616477.0,0.0,15,6.7,0
20211116,1636992000000,6.7,6.74,6.45,6.47,160715,105275348.00000001,0.0,15,6.7,0
20211117,1637078400000,6.48,6.510000000000001,6.390000000000001,6.500000000000001,112095,72323380.0,0.0,15,6.470000000000001,0
20211118,1637164800000,6.53,6.57,6.390000000000001,6.4,107770,69551207.0,0.0,15,6.500000000000001,0
20211119,1637251200000,6.37,6.51,6.33,6.5,103913,66717001.00000001,0.0,15,6.4,0
20211122,1637510400000,6.5,6.61,6.44,6.49,100705,65544612.00000001,0.0,15,6.5,0
20211123,1637596800000,6.460000000000001,6.5600000000000005,6.390000000000001,6.4,125867,81450995.0,0.0,15,6.49,0
20211124,1637683200000,6.380000000000001,6.460000000000001,6.2700000000000005,6.45,136952,87077975.0,0.0,15,6.4,0
20211125,1637769600000,6.46,6.46,6.3,6.33,102135,64920214.00000001,0.0,15,6.45,0
20211126,1637856000000,6.3100000000000005,6.57,6.28,6.550000000000001,191036,123575848.00000001,0.0,15,6.33,0
20211129,1638115200000,6.500000000000001,6.69,6.390000000000001,6.630000000000001,201890,132645987.00000001,0.0,15,6.550000000000001,0
20211130,1638201600000,6.63,6.74,6.55,6.6499999999999995,164951,109697518.0,0.0,15,6.63,0
20211201,1638288000000,6.640000000000001,6.840000000000001,6.6000000000000005,6.7700000000000005,168350,114022951.0,0.0,15,6.65,0
20211202,1638374400000,6.7700000000000005,6.8100000000000005,6.66,6.7,131625,88605528.0,0.0,15,6.7700000000000005,0
20211203,1638460800000,6.72,6.73,6.58,6.65,112870,75113366.0,0.0,15,6.7,0
20211206,1638720000000,6.6499999999999995,6.72,6.43,6.449999999999999,161910,106042807.00000001,0.0,15,6.6499999999999995,0
20211207,1638806400000,6.49,6.53,6.3100000000000005,6.37,111615,71504993.00000001,0.0,15,6.45,0
20211208,1638892800000,6.4,6.460000000000001,6.3500000000000005,6.4,85141,54526349.0,0.0,15,6.37,0
20211209,1638979200000,6.41,6.41,6.3100000000000005,6.33,107561,68373044.0,0.0,15,6.4,0
20211210,1639065600000,6.28,6.3500000000000005,6.19,6.19,139735,87383261.00000001,0.0,15,6.33,0
20211213,1639324800000,6.1899999999999995,6.31,6.17,6.18,111378,69201741.0,0.0,15,6.1899999999999995,0
20211214,1639411200000,6.19,6.24,6.140000000000001,6.180000000000001,89349,55327237.0,0.0,15,6.180000000000001,0
20211215,1639497600000,6.19,6.36,6.19,6.29,140239,88136025.00000001,0.0,15,6.180000000000001,0
20211216,1639584000000,6.3,6.59,6.29,6.58,189271,122345712.0,0.0,15,6.29,0
20211217,1639670400000,6.58,7.24,6.54,7.24,645099,456005879.0,0.0,15,6.58,0
20211220,1639929600000,7.25,7.73,7.15,7.300000000000001,828542,613233217.0,0.0,15,7.24,0
20211221,1640016000000,7.250000000000001,7.380000000000001,7.0200000000000005,7.340000000000001,471792,338612896.0,0.0,15,7.300000000000001,0
20211222,1640102400000,7.340000000000001,7.36,7.140000000000001,7.16,309189,222703166.0,0.0,15,7.340000000000001,0
20211223,1640188800000,7.14,7.24,7.05,7.14,256599,182852578.0,0.0,15,7.16,0
20211224,1640275200000,7.14,7.28,6.92,6.95,234080,165153651.00000003,0.0,15,7.14,0
20211227,1640534400000,6.99,7.090000000000001,6.86,6.94,177021,123189530.0,0.0,15,6.95,0
20211228,1640620800000,6.920000000000001,6.98,6.8100000000000005,6.87,163820,112570415.0,0.0,15,6.94,0
20211229,1640707200000,6.84,7.14,6.8,7.06,309348,217308695.0,0.0,15,6.87,0
20211230,1640793600000,7.04,7.62,6.97,7.31,401533,293357968.99999994,0.0,15,7.06,0
20211231,1640880000000,7.2700000000000005,7.48,7.2,7.28,220770,161569797.00000003,0.0,15,7.3100000000000005,0
20220104,1641225600000,7.3100000000000005,7.53,7.28,7.44,251819,186626320.0,0.0,15,7.28,0
20220105,1641312000000,7.460000000000001,7.510000000000001,7.2700000000000005,7.3100000000000005,190812,140161226.0,0.0,15,7.44,0
20220106,1641398400000,7.2700000000000005,7.62,6.9,7.460000000000001,319986,239397353.0,0.0,15,7.3100000000000005,0
20220107,1641484800000,7.4799999999999995,7.5,7.13,7.17,230683,168234522.0,0.0,15,7.46,0
20220110,1641744000000,7.2,7.32,7.09,7.14,179671,129427243.0,0.0,15,7.17,0
20220111,1641830400000,7.180000000000001,7.45,7.0600000000000005,7.07,221800,160553493.0,0.0,15,7.140000000000001,0
20220112,1641916800000,7.17,7.3500000000000005,7.11,7.340000000000001,224122,162560604.00000003,0.0,15,7.07,0
20220113,1642003200000,7.33,7.35,6.96,6.97,244248,173764576.00000003,0.0,15,7.34,0
20220114,1642089600000,6.96,7.0600000000000005,6.87,6.91,140010,97472370.00000001,0.0,15,6.97,0
20220117,1642348800000,6.930000000000001,7.050000000000001,6.86,7.03,131279,91425936.99999999,0.0,15,6.91,0
20220118,1642435200000,7.050000000000001,7.73,6.98,7.69,524176,390313951.0,0.0,15,7.03,0
20220119,1642521600000,7.5,7.7299999999999995,7.34,7.49,419527,315740115.0,0.0,15,7.6899999999999995,0
20220120,1642608000000,7.53,7.53,7.07,7.08,254656,184164982.0,0.0,15,7.49,0
20220121,1642694400000,7.07,7.1,6.75,6.78,231595,159706766.00000003,0.0,15,7.08,0
20220124,1642953600000,6.71,6.760000000000001,6.61,6.75,145559,97318715.99999999,0.0,15,6.78,0
20220125,1643040000000,6.7,6.75,6.28,6.29,188833,121793736.99999999,0.0,15,6.75,0
20220126,1643126400000,6.3100000000000005,6.5600000000000005,6.3100000000000005,6.460000000000001,130455,84338331.0,0.0,15,6.290000000000001,0
20220127,1643212800000,6.5,6.5,6.29,6.33,110342,70351036.0,0.0,15,6.46,0
20220128,1643299200000,6.57,6.63,6.32,6.510000000000001,138578,89883459.0,0.0,15,6.33,0
20220207,1644163200000,6.68,7.16,6.54,7.16,317338,222895303.0,0.0,15,6.51,0
20220208,1644249600000,7.18,7.609999999999999,7.13,7.58,523112,385529331.0,0.0,15,7.16,0
20220209,1644336000000,7.57,7.87,7.46,7.61,492675,378079228.0,0.0,15,7.58,0
20220210,1644422400000,7.76,7.92,7.5,7.56,341540,260400126.00000003,0.0,15,7.61,0
20220211,1644508800000,7.54,7.6000000000000005,7.32,7.34,284071,210124398.0,0.0,15,7.5600000000000005,0
20220214,1644768000000,7.4,7.49,7.2,7.390000000000001,213840,158035767.0,0.0,15,7.34,0
20220215,1644854400000,7.38,7.51,7.3,7.4399999999999995,142359,105456066.0,0.0,15,7.39,0
20220216,1644940800000,7.470000000000001,7.53,7.3100000000000005,7.390000000000001,162761,120338282.00000001,0.0,15,7.44,0
20220217,1645027200000,7.39,7.84,7.38,7.5,389815,297387789.0,0.0,15,7.39,0
20220218,1645113600000,7.25,7.760000000000001,7.19,7.6000000000000005,323656,245088304.0,0.0,15,7.5,0
20220221,1645372800000,7.57,7.82,7.53,7.800000000000001,279617,215157412.0,0.0,15,7.6000000000000005,0
20220222,1645459200000,7.8100000000000005,7.890000000000001,7.6000000000000005,7.830000000000001,289403,223424465.0,0.0,15,7.800000000000001,0
20220223,1645545600000,7.9,7.95,7.44,7.670000000000001,317143,242698569.0,0.0,15,7.83,0
20220224,1645632000000,7.72,7.83,7.33,7.47,333937,252820206.99999997,0.0,15,7.67,0
20220225,1645718400000,7.57,8.07,7.5,7.94,509060,399860125.00000006,0.0,15,7.47,0
20220228,1645977600000,7.960000000000001,8.450000000000001,7.930000000000001,8.42,530468,437034900.0,0.0,15,7.94,0
20220301,1646064000000,8.29,8.36,8.09,8.17,381813,312767107.0,0.0,15,8.42,0
20220302,1646150400000,8.15,8.31,8.05,8.25,257158,210606653.0,0.0,15,8.17,0
20220303,1646236800000,8.3,8.350000000000001,8.13,8.24,184003,151070206.0,0.0,15,8.25,0
20220304,1646323200000,8.170000000000002,8.440000000000001,8.040000000000001,8.14,245268,201487069.0,0.0,15,8.24,0
20220307,1646582400000,8.1,8.290000000000001,7.83,7.94,292564,234278488.0,0.0,15,8.14,0
20220308,1646668800000,7.94,7.96,7.58,7.59,244017,189091793.0,0.0,15,7.94,0
20220309,1646755200000,7.66,7.82,7.28,7.7,244250,185677773.0,0.0,15,7.59,0
20220310,1646841600000,7.880000000000001,8.05,7.73,7.86,225897,178435797.0,0.0,15,7.7,0
20220311,1646928000000,7.74,7.85,7.55,7.82,169304,130528229.0,0.0,15,7.859999999999999,0
20220314,1647187200000,7.7299999999999995,7.7299999999999995,7.34,7.35,210062,157472032.99999997,0.0,15,7.82,0
20220315,1647273600000,7.32,7.36,6.86,6.87,255665,180725459.00000003,0.0,15,7.3500000000000005,0
20220316,1647360000000,6.989999999999999,7.13,6.68,7.09,206567,143293670.00000003,0.0,15,6.87,0
20220317,1647446400000,7.2299999999999995,7.2299999999999995,7.05,7.08,176503,125744884.0,0.0,15,7.09,0
20220318,1647532800000,7.06,7.2,7.01,7.16,118568,84748583.0,0.0,15,7.08,0
20220321,1647792000000,7.22,7.47,7.16,7.43,187691,138126730.0,0.0,15,7.16,0
20220322,1647878400000,7.4,7.4,7.24,7.3100000000000005,122659,89758287.99999999,0.0,15,7.430000000000001,0
20220323,1647964800000,7.28,7.36,7.1000000000000005,7.15,141587,101896762.00000001,0.0,15,7.3100000000000005,0
20220324,1648051200000,7.140000000000001,7.15,7.0200000000000005,7.0600000000000005,96509,68144078.0,0.0,15,7.15,0
20220325,1648137600000,7.08,7.21,7.01,7.08,90959,64536681.0,0.0,15,7.06,0
20220328,1648396800000,7.01,7.13,6.88,7.07,109844,77322395.0,0.0,15,7.08,0
20220329,1648483200000,7.0600000000000005,7.250000000000001,7.0600000000000005,7.19,136907,97999213.0,0.0,15,7.07,0
20220330,1648569600000,7.26,7.28,7.13,7.26,132654,95788804.99999999,0.0,15,7.1899999999999995,0
20220331,1648656000000,7.25,7.32,7.2,7.3,99378,72142092.0,0.0,15,7.26,0
20220401,1648742400000,7.24,7.27,7.09,7.109999999999999,117528,83900863.0,0.0,15,7.3,0
20220406,1649174400000,7.07,7.1000000000000005,6.9,7.050000000000001,168342,117365673.0,0.0,15,7.11,0
20220407,1649260800000,7.03,7.050000000000001,6.8500000000000005,6.86,112741,78194997.0,0.0,15,7.050000000000001,0
20220408,1649347200000,6.84,6.93,6.62,6.78,151139,101965662.00000001,0.0,15,6.86,0
20220411,1649606400000,6.8100000000000005,6.83,6.41,6.46,180713,118344437.00000001,0.0,15,6.78,0
20220412,1649692800000,6.4799999999999995,6.71,6.43,6.67,109685,72121657.00000001,0.0,15,6.46,0
20220413,1649779200000,6.66,6.68,6.54,6.59,74389,49149027.0,0.0,15,6.67,0
20220414,1649865600000,6.6000000000000005,6.7,6.57,6.6000000000000005,62139,41138050.0,0.0,15,6.59,0
20220415,1649952000000,6.54,6.62,6.4,6.44,93730,60898405.0,0.0,15,6.6000000000000005,0
20220418,1650211200000,6.390000000000001,6.44,6.23,6.44,76754,48819995.99999999,0.0,15,6.44,0
20220419,1650297600000,6.46,6.61,6.4,6.48,62805,40735177.00000001,0.0,15,6.44,0
20220420,1650384000000,6.54,6.57,6.41,6.5,83411,54143345.0,0.0,15,6.48,0
20220421,1650470400000,6.43,6.43,6.08,6.11,130286,81016664.00000001,0.0,15,6.5,0
20220422,1650556800000,6.11,6.18,6.04,6.1,76583,46806792.0,0.0,15,6.11,0
20220425,1650816000000,6.010000000000001,6.03,5.61,5.61,136539,79389490.00000001,0.0,15,6.1000000000000005,0
20220426,1650902400000,5.640000000000001,5.680000000000001,5.3100000000000005,5.340000000000001,114409,63106818.99999999,0.0,15,5.61,0
20220427,1650988800000,5.25,5.7700000000000005,5.23,5.7,167653,92753642.0,0.0,15,5.340000000000001,0
20220428,1651075200000,5.640000000000001,5.7700000000000005,5.61,5.680000000000001,92088,52345975.99999999,0.0,15,5.7,0
20220429,1651161600000,5.74,5.87,5.73,5.78,101602,58947408.0,0.0,15,5.680000000000001,0
20220505,1651680000000,5.73,5.73,5.53,5.65,158351,89185877.0,0.0,15,5.78,0
20220506,1651766400000,5.51,5.5200000000000005,5.37,5.46,125530,68314451.0,0.0,15,5.65,0
20220509,1652025600000,5.489999999999999,5.609999999999999,5.47,5.59,98149,54608747.0,0.0,15,5.46,0
20220510,1652112000000,5.5,5.65,5.44,5.61,117286,65382288.00000001,0.0,15,5.590000000000001,0
20220511,1652198400000,5.62,5.74,5.5600000000000005,5.5600000000000005,133948,75960442.00000001,0.0,15,5.61,0
20220512,1652284800000,5.51,5.67,5.51,5.609999999999999,97412,54455488.0,0.0,15,5.56,0
20220513,1652371200000,5.74,5.79,5.58,5.63,116105,65593590.0,0.0,15,5.61,0
20220516,1652630400000,5.65,5.69,5.5600000000000005,5.58,106435,59832135.99999999,0.0,15,5.630000000000001,0
20220517,1652716800000,5.59,5.62,5.51,5.609999999999999,73965,41186384.0,0.0,15,5.58,0
20220518,1652803200000,5.62,5.7,5.6000000000000005,5.65,95539,54119039.0,0.0,15,5.61,0
20220519,1652889600000,5.550000000000001,5.670000000000001,5.5200000000000005,5.670000000000001,70382,39437271.0,0.0,15,5.65,0
20220520,1652976000000,5.75,5.8,5.68,5.72,100622,57694460.0,0.0,15,5.67,0
20220523,1653235200000,5.73,5.930000000000001,5.73,5.920000000000001,134534,78583624.0,0.0,15,5.720000000000001,0
20220524,1653321600000,6.0200000000000005,6.0200000000000005,5.61,5.640000000000001,148063,85775650.00000001,0.0,15,5.92,0
20220525,1653408000000,5.6,5.77,5.59,5.75,85074,48551669.0,0.0,15,5.64,0
20220526,1653494400000,5.79,5.9,5.71,5.83,105197,61161676.00000001,0.0,15,5.75,0
20220527,1653580800000,5.83,5.96,5.76,5.83,93804,54737701.0,0.0,15,5.83,0
20220530,1653840000000,5.880000000000001,5.880000000000001,5.7700000000000005,5.840000000000001,75514,43905980.99999999,0.0,15,5.83,0
20220531,1653926400000,5.84,5.95,5.8,5.8999999999999995,87285,51294697.0,0.0,15,5.84,0
20220601,1654012800000,5.89,5.97,5.83,5.93,82250,48604836.0,0.0,15,5.9,0
20220602,1654099200000,5.88,5.94,5.83,5.9,65331,38443072.0,0.0,15,5.93,0
20220606,1654444800000,5.91,6.01,5.91,5.97,128244,76389288.0,0.0,15,5.9,0
20220607,1654531200000,5.98,6.000000000000001,5.7700000000000005,5.83,183500,107561491.0,0.0,15,5.970000000000001,0
20220608,1654617600000,5.83,5.9,5.7,5.84,108927,63206681.0,0.0,15,5.83,0
20220609,1654704000000,5.85,5.85,5.71,5.77,80003,46283380.99999999,0.0,15,5.84,0
20220610,1654790400000,5.819999999999999,5.87,5.72,5.859999999999999,86798,50628728.0,0.0,15,5.77,0
20220613,1655049600000,5.76,5.86,5.7,5.8,88625,51366549.0,0.0,15,5.86,0
20220614,1655136000000,5.739999999999999,5.859999999999999,5.64,5.859999999999999,96430,55394096.00000001,0.0,15,5.8,0
20220615,1655222400000,5.86,5.95,5.8100000000000005,5.86,123167,72527361.0,0.0,15,5.86,0
20220616,1655308800000,5.88,5.97,5.87,5.91,95597,56566249.0,0.0,15,5.86,0
20220617,1655395200000,5.8500000000000005,5.91,5.78,5.8500000000000005,94714,55316740.0,0.0,15,5.91,0
20220620,1655654400000,5.859999999999999,5.87,5.8,5.83,79980,46638657.00000001,0.0,15,5.85,0
20220621,1655740800000,5.840000000000001,5.880000000000001,5.73,5.79,82059,47628287.0,0.0,15,5.83,0
20220622,1655827200000,5.83,5.83,5.68,5.6899999999999995,66787,38332566.0,0.0,15,5.79,0
20220623,1655913600000,5.66,5.85,5.63,5.83,113400,65189598.0,0.0,15,5.6899999999999995,0
20220624,1656000000000,5.840000000000001,5.840000000000001,5.7700000000000005,5.800000000000001,69479,40307298.99999999,0.0,15,5.83,0
20220627,1656259200000,5.800000000000001,5.8500000000000005,5.7700000000000005,5.800000000000001,90643,52600388.00000001,0.0,15,5.800000000000001,0
20220628,1656345600000,5.82,5.91,5.78,5.87,107919,63349262.00000001,0.0,15,5.8,0
20220629,1656432000000,5.9,5.98,5.79,5.8,111746,65671583.0,0.0,15,5.87,0
20220630,1656518400000,5.81,5.88,5.79,5.81,81016,47223337.99999999,0.0,15,5.8,0
20220701,1656604800000,5.84,6.050000000000001,5.82,5.99,169897,101047664.0,0.0,15,5.8100000000000005,0
20220704,1656864000000,6.029999999999999,6.04,5.89,5.9799999999999995,116896,69551585.0,0.0,15,5.989999999999999,0
20220705,1656950400000,5.96,6.02,5.89,6.0,131813,78520377.00000001,0.0,15,5.9799999999999995,0
20220706,1657036800000,5.99,5.99,5.78,5.8100000000000005,146342,85787358.00000001,0.0,15,6.0,0
20220707,1657123200000,5.83,6.0,5.8,5.9399999999999995,132493,78612227.0,0.0,15,5.81,0
20220708,1657209600000,5.94,5.99,5.91,5.92,102445,60912442.00000001,0.0,15,5.94,0
20220711,1657468800000,5.91,6.0,5.86,5.9,96105,56915868.00000001,0.0,15,5.92,0
20220712,1657555200000,5.92,5.95,5.83,5.85,79757,46951279.00000001,0.0,15,5.9,0
20220713,1657641600000,5.87,6.05,5.84,6.04,144031,86018228.0,0.0,15,5.85,0
20220714,1657728000000,6.090000000000001,6.130000000000001,5.94,6.010000000000001,115293,69381466.0,0.0,15,6.04,0
20220715,1657814400000,6.04,6.180000000000001,5.98,6.0600000000000005,195818,119042518.0,0.0,15,6.010000000000001,0
20220718,1658073600000,6.09,6.5,6.07,6.45,315677,201238194.0,0.0,15,6.0600000000000005,0
20220719,1658160000000,6.48,6.67,6.4,6.44,321319,208867060.0,0.0,15,6.45,0
20220720,1658246400000,6.45,6.47,6.34,6.41,162353,103439014.0,0.0,15,6.4399999999999995,0
20220721,1658332800000,6.42,6.53,6.38,6.45,144503,93361147.0,0.0,15,6.41,0
20220722,1658419200000,6.43,6.78,6.41,6.62,258364,171184519.0,0.0,15,6.45,0
20220725,1658678400000,6.66,6.69,6.36,6.4,180064,116806675.00000001,0.0,15,6.62,0
20220726,1658764800000,6.33,6.37,6.23,6.340000000000001,115373,72824349.0,0.0,15,6.300000000000001,0
20220727,1658851200000,6.33,6.52,6.3,6.43,116732,74980987.0,0.0,15,6.34,0
20220728,1658937600000,6.45,6.47,6.34,6.3999999999999995,112562,72169369.00000001,0.0,15,6.43,0
20220729,1659024000000,6.38,6.44,6.32,6.41,119850,76525248.0,0.0,15,6.4,0
20220801,1659283200000,6.41,6.430000000000001,6.3100000000000005,6.4,93563,59657036.0,0.0,15,6.41,0
20220802,1659369600000,6.34,6.36,5.99,6.1000000000000005,196520,120158409.00000001,0.0,15,6.4,0
20220803,1659456000000,6.15,6.2700000000000005,5.95,5.98,157695,96259073.0,0.0,15,6.1000000000000005,0
20220804,1659542400000,6.010000000000001,6.12,5.94,6.090000000000001,95848,57727172.0,0.0,15,5.98,0
20220805,1659628800000,6.050000000000001,6.12,5.98,6.1000000000000005,90661,54773795.0,0.0,15,6.090000000000001,0
20220808,1659888000000,6.1,6.17,6.04,6.06,79665,48473052.0,0.0,15,6.1,0
20220809,1659974400000,6.0200000000000005,6.07,5.98,6.03,93489,56284024.0,0.0,15,6.0600000000000005,0
20220810,1660060800000,6.01,6.1,5.92,6.09,80597,48607860.0,0.0,15,6.03,0
20220811,1660147200000,6.09,6.22,6.08,6.16,87983,54153760.0,0.0,15,6.09,0
20220812,1660233600000,6.180000000000001,6.29,6.15,6.180000000000001,81806,50834484.00000001,0.0,15,6.16,0
20220815,1660492800000,6.17,6.21,6.09,6.16,74591,45829881.0,0.0,15,6.18,0
20220816,1660579200000,6.16,6.290000000000001,6.140000000000001,6.24,84411,52372098.0,0.0,15,6.16,0
20220817,1660665600000,6.26,6.3500000000000005,6.24,6.32,80624,50627069.0,0.0,15,6.24,0
20220818,1660752000000,6.36,6.39,6.25,6.33,106076,66905437.0,0.0,15,6.32,0
20220819,1660838400000,6.3100000000000005,6.32,6.19,6.2,127750,79748199.0,0.0,15,6.33,0
20220822,1661097600000,6.24,6.4,6.21,6.39,146563,92854585.0,0.0,15,6.2,0
20220823,1661184000000,6.390000000000001,6.46,6.32,6.3500000000000005,120725,76933761.0,0.0,15,6.390000000000001,0
20220824,1661270400000,6.41,6.45,6.19,6.2,134493,84645950.00000001,0.0,15,6.3500000000000005,0
20220825,1661356800000,6.21,6.3500000000000005,6.19,6.2700000000000005,115193,72242644.00000001,0.0,15,6.2,0
20220826,1661443200000,6.23,6.42,6.2,6.3500000000000005,147488,93493295.0,0.0,15,6.2700000000000005,0
20220829,1661702400000,6.2700000000000005,6.44,6.11,6.42,164570,103657352.0,0.0,15,6.3500000000000005,0
20220830,1661788800000,6.46,6.53,6.25,6.3,164417,104182015.00000001,0.0,15,6.42,0
20220831,1661875200000,6.33,6.3500000000000005,6.0600000000000005,6.090000000000001,170529,104685008.0,0.0,15,6.300000000000001,0
20220901,1661961600000,6.1000000000000005,6.130000000000001,5.98,5.99,113094,68317225.0,0.0,15,6.090000000000001,0
20220902,1662048000000,5.99,6.0200000000000005,5.87,5.95,112366,66641305.00000001,0.0,15,5.99,0
20220905,1662307200000,5.95,6.18,5.92,6.17,153714,93661364.0,0.0,15,5.95,0
20220906,1662393600000,6.18,6.22,6.12,6.19,107641,66588375.0,0.0,15,6.17,0
20220907,1662480000000,6.2,6.37,6.13,6.3,146699,91879883.0,0.0,15,6.1899999999999995,0
20220908,1662566400000,6.3,6.74,6.26,6.609999999999999,450095,294433262.0,0.0,15,6.3,0
20220909,1662652800000,6.720000000000001,7.000000000000001,6.5600000000000005,6.65,587990,398882455.00000006,0.0,15,6.61,0
20220913,1662998400000,6.67,6.74,6.32,6.34,301672,194884522.00000003,0.0,15,6.65,0
20220914,1663084800000,6.2299999999999995,6.37,6.05,6.09,246066,151442494.0,0.0,15,6.34,0
20220915,1663171200000,6.18,6.27,5.93,6.0,229390,139507934.0,0.0,15,6.09,0
20220916,1663257600000,5.98,6.050000000000001,5.8100000000000005,5.8100000000000005,186121,109802601.0,0.0,15,6.000000000000001,0
20220919,1663516800000,5.83,5.88,5.59,5.63,153419,86797480.0,0.0,15,5.81,0
20220920,1663603200000,5.65,5.73,5.57,5.61,119207,67165266.99999999,0.0,15,5.63,0
20220921,1663689600000,5.62,5.72,5.51,5.7,129160,72750957.00000001,0.0,15,5.609999999999999,0
20220922,1663776000000,5.66,5.8100000000000005,5.65,5.75,104530,59905554.99999999,0.0,15,5.7,0
20220923,1663862400000,5.73,5.750000000000001,5.6000000000000005,5.66,95756,54323111.00000001,0.0,15,5.750000000000001,0
20220926,1664121600000,5.590000000000001,5.640000000000001,5.4,5.45,119961,66306377.00000001,0.0,15,5.66,0
20220927,1664208000000,5.49,5.58,5.45,5.57,79329,43711555.0,0.0,15,5.45,0
20220928,1664294400000,5.55,5.67,5.51,5.56,94928,53142538.0,0.0,15,5.569999999999999,0
20220929,1664380800000,5.6,5.7,5.5,5.55,93985,52722236.0,0.0,15,5.56,0
20220930,1664467200000,5.55,5.62,5.51,5.54,62722,34929974.00000001,0.0,15,5.55,0
20221010,1665331200000,5.55,5.58,5.33,5.37,71969,39265510.0,0.0,15,5.54,0
20221011,1665417600000,5.38,5.47,5.3,5.45,72804,39262608.0,0.0,15,5.37,0
20221012,1665504000000,5.47,5.59,5.38,5.59,81880,44731808.00000001,0.0,15,5.45,0
20221013,1665590400000,5.58,5.67,5.47,5.64,103451,57610731.0,0.0,15,5.59,0
20221014,1665676800000,5.61,5.71,5.61,5.66,83607,47408154.0,0.0,15,5.640000000000001,0
20221017,1665936000000,5.640000000000001,5.790000000000001,5.6000000000000005,5.750000000000001,95762,54796406.0,0.0,15,5.66,0
20221018,1666022400000,5.79,5.81,5.72,5.7299999999999995,81139,46691662.0,0.0,15,5.75,0
20221019,1666108800000,5.71,5.75,5.65,5.680000000000001,74815,42635778.99999999,0.0,15,5.73,0
20221020,1666195200000,5.66,5.71,5.59,5.62,75908,42749168.0,0.0,15,5.68,0
20221021,1666281600000,5.61,5.670000000000001,5.5600000000000005,5.62,61826,34828267.0,0.0,15,5.62,0
20221024,1666540800000,5.6499999999999995,5.7299999999999995,5.51,5.56,78305,44251443.0,0.0,15,5.62,0
20221025,1666627200000,5.56,5.59,5.43,5.52,79743,43818094.0,0.0,15,5.56,0
20221026,1666713600000,5.54,5.69,5.5,5.61,81809,45976012.00000001,0.0,15,5.52,0
20221027,1666800000000,5.66,5.74,5.62,5.68,75283,42839585.00000001,0.0,15,5.61,0
20221028,1666886400000,5.6499999999999995,5.6899999999999995,5.39,5.409999999999999,88230,48613028.00000001,0.0,15,5.68,0
20221031,1667145600000,5.41,5.43,5.08,5.19,168721,87445932.0,0.0,15,5.41,0
20221101,1667232000000,5.17,5.3,5.16,5.29,105989,55334687.00000001,0.0,15,5.19,0
20221102,1667318400000,5.29,5.33,5.26,5.31,86786,45967329.0,0.0,15,5.29,0
20221103,1667404800000,5.28,5.33,5.25,5.28,67734,35812909.0,0.0,15,5.31,0
20221104,1667491200000,5.49,5.8100000000000005,5.49,5.8100000000000005,137795,78613414.0,0.0,15,5.28,0
20221107,1667750400000,5.92,6.390000000000001,5.86,6.390000000000001,457785,281154403.0,0.0,15,5.8100000000000005,0
20221108,1667836800000,6.2,6.37,6.11,6.16,533427,330197776.00000006,0.0,15,6.390000000000001,0
20221109,1667923200000,6.17,6.38,6.05,6.2,399612,247794967.99999997,0.0,15,6.16,0
20221110,1668009600000,6.25,6.3,6.12,6.25,269768,168022551.99999997,0.0,15,6.2,0
20221111,1668096000000,6.36,6.41,6.11,6.12,266135,165228599.0,0.0,15,6.25,0
20221114,1668355200000,6.15,6.17,5.96,6.02,225301,136247058.00000003,0.0,15,6.12,0
20221115,1668441600000,6.05,6.12,6.0,6.12,135311,82446830.00000001,0.0,15,6.02,0
20221116,1668528000000,6.15,6.15,6.0,6.05,130257,78814123.0,0.0,15,6.12,0
20221117,1668614400000,6.029999999999999,6.1,5.97,6.05,104357,62891756.0,0.0,15,6.05,0
20221118,1668700800000,6.07,6.07,5.92,5.95,107749,64581632.0,0.0,15,6.05,0
20221121,1668960000000,5.930000000000001,6.17,5.9,6.1000000000000005,205600,124293731.0,0.0,15,5.95,0
20221122,1669046400000,6.08,6.180000000000001,5.98,6.0,154585,93705085.0,0.0,15,6.1000000000000005,0
20221123,1669132800000,6.0,6.08,5.93,6.069999999999999,135839,81845208.0,0.0,15,6.0,0
20221124,1669219200000,6.08,6.1000000000000005,5.95,6.01,105668,63511291.00000001,0.0,15,6.07,0
20221125,1669305600000,6.01,6.04,5.93,5.97,82407,49349263.0,0.0,15,6.01,0
20221128,1669564800000,5.93,6.2299999999999995,5.92,6.08,210992,128606215.0,0.0,15,5.97,0
20221129,1669651200000,6.1000000000000005,6.15,6.0600000000000005,6.090000000000001,142516,86758531.00000001,0.0,15,6.08,0
20221130,1669737600000,6.09,6.18,6.05,6.109999999999999,130848,79955792.0,0.0,15,6.09,0
20221201,1669824000000,6.1499999999999995,6.16,5.97,5.9799999999999995,181302,109316382.0,0.0,15,6.109999999999999,0
20221202,1669910400000,5.96,6.01,5.93,5.9799999999999995,85406,50966442.0,0.0,15,5.9799999999999995,0
20221205,1670169600000,6.0,6.1,5.96,6.09,155405,93922632.0,0.0,15,5.9799999999999995,0
20221206,1670256000000,6.08,6.08,5.96,5.97,113178,67820582.0,0.0,15,6.09,0
20221207,1670342400000,5.95,5.98,5.91,5.93,85656,50874019.00000001,0.0,15,5.97,0
20221208,1670428800000,5.94,5.95,5.8500000000000005,5.880000000000001,76955,45214375.0,0.0,15,5.930000000000001,0
20221209,1670515200000,5.84,5.89,5.71,5.7299999999999995,135270,78092260.0,0.0,15,5.88,0
20221212,1670774400000,5.7299999999999995,5.779999999999999,5.64,5.75,96180,54888615.0,0.0,15,5.7299999999999995,0
20221213,1670860800000,5.72,5.75,5.67,5.7,58525,33350879.0,0.0,15,5.75,0
20221214,1670947200000,5.66,5.74,5.66,5.68,51945,29577768.000000004,0.0,15,5.7,0
20221215,1671033600000,5.67,5.73,5.66,5.72,41777,23820078.0,0.0,15,5.68,0
20221216,1671120000000,5.69,5.7,5.58,5.61,62856,35393200.00000001,0.0,15,5.72,0
20221219,1671379200000,5.6499999999999995,5.66,5.47,5.52,59033,32631286.000000004,0.0,15,5.609999999999999,0
20221220,1671465600000,5.52,5.58,5.46,5.55,41261,22859872.000000004,0.0,15,5.52,0
20221221,1671552000000,5.56,5.68,5.51,5.55,60742,34012226.0,0.0,15,5.55,0
20221222,1671638400000,5.550000000000001,5.590000000000001,5.44,5.46,61182,33742182.0,0.0,15,5.550000000000001,0
20221223,1671724800000,5.43,5.49,5.38,5.46,46504,25353375.0,0.0,15,5.46,0
20221226,1671984000000,5.46,5.55,5.45,5.55,40521,22341996.000000004,0.0,15,5.46,0
20221227,1672070400000,5.55,5.65,5.53,5.59,54459,30488792.000000004,0.0,15,5.55,0
20221228,1672156800000,5.6,5.609999999999999,5.51,5.52,44294,24556060.0,0.0,15,5.59,0
20221229,1672243200000,5.55,5.55,5.45,5.45,32511,17822574.0,0.0,15,5.5200000000000005,0
20221230,1672329600000,5.51,5.6000000000000005,5.45,5.5600000000000005,59496,33010631.0,0.0,15,5.45,0
20230103,1672675200000,5.56,5.62,5.54,5.61,45690,25565921.000000004,0.0,15,5.56,0
20230104,1672761600000,5.66,5.66,5.55,5.609999999999999,49264,27595695.0,0.0,15,5.609999999999999,0
20230105,1672848000000,5.62,5.65,5.57,5.63,49222,27623393.000000004,0.0,15,5.61,0
20230106,1672934400000,5.63,5.69,5.57,5.6000000000000005,53699,30236827.0,0.0,15,5.63,0
20230109,1673193600000,5.630000000000001,5.65,5.6000000000000005,5.61,45612,25645195.0,0.0,15,5.6000000000000005,0
20230110,1673280000000,5.630000000000001,5.630000000000001,5.5200000000000005,5.5200000000000005,48000,26634062.0,0.0,15,5.61,0
20230111,1673366400000,5.550000000000001,5.58,5.5200000000000005,5.5200000000000005,42702,23730212.999999996,0.0,15,5.5200000000000005,0
20230112,1673452800000,5.59,5.59,5.49,5.51,31655,17486187.0,0.0,15,5.5200000000000005,0
20230113,1673539200000,5.51,5.54,5.49,5.53,25927,14292842.0,0.0,15,5.51,0
20230116,1673798400000,5.53,5.6000000000000005,5.53,5.58,42563,23734164.0,0.0,15,5.53,0
20230117,1673884800000,5.6000000000000005,5.63,5.57,5.61,38411,21505779.0,0.0,15,5.58,0
20230118,1673971200000,5.640000000000001,5.69,5.6000000000000005,5.680000000000001,46712,26414884.0,0.0,15,5.61,0
20230119,1674057600000,5.66,5.7,5.63,5.6899999999999995,36577,20725777.999999996,0.0,15,5.68,0
20230120,1674144000000,5.71,5.77,5.71,5.75,65999,37914481.0,0.0,15,5.69,0
20230130,1675008000000,5.8,5.859999999999999,5.76,5.77,73731,42706087.00000001,0.0,15,5.75,0
20230131,1675094400000,5.75,5.84,5.75,5.83,52546,30514494.0,0.0,15,5.77,0
20230201,1675180800000,5.86,5.890000000000001,5.8100000000000005,5.880000000000001,58004,33938386.0,0.0,15,5.83,0
20230202,1675267200000,5.8999999999999995,5.8999999999999995,5.84,5.85,52669,30863341.000000004,0.0,15,5.88,0
20230203,1675353600000,5.88,5.88,5.76,5.85,65456,38071582.0,0.0,15,5.85,0
20230206,1675612800000,5.819999999999999,5.93,5.8,5.859999999999999,49849,29256234.0,0.0,15,5.85,0
20230207,1675699200000,5.86,5.94,5.86,5.930000000000001,72582,42918778.0,0.0,15,5.86,0
20230208,1675785600000,5.93,5.96,5.84,5.859999999999999,51090,30073114.000000004,0.0,15,5.93,0
20230209,1675872000000,5.85,5.91,5.83,5.9,63203,37185096.99999999,0.0,15,5.86,0
20230210,1675958400000,5.9,5.95,5.8500000000000005,5.920000000000001,65829,38839378.0,0.0,15,5.9,0
20230213,1676217600000,5.93,6.03,5.92,6.02,91229,54636148.99999999,0.0,15,5.92,0
20230214,1676304000000,6.13,6.13,5.97,6.0,92931,55929376.00000001,0.0,15,6.02,0
20230215,1676390400000,6.04,6.04,5.92,5.93,69994,41674745.0,0.0,15,6.0,0
20230216,1676476800000,5.930000000000001,5.96,5.74,5.8,93809,55035785.00000001,0.0,15,5.930000000000001,0
20230217,1676563200000,5.8,5.91,5.79,5.84,76677,44891175.0,0.0,15,5.8,0
20230220,1676822400000,5.87,5.88,5.78,5.87,68277,39823161.99999999,0.0,15,5.84,0
20230221,1676908800000,5.880000000000001,5.930000000000001,5.8500000000000005,5.880000000000001,60537,35602460.0,0.0,15,5.87,0
20230222,1676995200000,5.86,5.9,5.8500000000000005,5.9,40097,23585444.0,0.0,15,5.880000000000001,0
20230223,1677081600000,5.94,6.0200000000000005,5.9,5.930000000000001,83242,49589827.00000001,0.0,15,5.9,0
20230224,1677168000000,5.95,5.95,5.84,5.8999999999999995,46164,27173403.0,0.0,15,5.93,0
20230227,1677427200000,5.87,5.890000000000001,5.82,5.83,43123,25237610.0,0.0,15,5.9,0
20230228,1677513600000,5.83,5.9,5.8100000000000005,5.9,45940,26918378.000000004,0.0,15,5.83,0
20230301,1677600000000,5.91,5.93,5.87,5.92,51493,30398816.000000004,0.0,15,5.9,0
20230302,1677686400000,5.92,6.03,5.91,5.97,97008,57961453.0,0.0,15,5.92,0
20230303,1677772800000,5.99,5.99,5.92,5.96,48577,28908329.0,0.0,15,5.97,0
20230306,1678032000000,5.9799999999999995,6.0,5.93,5.96,42462,25298160.0,0.0,15,5.96,0
20230307,1678118400000,5.95,5.970000000000001,5.86,5.86,62257,36850906.00000001,0.0,15,5.96,0
20230308,1678204800000,5.86,5.91,5.82,5.9,55637,32701476.0,0.0,15,5.86,0
20230309,1678291200000,5.9399999999999995,6.03,5.88,6.01,95676,57161250.0,0.0,15,5.8999999999999995,0
20230310,1678377600000,5.98,6.000000000000001,5.8100000000000005,5.840000000000001,90955,53565522.0,0.0,15,6.010000000000001,0
20230313,1678636800000,5.8100000000000005,5.840000000000001,5.69,5.7700000000000005,101657,58427227.0,0.0,15,5.840000000000001,0
20230314,1678723200000,5.78,5.79,5.62,5.64,89661,50961234.0,0.0,15,5.7700000000000005,0
20230315,1678809600000,5.680000000000001,5.82,5.65,5.8100000000000005,67051,38640952.0,0.0,15,5.640000000000001,0
20230316,1678896000000,5.79,5.85,5.72,5.7299999999999995,56965,32909959.999999996,0.0,15,5.81,0
20230317,1678982400000,5.760000000000001,5.82,5.73,5.760000000000001,49794,28773689.0,0.0,15,5.73,0
20230320,1679241600000,5.76,5.79,5.68,5.68,47680,27297569.0,0.0,15,5.76,0
20230321,1679328000000,5.7,5.760000000000001,5.69,5.75,34281,19655772.0,0.0,15,5.680000000000001,0
20230322,1679414400000,5.79,5.8500000000000005,5.74,5.8,64430,37313756.0,0.0,15,5.75,0
20230323,1679500800000,5.8,5.8100000000000005,5.7,5.7700000000000005,56110,32283706.0,0.0,15,5.8,0
20230324,1679587200000,5.78,5.79,5.73,5.760000000000001,43615,25130400.0,0.0,15,5.7700000000000005,0
20230327,1679846400000,5.75,5.7700000000000005,5.69,5.7,55121,31549068.000000004,0.0,15,5.760000000000001,0
20230328,1679932800000,5.71,5.72,5.64,5.68,48447,27501911.000000004,0.0,15,5.699999999999999,0
20230329,1680019200000,5.66,5.71,5.62,5.65,45763,25863471.0,0.0,15,5.68,0
20230330,1680105600000,5.69,5.69,5.58,5.6,49910,28011128.0,0.0,15,5.65,0
20230331,1680192000000,5.609999999999999,5.6499999999999995,5.59,5.6,40303,22641351.0,0.0,15,5.6,0
20230403,1680451200000,5.63,5.68,5.59,5.6499999999999995,61049,34404982.0,0.0,15,5.6,0
20230404,1680537600000,5.65,5.680000000000001,5.57,5.59,66649,37330495.0,0.0,15,5.65,0
20230406,1680710400000,5.59,5.6,5.5,5.51,65022,35919247.0,0.0,15,5.59,0
20230407,1680796800000,5.5200000000000005,5.57,5.49,5.5200000000000005,72169,39826120.00000001,0.0,15,5.51,0
20230410,1681056000000,5.529999999999999,5.529999999999999,5.47,5.4799999999999995,64234,35265948.0,0.0,15,5.52,0
20230411,1681142400000,5.49,5.5,5.44,5.49,61817,33759642.0,0.0,15,5.48,0
20230412,1681228800000,5.5,5.62,5.49,5.6000000000000005,104021,58093042.00000001,0.0,15,5.49,0
20230413,1681315200000,5.6000000000000005,5.640000000000001,5.57,5.6000000000000005,68983,38683797.00000001,0.0,15,5.6000000000000005,0
20230414,1681401600000,5.61,5.63,5.54,5.57,65049,36233501.00000001,0.0,15,5.6,0
20230417,1681660800000,5.590000000000001,5.670000000000001,5.5600000000000005,5.66,66982,37619788.00000001,0.0,15,5.57,0
20230418,1681747200000,5.66,5.67,5.61,5.62,43557,24528118.0,0.0,15,5.66,0
20230419,1681833600000,5.62,5.67,5.59,5.64,43214,24320849.0,0.0,15,5.62,0
20230420,1681920000000,5.63,5.640000000000001,5.53,5.58,48718,27153828.0,0.0,15,5.640000000000001,0
20230421,1682006400000,5.6,5.62,5.47,5.489999999999999,69525,38539134.0,0.0,15,5.58,0
20230424,1682265600000,5.49,5.54,5.42,5.51,55867,30664814.0,0.0,15,5.49,0
20230425,1682352000000,5.5200000000000005,5.53,5.33,5.39,68196,36899637.0,0.0,15,5.51,0
20230426,1682438400000,5.4,5.54,5.37,5.5200000000000005,55319,30372188.0,0.0,15,5.39,0
20230427,1682524800000,5.5200000000000005,5.54,5.45,5.51,36187,19889288.0,0.0,15,5.5200000000000005,0
20230428,1682611200000,5.51,5.61,5.49,5.6000000000000005,55660,30961623.0,0.0,15,5.51,0
20230504,1683129600000,5.61,5.78,5.58,5.74,93310,53309119.0,0.0,15,5.6,0
20230505,1683216000000,5.75,5.7700000000000005,5.66,5.74,51490,29411738.0,0.0,15,5.74,0
20230508,1683475200000,5.78,5.8100000000000005,5.74,5.76,63515,36622634.0,0.0,15,5.74,0
20230509,1683561600000,5.75,5.88,5.74,5.79,115502,67242230.0,0.0,15,5.76,0
20230510,1683648000000,5.8,5.85,5.76,5.819999999999999,50683,29431115.0,0.0,15,5.79,0
20230511,1683734400000,5.79,5.87,5.78,5.82,74860,43612075.00000001,0.0,15,5.82,0
20230512,1683820800000,5.81,5.84,5.76,5.779999999999999,61155,35459020.0,0.0,15,5.819999999999999,0
20230515,1684080000000,5.7700000000000005,5.82,5.74,5.8,58567,33874573.99999999,0.0,15,5.78,0
20230516,1684166400000,5.8100000000000005,5.86,5.7700000000000005,5.800000000000001,46328,26888682.000000004,0.0,15,5.800000000000001,0
20230517,1684252800000,5.8,5.85,5.75,5.85,63624,37011350.0,0.0,15,5.8,0
20230518,1684339200000,5.84,5.87,5.78,5.8100000000000005,55532,32307759.0,0.0,15,5.8500000000000005,0
20230519,1684425600000,5.82,5.82,5.71,5.72,56862,32660853.0,0.0,15,5.81,0
20230522,1684684800000,5.72,5.8,5.7,5.76,54309,31291677.0,0.0,15,5.72,0
20230523,1684771200000,5.75,5.779999999999999,5.68,5.68,47430,27167559.0,0.0,15,5.76,0
20230524,1684857600000,5.68,5.75,5.63,5.68,55633,31721447.000000004,0.0,15,5.68,0
20230525,1684944000000,5.68,5.76,5.64,5.739999999999999,54359,31077299.0,0.0,15,5.68,0
20230526,1685030400000,5.79,5.8,5.66,5.69,40711,23229636.0,0.0,15,5.74,0
20230529,1685289600000,5.73,5.79,5.7,5.74,55620,31997503.000000004,0.0,15,5.69,0
20230530,1685376000000,5.74,5.81,5.71,5.81,59036,34042115.0,0.0,15,5.74,0
20230531,1685462400000,5.8,5.8,5.7,5.73,68169,39075764.0,0.0,15,5.8100000000000005,0
20230601,1685548800000,5.739999999999999,5.77,5.68,5.699999999999999,56584,32389170.0,0.0,15,5.7299999999999995,0
20230602,1685635200000,5.76,5.76,5.7,5.71,58915,33708892.0,0.0,15,5.7,0
20230605,1685894400000,5.739999999999999,5.77,5.68,5.76,57639,33045840.0,0.0,15,5.71,0
20230606,1685980800000,5.77,5.77,5.55,5.55,93137,52473186.0,0.0,15,5.76,0
20230607,1686067200000,5.550000000000001,5.62,5.5200000000000005,5.550000000000001,53867,29927757.999999996,0.0,15,5.550000000000001,0
20230608,1686153600000,5.54,5.58,5.5,5.56,40584,22503456.0,0.0,15,5.55,0
20230609,1686240000000,5.5600000000000005,5.58,5.5200000000000005,5.550000000000001,43872,24337738.0,0.0,15,5.5600000000000005,0
20230612,1686499200000,5.55,5.55,5.46,5.4799999999999995,54011,29716599.0,0.0,15,5.55,0
20230613,1686585600000,5.49,5.5,5.4,5.430000000000001,55014,29913410.0,0.0,15,5.48,0
20230614,1686672000000,5.470000000000001,5.53,5.4,5.46,59290,32398697.999999996,0.0,15,5.430000000000001,0
20230615,1686758400000,5.44,5.46,5.41,5.45,56369,30622786.0,0.0,15,5.46,0
20230616,1686844800000,5.46,5.5,5.43,5.4399999999999995,65825,35895007.0,0.0,15,5.449999999999999,0
20230619,1687104000000,5.430000000000001,5.44,5.4,5.41,62733,33992406.0,0.0,15,5.44,0
20230620,1687190400000,5.42,5.42,5.37,5.38,54205,29181023.999999996,0.0,15,5.41,0
20230621,1687276800000,5.37,5.41,5.36,5.36,42836,23068154.000000004,0.0,15,5.38,0
20230626,1687708800000,5.35,5.41,5.34,5.38,70009,37602960.0,0.0,15,5.359999999999999,0
20230627,1687795200000,5.4,5.470000000000001,5.36,5.45,62788,34105451.99999999,0.0,15,5.38,0
20230628,1687881600000,5.4799999999999995,5.52,5.43,5.5,70966,38908737.0,0.0,15,5.449999999999999,0
20230629,1687968000000,5.489999999999999,5.529999999999999,5.47,5.47,44242,24296157.000000004,0.0,15,5.5,0
20230630,1688054400000,5.5,5.54,5.47,5.51,45546,25128992.000000004,0.0,15,5.47,0
20230703,1688313600000,5.54,5.6000000000000005,5.5200000000000005,5.5600000000000005,65270,36335422.00000001,0.0,15,5.510000000000001,0
20230704,1688400000000,5.47,5.5200000000000005,5.45,5.46,53844,29499333.0,0.0,15,5.46,0
20230705,1688486400000,5.46,5.5,5.45,5.48,50940,27913080.000000004,0.0,15,5.46,0
20230706,1688572800000,5.4799999999999995,5.5,5.46,5.5,39218,21499846.0,0.0,15,5.4799999999999995,0
20230707,1688659200000,5.49,5.5200000000000005,5.44,5.48,44642,24429199.000000004,0.0,15,5.5,0
20230710,1688918400000,5.49,5.53,5.44,5.46,40567,22195232.0,0.0,15,5.48,0
20230711,1689004800000,5.48,5.5,5.44,5.5,42237,23126439.0,0.0,15,5.46,0
20230712,1689091200000,5.53,5.54,5.46,5.49,38831,21324054.0,0.0,15,5.5,0
20230713,1689177600000,5.49,5.53,5.49,5.5200000000000005,44139,24348616.0,0.0,15,5.49,0
20230714,1689264000000,5.5200000000000005,5.55,5.49,5.53,56539,31234825.0,0.0,15,5.5200000000000005,0
20230717,1689523200000,5.53,5.590000000000001,5.48,5.58,75744,41891264.0,0.0,15,5.53,0
20230718,1689609600000,5.569999999999999,5.569999999999999,5.51,5.54,45588,25240290.0,0.0,15,5.58,0
20230719,1689696000000,5.55,5.66,5.53,5.6000000000000005,78877,44180950.0,0.0,15,5.54,0
20230720,1689782400000,5.61,5.62,5.54,5.56,65261,36425620.0,0.0,15,5.6,0
20230721,1689868800000,5.54,5.6000000000000005,5.5200000000000005,5.54,45333,25173891.0,0.0,15,5.5600000000000005,0
20230724,1690128000000,5.52,5.56,5.5,5.55,35453,19626619.0,0.0,15,5.54,0
20230725,1690214400000,5.58,5.61,5.57,5.58,55317,30896816.999999996,0.0,15,5.550000000000001,0
20230726,1690300800000,5.6000000000000005,5.69,5.57,5.66,80858,45673151.0,0.0,15,5.58,0
20230727,1690387200000,5.6499999999999995,5.68,5.59,5.62,64510,36385594.00000001,0.0,15,5.66,0
20230728,1690473600000,5.59,5.67,5.57,5.65,61155,34415211.00000001,0.0,15,5.62,0
20230731,1690732800000,5.64,5.7,5.62,5.69,70613,40095548.0,0.0,15,5.65,0
20230801,1690819200000,5.71,5.7299999999999995,5.67,5.7,57754,32863010.0,0.0,15,5.6899999999999995,0
20230802,1690905600000,5.68,5.74,5.67,5.7,50611,28894606.0,0.0,15,5.7,0
20230803,1690992000000,5.69,5.72,5.66,5.71,48165,27443102.0,0.0,15,5.7,0
20230804,1691078400000,5.72,5.77,5.64,5.659999999999999,82735,47026302.0,0.0,15,5.71,0
20230807,1691337600000,5.64,5.66,5.59,5.62,55803,31358419.999999996,0.0,15,5.66,0
20230808,1691424000000,5.640000000000001,5.640000000000001,5.5600000000000005,5.58,49624,27706846.0,0.0,15,5.62,0
20230809,1691510400000,5.57,5.590000000000001,5.5200000000000005,5.53,39805,22103038.000000004,0.0,15,5.58,0
20230810,1691596800000,5.55,5.58,5.54,5.54,34986,19446785.000000004,0.0,15,5.53,0
20230811,1691683200000,5.58,5.590000000000001,5.44,5.46,80742,44388455.0,0.0,15,5.54,0
20230814,1691942400000,5.42,5.5,5.39,5.4799999999999995,54466,29674896.999999996,0.0,15,5.46,0
20230815,1692028800000,5.4799999999999995,5.53,5.42,5.49,37555,20570952.0,0.0,15,5.4799999999999995,0
20230816,1692115200000,5.4799999999999995,5.49,5.42,5.45,35648,19451744.0,0.0,15,5.49,0
20230817,1692201600000,5.4399999999999995,5.569999999999999,5.39,5.56,73005,39996827.00000001,0.0,15,5.449999999999999,0
20230818,1692288000000,5.53,5.670000000000001,5.5200000000000005,5.61,115098,64654155.0,0.0,15,5.5600000000000005,0
20230821,1692547200000,5.62,5.7299999999999995,5.59,5.67,104029,58999791.0,0.0,15,5.609999999999999,0
20230822,1692633600000,5.67,5.7,5.49,5.58,94711,52785800.0,0.0,15,5.67,0
20230823,1692720000000,5.61,5.7,5.54,5.65,110981,62663325.99999999,0.0,15,5.58,0
20230824,1692806400000,5.61,5.640000000000001,5.5200000000000005,5.590000000000001,95219,52968511.0,0.0,15,5.65,0
20230825,1692892800000,5.5600000000000005,5.790000000000001,5.5200000000000005,5.670000000000001,159700,91084238.0,0.0,15,5.590000000000001,0
20230828,1693152000000,5.8,5.91,5.66,5.69,179576,103495967.0,0.0,15,5.67,0
20230829,1693238400000,5.720000000000001,5.760000000000001,5.65,5.75,140491,80262485.00000001,0.0,15,5.69,0
20230830,1693324800000,5.71,5.76,5.64,5.6499999999999995,111536,63307173.00000001,0.0,15,5.75,0
20230831,1693411200000,5.62,5.66,5.47,5.4799999999999995,106481,58827454.0,0.0,15,5.6499999999999995,0
20230901,1693497600000,5.4799999999999995,5.5,5.38,5.39,112132,60675473.99999999,0.0,15,5.4799999999999995,0
20230904,1693756800000,5.390000000000001,5.45,5.36,5.44,101780,55151255.0,0.0,15,5.390000000000001,0
20230905,1693843200000,5.43,5.44,5.37,5.39,73138,39422557.0,0.0,15,5.44,0
20230906,1693929600000,5.37,5.380000000000001,5.3100000000000005,5.340000000000001,78071,41678072.0,0.0,15,5.390000000000001,0
20230907,1694016000000,5.340000000000001,5.3500000000000005,5.23,5.24,102843,54239617.0,0.0,15,5.340000000000001,0
20230908,1694102400000,5.24,5.27,5.21,5.25,55201,28949942.0,0.0,15,5.24,0
20230911,1694361600000,5.25,5.33,5.22,5.31,75383,39860080.00000001,0.0,15,5.25,0
20230912,1694448000000,5.36,5.37,5.29,5.32,46882,24932832.0,0.0,15,5.31,0
20230913,1694534400000,5.33,5.33,5.2700000000000005,5.32,57617,30556619.999999996,0.0,15,5.32,0
20230914,1694620800000,5.32,5.33,5.2700000000000005,5.300000000000001,41390,21946815.0,0.0,15,5.32,0
20230915,1694707200000,5.3,5.3,5.24,5.28,51128,26960930.0,0.0,15,5.3,0
20230918,1694966400000,5.28,5.3100000000000005,5.23,5.300000000000001,52904,27896634.0,0.0,15,5.28,0
20230919,1695052800000,5.300000000000001,5.33,5.2700000000000005,5.29,45078,23908260.0,0.0,15,5.300000000000001,0
20230920,1695139200000,5.28,5.34,5.24,5.3,76737,40618217.0,0.0,15,5.29,0
20230921,1695225600000,5.279999999999999,5.359999999999999,5.26,5.26,69070,36704174.0,0.0,15,5.3,0
20230922,1695312000000,5.25,5.29,5.23,5.28,59785,31445575.0,0.0,15,5.260000000000001,0
20230925,1695571200000,5.28,5.3100000000000005,5.24,5.2700000000000005,45600,24040022.0,0.0,15,5.28,0
20230926,1695657600000,5.27,5.279999999999999,5.22,5.2299999999999995,52768,27664141.000000004,0.0,15,5.27,0
20230927,1695744000000,5.21,5.28,5.21,5.22,56578,29619739.0,0.0,15,5.2299999999999995,0
20230928,1695830400000,5.18,5.25,5.18,5.22,59567,31100837.0,0.0,15,5.22,0
20231009,1696780800000,5.2,5.220000000000001,5.15,5.15,68766,35617961.0,0.0,15,5.220000000000001,0
20231010,1696867200000,5.17,5.2,5.11,5.12,49903,25682536.000000004,0.0,15,5.15,0
20231011,1696953600000,5.130000000000001,5.15,5.1000000000000005,5.12,39655,20330672.0,0.0,15,5.12,0
20231012,1697040000000,5.140000000000001,5.180000000000001,5.11,5.16,35857,18452886.0,0.0,15,5.12,0
20231013,1697126400000,5.15,5.16,5.1000000000000005,5.11,32508,16657746.0,0.0,15,5.16,0
20231016,1697385600000,5.130000000000001,5.140000000000001,5.0600000000000005,5.090000000000001,47597,24264617.000000004,0.0,15,5.11,0
20231017,1697472000000,5.09,5.11,5.08,5.09,21095,10743192.000000002,0.0,15,5.09,0
20231018,1697558400000,5.09,5.1,4.96,4.96,56344,28162018.000000004,0.0,15,5.09,0
20231019,1697644800000,4.97,5.0,4.91,4.92,43867,21717515.0,0.0,15,4.96,0
20231020,1697731200000,4.91,4.98,4.9,4.930000000000001,35172,17373274.000000004,0.0,15,4.92,0
20231023,1697990400000,4.92,4.92,4.79,4.82,45716,22134853.000000004,0.0,15,4.93,0
20231024,1698076800000,4.83,4.96,4.83,4.96,48989,24032238.0,0.0,15,4.82,0
20231025,1698163200000,5.0,5.109999999999999,4.97,5.08,77101,39123917.0,0.0,15,4.96,0
20231026,1698249600000,5.0600000000000005,5.11,5.03,5.09,45938,23304552.0,0.0,15,5.08,0
20231027,1698336000000,5.1000000000000005,5.15,5.07,5.140000000000001,46109,23596348.0,0.0,15,5.09,0
20231030,1698595200000,5.13,5.16,5.11,5.13,44894,23043372.0,0.0,15,5.140000000000001,0
20231031,1698681600000,5.13,5.220000000000001,5.11,5.180000000000001,77762,40272343.0,0.0,15,5.13,0
20231101,1698768000000,5.18,5.22,5.16,5.2,43834,22727601.0,0.0,15,5.18,0
20231102,1698854400000,5.199999999999999,5.22,5.14,5.14,36770,18998960.0,0.0,15,5.199999999999999,0
20231103,1698940800000,5.159999999999999,5.199999999999999,5.14,5.18,48562,25173587.0,0.0,15,5.14,0
20231106,1699200000000,5.1899999999999995,5.21,5.14,5.199999999999999,53835,27897477.0,0.0,15,5.18,0
20231107,1699286400000,5.199999999999999,5.22,5.18,5.1899999999999995,37836,19652477.0,0.0,15,5.199999999999999,0
20231108,1699372800000,5.220000000000001,5.23,5.15,5.17,37628,19509492.0,0.0,15,5.19,0
20231109,1699459200000,5.159999999999999,5.21,5.14,5.1499999999999995,37038,19129562.0,0.0,15,5.17,0
20231110,1699545600000,5.16,5.180000000000001,5.11,5.17,35946,18497399.0,0.0,15,5.15,0
20231113,1699804800000,5.16,5.2,5.15,5.19,35347,18292376.000000004,0.0,15,5.17,0
20231114,1699891200000,5.19,5.21,5.15,5.180000000000001,38542,19967641.0,0.0,15,5.19,0
20231115,1699977600000,5.21,5.22,5.17,5.2,37564,19526784.0,0.0,15,5.18,0
20231116,1700064000000,5.21,5.21,5.15,5.15,30074,15554652.000000002,0.0,15,5.2,0
20231117,1700150400000,5.1499999999999995,5.18,5.14,5.17,25920,13376491.999999998,0.0,15,5.1499999999999995,0
20231120,1700409600000,5.18,5.24,5.17,5.24,46460,24218191.000000004,0.0,15,5.17,0
20231121,1700496000000,5.24,5.300000000000001,5.23,5.260000000000001,67879,35742255.99999999,0.0,15,5.24,0
20231122,1700582400000,5.24,5.29,5.21,5.22,46299,24295427.0,0.0,15,5.26,0
20231123,1700668800000,5.22,5.32,5.2,5.3100000000000005,59978,31637671.0,0.0,15,5.22,0
20231124,1700755200000,5.3,5.3,5.25,5.27,43773,23091492.0,0.0,15,5.31,0
20231127,1701014400000,5.23,5.2700000000000005,5.19,5.23,58490,30545500.0,0.0,15,5.2700000000000005,0
20231128,1701100800000,5.2299999999999995,5.27,5.18,5.27,33220,17400096.999999996,0.0,15,5.2299999999999995,0
20231129,1701187200000,5.26,5.279999999999999,5.22,5.2299999999999995,49084,25760570.000000004,0.0,15,5.27,0
20231130,1701273600000,5.2299999999999995,5.26,5.17,5.22,40543,21117848.0,0.0,15,5.2299999999999995,0
20231201,1701360000000,5.24,5.25,5.19,5.21,37986,19817102.0,0.0,15,5.220000000000001,0
20231204,1701619200000,5.25,5.25,5.18,5.21,36931,19219148.0,0.0,15,5.21,0
20231205,1701705600000,5.2,5.220000000000001,5.15,5.15,37183,19267775.0,0.0,15,5.21,0
20231206,1701792000000,5.140000000000001,5.180000000000001,5.1000000000000005,5.130000000000001,39488,20297024.0,0.0,15,5.15,0
20231207,1701878400000,5.15,5.15,5.07,5.12,43294,22056752.0,0.0,15,5.13,0
20231208,1701964800000,5.180000000000001,5.23,5.07,5.08,75291,38711292.99999999,0.0,15,5.12,0
20231211,1702224000000,5.05,5.07,4.96,5.05,92880,46667970.0,0.0,15,5.08,0
20231212,1702310400000,5.050000000000001,5.090000000000001,4.98,5.07,58312,29272446.0,0.0,15,5.050000000000001,0
20231213,1702396800000,5.08,5.12,5.05,5.05,47760,24291017.0,0.0,15,5.069999999999999,0
20231214,1702483200000,5.069999999999999,5.14,5.05,5.09,44692,22783063.0,0.0,15,5.05,0
20231215,1702569600000,5.08,5.12,5.03,5.05,38022,19263770.0,0.0,15,5.09,0
20231218,1702828800000,5.05,5.06,4.96,4.99,60639,30396691.999999996,0.0,15,5.05,0
20231219,1702915200000,4.9799999999999995,4.99,4.92,4.95,34140,16900986.0,0.0,15,4.99,0
20231220,1703001600000,4.96,5.01,4.91,4.91,39195,19405238.0,0.0,15,4.95,0
20231221,1703088000000,4.8999999999999995,4.95,4.84,4.9399999999999995,52547,25710489.000000004,0.0,15,4.91,0
20231222,1703174400000,4.93,4.95,4.87,4.89,48596,23847475.000000004,0.0,15,4.94,0
20231225,1703433600000,4.87,4.89,4.83,4.86,41779,20293447.0,0.0,15,4.89,0
20231226,1703520000000,4.85,4.89,4.83,4.83,31767,15419404.0,0.0,15,4.86,0
20231227,1703606400000,4.8500000000000005,4.88,4.78,4.86,33869,16366444.0,0.0,15,4.83,0
20231228,1703692800000,4.85,4.97,4.83,4.94,54970,27015542.000000004,0.0,15,4.86,0
20231229,1703779200000,4.96,4.97,4.93,4.949999999999999,37920,18771475.999999996,0.0,15,4.9399999999999995,0
20240102,1704124800000,4.9399999999999995,5.06,4.93,5.029999999999999,69771,35049106.0,0.0,15,4.949999999999999,0
20240103,1704211200000,5.02,5.069999999999999,5.01,5.05,53067,26743051.0,0.0,15,5.029999999999999,0
20240104,1704297600000,5.05,5.1,5.04,5.09,55309,28029829.000000004,0.0,15,5.05,0
20240105,1704384000000,5.1000000000000005,5.11,5.0200000000000005,5.04,50786,25739768.0,0.0,15,5.090000000000001,0
20240108,1704643200000,5.01,5.05,4.93,4.93,46746,23274376.0,0.0,15,5.04,0
20240109,1704729600000,4.970000000000001,5.010000000000001,4.8500000000000005,4.99,51513,25508119.0,0.0,15,4.930000000000001,0
20240110,1704816000000,4.970000000000001,5.0600000000000005,4.94,5.04,57036,28566763.0,0.0,15,4.99,0
20240111,1704902400000,5.0200000000000005,5.4,4.99,5.16,255657,133518208.00000001,0.0,15,5.04,0
20240112,1704988800000,5.42,5.4399999999999995,5.14,5.14,233828,123512605.00000001,0.0,15,5.159999999999999,0
20240115,1705248000000,5.1000000000000005,5.16,4.99,4.99,171676,86614609.0,0.0,15,5.140000000000001,0
20240116,1705334400000,4.9799999999999995,5.0,4.88,4.95,105639,52118978.00000001,0.0,15,4.99,0
20240117,1705420800000,4.97,4.98,4.87,4.87,70808,34899010.0,0.0,15,4.95,0
20240118,1705507200000,4.88,4.8999999999999995,4.68,4.8,119123,56674069.00000001,0.0,15,4.87,0
20240119,1705593600000,4.8,4.81,4.71,4.7299999999999995,56329,26773404.0,0.0,15,4.8,0
20240122,1705852800000,4.7,4.73,4.44,4.46,95074,43647978.00000001,0.0,15,4.73,0
20240123,1705939200000,4.44,4.540000000000001,4.3500000000000005,4.5200000000000005,64955,28834158.000000004,0.0,15,4.460000000000001,0
20240124,1706025600000,4.52,4.65,4.46,4.65,63895,29153079.000000004,0.0,15,4.52,0
20240125,1706112000000,4.62,4.87,4.62,4.86,90514,43223416.0,0.0,15,4.65,0
20240126,1706198400000,4.880000000000001,4.98,4.8500000000000005,4.930000000000001,76322,37721652.0,0.0,15,4.86,0
20240129,1706457600000,4.94,4.94,4.79,4.82,54588,26496780.0,0.0,15,4.93,0
20240130,1706544000000,4.7700000000000005,4.86,4.7,4.71,62715,30023858.0,0.0,15,4.82,0
20240131,1706630400000,4.73,4.7700000000000005,4.57,4.59,69180,32193604.000000004,0.0,15,4.71,0
20240201,1706716800000,4.590000000000001,4.62,4.44,4.48,83983,37982882.00000001,0.0,15,4.590000000000001,0
20240202,1706803200000,4.4799999999999995,4.53,4.13,4.25,93438,40458004.0,0.0,15,4.4799999999999995,0
20240205,1707062400000,4.22,4.24,3.84,3.9299999999999997,146703,58234208.0,0.0,15,4.25,0
20240206,1707148800000,3.9,4.29,3.84,4.21,116988,47277360.0,0.0,15,3.9299999999999997,0
20240207,1707235200000,4.2299999999999995,4.46,4.21,4.4,140801,61396604.0,0.0,15,4.21,0
20240208,1707321600000,4.57,4.71,4.42,4.64,171019,78317535.0,0.0,15,4.4,0
20240219,1708272000000,4.6499999999999995,4.74,4.51,4.55,127747,58848375.0,0.0,15,4.64,0
20240220,1708358400000,4.54,4.54,4.44,4.49,66705,29856948.000000004,0.0,15,4.550000000000001,0
20240221,1708444800000,4.430000000000001,4.630000000000001,4.4,4.510000000000001,82385,37434157.00000001,0.0,15,4.49,0
20240222,1708531200000,4.53,4.58,4.48,4.5200000000000005,63720,28723588.0,0.0,15,4.510000000000001,0
20240223,1708617600000,4.54,4.57,4.46,4.56,68266,30781036.0,0.0,15,4.52,0
20240226,1708876800000,4.55,4.65,4.53,4.59,91795,42161256.0,0.0,15,4.5600000000000005,0
20240227,1708963200000,4.6,4.7299999999999995,4.55,4.72,86388,40214851.0,0.0,15,4.59,0
20240228,1709049600000,4.71,4.79,4.53,4.53,113427,52837366.0,0.0,15,4.720000000000001,0
20240229,1709136000000,4.5200000000000005,4.640000000000001,4.49,4.63,80951,37182305.0,0.0,15,4.53,0
20240301,1709222400000,4.63,4.7,4.61,4.640000000000001,68621,31899021.000000004,0.0,15,4.63,0
20240304,1709481600000,4.68,4.68,4.55,4.569999999999999,61281,28050439.000000004,0.0,15,4.64,0
20240305,1709568000000,4.5600000000000005,4.57,4.48,4.5,51917,23415979.999999996,0.0,15,4.57,0
20240306,1709654400000,4.5,4.5600000000000005,4.48,4.510000000000001,55179,24907890.999999996,0.0,15,4.5,0
20240307,1709740800000,4.5200000000000005,4.59,4.49,4.5,48799,22145263.0,0.0,15,4.51,0
20240308,1709827200000,4.5,4.54,4.46,4.49,43229,19396981.0,0.0,15,4.5,0
20240311,1710086400000,4.49,4.54,4.48,4.54,54577,24612201.999999996,0.0,15,4.49,0
20240312,1710172800000,4.54,4.57,4.49,4.54,66910,30264755.0,0.0,15,4.54,0
20240313,1710259200000,4.52,4.55,4.46,4.51,73263,32977021.0,0.0,15,4.54,0
20240314,1710345600000,4.52,4.61,4.5,4.54,90963,41455058.0,0.0,15,4.51,0
20240315,1710432000000,4.53,4.65,4.5,4.65,86744,39878060.0,0.0,15,4.54,0
20240318,1710691200000,4.66,4.7,4.61,4.66,69099,32054652.0,0.0,15,4.65,0
20240319,1710777600000,4.640000000000001,4.67,4.61,4.62,50622,23468249.000000004,0.0,15,4.66,0
20240320,1710864000000,4.62,4.64,4.58,4.63,44291,20417451.0,0.0,15,4.62,0
20240321,1710950400000,4.6499999999999995,4.6499999999999995,4.59,4.62,42562,19681923.0,0.0,15,4.63,0
20240322,1711036800000,4.61,4.62,4.48,4.5200000000000005,66454,30137442.0,0.0,15,4.62,0
20240325,1711296000000,4.5,4.55,4.45,4.47,52104,23465781.999999996,0.0,15,4.5200000000000005,0
20240326,1711382400000,4.46,4.5,4.41,4.48,50326,22417341.0,0.0,15,4.47,0
20240327,1711468800000,4.5,4.53,4.4,4.4,54376,24271137.0,0.0,15,4.48,0
20240328,1711555200000,4.3999999999999995,4.4799999999999995,4.39,4.42,45419,20112795.0,0.0,15,4.3999999999999995,0
20240329,1711641600000,4.41,4.510000000000001,4.4,4.510000000000001,48029,21521249.0,0.0,15,4.42,0
20240401,1711900800000,4.529999999999999,4.58,4.51,4.58,52586,23957702.000000004,0.0,15,4.51,0
20240402,1711987200000,4.58,4.63,4.53,4.63,82410,37971124.0,0.0,15,4.58,0
20240403,1712073600000,4.61,4.67,4.61,4.640000000000001,57685,26745821.0,0.0,15,4.63,0
20240408,1712505600000,4.64,4.68,4.59,4.63,66202,30697973.0,0.0,15,4.64,0
20240409,1712592000000,4.66,4.680000000000001,4.61,4.680000000000001,49937,23253000.0,0.0,15,4.63,0
20240410,1712678400000,4.67,4.69,4.58,4.63,60121,27821783.0,0.0,15,4.68,0
20240411,1712764800000,4.59,4.74,4.58,4.68,72418,34020073.0,0.0,15,4.63,0
20240412,1712851200000,4.66,4.720000000000001,4.61,4.61,60744,28209541.0,0.0,15,4.680000000000001,0
20240415,1713110400000,4.58,4.64,4.47,4.56,89373,40720727.0,0.0,15,4.609999999999999,0
20240416,1713196800000,4.53,4.5600000000000005,4.32,4.32,105809,46822575.0,0.0,15,4.5600000000000005,0
20240417,1713283200000,4.36,4.54,4.36,4.53,92171,41155092.0,0.0,15,4.32,0
20240418,1713369600000,4.47,4.55,4.42,4.4399999999999995,80308,35974455.0,0.0,15,4.53,0
20240419,1713456000000,4.41,4.510000000000001,4.4,4.41,57627,25604073.0,0.0,15,4.44,0
20240422,1713715200000,4.4,4.47,4.25,4.27,80975,35060641.0,0.0,15,4.41,0
20240423,1713801600000,4.28,4.31,4.21,4.2299999999999995,53418,22708399.000000004,0.0,15,4.27,0
20240424,1713888000000,4.26,4.26,4.2,4.24,43687,18467424.0,0.0,15,4.23,0
20240425,1713974400000,4.22,4.31,4.21,4.27,45706,19515732.0,0.0,15,4.24,0
20240426,1714060800000,4.2700000000000005,4.34,4.24,4.33,55025,23601233.0,0.0,15,4.2700000000000005,0
20240429,1714320000000,4.3,4.46,4.3,4.45,73977,32590193.0,0.0,15,4.33,0
20240430,1714406400000,4.45,4.58,4.45,4.5600000000000005,128913,58551309.00000001,0.0,15,4.45,0
20240506,1714924800000,4.61,4.69,4.61,4.66,118541,55094946.00000001,0.0,15,4.5600000000000005,0
20240507,1715011200000,4.7,4.71,4.59,4.68,88255,40989368.0,0.0,15,4.66,0
20240508,1715097600000,4.659999999999999,4.71,4.64,4.6499999999999995,67324,31459362.0,0.0,15,4.68,0
20240509,1715184000000,4.63,4.7299999999999995,4.63,4.7,65353,30736442.0,0.0,15,4.6499999999999995,0
20240510,1715270400000,4.69,4.73,4.65,4.7,56586,26531497.0,0.0,15,4.7,0
20240513,1715529600000,4.68,4.7299999999999995,4.67,4.7,64117,30116259.999999996,0.0,15,4.7,0
20240514,1715616000000,4.68,4.75,4.66,4.71,69392,32791520.999999996,0.0,15,4.7,0
20240515,1715702400000,4.73,4.74,4.69,4.71,47710,22527187.0,0.0,15,4.71,0
20240516,1715788800000,4.69,4.7700000000000005,4.69,4.74,52947,25072056.0,0.0,15,4.71,0
20240517,1715875200000,4.739999999999999,4.8,4.72,4.8,60460,28746821.0,0.0,15,4.739999999999999,0
20240520,1716134400000,4.81,4.85,4.79,4.8,59190,28503876.0,0.0,15,4.8,0
20240521,1716220800000,4.79,4.83,4.73,4.7700000000000005,66952,31939069.0,0.0,15,4.800000000000001,0
20240522,1716307200000,4.760000000000001,4.79,4.73,4.75,52421,24926458.0,0.0,15,4.7700000000000005,0
20240523,1716393600000,4.74,4.750000000000001,4.6000000000000005,4.62,62464,29066275.0,0.0,15,4.750000000000001,0
20240524,1716480000000,4.65,4.7,4.61,4.63,48453,22609497.0,0.0,15,4.62,0
20240527,1716739200000,4.65,4.69,4.6000000000000005,4.66,52954,24546942.0,0.0,15,4.630000000000001,0
20240528,1716825600000,4.710000000000001,4.720000000000001,4.6000000000000005,4.62,40760,18926549.000000004,0.0,15,4.66,0
20240529,1716912000000,4.62,4.6899999999999995,4.59,4.609999999999999,52022,24138673.000000004,0.0,15,4.62,0
20240530,1716998400000,4.59,4.67,4.59,4.63,55296,25625178.0,0.0,15,4.609999999999999,0
20240531,1717084800000,4.6000000000000005,4.630000000000001,4.5600000000000005,4.57,48442,22202046.0,0.0,15,4.630000000000001,0
20240603,1717344000000,4.5600000000000005,4.590000000000001,4.4,4.44,106839,47706361.0,0.0,15,4.57,0
20240604,1717430400000,4.41,4.4399999999999995,4.34,4.3999999999999995,61107,26790748.0,0.0,15,4.4399999999999995,0
20240605,1717516800000,4.35,4.41,4.25,4.26,100399,43279324.0,0.0,15,4.4,0
20240606,1717603200000,4.2700000000000005,4.29,4.04,4.08,122934,50634403.99999999,0.0,15,4.26,0
20240607,1717689600000,4.109999999999999,4.25,4.09,4.24,101226,42453826.0,0.0,15,4.08,0
20240611,1718035200000,4.25,4.25,4.15,4.19,73057,30555173.000000004,0.0,15,4.24,0
20240612,1718121600000,4.1899999999999995,4.26,4.18,4.199999999999999,58176,24472686.999999996,0.0,15,4.1899999999999995,0
20240613,1718208000000,4.2,4.220000000000001,4.11,4.13,70872,29341943.000000004,0.0,15,4.2,0
20240614,1718294400000,4.13,4.16,4.07,4.08,102234,41829076.0,0.0,15,4.13,0
20240617,1718553600000,4.06,4.09,4.01,4.029999999999999,81311,32844813.0,0.0,15,4.08,0
20240618,1718640000000,4.05,4.05,3.96,4.01,87719,35034530.00000001,0.0,15,4.03,0
20240619,1718726400000,4.02,4.04,3.96,3.98,61923,24738441.0,0.0,15,4.01,0
20240620,1718812800000,3.98,4.0,3.9,3.9,66033,25969415.000000004,0.0,15,3.98,0
20240621,1718899200000,3.91,4.0,3.89,3.99,55812,22084340.0,0.0,15,3.9,0
20240624,1719158400000,3.9400000000000004,3.97,3.8200000000000003,3.83,76833,29751101.0,0.0,15,3.99,0
20240625,1719244800000,3.84,3.89,3.81,3.87,47854,18452732.000000004,0.0,15,3.83,0
20240626,1719331200000,3.87,3.93,3.81,3.91,62498,24205713.000000004,0.0,15,3.87,0
20240627,1719417600000,3.92,3.93,3.85,3.86,52019,20237076.0,0.0,15,3.91,0
20240628,1719504000000,3.83,3.92,3.83,3.87,44816,17418954.000000004,0.0,15,3.86,0
20240701,1719763200000,3.8600000000000003,3.9200000000000004,3.8200000000000003,3.91,70675,27355754.0,0.0,15,3.87,0
20240702,1719849600000,3.9,3.98,3.88,3.94,64504,25422104.999999996,0.0,15,3.9099999999999997,0
20240703,1719936000000,3.96,3.9699999999999998,3.92,3.94,42524,16792476.0,0.0,15,3.94,0
20240704,1720022400000,3.9600000000000004,3.97,3.8200000000000003,3.8400000000000003,65806,25447047.000000004,0.0,15,3.9400000000000004,0
20240705,1720108800000,3.8600000000000003,3.89,3.8000000000000003,3.87,45335,17468367.0,0.0,15,3.8400000000000003,0
20240708,1720368000000,3.87,3.87,3.77,3.78,49101,18682268.0,0.0,15,3.87,0
20240709,1720454400000,3.76,3.81,3.67,3.77,75383,28161728.0,0.0,15,3.78,0
20240710,1720540800000,3.74,3.75,3.47,3.5300000000000002,193917,69010279.00000001,0.0,15,3.77,0
20240711,1720627200000,3.56,3.7,3.56,3.68,109950,40039544.0,0.0,15,3.5300000000000002,0
20240712,1720713600000,3.6799999999999997,3.77,3.67,3.69,66827,24834874.999999996,0.0,15,3.6799999999999997,0
20240715,1720972800000,3.6599999999999997,3.6799999999999997,3.61,3.63,55070,20015711.000000004,0.0,15,3.69,0
20240716,1721059200000,3.62,3.64,3.58,3.61,51746,18666369.000000004,0.0,15,3.63,0
20240717,1721145600000,3.6,3.62,3.56,3.6,45333,16266909.999999998,0.0,15,3.61,0
20240718,1721232000000,3.52,3.53,3.46,3.52,46937,16376648.0,0.0,15,3.5,0
20240719,1721318400000,3.52,3.52,3.44,3.4899999999999998,51845,18063206.000000004,0.0,15,3.52,0
20240722,1721577600000,3.4899999999999998,3.4899999999999998,3.44,3.4699999999999998,46594,16164758.0,0.0,15,3.4899999999999998,0
20240723,1721664000000,3.4699999999999998,3.54,3.44,3.44,54217,18860535.0,0.0,15,3.4699999999999998,0
20240724,1721750400000,3.4299999999999997,3.48,3.38,3.4299999999999997,59193,20282677.000000004,0.0,15,3.44,0
20240725,1721836800000,3.4,3.49,3.39,3.47,40447,13930111.0,0.0,15,3.43,0
20240726,1721923200000,3.49,3.54,3.47,3.52,45316,15918994.0,0.0,15,3.47,0
20240729,1722182400000,3.5300000000000002,3.5500000000000003,3.49,3.52,34994,12306812.0,0.0,15,3.52,0
20240730,1722268800000,3.52,3.56,3.48,3.55,35720,12620837.0,0.0,15,3.52,0
20240731,1722355200000,3.5500000000000003,3.6300000000000003,3.5300000000000002,3.6300000000000003,60422,21745029.000000004,0.0,15,3.5500000000000003,0
20240801,1722441600000,3.63,3.66,3.6,3.6,43451,15726201.0,0.0,15,3.63,0
20240802,1722528000000,3.58,3.62,3.5700000000000003,3.58,38121,13707723.0,0.0,15,3.6,0
20240805,1722787200000,3.58,3.66,3.5300000000000002,3.54,58136,20885647.0,0.0,15,3.58,0
20240806,1722873600000,3.57,3.62,3.56,3.61,40046,14366988.0,0.0,15,3.54,0
20240807,1722960000000,3.6,3.6,3.56,3.57,36762,13163175.0,0.0,15,3.61,0
20240808,1723046400000,3.57,3.6,3.54,3.59,28750,10266143.0,0.0,15,3.57,0
20240809,1723132800000,3.59,3.63,3.56,3.57,36237,13006982.0,0.0,15,3.59,0
20240812,1723392000000,3.62,3.72,3.56,3.57,93919,34061885.00000001,0.0,15,3.57,0
20240813,1723478400000,3.55,3.65,3.54,3.65,81179,29252021.0,0.0,15,3.57,0
20240814,1723564800000,3.62,3.69,3.62,3.65,64102,23423980.0,0.0,15,3.65,0
20240815,1723651200000,3.5999999999999996,3.7199999999999998,3.59,3.67,74143,27163729.000000004,0.0,15,3.65,0
20240816,1723737600000,3.66,3.68,3.58,3.6,65182,23537619.000000004,0.0,15,3.67,0
20240819,1723996800000,3.5700000000000003,3.62,3.5500000000000003,3.58,59982,21443590.0,0.0,15,3.6,0
20240820,1724083200000,3.5900000000000003,3.6,3.47,3.5,53890,18915069.999999996,0.0,15,3.58,0
20240821,1724169600000,3.5,3.5,3.44,3.44,34648,11989095.000000002,0.0,15,3.5,0
20240822,1724256000000,3.43,3.47,3.41,3.42,38795,13305852.0,0.0,15,3.44,0
20240823,1724342400000,3.42,3.43,3.37,3.39,39631,13468323.000000002,0.0,15,3.42,0
20240826,1724601600000,3.3899999999999997,3.48,3.38,3.4499999999999997,40360,13875157.0,0.0,15,3.3899999999999997,0
20240827,1724688000000,3.45,3.46,3.39,3.4,29998,10224843.0,0.0,15,3.45,0
20240828,1724774400000,3.4099999999999997,3.4499999999999997,3.36,3.4,33188,11332924.0,0.0,15,3.4,0
20240829,1724860800000,3.38,3.4299999999999997,3.38,3.4099999999999997,28672,9763062.0,0.0,15,3.4,0
20240830,1724947200000,3.4,3.46,3.27,3.43,112048,37799946.0,0.0,15,3.41,0
20240902,1725206400000,3.4,3.46,3.37,3.39,69398,23718429.0,0.0,15,3.43,0
20240903,1725292800000,3.37,3.39,3.33,3.35,51402,17260639.999999996,0.0,15,3.39,0
20240904,1725379200000,3.31,3.36,3.31,3.31,34205,11391476.000000002,0.0,15,3.35,0
20240905,1725465600000,3.33,3.3600000000000003,3.3000000000000003,3.3200000000000003,34445,11445833.999999998,0.0,15,3.31,0
20240906,1725552000000,3.34,3.34,3.29,3.32,34103,11311399.000000002,0.0,15,3.32,0
20240909,1725811200000,3.3,3.33,3.27,3.3,28806,9501575.0,0.0,15,3.32,0
20240910,1725897600000,3.3,3.32,3.21,3.26,47775,15523580.0,0.0,15,3.3,0
20240911,1725984000000,3.2399999999999998,3.28,3.21,3.23,29148,9456436.0,0.0,15,3.26,0
20240912,1726070400000,3.23,3.31,3.23,3.28,42397,13898154.0,0.0,15,3.23,0
20240913,1726156800000,3.3000000000000003,3.3000000000000003,3.24,3.24,24910,8127357.0,0.0,15,3.2800000000000002,0
20240918,1726588800000,3.27,3.27,3.16,3.22,35010,11197851.0,0.0,15,3.24,0
20240919,1726675200000,3.25,3.3200000000000003,3.22,3.3000000000000003,40461,13307108.000000002,0.0,15,3.22,0
20240920,1726761600000,3.31,3.32,3.27,3.3,31538,10399502.0,0.0,15,3.3,0
20240923,1727020800000,3.29,3.32,3.27,3.31,23272,7685188.0,0.0,15,3.3,0
20240924,1727107200000,3.33,3.47,3.3200000000000003,3.4600000000000004,82670,28288294.0,0.0,15,3.3100000000000005,0
20240925,1727193600000,3.49,3.6300000000000003,3.49,3.5900000000000003,112100,40175402.0,0.0,15,3.4600000000000004,0
20240926,1727280000000,3.56,3.64,3.54,3.64,103545,37343314.0,0.0,15,3.59,0
20240927,1727366400000,3.68,3.8000000000000003,3.64,3.75,148666,55200838.0,0.0,15,3.64,0
20240930,1727625600000,3.88,4.109999999999999,3.84,4.07,215565,85831566.0,0.0,15,3.75,0
20241008,1728316800000,4.47,4.48,4.04,4.23,298592,127246106.0,0.0,15,4.07,0
20241009,1728403200000,4.18,4.18,3.86,3.8699999999999997,206848,82700584.0,0.0,15,4.2299999999999995,0
20241010,1728489600000,3.9099999999999997,4.03,3.84,3.9699999999999998,124067,49033276.0,0.0,15,3.8699999999999997,0
20241011,1728576000000,3.95,3.97,3.8000000000000003,3.83,91228,35326836.0,0.0,15,3.97,0
20241014,1728835200000,3.94,4.13,3.89,4.07,179066,71562213.00000001,0.0,15,3.83,0
20241015,1728921600000,4.03,4.04,3.91,3.91,136482,54139763.0,0.0,15,4.07,0
20241016,1729008000000,3.86,4.0600000000000005,3.85,4.03,144698,57666368.0,0.0,15,3.91,0
20241017,1729094400000,4.0200000000000005,4.12,3.93,3.93,128065,51286796.00000001,0.0,15,4.03,0
20241018,1729180800000,3.92,4.02,3.88,3.9899999999999998,94117,37196857.0,0.0,15,3.9299999999999997,0
20241021,1729440000000,3.99,4.03,3.97,3.99,94050,37597506.0,0.0,15,3.99,0
20241022,1729526400000,3.9899999999999998,4.11,3.98,4.1,135275,55181365.0,0.0,15,3.9899999999999998,0
20241023,1729612800000,4.12,4.15,4.07,4.13,105485,43400240.0,0.0,15,4.1000000000000005,0
20241024,1729699200000,4.13,4.33,4.1,4.18,173708,73373129.99999999,0.0,15,4.13,0
20241025,1729785600000,4.19,4.25,4.19,4.21,91987,38742282.0,0.0,15,4.180000000000001,0
20241028,1730044800000,4.21,4.36,4.2,4.3500000000000005,106103,45695118.0,0.0,15,4.21,0
20241029,1730131200000,4.36,4.41,4.23,4.260000000000001,121362,52220657.00000001,0.0,15,4.3500000000000005,0
20241030,1730217600000,4.22,4.29,4.2,4.23,77851,32979938.0,0.0,15,4.26,0
20241031,1730304000000,4.19,4.3100000000000005,4.19,4.25,96177,41071162.0,0.0,15,4.23,0
20241101,1730390400000,4.25,4.29,4.13,4.13,112715,47210366.00000001,0.0,15,4.25,0
20241104,1730649600000,4.12,4.180000000000001,4.11,4.17,72573,30088476.0,0.0,15,4.13,0
20241105,1730736000000,4.17,4.21,4.14,4.1899999999999995,107300,44848241.0,0.0,15,4.17,0
20241106,1730822400000,4.1899999999999995,4.3,4.18,4.27,122700,52179924.0,0.0,15,4.1899999999999995,0
20241107,1730908800000,4.239999999999999,4.4399999999999995,4.22,4.41,128117,56019532.0,0.0,15,4.27,0
20241108,1730995200000,4.44,4.49,4.36,4.41,116538,51326684.0,0.0,15,4.41,0
20241111,1731254400000,4.47,4.63,4.41,4.5200000000000005,195322,87787600.0,0.0,15,4.41,0
20241112,1731340800000,4.54,4.5600000000000005,4.4,4.44,126696,56506450.0,0.0,15,4.5200000000000005,0
20241113,1731427200000,4.3999999999999995,4.47,4.34,4.3999999999999995,95469,41954771.0,0.0,15,4.4399999999999995,0
20241114,1731513600000,4.37,4.41,4.24,4.25,94493,40749555.0,0.0,15,4.4,0
20241115,1731600000000,4.23,4.34,4.2,4.21,82230,35113799.0,0.0,15,4.25,0
20241118,1731859200000,4.23,4.32,4.19,4.24,105888,45104044.00000001,0.0,15,4.21,0
20241119,1731945600000,4.25,4.279999999999999,4.18,4.27,65371,27639938.000000004,0.0,15,4.239999999999999,0
20241120,1732032000000,4.260000000000001,4.33,4.23,4.32,81099,34722759.0,0.0,15,4.2700000000000005,0
20241121,1732118400000,4.3,4.359999999999999,4.26,4.319999999999999,73047,31461225.000000004,0.0,15,4.319999999999999,0
20241122,1732204800000,4.279999999999999,4.39,4.22,4.22,112688,48629534.0,0.0,15,4.319999999999999,0
20241125,1732464000000,4.21,4.279999999999999,4.18,4.27,66990,28357800.0,0.0,15,4.22,0
20241126,1732550400000,4.26,4.29,4.17,4.2,63243,26758915.000000004,0.0,15,4.27,0
20241127,1732636800000,4.180000000000001,4.19,4.03,4.17,118592,48628386.0,0.0,15,4.2,0
20241128,1732723200000,4.17,4.3100000000000005,4.16,4.28,105956,45162518.0,0.0,15,4.17,0
20241129,1732809600000,4.28,4.3,4.21,4.25,86511,36865992.0,0.0,15,4.28,0
20241202,1733068800000,4.2700000000000005,4.390000000000001,4.2700000000000005,4.390000000000001,90654,39425303.0,0.0,15,4.250000000000001,0
20241203,1733155200000,4.4,4.44,4.36,4.44,104686,46157433.00000001,0.0,15,4.390000000000001,0
20241204,1733241600000,4.45,4.45,4.29,4.32,81526,35524668.0,0.0,15,4.44,0
20241205,1733328000000,4.33,4.35,4.3,4.34,55598,24054671.0,0.0,15,4.319999999999999,0
20241206,1733414400000,4.33,4.45,4.33,4.44,153028,67495721.0,0.0,15,4.34,0
20241209,1733673600000,4.470000000000001,4.5,4.4,4.430000000000001,111309,49562533.0,0.0,15,4.44,0
20241210,1733760000000,4.51,4.54,4.42,4.4399999999999995,137407,61430231.99999999,0.0,15,4.43,0
20241211,1733846400000,4.4,4.5200000000000005,4.4,4.48,118526,53099981.0,0.0,15,4.44,0
20241212,1733932800000,4.45,4.510000000000001,4.44,4.510000000000001,108320,48524442.0,0.0,15,4.48,0
20241213,1734019200000,4.5200000000000005,4.5200000000000005,4.36,4.37,116381,51571833.0,0.0,15,4.510000000000001,0
20241216,1734278400000,4.39,4.51,4.37,4.42,112558,50090553.0,0.0,15,4.37,0
20241217,1734364800000,4.42,4.44,4.25,4.26,107225,46233433.0,0.0,15,4.42,0
20241218,1734451200000,4.28,4.36,4.25,4.28,73379,31613151.999999996,0.0,15,4.26,0
20241219,1734537600000,4.25,4.3,4.18,4.26,79415,33599275.99999999,0.0,15,4.279999999999999,0
20241220,1734624000000,4.27,4.29,4.21,4.2299999999999995,71694,30444522.0,0.0,15,4.26,0
20241223,1734883200000,4.2299999999999995,4.2299999999999995,4.09,4.1,106819,44199549.0,0.0,15,4.2299999999999995,0
20241224,1734969600000,4.109999999999999,4.18,4.1,4.1499999999999995,58374,24159894.0,0.0,15,4.1,0
20241225,1735056000000,4.16,4.16,4.0200000000000005,4.07,63096,25658701.000000004,0.0,15,4.15,0
20241226,1735142400000,4.08,4.090000000000001,4.0200000000000005,4.03,56155,22744672.000000004,0.0,15,4.07,0
20241227,1735228800000,4.05,4.16,4.03,4.13,79709,32848678.000000004,0.0,15,4.03,0
20241230,1735488000000,4.140000000000001,4.140000000000001,4.0200000000000005,4.04,79158,32061201.000000004,0.0,15,4.130000000000001,0
20241231,1735574400000,4.03,4.1000000000000005,3.97,3.98,75778,30500395.0,0.0,15,4.04,0
20250102,1735747200000,3.98,4.03,3.88,3.8899999999999997,97536,38596825.0,0.0,15,3.98,0
20250103,1735833600000,3.91,3.93,3.7800000000000002,3.79,103779,40159757.99999999,0.0,15,3.89,0
20250106,1736092800000,3.82,3.87,3.73,3.84,92320,35292940.00000001,0.0,15,3.79,0
20250107,1736179200000,3.82,3.86,3.77,3.85,60628,23149081.999999996,0.0,15,3.84,0
20250108,1736265600000,3.83,3.86,3.75,3.84,65623,25003873.0,0.0,15,3.85,0
20250109,1736352000000,3.84,3.84,3.79,3.79,32883,12530872.999999998,0.0,15,3.84,0
20250110,1736438400000,3.7800000000000002,3.81,3.7,3.7,43560,16297677.0,0.0,15,3.79,0
20250113,1736697600000,3.67,3.6999999999999997,3.63,3.69,43550,15984574.0,0.0,15,3.6999999999999997,0
20250114,1736784000000,3.7199999999999998,3.79,3.71,3.78,56426,21212196.0,0.0,15,3.69,0
20250115,1736870400000,3.78,3.79,3.73,3.75,41233,15502991.0,0.0,15,3.78,0
20250116,1736956800000,3.77,3.87,3.7600000000000002,3.81,60961,23328891.0,0.0,15,3.7500000000000004,0
20250117,1737043200000,3.81,3.8200000000000003,3.7600000000000002,3.81,43419,16468453.0,0.0,15,3.81,0
20250120,1737302400000,3.81,3.9600000000000004,3.7600000000000002,3.8800000000000003,115500,44705919.0,0.0,15,3.81,0
20250121,1737388800000,3.89,3.99,3.87,3.92,104553,41158973.0,0.0,15,3.88,0
20250122,1737475200000,3.8200000000000003,3.8200000000000003,3.68,3.7800000000000002,124270,46850318.0,0.0,15,3.92,0
20250123,1737561600000,3.79,3.8400000000000003,3.7600000000000002,3.7600000000000002,74148,28127364.0,0.0,15,3.7800000000000002,0
20250124,1737648000000,3.78,3.78,3.71,3.75,56813,21314162.0,0.0,15,3.76,0
20250127,1737907200000,3.7600000000000002,3.87,3.7600000000000002,3.8000000000000003,63896,24410863.0,0.0,15,3.7500000000000004,0
20250205,1738684800000,3.8200000000000003,3.8400000000000003,3.74,3.77,47056,17837177.0,0.0,15,3.8000000000000003,0
20250206,1738771200000,3.79,3.79,3.71,3.79,61475,23051036.0,0.0,15,3.77,0
20250207,1738857600000,3.77,3.87,3.7600000000000002,3.83,86258,33009824.000000004,0.0,15,3.79,0
20250210,1739116800000,3.85,4.21,3.8200000000000003,4.04,387440,155094948.0,0.0,15,3.83,0
20250211,1739203200000,4.0,4.03,3.91,3.95,229091,90409614.0,0.0,15,4.04,0
20250212,1739289600000,3.9299999999999997,4.02,3.92,3.9499999999999997,115967,45872231.0,0.0,15,3.9499999999999997,0
20250213,1739376000000,3.94,3.96,3.89,3.89,92908,36322723.0,0.0,15,3.95,0
20250214,1739462400000,3.88,3.91,3.83,3.85,78902,30451402.0,0.0,15,3.89,0
20250217,1739721600000,3.86,3.91,3.83,3.9,85117,32986763.0,0.0,15,3.85,0
20250218,1739808000000,3.9000000000000004,3.91,3.8000000000000003,3.8200000000000003,91221,35162428.00000001,0.0,15,3.9000000000000004,0
20250219,1739894400000,3.83,3.8400000000000003,3.7800000000000002,3.83,84708,32267787.0,0.0,15,3.8200000000000003,0
20250220,1739980800000,3.8200000000000003,3.8600000000000003,3.8000000000000003,3.8400000000000003,74618,28590285.000000004,0.0,15,3.83,0
20250221,1740067200000,3.85,3.87,3.79,3.83,78156,29807857.000000004,0.0,15,3.84,0
20250224,1740326400000,3.82,4.03,3.81,3.9,146082,57279503.99999999,0.0,15,3.83,0
20250225,1740412800000,3.94,3.94,3.84,3.88,71492,27746993.999999996,0.0,15,3.9,0
20250226,1740499200000,3.8699999999999997,3.9499999999999997,3.86,3.92,81399,31910440.0,0.0,15,3.88,0
20250227,1740585600000,3.92,3.94,3.85,3.9,69921,27180380.000000004,0.0,15,3.92,0
20250228,1740672000000,3.89,3.91,3.8200000000000003,3.83,68709,26520647.0,0.0,15,3.9000000000000004,0
20250303,1740931200000,3.83,3.89,3.83,3.85,58351,22511672.0,0.0,15,3.83,0
20250304,1741017600000,3.84,3.87,3.81,3.85,45804,17622160.0,0.0,15,3.85,0
20250305,1741104000000,3.85,3.8600000000000003,3.7800000000000002,3.83,70967,27016974.0,0.0,15,3.85,0
20250306,1741190400000,3.8200000000000003,3.8600000000000003,3.8000000000000003,3.85,67176,25746610.0,0.0,15,3.83,0
20250307,1741276800000,3.84,3.86,3.81,3.84,60602,23250993.0,0.0,15,3.85,0
20250310,1741536000000,3.8499999999999996,3.8899999999999997,3.84,3.8699999999999997,63904,24707722.0,0.0,15,3.84,0
20250311,1741622400000,3.8600000000000003,3.87,3.8200000000000003,3.87,45300,17437467.0,0.0,15,3.87,0
20250312,1741708800000,3.88,3.8899999999999997,3.84,3.8699999999999997,72982,28215644.000000004,0.0,15,3.8699999999999997,0
20250313,1741795200000,3.87,3.8800000000000003,3.8200000000000003,3.8800000000000003,76824,29574282.0,0.0,15,3.87,0
20250314,1741881600000,3.8899999999999997,3.96,3.88,3.96,161109,63324199.0,0.0,15,3.88,0
20250317,1742140800000,3.96,4.01,3.93,3.99,122240,48693599.0,0.0,15,3.96,0
20250318,1742227200000,4.01,4.03,3.95,3.97,70339,27986477.0,0.0,15,3.99,0
20250319,1742313600000,3.97,3.98,3.93,3.96,77868,30769628.000000004,0.0,15,3.97,0
20250320,1742400000000,3.9699999999999998,4.0,3.94,3.96,104156,41471706.99999999,0.0,15,3.96,0
20250321,1742486400000,3.95,4.01,3.93,3.96,116141,46144944.00000001,0.0,15,3.96,0
20250324,1742745600000,3.97,3.98,3.83,3.88,91039,35480397.0,0.0,15,3.96,0
20250325,1742832000000,3.86,4.1499999999999995,3.86,4.02,176690,70642298.0,0.0,15,3.88,0
20250326,1742918400000,3.9899999999999998,4.18,3.98,4.1,187178,76358491.0,0.0,15,4.02,0
20250327,1743004800000,4.08,4.35,4.05,4.1499999999999995,363827,153711926.0,0.0,15,4.1,0
20250328,1743091200000,4.11,4.19,3.97,3.97,253708,102734374.0,0.0,15,4.15,0
20250331,1743350400000,3.93,3.99,3.83,3.88,142208,55533959.0,0.0,15,3.97,0
20250401,1743436800000,3.87,3.94,3.87,3.91,98116,38375800.0,0.0,15,3.88,0
20250402,1743523200000,3.92,3.95,3.85,3.87,101172,39247986.0,0.0,15,3.91,0
20250403,1743609600000,3.84,3.93,3.83,3.91,93898,36594532.0,0.0,15,3.87,0
20250407,1743955200000,3.8,3.8,3.52,3.52,152372,54759194.0,0.0,15,3.91,0
20250408,1744041600000,3.5,3.54,3.41,3.49,134235,46745634.00000001,0.0,15,3.52,0
20250409,1744128000000,3.4600000000000004,3.5700000000000003,3.2600000000000002,3.5500000000000003,118659,40715955.99999999,0.0,15,3.49,0
20250410,1744214400000,3.58,3.62,3.56,3.57,105169,37719880.0,0.0,15,3.5500000000000003,0
20250411,1744300800000,3.52,3.59,3.52,3.56,69223,24664695.0,0.0,15,3.57,0
20250414,1744560000000,3.58,3.6100000000000003,3.5700000000000003,3.6,75170,26998512.000000004,0.0,15,3.5600000000000005,0
20250415,1744646400000,3.59,3.62,3.56,3.61,50623,18134993.0,0.0,15,3.6,0
20250416,1744732800000,3.6,3.62,3.5100000000000002,3.56,64947,23124155.0,0.0,15,3.6100000000000003,0
20250417,1744819200000,3.54,3.62,3.5300000000000002,3.5900000000000003,74261,26705659.0,0.0,15,3.56,0
20250418,1744905600000,3.58,3.5900000000000003,3.5300000000000002,3.5700000000000003,51693,18369961.000000004,0.0,15,3.5900000000000003,0
20250421,1745164800000,3.58,3.5900000000000003,3.5500000000000003,3.5900000000000003,51741,18482404.0,0.0,15,3.5700000000000003,0
20250422,1745251200000,3.5900000000000003,3.64,3.5700000000000003,3.6300000000000003,68516,24736809.0,0.0,15,3.5900000000000003,0
20250423,1745337600000,3.63,3.6599999999999997,3.59,3.61,55770,20182299.0,0.0,15,3.63,0
20250424,1745424000000,3.62,3.64,3.58,3.62,63871,23065114.0,0.0,15,3.61,0
20250425,1745510400000,3.6199999999999997,3.6599999999999997,3.61,3.63,53361,19404945.000000004,0.0,15,3.6199999999999997,0
20250428,1745769600000,3.6300000000000003,3.6300000000000003,3.5300000000000002,3.56,64514,22988593.0,0.0,15,3.6300000000000003,0
20250429,1745856000000,3.56,3.61,3.54,3.59,67707,24299730.0,0.0,15,3.56,0
20250430,1745942400000,3.57,3.61,3.54,3.54,61058,21860655.000000004,0.0,15,3.59,0
20250506,1746460800000,3.57,3.66,3.56,3.66,93638,33832019.0,0.0,15,3.54,0
20250507,1746547200000,3.68,3.72,3.66,3.68,85846,31655186.000000004,0.0,15,3.66,0
20250508,1746633600000,3.6799999999999997,3.71,3.65,3.69,52575,19370450.0,0.0,15,3.6799999999999997,0
20250509,1746720000000,3.69,3.72,3.66,3.69,62109,22934786.0,0.0,15,3.69,0
20250512,1746979200000,3.7,3.71,3.64,3.68,70363,25772295.0,0.0,15,3.69,0
20250513,1747065600000,3.6999999999999997,3.7199999999999998,3.67,3.69,53221,19655888.0,0.0,15,3.6799999999999997,0
20250514,1747152000000,3.7,4.0600000000000005,3.66,3.89,467247,182068190.0,0.0,15,3.69,0
20250515,1747238400000,3.87,3.92,3.73,3.7399999999999998,330792,125446032.0,0.0,15,3.89,0
20250516,1747324800000,3.77,3.95,3.7600000000000002,3.8200000000000003,231734,88975633.0,0.0,15,3.74,0
20250519,1747584000000,3.84,3.91,3.79,3.88,166520,64180599.0,0.0,15,3.82,0
20250520,1747670400000,3.87,4.2700000000000005,3.8200000000000003,4.2700000000000005,351558,146414234.0,0.0,15,3.8800000000000003,0
20250521,1747756800000,4.3,4.359999999999999,4.09,4.109999999999999,610940,255148411.00000003,0.0,15,4.27,0
20250522,1747843200000,4.08,4.11,3.98,3.98,294534,118760895.0,0.0,15,4.11,0
20250523,1747929600000,4.02,4.15,3.9,3.9,317005,126834142.0,0.0,15,3.98,0
20250526,1748188800000,3.92,4.05,3.91,3.97,223424,88709876.0,0.0,15,3.9000000000000004,0
20250527,1748275200000,3.93,4.0,3.91,3.99,170703,67678579.0,0.0,15,3.97,0
20250528,1748361600000,3.99,4.11,3.95,3.97,183219,73536250.0,0.0,15,3.99,0
20250529,1748448000000,3.94,4.0,3.94,3.9699999999999998,134934,53579227.0,0.0,15,3.9699999999999998,0
20250530,1748534400000,4.0200000000000005,4.0600000000000005,3.91,3.92,164209,65195428.0,0.0,15,3.97,0
20250603,1748880000000,3.8699999999999997,3.92,3.86,3.9099999999999997,113573,44198123.0,0.0,15,3.92,0
20250604,1748966400000,3.9,3.92,3.87,3.92,113350,44128012.0,0.0,15,3.91,0
20250605,1749052800000,3.9099999999999997,3.92,3.88,3.9099999999999997,82762,32257531.0,0.0,15,3.92,0
20250606,1749139200000,3.8899999999999997,3.92,3.88,3.9099999999999997,64336,25104109.0,0.0,15,3.9099999999999997,0
20250609,1749398400000,3.92,3.92,3.89,3.91,87840,34310078.0,0.0,15,3.91,0
20250610,1749484800000,3.9200000000000004,3.9400000000000004,3.8200000000000003,3.8600000000000003,126232,49003263.0,0.0,15,3.91,0
20250611,1749571200000,3.86,3.9,3.84,3.8899999999999997,66326,25780402.0,0.0,15,3.86,0
20250612,1749657600000,3.89,3.89,3.85,3.87,75753,29254092.0,0.0,15,3.89,0
20250613,1749744000000,3.86,3.92,3.85,3.88,102654,39868105.0,0.0,15,3.87,0
20250616,1750003200000,3.88,3.92,3.86,3.8899999999999997,82100,31977944.0,0.0,15,3.88,0
20250617,1750089600000,3.9,3.92,3.85,3.91,77605,30143403.0,0.0,15,3.89,0
20250618,1750176000000,3.89,3.94,3.85,3.86,96864,37622901.0,0.0,15,3.91,0
20250619,1750262400000,3.8600000000000003,3.8600000000000003,3.7600000000000002,3.8000000000000003,98548,37461216.0,0.0,15,3.8600000000000003,0
20250620,1750348800000,3.8000000000000003,3.83,3.7800000000000002,3.79,48636,18513485.000000004,0.0,15,3.8000000000000003,0
20250623,1750608000000,3.8,3.91,3.75,3.89,108230,41751468.0,0.0,15,3.79,0
20250624,1750694400000,3.8600000000000003,3.9200000000000004,3.8200000000000003,3.9200000000000004,87415,33969355.0,0.0,15,3.89,0
20250625,1750780800000,3.93,3.96,3.91,3.95,105647,41545665.0,0.0,15,3.92,0
20250626,1750867200000,3.92,3.98,3.91,3.92,79660,31368224.0,0.0,15,3.95,0
20250627,1750953600000,3.9,3.96,3.89,3.92,68431,26869704.000000004,0.0,15,3.92,0
20250630,1751212800000,3.96,3.96,3.92,3.9299999999999997,53277,20965528.0,0.0,15,3.92,0
20250701,1751299200000,3.9299999999999997,3.9499999999999997,3.9,3.94,57255,22482674.000000004,0.0,15,3.9299999999999997,0
20250702,1751385600000,3.94,4.05,3.93,4.03,185929,74515246.0,0.0,15,3.94,0
20250703,1751472000000,3.98,4.06,3.98,4.0,117706,47131000.0,0.0,15,4.03,0
20250704,1751558400000,3.99,4.0200000000000005,3.95,3.97,115085,45951822.00000001,0.0,15,4.0,0
20250707,1751817600000,3.9699999999999998,4.0,3.96,4.0,72443,28863388.000000004,0.0,15,3.9699999999999998,0
20250708,1751904000000,4.0,4.02,3.98,4.02,81616,32634678.999999996,0.0,15,4.0,0
20250709,1751990400000,4.02,4.04,4.01,4.02,79730,32117768.000000004,0.0,15,4.02,0
20250710,1752076800000,4.02,4.069999999999999,4.01,4.069999999999999,118766,48114708.0,0.0,15,4.02,0
20250711,1752163200000,4.0600000000000005,4.08,4.03,4.04,97625,39580251.0,0.0,15,4.07,0
20250714,1752422400000,4.0200000000000005,4.08,3.99,4.04,150353,60696079.0,0.0,15,4.04,0
20250715,1752508800000,4.03,4.04,3.93,3.94,147502,58534844.0,0.0,15,4.04,0
20250716,1752595200000,3.94,3.97,3.91,3.95,95925,37849548.0,0.0,15,3.94,0
20250717,1752681600000,3.94,3.97,3.93,3.96,81183,31999019.0,0.0,15,3.95,0
20250718,1752768000000,3.96,3.97,3.93,3.97,80610,31879287.0,0.0,15,3.96,0
20250721,1753027200000,3.98,4.08,3.98,4.08,168156,68201656.99999999,0.0,15,3.97,0
20250722,1753113600000,4.08,4.17,4.08,4.15,181833,74959986.0,0.0,15,4.08,0
20250723,1753200000000,4.13,4.17,4.1,4.13,121593,50304475.0,0.0,15,4.1499999999999995,0
20250724,1753286400000,4.13,4.18,4.12,4.17,107533,44724882.0,0.0,15,4.13,0
20250725,1753372800000,4.18,4.1899999999999995,4.13,4.13,87761,36454712.0,0.0,15,4.17,0
20250728,1753632000000,4.13,4.14,4.09,4.109999999999999,87435,35931113.0,0.0,15,4.13,0
20250729,1753718400000,4.1,4.12,4.05,4.08,110316,44963823.00000001,0.0,15,4.109999999999999,0
20250730,1753804800000,4.08,4.130000000000001,4.0600000000000005,4.1000000000000005,109851,44948064.0,0.0,15,4.08,0
20250731,1753891200000,4.11,4.12,4.0,4.02,134009,54035713.0,0.0,15,4.1,0
20250801,1753977600000,4.0200000000000005,4.0600000000000005,4.0200000000000005,4.04,95958,38795437.0,0.0,15,4.0200000000000005,0
20250804,1754236800000,4.03,4.07,4.0,4.07,84652,34265692.0,0.0,15,4.04,0
20250805,1754323200000,4.07,4.090000000000001,4.0600000000000005,4.07,82709,33694426.0,0.0,15,4.07,0
20250806,1754409600000,4.07,4.08,4.03,4.05,79984,32393246.0,0.0,15,4.07,0
20250807,1754496000000,4.0600000000000005,4.07,4.0200000000000005,4.050000000000001,77723,31455553.000000004,0.0,15,4.050000000000001,0
20250808,1754582400000,4.06,4.109999999999999,4.05,4.09,90368,36806979.00000001,0.0,15,4.05,0
20250811,1754841600000,4.11,4.12,4.08,4.1,108325,44376908.0,0.0,15,4.09,0
20250812,1754928000000,4.09,4.12,4.07,4.09,68509,28041903.000000004,0.0,15,4.1000000000000005,0
20250813,1755014400000,4.09,4.109999999999999,4.05,4.05,100098,40720244.0,0.0,15,4.09,0
20250814,1755100800000,4.05,4.07,3.97,3.97,127363,51178396.00000001,0.0,15,4.05,0
20250815,1755187200000,3.96,3.9899999999999998,3.96,3.96,111624,44342358.0,0.0,15,3.9699999999999998,0
20250818,1755446400000,3.96,4.01,3.95,3.97,117426,46758849.0,0.0,15,3.96,0
20250819,1755532800000,3.97,4.01,3.95,3.99,85227,33963746.99999999,0.0,15,3.97,0
20250820,1755619200000,4.0,4.04,3.98,4.03,92468,37057840.0,0.0,15,3.9899999999999998,0
20250821,1755705600000,4.04,4.069999999999999,4.01,4.069999999999999,111026,44955395.0,0.0,15,4.029999999999999,0
20250822,1755792000000,4.06,4.08,4.01,4.069999999999999,120734,48747452.99999999,0.0,15,4.069999999999999,0
20250825,1756051200000,4.07,4.1000000000000005,4.0600000000000005,4.090000000000001,113822,46416231.0,0.0,15,4.07,0
20250826,1756137600000,4.13,4.18,4.13,4.16,169140,70237981.0,0.0,15,4.09,0
20250827,1756224000000,4.15,4.21,4.07,4.08,148217,61461067.0,0.0,15,4.16,0
20250828,1756310400000,4.06,4.12,3.96,4.05,162863,65880997.00000001,0.0,15,4.08,0
20250829,1756396800000,4.06,4.16,4.05,4.08,203376,83631362.0,0.0,15,4.05,0
20250901,1756656000000,4.109999999999999,4.13,4.01,4.1,125323,51231870.0,0.0,15,4.08,0
20250902,1756742400000,4.13,4.14,4.04,4.09,117187,47847752.0,0.0,15,4.1,0
20250903,1756828800000,4.1,4.11,3.96,3.9699999999999998,144317,57898650.00000001,0.0,15,4.09,0
20250904,1756915200000,3.99,4.05,3.95,4.03,140687,56408219.00000001,0.0,15,3.97,0
20250905,1757001600000,4.04,4.05,3.96,4.01,129126,51610778.0,0.0,15,4.03,0
20250908,1757260800000,4.01,4.11,4.0,4.1,146459,59683520.99999999,0.0,15,4.01,0
20250909,1757347200000,4.1000000000000005,4.140000000000001,4.07,4.1000000000000005,131233,53740035.0,0.0,15,4.1000000000000005,0
20250910,1757433600000,4.09,4.12,4.04,4.08,106828,43533072.0,0.0,15,4.1,0
20250911,1757520000000,4.069999999999999,4.1,4.01,4.08,130162,52705484.00000001,0.0,15,4.08,0
20250912,1757606400000,4.09,4.1,4.05,4.069999999999999,129536,52785006.00000001,0.0,15,4.08,0
20250915,1757865600000,4.05,4.09,4.01,4.04,116666,47177691.00000001,0.0,15,4.069999999999999,0
20250916,1757952000000,4.04,4.15,4.0200000000000005,4.15,123042,50070495.00000001,0.0,15,4.04,0
20250917,1758038400000,4.13,4.13,4.05,4.06,182212,74489575.0,0.0,15,4.1499999999999995,0
20250918,1758124800000,4.0600000000000005,4.0600000000000005,3.95,3.98,185586,74441712.00000001,0.0,15,4.0600000000000005,0
20250919,1758211200000,3.98,3.98,3.89,3.92,156873,61568008.0,0.0,15,3.98,0
20250922,1758470400000,3.9,3.9299999999999997,3.84,3.8699999999999997,107813,41731852.00000001,0.0,15,3.92,0
20250923,1758556800000,3.8400000000000003,3.8600000000000003,3.72,3.81,147919,55883347.0,0.0,15,3.87,0
20250924,1758643200000,3.79,3.8400000000000003,3.7800000000000002,3.8200000000000003,79733,30402199.000000004,0.0,15,3.81,0
20250925,1758729600000,3.83,3.85,3.7800000000000002,3.8000000000000003,73201,27905576.0,0.0,15,3.8200000000000003,0
20250926,1758816000000,3.81,3.85,3.7800000000000002,3.8200000000000003,54422,20782754.0,0.0,15,3.8000000000000003,0
20250929,1759075200000,3.82,3.84,3.75,3.84,74582,28416962.0,0.0,15,3.82,0
20250930,1759161600000,3.85,3.85,3.8200000000000003,3.8200000000000003,65384,25043389.0,0.0,15,3.8400000000000003,0
20251009,1759939200000,3.82,3.87,3.81,3.87,79266,30511562.0,0.0,15,3.82,0
20251010,1760025600000,3.88,3.9699999999999998,3.86,3.94,116218,45678203.0,0.0,15,3.8699999999999997,0
20251013,1760284800000,3.89,3.95,3.8200000000000003,3.95,93894,36610113.0,0.0,15,3.9400000000000004,0
20251014,1760371200000,3.94,3.96,3.91,3.94,98403,38769300.0,0.0,15,3.95,0
20251015,1760457600000,3.94,3.9899999999999998,3.92,3.9499999999999997,99872,39517996.0,0.0,15,3.94,0
20251016,1760544000000,3.96,3.96,3.91,3.92,72668,28539466.000000004,0.0,15,3.95,0
20251017,1760630400000,3.9299999999999997,3.96,3.9,3.9,102249,40132871.0,0.0,15,3.92,0
20251020,1760889600000,3.93,3.96,3.89,3.96,88412,34738168.0,0.0,15,3.9,0
20251021,1760976000000,3.96,4.03,3.95,4.03,131424,52604080.0,0.0,15,3.96,0
20251022,1761062400000,4.02,4.06,4.01,4.06,129601,52426617.0,0.0,15,4.029999999999999,0
20251023,1761148800000,4.05,4.13,4.04,4.12,184504,75279562.99999999,0.0,15,4.06,0
20251024,1761235200000,4.11,4.12,4.03,4.03,129598,52620613.0,0.0,15,4.12,0
20251027,1761494400000,4.02,4.09,4.0,4.04,135181,54681154.0,0.0,15,4.03,0
20251028,1761580800000,4.04,4.07,4.0200000000000005,4.0200000000000005,73012,29467437.0,0.0,15,4.04,0
20251029,1761667200000,4.02,4.03,3.98,4.02,111779,44718709.0,0.0,15,4.02,0
20251030,1761753600000,4.04,4.04,3.98,4.0,88624,35512352.0,0.0,15,4.02,0
20251031,1761840000000,4.0,4.03,3.97,4.0,125456,50089262.99999999,0.0,15,4.0,0
20251103,1762099200000,4.0,4.07,4.0,4.05,121599,49182605.0,0.0,15,4.0,0
20251104,1762185600000,4.05,4.11,4.04,4.08,125456,51119344.0,0.0,15,4.05,0
20251105,1762272000000,4.069999999999999,4.13,4.05,4.12,117894,48480069.0,0.0,15,4.08,0
20251106,1762358400000,4.12,4.14,4.08,4.11,70500,28977770.0,0.0,15,4.12,0
20251107,1762444800000,4.109999999999999,4.18,4.1,4.17,115394,47974885.0,0.0,15,4.109999999999999,0
20251110,1762704000000,4.1899999999999995,4.1899999999999995,4.14,4.18,96948,40390668.0,0.0,15,4.17,0
20251111,1762790400000,4.1899999999999995,4.21,4.17,4.1899999999999995,95911,40165066.0,0.0,15,4.18,0
20251112,1762876800000,4.19,4.21,4.16,4.18,82341,34379889.0,0.0,15,4.19,0
20251113,1762963200000,4.18,4.19,4.12,4.18,95119,39651744.0,0.0,15,4.18,0
20251114,1763049600000,4.18,4.22,4.17,4.2,91079,38292835.0,0.0,15,4.18,0
20251117,1763308800000,4.21,4.220000000000001,4.15,4.2,87042,36394824.0,0.0,15,4.2,0
20251118,1763395200000,4.22,4.22,4.1,4.13,104463,43196387.0,0.0,15,4.199999999999999,0
20251119,1763481600000,4.14,4.14,4.05,4.06,86721,35397591.0,0.0,15,4.13,0
20251120,1763568000000,4.09,4.1,4.04,4.08,90931,37027084.0,0.0,15,4.06,0
20251121,1763654400000,4.0600000000000005,4.07,3.83,3.85,190831,75018962.0,0.0,15,4.08,0
20251124,1763913600000,3.8600000000000003,3.8800000000000003,3.8000000000000003,3.8200000000000003,184655,70771511.0,0.0,15,3.85,0
20251125,1764000000000,3.85,3.85,3.8000000000000003,3.81,174393,66600314.0,0.0,15,3.8200000000000003,0
20251126,1764086400000,3.81,3.85,3.79,3.8,143179,54629611.99999999,0.0,15,3.81,0
20251127,1764172800000,3.8,3.83,3.77,3.8,107893,41053853.0,0.0,15,3.8,0
20251128,1764259200000,3.8000000000000003,3.87,3.7800000000000002,3.87,149879,57525584.0,0.0,15,3.8000000000000003,0
20251201,1764518400000,3.8699999999999997,3.8899999999999997,3.84,3.86,113659,43905614.0,0.0,15,3.8699999999999997,0
20251202,1764604800000,3.85,3.8800000000000003,3.8200000000000003,3.8600000000000003,96650,37243106.0,0.0,15,3.8600000000000003,0
20251203,1764691200000,3.86,3.88,3.83,3.86,93007,35810914.0,0.0,15,3.86,0
20251204,1764777600000,3.8600000000000003,3.8600000000000003,3.8000000000000003,3.8200000000000003,77381,29665521.000000004,0.0,15,3.8600000000000003,0
20251205,1764864000000,3.8400000000000003,3.9000000000000004,3.8000000000000003,3.89,110108,42474564.0,0.0,15,3.8200000000000003,0
20251208,1765123200000,3.91,4.0,3.89,3.93,128089,50602762.0,0.0,15,3.89,0
20251209,1765209600000,3.92,3.94,3.85,3.85,96692,37456879.0,0.0,15,3.93,0
20251210,1765296000000,3.85,3.87,3.8000000000000003,3.8400000000000003,121030,46369544.0,0.0,15,3.85,0
20251211,1765382400000,3.84,3.85,3.77,3.79,96872,36863768.0,0.0,15,3.84,0
20251212,1765468800000,3.79,3.8200000000000003,3.74,3.75,113537,42869563.0,0.0,15,3.79,0
20251215,1765728000000,3.73,3.78,3.71,3.76,66779,25084776.0,0.0,15,3.75,0
20251216,1765814400000,3.77,3.78,3.71,3.7199999999999998,76147,28422817.000000004,0.0,15,3.76,0
20251217,1765900800000,3.72,3.75,3.68,3.73,86560,32129106.0,0.0,15,3.72,0
20251218,1765987200000,3.7199999999999998,3.77,3.71,3.75,55835,20937431.000000004,0.0,15,3.73,0
20251219,1766073600000,3.75,3.8000000000000003,3.74,3.79,71265,26945322.0,0.0,15,3.75,0
20251222,1766332800000,3.8000000000000003,3.8200000000000003,3.7800000000000002,3.8000000000000003,68431,26010400.0,0.0,15,3.79,0
20251223,1766419200000,3.79,3.8,3.75,3.77,57853,21795336.0,0.0,15,3.8,0
20251224,1766505600000,3.77,3.8,3.75,3.79,49440,18708984.0,0.0,15,3.77,0
20251225,1766592000000,3.79,3.82,3.77,3.81,48188,18308912.0,0.0,15,3.79,0
20251226,1766678400000,3.8000000000000003,3.8200000000000003,3.7800000000000002,3.7800000000000002,43178,16382782.000000002,0.0,15,3.81,0
20251229,1766937600000,3.79,3.8000000000000003,3.7600000000000002,3.7600000000000002,51154,19326651.000000004,0.0,15,3.7800000000000002,0
20251230,1767024000000,3.77,3.77,3.72,3.75,57861,21674548.0,0.0,15,3.7600000000000002,0
20251231,1767110400000,3.7399999999999998,3.75,3.71,3.7399999999999998,71398,26658223.0,0.0,15,3.75,0
20260105,1767542400000,3.75,3.8000000000000003,3.74,3.77,69684,26295438.000000004,0.0,15,3.74,0
20260106,1767628800000,3.8000000000000003,3.8400000000000003,3.7600000000000002,3.83,122025,46501683.0,0.0,15,3.77,0
20260107,1767715200000,3.83,3.83,3.7800000000000002,3.8000000000000003,78434,29790511.000000004,0.0,15,3.83,0
20260108,1767801600000,3.79,3.82,3.77,3.81,68655,26091162.000000004,0.0,15,3.8,0
20260109,1767888000000,3.81,3.83,3.8000000000000003,3.81,90305,34422797.00000001,0.0,15,3.81,0
20260112,1768147200000,3.82,3.83,3.79,3.83,124470,47473152.0,0.0,15,3.81,0
20260113,1768233600000,3.83,3.85,3.8000000000000003,3.83,118235,45263012.0,0.0,15,3.83,0
20260114,1768320000000,3.83,3.88,3.79,3.86,206934,79383841.0,0.0,15,3.83,0
20260115,1768406400000,3.8400000000000003,3.85,3.8000000000000003,3.8200000000000003,106307,40631783.0,0.0,15,3.8600000000000003,0
20260116,1768492800000,3.81,3.8400000000000003,3.8000000000000003,3.83,115196,44039252.00000001,0.0,15,3.8200000000000003,0
20260119,1768752000000,3.83,3.8600000000000003,3.8000000000000003,3.8600000000000003,149767,57460970.0,0.0,15,3.83,0
20260120,1768838400000,3.86,3.89,3.85,3.89,118982,46093364.0,0.0,15,3.86,0
20260121,1768924800000,3.89,3.89,3.83,3.86,111016,42824188.0,0.0,15,3.89,0
20260122,1769011200000,3.85,3.93,3.85,3.93,117813,45938893.0,0.0,15,3.86,0
20260123,1769097600000,3.93,4.0600000000000005,3.91,3.97,214063,85198809.00000001,0.0,15,3.93,0
20260126,1769356800000,3.98,4.0,3.93,3.98,160776,63726011.0,0.0,15,3.97,0
20260127,1769443200000,3.99,3.99,3.89,3.94,117230,46139815.0,0.0,15,3.98,0
20260128,1769529600000,3.94,4.01,3.92,3.9899999999999998,140306,55732213.0,0.0,15,3.94,0
20260129,1769616000000,3.97,4.01,3.93,3.97,133576,53084325.0,0.0,15,3.99,0
20260130,1769702400000,3.9000000000000004,3.9200000000000004,3.8000000000000003,3.83,230635,88671832.0,0.0,15,3.97,0
20260202,1769961600000,3.8000000000000003,3.85,3.74,3.75,131877,50053477.0,0.0,15,3.83,0
20260203,1770048000000,3.7800000000000002,3.81,3.7600000000000002,3.77,105318,39832392.0,0.0,15,3.7500000000000004,0
20260204,1770134400000,3.7600000000000002,3.87,3.7600000000000002,3.87,145290,55832742.0,0.0,15,3.77,0
20260205,1770220800000,3.86,3.88,3.83,3.84,80980,31183184.0,0.0,15,3.87,0
20260206,1770307200000,3.8400000000000003,3.9000000000000004,3.8200000000000003,3.8600000000000003,77497,30007637.0,0.0,15,3.8400000000000003,0
20260209,1770566400000,3.88,3.9299999999999997,3.88,3.9099999999999997,95351,37253016.0,0.0,15,3.86,0
20260210,1770652800000,3.91,3.94,3.89,3.91,62590,24508338.0,0.0,15,3.91,0
20260211,1770739200000,3.92,3.94,3.88,3.9,67609,26462099.0,0.0,15,3.9099999999999997,0
20260212,1770825600000,3.91,3.92,3.83,3.83,77250,29813838.0,0.0,15,3.9,0
20260213,1770912000000,3.83,3.85,3.77,3.78,89604,34060122.0,0.0,15,3.83,0
20260224,1771862400000,3.81,3.9000000000000004,3.8000000000000003,3.89,109360,42319795.00000001,0.0,15,3.7800000000000002,0
20260225,1771948800000,3.9099999999999997,3.96,3.9,3.92,109309,42979071.99999999,0.0,15,3.89,0
20260226,1772035200000,3.94,4.0600000000000005,3.87,3.98,219425,86872183.0,0.0,15,3.92,0
20260227,1772121600000,3.98,4.0600000000000005,3.95,4.0200000000000005,200755,80611619.0,0.0,15,3.98,0
20260302,1772380800000,3.97,4.05,3.95,4.0,184353,73766641.0,0.0,15,4.0200000000000005,0
20260303,1772467200000,4.05,4.26,4.0,4.03,347029,142156920.0,0.0,15,4.0,0
20260304,1772553600000,3.99,4.03,3.89,3.91,289119,114383484.0,0.0,15,4.03,0
20260305,1772640000000,3.9899999999999998,4.02,3.9,3.96,141218,55755384.00000001,0.0,15,3.9099999999999997,0
20260306,1772726400000,3.9499999999999997,4.07,3.94,4.06,186578,74997398.0,0.0,15,3.96,0
20260309,1772985600000,4.1499999999999995,4.2,4.09,4.109999999999999,258214,106630987.0,0.0,15,4.06,0
20260310,1773072000000,4.11,4.140000000000001,4.07,4.09,157931,64736723.0,0.0,15,4.11,0
20260311,1773158400000,4.1,4.16,4.04,4.16,182192,74705854.0,0.0,15,4.09,0
20260312,1773244800000,4.16,4.16,4.11,4.13,130576,53979809.0,0.0,15,4.16,0
20260313,1773331200000,4.1499999999999995,4.17,4.09,4.109999999999999,166562,68858886.0,0.0,15,4.13,0
20260316,1773590400000,4.1,4.1499999999999995,4.05,4.08,132178,53939626.0,0.0,15,4.109999999999999,0
20260317,1773676800000,4.1000000000000005,4.15,4.03,4.04,121174,49574746.0,0.0,15,4.08,0
20260318,1773763200000,4.04,4.07,3.99,4.04,109803,44197453.0,0.0,15,4.04,0
20260319,1773849600000,4.03,4.06,3.96,3.9699999999999998,126180,50516304.0,0.0,15,4.04,0
20260320,1773936000000,3.99,4.0600000000000005,3.91,3.91,126684,50291700.0,0.0,15,3.97,0
20260323,1774195200000,3.85,3.87,3.58,3.63,236945,88273999.00000001,0.0,15,3.91,0
20260324,1774281600000,3.6999999999999997,3.8,3.63,3.79,199644,74198021.00000001,0.0,15,3.63,0
20260325,1774368000000,3.8000000000000003,3.9200000000000004,3.7600000000000002,3.9000000000000004,193642,74874728.0,0.0,15,3.79,0
20260326,1774454400000,3.91,3.92,3.81,3.84,141639,54588077.0,0.0,15,3.9,0
20260327,1774540800000,3.81,3.86,3.79,3.85,121195,46447704.0,0.0,15,3.84,0
20260330,1774800000000,3.81,3.86,3.77,3.84,110830,42324313.0,0.0,15,3.85,0
20260331,1774886400000,3.83,3.8800000000000003,3.7800000000000002,3.7800000000000002,115739,44313315.00000001,0.0,15,3.8400000000000003,0
20260401,1774972800000,3.85,3.87,3.77,3.79,135803,51847215.99999999,0.0,15,3.78,0
20260402,1775059200000,3.8,3.8,3.69,3.71,135437,50552865.00000001,0.0,15,3.79,0
20260403,1775145600000,3.7100000000000004,3.72,3.5100000000000002,3.5100000000000002,196004,69925331.0,0.0,15,3.7100000000000004,0
20260407,1775491200000,3.5300000000000002,3.6,3.47,3.58,133073,47293345.0,0.0,15,3.5100000000000002,0
20260408,1775577600000,3.6199999999999997,3.6799999999999997,3.61,3.6799999999999997,125866,45984116.00000001,0.0,15,3.58,0
20260409,1775664000000,3.66,3.68,3.58,3.61,108687,39419696.0,0.0,15,3.68,0
20260410,1775750400000,3.62,3.68,3.62,3.63,80637,29439613.000000004,0.0,15,3.6100000000000003,0
20260413,1776009600000,3.63,3.6399999999999997,3.59,3.63,93438,33777637.0,0.0,15,3.63,0
20260414,1776096000000,3.64,3.66,3.5500000000000003,3.6,120433,43299142.99999999,0.0,15,3.6300000000000003,0
20260415,1776182400000,3.6100000000000003,3.6100000000000003,3.5500000000000003,3.56,124322,44336662.0,0.0,15,3.6,0
20260416,1776268800000,3.56,3.5900000000000003,3.5300000000000002,3.5900000000000003,96726,34420836.0,0.0,15,3.56,0
20260417,1776355200000,3.57,3.58,3.5,3.51,109695,38697741.0,0.0,15,3.59,0
20260420,1776614400000,3.52,3.54,3.49,3.5300000000000002,63352,22275118.0,0.0,15,3.5100000000000002,0
20260421,1776700800000,3.53,3.56,3.5,3.55,88146,31171100.0,0.0,15,3.53,0
20260422,1776787200000,3.54,3.6100000000000003,3.5300000000000002,3.6100000000000003,101872,36542216.0,0.0,15,3.5500000000000003,0
20260423,1776873600000,3.61,3.61,3.54,3.6,93632,33531235.000000004,0.0,15,3.61,0
20260424,1776960000000,3.6100000000000003,3.6300000000000003,3.5700000000000003,3.6100000000000003,97049,34961951.0,0.0,15,3.6,0
20260427,1777219200000,3.6,3.6,3.47,3.5,164261,57543176.0,0.0,15,3.6100000000000003,0
20260428,1777305600000,3.4899999999999998,3.54,3.48,3.51,104702,36747127.0,0.0,15,3.5,0
20260429,1777392000000,3.52,3.64,3.49,3.62,117368,42256982.0,0.0,15,3.5100000000000002,0
20260430,1777478400000,3.6599999999999997,3.79,3.63,3.7399999999999998,219072,82045820.00000001,0.0,15,3.62,0
20260506,1777996800000,3.72,3.8000000000000003,3.7,3.72,154603,57710009.99999999,0.0,15,3.74,0
20260507,1778083200000,3.7199999999999998,3.7399999999999998,3.65,3.67,126392,46611232.00000001,0.0,15,3.7199999999999998,0
20260508,1778169600000,3.68,3.79,3.66,3.67,135278,50209892.0,0.0,15,3.67,0
20260511,1778428800000,3.6599999999999997,3.69,3.59,3.6399999999999997,192176,69737959.0,0.0,15,3.67,0
20260512,1778515200000,3.6300000000000003,3.64,3.5700000000000003,3.5900000000000003,104721,37755071.0,0.0,15,3.64,0
20260513,1778601600000,3.6,3.63,3.58,3.6,100989,36384069.0,0.0,15,3.59,0
20260514,1778688000000,3.6,3.61,3.54,3.54,93242,33270697.0,0.0,15,3.6,0
20260515,1778774400000,3.53,3.54,3.46,3.48,105188,36792524.0,0.0,15,3.54,0
20260518,1779033600000,3.5,3.5,3.42,3.46,98739,34030975.0,0.0,15,3.48,0
20260519,1779120000000,3.48,3.5300000000000002,3.45,3.52,87081,30443915.0,0.0,15,3.46,0
20260520,1779206400000,3.53,3.54,3.42,3.44,100272,34597836.0,0.0,15,3.52,0
20260521,1779292800000,3.44,3.4699999999999998,3.36,3.36,89921,30779065.0,0.0,15,3.44,0
20260522,1779379200000,3.3899999999999997,3.4299999999999997,3.36,3.4099999999999997,75437,25569898.0,0.0,15,3.36,0
20260525,1779638400000,3.41,3.47,3.41,3.43,65756,22641904.0,0.0,15,3.41,0
20260526,1779724800000,3.44,3.45,3.37,3.4,65015,22085421.0,0.0,15,3.43,0
