date,time,open,high,low,close,volume,amount,settelementPrice,openInterest,preClose,suspendFlag
20091030,1256832000000,,,,,0,0.0,0.0,0,,1
20091102,1257091200000,,,,,0,0.0,0.0,0,,1
20091103,1257177600000,,,,,0,0.0,0.0,0,,1
20091104,1257264000000,,,,,0,0.0,0.0,0,,1
20091105,1257350400000,,,,,0,0.0,0.0,0,,1
20091106,1257436800000,,,,,0,0.0,0.0,0,,1
20091109,1257696000000,,,,,0,0.0,0.0,0,,1
20091110,1257782400000,,,,,0,0.0,0.0,0,,1
20091111,1257868800000,,,,,0,0.0,0.0,0,,1
20091112,1257955200000,,,,,0,0.0,0.0,0,,1
20091113,1258041600000,,,,,0,0.0,0.0,0,,1
20091116,1258300800000,,,,,0,0.0,0.0,0,,1
20091117,1258387200000,,,,,0,0.0,0.0,0,,1
20091118,1258473600000,,,,,0,0.0,0.0,0,,1
20091119,1258560000000,,,,,0,0.0,0.0,0,,1
20091120,1258646400000,,,,,0,0.0,0.0,0,,1
20091123,1258905600000,,,,,0,0.0,0.0,0,,1
20091124,1258992000000,,,,,0,0.0,0.0,0,,1
20091125,1259078400000,,,,,0,0.0,0.0,0,,1
20091126,1259164800000,,,,,0,0.0,0.0,0,,1
20091127,1259251200000,,,,,0,0.0,0.0,0,,1
20091130,1259510400000,,,,,0,0.0,0.0,0,,1
20091201,1259596800000,,,,,0,0.0,0.0,0,,1
20091202,1259683200000,,,,,0,0.0,0.0,0,,1
20091203,1259769600000,,,,,0,0.0,0.0,0,,1
20091204,1259856000000,,,,,0,0.0,0.0,0,,1
20091207,1260115200000,,,,,0,0.0,0.0,0,,1
20091208,1260201600000,,,,,0,0.0,0.0,0,,1
20091209,1260288000000,,,,,0,0.0,0.0,0,,1
20091210,1260374400000,,,,,0,0.0,0.0,0,,1
20091211,1260460800000,,,,,0,0.0,0.0,0,,1
20091214,1260720000000,,,,,0,0.0,0.0,0,,1
20091215,1260806400000,,,,,0,0.0,0.0,0,,1
20091216,1260892800000,,,,,0,0.0,0.0,0,,1
20091217,1260979200000,,,,,0,0.0,0.0,0,,1
20091218,1261065600000,,,,,0,0.0,0.0,0,,1
20091221,1261324800000,,,,,0,0.0,0.0,0,,1
20091222,1261411200000,,,,,0,0.0,0.0,0,,1
20091223,1261497600000,,,,,0,0.0,0.0,0,,1
20091224,1261584000000,,,,,0,0.0,0.0,0,,1
20091225,1261670400000,33.4,34.2,28.5,28.54,169725,533340955.0,0.0,0,19.53,0
20091228,1261929600000,29.8,31.39,29.310000000000002,31.39,44721,137118265.0,0.0,0,28.540000000000003,0
20091229,1262016000000,32.699999999999996,34.53,32.4,34.53,111977,378262985.0,0.0,0,31.389999999999997,0
20091230,1262102400000,34.53,34.53,34.53,34.53,0,0.0,0.0,0,34.53,1
20091231,1262188800000,34.53,34.53,34.53,34.53,0,0.0,0.0,0,34.53,1
20100104,1262534400000,34.53,34.53,34.53,34.53,0,0.0,0.0,0,34.53,1
20100105,1262620800000,34.900000000000006,37.980000000000004,34.800000000000004,37.980000000000004,88593,327722333.0,0.0,0,34.53,0
20100106,1262707200000,37.85,41.17,37.410000000000004,39.00000000000001,89019,351529334.0,0.0,0,37.980000000000004,0
20100107,1262793600000,38.2,41.5,37.0,40.51,73344,289146891.00000006,0.0,0,39.0,0
20100108,1262880000000,38.9,40.3,36.5,36.87,63965,243681044.0,0.0,0,40.51,0
20100111,1263139200000,36.1,37.56,34.2,34.980000000000004,57858,205502765.0,0.0,0,36.870000000000005,0
20100112,1263225600000,34.790000000000006,35.88,34.34,35.03,42712,149457072.0,0.0,0,34.980000000000004,0
20100113,1263312000000,34.099999999999994,34.44,33.05,33.559999999999995,42473,143377226.0,0.0,0,35.029999999999994,0
20100114,1263398400000,33.59,36.5,33.59,35.18000000000001,51378,181007309.99999997,0.0,0,33.56,0
20100115,1263484800000,34.9,35.48,34.01,34.48,28975,100035680.0,0.0,0,35.18,0
20100118,1263744000000,34.56,35.50000000000001,34.160000000000004,34.75000000000001,22903,79425717.0,0.0,0,34.480000000000004,0
20100119,1263830400000,34.800000000000004,34.81,33.52,33.92,24180,82129261.0,0.0,0,34.75,0
20100120,1263916800000,33.730000000000004,34.0,31.6,31.830000000000002,34552,112428871.0,0.0,0,33.92,0
20100121,1264003200000,32.0,32.57,31.64,32.160000000000004,14320,46078768.00000001,0.0,0,31.830000000000002,0
20100122,1264089600000,31.450000000000003,32.010000000000005,30.150000000000002,32.010000000000005,27940,86155103.00000001,0.0,0,32.160000000000004,0
20100125,1264348800000,31.8,32.3,30.77,31.0,17510,55192676.99999999,0.0,0,32.01,0
20100126,1264435200000,31.150000000000002,31.98,30.240000000000002,30.490000000000002,15706,48807134.0,0.0,0,31.000000000000004,0
20100127,1264521600000,30.400000000000002,30.97,29.8,30.18,14310,43316311.0,0.0,0,30.490000000000002,0
20100128,1264608000000,30.46,30.46,28.61,28.86,21213,62290468.99999999,0.0,0,30.18,0
20100129,1264694400000,28.59,29.5,28.11,29.5,21575,62277735.0,0.0,0,28.86,0
20100201,1264953600000,28.7,29.35,27.8,28.95,16582,47650091.99999999,0.0,0,29.5,0
20100202,1265040000000,28.990000000000002,30.28,28.240000000000002,28.290000000000003,20698,60936571.0,0.0,0,28.950000000000003,0
20100203,1265126400000,28.18,28.77,26.2,27.48,22468,61058683.00000001,0.0,0,28.29,0
20100204,1265212800000,27.35,27.8,26.5,27.48,15594,42504118.0,0.0,0,27.48,0
20100205,1265299200000,26.88,27.86,26.72,27.22,14651,39957594.0,0.0,0,27.48,0
20100208,1265558400000,27.23,27.76,27.23,27.51,11816,32571528.0,0.0,0,27.22,0
20100209,1265644800000,27.56,27.56,26.47,27.23,14772,39751673.0,0.0,0,27.509999999999998,0
20100210,1265731200000,26.42,28.8,26.42,28.580000000000002,35299,97268642.0,0.0,0,27.23,0
20100211,1265817600000,28.03,28.98,27.85,28.1,21781,61613004.0,0.0,0,28.580000000000002,0
20100212,1265904000000,28.18,28.69,27.73,28.330000000000002,19940,56170088.0,0.0,0,28.1,0
20100222,1266768000000,28.39,28.680000000000003,27.990000000000002,28.28,19035,54154193.0,0.0,0,28.330000000000002,0
20100223,1266854400000,28.11,28.28,27.21,28.0,13757,38062297.0,0.0,0,28.28,0
20100224,1266940800000,27.98,30.8,27.82,30.8,47655,141424433.0,0.0,0,28.0,0
20100225,1267027200000,31.200000000000003,31.880000000000003,30.35,30.8,40331,124954234.00000001,0.0,0,30.8,0
20100226,1267113600000,30.7,30.97,30.0,30.21,21114,64047516.0,0.0,0,30.8,0
20100301,1267372800000,30.51,31.270000000000003,30.42,30.880000000000003,23401,72202095.99999999,0.0,0,30.21,0
20100302,1267459200000,30.880000000000003,31.040000000000003,30.330000000000002,30.680000000000003,18123,55701746.99999999,0.0,0,30.880000000000003,0
20100303,1267545600000,30.6,30.700000000000003,29.810000000000002,30.21,20129,60931671.99999999,0.0,0,30.680000000000003,0
20100304,1267632000000,30.009999999999998,30.45,28.59,28.8,19758,58325564.0,0.0,0,30.21,0
20100305,1267718400000,28.8,28.8,28.8,28.8,0,0.0,0.0,0,28.8,1
20100308,1267977600000,29.0,29.75,29.0,29.49,13298,38981559.0,0.0,0,28.8,0
20100309,1268064000000,29.39,29.42,28.5,29.15,11602,33560806.99999999,0.0,0,29.49,0
20100310,1268150400000,29.029999999999998,29.58,28.7,28.99,11072,32231688.0,0.0,0,29.15,0
20100311,1268236800000,29.150000000000002,30.0,28.73,29.7,18165,53467885.0,0.0,0,28.990000000000002,0
20100312,1268323200000,29.72,31.2,29.5,30.17,33757,103207608.0,0.0,0,29.7,0
20100315,1268582400000,30.099999999999998,30.33,29.2,29.9,14439,42794811.00000001,0.0,0,30.169999999999998,0
20100316,1268668800000,29.97,30.41,29.41,30.41,16734,50349341.0,0.0,0,29.9,0
20100317,1268755200000,30.39,31.17,30.3,31.1,24242,74983812.00000001,0.0,0,30.41,0
20100318,1268841600000,30.8,31.08,30.5,30.7,14902,45705888.0,0.0,0,31.1,0
20100319,1268928000000,30.8,30.8,30.1,30.39,15643,47486669.0,0.0,0,30.700000000000003,0
20100322,1269187200000,30.38,30.38,29.88,30.2,12781,38488919.0,0.0,0,30.39,0
20100323,1269273600000,30.23,31.189999999999998,30.04,30.97,24383,74889550.0,0.0,0,30.2,0
20100324,1269360000000,30.8,31.99,30.7,31.3,39790,125276274.00000001,0.0,0,30.97,0
20100325,1269446400000,30.990000000000002,33.18,30.8,32.06,70717,225997673.0,0.0,0,31.3,0
20100326,1269532800000,31.480000000000004,31.700000000000003,30.400000000000002,31.000000000000004,30823,95408670.0,0.0,0,32.06,0
20100329,1269792000000,31.0,31.27,29.72,30.4,31648,96030374.0,0.0,0,31.0,0
20100330,1269878400000,30.5,31.18,30.0,30.83,21498,66131720.00000001,0.0,0,30.4,0
20100331,1269964800000,30.8,33.9,30.43,32.82,45575,145606550.0,0.0,0,30.83,0
20100401,1270051200000,32.82,33.68,32.0,32.2,46364,153195151.99999997,0.0,0,32.82,0
20100402,1270137600000,31.7,32.61,31.55,32.49,22580,72541934.0,0.0,0,32.2,0
20100406,1270483200000,32.46,33.370000000000005,32.2,33.050000000000004,21485,70665615.0,0.0,0,32.49,0
20100407,1270569600000,33.1,34.0,32.75,33.92,37138,124330838.0,0.0,0,33.05,0
20100408,1270656000000,33.61,34.53,32.51,32.629999999999995,29938,100352954.0,0.0,0,33.919999999999995,0
20100409,1270742400000,32.63,33.21,32.5,32.93,18761,61657702.0,0.0,0,32.63,0
20100412,1271001600000,32.940000000000005,33.96,32.6,33.36,25512,84642555.0,0.0,0,32.93,0
20100413,1271088000000,33.18,33.18,30.03,30.6,43239,134927502.0,0.0,0,33.36,0
20100414,1271174400000,30.07,30.96,30.05,30.8,19408,59100990.0,0.0,0,30.6,0
20100415,1271260800000,30.86,30.86,28.55,29.17,26881,79113462.0,0.0,0,30.8,0
20100416,1271347200000,29.020000000000003,29.700000000000003,28.810000000000002,29.270000000000003,12302,36150320.0,0.0,0,29.17,0
20100419,1271606400000,29.27,29.580000000000002,28.3,28.41,14942,43261172.0,0.0,0,29.27,0
20100420,1271692800000,28.45,28.86,27.5,28.16,13170,36810696.0,0.0,0,28.41,0
20100421,1271779200000,28.17,29.22,28.0,29.07,14822,42570979.0,0.0,0,28.16,0
20100422,1271865600000,29.080000000000002,29.840000000000003,28.67,29.3,19296,56684178.0,0.0,0,29.07,0
20100423,1271952000000,29.2,29.69,28.71,28.740000000000002,14937,43517102.0,0.0,0,29.3,0
20100426,1272211200000,28.74,28.74,27.86,28.2,12728,35733675.0,0.0,0,28.74,0
20100427,1272297600000,28.0,28.1,26.5,26.92,15621,42359326.0,0.0,0,28.2,0
20100428,1272384000000,26.6,27.59,26.5,27.18,10999,29833993.000000004,0.0,0,26.92,0
20100429,1272470400000,27.250000000000004,27.470000000000002,26.560000000000002,26.570000000000004,9236,24976881.0,0.0,0,27.180000000000003,0
20100430,1272556800000,26.400000000000002,26.400000000000002,24.8,25.18,15337,38899203.0,0.0,0,26.490000000000002,0
20100504,1272902400000,24.990000000000002,25.48,24.3,25.19,7239,18205904.000000004,0.0,0,25.18,0
20100505,1272988800000,24.8,25.98,24.55,25.91,12478,31759374.0,0.0,0,25.19,0
20100506,1273075200000,25.669999999999998,26.18,24.7,24.81,10758,27475952.0,0.0,0,25.91,0
20100507,1273161600000,24.400000000000002,25.1,24.03,24.6,9207,22654252.0,0.0,0,24.810000000000002,0
20100510,1273420800000,24.459999999999997,25.029999999999998,23.56,24.47,11886,28846413.0,0.0,0,24.599999999999998,0
20100511,1273507200000,25.150000000000002,25.19,23.830000000000002,23.990000000000002,11674,28666992.0,0.0,0,24.470000000000002,0
20100512,1273593600000,23.700000000000003,24.18,22.87,23.01,17968,41707330.0,0.0,0,23.990000000000002,0
20100513,1273680000000,22.9,23.349999999999998,22.22,23.27,13140,30093157.0,0.0,0,23.009999999999998,0
20100514,1273766400000,23.0,23.619999999999997,22.88,23.49,9733,22757833.0,0.0,0,23.27,0
20100517,1274025600000,23.18,23.18,21.14,21.900000000000002,14442,32175239.000000004,0.0,0,23.490000000000002,0
20100518,1274112000000,21.6,22.2,21.0,21.9,12119,26099858.0,0.0,0,21.9,0
20100519,1274198400000,21.7,22.7,21.5,22.12,12399,27520483.000000004,0.0,0,21.9,0
20100520,1274284800000,22.09,22.6,21.6,21.700000000000003,9549,21090676.0,0.0,0,22.12,0
20100521,1274371200000,21.01,22.450000000000003,20.900000000000002,22.360000000000003,13504,29431323.999999996,0.0,0,21.700000000000003,0
20100524,1274630400000,22.6,23.490000000000002,22.400000000000002,23.320000000000004,21955,50682884.0,0.0,0,22.360000000000003,0
20100525,1274716800000,23.02,23.45,22.81,22.9,18815,43399493.0,0.0,0,23.32,0
20100526,1274803200000,22.76,23.28,22.73,22.88,11259,25878161.0,0.0,0,22.900000000000002,0
20100527,1274889600000,22.95,24.16,22.5,23.98,24921,58596611.0,0.0,0,22.88,0
20100528,1274976000000,24.3,24.38,23.7,23.98,20332,48788587.99999999,0.0,0,23.98,0
20100531,1275235200000,23.88,23.89,23.0,23.11,16804,39469342.99999999,0.0,0,23.98,0
20100601,1275321600000,23.0,23.15,22.2,22.919999999999998,13869,31500381.0,0.0,0,23.11,0
20100602,1275408000000,22.740000000000002,23.490000000000002,22.35,23.490000000000002,9294,21290172.0,0.0,0,22.92,0
20100603,1275494400000,23.65,25.49,23.52,24.19,28320,69420658.0,0.0,0,23.49,0
20100604,1275580800000,23.71,25.0,23.71,24.89,24933,61327575.0,0.0,0,24.19,0
20100607,1275840000000,24.11,25.99,24.11,25.75,33155,83799935.00000001,0.0,0,24.89,0
20100608,1275926400000,25.700000000000003,25.85,25.03,25.43,19785,50146434.99999999,0.0,0,25.75,0
20100609,1276012800000,25.51,26.080000000000002,25.19,25.41,24585,62923858.0,0.0,0,25.43,0
20100610,1276099200000,25.41,25.96,25.26,25.75,18260,46774771.0,0.0,0,25.41,0
20100611,1276185600000,25.68,26.400000000000002,25.55,26.19,21028,54647651.0,0.0,0,25.75,0
20100617,1276704000000,26.19,26.53,24.48,24.48,17753,45013043.0,0.0,0,26.19,0
20100618,1276790400000,24.3,24.54,23.32,23.34,15027,35723562.00000001,0.0,0,24.48,0
20100621,1277049600000,23.41,24.38,23.11,24.34,9080,21728716.0,0.0,0,23.34,0
20100622,1277136000000,24.16,24.92,24.16,24.31,9537,23447501.0,0.0,0,24.34,0
20100623,1277222400000,24.169999999999998,24.58,23.7,24.2,8769,21165496.0,0.0,0,24.31,0
20100624,1277308800000,24.15,24.5,23.81,24.15,6649,16075950.0,0.0,0,24.2,0
20100625,1277395200000,23.900000000000002,24.05,23.01,23.28,8149,19117768.0,0.0,0,24.150000000000002,0
20100628,1277654400000,23.28,23.39,22.91,23.0,5975,13827145.0,0.0,0,23.28,0
20100629,1277740800000,23.06,23.2,21.2,21.24,10860,23660407.000000004,0.0,0,23.0,0
20100630,1277827200000,21.0,21.23,20.22,21.14,9418,19462172.0,0.0,0,21.24,0
20100701,1277913600000,21.0,21.16,20.56,20.669999999999998,6565,13664526.0,0.0,0,21.139999999999997,0
20100702,1278000000000,20.5,21.0,19.98,20.8,8673,17706368.000000004,0.0,0,20.67,0
20100705,1278259200000,20.310000000000002,20.900000000000002,20.1,20.76,6722,13773562.0,0.0,0,20.8,0
20100706,1278345600000,20.59,21.490000000000002,20.51,21.380000000000003,9704,20631701.000000004,0.0,0,20.76,0
20100707,1278432000000,21.48,21.6,21.01,21.48,10555,22552822.0,0.0,0,21.380000000000003,0
20100708,1278518400000,21.56,21.63,21.0,21.19,7450,15855673.0,0.0,0,21.48,0
20100709,1278604800000,21.21,22.2,21.02,21.94,11738,25506025.0,0.0,0,21.19,0
20100712,1278864000000,21.939999999999998,22.2,21.7,22.189999999999998,9234,20259032.0,0.0,0,21.939999999999998,0
20100713,1278950400000,22.0,22.0,21.32,21.88,9309,20181717.0,0.0,0,22.19,0
20100714,1279036800000,22.37,24.07,22.37,24.07,14779,35059633.0,0.0,0,21.880000000000003,0
20100715,1279123200000,25.0,25.39,23.11,23.18,42966,104475401.0,0.0,0,24.07,0
20100716,1279209600000,22.59,23.0,22.11,22.95,16576,37320187.0,0.0,0,23.18,0
20100719,1279468800000,22.53,23.5,22.42,23.330000000000002,14365,33153166.000000004,0.0,0,22.950000000000003,0
20100720,1279555200000,23.29,24.25,23.25,23.92,17995,42879051.0,0.0,0,23.33,0
20100721,1279641600000,23.950000000000003,24.790000000000003,23.51,23.91,16964,41102115.0,0.0,0,23.92,0
20100722,1279728000000,23.7,24.3,23.7,24.169999999999998,12605,30291688.0,0.0,0,23.91,0
20100723,1279814400000,24.18,24.48,23.7,24.029999999999998,14429,34726276.0,0.0,0,24.169999999999998,0
20100726,1280073600000,24.12,25.18,24.12,24.43,15459,38073399.0,0.0,0,24.03,0
20100727,1280160000000,24.45,24.75,24.16,24.35,10487,25620120.0,0.0,0,24.43,0
20100728,1280246400000,24.17,24.76,24.1,24.6,16375,40060993.0,0.0,0,24.35,0
20100729,1280332800000,24.65,24.97,24.25,24.86,18381,45229263.0,0.0,0,24.6,0
20100730,1280419200000,24.860000000000003,25.39,24.6,25.12,20375,51073723.0,0.0,0,24.860000000000003,0
20100802,1280678400000,25.48,25.49,24.88,25.23,16940,42641262.0,0.0,0,25.119999999999997,0
20100803,1280764800000,25.4,25.41,24.2,24.349999999999998,21036,52050674.0,0.0,0,25.23,0
20100804,1280851200000,24.2,24.64,23.96,24.490000000000002,13774,33453637.000000004,0.0,0,24.35,0
20100805,1280937600000,24.21,24.55,24.05,24.13,16537,40149700.0,0.0,0,24.490000000000002,0
20100806,1281024000000,24.099999999999998,24.78,24.02,24.69,14229,34692661.0,0.0,0,24.13,0
20100809,1281283200000,24.69,25.200000000000003,24.6,25.18,18499,46041184.00000001,0.0,0,24.69,0
20100810,1281369600000,25.18,25.26,24.01,24.14,18923,46659035.0,0.0,0,25.18,0
20100811,1281456000000,24.01,24.25,23.76,24.040000000000003,11187,26869792.000000004,0.0,0,24.14,0
20100812,1281542400000,23.92,24.400000000000002,23.69,23.900000000000002,10349,24843299.000000004,0.0,0,24.040000000000003,0
20100813,1281628800000,23.91,24.48,23.7,24.41,9955,24065467.0,0.0,0,23.9,0
20100816,1281888000000,24.39,26.79,24.11,26.24,47063,121465990.0,0.0,0,24.41,0
20100817,1281974400000,26.02,26.189999999999998,25.63,25.99,23865,61921438.0,0.0,0,26.24,0
20100818,1282060800000,25.99,25.99,25.99,25.99,0,0.0,0.0,0,25.99,1
20100819,1282147200000,25.85,26.2,25.5,26.03,23663,61209297.0,0.0,0,25.99,0
20100820,1282233600000,26.000000000000004,26.980000000000004,25.650000000000002,25.880000000000003,25304,66773450.0,0.0,0,26.03,0
20100823,1282492800000,25.95,26.95,25.95,26.4,22498,59569492.00000001,0.0,0,25.88,0
20100824,1282579200000,26.45,26.6,25.66,25.94,15162,39403222.0,0.0,0,26.4,0
20100825,1282665600000,25.62,25.95,24.8,24.8,18327,46374546.0,0.0,0,25.94,0
20100826,1282752000000,25.5,25.5,24.75,24.91,11005,27579437.0,0.0,0,24.8,0
20100827,1282838400000,24.900000000000002,25.450000000000003,24.51,25.26,11839,29639435.0,0.0,0,24.91,0
20100830,1283097600000,25.44,26.230000000000004,25.310000000000002,26.200000000000003,16491,42816457.0,0.0,0,25.26,0
20100831,1283184000000,26.25,26.45,25.8,26.21,15765,41259876.0,0.0,0,26.2,0
20100901,1283270400000,26.3,27.94,26.23,27.25,49353,133399201.00000001,0.0,0,26.21,0
20100902,1283356800000,27.2,27.46,26.8,27.42,25637,69443289.0,0.0,0,27.25,0
20100903,1283443200000,27.5,28.48,27.2,27.56,25469,70612583.0,0.0,0,27.419999999999998,0
20100906,1283702400000,27.58,27.7,26.27,26.419999999999998,21217,56496452.00000001,0.0,0,27.56,0
20100907,1283788800000,26.43,26.67,26.3,26.54,9920,26225228.000000004,0.0,0,26.42,0
20100908,1283875200000,26.59,27.19,26.0,26.93,14626,38853614.0,0.0,0,26.54,0
20100909,1283961600000,27.18,27.189999999999998,26.2,26.22,14179,37827882.99999999,0.0,0,26.93,0
20100910,1284048000000,26.110000000000003,26.720000000000002,25.810000000000002,26.680000000000003,13519,35724595.0,0.0,0,26.220000000000002,0
20100913,1284307200000,26.68,27.2,26.68,27.0,14313,38574211.0,0.0,0,26.68,0
20100914,1284393600000,26.990000000000002,28.05,26.900000000000002,27.700000000000003,27433,76138806.0,0.0,0,27.000000000000004,0
20100915,1284480000000,27.75,28.05,26.51,26.75,18539,50371907.00000001,0.0,0,27.700000000000003,0
20100916,1284566400000,26.7,26.8,25.05,25.400000000000002,13139,33991556.00000001,0.0,0,26.75,0
20100917,1284652800000,25.150000000000002,26.490000000000002,25.150000000000002,25.87,13364,34584999.0,0.0,0,25.400000000000002,0
20100920,1284912000000,26.01,26.45,25.3,25.66,9141,23422461.999999996,0.0,0,25.87,0
20100921,1284998400000,25.6,25.78,25.21,25.21,3271,8324191.000000001,0.0,0,25.66,0
20100927,1285516800000,25.1,26.1,25.09,26.09,7309,18715960.0,0.0,0,25.21,0
20100928,1285603200000,25.830000000000002,26.87,25.830000000000002,26.700000000000003,11995,31833272.0,0.0,0,26.090000000000003,0
20100929,1285689600000,26.65,27.2,26.27,26.7,7118,18886062.000000004,0.0,0,26.7,0
20100930,1285776000000,26.69,27.360000000000003,26.44,27.05,9340,25206692.0,0.0,0,26.700000000000003,0
20101008,1286467200000,27.060000000000002,27.880000000000003,27.060000000000002,27.470000000000002,14832,40891898.0,0.0,0,27.05,0
20101011,1286726400000,27.36,27.59,26.0,26.46,17395,46408616.0,0.0,0,27.47,0
20101012,1286812800000,26.3,27.35,26.16,27.19,17353,46408530.0,0.0,0,26.46,0
20101013,1286899200000,27.29,29.25,27.29,28.7,36447,104121655.00000001,0.0,0,27.189999999999998,0
20101014,1286985600000,28.79,28.79,27.7,28.25,23301,65585910.0,0.0,0,28.7,0
20101015,1287072000000,28.25,28.25,27.25,28.01,17865,49749588.0,0.0,0,28.25,0
20101018,1287331200000,27.94,27.98,26.55,27.17,14029,37911276.0,0.0,0,28.01,0
20101019,1287417600000,27.380000000000003,29.82,27.35,29.1,32940,95697682.0,0.0,0,27.17,0
20101020,1287504000000,28.6,30.24,28.59,28.77,29287,85934305.0,0.0,0,29.1,0
20101021,1287590400000,28.71,30.1,28.16,29.8,22351,64967588.99999999,0.0,0,28.77,0
20101022,1287676800000,29.759999999999998,32.589999999999996,29.2,31.36,36513,113759326.99999999,0.0,0,29.8,0
20101025,1287936000000,31.17,31.9,31.0,31.6,21451,67505309.0,0.0,0,31.36,0
20101026,1288022400000,31.400000000000002,32.46,30.53,31.92,22610,70708615.0,0.0,0,31.6,0
20101027,1288108800000,31.520000000000003,32.19,30.69,30.69,15182,47758242.0,0.0,0,31.92,0
20101028,1288195200000,30.3,30.8,30.05,30.28,10779,32710055.0,0.0,0,30.69,0
20101029,1288281600000,30.25,32.35,30.25,31.86,22286,70583539.0,0.0,0,30.28,0
20101101,1288540800000,31.69,34.230000000000004,31.51,33.72,23636,79217268.00000001,0.0,0,31.860000000000003,0
20101102,1288627200000,33.75000000000001,34.52,32.480000000000004,32.50000000000001,23383,78291562.0,0.0,0,33.720000000000006,0
20101103,1288713600000,31.91,32.5,30.5,30.6,16645,52474378.0,0.0,0,32.5,0
20101104,1288800000000,30.98,31.89,30.53,31.69,13560,42194954.99999999,0.0,0,30.6,0
20101105,1288886400000,31.900000000000002,32.49,30.89,31.38,15106,47404367.0,0.0,0,31.69,0
20101108,1289145600000,31.38,31.38,31.38,31.38,0,0.0,0.0,0,31.38,1
20101109,1289232000000,32.0,32.86,31.62,31.790000000000003,16343,52541990.0,0.0,0,31.380000000000003,0
20101110,1289318400000,31.79,32.39,31.39,32.18,9043,29003103.000000004,0.0,0,31.79,0
20101111,1289404800000,31.849999999999998,32.6,31.11,31.2,15324,49175557.0,0.0,0,32.18,0
20101112,1289491200000,31.0,31.19,28.28,28.42,23980,71028533.0,0.0,0,31.200000000000003,0
20101115,1289750400000,29.189999999999998,29.89,28.61,29.89,17506,51469585.00000001,0.0,0,28.419999999999998,0
20101116,1289836800000,30.0,30.98,29.02,29.89,19488,59020719.0,0.0,0,29.89,0
20101117,1289923200000,29.35,30.8,29.21,30.05,15039,45367573.0,0.0,0,29.89,0
20101118,1290009600000,30.59,30.88,29.84,30.27,7223,21810476.0,0.0,0,30.05,0
20101119,1290096000000,30.490000000000002,31.1,30.060000000000002,31.1,10686,32747638.0,0.0,0,30.270000000000003,0
20101122,1290355200000,31.1,31.87,30.8,31.25,12911,40623996.0,0.0,0,31.1,0
20101123,1290441600000,31.26,31.26,29.8,30.78,11354,34399140.00000001,0.0,0,31.25,0
20101124,1290528000000,30.59,31.31,30.02,31.21,11061,34372974.0,0.0,0,30.78,0
20101125,1290614400000,31.3,32.3,31.3,31.52,14282,45425399.99999999,0.0,0,31.21,0
20101126,1290700800000,31.7,32.89,31.41,32.4,16269,52621403.0,0.0,0,31.52,0
20101129,1290960000000,32.29,33.550000000000004,32.03,33.38,17243,57084052.00000001,0.0,0,32.4,0
20101130,1291046400000,33.39,33.42,31.1,32.17,14311,45872358.00000001,0.0,0,33.38,0
20101201,1291132800000,32.04,32.1,31.240000000000002,31.430000000000003,7127,22539252.0,0.0,0,32.17,0
20101202,1291219200000,31.98,32.400000000000006,31.400000000000002,32.31,12025,38343636.0,0.0,0,31.430000000000003,0
20101203,1291305600000,32.31,32.45,30.5,30.9,8437,26422934.0,0.0,0,32.31,0
20101206,1291564800000,30.42,31.0,29.85,30.32,5485,16653269.0,0.0,0,30.900000000000002,0
20101207,1291651200000,30.42,31.1,29.92,30.900000000000002,4781,14589132.0,0.0,0,30.32,0
20101208,1291737600000,30.52,31.62,30.5,31.11,4654,14512711.0,0.0,0,30.9,0
20101209,1291824000000,31.0,32.07,30.7,31.189999999999998,8319,26296210.0,0.0,0,31.11,0
20101210,1291910400000,31.4,32.6,31.25,32.0,9067,29056603.0,0.0,0,31.19,0
20101213,1292169600000,32.1,34.300000000000004,32.1,33.53,19844,66055180.0,0.0,0,32.0,0
20101214,1292256000000,33.760000000000005,33.760000000000005,32.99,33.25,9714,32285452.0,0.0,0,33.53,0
20101215,1292342400000,33.24,34.9,33.1,34.120000000000005,17031,58557938.0,0.0,0,33.25,0
20101216,1292428800000,33.82,35.470000000000006,33.52,34.1,16123,55910997.0,0.0,0,34.120000000000005,0
20101217,1292515200000,34.1,34.33,33.6,34.1,6724,22802872.999999996,0.0,0,34.1,0
20101220,1292774400000,34.1,35.49,33.2,35.24,22225,77176354.0,0.0,0,34.1,0
20101221,1292860800000,35.15,36.02,34.6,36.0,14791,52350349.0,0.0,0,35.24,0
20101222,1292947200000,35.900000000000006,36.88,34.7,34.99,14969,53515156.0,0.0,0,36.0,0
20101223,1293033600000,34.12,35.0,34.12,34.169999999999995,8837,30559519.000000004,0.0,0,34.989999999999995,0
20101224,1293120000000,33.699999999999996,34.0,32.72,33.089999999999996,8339,27732808.0,0.0,0,34.17,0
20101227,1293379200000,33.02,33.9,31.55,32.01,11891,39192750.0,0.0,0,33.09,0
20101228,1293465600000,31.790000000000003,32.5,30.580000000000002,32.1,9414,29667175.0,0.0,0,32.010000000000005,0
20101229,1293552000000,31.650000000000002,33.7,31.650000000000002,33.42,6286,20599877.0,0.0,0,32.1,0
20101230,1293638400000,33.419999999999995,34.3,33.01,33.93,6750,22888211.0,0.0,0,33.419999999999995,0
20101231,1293724800000,34.29,35.4,33.51,35.4,19424,66760621.00000001,0.0,0,33.93,0
20110104,1294070400000,35.45,35.5,34.82,35.13,12149,42559684.00000001,0.0,0,35.4,0
20110105,1294156800000,35.05,35.379999999999995,34.65,34.72,7696,26981104.000000004,0.0,0,35.129999999999995,0
20110106,1294243200000,34.589999999999996,35.3,34.54,34.58,7491,26095141.0,0.0,0,34.72,0
20110107,1294329600000,34.49,34.49,33.34,33.790000000000006,10260,34795660.00000001,0.0,0,34.580000000000005,0
20110110,1294588800000,33.4,33.949999999999996,32.97,33.0,8864,29628591.0,0.0,0,33.79,0
20110111,1294675200000,32.8,33.19,32.36,33.0,4269,13970992.0,0.0,0,33.0,0
20110112,1294761600000,33.0,33.6,32.95,33.6,5672,18937022.0,0.0,0,33.0,0
20110113,1294848000000,33.78,33.980000000000004,33.03,33.04,5207,17385274.0,0.0,0,33.6,0
20110114,1294934400000,32.99,33.0,31.61,31.849999999999998,5012,16059041.000000002,0.0,0,33.04,0
20110117,1295193600000,31.55,31.810000000000002,29.87,29.880000000000003,7799,23890478.999999996,0.0,0,31.85,0
20110118,1295280000000,29.849999999999998,30.2,29.63,30.09,2955,8864763.0,0.0,0,29.88,0
20110119,1295366400000,30.08,30.779999999999998,29.88,30.66,3206,9753694.0,0.0,0,30.09,0
20110120,1295452800000,30.51,30.93,29.1,29.1,5130,15389376.0,0.0,0,30.66,0
20110121,1295539200000,28.900000000000002,29.78,28.62,29.16,4423,12897173.0,0.0,0,29.1,0
20110124,1295798400000,29.200000000000003,29.860000000000003,28.650000000000002,29.000000000000004,2983,8755781.0,0.0,0,29.160000000000004,0
20110125,1295884800000,28.9,29.22,28.04,28.869999999999997,3169,9060305.0,0.0,0,29.0,0
20110126,1295971200000,29.0,29.68,28.68,29.58,2573,7545661.0,0.0,0,28.87,0
20110127,1296057600000,29.49,30.08,29.02,30.08,3730,11116085.0,0.0,0,29.58,0
20110128,1296144000000,30.090000000000003,30.28,29.810000000000002,30.020000000000003,2816,8486872.0,0.0,0,30.080000000000002,0
20110131,1296403200000,30.200000000000003,30.78,29.810000000000002,30.480000000000004,4284,13011344.0,0.0,0,30.020000000000003,0
20110201,1296489600000,30.5,30.7,30.18,30.509999999999998,2020,6142099.0,0.0,0,30.48,0
20110209,1297180800000,30.1,30.39,29.32,29.36,3612,10766616.999999998,0.0,0,30.51,0
20110210,1297267200000,29.36,30.46,29.12,30.36,3603,10765261.0,0.0,0,29.36,0
20110211,1297353600000,30.25,31.5,30.25,31.2,6574,20438633.0,0.0,0,30.36,0
20110214,1297612800000,31.200000000000003,31.75,31.03,31.5,5668,17821681.0,0.0,0,31.200000000000003,0
20110215,1297699200000,31.580000000000002,31.970000000000002,31.310000000000002,31.500000000000004,5221,16517219.0,0.0,0,31.500000000000004,0
20110216,1297785600000,31.5,32.1,31.35,32.1,5108,16226382.0,0.0,0,31.5,0
20110217,1297872000000,32.12,32.4,31.61,32.3,4928,15776821.0,0.0,0,32.1,0
20110218,1297958400000,32.11,32.93,32.0,32.58,5182,16863519.0,0.0,0,32.3,0
20110221,1298217600000,32.519999999999996,33.76,32.29,33.6,7318,24320693.000000004,0.0,0,32.58,0
20110222,1298304000000,33.599999999999994,34.44,32.3,32.349999999999994,9923,33207631.0,0.0,0,33.599999999999994,0
20110223,1298390400000,32.01,33.11,32.01,33.089999999999996,5077,16650879.000000002,0.0,0,32.35,0
20110224,1298476800000,33.35,34.54,31.900000000000002,32.42,8515,28201244.000000004,0.0,0,33.09,0
20110225,1298563200000,32.21,32.58,31.64,31.79,5528,17673581.0,0.0,0,32.42,0
20110228,1298822400000,31.8,32.050000000000004,31.28,31.900000000000002,8172,25868314.0,0.0,0,31.790000000000003,0
20110301,1298908800000,31.950000000000003,31.950000000000003,31.330000000000002,31.55,9121,28798419.000000004,0.0,0,31.900000000000002,0
20110302,1298995200000,31.55,31.730000000000004,31.060000000000002,31.380000000000003,4383,13715267.0,0.0,0,31.55,0
20110303,1299081600000,31.34,31.59,30.7,30.71,5430,16926082.000000004,0.0,0,31.38,0
20110304,1299168000000,30.759999999999998,30.9,29.86,30.71,7802,23642610.0,0.0,0,30.71,0
20110307,1299427200000,30.61,31.28,30.52,31.15,12190,37628925.00000001,0.0,0,30.71,0
20110308,1299513600000,31.200000000000003,31.35,30.85,31.26,4593,14298532.0,0.0,0,31.150000000000002,0
20110309,1299600000000,31.31,31.45,30.0,30.92,5674,17513880.000000004,0.0,0,31.26,0
20110310,1299686400000,30.92,32.08,30.8,31.84,12416,39377529.0,0.0,0,30.92,0
20110311,1299772800000,31.72,32.33,31.5,32.22,7342,23416788.000000004,0.0,0,31.84,0
20110314,1300032000000,32.0,32.35,31.68,31.99,6701,21387711.000000004,0.0,0,32.22,0
20110315,1300118400000,32.1,32.2,30.68,30.99,9052,28215036.0,0.0,0,31.99,0
20110316,1300204800000,30.95,31.990000000000002,30.8,31.900000000000002,8751,27325947.000000004,0.0,0,30.990000000000002,0
20110317,1300291200000,32.2,33.8,31.71,31.94,22384,73288525.0,0.0,0,31.900000000000002,0
20110318,1300377600000,32.1,32.59,31.78,31.78,8535,27445507.000000004,0.0,0,31.94,0
20110321,1300636800000,31.98,32.190000000000005,31.17,31.240000000000002,6592,20789580.0,0.0,0,31.78,0
20110322,1300723200000,31.45,31.59,30.87,31.540000000000003,3438,10750632.0,0.0,0,31.240000000000002,0
20110323,1300809600000,31.2,31.5,30.93,31.25,7919,24659424.0,0.0,0,31.54,0
20110324,1300896000000,31.28,31.35,30.8,30.810000000000002,4873,15108903.000000002,0.0,0,31.25,0
20110325,1300982400000,30.6,31.330000000000002,30.6,31.01,3771,11703670.0,0.0,0,30.810000000000002,0
20110328,1301241600000,31.0,31.0,30.51,30.76,4543,13998721.0,0.0,0,31.01,0
20110329,1301328000000,30.66,31.2,30.66,30.86,7364,22826357.000000004,0.0,0,30.76,0
20110330,1301414400000,31.1,31.1,29.82,30.17,6214,18703285.0,0.0,0,30.86,0
20110331,1301500800000,30.099999999999998,30.4,29.7,30.14,3781,11392279.000000002,0.0,0,30.169999999999998,0
20110401,1301587200000,30.02,30.56,30.0,30.54,2895,8763187.0,0.0,0,30.14,0
20110406,1302019200000,30.44,30.69,30.150000000000002,30.490000000000002,3512,10665601.999999998,0.0,0,30.540000000000003,0
20110407,1302105600000,30.490000000000002,30.490000000000002,30.490000000000002,30.490000000000002,0,0.0,0.0,0,30.490000000000002,1
20110408,1302192000000,30.5,31.17,30.46,31.05,4337,13383760.999999998,0.0,0,30.490000000000002,0
20110411,1302451200000,31.250000000000004,31.680000000000003,30.560000000000002,30.680000000000003,3543,10910919.0,0.0,0,31.05,0
20110412,1302537600000,30.680000000000003,31.400000000000002,30.580000000000002,30.85,2625,8133896.0,0.0,0,30.680000000000003,0
20110413,1302624000000,30.830000000000002,31.31,30.73,31.05,3569,11076947.0,0.0,0,30.85,0
20110414,1302710400000,31.18,31.18,30.18,30.31,5219,15943071.999999998,0.0,0,31.05,0
20110415,1302796800000,30.040000000000003,30.290000000000003,29.85,30.240000000000002,4616,13858723.000000002,0.0,0,30.310000000000002,0
20110418,1303056000000,30.240000000000002,30.340000000000003,29.900000000000002,30.020000000000003,2807,8433722.0,0.0,0,30.240000000000002,0
20110419,1303142400000,29.82,30.15,29.5,29.9,3888,11570091.0,0.0,0,30.02,0
20110420,1303228800000,30.15,32.58,29.77,31.27,9513,29884952.999999996,0.0,0,29.9,0
20110421,1303315200000,30.849999999999998,31.8,30.7,31.39,7321,22870628.000000004,0.0,0,31.27,0
20110422,1303401600000,31.400000000000002,31.890000000000004,31.220000000000002,31.35,4695,14840963.000000002,0.0,0,31.390000000000004,0
20110425,1303660800000,31.1,31.45,29.98,30.0,3507,10748735.0,0.0,0,31.35,0
20110426,1303747200000,29.71,30.37,29.71,30.0,3521,10580681.0,0.0,0,30.0,0
20110427,1303833600000,30.0,30.29,29.5,29.66,3164,9482941.0,0.0,0,30.0,0
20110428,1303920000000,29.700000000000003,29.990000000000002,28.400000000000002,28.500000000000004,3782,10984727.0,0.0,0,29.660000000000004,0
20110429,1304006400000,28.560000000000002,29.3,28.310000000000002,28.8,2553,7338318.0,0.0,0,28.500000000000004,0
20110503,1304352000000,28.85,29.410000000000004,28.810000000000002,29.340000000000003,1914,5575980.000000001,0.0,0,28.8,0
20110504,1304438400000,29.34,29.58,28.7,28.86,2384,6946386.0,0.0,0,29.34,0
20110505,1304524800000,28.85,29.290000000000003,28.51,29.080000000000002,1692,4917629.000000001,0.0,0,28.860000000000003,0
20110506,1304611200000,28.95,30.189999999999998,28.7,30.02,2956,8744263.0,0.0,0,29.08,0
20110509,1304870400000,29.990000000000002,30.400000000000002,29.8,30.1,1628,4904310.0,0.0,0,30.02,0
20110510,1304956800000,30.11,30.599999999999998,30.11,30.189999999999998,1747,5298491.0,0.0,0,30.099999999999998,0
20110511,1305043200000,30.19,30.39,29.92,29.92,1313,3947561.0000000005,0.0,0,30.19,0
20110512,1305129600000,30.0,30.23,29.6,29.950000000000003,1572,4723462.0,0.0,0,29.92,0
20110513,1305216000000,29.98,29.98,29.12,29.7,2056,6083141.0,0.0,0,29.950000000000003,0
20110516,1305475200000,29.56,29.95,29.5,29.63,1470,4366492.0,0.0,0,29.7,0
20110517,1305561600000,29.52,29.63,28.91,29.1,2961,8641571.0,0.0,0,29.63,0
20110518,1305648000000,29.02,29.46,29.02,29.19,1524,4447746.0,0.0,0,29.099999999999998,0
20110519,1305734400000,29.3,29.75,29.27,29.27,3772,11135377.0,0.0,0,29.19,0
20110520,1305820800000,29.11,29.5,29.11,29.29,1337,3920516.0000000005,0.0,0,29.27,0
20110523,1306080000000,29.51,29.98,28.8,29.21,4144,12167528.0,0.0,0,29.29,0
20110524,1306166400000,29.18,30.18,28.8,30.060000000000002,4721,13981319.0,0.0,0,29.21,0
20110525,1306252800000,29.91,29.95,28.91,28.91,4007,11771724.0,0.0,0,30.06,0
20110526,1306339200000,16.02,16.19,15.39,15.48,4121,6513127.0,0.0,0,16.02,0
20110527,1306425600000,15.4,15.4,14.32,14.33,9119,13413651.0,0.0,0,15.48,0
20110530,1306684800000,14.35,14.540000000000001,13.98,14.02,5461,7785868.0,0.0,0,14.33,0
20110531,1306771200000,14.07,14.59,13.98,14.4,5849,8340925.0,0.0,0,14.02,0
20110601,1306857600000,14.5,14.93,14.31,14.700000000000001,6091,8949760.000000002,0.0,0,14.4,0
20110602,1306944000000,14.56,14.620000000000001,14.3,14.530000000000001,4662,6755614.0,0.0,0,14.700000000000001,0
20110603,1307030400000,14.48,14.77,14.48,14.73,2941,4323551.0,0.0,0,14.530000000000001,0
20110607,1307376000000,14.6,14.9,14.6,14.719999999999999,2727,4019852.0,0.0,0,14.73,0
20110608,1307462400000,14.89,16.19,14.83,16.19,25502,40650580.0,0.0,0,14.72,0
20110609,1307548800000,16.150000000000002,16.34,15.48,15.51,17626,28037234.999999996,0.0,0,16.19,0
20110610,1307635200000,15.48,16.9,14.98,16.41,24902,40083036.00000001,0.0,0,15.51,0
20110613,1307894400000,16.3,17.45,16.0,16.6,25749,43236014.00000001,0.0,0,16.41,0
20110614,1307980800000,16.34,17.5,16.3,17.400000000000002,25188,42817272.0,0.0,0,16.6,0
20110615,1308067200000,17.3,17.599999999999998,16.86,16.89,26631,45556815.0,0.0,0,17.4,0
20110616,1308153600000,16.599999999999998,16.81,16.02,16.18,13297,21839081.0,0.0,0,16.89,0
20110617,1308240000000,16.18,17.7,15.96,17.12,34102,58299342.0,0.0,0,16.18,0
20110620,1308499200000,17.29,17.6,16.8,17.25,24771,42654712.00000001,0.0,0,17.12,0
20110621,1308585600000,17.13,17.38,16.65,17.299999999999997,17317,29487508.000000004,0.0,0,17.25,0
20110622,1308672000000,17.5,17.5,16.85,16.900000000000002,14427,24619219.0,0.0,0,17.3,0
20110623,1308758400000,16.99,17.38,16.72,17.08,17663,30333051.0,0.0,0,16.9,0
20110624,1308844800000,16.8,18.1,16.77,17.91,35886,63522433.0,0.0,0,17.08,0
20110627,1309104000000,17.52,18.419999999999998,17.52,18.18,33005,59820197.00000001,0.0,0,17.91,0
20110628,1309190400000,18.18,18.28,17.71,17.91,19542,35060307.0,0.0,0,18.18,0
20110629,1309276800000,17.91,18.18,17.5,17.59,14453,25686952.0,0.0,0,17.91,0
20110630,1309363200000,17.52,18.11,17.48,17.88,14888,26640224.999999996,0.0,0,17.59,0
20110701,1309449600000,17.900000000000002,18.05,17.490000000000002,17.520000000000003,16206,28705113.0,0.0,0,17.880000000000003,0
20110704,1309708800000,17.58,18.38,17.52,18.259999999999998,24267,43601963.0,0.0,0,17.52,0
20110705,1309795200000,18.220000000000002,18.51,18.05,18.27,16480,30067825.000000004,0.0,0,18.26,0
20110706,1309881600000,18.27,18.95,17.93,18.95,32390,59395953.00000001,0.0,0,18.27,0
20110707,1309968000000,18.85,18.95,18.0,18.12,38012,69987789.0,0.0,0,18.95,0
20110708,1310054400000,18.200000000000003,18.28,17.650000000000002,18.130000000000003,12802,23032196.000000004,0.0,0,18.12,0
20110711,1310313600000,18.0,18.4,17.61,18.38,22182,39998326.0,0.0,0,18.13,0
20110712,1310400000000,18.110000000000003,18.450000000000003,17.900000000000002,18.1,21183,38609783.00000001,0.0,0,18.380000000000003,0
20110713,1310486400000,18.23,18.700000000000003,18.01,18.51,23888,44096209.0,0.0,0,18.1,0
20110714,1310572800000,18.55,18.57,18.19,18.5,21445,39464595.00000001,0.0,0,18.51,0
20110715,1310659200000,18.28,18.53,17.96,18.35,27113,49372481.0,0.0,0,18.5,0
20110718,1310918400000,18.37,18.37,17.67,17.880000000000003,27163,48732547.0,0.0,0,18.35,0
20110719,1311004800000,17.72,17.779999999999998,17.31,17.49,17669,30953029.0,0.0,0,17.88,0
20110720,1311091200000,17.5,17.7,17.46,17.59,7981,14029440.0,0.0,0,17.490000000000002,0
20110721,1311177600000,17.59,17.689999999999998,17.2,17.2,11999,20795035.0,0.0,0,17.59,0
20110722,1311264000000,17.28,17.450000000000003,17.1,17.34,7513,13009204.0,0.0,0,17.200000000000003,0
20110725,1311523200000,17.3,17.740000000000002,16.78,17.0,15685,27131751.0,0.0,0,17.34,0
20110726,1311609600000,17.130000000000003,17.26,16.830000000000002,17.200000000000003,6813,11574627.0,0.0,0,17.000000000000004,0
20110727,1311696000000,17.040000000000003,17.450000000000003,17.03,17.28,10843,18758739.000000004,0.0,0,17.200000000000003,0
20110728,1311782400000,16.91,17.18,16.8,16.95,11692,19815378.0,0.0,0,17.28,0
20110729,1311868800000,17.0,17.16,16.75,16.75,7636,12952032.0,0.0,0,16.95,0
20110801,1312128000000,16.75,16.75,16.75,16.75,0,0.0,0.0,0,16.75,1
20110802,1312214400000,16.75,16.8,16.2,16.38,11565,18968083.0,0.0,0,16.75,0
20110803,1312300800000,16.1,16.720000000000002,16.080000000000002,16.57,10972,18103215.0,0.0,0,16.380000000000003,0
20110804,1312387200000,16.669999999999998,16.87,16.45,16.45,8075,13426957.0,0.0,0,16.57,0
20110805,1312473600000,15.88,16.080000000000002,15.3,15.870000000000001,12444,19740807.0,0.0,0,16.45,0
20110808,1312732800000,15.49,15.75,14.790000000000001,14.9,13331,20269544.0,0.0,0,15.870000000000001,0
20110809,1312819200000,14.4,15.180000000000001,14.200000000000001,14.940000000000001,13164,19450364.000000004,0.0,0,14.9,0
20110810,1312905600000,15.299999999999999,15.45,15.11,15.129999999999999,11964,18286163.0,0.0,0,14.94,0
20110811,1312992000000,14.85,15.57,14.67,15.48,14479,22215702.0,0.0,0,15.13,0
20110812,1313078400000,15.700000000000001,16.15,15.57,16.0,23354,37161349.99999999,0.0,0,15.48,0
20110815,1313337600000,16.3,16.42,15.96,16.28,15896,25757056.0,0.0,0,16.0,0
20110816,1313424000000,16.220000000000002,16.36,15.870000000000001,15.97,10985,17589609.000000004,0.0,0,16.28,0
20110817,1313510400000,15.9,16.45,15.9,16.37,12010,19502170.0,0.0,0,15.97,0
20110818,1313596800000,16.439999999999998,16.439999999999998,16.11,16.29,12174,19768526.0,0.0,0,16.37,0
20110819,1313683200000,16.04,16.52,15.75,16.45,11719,18811363.0,0.0,0,16.29,0
20110822,1313942400000,16.48,16.7,16.18,16.3,8593,14136920.0,0.0,0,16.45,0
20110823,1314028800000,16.22,16.68,16.2,16.63,9145,15091719.0,0.0,0,16.3,0
20110824,1314115200000,17.17,18.290000000000003,17.17,17.400000000000002,68409,122308034.0,0.0,0,16.630000000000003,0
20110825,1314201600000,17.19,17.44,16.68,17.41,35207,60175352.0,0.0,0,17.4,0
20110826,1314288000000,17.19,17.41,16.98,17.03,26172,44826540.00000001,0.0,0,17.41,0
20110829,1314547200000,16.930000000000003,17.150000000000002,16.76,16.810000000000002,18475,31326417.0,0.0,0,17.03,0
20110830,1314633600000,16.9,17.38,16.59,16.59,14936,25147135.0,0.0,0,16.81,0
20110831,1314720000000,16.59,16.68,16.13,16.2,13504,22044148.0,0.0,0,16.59,0
20110901,1314806400000,16.21,16.5,16.09,16.22,7700,12541035.0,0.0,0,16.2,0
20110902,1314892800000,16.35,16.44,15.9,16.11,6385,10316340.0,0.0,0,16.22,0
20110905,1315152000000,15.780000000000001,16.220000000000002,15.530000000000001,16.150000000000002,14302,22706897.0,0.0,0,16.11,0
20110906,1315238400000,15.91,16.150000000000002,15.81,16.02,6827,10920540.999999998,0.0,0,16.150000000000002,0
20110907,1315324800000,16.5,17.58,16.5,16.89,28729,48504992.00000001,0.0,0,16.02,0
20110908,1315411200000,16.869999999999997,17.88,16.81,17.349999999999998,53348,93073788.0,0.0,0,16.889999999999997,0
20110909,1315497600000,17.17,17.94,17.05,17.69,34602,60581751.99999999,0.0,0,17.35,0
20110913,1315843200000,17.36,17.62,17.03,17.1,22081,38191081.0,0.0,0,17.69,0
20110914,1315929600000,17.200000000000003,17.98,16.830000000000002,17.950000000000003,32939,57406341.99999999,0.0,0,17.1,0
20110915,1316016000000,17.8,19.14,17.8,18.35,65521,121429895.00000001,0.0,0,17.95,0
20110916,1316102400000,18.3,18.490000000000002,17.990000000000002,18.200000000000003,40147,73158455.0,0.0,0,18.35,0
20110919,1316361600000,17.6,17.970000000000002,17.1,17.1,33235,58066298.00000001,0.0,0,18.200000000000003,0
20110920,1316448000000,17.099999999999998,17.7,17.04,17.57,26924,46884551.0,0.0,0,17.099999999999998,0
20110921,1316534400000,17.65,18.18,17.22,18.18,33533,59741420.99999999,0.0,0,17.57,0
20110922,1316620800000,17.91,18.060000000000002,16.96,17.04,42463,74288554.0,0.0,0,18.18,0
20110923,1316707200000,16.400000000000002,16.85,16.28,16.8,25003,41457771.0,0.0,0,17.040000000000003,0
20110926,1316966400000,16.6,17.580000000000002,16.51,17.25,35732,61322915.0,0.0,0,16.8,0
20110927,1317052800000,17.459999999999997,17.79,17.06,17.33,21990,38178712.0,0.0,0,17.25,0
20110928,1317139200000,17.48,17.98,17.22,17.54,29076,51315725.99999999,0.0,0,17.33,0
20110929,1317225600000,17.240000000000002,17.29,15.8,15.89,33253,54015625.00000001,0.0,0,17.54,0
20110930,1317312000000,15.81,16.5,15.59,15.67,12243,19410195.000000004,0.0,0,15.89,0
20111010,1318176000000,16.0,16.18,15.69,15.75,9269,14737028.0,0.0,0,15.67,0
20111011,1318262400000,16.21,16.7,15.76,16.02,16546,26959984.000000004,0.0,0,15.75,0
20111012,1318348800000,16.02,16.86,15.0,16.74,24569,40190746.0,0.0,0,16.02,0
20111013,1318435200000,16.51,17.68,16.5,17.49,37233,64189224.99999999,0.0,0,16.74,0
20111014,1318521600000,17.3,17.83,17.0,17.75,35623,62105365.0,0.0,0,17.49,0
20111017,1318780800000,17.790000000000003,17.880000000000003,17.400000000000002,17.700000000000003,33356,58944589.0,0.0,0,17.750000000000004,0
20111018,1318867200000,17.4,17.56,16.38,16.43,34432,58765152.0,0.0,0,17.7,0
20111019,1318953600000,16.459999999999997,16.68,16.15,16.4,16169,26556471.999999996,0.0,0,16.43,0
20111020,1319040000000,16.39,16.39,15.700000000000001,15.950000000000001,19381,30855855.0,0.0,0,16.400000000000002,0
20111021,1319126400000,15.8,16.04,15.59,15.59,11030,17421474.0,0.0,0,15.95,0
20111024,1319385600000,15.65,16.23,15.25,16.18,16399,25803292.0,0.0,0,15.59,0
20111025,1319472000000,16.05,16.53,15.8,16.35,19766,32181635.0,0.0,0,16.18,0
20111026,1319558400000,16.2,16.53,15.91,16.22,31388,50849554.0,0.0,0,16.35,0
20111027,1319644800000,16.22,16.669999999999998,16.06,16.169999999999998,19679,32315415.0,0.0,0,16.22,0
20111028,1319731200000,16.42,17.06,16.25,17.04,29034,48573816.00000001,0.0,0,16.17,0
20111031,1319990400000,17.040000000000003,17.430000000000003,16.67,17.200000000000003,29917,51091279.0,0.0,0,17.040000000000003,0
20111101,1320076800000,17.14,17.19,16.67,17.12,29140,49364021.0,0.0,0,17.200000000000003,0
20111102,1320163200000,16.759999999999998,17.2,16.36,17.169999999999998,36111,60478137.00000001,0.0,0,17.12,0
20111103,1320249600000,17.240000000000002,17.98,17.01,17.01,56149,97900416.0,0.0,0,17.17,0
20111104,1320336000000,17.009999999999998,18.709999999999997,16.97,18.709999999999997,161832,296416490.99999994,0.0,0,17.009999999999998,0
20111107,1320595200000,18.6,18.89,18.37,18.52,117898,219912659.0,0.0,0,18.71,0
20111108,1320681600000,18.599999999999998,18.82,17.88,18.15,89512,162971754.0,0.0,0,18.52,0
20111109,1320768000000,18.09,18.599999999999998,17.81,18.45,67752,123304692.0,0.0,0,18.15,0
20111110,1320854400000,18.02,18.82,17.91,18.22,73457,134688689.0,0.0,0,18.45,0
20111111,1320940800000,18.25,18.310000000000002,17.6,17.770000000000003,46437,83310231.0,0.0,0,18.220000000000002,0
20111114,1321200000000,17.91,18.6,17.830000000000002,18.240000000000002,43328,79124102.0,0.0,0,17.770000000000003,0
20111115,1321286400000,18.08,18.38,17.72,18.349999999999998,76177,136697862.0,0.0,0,18.24,0
20111116,1321372800000,18.2,18.25,17.38,17.52,50295,89657444.0,0.0,0,18.349999999999998,0
20111117,1321459200000,17.52,17.52,17.52,17.52,0,0.0,0.0,0,17.52,1
20111118,1321545600000,17.7,17.7,16.8,16.810000000000002,35815,61195786.00000001,0.0,0,17.52,0
20111121,1321804800000,16.82,17.15,16.5,16.8,26366,44331566.0,0.0,0,16.81,0
20111122,1321891200000,16.51,16.950000000000003,16.51,16.900000000000002,19010,31876790.0,0.0,0,16.8,0
20111123,1321977600000,16.88,17.12,16.75,16.75,15734,26600354.0,0.0,0,16.9,0
20111124,1322064000000,16.52,17.169999999999998,16.22,17.099999999999998,39022,65325966.00000001,0.0,0,16.75,0
20111125,1322150400000,16.99,17.3,16.5,16.66,30297,51089093.00000001,0.0,0,17.1,0
20111128,1322409600000,16.57,16.73,16.28,16.41,19553,32203985.0,0.0,0,16.66,0
20111129,1322496000000,16.61,17.14,16.28,16.970000000000002,32847,55385446.0,0.0,0,16.41,0
20111130,1322582400000,16.99,16.99,15.58,15.75,36840,59480166.00000001,0.0,0,16.97,0
20111201,1322668800000,16.5,16.5,16.01,16.060000000000002,25022,40701848.0,0.0,0,15.750000000000002,0
20111202,1322755200000,15.9,16.14,15.450000000000001,15.540000000000001,20274,31806066.0,0.0,0,16.060000000000002,0
20111205,1323014400000,15.51,15.53,14.77,14.799999999999999,17035,25591421.0,0.0,0,15.54,0
20111206,1323100800000,14.799999999999999,15.15,14.68,15.0,9929,14823853.0,0.0,0,14.799999999999999,0
20111207,1323187200000,15.049999999999999,15.219999999999999,14.93,15.18,11253,16995086.0,0.0,0,15.0,0
20111208,1323273600000,15.14,15.52,14.68,15.29,19126,29033356.0,0.0,0,15.18,0
20111209,1323360000000,15.06,15.440000000000001,14.9,15.0,18188,27503542.0,0.0,0,15.290000000000001,0
20111212,1323619200000,14.87,15.2,14.76,14.77,11479,17167338.0,0.0,0,15.0,0
20111213,1323705600000,14.709999999999999,14.709999999999999,14.02,14.07,18039,25674126.0,0.0,0,14.77,0
20111214,1323792000000,14.000000000000002,14.22,13.620000000000001,13.71,12330,17251697.0,0.0,0,14.07,0
20111215,1323878400000,13.65,13.7,13.08,13.16,21111,28296805.000000004,0.0,0,13.71,0
20111216,1323964800000,13.16,13.67,13.05,13.66,19252,25650247.0,0.0,0,13.16,0
20111219,1324224000000,13.55,13.870000000000001,13.21,13.8,17049,23001916.000000004,0.0,0,13.66,0
20111220,1324310400000,13.81,13.97,13.530000000000001,13.55,13580,18644166.0,0.0,0,13.8,0
20111221,1324396800000,13.74,13.760000000000002,13.05,13.05,10344,13901710.0,0.0,0,13.55,0
20111222,1324483200000,12.72,12.85,11.9,12.49,25504,31736579.0,0.0,0,13.05,0
20111223,1324569600000,12.49,12.879999999999999,12.35,12.59,12520,15806430.0,0.0,0,12.49,0
20111226,1324828800000,12.59,12.780000000000001,12.3,12.31,9070,11359370.000000002,0.0,0,12.59,0
20111227,1324915200000,12.21,12.350000000000001,11.790000000000001,11.8,15084,18108972.0,0.0,0,12.31,0
20111228,1325001600000,11.6,11.98,11.42,11.9,15230,17891997.000000004,0.0,0,11.8,0
20111229,1325088000000,11.8,12.09,11.8,11.89,11561,13810223.0,0.0,0,11.9,0
20111230,1325174400000,11.950000000000001,12.200000000000001,11.950000000000001,12.13,8644,10482719.0,0.0,0,11.89,0
20120104,1325606400000,12.299999999999999,12.35,11.68,11.7,11677,14050277.0,0.0,0,12.129999999999999,0
20120105,1325692800000,11.53,11.75,11.27,11.28,11921,13727437.0,0.0,0,11.7,0
20120106,1325779200000,11.35,11.7,11.17,11.65,10470,12007033.0,0.0,0,11.28,0
20120109,1326038400000,11.66,12.35,11.4,12.3,18535,22305670.0,0.0,0,11.65,0
20120110,1326124800000,12.24,12.780000000000001,12.15,12.72,22550,28262214.0,0.0,0,12.3,0
20120111,1326211200000,12.72,12.950000000000001,12.47,12.600000000000001,21444,27178285.0,0.0,0,12.72,0
20120112,1326297600000,12.600000000000001,12.96,12.450000000000001,12.81,22481,28663476.0,0.0,0,12.600000000000001,0
20120113,1326384000000,12.68,12.81,11.99,12.01,21836,27024464.0,0.0,0,12.81,0
20120116,1326643200000,11.79,11.94,11.25,11.25,12836,14857209.000000002,0.0,0,12.01,0
20120117,1326729600000,11.28,12.370000000000001,11.24,12.17,19326,22828988.999999996,0.0,0,11.25,0
20120118,1326816000000,12.299999999999999,12.69,11.78,11.83,20159,24827303.0,0.0,0,12.17,0
20120119,1326902400000,11.75,12.24,11.5,12.14,13148,15771436.0,0.0,0,11.83,0
20120120,1326988800000,12.3,12.73,12.24,12.4,18169,22621779.0,0.0,0,12.14,0
20120130,1327852800000,12.4,12.760000000000002,12.3,12.450000000000001,12803,16088706.0,0.0,0,12.4,0
20120131,1327939200000,12.32,12.5,12.1,12.44,9750,12003874.0,0.0,0,12.45,0
20120201,1328025600000,12.450000000000001,12.750000000000002,12.280000000000001,12.500000000000002,12422,15580207.0,0.0,0,12.440000000000001,0
20120202,1328112000000,12.57,12.83,12.5,12.76,17473,22220178.999999996,0.0,0,12.5,0
20120203,1328198400000,12.9,13.040000000000001,12.64,12.88,24436,31407025.000000004,0.0,0,12.76,0
20120206,1328457600000,12.88,13.110000000000001,12.73,12.99,24719,32022715.0,0.0,0,12.88,0
20120207,1328544000000,12.9,12.9,12.48,12.55,15715,19855529.0,0.0,0,12.99,0
20120208,1328630400000,12.5,13.05,12.4,13.05,28058,35853922.0,0.0,0,12.55,0
20120209,1328716800000,12.950000000000001,13.16,12.9,12.92,29668,38664774.0,0.0,0,13.05,0
20120210,1328803200000,12.85,13.07,12.75,12.89,18862,24334998.0,0.0,0,12.92,0
20120213,1329062400000,12.8,13.15,12.66,13.06,22660,29396318.0,0.0,0,12.89,0
20120214,1329148800000,13.07,13.15,12.82,12.9,17726,22936851.0,0.0,0,13.06,0
20120215,1329235200000,12.82,13.430000000000001,12.8,13.24,33473,44034635.00000001,0.0,0,12.9,0
20120216,1329321600000,13.100000000000001,13.4,13.040000000000001,13.22,24010,31692953.0,0.0,0,13.24,0
20120217,1329408000000,13.23,13.600000000000001,13.13,13.200000000000001,25796,34398620.0,0.0,0,13.22,0
20120220,1329667200000,13.6,13.72,13.26,13.45,38474,51860478.0,0.0,0,13.2,0
20120221,1329753600000,13.4,13.55,13.07,13.5,27117,36092392.00000001,0.0,0,13.450000000000001,0
20120222,1329840000000,13.52,14.0,13.42,13.97,43772,60269065.00000001,0.0,0,13.5,0
20120223,1329926400000,14.02,14.15,13.67,13.86,39497,54845872.0,0.0,0,13.97,0
20120224,1330012800000,13.870000000000001,13.92,13.56,13.860000000000001,31567,43410017.0,0.0,0,13.860000000000001,0
20120227,1330272000000,13.96,14.15,13.780000000000001,13.780000000000001,36796,51322967.0,0.0,0,13.860000000000001,0
20120228,1330358400000,13.71,13.75,13.3,13.5,29791,40326320.0,0.0,0,13.780000000000001,0
20120229,1330444800000,13.48,13.69,13.34,13.42,15153,20488855.0,0.0,0,13.5,0
20120301,1330531200000,13.39,13.66,13.33,13.48,15058,20396421.0,0.0,0,13.42,0
20120302,1330617600000,13.48,13.75,13.48,13.74,18367,25097997.000000004,0.0,0,13.48,0
20120305,1330876800000,13.82,14.14,13.74,13.84,25976,36199452.0,0.0,0,13.74,0
20120306,1330963200000,13.84,14.0,13.55,13.9,23305,32145677.0,0.0,0,13.84,0
20120307,1331049600000,13.65,14.2,13.5,13.99,36470,50707809.0,0.0,0,13.9,0
20120308,1331136000000,14.0,14.63,13.98,14.530000000000001,60664,87215133.0,0.0,0,13.99,0
20120309,1331222400000,14.53,15.129999999999999,14.36,15.08,60818,90075171.00000001,0.0,0,14.53,0
20120312,1331481600000,15.190000000000001,15.790000000000001,15.030000000000001,15.07,58067,89256166.99999999,0.0,0,15.080000000000002,0
20120313,1331568000000,15.02,15.65,14.93,15.45,32916,50608659.00000001,0.0,0,15.07,0
20120314,1331654400000,15.600000000000001,16.1,14.8,14.97,65883,101938942.00000001,0.0,0,15.450000000000001,0
20120315,1331740800000,14.959999999999999,16.07,14.86,15.899999999999999,66889,103090137.0,0.0,0,14.969999999999999,0
20120316,1331827200000,15.780000000000001,16.26,15.32,15.950000000000001,53883,85609672.0,0.0,0,15.9,0
20120319,1332086400000,15.830000000000002,16.290000000000003,15.700000000000001,16.290000000000003,47278,75735095.0,0.0,0,15.950000000000001,0
20120320,1332172800000,16.16,16.16,15.63,15.760000000000002,33247,52780770.00000001,0.0,0,16.29,0
20120321,1332259200000,15.76,15.94,15.01,15.39,40072,61900763.0,0.0,0,15.76,0
20120322,1332345600000,15.030000000000001,15.38,15.030000000000001,15.15,21625,32787352.0,0.0,0,15.39,0
20120323,1332432000000,15.05,15.47,14.790000000000001,14.83,21874,33039515.0,0.0,0,15.15,0
20120326,1332691200000,14.910000000000002,15.200000000000001,14.780000000000001,14.950000000000001,18071,27097943.000000004,0.0,0,14.830000000000002,0
20120327,1332777600000,15.05,15.58,15.05,15.16,22020,33755010.0,0.0,0,14.950000000000001,0
20120328,1332864000000,15.06,15.18,14.14,14.15,27513,39979583.0,0.0,0,15.16,0
20120329,1332950400000,14.15,14.15,14.15,14.15,0,0.0,0.0,0,14.15,1
20120330,1333036800000,13.97,14.16,13.65,13.81,23543,32605802.0,0.0,0,14.15,0
20120405,1333555200000,13.860000000000001,14.25,13.8,14.190000000000001,18471,25953537.0,0.0,0,13.81,0
20120406,1333641600000,14.250000000000002,14.600000000000001,14.120000000000001,14.420000000000002,20140,28912769.0,0.0,0,14.190000000000001,0
20120409,1333900800000,14.19,14.51,14.18,14.18,11270,16144558.0,0.0,0,14.42,0
20120410,1333987200000,14.030000000000001,14.59,13.8,14.59,18254,25882516.0,0.0,0,14.180000000000001,0
20120411,1334073600000,14.370000000000001,14.88,14.31,14.66,15705,22937681.000000004,0.0,0,14.59,0
20120412,1334160000000,14.79,14.98,14.67,14.93,16078,23884279.0,0.0,0,14.66,0
20120413,1334246400000,15.08,15.24,14.85,14.95,20799,31292519.0,0.0,0,14.93,0
20120416,1334505600000,14.799999999999999,15.139999999999999,14.77,14.99,12942,19464214.000000004,0.0,0,14.95,0
20120417,1334592000000,15.000000000000002,15.05,14.620000000000001,14.700000000000001,15833,23363594.000000004,0.0,0,14.99,0
20120418,1334678400000,14.82,15.48,14.72,15.3,28185,42720596.0,0.0,0,14.700000000000001,0
20120419,1334764800000,15.19,15.4,15.15,15.200000000000001,14466,22090035.0,0.0,0,15.3,0
20120420,1334851200000,15.22,15.55,15.200000000000001,15.430000000000001,17053,26349131.0,0.0,0,15.200000000000001,0
20120423,1335110400000,15.33,15.41,14.9,15.1,27528,41626758.00000001,0.0,0,15.43,0
20120424,1335196800000,14.99,15.280000000000001,14.49,15.21,30792,45858241.0,0.0,0,15.1,0
20120425,1335283200000,15.1,15.27,14.61,14.92,26083,38895325.0,0.0,0,15.209999999999999,0
20120426,1335369600000,14.850000000000001,15.06,14.71,14.930000000000001,12089,18022718.0,0.0,0,14.920000000000002,0
20120427,1335456000000,14.99,15.9,14.93,15.48,33293,51567525.0,0.0,0,14.93,0
20120502,1335888000000,15.5,16.0,15.35,15.79,26627,41860286.99999999,0.0,0,15.48,0
20120503,1335974400000,15.79,15.889999999999999,15.6,15.879999999999999,19164,30171273.000000004,0.0,0,15.79,0
20120504,1336060800000,15.78,16.12,15.75,15.94,21771,34813967.0,0.0,0,15.88,0
20120507,1336320000000,15.88,16.05,15.56,16.05,24975,39340386.0,0.0,0,15.940000000000001,0
20120508,1336406400000,16.15,16.24,15.75,15.95,15660,24957811.0,0.0,0,16.05,0
20120509,1336492800000,15.780000000000001,16.73,15.71,16.220000000000002,34162,55771136.0,0.0,0,15.950000000000001,0
20120510,1336579200000,16.09,16.45,16.0,16.14,17428,28212531.0,0.0,0,16.22,0
20120511,1336665600000,16.13,16.84,15.9,16.5,32012,52485802.0,0.0,0,16.14,0
20120514,1336924800000,16.51,16.78,16.26,16.55,24175,40046392.0,0.0,0,16.5,0
20120515,1337011200000,16.4,16.4,15.91,16.18,20758,33498444.000000004,0.0,0,16.55,0
20120516,1337097600000,16.0,16.17,15.75,15.86,15652,24865419.0,0.0,0,16.18,0
20120517,1337184000000,15.850000000000001,16.09,15.780000000000001,15.98,11740,18727324.0,0.0,0,15.860000000000001,0
20120518,1337270400000,15.85,16.099999999999998,15.44,16.05,23057,36258071.0,0.0,0,15.98,0
20120521,1337529600000,15.97,16.38,15.73,16.21,13707,22071672.0,0.0,0,16.05,0
20120522,1337616000000,16.34,16.869999999999997,16.22,16.54,26789,44543026.0,0.0,0,16.209999999999997,0
20120523,1337702400000,16.5,16.75,16.06,16.22,23293,38087298.0,0.0,0,16.54,0
20120524,1337788800000,16.11,16.689999999999998,16.06,16.65,20679,34078345.99999999,0.0,0,16.139999999999997,0
20120525,1337875200000,16.619999999999997,16.779999999999998,16.06,16.139999999999997,18827,30929869.000000004,0.0,0,16.65,0
20120528,1338134400000,15.96,16.42,15.46,16.25,23165,36934144.0,0.0,0,16.14,0
20120529,1338220800000,16.250000000000004,16.500000000000004,16.080000000000002,16.3,18720,30555962.000000004,0.0,0,16.250000000000004,0
20120530,1338307200000,16.290000000000003,16.700000000000003,16.19,16.37,15302,25273494.0,0.0,0,16.3,0
20120531,1338393600000,16.419999999999998,17.099999999999998,16.36,16.78,30938,52174937.0,0.0,0,16.37,0
20120601,1338480000000,16.880000000000003,16.92,16.6,16.810000000000002,15369,25729941.999999996,0.0,0,16.78,0
20120604,1338739200000,16.53,17.1,16.16,16.55,26042,43548127.00000001,0.0,0,16.81,0
20120605,1338825600000,16.5,16.639999999999997,16.31,16.4,14589,24049613.000000004,0.0,0,16.549999999999997,0
20120606,1338912000000,16.369999999999997,16.57,16.06,16.16,15233,24799757.000000004,0.0,0,16.4,0
20120607,1338998400000,16.310000000000002,16.380000000000003,15.860000000000001,15.910000000000002,12750,20545880.0,0.0,0,16.16,0
20120608,1339084800000,16.05,16.29,15.8,16.1,11504,18426969.0,0.0,0,15.91,0
20120611,1339344000000,16.12,16.580000000000002,16.05,16.57,14773,24234146.999999996,0.0,0,16.1,0
20120612,1339430400000,16.52,16.59,16.22,16.23,11796,19320249.000000004,0.0,0,16.57,0
20120613,1339516800000,16.28,16.53,16.080000000000002,16.42,13643,22270217.0,0.0,0,16.23,0
20120614,1339603200000,16.439999999999998,16.87,16.36,16.52,17928,29858640.0,0.0,0,16.419999999999998,0
20120615,1339689600000,16.42,16.53,16.01,16.16,18429,29955938.999999996,0.0,0,16.520000000000003,0
20120618,1339948800000,16.310000000000002,16.310000000000002,15.860000000000001,15.96,20584,32920299.0,0.0,0,16.16,0
20120619,1340035200000,15.96,16.220000000000002,15.860000000000001,16.14,12776,20457750.0,0.0,0,15.96,0
20120620,1340121600000,16.19,16.19,15.870000000000001,15.950000000000001,8415,13463245.0,0.0,0,16.14,0
20120621,1340208000000,15.990000000000002,16.0,15.610000000000001,15.65,9219,14496991.0,0.0,0,15.950000000000001,0
20120625,1340553600000,15.61,15.64,14.84,14.84,11245,17169587.0,0.0,0,15.65,0
20120626,1340640000000,14.81,14.84,14.34,14.6,15920,23204098.0,0.0,0,14.84,0
20120627,1340726400000,14.6,14.87,14.6,14.62,8538,12559708.0,0.0,0,14.6,0
20120628,1340812800000,14.83,15.02,14.6,14.6,11118,16444722.0,0.0,0,14.62,0
20120629,1340899200000,14.600000000000001,14.96,14.450000000000001,14.930000000000001,8455,12541994.0,0.0,0,14.600000000000001,0
20120702,1341158400000,14.98,15.23,14.96,15.08,9812,14802998.0,0.0,0,14.930000000000001,0
20120703,1341244800000,15.049999999999999,15.35,15.01,15.08,9062,13765408.000000002,0.0,0,15.08,0
20120704,1341331200000,15.110000000000001,15.370000000000001,15.06,15.35,8943,13634290.000000002,0.0,0,15.08,0
20120705,1341417600000,15.34,15.34,14.67,14.7,14192,21103371.000000004,0.0,0,15.35,0
20120706,1341504000000,14.85,15.35,14.67,15.28,13702,20536310.000000004,0.0,0,14.7,0
20120709,1341763200000,15.18,15.42,14.81,14.83,13935,21105130.0,0.0,0,15.280000000000001,0
20120710,1341849600000,14.81,14.96,14.47,14.530000000000001,10817,15857573.0,0.0,0,14.83,0
20120711,1341936000000,14.52,14.65,14.4,14.6,15095,21927248.000000004,0.0,0,14.530000000000001,0
20120712,1342022400000,14.500000000000002,14.99,14.120000000000001,14.73,21128,30686226.0,0.0,0,14.600000000000001,0
20120713,1342108800000,14.57,14.83,14.26,14.37,10969,15992176.0,0.0,0,14.73,0
20120716,1342368000000,14.47,14.47,13.3,13.3,21238,29138487.0,0.0,0,14.370000000000001,0
20120717,1342454400000,13.299999999999999,13.6,13.11,13.57,18429,24658489.999999996,0.0,0,13.299999999999999,0
20120718,1342540800000,13.5,13.78,13.35,13.76,11446,15520188.000000002,0.0,0,13.57,0
20120719,1342627200000,13.61,14.19,13.61,13.92,13463,18768110.0,0.0,0,13.76,0
20120720,1342713600000,13.84,14.06,13.8,13.92,6886,9574945.0,0.0,0,13.92,0
20120723,1342972800000,13.870000000000001,13.98,13.65,13.85,5185,7179467.000000001,0.0,0,13.92,0
20120724,1343059200000,13.8,14.100000000000001,13.700000000000001,13.930000000000001,5213,7264042.000000001,0.0,0,13.850000000000001,0
20120725,1343145600000,13.86,14.2,13.86,14.04,8099,11404783.0,0.0,0,13.93,0
20120726,1343232000000,14.0,14.180000000000001,13.8,13.83,6834,9566841.0,0.0,0,14.040000000000001,0
20120727,1343318400000,13.950000000000001,14.05,13.780000000000001,13.990000000000002,5033,7009041.0,0.0,0,13.830000000000002,0
20120730,1343577600000,13.99,14.08,13.5,13.63,5435,7531085.000000001,0.0,0,13.99,0
20120731,1343664000000,13.61,13.78,13.36,13.78,10241,13899186.0,0.0,0,13.629999999999999,0
20120801,1343750400000,13.8,14.100000000000001,13.72,13.940000000000001,7049,9816266.0,0.0,0,13.780000000000001,0
20120802,1343836800000,14.030000000000001,14.07,13.81,13.870000000000001,4874,6792810.0,0.0,0,13.940000000000001,0
20120803,1343923200000,13.88,14.48,13.88,14.38,11057,15732771.0,0.0,0,13.870000000000001,0
20120806,1344182400000,14.3,14.67,14.16,14.6,11536,16712442.0,0.0,0,14.38,0
20120807,1344268800000,14.58,14.83,14.48,14.59,8945,13107861.0,0.0,0,14.6,0
20120808,1344355200000,14.55,14.84,14.55,14.57,8721,12778424.000000002,0.0,0,14.59,0
20120809,1344441600000,14.620000000000001,14.680000000000001,14.3,14.680000000000001,10864,15753828.0,0.0,0,14.57,0
20120810,1344528000000,14.63,14.680000000000001,14.3,14.450000000000001,7137,10306075.000000002,0.0,0,14.680000000000001,0
20120813,1344787200000,14.44,14.44,14.1,14.1,6990,9958361.0,0.0,0,14.45,0
20120814,1344873600000,14.15,14.16,13.5,13.95,24730,33899326.0,0.0,0,14.1,0
20120815,1344960000000,13.83,13.91,13.69,13.79,8364,11529482.0,0.0,0,13.95,0
20120816,1345046400000,13.64,13.950000000000001,13.64,13.82,5290,7290261.0,0.0,0,13.790000000000001,0
20120817,1345132800000,13.75,13.82,13.51,13.78,6418,8768705.000000002,0.0,0,13.82,0
20120820,1345392000000,13.6,14.19,13.6,14.12,7624,10630061.999999998,0.0,0,13.78,0
20120821,1345478400000,14.120000000000001,14.64,14.06,14.46,13112,18905435.000000004,0.0,0,14.120000000000001,0
20120822,1345564800000,14.48,14.600000000000001,14.3,14.430000000000001,8497,12265489.0,0.0,0,14.46,0
20120823,1345651200000,14.34,14.709999999999999,14.34,14.66,11505,16740117.0,0.0,0,14.43,0
20120824,1345737600000,14.61,14.7,14.25,14.33,11579,16705953.000000002,0.0,0,14.66,0
20120827,1345996800000,14.25,14.29,14.0,14.02,9239,13024130.0,0.0,0,14.33,0
20120828,1346083200000,14.100000000000001,14.350000000000001,13.97,14.24,8023,11368098.000000002,0.0,0,14.020000000000001,0
20120829,1346169600000,14.180000000000001,14.65,14.120000000000001,14.55,11520,16683058.0,0.0,0,14.24,0
20120830,1346256000000,14.57,14.790000000000001,14.24,14.61,15253,22155537.0,0.0,0,14.55,0
20120831,1346342400000,14.63,14.850000000000001,14.450000000000001,14.780000000000001,7017,10277888.0,0.0,0,14.610000000000001,0
20120903,1346601600000,14.78,14.97,14.67,14.94,9884,14694359.000000002,0.0,0,14.78,0
20120904,1346688000000,14.94,15.07,14.61,14.61,13075,19460588.0,0.0,0,14.94,0
20120905,1346774400000,14.67,14.950000000000001,14.64,14.940000000000001,10704,15886323.000000002,0.0,0,14.610000000000001,0
20120906,1346860800000,14.93,15.059999999999999,14.69,14.93,10437,15467670.0,0.0,0,14.94,0
20120907,1346947200000,14.99,15.45,14.93,15.11,25646,38972975.0,0.0,0,14.93,0
20120910,1347206400000,15.120000000000001,15.47,15.030000000000001,15.410000000000002,24729,37730185.0,0.0,0,15.110000000000001,0
20120911,1347292800000,15.57,15.66,15.23,15.43,18661,28804613.000000004,0.0,0,15.41,0
20120912,1347379200000,15.530000000000001,15.870000000000001,15.280000000000001,15.780000000000001,26607,41418573.0,0.0,0,15.430000000000001,0
20120913,1347465600000,15.75,16.25,15.6,15.98,29245,46687870.0,0.0,0,15.78,0
20120914,1347552000000,16.05,16.15,15.4,15.43,26098,40970583.00000001,0.0,0,15.98,0
20120917,1347811200000,15.420000000000002,15.450000000000001,15.030000000000001,15.090000000000002,16102,24537486.0,0.0,0,15.430000000000001,0
20120918,1347897600000,15.15,15.39,15.0,15.2,10407,15790086.0,0.0,0,15.09,0
20120919,1347984000000,15.34,15.34,15.0,15.19,13937,21088944.0,0.0,0,15.2,0
20120920,1348070400000,15.02,15.39,14.73,14.8,16169,24417879.0,0.0,0,15.190000000000001,0
20120921,1348156800000,14.8,14.94,14.5,14.62,11140,16333994.0,0.0,0,14.8,0
20120924,1348416000000,14.620000000000001,14.9,14.530000000000001,14.8,8496,12544237.000000002,0.0,0,14.620000000000001,0
20120925,1348502400000,14.73,15.03,14.6,14.99,9432,14042238.000000002,0.0,0,14.799999999999999,0
20120926,1348588800000,14.99,15.1,14.17,14.35,12757,18559287.000000004,0.0,0,14.99,0
20120927,1348675200000,14.450000000000001,14.740000000000002,14.200000000000001,14.530000000000001,9207,13327967.0,0.0,0,14.350000000000001,0
20120928,1348761600000,14.43,14.89,14.43,14.81,6401,9407553.000000002,0.0,0,14.53,0
20121008,1349625600000,14.97,15.049999999999999,14.76,15.04,5773,8605216.0,0.0,0,14.81,0
20121009,1349712000000,15.09,15.45,15.09,15.22,12076,18470849.0,0.0,0,15.04,0
20121010,1349798400000,15.23,15.49,15.120000000000001,15.340000000000002,12702,19477443.0,0.0,0,15.22,0
20121011,1349884800000,15.34,15.38,15.05,15.05,8654,13106456.000000002,0.0,0,15.34,0
20121012,1349971200000,15.100000000000001,15.290000000000001,14.71,14.860000000000001,9425,14108275.0,0.0,0,15.05,0
20121015,1350230400000,14.950000000000001,14.950000000000001,14.65,14.75,5359,7901893.000000001,0.0,0,14.860000000000001,0
20121016,1350316800000,14.76,15.17,14.67,15.15,7732,11638384.000000002,0.0,0,14.75,0
20121017,1350403200000,15.16,15.28,14.85,14.95,7689,11528509.0,0.0,0,15.15,0
20121018,1350489600000,15.05,15.22,15.030000000000001,15.13,7577,11481369.0,0.0,0,14.950000000000001,0
20121019,1350576000000,15.12,15.36,15.09,15.23,8239,12548312.0,0.0,0,15.129999999999999,0
20121022,1350835200000,15.28,15.32,15.11,15.27,5993,9144421.0,0.0,0,15.229999999999999,0
20121023,1350921600000,15.25,15.290000000000001,14.83,14.85,9024,13549382.0,0.0,0,15.27,0
20121024,1351008000000,14.85,14.92,14.66,14.73,5581,8235167.0,0.0,0,14.85,0
20121025,1351094400000,14.65,14.930000000000001,14.47,14.5,10184,14913376.0,0.0,0,14.73,0
20121026,1351180800000,14.69,14.74,14.08,14.12,8677,12366404.999999998,0.0,0,14.5,0
20121029,1351440000000,14.12,14.19,13.93,14.19,4573,6446422.0,0.0,0,14.12,0
20121030,1351526400000,14.190000000000001,14.290000000000001,14.06,14.200000000000001,4640,6584163.0,0.0,0,14.190000000000001,0
20121031,1351612800000,14.24,14.430000000000001,14.13,14.370000000000001,5234,7454436.0,0.0,0,14.200000000000001,0
20121101,1351699200000,14.4,15.030000000000001,14.370000000000001,14.98,16836,24949239.000000004,0.0,0,14.370000000000001,0
20121102,1351785600000,15.0,15.38,14.88,15.340000000000002,24628,37475044.0,0.0,0,14.98,0
20121105,1352044800000,15.34,15.38,15.08,15.35,15902,24219688.0,0.0,0,15.34,0
20121106,1352131200000,15.299999999999999,15.75,15.01,15.75,25697,39658579.00000001,0.0,0,15.35,0
20121107,1352217600000,15.65,15.98,15.41,15.7,32050,50296055.0,0.0,0,15.75,0
20121108,1352304000000,15.5,15.69,15.1,15.1,22061,33911275.00000001,0.0,0,15.7,0
20121109,1352390400000,15.1,15.51,15.1,15.51,17178,26301072.0,0.0,0,15.1,0
20121112,1352649600000,15.66,15.85,15.36,15.68,14154,22054132.0,0.0,0,15.51,0
20121113,1352736000000,15.680000000000001,15.680000000000001,15.030000000000001,15.030000000000001,16076,24463151.0,0.0,0,15.680000000000001,0
20121114,1352822400000,15.049999999999999,15.1,14.6,14.7,16552,24397804.000000004,0.0,0,15.03,0
20121115,1352908800000,14.6,14.78,14.43,14.51,8440,12347095.000000002,0.0,0,14.7,0
20121116,1352995200000,14.42,14.66,14.4,14.55,7888,11455795.0,0.0,0,14.51,0
20121119,1353254400000,14.559999999999999,14.6,14.19,14.37,8749,12557723.0,0.0,0,14.549999999999999,0
20121120,1353340800000,14.5,14.76,14.49,14.59,8826,12935342.000000002,0.0,0,14.370000000000001,0
20121121,1353427200000,14.6,14.83,14.4,14.790000000000001,10518,15462161.000000002,0.0,0,14.59,0
20121122,1353513600000,14.79,14.889999999999999,14.6,14.629999999999999,7489,11048163.0,0.0,0,14.79,0
20121123,1353600000000,14.780000000000001,14.8,14.620000000000001,14.64,4844,7117980.999999999,0.0,0,14.63,0
20121126,1353859200000,14.77,14.89,14.5,14.52,6246,9183020.000000002,0.0,0,14.64,0
20121127,1353945600000,14.41,14.5,13.72,13.84,12630,17649439.999999996,0.0,0,14.520000000000001,0
20121128,1354032000000,13.840000000000002,13.840000000000002,13.370000000000001,13.440000000000001,7907,10689360.0,0.0,0,13.840000000000002,0
20121129,1354118400000,13.51,13.610000000000001,13.22,13.3,6211,8361099.999999999,0.0,0,13.440000000000001,0
20121130,1354204800000,13.3,13.65,13.3,13.48,3654,4934251.999999999,0.0,0,13.3,0
20121203,1354464000000,13.48,13.63,12.58,12.66,8283,10817422.0,0.0,0,13.48,0
20121204,1354550400000,12.66,13.0,12.21,12.88,17408,21823327.0,0.0,0,12.66,0
20121205,1354636800000,12.87,13.49,12.77,13.299999999999999,10727,14193310.0,0.0,0,12.879999999999999,0
20121206,1354723200000,13.3,13.430000000000001,13.200000000000001,13.250000000000002,5106,6782404.0,0.0,0,13.3,0
20121207,1354809600000,13.250000000000002,13.57,13.120000000000001,13.48,11654,15621140.0,0.0,0,13.250000000000002,0
20121210,1355068800000,13.57,14.100000000000001,13.55,13.870000000000001,18014,24943771.000000004,0.0,0,13.48,0
20121211,1355155200000,13.910000000000002,14.090000000000002,13.700000000000001,13.9,12403,17326968.0,0.0,0,13.870000000000001,0
20121212,1355241600000,13.9,14.11,13.58,13.65,15985,22001643.0,0.0,0,13.9,0
20121213,1355328000000,13.56,13.770000000000001,13.39,13.39,8329,11250986.000000002,0.0,0,13.65,0
20121214,1355414400000,13.540000000000001,14.05,13.38,13.96,14197,19655136.0,0.0,0,13.39,0
20121217,1355673600000,14.040000000000001,14.600000000000001,14.040000000000001,14.270000000000001,23972,34501443.0,0.0,0,13.96,0
20121218,1355760000000,14.26,14.49,14.08,14.16,11615,16623471.0,0.0,0,14.27,0
20121219,1355846400000,14.129999999999999,14.31,14.1,14.18,7586,10766801.0,0.0,0,14.16,0
20121220,1355932800000,14.16,14.45,14.16,14.33,14586,20911083.000000004,0.0,0,14.18,0
20121221,1356019200000,14.47,15.03,14.42,14.76,35895,53033910.0,0.0,0,14.33,0
20121224,1356278400000,14.780000000000001,14.8,14.4,14.68,15894,23207967.0,0.0,0,14.76,0
20121225,1356364800000,14.6,15.04,14.6,14.9,19437,28871173.0,0.0,0,14.68,0
20121226,1356451200000,14.92,15.290000000000001,14.82,15.19,17839,26943683.000000004,0.0,0,14.9,0
20121227,1356537600000,15.18,15.26,14.91,15.23,22242,33675691.0,0.0,0,15.19,0
20121228,1356624000000,15.2,15.26,14.94,15.18,12090,18263472.0,0.0,0,15.229999999999999,0
20121231,1356883200000,15.3,15.82,15.22,15.81,23652,36734212.0,0.0,0,15.180000000000001,0
20130104,1357228800000,15.91,15.94,15.16,15.35,23931,36870010.0,0.0,0,15.81,0
20130107,1357488000000,15.280000000000001,15.99,15.22,15.8,35798,56344201.0,0.0,0,15.350000000000001,0
20130108,1357574400000,15.8,17.290000000000003,15.610000000000001,16.240000000000002,46843,76793378.0,0.0,0,15.8,0
20130109,1357660800000,16.16,16.8,15.870000000000001,16.1,27691,45148208.0,0.0,0,16.240000000000002,0
20130110,1357747200000,16.1,16.35,15.860000000000001,15.870000000000001,29580,47488980.0,0.0,0,16.1,0
20130111,1357833600000,15.73,16.77,15.73,16.06,51510,83634928.00000001,0.0,0,15.870000000000001,0
20130114,1358092800000,16.1,17.0,16.1,16.73,61840,103213930.0,0.0,0,16.060000000000002,0
20130115,1358179200000,17.17,17.57,16.6,16.67,98011,166793526.0,0.0,0,16.73,0
20130116,1358265600000,16.619999999999997,17.47,16.38,17.46,65804,111162567.99999999,0.0,0,16.669999999999998,0
20130117,1358352000000,17.78,18.18,16.7,16.779999999999998,82765,143443634.0,0.0,0,17.46,0
20130118,1358438400000,16.7,17.1,16.5,17.06,41684,70031030.0,0.0,0,16.78,0
20130121,1358697600000,16.91,17.060000000000002,16.3,16.76,43993,73294822.0,0.0,0,17.060000000000002,0
20130122,1358784000000,16.66,16.66,15.92,16.04,39585,64324718.00000001,0.0,0,16.76,0
20130123,1358870400000,16.09,16.24,15.66,15.94,33726,53784015.0,0.0,0,16.04,0
20130124,1358956800000,15.95,17.53,15.92,16.94,149856,257908405.99999997,0.0,0,15.94,0
20130125,1359043200000,16.7,16.78,15.8,15.850000000000001,81622,132885706.00000001,0.0,0,16.94,0
20130128,1359302400000,15.98,16.25,15.65,16.12,71185,113851338.0,0.0,0,15.85,0
20130129,1359388800000,16.12,16.75,15.96,16.41,55515,90878606.99999999,0.0,0,16.12,0
20130130,1359475200000,16.44,16.75,16.21,16.650000000000002,45769,75790915.0,0.0,0,16.41,0
20130131,1359561600000,16.580000000000002,16.6,15.82,15.97,52973,85241110.0,0.0,0,16.65,0
20130201,1359648000000,16.0,16.220000000000002,15.8,16.14,30099,48337609.00000001,0.0,0,15.97,0
20130204,1359907200000,16.08,16.29,15.35,15.59,50788,79832329.0,0.0,0,16.14,0
20130205,1359993600000,15.56,15.9,15.4,15.81,20093,31480774.0,0.0,0,15.59,0
20130206,1360080000000,15.870000000000001,16.07,15.8,15.9,16767,26749859.000000004,0.0,0,15.81,0
20130207,1360166400000,15.89,16.31,15.67,16.19,23120,37163689.0,0.0,0,15.9,0
20130208,1360252800000,16.19,16.650000000000002,16.1,16.51,27965,46078767.0,0.0,0,16.19,0
20130218,1361116800000,16.6,16.73,16.35,16.53,30367,50211058.0,0.0,0,16.51,0
20130219,1361203200000,16.529999999999998,17.09,16.2,16.73,59834,100396024.00000001,0.0,0,16.529999999999998,0
20130220,1361289600000,16.6,17.19,16.53,17.12,55128,93932246.0,0.0,0,16.73,0
20130221,1361376000000,16.99,17.28,16.68,17.0,36597,61982213.00000001,0.0,0,17.12,0
20130222,1361462400000,16.94,17.75,16.82,17.23,50977,88481030.0,0.0,0,17.0,0
20130225,1361721600000,17.240000000000002,17.650000000000002,17.12,17.52,33334,58215244.00000001,0.0,0,17.23,0
20130226,1361808000000,17.5,17.990000000000002,17.28,17.66,57126,101059535.0,0.0,0,17.52,0
20130227,1361894400000,17.68,18.400000000000002,17.6,18.0,75526,136651711.0,0.0,0,17.66,0
20130228,1361980800000,18.5,18.78,17.76,18.32,67960,123522868.0,0.0,0,18.0,0
20130301,1362067200000,18.220000000000002,18.92,18.19,18.360000000000003,65100,120374172.0,0.0,0,18.32,0
20130304,1362326400000,18.1,18.48,17.62,17.78,50953,91642734.00000001,0.0,0,18.36,0
20130305,1362412800000,17.79,17.9,17.36,17.83,37940,66865619.00000001,0.0,0,17.78,0
20130306,1362499200000,18.0,18.16,17.6,17.84,29639,52714809.99999999,0.0,0,17.830000000000002,0
20130307,1362585600000,17.799999999999997,17.83,17.22,17.279999999999998,28987,50883105.0,0.0,0,17.84,0
20130308,1362672000000,17.31,17.669999999999998,17.18,17.39,18356,31988765.0,0.0,0,17.28,0
20130311,1362931200000,17.490000000000002,17.900000000000002,17.26,17.8,19096,33763378.0,0.0,0,17.39,0
20130312,1363017600000,17.68,17.8,16.46,16.66,38067,64479842.0,0.0,0,17.8,0
20130313,1363104000000,16.650000000000002,16.82,16.3,16.52,17890,29495176.0,0.0,0,16.66,0
20130314,1363190400000,16.450000000000003,16.740000000000002,16.330000000000002,16.520000000000003,12404,20509752.0,0.0,0,16.520000000000003,0
20130315,1363276800000,16.52,16.88,16.2,16.5,23394,38784102.0,0.0,0,16.52,0
20130318,1363536000000,16.4,16.74,16.29,16.46,12929,21399619.999999996,0.0,0,16.5,0
20130319,1363622400000,16.380000000000003,16.720000000000002,16.35,16.71,16276,26922177.999999996,0.0,0,16.46,0
20130320,1363708800000,16.62,17.18,16.62,17.1,24223,41045701.0,0.0,0,16.71,0
20130321,1363795200000,17.07,17.48,16.92,17.090000000000003,26043,44727397.0,0.0,0,17.1,0
20130322,1363881600000,17.11,18.08,17.0,17.81,46324,81560648.0,0.0,0,17.09,0
20130325,1364140800000,17.9,18.2,17.75,17.78,39164,70382906.0,0.0,0,17.81,0
20130326,1364227200000,17.7,17.96,17.3,17.8,33938,59765560.0,0.0,0,17.78,0
20130327,1364313600000,17.69,17.69,17.21,17.46,29100,50696842.0,0.0,0,17.8,0
20130328,1364400000000,17.35,17.35,16.8,16.84,25096,42596441.0,0.0,0,17.46,0
20130329,1364486400000,16.8,17.1,16.55,16.55,17286,29066659.000000004,0.0,0,16.84,0
20130401,1364745600000,16.400000000000002,16.75,16.3,16.6,21762,36178575.0,0.0,0,16.55,0
20130402,1364832000000,16.61,16.83,16.09,16.13,28595,47029369.0,0.0,0,16.6,0
20130403,1364918400000,16.18,16.46,15.9,16.4,18496,30065042.000000004,0.0,0,16.13,0
20130408,1365350400000,16.19,16.72,16.0,16.64,12157,20034338.000000004,0.0,0,16.4,0
20130409,1365436800000,16.62,16.860000000000003,16.6,16.68,11411,19098868.999999996,0.0,0,16.64,0
20130410,1365523200000,16.64,16.740000000000002,15.98,16.3,18449,30050038.0,0.0,0,16.68,0
20130411,1365609600000,16.310000000000002,16.720000000000002,16.12,16.16,11366,18685306.0,0.0,0,16.3,0
20130412,1365696000000,16.35,16.48,16.1,16.18,8130,13220651.999999998,0.0,0,16.16,0
20130415,1365955200000,16.150000000000002,16.380000000000003,15.71,15.8,13400,21363861.0,0.0,0,16.18,0
20130416,1366041600000,15.6,16.06,15.51,16.06,8795,13911743.0,0.0,0,15.799999999999999,0
20130417,1366128000000,16.06,16.23,15.98,16.22,7639,12302631.0,0.0,0,16.06,0
20130418,1366214400000,16.0,16.29,16.0,16.12,6627,10677472.0,0.0,0,16.22,0
20130419,1366300800000,16.1,16.61,15.93,16.45,18264,29866394.0,0.0,0,16.12,0
20130422,1366560000000,16.41,16.580000000000002,16.3,16.490000000000002,11735,19297995.0,0.0,0,16.45,0
20130423,1366646400000,16.490000000000002,16.52,15.41,15.46,34401,54201995.99999999,0.0,0,16.490000000000002,0
20130424,1366732800000,15.500000000000002,15.770000000000001,15.200000000000001,15.770000000000001,37617,58241248.0,0.0,0,15.46,0
20130425,1366819200000,15.74,15.74,15.22,15.25,21547,33189835.0,0.0,0,15.770000000000001,0
20130426,1366905600000,15.22,15.38,15.08,15.27,16027,24361769.0,0.0,0,15.25,0
20130502,1367424000000,15.1,15.379999999999999,15.1,15.299999999999999,7910,12071253.000000002,0.0,0,15.27,0
20130503,1367510400000,15.290000000000001,15.72,15.290000000000001,15.600000000000001,17058,26600330.000000004,0.0,0,15.3,0
20130506,1367769600000,15.63,16.21,15.610000000000001,16.040000000000003,29067,46305776.00000001,0.0,0,15.600000000000001,0
20130507,1367856000000,16.05,16.19,15.92,16.09,14101,22609211.0,0.0,0,16.04,0
20130508,1367942400000,16.1,16.41,15.96,16.400000000000002,19309,31211302.0,0.0,0,16.09,0
20130509,1368028800000,16.34,16.560000000000002,16.1,16.3,19765,32211416.0,0.0,0,16.400000000000002,0
20130510,1368115200000,16.44,16.580000000000002,16.1,16.290000000000003,16671,27178512.0,0.0,0,16.3,0
20130513,1368374400000,16.5,16.68,16.12,16.59,25015,41217069.0,0.0,0,16.290000000000003,0
20130514,1368460800000,16.59,16.59,16.1,16.18,19334,31316976.0,0.0,0,16.59,0
20130515,1368547200000,16.18,16.48,16.11,16.37,12989,21190853.0,0.0,0,16.18,0
20130516,1368633600000,16.290000000000003,16.59,16.26,16.430000000000003,22626,37228811.0,0.0,0,16.37,0
20130517,1368720000000,16.43,16.790000000000003,16.28,16.76,26099,43147576.0,0.0,0,16.43,0
20130520,1368979200000,16.95,17.75,16.95,17.58,53544,93453767.0,0.0,0,16.759999999999998,0
20130521,1369065600000,17.58,17.94,17.43,17.78,38824,68698105.0,0.0,0,17.58,0
20130522,1369152000000,17.85,17.89,17.3,17.5,32176,56315304.0,0.0,0,17.78,0
20130523,1369238400000,17.47,18.3,17.32,17.85,69643,125115271.00000001,0.0,0,17.5,0
20130524,1369324800000,17.91,18.19,17.66,18.06,36897,66410878.00000001,0.0,0,17.85,0
20130527,1369584000000,17.99,18.349999999999998,17.56,17.75,34519,61723516.0,0.0,0,18.06,0
20130528,1369670400000,17.75,17.9,17.02,17.08,43656,75463264.0,0.0,0,17.75,0
20130529,1369756800000,17.11,17.55,16.96,17.400000000000002,28069,48499723.0,0.0,0,17.080000000000002,0
20130530,1369843200000,17.3,17.419999999999998,16.93,17.0,48916,83551757.0,0.0,0,17.4,0
20130531,1369929600000,17.110000000000003,18.1,17.01,17.82,78831,140015083.0,0.0,0,17.0,0
20130603,1370188800000,17.78,18.66,17.6,18.0,73672,134054134.0,0.0,0,17.82,0
20130604,1370275200000,17.970000000000002,18.76,17.650000000000002,18.490000000000002,89172,162937734.0,0.0,0,18.000000000000004,0
20130605,1370361600000,18.490000000000002,18.59,18.03,18.43,44190,80759783.0,0.0,0,18.490000000000002,0
20130606,1370448000000,18.400000000000002,20.0,18.26,19.1,104126,201023124.0,0.0,0,18.430000000000003,0
20130607,1370534400000,19.0,19.340000000000003,17.580000000000002,18.490000000000002,73705,136448759.0,0.0,0,19.1,0
20130613,1371052800000,17.990000000000002,17.990000000000002,16.64,16.75,74586,126542523.00000001,0.0,0,18.490000000000002,0
20130614,1371139200000,17.5,18.28,17.3,17.68,60953,108089689.0,0.0,0,16.75,0
20130617,1371398400000,17.3,19.27,17.3,19.27,83990,156759401.0,0.0,0,17.52,0
20130618,1371484800000,19.5,19.5,18.41,19.09,82687,156102853.0,0.0,0,19.27,0
20130619,1371571200000,18.88,19.3,18.43,19.11,56065,106035704.0,0.0,0,19.09,0
20130620,1371657600000,19.02,19.48,17.88,17.89,69758,129576156.00000001,0.0,0,19.11,0
20130621,1371744000000,17.169999999999998,17.889999999999997,16.65,17.45,53344,92025598.00000001,0.0,0,17.889999999999997,0
20130624,1372003200000,17.17,17.2,15.98,16.25,55202,91579495.0,0.0,0,17.45,0
20130625,1372089600000,15.98,16.72,14.92,16.5,58167,92605678.0,0.0,0,16.25,0
20130626,1372176000000,16.75,16.9,16.25,16.84,60332,100017937.0,0.0,0,16.5,0
20130627,1372262400000,16.73,16.91,15.5,15.65,69413,112961984.0,0.0,0,16.84,0
20130628,1372348800000,15.5,15.9,15.21,15.57,43317,67367443.00000001,0.0,0,15.65,0
20130701,1372608000000,15.5,16.08,15.25,16.01,30915,48682411.00000001,0.0,0,15.57,0
20130702,1372694400000,16.02,16.4,16.0,16.29,37467,60808575.00000001,0.0,0,16.01,0
20130703,1372780800000,16.23,16.58,16.0,16.36,33245,53926719.0,0.0,0,16.29,0
20130704,1372867200000,16.18,16.770000000000003,16.1,16.200000000000003,45828,75513226.0,0.0,0,16.360000000000003,0
20130705,1372953600000,16.240000000000002,16.32,15.38,15.55,40276,63880894.0,0.0,0,16.2,0
20130708,1373212800000,15.32,15.35,14.49,14.77,36774,55001246.0,0.0,0,15.55,0
20130709,1373299200000,14.73,14.97,14.58,14.82,16672,24718992.0,0.0,0,14.77,0
20130710,1373385600000,14.770000000000001,15.34,14.72,15.200000000000001,19485,29350830.0,0.0,0,14.82,0
20130711,1373472000000,15.290000000000001,15.72,15.200000000000001,15.580000000000002,26073,40481444.00000001,0.0,0,15.200000000000001,0
20130712,1373558400000,15.610000000000001,15.940000000000001,15.47,15.540000000000001,22673,35575289.0,0.0,0,15.58,0
20130715,1373817600000,15.55,15.940000000000001,15.55,15.870000000000001,20603,32550459.0,0.0,0,15.540000000000001,0
20130716,1373904000000,15.75,16.37,15.75,16.31,31450,50644055.0,0.0,0,15.87,0
20130717,1373990400000,16.349999999999998,16.349999999999998,15.77,15.79,25277,40559085.00000001,0.0,0,16.31,0
20130718,1374076800000,15.75,15.99,15.52,15.879999999999999,23524,37054516.0,0.0,0,15.79,0
20130719,1374163200000,15.84,16.11,15.0,15.07,32621,51363951.0,0.0,0,15.88,0
20130722,1374422400000,14.9,15.450000000000001,14.8,15.430000000000001,22430,34095522.0,0.0,0,15.07,0
20130723,1374508800000,15.46,16.34,15.3,16.130000000000003,46864,75102551.0,0.0,0,15.430000000000001,0
20130724,1374595200000,16.08,16.25,15.77,16.11,32508,51998776.99999999,0.0,0,16.13,0
20130725,1374681600000,16.189999999999998,16.73,16.06,16.439999999999998,75047,123239497.00000001,0.0,0,16.11,0
20130726,1374768000000,16.380000000000003,16.560000000000002,15.88,16.400000000000002,28374,45863212.00000001,0.0,0,16.44,0
20130729,1375027200000,16.23,16.43,15.85,16.21,19746,31905674.0,0.0,0,16.4,0
20130730,1375113600000,16.169999999999998,16.27,15.6,16.08,19814,31688127.0,0.0,0,16.21,0
20130731,1375200000000,16.06,16.4,16.06,16.34,20354,33072402.999999996,0.0,0,16.08,0
20130801,1375286400000,16.2,17.09,16.2,16.98,39875,66837326.0,0.0,0,16.34,0
20130802,1375372800000,16.95,17.27,16.82,16.9,32666,55545053.0,0.0,0,16.98,0
20130805,1375632000000,16.990000000000002,17.42,16.71,17.220000000000002,29597,50761378.00000001,0.0,0,16.900000000000002,0
20130806,1375718400000,17.3,17.49,17.11,17.2,25516,44021533.0,0.0,0,17.22,0
20130807,1375804800000,17.09,17.12,16.48,16.490000000000002,34184,57302676.0,0.0,0,17.2,0
20130808,1375891200000,16.48,16.79,16.39,16.55,18158,30084761.0,0.0,0,16.490000000000002,0
20130809,1375977600000,16.55,16.96,16.25,16.96,24887,41473273.0,0.0,0,16.55,0
20130812,1376236800000,16.970000000000002,17.12,16.71,17.03,21759,36838730.0,0.0,0,16.96,0
20130813,1376323200000,17.040000000000003,17.42,16.78,16.900000000000002,29511,50484331.0,0.0,0,17.03,0
20130814,1376409600000,17.0,17.0,16.55,16.64,22206,37116277.0,0.0,0,16.900000000000002,0
20130815,1376496000000,16.6,16.78,16.18,16.28,23453,38794644.0,0.0,0,16.64,0
20130816,1376582400000,16.15,16.56,15.9,16.0,23480,37998201.0,0.0,0,16.28,0
20130819,1376841600000,15.9,16.42,15.9,16.4,13418,21765613.0,0.0,0,16.0,0
20130820,1376928000000,16.400000000000002,16.51,16.05,16.23,11754,19164141.0,0.0,0,16.400000000000002,0
20130821,1377014400000,16.290000000000003,16.470000000000002,16.17,16.37,14577,23782745.000000004,0.0,0,16.23,0
20130822,1377100800000,16.3,16.46,16.19,16.37,17419,28461164.0,0.0,0,16.37,0
20130823,1377187200000,16.45,16.59,16.22,16.509999999999998,24442,40110278.0,0.0,0,16.369999999999997,0
20130826,1377446400000,16.500000000000004,16.990000000000002,16.490000000000002,16.900000000000002,24977,42014722.0,0.0,0,16.51,0
20130827,1377532800000,16.88,16.93,16.65,16.88,15707,26377160.0,0.0,0,16.9,0
20130828,1377619200000,16.8,17.5,16.7,17.169999999999998,50895,88085299.0,0.0,0,16.88,0
20130829,1377705600000,17.1,17.26,16.5,16.69,30918,51908120.0,0.0,0,17.17,0
20130830,1377792000000,16.79,16.82,16.05,16.19,27737,45692399.0,0.0,0,16.69,0
20130902,1378051200000,16.15,16.49,16.15,16.4,13061,21338674.000000004,0.0,0,16.189999999999998,0
20130903,1378137600000,16.36,16.89,16.36,16.87,18725,31325758.0,0.0,0,16.4,0
20130904,1378224000000,16.87,17.39,16.76,17.12,39305,67674920.0,0.0,0,16.87,0
20130905,1378310400000,17.200000000000003,17.41,16.85,17.16,23126,39538935.0,0.0,0,17.12,0
20130906,1378396800000,17.18,17.53,17.11,17.49,33159,57387387.00000001,0.0,0,17.16,0
20130909,1378656000000,17.490000000000002,17.85,17.240000000000002,17.400000000000002,33177,58030268.0,0.0,0,17.490000000000002,0
20130910,1378742400000,17.340000000000003,17.380000000000003,16.830000000000002,16.950000000000003,34269,58285455.0,0.0,0,17.400000000000002,0
20130911,1378828800000,17.05,17.700000000000003,16.85,17.17,48273,83481287.0,0.0,0,16.950000000000003,0
20130912,1378915200000,17.13,17.29,16.84,16.95,22621,38458847.00000001,0.0,0,17.169999999999998,0
20130913,1379001600000,17.06,17.06,16.7,16.98,15323,25821104.999999996,0.0,0,16.95,0
20130916,1379260800000,16.98,17.200000000000003,16.85,17.0,14437,24590063.000000004,0.0,0,16.98,0
20130917,1379347200000,16.9,16.98,16.57,16.57,15760,26377324.0,0.0,0,17.0,0
20130918,1379433600000,16.57,16.84,16.44,16.740000000000002,11559,19249011.0,0.0,0,16.57,0
20130923,1379865600000,16.799999999999997,17.049999999999997,16.56,16.959999999999997,19324,32409192.0,0.0,0,16.74,0
20130924,1379952000000,16.9,16.97,16.63,16.669999999999998,16193,27121166.0,0.0,0,16.959999999999997,0
20130925,1380038400000,16.68,16.87,16.57,16.66,14975,25056303.0,0.0,0,16.67,0
20130926,1380124800000,16.66,16.7,16.0,16.01,32047,52179847.0,0.0,0,16.66,0
20130927,1380211200000,16.080000000000002,16.3,15.9,15.91,21080,33774951.0,0.0,0,16.01,0
20130930,1380470400000,15.91,16.14,15.8,15.97,21927,34929523.00000001,0.0,0,15.91,0
20131008,1381161600000,15.98,16.42,15.860000000000001,16.32,22434,36198232.0,0.0,0,15.97,0
20131009,1381248000000,16.29,17.25,16.27,17.14,51479,86936106.0,0.0,0,16.32,0
20131010,1381334400000,17.150000000000002,17.240000000000002,16.85,17.0,25744,43853945.0,0.0,0,17.14,0
20131011,1381420800000,17.060000000000002,17.43,16.78,17.130000000000003,26449,45285830.0,0.0,0,17.0,0
20131014,1381680000000,17.07,17.32,17.06,17.2,26244,45120541.0,0.0,0,17.13,0
20131015,1381766400000,17.16,17.58,17.11,17.38,31274,54404712.0,0.0,0,17.2,0
20131016,1381852800000,17.380000000000003,17.380000000000003,16.6,16.790000000000003,27622,46596376.0,0.0,0,17.380000000000003,0
20131017,1381939200000,16.85,17.19,16.78,17.0,28410,48335465.00000001,0.0,0,16.790000000000003,0
20131018,1382025600000,17.07,17.57,16.96,17.42,28829,50013361.0,0.0,0,17.0,0
20131021,1382284800000,17.48,17.78,17.44,17.52,35566,62678484.0,0.0,0,17.42,0
20131022,1382371200000,17.66,18.38,17.52,17.84,48926,88017402.0,0.0,0,17.52,0
20131023,1382457600000,17.79,18.4,17.36,17.55,41123,73191395.0,0.0,0,17.84,0
20131024,1382544000000,17.55,17.71,17.150000000000002,17.340000000000003,24387,42383070.0,0.0,0,17.55,0
20131025,1382630400000,17.49,18.0,17.16,17.990000000000002,40682,71831675.0,0.0,0,17.34,0
20131028,1382889600000,18.02,18.48,17.84,17.96,34649,62830568.00000001,0.0,0,17.99,0
20131029,1382976000000,17.900000000000002,18.6,17.240000000000002,18.500000000000004,72746,132071923.0,0.0,0,17.96,0
20131030,1383062400000,18.46,18.95,18.2,18.64,58802,109590034.0,0.0,0,18.5,0
20131031,1383148800000,18.69,18.8,17.75,17.84,43755,79540432.0,0.0,0,18.64,0
20131101,1383235200000,17.87,19.5,17.66,19.0,76682,142113934.0,0.0,0,17.84,0
20131104,1383494400000,18.99,18.99,18.43,18.75,53450,99682765.0,0.0,0,19.0,0
20131105,1383580800000,18.68,18.68,17.91,18.53,50365,92195801.0,0.0,0,18.75,0
20131106,1383667200000,18.31,19.05,18.18,18.24,57553,107557127.0,0.0,0,18.53,0
20131107,1383753600000,18.19,18.48,17.94,18.200000000000003,32375,58772885.0,0.0,0,18.240000000000002,0
20131108,1383840000000,18.169999999999998,18.169999999999998,16.95,17.009999999999998,52584,91422496.0,0.0,0,18.2,0
20131111,1384099200000,16.95,17.35,16.71,17.21,22399,38231821.0,0.0,0,17.01,0
20131112,1384185600000,17.17,17.55,17.0,17.35,21434,37103660.0,0.0,0,17.21,0
20131113,1384272000000,17.25,17.75,17.11,17.15,35120,61466971.0,0.0,0,17.349999999999998,0
20131114,1384358400000,16.92,18.080000000000002,16.92,17.830000000000002,38180,67151162.0,0.0,0,17.150000000000002,0
20131115,1384444800000,17.85,18.880000000000003,17.830000000000002,18.21,57116,105104946.99999999,0.0,0,17.830000000000002,0
20131118,1384704000000,18.400000000000002,18.990000000000002,18.1,18.73,63027,117558161.99999999,0.0,0,18.21,0
20131119,1384790400000,18.720000000000002,19.3,18.44,18.76,64501,121349175.0,0.0,0,18.73,0
20131120,1384876800000,19.05,20.07,18.580000000000002,19.430000000000003,136097,263791893.0,0.0,0,18.76,0
20131121,1384963200000,19.0,19.33,18.61,18.8,79995,151737237.0,0.0,0,19.43,0
20131122,1385049600000,18.77,20.28,18.69,19.62,90480,177509168.0,0.0,0,18.8,0
20131125,1385308800000,19.76,21.27,19.53,20.5,125100,256668262.0,0.0,0,19.62,0
20131126,1385395200000,20.44,20.87,20.0,20.35,88490,179121474.0,0.0,0,20.5,0
20131127,1385481600000,20.299999999999997,21.209999999999997,20.22,20.619999999999997,108559,224842093.0,0.0,0,20.349999999999998,0
20131128,1385568000000,20.58,20.849999999999998,20.2,20.25,61608,125911780.00000001,0.0,0,20.62,0
20131129,1385654400000,20.290000000000003,21.48,20.03,21.01,105880,221526677.0,0.0,0,20.25,0
20131202,1385913600000,20.23,20.28,18.91,18.91,142645,275964478.00000006,0.0,0,21.01,0
20131203,1386000000000,18.34,19.06,17.86,18.95,69304,128571912.99999999,0.0,0,18.91,0
20131204,1386086400000,18.81,19.299999999999997,18.56,18.599999999999998,53109,100701960.0,0.0,0,18.95,0
20131205,1386172800000,18.700000000000003,18.950000000000003,18.150000000000002,18.270000000000003,47448,88052535.00000001,0.0,0,18.6,0
20131206,1386259200000,18.1,18.470000000000002,18.080000000000002,18.330000000000002,29736,54345047.0,0.0,0,18.270000000000003,0
20131209,1386518400000,18.48,18.87,18.37,18.790000000000003,25171,46987142.00000001,0.0,0,18.330000000000002,0
20131210,1386604800000,18.85,18.900000000000002,18.12,18.12,35933,66271293.0,0.0,0,18.790000000000003,0
20131211,1386691200000,18.12,18.41,18.05,18.2,28900,52690536.0,0.0,0,18.12,0
20131212,1386777600000,18.22,18.57,18.16,18.37,27708,50961132.0,0.0,0,18.2,0
20131213,1386864000000,18.369999999999997,18.619999999999997,18.22,18.52,25255,46644658.0,0.0,0,18.369999999999997,0
20131216,1387123200000,18.6,18.73,17.990000000000002,18.07,29145,53358646.0,0.0,0,18.520000000000003,0
20131217,1387209600000,18.02,18.22,17.5,18.07,33018,58819899.0,0.0,0,18.07,0
20131218,1387296000000,18.01,18.060000000000002,17.69,17.75,17247,30786417.0,0.0,0,18.07,0
20131219,1387382400000,17.85,18.55,17.78,18.220000000000002,39899,73000911.0,0.0,0,17.75,0
20131220,1387468800000,18.33,18.58,18.04,18.33,24723,45355995.00000001,0.0,0,18.22,0
20131223,1387728000000,18.39,18.43,17.6,18.21,22171,40055914.0,0.0,0,18.330000000000002,0
20131224,1387814400000,18.2,18.68,18.18,18.22,30222,55758604.0,0.0,0,18.21,0
20131225,1387900800000,18.23,18.88,18.06,18.849999999999998,47441,88039674.00000001,0.0,0,18.22,0
20131226,1387987200000,18.8,18.85,18.400000000000002,18.42,28469,53015188.0,0.0,0,18.85,0
20131227,1388073600000,18.52,19.05,18.37,18.95,44044,83064836.0,0.0,0,18.42,0
20131230,1388332800000,18.95,19.349999999999998,18.88,19.029999999999998,37744,72081204.0,0.0,0,18.95,0
20131231,1388419200000,19.05,19.39,18.7,18.86,27479,52166002.0,0.0,0,19.029999999999998,0
20140102,1388592000000,18.85,19.55,18.78,19.48,42766,82480446.0,0.0,0,18.86,0
20140103,1388678400000,19.549999999999997,19.75,19.22,19.52,32673,63497524.00000001,0.0,0,19.48,0
20140106,1388937600000,19.5,19.5,18.43,18.53,42596,80166322.0,0.0,0,19.52,0
20140107,1389024000000,18.41,18.8,18.36,18.68,22320,41487058.00000001,0.0,0,18.53,0
20140108,1389110400000,18.78,19.36,18.75,19.17,42340,80992722.0,0.0,0,18.68,0
20140109,1389196800000,19.2,19.2,18.05,18.1,42241,79023037.00000001,0.0,0,19.17,0
20140110,1389283200000,18.01,18.2,17.75,18.0,34847,62613804.00000001,0.0,0,18.1,0
20140113,1389542400000,17.95,18.21,17.59,17.6,27766,49662591.00000001,0.0,0,18.0,0
20140114,1389628800000,17.7,18.13,17.55,18.0,44740,79779208.00000001,0.0,0,17.6,0
20140115,1389715200000,17.86,18.69,17.84,18.6,46166,84772864.00000001,0.0,0,18.0,0
20140116,1389801600000,18.52,18.68,18.21,18.400000000000002,32630,60080243.00000001,0.0,0,18.6,0
20140117,1389888000000,18.35,18.63,18.25,18.34,22604,41688714.0,0.0,0,18.4,0
20140120,1390147200000,18.330000000000002,19.080000000000002,18.21,18.68,41153,77017429.0,0.0,0,18.34,0
20140121,1390233600000,18.52,19.18,18.52,18.99,39187,74228188.0,0.0,0,18.68,0
20140122,1390320000000,19.03,19.27,18.78,19.11,42376,80744674.99999999,0.0,0,18.990000000000002,0
20140123,1390406400000,19.11,19.4,18.95,19.279999999999998,40764,78325509.0,0.0,0,19.11,0
20140124,1390492800000,19.16,19.49,19.09,19.14,44586,86057976.0,0.0,0,19.28,0
20140127,1390752000000,19.05,19.64,18.79,19.619999999999997,59379,114194704.0,0.0,0,19.14,0
20140128,1390838400000,19.59,19.630000000000003,18.8,19.05,55283,105679829.00000001,0.0,0,19.62,0
20140129,1390924800000,19.04,20.63,19.04,20.11,87843,175874459.00000003,0.0,0,19.05,0
20140130,1391011200000,19.9,22.119999999999997,19.88,22.119999999999997,134234,285730679.0,0.0,0,20.11,0
20140207,1391702400000,23.400000000000002,24.330000000000002,22.900000000000002,24.32,197782,470027262.0,0.0,0,22.12,0
20140210,1391961600000,24.52,25.75,24.07,24.95,220689,549791007.0,0.0,0,24.32,0
20140211,1392048000000,24.900000000000002,25.490000000000002,24.310000000000002,25.320000000000004,143431,357306420.0,0.0,0,24.950000000000003,0
20140212,1392134400000,25.000000000000004,25.700000000000003,24.650000000000002,24.950000000000003,95115,238861840.0,0.0,0,25.320000000000004,0
20140213,1392220800000,24.71,25.5,23.88,24.099999999999998,99097,244501908.0,0.0,0,24.95,0
20140214,1392307200000,23.99,24.73,23.81,24.48,73656,178951377.0,0.0,0,24.099999999999998,0
20140217,1392566400000,24.650000000000002,26.87,24.64,25.330000000000002,121025,310162055.0,0.0,0,24.48,0
20140218,1392652800000,25.5,25.5,24.330000000000002,24.970000000000002,80920,201738833.0,0.0,0,25.330000000000002,0
20140219,1392739200000,25.080000000000002,26.490000000000002,24.650000000000002,26.060000000000002,108501,277468590.0,0.0,0,24.970000000000002,0
20140220,1392825600000,25.900000000000002,26.3,24.810000000000002,24.950000000000003,87474,224318620.0,0.0,0,26.060000000000002,0
20140221,1392912000000,24.39,24.7,23.48,24.0,80677,193322292.0,0.0,0,24.95,0
20140224,1393171200000,23.950000000000003,24.55,23.85,24.39,52180,126348289.99999999,0.0,0,24.0,0
20140225,1393257600000,24.4,24.75,21.95,22.2,114175,265914606.0,0.0,0,24.39,0
20140226,1393344000000,21.900000000000002,22.51,21.400000000000002,22.46,59243,130427108.00000001,0.0,0,22.200000000000003,0
20140227,1393430400000,22.400000000000002,23.23,22.03,22.1,83046,188197525.0,0.0,0,22.46,0
20140228,1393516800000,22.37,23.42,22.0,23.17,66815,152220149.0,0.0,0,22.1,0
20140303,1393776000000,23.75,24.28,23.28,24.19,62744,149574256.0,0.0,0,23.17,0
20140304,1393862400000,23.900000000000002,24.150000000000002,23.1,23.73,39902,94478707.99999999,0.0,0,24.19,0
20140305,1393948800000,23.62,24.23,23.35,23.560000000000002,41559,98813765.0,0.0,0,23.73,0
20140306,1394035200000,23.46,23.75,22.5,22.98,40008,91818718.0,0.0,0,23.56,0
20140307,1394121600000,23.12,23.68,22.8,23.21,32688,76189945.0,0.0,0,22.98,0
20140310,1394380800000,22.77,22.77,21.12,21.490000000000002,57563,125592678.99999999,0.0,0,23.21,0
20140311,1394467200000,21.31,21.94,21.25,21.53,28085,60590330.00000001,0.0,0,21.49,0
20140312,1394553600000,21.2,21.7,20.75,21.69,33886,72257963.0,0.0,0,21.53,0
20140313,1394640000000,21.590000000000003,21.98,21.42,21.78,30759,66933694.00000001,0.0,0,21.69,0
20140314,1394726400000,21.71,22.19,21.400000000000002,22.03,28720,62608686.0,0.0,0,21.78,0
20140317,1394985600000,22.25,23.03,22.0,22.88,38905,88243076.00000001,0.0,0,22.03,0
20140318,1395072000000,22.97,23.28,22.52,22.7,32360,74063983.0,0.0,0,22.88,0
20140319,1395158400000,23.0,23.71,22.68,23.61,61022,141583166.0,0.0,0,22.7,0
20140320,1395244800000,23.33,23.39,22.0,22.03,44715,101942339.00000001,0.0,0,23.61,0
20140321,1395331200000,21.8,22.84,21.48,22.73,36455,80838762.0,0.0,0,22.03,0
20140324,1395590400000,22.810000000000002,22.990000000000002,22.44,22.44,20979,47631658.0,0.0,0,22.73,0
20140325,1395676800000,22.4,22.939999999999998,22.31,22.54,17010,38494769.99999999,0.0,0,22.439999999999998,0
20140326,1395763200000,22.54,23.0,22.5,22.86,17778,40516426.0,0.0,0,22.54,0
20140327,1395849600000,22.83,23.17,22.0,22.01,25356,57009431.00000001,0.0,0,22.86,0
20140328,1395936000000,22.009999999999998,22.16,20.7,20.9,44080,93172253.0,0.0,0,22.009999999999998,0
20140331,1396195200000,21.0,21.080000000000002,20.48,20.79,18043,37540149.00000001,0.0,0,20.900000000000002,0
20140401,1396281600000,20.79,21.2,20.79,21.119999999999997,17229,36300773.99999999,0.0,0,20.79,0
20140402,1396368000000,21.16,21.180000000000003,20.51,20.6,23749,49199093.00000001,0.0,0,21.12,0
20140403,1396454400000,20.68,20.89,20.36,20.39,18857,38857475.0,0.0,0,20.599999999999998,0
20140404,1396540800000,20.3,20.9,20.16,20.88,18262,37651775.0,0.0,0,20.39,0
20140408,1396886400000,20.599999999999998,21.73,20.52,21.38,30589,65183307.0,0.0,0,20.88,0
20140409,1396972800000,21.43,21.7,21.25,21.59,23370,50190037.0,0.0,0,21.38,0
20140410,1397059200000,21.599999999999998,22.4,21.45,22.16,42987,94755304.0,0.0,0,21.59,0
20140411,1397145600000,21.8,22.53,21.6,22.400000000000002,24380,53670533.0,0.0,0,22.16,0
20140414,1397404800000,22.5,22.58,22.11,22.43,18048,40365220.0,0.0,0,22.4,0
20140415,1397491200000,22.66,23.46,22.36,22.36,40943,94187104.0,0.0,0,22.43,0
20140416,1397577600000,22.3,22.700000000000003,21.900000000000002,22.6,18135,40597090.0,0.0,0,22.360000000000003,0
20140417,1397664000000,22.580000000000002,22.660000000000004,22.150000000000002,22.380000000000003,12600,28162301.0,0.0,0,22.6,0
20140418,1397750400000,22.36,22.65,22.09,22.61,12722,28602646.0,0.0,0,22.38,0
20140421,1398009600000,22.330000000000002,22.990000000000002,22.32,22.45,25932,58871665.0,0.0,0,22.61,0
20140422,1398096000000,22.3,22.54,21.05,21.44,32120,69532996.0,0.0,0,22.45,0
20140423,1398182400000,21.48,21.63,20.91,21.24,28272,59908967.00000001,0.0,0,21.44,0
20140424,1398268800000,21.240000000000002,21.380000000000003,20.76,21.020000000000003,19065,40272042.0,0.0,0,21.240000000000002,0
20140425,1398355200000,21.0,21.099999999999998,20.45,20.58,18437,38178425.0,0.0,0,21.02,0
20140428,1398614400000,20.55,20.55,19.37,19.580000000000002,23416,46532410.0,0.0,0,20.580000000000002,0
20140429,1398700800000,19.55,19.86,19.36,19.84,19342,38011689.00000001,0.0,0,19.58,0
20140430,1398787200000,19.79,20.24,19.61,20.18,14336,28776823.000000004,0.0,0,19.84,0
20140505,1399219200000,20.14,20.36,20.0,20.36,10244,20689265.999999996,0.0,0,20.18,0
20140506,1399305600000,20.360000000000003,20.750000000000004,20.150000000000002,20.42,12909,26483437.0,0.0,0,20.360000000000003,0
20140507,1399392000000,20.3,20.330000000000002,19.900000000000002,19.900000000000002,10489,21061640.000000004,0.0,0,20.42,0
20140508,1399478400000,19.81,20.3,19.7,20.0,14206,28439065.0,0.0,0,19.9,0
20140509,1399564800000,19.900000000000002,20.080000000000002,19.53,19.700000000000003,10127,20055708.0,0.0,0,20.0,0
20140512,1399824000000,19.85,20.89,19.85,20.85,33153,67820329.0,0.0,0,19.700000000000003,0
20140513,1399910400000,20.91,21.37,20.55,20.78,27767,58287557.0,0.0,0,20.85,0
20140514,1399996800000,20.78,20.92,20.53,20.62,11985,24802952.0,0.0,0,20.78,0
20140515,1400083200000,20.7,21.3,20.46,20.650000000000002,20070,41918167.0,0.0,0,20.62,0
20140516,1400169600000,20.79,21.47,20.63,21.36,33078,69951676.0,0.0,0,20.65,0
20140519,1400428800000,21.599999999999998,21.77,20.72,20.81,24370,51423654.00000001,0.0,0,21.36,0
20140520,1400515200000,20.64,21.35,20.64,21.03,22042,46492355.0,0.0,0,20.810000000000002,0
20140521,1400601600000,21.080000000000002,21.41,20.830000000000002,21.340000000000003,18729,39800537.0,0.0,0,21.03,0
20140522,1400688000000,21.35,21.55,21.0,21.1,18704,39843434.99999999,0.0,0,21.34,0
20140523,1400774400000,20.96,21.15,20.7,21.14,16046,33550552.000000004,0.0,0,21.099999999999998,0
20140526,1401033600000,21.84,23.0,21.84,22.2,51324,114863875.0,0.0,0,21.14,0
20140527,1401120000000,22.01,22.26,21.830000000000002,22.03,21179,46568340.99999999,0.0,0,22.200000000000003,0
20140528,1401206400000,22.03,22.48,21.77,22.4,29798,66200896.00000001,0.0,0,22.03,0
20140529,1401292800000,22.39,22.86,22.02,22.12,24025,53838321.0,0.0,0,22.4,0
20140530,1401379200000,22.26,22.96,22.25,22.7,44392,100251743.0,0.0,0,22.12,0
20140603,1401724800000,22.86,23.09,22.56,22.61,22224,50556034.00000001,0.0,0,22.7,0
20140604,1401811200000,22.53,22.64,21.650000000000002,21.990000000000002,30731,67454191.0,0.0,0,22.610000000000003,0
20140605,1401897600000,22.02,22.400000000000002,21.73,22.36,20468,45354879.0,0.0,0,21.990000000000002,0
20140606,1401984000000,22.360000000000003,22.400000000000002,21.85,21.87,20533,45366070.0,0.0,0,22.360000000000003,0
20140609,1402243200000,21.95,22.09,21.71,21.76,13664,29933174.000000004,0.0,0,21.87,0
20140610,1402329600000,21.85,22.09,21.44,22.01,27020,58912851.0,0.0,0,21.76,0
20140611,1402416000000,22.080000000000002,22.73,21.92,22.720000000000002,34083,76158793.0,0.0,0,22.01,0
20140612,1402502400000,22.58,23.15,22.52,22.75,33248,76100425.0,0.0,0,22.72,0
20140613,1402588800000,22.88,23.599999999999998,22.88,23.29,47359,110724780.00000001,0.0,0,22.75,0
20140616,1402848000000,23.4,23.75,23.2,23.45,34183,80212459.99999999,0.0,0,23.29,0
20140617,1402934400000,23.32,23.47,22.82,22.990000000000002,27293,62860962.0,0.0,0,23.45,0
20140618,1403020800000,23.31,23.98,22.68,22.68,45371,105951637.00000001,0.0,0,22.99,0
20140619,1403107200000,14.95,15.53,14.52,14.62,59743,89748637.00000001,0.0,0,15.01,0
20140620,1403193600000,14.620000000000001,14.8,14.3,14.65,38804,56583771.00000001,0.0,0,14.620000000000001,0
20140623,1403452800000,14.75,15.5,14.68,15.28,53936,82071441.0,0.0,0,14.65,0
20140624,1403539200000,15.4,15.69,15.24,15.450000000000001,65688,101782964.0,0.0,0,15.28,0
20140625,1403625600000,15.4,15.850000000000001,15.200000000000001,15.680000000000001,58137,90918312.00000001,0.0,0,15.450000000000001,0
20140626,1403712000000,15.68,16.2,15.5,16.03,69728,110704952.99999999,0.0,0,15.68,0
20140627,1403798400000,16.009999999999998,16.15,15.76,16.0,46826,74633319.0,0.0,0,16.03,0
20140630,1404057600000,16.1,16.86,16.07,16.61,99218,164109722.00000003,0.0,0,16.0,0
20140701,1404144000000,16.61,16.68,16.16,16.330000000000002,55803,91543534.0,0.0,0,16.61,0
20140702,1404230400000,16.46,16.96,16.17,16.3,87898,144906457.0,0.0,0,16.330000000000002,0
20140703,1404316800000,16.3,16.38,16.0,16.33,55042,89023946.0,0.0,0,16.3,0
20140704,1404403200000,16.3,16.35,15.99,16.2,42845,69279673.0,0.0,0,16.330000000000002,0
20140707,1404662400000,16.200000000000003,16.810000000000002,16.1,16.67,69148,113749097.0,0.0,0,16.200000000000003,0
20140708,1404748800000,16.669999999999998,16.99,16.43,16.8,62787,104974570.0,0.0,0,16.669999999999998,0
20140709,1404835200000,16.61,17.5,16.5,16.63,105458,180008436.99999997,0.0,0,16.8,0
20140710,1404921600000,16.4,16.52,15.9,15.98,84051,136020975.0,0.0,0,16.63,0
20140711,1405008000000,15.780000000000001,16.400000000000002,15.71,16.28,49761,80089632.0,0.0,0,15.98,0
20140714,1405267200000,16.28,17.05,16.12,16.900000000000002,74769,124125012.0,0.0,0,16.28,0
20140715,1405353600000,16.71,17.05,16.36,16.68,52735,87919567.0,0.0,0,16.9,0
20140716,1405440000000,16.67,16.95,15.81,16.1,67708,110304482.00000001,0.0,0,16.68,0
20140717,1405526400000,16.0,16.56,15.83,16.17,71055,115140969.00000001,0.0,0,16.1,0
20140718,1405612800000,16.09,16.27,15.75,15.92,40859,65331175.00000001,0.0,0,16.17,0
20140721,1405872000000,15.94,16.08,15.1,15.7,51686,80734419.0,0.0,0,15.92,0
20140722,1405958400000,15.690000000000001,16.14,15.55,15.99,49328,78416978.00000001,0.0,0,15.700000000000001,0
20140723,1406044800000,16.040000000000003,16.060000000000002,15.450000000000001,15.540000000000001,47849,75331609.0,0.0,0,15.990000000000002,0
20140724,1406131200000,15.45,15.459999999999999,15.01,15.33,57027,86934025.0,0.0,0,15.54,0
20140725,1406217600000,15.36,15.71,15.25,15.63,25994,40360580.0,0.0,0,15.33,0
20140728,1406476800000,15.73,16.05,15.620000000000001,15.9,35091,55768857.00000001,0.0,0,15.63,0
20140729,1406563200000,15.92,16.62,15.9,16.38,78561,128349163.0,0.0,0,15.9,0
20140730,1406649600000,16.330000000000002,16.68,16.19,16.37,61291,100821306.0,0.0,0,16.380000000000003,0
20140731,1406736000000,16.55,16.85,16.43,16.65,68702,114328548.0,0.0,0,16.37,0
20140801,1406822400000,16.66,17.23,16.5,16.84,104547,177272927.0,0.0,0,16.65,0
20140804,1407081600000,16.85,17.5,16.85,17.25,75911,131123646.0,0.0,0,16.84,0
20140805,1407168000000,17.220000000000002,18.3,17.01,17.900000000000002,117476,208654874.0,0.0,0,17.25,0
20140806,1407254400000,17.799999999999997,19.58,17.56,19.4,180618,335879151.0,0.0,0,17.9,0
20140807,1407340800000,18.990000000000002,19.28,18.42,18.560000000000002,146755,276421740.0,0.0,0,19.400000000000002,0
20140808,1407427200000,18.560000000000002,20.05,18.51,19.130000000000003,150442,289802322.00000006,0.0,0,18.560000000000002,0
20140811,1407686400000,19.150000000000002,19.6,18.85,19.26,106540,204477074.00000003,0.0,0,19.130000000000003,0
20140812,1407772800000,19.200000000000003,19.200000000000003,18.6,18.900000000000002,90189,170059531.0,0.0,0,19.26,0
20140813,1407859200000,18.88,18.88,18.32,18.67,65400,121530393.0,0.0,0,18.9,0
20140814,1407945600000,18.580000000000002,19.770000000000003,18.580000000000002,19.470000000000002,138740,268999509.0,0.0,0,18.67,0
20140815,1408032000000,19.400000000000002,20.470000000000002,19.240000000000002,20.160000000000004,126116,250240437.0,0.0,0,19.470000000000002,0
20140818,1408291200000,19.98,20.38,19.8,20.09,86417,173296935.0,0.0,0,20.16,0
20140819,1408377600000,20.0,20.5,19.85,20.23,79414,159890947.0,0.0,0,20.09,0
20140820,1408464000000,20.13,20.44,19.55,19.6,85837,170929722.0,0.0,0,20.23,0
20140821,1408550400000,19.68,19.790000000000003,19.1,19.43,59403,115248305.0,0.0,0,19.6,0
20140822,1408636800000,19.3,19.94,19.3,19.400000000000002,56921,111441492.0,0.0,0,19.43,0
20140825,1408896000000,19.39,19.39,18.89,18.92,53336,101576285.0,0.0,0,19.400000000000002,0
20140826,1408982400000,18.919999999999998,19.15,18.77,19.13,45987,87076416.0,0.0,0,18.919999999999998,0
20140827,1409068800000,19.700000000000003,21.040000000000003,19.6,21.040000000000003,92088,190310110.0,0.0,0,19.130000000000003,0
20140828,1409155200000,23.02,23.14,21.55,22.12,356747,803119485.0000001,0.0,0,21.04,0
20140829,1409241600000,21.5,22.110000000000003,21.1,21.23,155026,332081660.0,0.0,0,22.12,0
20140901,1409500800000,21.669999999999998,22.509999999999998,21.38,22.0,145671,321291156.0,0.0,0,21.23,0
20140902,1409587200000,21.8,23.950000000000003,21.71,22.900000000000002,175771,397985261.0,0.0,0,22.0,0
20140903,1409673600000,22.900000000000002,22.900000000000002,22.26,22.540000000000003,98569,222284402.0,0.0,0,22.900000000000002,0
20140904,1409760000000,22.57,23.94,22.5,22.81,118262,273208490.00000006,0.0,0,22.54,0
20140905,1409846400000,22.94,23.0,22.25,22.32,91823,206896715.0,0.0,0,22.81,0
20140909,1410192000000,22.37,22.96,22.0,22.52,77742,175612849.00000003,0.0,0,22.32,0
20140910,1410278400000,22.610000000000003,23.880000000000003,22.6,23.21,105401,244759035.0,0.0,0,22.520000000000003,0
20140911,1410364800000,22.950000000000003,23.19,22.51,22.85,82522,188684976.0,0.0,0,23.21,0
20140912,1410451200000,22.85,23.880000000000003,22.85,23.520000000000003,95659,225246217.0,0.0,0,22.85,0
20140915,1410710400000,23.48,23.86,23.29,23.39,76174,179382272.0,0.0,0,23.52,0
20140916,1410796800000,23.38,23.41,21.61,21.79,140929,315670141.0,0.0,0,23.39,0
20140917,1410883200000,21.79,22.169999999999998,21.31,21.95,53743,117254697.00000001,0.0,0,21.79,0
20140918,1410969600000,21.9,22.09,21.61,21.849999999999998,32292,70521862.00000001,0.0,0,21.95,0
20140919,1411056000000,21.88,22.25,21.75,22.23,44684,98414426.00000001,0.0,0,21.85,0
20140922,1411315200000,22.29,22.36,20.97,21.24,75640,162719261.0,0.0,0,22.23,0
20140923,1411401600000,21.459999999999997,21.689999999999998,20.97,21.529999999999998,76804,164188679.0,0.0,0,21.24,0
20140924,1411488000000,21.48,22.349999999999998,21.38,22.13,86182,189777905.00000003,0.0,0,21.529999999999998,0
20140925,1411574400000,22.150000000000002,23.22,22.14,22.62,97474,220918353.0,0.0,0,22.13,0
20140926,1411660800000,22.58,23.15,22.09,22.29,72561,162991496.0,0.0,0,22.62,0
20140929,1411920000000,22.3,22.63,21.86,22.11,60871,134492765.0,0.0,0,22.29,0
20140930,1412006400000,22.0,22.21,21.7,22.12,43110,94662861.0,0.0,0,22.11,0
20141008,1412697600000,22.029999999999998,22.169999999999998,21.72,22.13,50608,111101125.0,0.0,0,22.119999999999997,0
20141009,1412784000000,22.18,22.380000000000003,21.62,21.8,66440,145951723.0,0.0,0,22.130000000000003,0
20141010,1412870400000,21.89,22.25,21.53,21.700000000000003,72125,157457977.0,0.0,0,21.8,0
20141013,1413129600000,21.65,21.869999999999997,20.79,21.79,64525,137368978.0,0.0,0,21.7,0
20141014,1413216000000,21.7,22.24,21.5,21.68,67843,148961230.0,0.0,0,21.79,0
20141015,1413302400000,21.689999999999998,21.759999999999998,20.97,21.009999999999998,82127,173675361.0,0.0,0,21.68,0
20141016,1413388800000,20.95,20.95,20.18,20.34,84626,174034082.0,0.0,0,21.009999999999998,0
20141017,1413475200000,20.3,20.8,19.88,20.72,67855,138367266.0,0.0,0,20.34,0
20141020,1413734400000,20.66,20.88,20.57,20.82,35342,73292946.0,0.0,0,20.72,0
20141021,1413820800000,20.64,20.88,20.52,20.599999999999998,31520,65096920.99999999,0.0,0,20.82,0
20141022,1413907200000,20.630000000000003,21.470000000000002,20.6,20.970000000000002,78339,165515391.0,0.0,0,20.6,0
20141023,1413993600000,20.900000000000002,21.330000000000002,20.76,21.200000000000003,54957,115720442.00000001,0.0,0,20.970000000000002,0
20141024,1414080000000,21.180000000000003,21.250000000000004,20.650000000000002,20.680000000000003,31047,65151723.00000001,0.0,0,21.200000000000003,0
20141027,1414339200000,20.69,21.15,20.68,21.02,28198,59108407.00000001,0.0,0,20.68,0
20141028,1414425600000,21.15,21.919999999999998,21.13,21.83,70972,153701545.0,0.0,0,21.02,0
20141029,1414512000000,21.92,22.2,21.8,21.85,78477,172477965.0,0.0,0,21.830000000000002,0
20141030,1414598400000,21.860000000000003,21.950000000000003,21.44,21.5,58067,125330939.0,0.0,0,21.85,0
20141031,1414684800000,21.56,21.919999999999998,21.31,21.81,60149,130430276.0,0.0,0,21.5,0
20141103,1414944000000,21.900000000000002,22.19,21.53,21.71,59529,129777708.0,0.0,0,21.810000000000002,0
20141104,1415030400000,21.7,21.85,21.37,21.61,35442,76420290.00000001,0.0,0,21.71,0
20141105,1415116800000,21.8,21.8,21.52,21.65,27128,58715252.00000001,0.0,0,21.61,0
20141106,1415203200000,21.65,22.1,21.5,22.1,57825,126570966.0,0.0,0,21.65,0
20141107,1415289600000,22.150000000000002,22.16,21.35,21.580000000000002,55372,121059601.00000001,0.0,0,22.1,0
20141110,1415548800000,21.5,21.57,20.6,20.970000000000002,59820,125944738.00000001,0.0,0,21.580000000000002,0
20141111,1415635200000,21.05,21.05,19.490000000000002,19.62,101355,202548421.0,0.0,0,20.970000000000002,0
20141112,1415721600000,19.62,19.880000000000003,19.37,19.68,45905,89919290.0,0.0,0,19.62,0
20141113,1415808000000,19.77,19.78,18.77,19.12,60652,115631021.0,0.0,0,19.68,0
20141114,1415894400000,19.02,19.35,18.71,18.900000000000002,39738,75542685.0,0.0,0,19.12,0
20141117,1416153600000,19.03,19.470000000000002,18.8,19.23,52645,101398405.00000001,0.0,0,18.900000000000002,0
20141118,1416240000000,19.31,19.599999999999998,19.13,19.59,39189,75741723.0,0.0,0,19.23,0
20141119,1416326400000,19.84,20.48,19.84,20.38,85332,172789962.0,0.0,0,19.59,0
20141120,1416412800000,20.3,20.43,19.91,20.06,36560,73590799.00000001,0.0,0,20.38,0
20141121,1416499200000,20.05,20.8,19.900000000000002,20.650000000000002,74889,154397903.0,0.0,0,20.060000000000002,0
20141124,1416758400000,20.85,21.51,20.51,21.430000000000003,88178,186962822.0,0.0,0,20.650000000000002,0
20141125,1416844800000,21.53,22.55,21.5,22.28,112840,250869973.00000003,0.0,0,21.43,0
20141126,1416931200000,22.330000000000002,22.85,21.990000000000002,22.270000000000003,79074,177240593.0,0.0,0,22.28,0
20141127,1417017600000,22.5,22.599999999999998,22.06,22.45,56608,126157676.00000001,0.0,0,22.27,0
20141128,1417104000000,22.5,22.869999999999997,22.06,22.189999999999998,72541,163008171.0,0.0,0,22.45,0
20141201,1417363200000,22.19,22.29,21.09,21.19,71370,153371748.0,0.0,0,22.19,0
20141202,1417449600000,21.17,21.87,21.17,21.590000000000003,48231,104209194.0,0.0,0,21.19,0
20141203,1417536000000,21.05,23.400000000000002,21.05,23.330000000000002,118051,264049824.0,0.0,0,21.59,0
20141204,1417622400000,23.36,25.66,23.2,24.759999999999998,190670,472208420.00000006,0.0,0,23.33,0
20141205,1417708800000,25.080000000000002,26.590000000000003,23.35,25.57,193462,484799774.0,0.0,0,24.76,0
20141208,1417968000000,25.450000000000003,27.5,25.1,25.71,170016,449447079.00000006,0.0,0,25.57,0
20141209,1418054400000,25.6,25.6,23.14,23.2,183533,445434965.0,0.0,0,25.71,0
20141210,1418140800000,23.12,24.2,22.91,24.15,78501,186025460.0,0.0,0,23.2,0
20141211,1418227200000,24.15,24.61,23.43,24.59,87153,210332271.99999997,0.0,0,24.15,0
20141212,1418313600000,24.62,24.62,23.66,24.16,78164,187716393.0,0.0,0,24.59,0
20141215,1418572800000,23.77,24.43,23.0,24.18,74385,177789412.00000003,0.0,0,24.16,0
20141216,1418659200000,24.3,24.700000000000003,23.830000000000002,24.62,76429,186304559.0,0.0,0,24.180000000000003,0
20141217,1418745600000,24.68,24.689999999999998,23.31,23.45,80134,190603167.00000003,0.0,0,24.619999999999997,0
20141218,1418832000000,23.400000000000002,24.500000000000004,23.400000000000002,24.37,87813,212063621.0,0.0,0,23.450000000000003,0
20141219,1418918400000,24.18,24.2,23.23,23.35,65163,153208282.0,0.0,0,24.37,0
20141222,1419177600000,23.200000000000003,23.200000000000003,22.1,22.110000000000003,65018,146432859.00000003,0.0,0,23.35,0
20141223,1419264000000,21.990000000000002,22.650000000000002,20.62,21.3,47380,103234836.00000001,0.0,0,22.11,0
20141224,1419350400000,21.38,21.959999999999997,21.38,21.79,34442,74879552.0,0.0,0,21.3,0
20141225,1419436800000,21.82,22.21,21.77,22.15,25928,57214588.00000001,0.0,0,21.79,0
20141226,1419523200000,22.31,23.799999999999997,22.31,23.509999999999998,69520,161680258.0,0.0,0,22.15,0
20141229,1419782400000,23.25,23.36,22.72,22.88,41521,95386195.00000001,0.0,0,23.509999999999998,0
20141230,1419868800000,22.75,23.05,22.0,22.03,42240,94462025.00000001,0.0,0,22.88,0
20141231,1419955200000,21.8,22.36,21.45,21.52,46942,102077928.00000001,0.0,0,22.029999999999998,0
20150105,1420387200000,21.400000000000002,21.75,20.96,21.42,63308,134487256.00000003,0.0,0,21.52,0
20150106,1420473600000,21.299999999999997,22.68,21.06,22.68,82114,180358415.0,0.0,0,21.419999999999998,0
20150107,1420560000000,22.68,22.689999999999998,21.97,22.25,64311,142869865.0,0.0,0,22.68,0
20150108,1420646400000,22.25,23.5,22.2,22.8,98250,226130948.0,0.0,0,22.25,0
20150109,1420732800000,22.810000000000002,23.490000000000002,22.6,22.85,76591,178070619.0,0.0,0,22.8,0
20150112,1420992000000,22.96,23.81,22.95,23.36,61974,144882210.0,0.0,0,22.849999999999998,0
20150113,1421078400000,23.41,23.68,23.18,23.38,40165,94135878.0,0.0,0,23.36,0
20150114,1421164800000,23.28,23.28,22.55,23.02,41802,95829189.99999999,0.0,0,23.380000000000003,0
20150115,1421251200000,23.1,23.160000000000004,22.400000000000002,22.610000000000003,43163,98003623.0,0.0,0,23.020000000000003,0
20150116,1421337600000,22.75,23.080000000000002,22.51,23.080000000000002,45989,104991465.0,0.0,0,22.610000000000003,0
20150119,1421596800000,22.45,23.73,21.8,22.220000000000002,73407,167890822.0,0.0,0,23.080000000000002,0
20150120,1421683200000,22.38,23.15,22.36,23.06,52499,119995963.00000001,0.0,0,22.22,0
20150121,1421769600000,23.22,24.36,23.22,24.009999999999998,95120,227668720.0,0.0,0,23.06,0
20150122,1421856000000,23.8,25.380000000000003,23.8,25.18,106143,262836343.00000003,0.0,0,24.01,0
20150123,1421942400000,25.220000000000002,25.23,24.240000000000002,24.380000000000003,70385,173430400.0,0.0,0,25.180000000000003,0
20150126,1422201600000,24.42,24.98,24.32,24.53,52797,129735598.0,0.0,0,24.38,0
20150127,1422288000000,24.650000000000002,25.1,23.8,24.55,57373,140874927.0,0.0,0,24.53,0
20150128,1422374400000,24.599999999999998,24.87,24.11,24.21,50970,124776447.0,0.0,0,24.55,0
20150129,1422460800000,24.080000000000002,24.450000000000003,23.78,23.8,52473,126005704.00000001,0.0,0,24.21,0
20150130,1422547200000,23.85,24.1,23.400000000000002,23.500000000000004,39116,92862353.00000001,0.0,0,23.8,0
20150202,1422806400000,23.48,23.66,23.080000000000002,23.44,35424,82731792.0,0.0,0,23.500000000000004,0
20150203,1422892800000,23.46,23.96,23.27,23.96,63260,149431857.0,0.0,0,23.44,0
20150204,1422979200000,23.81,24.0,22.75,22.89,114867,267926227.0,0.0,0,23.96,0
20150205,1423065600000,23.2,23.2,22.64,22.78,58405,133752056.00000001,0.0,0,22.89,0
20150206,1423152000000,22.61,22.98,22.5,22.53,34873,79176933.0,0.0,0,22.78,0
20150209,1423411200000,22.5,22.75,22.25,22.31,25202,56747470.0,0.0,0,22.53,0
20150210,1423497600000,22.55,22.98,22.28,22.950000000000003,33263,75202640.0,0.0,0,22.310000000000002,0
20150211,1423584000000,22.8,23.38,22.8,22.96,45817,105373223.0,0.0,0,22.95,0
20150212,1423670400000,23.45,23.599999999999998,23.04,23.259999999999998,54258,126198311.0,0.0,0,22.96,0
20150213,1423756800000,23.27,23.68,23.25,23.46,53962,126967764.0,0.0,0,23.26,0
20150216,1424016000000,23.560000000000002,23.880000000000003,23.37,23.790000000000003,56070,132762846.00000001,0.0,0,23.46,0
20150217,1424102400000,23.880000000000003,23.96,23.46,23.53,46810,110302123.00000001,0.0,0,23.79,0
20150225,1424793600000,23.6,23.69,23.23,23.330000000000002,41453,96922359.0,0.0,0,23.53,0
20150226,1424880000000,23.200000000000003,23.42,23.080000000000002,23.360000000000003,48494,112871137.0,0.0,0,23.330000000000002,0
20150227,1424966400000,23.55,24.79,23.55,24.740000000000002,134032,326109178.0,0.0,0,23.36,0
20150302,1425225600000,24.8,25.21,24.51,24.900000000000002,99221,246638390.0,0.0,0,24.740000000000002,0
20150303,1425312000000,24.959999999999997,24.959999999999997,24.38,24.509999999999998,83889,206664108.0,0.0,0,24.9,0
20150304,1425398400000,24.62,25.770000000000003,24.6,25.55,128187,325626396.00000006,0.0,0,24.51,0
20150305,1425484800000,25.799999999999997,25.869999999999997,24.38,24.56,115899,288652953.0,0.0,0,25.549999999999997,0
20150306,1425571200000,24.48,24.78,23.990000000000002,24.05,72845,176932368.0,0.0,0,24.560000000000002,0
20150309,1425830400000,23.91,25.09,23.89,25.0,77303,190754253.99999997,0.0,0,24.05,0
20150310,1425916800000,25.02,25.59,24.86,25.34,86797,219809821.0,0.0,0,25.0,0
20150311,1426003200000,25.35,25.55,24.900000000000002,25.1,61441,153964883.0,0.0,0,25.340000000000003,0
20150312,1426089600000,25.28,27.610000000000003,25.150000000000002,27.610000000000003,220300,593539713.0,0.0,0,25.1,0
20150313,1426176000000,27.46,27.930000000000003,26.580000000000002,27.810000000000002,175531,480326775.0,0.0,0,27.610000000000003,0
20150316,1426435200000,27.779999999999998,29.78,27.45,29.02,169280,480710766.0,0.0,0,27.81,0
20150317,1426521600000,28.610000000000003,30.1,28.6,29.400000000000002,159276,465631216.0,0.0,0,29.020000000000003,0
20150318,1426608000000,29.32,31.849999999999998,29.2,30.95,187317,580435862.0000001,0.0,0,29.4,0
20150319,1426694400000,31.38,31.47,30.41,31.05,141603,438349904.0,0.0,0,30.95,0
20150320,1426780800000,31.020000000000003,31.590000000000003,30.650000000000002,31.3,90554,281580931.99999994,0.0,0,31.05,0
20150323,1427040000000,31.17,32.33,30.8,31.71,101240,316648846.0,0.0,0,31.3,0
20150324,1427126400000,31.71,31.71,31.71,31.71,0,0.0,0.0,0,31.71,1
20150325,1427212800000,31.71,31.71,31.71,31.71,0,0.0,0.0,0,31.71,1
20150326,1427299200000,31.71,31.71,31.71,31.71,0,0.0,0.0,0,31.71,1
20150327,1427385600000,31.71,31.71,31.71,31.71,0,0.0,0.0,0,31.71,1
20150330,1427644800000,31.71,31.71,31.71,31.71,0,0.0,0.0,0,31.71,1
20150331,1427731200000,31.71,31.71,31.71,31.71,0,0.0,0.0,0,31.71,1
20150401,1427817600000,31.71,31.71,31.71,31.71,0,0.0,0.0,0,31.71,1
20150402,1427904000000,31.71,31.71,31.71,31.71,0,0.0,0.0,0,31.71,1
20150403,1427990400000,31.71,31.71,31.71,31.71,0,0.0,0.0,0,31.71,1
20150407,1428336000000,31.71,31.71,31.71,31.71,0,0.0,0.0,0,31.71,1
20150408,1428422400000,32.0,34.2,29.32,30.14,229893,719265697.9999999,0.0,0,31.71,0
20150409,1428508800000,29.700000000000003,29.900000000000002,27.560000000000002,28.89,156235,446039785.0,0.0,0,30.14,0
20150410,1428595200000,28.47,30.82,28.47,30.119999999999997,109761,328860380.00000006,0.0,0,28.89,0
20150413,1428854400000,30.130000000000003,30.700000000000003,29.53,30.490000000000002,89418,268740855.0,0.0,0,30.12,0
20150414,1428940800000,30.490000000000002,30.490000000000002,29.07,29.25,88320,260865331.0,0.0,0,30.490000000000002,0
20150415,1429027200000,29.150000000000002,29.2,27.71,27.76,107127,302466884.0,0.0,0,29.25,0
20150416,1429113600000,27.650000000000002,29.200000000000003,27.400000000000002,28.450000000000003,72259,206137564.0,0.0,0,27.76,0
20150417,1429200000000,29.290000000000003,30.07,28.830000000000002,29.520000000000003,108119,317722481.0,0.0,0,28.450000000000003,0
20150420,1429459200000,30.08,31.97,29.5,30.2,147861,453550964.00000006,0.0,0,29.52,0
20150421,1429545600000,30.36,31.900000000000002,30.21,31.23,123283,385279414.0,0.0,0,30.2,0
20150422,1429632000000,31.8,32.4,31.330000000000002,32.260000000000005,123648,396400200.0,0.0,0,31.23,0
20150423,1429718400000,32.1,35.31,31.91,34.01,123119,411430695.0,0.0,0,32.26,0
20150424,1429804800000,33.37,35.7,32.96,33.910000000000004,98527,337636518.0,0.0,0,34.01,0
20150427,1430064000000,33.98,35.4,32.8,33.23,91259,307587892.0,0.0,0,33.91,0
20150428,1430150400000,33.18,33.65,31.55,32.34,74874,241451372.0,0.0,0,33.230000000000004,0
20150429,1430236800000,32.51,33.85,32.08,32.98,66664,221042905.0,0.0,0,32.339999999999996,0
20150430,1430323200000,32.75,33.88,32.68,32.75,68523,227974607.0,0.0,0,32.98,0
20150504,1430668800000,32.769999999999996,33.5,31.79,33.5,57811,187513953.0,0.0,0,32.75,0
20150505,1430755200000,33.5,35.24,33.25,34.05,101436,348554665.0,0.0,0,33.5,0
20150506,1430841600000,34.28,34.760000000000005,32.7,33.120000000000005,78534,267503852.00000003,0.0,0,34.050000000000004,0
20150507,1430928000000,32.81,33.13,31.5,32.0,60999,197438032.0,0.0,0,33.12,0
20150508,1431014400000,32.13,33.44,32.0,33.38,67859,222719968.0,0.0,0,32.0,0
20150511,1431273600000,33.480000000000004,34.75000000000001,33.480000000000004,34.50000000000001,83717,286499207.0,0.0,0,33.38,0
20150512,1431360000000,34.7,36.54,34.6,36.45,141351,506279677.99999994,0.0,0,34.5,0
20150513,1431446400000,35.35,36.440000000000005,35.35,35.54,90773,324618410.0,0.0,0,36.45,0
20150514,1431532800000,35.580000000000005,36.2,35.050000000000004,36.17,87634,312665074.00000006,0.0,0,35.540000000000006,0
20150515,1431619200000,36.6,37.6,35.42,36.7,118832,433831042.0,0.0,0,36.17,0
20150518,1431878400000,36.92,40.370000000000005,36.910000000000004,40.370000000000005,114387,451511870.00000006,0.0,0,36.7,0
20150519,1431964800000,41.0,44.410000000000004,40.03,44.410000000000004,141018,590522504.0,0.0,0,40.370000000000005,0
20150520,1432051200000,45.21,46.96,43.75,43.95,129362,585178575.0,0.0,0,44.41,0
20150521,1432137600000,43.49,45.1,43.0,43.6,108453,476632577.0,0.0,0,43.95,0
20150522,1432224000000,44.15,44.9,41.51,43.78,119968,518688793.00000006,0.0,0,43.599999999999994,0
20150525,1432483200000,42.88,45.480000000000004,41.0,43.9,134360,585722018.0,0.0,0,43.78,0
20150526,1432569600000,44.4,47.660000000000004,44.03,46.94,143888,659815139.0000001,0.0,0,43.9,0
20150527,1432656000000,46.839999999999996,51.3,45.01,49.32,150067,714553581.0,0.0,0,46.94,0
20150528,1432742400000,49.7,51.23,44.68,44.839999999999996,128721,626359274.0000001,0.0,0,49.32,0
20150529,1432828800000,45.5,47.44,41.9,46.14,107306,490254581.0,0.0,0,44.839999999999996,0
20150601,1433088000000,46.4,49.879999999999995,46.4,49.699999999999996,79552,385593764.0,0.0,0,46.14,0
20150602,1433174400000,49.68,52.8,49.5,51.7,82214,422911161.0,0.0,0,49.7,0
20150603,1433260800000,52.5,52.89,47.75,49.08,110142,554144271.0000001,0.0,0,51.7,0
20150604,1433347200000,50.0,50.15,44.5,47.9,96433,455686754.0,0.0,0,49.08,0
20150605,1433433600000,48.35,50.49,47.800000000000004,48.75000000000001,92337,454011105.0,0.0,0,47.900000000000006,0
20150608,1433692800000,48.0,48.0,45.36,46.11,87288,404842728.0,0.0,0,48.75,0
20150609,1433779200000,46.4,47.949999999999996,45.65,46.809999999999995,64354,301736697.0,0.0,0,46.11,0
20150610,1433865600000,46.2,49.50000000000001,45.800000000000004,48.99,69949,334916961.0,0.0,0,46.81,0
20150611,1433952000000,49.59,49.59,48.0,48.6,68551,333888703.99999994,0.0,0,48.99,0
20150612,1434038400000,48.35,50.0,48.35,49.09,61796,303569242.0,0.0,0,48.6,0
20150615,1434297600000,49.730000000000004,50.18,46.2,46.5,88997,430937468.00000006,0.0,0,49.09,0
20150616,1434384000000,46.199999999999996,46.199999999999996,43.47,43.85,69637,310605694.0,0.0,0,46.5,0
20150617,1434470400000,44.599999999999994,44.949999999999996,40.51,43.9,74655,319082120.00000006,0.0,0,43.849999999999994,0
20150618,1434556800000,44.099999999999994,44.489999999999995,42.12,42.73,51437,223108061.0,0.0,0,43.9,0
20150619,1434643200000,41.5,43.190000000000005,40.06,40.21,51809,216082140.0,0.0,0,42.730000000000004,0
20150623,1434988800000,41.0,43.7,38.85,43.68,80369,331139014.0,0.0,0,40.050000000000004,0
20150624,1435075200000,44.4,45.44,43.0,44.45,76854,341727471.0,0.0,0,43.68,0
20150625,1435161600000,44.400000000000006,44.410000000000004,40.95,41.660000000000004,56831,245566010.00000003,0.0,0,44.45,0
20150626,1435248000000,40.6,43.54,37.49,37.49,113441,457955090.00000006,0.0,0,41.660000000000004,0
20150629,1435507200000,40.0,40.0,33.74,33.74,118671,423790785.0,0.0,0,37.49,0
20150630,1435593600000,32.300000000000004,35.75,30.37,35.49,131981,433593284.0,0.0,0,33.74,0
20150701,1435680000000,34.8,36.5,32.0,32.39,101492,355256435.00000006,0.0,0,35.49,0
20150702,1435766400000,31.500000000000004,32.75,29.150000000000002,29.150000000000002,116914,351973348.0,0.0,0,32.39,0
20150703,1435852800000,28.1,30.090000000000003,26.240000000000002,26.240000000000002,155812,419906240.00000006,0.0,0,29.150000000000002,0
20150706,1436112000000,28.86,28.86,23.62,23.62,167489,423134678.00000006,0.0,0,26.240000000000002,0
20150707,1436198400000,21.26,22.16,21.26,21.26,43615,93042659.00000001,0.0,0,23.62,0
20150708,1436284800000,19.13,20.81,19.13,20.299999999999997,455884,881098852.0,0.0,0,21.259999999999998,0
20150709,1436371200000,20.3,22.330000000000002,19.73,22.330000000000002,183678,395574865.0,0.0,0,20.3,0
20150710,1436457600000,24.55,24.56,23.45,24.56,69565,170043901.0,0.0,0,22.33,0
20150713,1436716800000,26.990000000000002,27.020000000000003,25.900000000000002,27.020000000000003,137447,369023536.0,0.0,0,24.560000000000002,0
20150714,1436803200000,27.9,29.72,26.91,29.72,237676,691570568.0,0.0,0,27.02,0
20150715,1436889600000,28.62,28.95,26.75,26.75,147794,404085492.00000006,0.0,0,29.72,0
20150716,1436976000000,24.6,28.490000000000002,24.080000000000002,28.150000000000002,191838,508299721.00000006,0.0,0,26.75,0
20150717,1437062400000,28.5,30.88,28.0,30.35,158792,473844770.00000006,0.0,0,28.15,0
20150720,1437321600000,30.27,32.480000000000004,29.8,30.900000000000002,178633,557214536.0,0.0,0,30.35,0
20150721,1437408000000,30.3,30.990000000000002,29.55,30.3,113311,343360014.00000006,0.0,0,30.900000000000002,0
20150722,1437494400000,30.400000000000002,32.38,30.21,31.6,157469,493812883.0,0.0,0,30.3,0
20150723,1437580800000,31.41,32.76,30.86,32.26,123559,393398775.0,0.0,0,31.599999999999998,0
20150724,1437667200000,32.26,34.42,31.55,32.25,184392,607133968.0,0.0,0,32.26,0
20150727,1437926400000,31.400000000000002,32.76,29.03,29.03,143558,442359915.0,0.0,0,32.25,0
20150728,1438012800000,26.5,29.39,26.13,26.47,147135,397138747.00000006,0.0,0,29.029999999999998,0
20150729,1438099200000,27.15,28.79,24.88,28.689999999999998,118421,317813890.00000006,0.0,0,26.47,0
20150730,1438185600000,28.05,30.25,27.66,28.02,145373,425976710.0,0.0,0,28.69,0
20150731,1438272000000,27.5,29.02,27.0,27.9,91290,256794941.0,0.0,0,28.02,0
20150803,1438531200000,27.099999999999998,27.72,25.11,25.13,85037,219544558.0,0.0,0,27.9,0
20150804,1438617600000,25.03,27.6,25.03,27.6,85525,226242992.0,0.0,0,25.130000000000003,0
20150805,1438704000000,27.580000000000002,28.87,26.900000000000002,27.490000000000002,113506,317426168.0,0.0,0,27.6,0
20150806,1438790400000,26.62,27.95,26.5,26.86,62509,169974313.0,0.0,0,27.49,0
20150807,1438876800000,26.900000000000002,28.270000000000003,26.900000000000002,28.200000000000003,84241,234371146.0,0.0,0,26.860000000000003,0
20150810,1439136000000,28.8,30.8,28.650000000000002,30.250000000000004,124972,371932785.0,0.0,0,28.200000000000003,0
20150811,1439222400000,31.02,31.75,30.27,30.88,133595,414878298.0,0.0,0,30.25,0
20150812,1439308800000,30.6,31.990000000000002,29.51,29.82,122924,380631847.0,0.0,0,30.880000000000003,0
20150813,1439395200000,29.55,30.8,28.810000000000002,30.650000000000002,100274,298716989.0,0.0,0,29.820000000000004,0
20150814,1439481600000,30.96,31.290000000000003,29.900000000000002,30.160000000000004,95106,291320903.0,0.0,0,30.650000000000002,0
20150817,1439740800000,29.25,31.85,29.0,31.72,115629,357792015.0,0.0,0,30.16,0
20150818,1439827200000,31.78,31.79,28.55,28.55,123153,369057144.99999994,0.0,0,31.72,0
20150819,1439913600000,27.5,29.150000000000002,26.28,28.880000000000003,101485,279376274.0,0.0,0,28.55,0
20150820,1440000000000,28.330000000000002,28.650000000000002,26.900000000000002,26.92,71374,198596662.0,0.0,0,28.880000000000003,0
20150821,1440086400000,26.3,27.25,24.89,24.97,70983,184391468.0,0.0,0,26.92,0
20150824,1440345600000,23.0,23.48,22.47,22.47,54642,124014813.99999999,0.0,0,24.97,0
20150825,1440432000000,20.22,20.79,20.22,20.22,82139,166246243.0,0.0,0,22.47,0
20150826,1440518400000,19.99,20.99,18.2,18.2,135559,259250607.0,0.0,0,20.22,0
20150827,1440604800000,18.92,19.400000000000002,17.400000000000002,19.39,100903,188338774.0,0.0,0,18.200000000000003,0
20150828,1440691200000,20.400000000000002,21.330000000000002,19.85,21.330000000000002,140083,288674518.99999994,0.0,0,19.39,0
20150831,1440950400000,21.490000000000002,21.490000000000002,20.400000000000002,20.430000000000003,96920,202656699.0,0.0,0,21.330000000000002,0
20150901,1441036800000,20.51,20.68,18.39,18.39,109942,210432017.00000003,0.0,0,20.43,0
20150902,1441123200000,16.72,19.18,16.72,17.049999999999997,80759,143462829.0,0.0,0,18.39,0
20150907,1441555200000,17.610000000000003,18.75,17.6,18.0,86293,157509170.00000003,0.0,0,17.05,0
20150908,1441641600000,17.75,19.49,17.7,19.48,62772,116561175.00000001,0.0,0,18.0,0
20150909,1441728000000,19.98,20.65,19.7,20.34,87087,176397698.0,0.0,0,19.48,0
20150910,1441814400000,19.98,20.78,19.75,20.04,64947,131421572.00000001,0.0,0,20.34,0
20150911,1441900800000,19.82,20.52,19.81,20.29,50290,101586442.0,0.0,0,20.04,0
20150914,1442160000000,20.55,20.770000000000003,18.26,18.26,78190,149282110.99999997,0.0,0,20.290000000000003,0
20150915,1442246400000,17.85,17.85,16.43,16.43,65567,111468811.0,0.0,0,18.259999999999998,0
20150916,1442332800000,16.62,18.07,16.55,18.07,68030,116988901.00000001,0.0,0,16.43,0
20150917,1442419200000,18.33,19.66,18.2,18.4,107308,203161532.99999997,0.0,0,18.07,0
20150918,1442505600000,18.92,19.57,18.5,19.39,77125,147477158.0,0.0,0,18.4,0
20150921,1442764800000,19.15,21.1,19.09,21.0,77995,158830944.0,0.0,0,19.39,0
20150922,1442851200000,21.17,21.4,20.0,20.83,83048,173110203.0,0.0,0,21.0,0
20150923,1442937600000,20.41,21.360000000000003,20.35,20.96,60948,127473094.0,0.0,0,20.830000000000002,0
20150924,1443024000000,21.11,21.87,21.0,21.55,77659,166684875.0,0.0,0,20.96,0
20150925,1443110400000,21.53,21.64,20.0,20.15,61687,127577026.0,0.0,0,21.55,0
20150928,1443369600000,20.01,21.430000000000003,19.92,21.41,54782,114553182.00000001,0.0,0,20.150000000000002,0
20150929,1443456000000,20.950000000000003,21.35,20.400000000000002,20.94,40413,84457219.0,0.0,0,21.410000000000004,0
20150930,1443542400000,21.03,23.03,21.03,23.03,98992,221658810.00000003,0.0,0,20.94,0
20151008,1444233600000,24.0,25.33,23.75,25.18,156567,391428055.0,0.0,0,23.03,0
20151009,1444320000000,24.8,25.79,24.68,25.259999999999998,103996,262697076.0,0.0,0,25.18,0
20151012,1444579200000,24.849999999999998,26.5,24.61,24.759999999999998,232475,591057299.0,0.0,0,25.259999999999998,0
20151013,1444665600000,24.560000000000002,25.5,24.46,25.45,110000,276763462.0,0.0,0,24.76,0
20151014,1444752000000,27.5,28.0,25.91,26.15,218077,594294153.0,0.0,0,25.45,0
20151015,1444838400000,25.2,27.5,24.59,27.0,190345,492882701.00000006,0.0,0,26.15,0
20151016,1444924800000,27.11,27.5,26.0,26.7,138663,370303302.00000006,0.0,0,27.0,0
20151019,1445184000000,26.96,28.68,26.66,28.08,227184,623532903.0,0.0,0,26.7,0
20151020,1445270400000,27.6,28.92,27.6,28.650000000000002,144345,405745731.0,0.0,0,28.080000000000002,0
20151021,1445356800000,28.46,31.52,27.32,31.52,262296,740815615.0,0.0,0,28.65,0
20151022,1445443200000,29.750000000000004,34.300000000000004,29.150000000000002,33.440000000000005,349285,1076962595.0,0.0,0,31.520000000000003,0
20151023,1445529600000,32.9,33.89,31.13,31.27,303607,979727541.0,0.0,0,33.44,0
20151026,1445788800000,31.000000000000004,31.000000000000004,29.150000000000002,30.000000000000004,221281,662477747.0,0.0,0,31.270000000000003,0
20151027,1445875200000,29.66,31.490000000000002,29.25,31.2,173172,526739169.0,0.0,0,30.0,0
20151028,1445961600000,30.8,31.17,28.080000000000002,28.32,187137,550548193.0,0.0,0,31.200000000000003,0
20151029,1446048000000,28.68,28.939999999999998,27.61,28.34,119242,338185098.0,0.0,0,28.32,0
20151030,1446134400000,28.3,28.78,27.400000000000002,28.060000000000002,101491,286034352.0,0.0,0,28.340000000000003,0
20151102,1446393600000,28.0,29.75,28.0,28.3,150629,436589430.0,0.0,0,28.06,0
20151103,1446480000000,28.8,28.8,27.37,27.990000000000002,92193,258785621.00000003,0.0,0,28.3,0
20151104,1446566400000,28.700000000000003,29.68,28.26,29.630000000000003,129606,378001212.0,0.0,0,27.990000000000002,0
20151105,1446652800000,29.45,30.2,29.05,29.34,139241,413124582.0,0.0,0,29.63,0
20151106,1446739200000,29.52,30.35,29.52,30.099999999999998,124744,374846000.0,0.0,0,29.34,0
20151109,1446998400000,29.67,30.090000000000003,28.060000000000002,29.490000000000002,146969,433091007.00000006,0.0,0,30.1,0
20151110,1447084800000,29.700000000000003,31.500000000000004,29.560000000000002,30.750000000000004,183548,558713722.0000001,0.0,0,29.490000000000002,0
20151111,1447171200000,30.650000000000002,31.0,29.89,30.740000000000002,119511,363918949.00000006,0.0,0,30.75,0
20151112,1447257600000,30.75,31.67,30.5,31.13,139953,436559067.0,0.0,0,30.74,0
20151113,1447344000000,30.7,30.95,28.7,29.02,108994,324601688.0,0.0,0,31.13,0
20151116,1447603200000,28.02,29.5,28.02,29.49,61885,179699662.00000003,0.0,0,29.02,0
20151117,1447689600000,29.85,31.080000000000002,29.150000000000002,29.250000000000004,136493,412972871.0,0.0,0,29.490000000000002,0
20151118,1447776000000,28.8,30.14,28.8,28.87,81194,238355233.00000003,0.0,0,29.25,0
20151119,1447862400000,28.61,29.45,28.61,29.349999999999998,65917,192179672.0,0.0,0,28.87,0
20151120,1447948800000,29.36,30.189999999999998,29.36,30.099999999999998,120538,360628988.0,0.0,0,29.349999999999998,0
20151123,1448208000000,30.110000000000003,30.96,29.01,29.310000000000002,105926,322399833.0,0.0,0,30.1,0
20151124,1448294400000,29.59,29.830000000000002,28.48,29.73,68840,199701394.0,0.0,0,29.310000000000002,0
20151125,1448380800000,30.500000000000004,30.900000000000002,29.810000000000002,30.39,110354,334742483.0,0.0,0,29.730000000000004,0
20151126,1448467200000,30.35,32.24,30.0,31.37,170094,528226716.0,0.0,0,30.39,0
20151127,1448553600000,31.990000000000002,31.990000000000002,28.23,28.28,145578,439964888.0,0.0,0,31.37,0
20151130,1448812800000,28.0,28.38,25.45,27.25,119786,323174176.0,0.0,0,28.28,0
20151201,1448899200000,27.040000000000003,27.360000000000003,26.01,26.770000000000003,74822,200975908.0,0.0,0,27.25,0
20151202,1448985600000,26.720000000000002,26.990000000000002,24.900000000000002,26.060000000000002,91316,235423345.0,0.0,0,26.770000000000003,0
20151203,1449072000000,26.0,26.970000000000002,25.96,26.91,55808,148605860.00000003,0.0,0,26.060000000000002,0
20151204,1449158400000,27.150000000000002,27.28,26.28,26.48,58243,156174848.00000003,0.0,0,26.91,0
20151207,1449417600000,26.55,27.0,26.26,26.900000000000002,50419,135003989.0,0.0,0,26.48,0
20151208,1449504000000,26.66,26.89,25.03,25.150000000000002,79064,203737866.0,0.0,0,26.900000000000002,0
20151209,1449590400000,25.2,25.59,24.5,25.28,66458,167222085.0,0.0,0,25.15,0
20151210,1449676800000,25.160000000000004,25.810000000000002,24.900000000000002,25.3,43450,110290058.0,0.0,0,25.28,0
20151211,1449763200000,25.34,26.2,25.0,25.75,58485,150322859.0,0.0,0,25.3,0
20151214,1450022400000,25.790000000000003,26.560000000000002,25.26,26.5,59646,154936314.00000003,0.0,0,25.75,0
20151215,1450108800000,26.45,26.97,26.45,26.88,57798,154853262.0,0.0,0,26.5,0
20151216,1450195200000,27.130000000000003,27.35,26.51,26.770000000000003,67402,181787342.0,0.0,0,26.880000000000003,0
20151217,1450281600000,26.96,27.57,26.95,27.48,77038,210434149.0,0.0,0,26.77,0
20151218,1450368000000,27.48,27.66,26.7,27.07,60878,164690884.0,0.0,0,27.48,0
20151221,1450627200000,27.08,27.799999999999997,26.97,27.13,48812,133062963.0,0.0,0,27.07,0
20151222,1450713600000,27.3,27.590000000000003,27.060000000000002,27.360000000000003,52277,142645826.99999997,0.0,0,27.130000000000003,0
20151223,1450800000000,27.5,27.56,26.59,26.69,58494,157634431.00000003,0.0,0,27.36,0
20151224,1450886400000,26.57,26.57,25.29,25.97,52352,135962889.0,0.0,0,26.689999999999998,0
20151225,1450972800000,26.17,26.35,25.71,25.880000000000003,36755,95607163.0,0.0,0,25.970000000000002,0
20151228,1451232000000,25.990000000000002,26.55,25.560000000000002,25.62,50831,132753504.0,0.0,0,25.880000000000003,0
20151229,1451318400000,25.7,25.97,25.5,25.95,29771,76657613.0,0.0,0,25.62,0
20151230,1451404800000,25.96,27.07,25.96,26.990000000000002,60565,161385078.0,0.0,0,25.95,0
20151231,1451491200000,27.09,27.24,26.18,26.2,47256,125916770.0,0.0,0,26.99,0
20160104,1451836800000,26.62,26.900000000000002,23.580000000000002,23.590000000000003,51569,131380771.00000001,0.0,0,26.200000000000003,0
20160105,1451923200000,21.400000000000002,23.87,21.400000000000002,22.76,70874,162154064.0,0.0,0,23.590000000000003,0
20160106,1452009600000,23.0,23.68,22.3,23.490000000000002,62435,143984619.0,0.0,0,22.76,0
20160107,1452096000000,22.86,23.01,21.14,21.14,17751,38768607.99999999,0.0,0,23.490000000000002,0
20160108,1452182400000,21.36,22.0,19.5,20.72,79937,167684788.0,0.0,0,21.14,0
20160111,1452441600000,20.200000000000003,20.200000000000003,18.650000000000002,18.650000000000002,93169,181398549.0,0.0,0,20.720000000000002,0
20160112,1452528000000,18.82,19.380000000000003,18.01,18.98,67665,126969879.0,0.0,0,18.650000000000002,0
20160113,1452614400000,19.189999999999998,19.32,17.61,17.83,57458,107251954.00000001,0.0,0,18.98,0
20160114,1452700800000,17.110000000000003,19.19,17.01,18.89,72842,131934379.0,0.0,0,17.830000000000002,0
20160115,1452787200000,19.040000000000003,20.03,18.62,18.77,94788,183369546.0,0.0,0,18.89,0
20160118,1453046400000,18.5,20.05,18.46,19.85,70387,137011524.0,0.0,0,18.77,0
20160119,1453132800000,19.85,21.17,19.39,20.95,89942,182698065.0,0.0,0,19.85,0
20160120,1453219200000,20.8,21.740000000000002,20.400000000000002,20.820000000000004,82271,173253085.00000003,0.0,0,20.950000000000003,0
20160121,1453305600000,20.46,21.49,20.2,20.2,86850,181736056.0,0.0,0,20.82,0
20160122,1453392000000,20.48,20.849999999999998,19.11,20.58,75351,151271019.0,0.0,0,20.2,0
20160125,1453651200000,20.53,20.8,20.03,20.380000000000003,51511,105734341.0,0.0,0,20.580000000000002,0
20160126,1453737600000,20.1,20.1,18.34,18.34,68173,131279775.0,0.0,0,20.38,0
20160127,1453824000000,18.11,19.65,17.29,19.49,88796,163215129.00000003,0.0,0,18.34,0
20160128,1453910400000,19.090000000000003,19.610000000000003,18.400000000000002,18.400000000000002,63058,120222769.00000001,0.0,0,19.490000000000002,0
20160129,1453996800000,18.400000000000002,19.66,18.14,19.580000000000002,69400,132593873.0,0.0,0,18.400000000000002,0
20160201,1454256000000,19.45,19.75,18.77,19.0,57563,111136100.0,0.0,0,19.58,0
20160202,1454342400000,19.150000000000002,20.29,19.05,20.07,82596,163901799.00000003,0.0,0,19.0,0
20160203,1454428800000,19.8,20.400000000000002,19.37,20.16,71527,142341157.0,0.0,0,20.07,0
20160204,1454515200000,20.25,20.880000000000003,20.12,20.5,74491,153011497.0,0.0,0,20.16,0
20160205,1454601600000,20.5,20.630000000000003,20.1,20.110000000000003,47521,96903461.00000001,0.0,0,20.5,0
20160215,1455465600000,19.2,20.4,19.18,20.18,48476,96022677.0,0.0,0,20.11,0
20160216,1455552000000,20.2,21.28,20.2,21.25,72026,150766777.0,0.0,0,20.18,0
20160217,1455638400000,21.21,22.21,21.0,21.99,95507,208179773.0,0.0,0,21.25,0
20160218,1455724800000,22.009999999999998,22.04,21.27,21.38,93125,201196268.0,0.0,0,21.99,0
20160219,1455811200000,21.53,21.770000000000003,21.17,21.6,65928,142009134.0,0.0,0,21.380000000000003,0
20160222,1456070400000,21.85,22.17,21.66,21.88,76357,167011725.0,0.0,0,21.6,0
20160223,1456156800000,22.020000000000003,22.020000000000003,21.26,21.360000000000003,71718,154859452.00000003,0.0,0,21.880000000000003,0
20160224,1456243200000,21.35,21.590000000000003,20.51,21.23,68630,144574208.00000003,0.0,0,21.360000000000003,0
20160225,1456329600000,21.15,21.25,19.11,19.11,83618,168014399.0,0.0,0,21.23,0
20160226,1456416000000,19.490000000000002,19.87,19.080000000000002,19.340000000000003,79188,154057271.0,0.0,0,19.110000000000003,0
20160229,1456675200000,19.27,19.27,17.57,17.97,64639,117018363.99999999,0.0,0,19.34,0
20160301,1456761600000,18.1,18.86,17.34,18.74,67144,122800703.0,0.0,0,17.97,0
20160302,1456848000000,18.67,19.94,18.67,19.82,72668,139838156.0,0.0,0,18.740000000000002,0
20160303,1456934400000,20.3,20.880000000000003,20.01,20.01,92435,188596689.00000003,0.0,0,19.82,0
20160304,1457020800000,20.0,20.99,19.63,20.16,98063,199358623.0,0.0,0,20.009999999999998,0
20160307,1457280000000,20.490000000000002,21.19,20.400000000000002,20.73,76519,159246134.0,0.0,0,20.160000000000004,0
20160308,1457366400000,21.0,21.09,19.88,20.95,109915,224449078.0,0.0,0,20.73,0
20160309,1457452800000,20.2,20.75,19.96,20.0,71971,146228722.00000003,0.0,0,20.95,0
20160310,1457539200000,19.9,20.35,19.43,19.43,48330,96270956.0,0.0,0,20.0,0
20160311,1457625600000,19.2,19.3,18.7,18.939999999999998,55171,104825447.00000001,0.0,0,19.43,0
20160314,1457884800000,19.36,20.2,19.22,19.93,60283,119282223.00000001,0.0,0,18.939999999999998,0
20160315,1457971200000,19.93,20.1,19.5,19.61,46258,91636114.0,0.0,0,19.93,0
20160316,1458057600000,19.89,19.96,19.01,19.14,45741,88737545.0,0.0,0,19.610000000000003,0
20160317,1458144000000,19.22,20.09,19.22,20.049999999999997,63271,125161507.0,0.0,0,19.14,0
20160318,1458230400000,20.19,21.07,20.18,20.88,101155,209865393.00000003,0.0,0,20.05,0
20160321,1458489600000,21.580000000000002,21.79,21.07,21.59,99296,212165733.00000003,0.0,0,20.88,0
20160322,1458576000000,21.44,22.450000000000003,21.1,21.8,101836,223219376.00000003,0.0,0,21.59,0
20160323,1458662400000,22.0,22.68,21.71,22.2,93871,208138890.0,0.0,0,21.8,0
20160324,1458748800000,21.950000000000003,22.480000000000004,21.650000000000002,21.650000000000002,88548,195656260.0,0.0,0,22.200000000000003,0
20160325,1458835200000,21.330000000000002,22.01,21.330000000000002,21.860000000000003,60824,132697529.0,0.0,0,21.650000000000002,0
20160328,1459094400000,22.200000000000003,22.66,21.67,21.69,99904,222526184.00000003,0.0,0,21.860000000000003,0
20160329,1459180800000,21.59,21.779999999999998,20.81,21.279999999999998,70756,150569124.0,0.0,0,21.689999999999998,0
20160330,1459267200000,21.68,22.650000000000002,21.62,22.560000000000002,93384,206079493.00000003,0.0,0,21.28,0
20160331,1459353600000,22.72,23.15,22.29,22.32,104439,237274483.00000003,0.0,0,22.56,0
20160401,1459440000000,22.3,22.96,22.3,22.84,100258,227981085.0,0.0,0,22.32,0
20160405,1459785600000,22.81,23.58,22.72,23.4,102973,239753459.0,0.0,0,22.84,0
20160406,1459872000000,23.200000000000003,23.48,23.080000000000002,23.360000000000003,71193,165559344.0,0.0,0,23.400000000000002,0
20160407,1459958400000,23.4,23.49,22.56,22.639999999999997,77459,178196731.0,0.0,0,23.36,0
20160408,1460044800000,22.3,22.46,21.68,22.16,73272,161762188.0,0.0,0,22.64,0
20160411,1460304000000,22.45,23.169999999999998,22.36,22.81,70586,161017023.0,0.0,0,22.16,0
20160412,1460390400000,22.720000000000002,22.87,21.85,22.130000000000003,70533,157097352.00000003,0.0,0,22.810000000000002,0
20160413,1460476800000,22.64,23.160000000000004,22.490000000000002,22.700000000000003,85985,196517072.0,0.0,0,22.130000000000003,0
20160414,1460563200000,22.84,23.79,22.8,23.5,118008,276166565.99999994,0.0,0,22.7,0
20160415,1460649600000,23.68,23.880000000000003,23.21,23.32,79050,185975129.0,0.0,0,23.5,0
20160418,1460908800000,23.2,23.47,22.5,22.83,70014,161113608.0,0.0,0,23.32,0
20160419,1460995200000,22.94,23.24,22.77,23.08,50766,116956449.0,0.0,0,22.83,0
20160420,1461081600000,23.25,23.38,21.52,22.06,100203,225881840.0,0.0,0,23.08,0
20160421,1461168000000,21.98,22.68,21.5,21.55,67409,149627813.0,0.0,0,22.06,0
20160422,1461254400000,21.240000000000002,21.78,21.240000000000002,21.69,49848,107309935.00000001,0.0,0,21.55,0
20160425,1461513600000,21.57,21.93,21.02,21.72,47539,102413000.0,0.0,0,21.69,0
20160426,1461600000000,21.5,21.990000000000002,21.35,21.98,39603,85708172.0,0.0,0,21.720000000000002,0
20160427,1461686400000,21.87,22.040000000000003,21.6,21.610000000000003,35101,76659832.0,0.0,0,21.98,0
20160428,1461772800000,21.73,21.75,20.82,21.4,49278,104700886.00000001,0.0,0,21.61,0
20160429,1461859200000,21.2,21.43,21.0,21.19,33593,71241833.0,0.0,0,21.4,0
20160503,1462204800000,21.3,22.1,21.16,22.1,60291,131176119.0,0.0,0,21.19,0
20160504,1462291200000,22.000000000000004,22.200000000000003,21.830000000000002,21.98,44058,97154726.0,0.0,0,22.1,0
20160505,1462377600000,21.990000000000002,22.98,21.990000000000002,22.810000000000002,88128,198962380.0,0.0,0,21.98,0
20160506,1462464000000,22.79,22.8,21.68,21.68,80542,178821328.0,0.0,0,22.81,0
20160509,1462723200000,21.5,21.560000000000002,20.55,20.8,57191,120952398.0,0.0,0,21.68,0
20160510,1462809600000,20.83,21.099999999999998,20.63,20.83,24622,51396398.0,0.0,0,20.8,0
20160511,1462896000000,21.09,21.19,20.6,20.6,27355,57166327.0,0.0,0,20.830000000000002,0
20160512,1462982400000,20.4,20.7,19.88,20.7,29375,59599241.0,0.0,0,20.599999999999998,0
20160513,1463068800000,20.51,21.130000000000003,20.51,20.950000000000003,29521,61792099.0,0.0,0,20.700000000000003,0
20160516,1463328000000,20.849999999999998,21.25,20.56,21.24,30897,64685734.00000001,0.0,0,20.95,0
20160517,1463414400000,21.250000000000004,21.55,20.990000000000002,21.39,34587,73676549.0,0.0,0,21.240000000000002,0
20160518,1463500800000,21.35,21.35,20.01,20.450000000000003,43995,91122948.0,0.0,0,21.39,0
20160519,1463587200000,15.95,16.27,15.66,15.9,39656,63350776.0,0.0,0,15.69,0
20160520,1463673600000,15.75,16.22,15.68,16.18,33478,53642197.00000001,0.0,0,15.9,0
20160523,1463932800000,16.17,16.64,16.12,16.64,44317,72949804.0,0.0,0,16.18,0
20160524,1464019200000,16.599999999999998,16.599999999999998,16.22,16.349999999999998,31149,51038966.0,0.0,0,16.64,0
20160525,1464105600000,16.45,16.83,16.02,16.02,36347,59714951.0,0.0,0,16.349999999999998,0
20160526,1464192000000,16.03,16.330000000000002,15.700000000000001,16.32,43049,69169367.0,0.0,0,16.02,0
20160527,1464278400000,16.32,16.7,16.15,16.52,57879,95330349.0,0.0,0,16.32,0
20160530,1464537600000,16.08,17.06,16.0,16.78,95169,159054210.00000003,0.0,0,16.52,0
20160531,1464624000000,16.7,17.599999999999998,16.7,17.55,114430,197931075.99999997,0.0,0,16.779999999999998,0
20160601,1464710400000,17.55,17.750000000000004,17.330000000000002,17.400000000000002,102269,178867656.0,0.0,0,17.55,0
20160602,1464796800000,17.58,18.6,17.43,18.6,199664,358104736.0,0.0,0,17.4,0
20160603,1464883200000,19.32,20.03,19.01,19.69,254098,495511000.0,0.0,0,18.6,0
20160606,1465142400000,20.12,20.650000000000002,19.650000000000002,20.35,272360,549626284.0,0.0,0,19.69,0
20160607,1465228800000,20.180000000000003,21.1,19.92,20.860000000000003,194005,398376330.0,0.0,0,20.35,0
20160608,1465315200000,20.900000000000002,20.900000000000002,20.1,20.37,123462,253412119.00000003,0.0,0,20.860000000000003,0
20160613,1465747200000,20.0,21.09,19.6,19.700000000000003,136895,278540951.0,0.0,0,20.37,0
20160614,1465833600000,19.68,21.669999999999998,19.68,21.669999999999998,220155,455797995.00000006,0.0,0,19.7,0
20160615,1465920000000,21.68,22.65,21.68,22.27,195182,433716007.0,0.0,0,21.669999999999998,0
20160616,1466006400000,22.04,23.15,21.86,22.61,179714,406100727.0,0.0,0,22.27,0
20160617,1466092800000,22.330000000000002,22.87,22.1,22.200000000000003,167416,377273553.0,0.0,0,22.610000000000003,0
20160620,1466352000000,22.14,24.42,22.0,24.42,185815,436799679.0,0.0,0,22.2,0
20160621,1466438400000,25.05,25.080000000000002,23.35,23.6,271699,654098023.0000001,0.0,0,24.42,0
20160622,1466524800000,23.8,23.8,21.35,22.540000000000003,257786,575947281.0000001,0.0,0,23.6,0
20160623,1466611200000,22.25,22.26,20.98,21.75,243156,524902648.0,0.0,0,22.54,0
20160624,1466697600000,21.500000000000004,22.430000000000003,20.900000000000002,21.87,239712,521211699.0,0.0,0,21.750000000000004,0
20160627,1466956800000,21.58,23.22,21.56,22.849999999999998,202991,459765528.0,0.0,0,21.869999999999997,0
20160628,1467043200000,22.6,23.19,22.25,22.79,122902,278109948.99999994,0.0,0,22.85,0
20160629,1467129600000,22.73,23.0,21.88,22.0,188033,417910968.0,0.0,0,22.79,0
20160630,1467216000000,22.2,22.400000000000002,21.46,22.1,159058,348029837.0,0.0,0,22.0,0
20160701,1467302400000,22.0,22.470000000000002,21.8,22.01,112460,248749152.00000003,0.0,0,22.1,0
20160704,1467561600000,21.900000000000002,23.450000000000003,21.6,23.110000000000003,229713,521601884.00000006,0.0,0,22.01,0
20160705,1467648000000,23.05,24.33,22.91,23.68,285186,673666097.0,0.0,0,23.11,0
20160706,1467734400000,23.5,24.05,23.05,23.990000000000002,139304,329044864.0,0.0,0,23.68,0
20160707,1467820800000,24.2,24.99,23.7,24.029999999999998,256622,624642541.0,0.0,0,23.99,0
20160708,1467907200000,23.599999999999998,24.3,23.2,23.599999999999998,154274,366993894.0,0.0,0,24.03,0
20160711,1468166400000,23.84,25.08,23.84,24.2,265056,649190147.0,0.0,0,23.6,0
20160712,1468252800000,24.0,24.779999999999998,23.31,24.759999999999998,181476,436745319.0,0.0,0,24.2,0
20160713,1468339200000,24.69,25.5,24.39,24.52,135875,337719019.0,0.0,0,24.76,0
20160714,1468425600000,24.43,25.46,24.12,24.91,164472,411257286.00000006,0.0,0,24.52,0
20160715,1468512000000,24.77,25.119999999999997,24.47,24.669999999999998,100321,248916836.00000003,0.0,0,24.91,0
20160718,1468771200000,24.5,24.650000000000002,23.6,23.650000000000002,130425,314954618.0,0.0,0,24.67,0
20160719,1468857600000,23.7,24.1,23.46,23.8,75183,178365169.0,0.0,0,23.650000000000002,0
20160720,1468944000000,23.799999999999997,23.98,23.47,23.58,54433,129050253.0,0.0,0,23.799999999999997,0
20160721,1469030400000,23.689999999999998,24.05,23.45,23.75,66945,159355987.0,0.0,0,23.58,0
20160722,1469116800000,23.900000000000002,24.650000000000002,23.76,24.21,111275,271318870.0,0.0,0,23.75,0
20160725,1469376000000,24.2,24.57,23.81,24.13,64980,157449225.00000003,0.0,0,24.209999999999997,0
20160726,1469462400000,24.340000000000003,24.340000000000003,23.92,24.040000000000003,58703,141195396.0,0.0,0,24.130000000000003,0
20160727,1469548800000,24.02,24.1,21.64,21.69,197544,445443126.0,0.0,0,24.04,0
20160728,1469635200000,21.69,22.17,20.69,21.380000000000003,94695,202969358.0,0.0,0,21.69,0
20160729,1469721600000,21.3,21.63,20.86,21.28,46629,99307955.0,0.0,0,21.38,0
20160801,1469980800000,21.29,21.29,20.05,20.54,79715,163577390.0,0.0,0,21.28,0
20160802,1470067200000,20.73,20.99,20.5,20.88,41559,86336260.00000001,0.0,0,20.54,0
20160803,1470153600000,20.900000000000002,20.92,20.48,20.66,44998,93037259.00000001,0.0,0,20.88,0
20160804,1470240000000,20.67,21.15,20.5,21.05,45585,95189788.00000001,0.0,0,20.66,0
20160805,1470326400000,21.0,21.05,20.6,20.6,39715,82675712.0,0.0,0,21.05,0
20160808,1470585600000,20.400000000000002,21.16,20.01,21.0,68121,139871614.0,0.0,0,20.6,0
20160809,1470672000000,20.98,21.25,20.82,21.2,61300,129277934.0,0.0,0,21.0,0
20160810,1470758400000,21.380000000000003,21.86,21.21,21.29,63336,136383201.0,0.0,0,21.2,0
20160811,1470844800000,21.220000000000002,21.310000000000002,20.400000000000002,20.400000000000002,55696,116403452.00000001,0.0,0,21.290000000000003,0
20160812,1470931200000,20.330000000000002,20.68,20.3,20.63,33006,67654210.0,0.0,0,20.400000000000002,0
20160815,1471190400000,20.66,21.669999999999998,20.45,21.46,64630,137251724.0,0.0,0,20.63,0
20160816,1471276800000,21.5,21.78,21.37,21.6,55472,119621643.00000001,0.0,0,21.46,0
20160817,1471363200000,21.66,21.96,21.54,21.74,54287,118422876.0,0.0,0,21.599999999999998,0
20160818,1471449600000,21.790000000000003,21.790000000000003,21.28,21.48,48536,104255088.0,0.0,0,21.740000000000002,0
20160819,1471536000000,21.46,21.6,21.35,21.490000000000002,25481,54796863.0,0.0,0,21.48,0
20160822,1471795200000,21.560000000000002,21.85,21.21,21.5,47027,101465356.0,0.0,0,21.490000000000002,0
20160823,1471881600000,21.44,21.720000000000002,21.330000000000002,21.330000000000002,28707,61724981.0,0.0,0,21.500000000000004,0
20160824,1471968000000,21.58,21.9,21.38,21.56,44525,96476513.0,0.0,0,21.33,0
20160825,1472054400000,21.47,21.47,20.3,21.05,61615,128916367.0,0.0,0,21.560000000000002,0
20160826,1472140800000,21.06,21.49,21.0,21.2,35887,76390965.0,0.0,0,21.05,0
20160829,1472400000000,22.11,22.69,21.55,21.64,86398,190029057.0,0.0,0,21.2,0
20160830,1472486400000,21.88,22.68,21.43,22.52,135586,302567040.0,0.0,0,21.64,0
20160831,1472572800000,22.3,23.130000000000003,22.01,22.78,95757,216192780.00000003,0.0,0,22.520000000000003,0
20160901,1472659200000,22.75,23.1,22.41,22.48,81833,186234259.0,0.0,0,22.78,0
20160902,1472745600000,22.33,22.7,22.02,22.4,49798,111027766.00000001,0.0,0,22.48,0
20160905,1473004800000,22.34,22.7,22.2,22.25,36991,82912906.00000001,0.0,0,22.4,0
20160906,1473091200000,22.31,22.64,21.98,22.55,45370,101220723.0,0.0,0,22.25,0
20160907,1473177600000,22.56,22.75,22.13,22.2,46376,104033722.0,0.0,0,22.55,0
20160908,1473264000000,22.28,22.36,21.96,22.01,36993,81617169.0,0.0,0,22.2,0
20160909,1473350400000,22.060000000000002,22.150000000000002,21.580000000000002,21.6,47986,105088006.0,0.0,0,22.01,0
20160912,1473609600000,20.9,21.2,20.66,20.71,47922,100313075.0,0.0,0,21.6,0
20160913,1473696000000,20.94,20.95,20.52,20.849999999999998,23732,49234306.99999999,0.0,0,20.71,0
20160914,1473782400000,20.59,20.84,20.5,20.75,23753,49076654.0,0.0,0,20.85,0
20160919,1474214400000,20.6,21.09,20.6,20.87,20468,42795603.00000001,0.0,0,20.75,0
20160920,1474300800000,20.85,21.11,20.78,20.87,18675,39107387.0,0.0,0,20.87,0
20160921,1474387200000,20.93,21.17,20.78,21.130000000000003,22834,48107662.0,0.0,0,20.87,0
20160922,1474473600000,21.28,21.35,21.01,21.12,24615,52143669.00000001,0.0,0,21.130000000000003,0
20160923,1474560000000,21.240000000000002,21.240000000000002,20.900000000000002,20.900000000000002,21016,44355582.0,0.0,0,21.12,0
20160926,1474819200000,20.88,20.88,20.27,20.27,32461,66583284.00000001,0.0,0,20.9,0
20160927,1474905600000,20.31,20.87,20.27,20.759999999999998,29963,61728881.0,0.0,0,20.27,0
20160928,1474992000000,20.880000000000003,20.92,20.71,20.75,17848,37117652.99999999,0.0,0,20.76,0
20160929,1475078400000,20.750000000000004,20.8,20.580000000000002,20.610000000000003,17612,36494545.0,0.0,0,20.750000000000004,0
20160930,1475164800000,20.580000000000002,20.89,20.51,20.790000000000003,17376,36144505.0,0.0,0,20.610000000000003,0
20161010,1476028800000,20.91,21.75,20.91,21.59,43624,93574286.0,0.0,0,20.79,0
20161011,1476115200000,21.540000000000003,21.790000000000003,21.35,21.520000000000003,50528,108735738.00000001,0.0,0,21.59,0
20161012,1476201600000,21.57,21.69,21.32,21.56,31359,67547130.0,0.0,0,21.52,0
20161013,1476288000000,21.66,21.76,21.5,21.53,29650,64063843.0,0.0,0,21.56,0
20161014,1476374400000,21.540000000000003,21.580000000000002,21.1,21.380000000000003,23612,50348203.0,0.0,0,21.53,0
20161017,1476633600000,21.5,21.65,21.09,21.15,22371,47843214.00000001,0.0,0,21.38,0
20161018,1476720000000,21.32,21.6,21.080000000000002,21.560000000000002,26918,57624433.0,0.0,0,21.150000000000002,0
20161019,1476806400000,21.59,21.67,21.25,21.35,30908,66489291.99999999,0.0,0,21.56,0
20161020,1476892800000,21.46,21.94,21.35,21.94,55338,120304691.0,0.0,0,21.35,0
20161021,1476979200000,21.95,22.08,21.5,21.7,36044,78358451.99999999,0.0,0,21.94,0
20161024,1477238400000,21.700000000000003,22.0,21.42,21.76,37946,82697147.0,0.0,0,21.700000000000003,0
20161025,1477324800000,21.8,21.9,21.61,21.65,24841,53966421.99999999,0.0,0,21.759999999999998,0
20161026,1477411200000,21.68,21.73,21.28,21.46,31104,66772927.00000001,0.0,0,21.650000000000002,0
20161027,1477497600000,21.43,21.62,21.39,21.42,20767,44608093.00000001,0.0,0,21.46,0
20161028,1477584000000,21.4,21.58,21.22,21.34,22315,47692190.0,0.0,0,21.419999999999998,0
20161031,1477843200000,21.48,21.5,20.98,21.23,28182,59562614.0,0.0,0,21.34,0
20161101,1477929600000,21.45,21.68,21.23,21.59,30187,64817845.0,0.0,0,21.23,0
20161102,1478016000000,21.62,21.64,21.17,21.19,29951,64031873.0,0.0,0,21.590000000000003,0
20161103,1478102400000,21.200000000000003,21.470000000000002,21.1,21.220000000000002,24625,52392249.0,0.0,0,21.19,0
20161104,1478188800000,21.3,21.3,20.88,20.89,32075,67581886.0,0.0,0,21.22,0
20161107,1478448000000,21.080000000000002,21.11,20.8,20.92,21249,44471942.0,0.0,0,20.89,0
20161108,1478534400000,20.93,21.07,20.89,20.92,23532,49327648.0,0.0,0,20.92,0
20161109,1478620800000,20.930000000000003,20.98,20.400000000000002,20.580000000000002,33771,69838438.0,0.0,0,20.92,0
20161110,1478707200000,20.7,20.96,20.7,20.89,28169,58646407.0,0.0,0,20.58,0
20161111,1478793600000,20.919999999999998,21.349999999999998,20.77,21.29,48986,103290900.00000001,0.0,0,20.89,0
20161114,1479052800000,21.2,22.189999999999998,21.2,22.03,104599,229253268.0,0.0,0,21.29,0
20161115,1479139200000,22.070000000000004,22.070000000000004,21.650000000000002,21.87,47939,104436451.0,0.0,0,22.03,0
20161116,1479225600000,21.9,21.98,21.63,21.709999999999997,42174,91827175.0,0.0,0,21.869999999999997,0
20161117,1479312000000,21.67,21.700000000000003,21.03,21.25,46528,99049834.00000001,0.0,0,21.71,0
20161118,1479398400000,21.18,21.46,21.1,21.19,23601,50317112.99999999,0.0,0,21.25,0
20161121,1479657600000,21.2,21.34,20.62,20.89,67837,141832003.0,0.0,0,21.19,0
20161122,1479744000000,20.82,21.12,20.78,21.12,31968,67159807.0,0.0,0,20.89,0
20161123,1479830400000,21.18,21.32,20.98,20.98,31751,67201484.0,0.0,0,21.12,0
20161124,1479916800000,21.08,21.15,20.63,20.75,39355,81880519.0,0.0,0,20.98,0
20161125,1480003200000,20.75,21.27,20.52,21.22,59208,124294758.00000001,0.0,0,20.75,0
20161128,1480262400000,21.18,21.22,20.84,20.9,48990,102646181.0,0.0,0,21.22,0
20161129,1480348800000,20.8,21.21,20.75,20.83,33863,70955236.99999999,0.0,0,20.9,0
20161130,1480435200000,20.75,21.09,20.66,20.94,41759,87395688.00000001,0.0,0,20.830000000000002,0
20161201,1480521600000,20.92,21.020000000000003,20.830000000000002,20.98,29377,61526041.0,0.0,0,20.94,0
20161202,1480608000000,21.020000000000003,21.07,20.580000000000002,20.6,35415,73589511.00000001,0.0,0,20.98,0
20161205,1480867200000,20.400000000000002,20.85,20.400000000000002,20.500000000000004,18817,38770703.00000001,0.0,0,20.6,0
20161206,1480953600000,20.41,20.72,20.36,20.39,15870,32479916.000000004,0.0,0,20.5,0
20161207,1481040000000,20.55,20.700000000000003,20.400000000000002,20.560000000000002,15829,32467233.999999996,0.0,0,20.39,0
20161208,1481126400000,20.56,20.56,20.09,20.09,36561,74076376.00000001,0.0,0,20.56,0
20161209,1481212800000,20.08,20.18,19.68,19.75,30090,60068858.00000001,0.0,0,20.09,0
20161212,1481472000000,19.68,19.88,18.0,18.24,45604,86761500.0,0.0,0,19.75,0
20161213,1481558400000,18.04,18.85,17.8,18.59,45093,82853569.0,0.0,0,18.240000000000002,0
20161214,1481644800000,18.56,19.26,18.41,18.73,40047,75504785.00000001,0.0,0,18.59,0
20161215,1481731200000,18.67,19.340000000000003,18.650000000000002,19.01,29313,55979719.0,0.0,0,18.73,0
20161216,1481817600000,18.86,19.14,18.25,18.54,48285,90102975.0,0.0,0,19.01,0
20161219,1482076800000,18.5,18.88,18.5,18.82,30084,56328955.00000001,0.0,0,18.54,0
20161220,1482163200000,18.89,19.020000000000003,18.650000000000002,18.930000000000003,24512,46276713.0,0.0,0,18.820000000000004,0
20161221,1482249600000,18.88,19.12,18.84,19.03,18566,35229604.0,0.0,0,18.93,0
20161222,1482336000000,19.0,19.09,18.6,19.080000000000002,24867,47092194.0,0.0,0,19.03,0
20161223,1482422400000,18.970000000000002,19.19,18.900000000000002,19.020000000000003,22580,42958950.0,0.0,0,19.080000000000002,0
20161226,1482681600000,18.89,19.29,18.68,19.24,27601,52652006.0,0.0,0,19.02,0
20161227,1482768000000,19.27,19.38,19.0,19.31,27031,51839425.0,0.0,0,19.24,0
20161228,1482854400000,19.37,20.18,19.16,19.76,61731,122525036.00000001,0.0,0,19.31,0
20161229,1482940800000,19.51,20.180000000000003,19.51,19.680000000000003,47563,94800795.0,0.0,0,19.76,0
20161230,1483027200000,19.71,20.070000000000004,19.400000000000002,19.490000000000002,38635,76242502.0,0.0,0,19.680000000000003,0
20170103,1483372800000,19.650000000000002,20.37,19.650000000000002,20.19,44382,89231501.0,0.0,0,19.490000000000002,0
20170104,1483459200000,20.1,20.380000000000003,20.01,20.26,41419,83825284.0,0.0,0,20.19,0
20170105,1483545600000,20.25,20.35,20.0,20.27,31310,63282401.0,0.0,0,20.26,0
20170106,1483632000000,20.29,20.7,20.25,20.3,49257,101098790.0,0.0,0,20.27,0
20170109,1483891200000,20.01,21.090000000000003,19.900000000000002,20.820000000000004,62330,128509871.00000001,0.0,0,20.3,0
20170110,1483977600000,20.86,21.0,20.5,20.58,38843,80552298.0,0.0,0,20.82,0
20170111,1484064000000,20.650000000000002,20.95,20.23,20.23,34913,71761224.0,0.0,0,20.580000000000002,0
20170112,1484150400000,20.35,20.650000000000002,19.96,19.970000000000002,36723,74696215.0,0.0,0,20.23,0
20170113,1484236800000,20.03,20.330000000000002,19.76,19.96,28336,56734100.0,0.0,0,19.970000000000002,0
20170116,1484496000000,19.68,20.16,17.98,19.5,58269,112824428.00000001,0.0,0,19.96,0
20170117,1484582400000,19.21,19.700000000000003,18.92,19.580000000000002,33487,65159243.0,0.0,0,19.5,0
20170118,1484668800000,19.48,19.67,19.150000000000002,19.220000000000002,30721,59325334.99999999,0.0,0,19.580000000000002,0
20170119,1484755200000,19.220000000000002,19.340000000000003,18.900000000000002,18.98,23198,44277208.00000001,0.0,0,19.220000000000002,0
20170120,1484841600000,18.7,19.6,18.62,19.36,37365,71541071.0,0.0,0,18.98,0
20170123,1485100800000,19.41,20.12,19.39,19.82,37277,74075695.0,0.0,0,19.36,0
20170124,1485187200000,19.88,20.45,19.68,19.96,32752,65796871.99999999,0.0,0,19.82,0
20170125,1485273600000,19.9,20.07,19.63,19.77,22150,43828779.0,0.0,0,19.959999999999997,0
20170126,1485360000000,19.73,20.23,19.73,20.150000000000002,23101,46386423.0,0.0,0,19.77,0
20170203,1486051200000,20.180000000000003,20.580000000000002,20.080000000000002,20.41,25944,52885528.0,0.0,0,20.150000000000002,0
20170206,1486310400000,20.439999999999998,20.74,20.13,20.68,27804,57030476.0,0.0,0,20.41,0
20170207,1486396800000,20.74,20.86,20.0,20.17,40276,82053171.0,0.0,0,20.68,0
20170208,1486483200000,20.17,20.55,20.0,20.51,26890,54614692.99999999,0.0,0,20.17,0
20170209,1486569600000,20.5,20.700000000000003,20.35,20.48,25716,52753904.00000001,0.0,0,20.51,0
20170210,1486656000000,20.500000000000004,20.680000000000003,20.150000000000002,20.150000000000002,27388,55949117.0,0.0,0,20.48,0
20170213,1486915200000,20.2,21.08,20.2,20.97,76889,160004088.0,0.0,0,20.15,0
20170214,1487001600000,20.83,21.0,20.63,20.77,36120,75008143.0,0.0,0,20.97,0
20170215,1487088000000,20.790000000000003,20.85,20.240000000000002,20.270000000000003,33684,69088246.00000001,0.0,0,20.770000000000003,0
20170216,1487174400000,20.22,20.52,20.22,20.34,18380,37413158.0,0.0,0,20.27,0
20170217,1487260800000,20.34,20.439999999999998,19.95,20.09,35690,71870362.00000001,0.0,0,20.34,0
20170220,1487520000000,20.12,20.34,20.0,20.26,18624,37555958.0,0.0,0,20.09,0
20170221,1487606400000,20.32,20.51,20.01,20.41,28569,57923808.0,0.0,0,20.26,0
20170222,1487692800000,20.400000000000002,20.7,20.3,20.44,21897,44826421.0,0.0,0,20.41,0
20170223,1487779200000,20.47,21.23,20.47,21.029999999999998,104214,218679466.0,0.0,0,20.439999999999998,0
20170224,1487865600000,21.0,21.880000000000003,20.87,21.53,121843,262004742.0,0.0,0,21.03,0
20170227,1488124800000,21.5,21.69,21.14,21.14,62376,133234833.0,0.0,0,21.53,0
20170228,1488211200000,21.14,21.86,21.07,21.4,70460,151608814.0,0.0,0,21.14,0
20170301,1488297600000,21.349999999999998,22.189999999999998,21.29,21.86,83050,181761892.0,0.0,0,21.4,0
20170302,1488384000000,21.75,22.28,21.55,21.580000000000002,79700,174361335.0,0.0,0,21.86,0
20170303,1488470400000,21.31,21.83,21.18,21.5,52873,113524858.0,0.0,0,21.58,0
20170306,1488729600000,21.580000000000002,22.05,21.41,21.7,53037,115245583.0,0.0,0,21.5,0
20170307,1488816000000,21.75,22.130000000000003,21.62,21.880000000000003,69575,152368433.0,0.0,0,21.7,0
20170308,1488902400000,21.900000000000002,22.090000000000003,21.400000000000002,21.48,48528,105256263.00000001,0.0,0,21.880000000000003,0
20170309,1488988800000,21.470000000000002,21.610000000000003,21.080000000000002,21.220000000000002,39774,84552588.0,0.0,0,21.48,0
20170310,1489075200000,21.28,21.45,21.12,21.25,30683,65248583.0,0.0,0,21.220000000000002,0
20170313,1489334400000,21.200000000000003,22.060000000000002,21.080000000000002,22.000000000000004,77039,167713649.0,0.0,0,21.250000000000004,0
20170314,1489420800000,22.02,22.740000000000002,21.82,22.6,133647,298313741.0,0.0,0,22.0,0
20170315,1489507200000,22.41,22.57,22.12,22.45,65612,146585812.0,0.0,0,22.6,0
20170316,1489593600000,22.42,22.68,22.35,22.55,56074,126286336.0,0.0,0,22.450000000000003,0
20170317,1489680000000,22.580000000000002,22.820000000000004,22.150000000000002,22.44,78615,176818413.99999997,0.0,0,22.55,0
20170320,1489939200000,22.27,22.44,21.71,22.07,75958,167134659.0,0.0,0,22.44,0
20170321,1490025600000,22.080000000000002,22.79,21.91,22.43,88648,199263196.0,0.0,0,22.07,0
20170322,1490112000000,22.169999999999998,22.34,21.86,22.13,55920,123506460.00000001,0.0,0,22.43,0
20170323,1490198400000,22.029999999999998,22.65,21.81,22.279999999999998,63177,140857539.0,0.0,0,22.13,0
20170324,1490284800000,22.35,22.39,21.67,21.75,59962,131710495.0,0.0,0,22.28,0
20170327,1490544000000,21.71,21.97,21.66,21.77,34615,75408457.00000001,0.0,0,21.75,0
20170328,1490630400000,21.82,21.82,20.85,21.18,67833,143968323.0,0.0,0,21.770000000000003,0
20170329,1490716800000,21.220000000000002,21.28,20.85,20.96,33761,70924503.0,0.0,0,21.18,0
20170330,1490803200000,20.89,21.17,20.8,20.92,39612,83077070.0,0.0,0,20.96,0
20170331,1490889600000,20.85,21.39,20.85,21.19,42066,89039689.0,0.0,0,20.92,0
20170405,1491321600000,21.799999999999997,22.4,21.56,21.669999999999998,74428,162172510.0,0.0,0,21.189999999999998,0
20170406,1491408000000,21.47,21.64,21.04,21.119999999999997,74695,158617451.0,0.0,0,21.669999999999998,0
20170407,1491494400000,21.150000000000002,21.39,21.01,21.17,52987,112166115.00000001,0.0,0,21.12,0
20170410,1491753600000,21.22,21.279999999999998,20.72,20.72,49089,102668312.0,0.0,0,21.169999999999998,0
20170411,1491840000000,20.53,21.5,20.53,21.48,91289,193495669.0,0.0,0,20.720000000000002,0
20170412,1491926400000,21.39,21.55,20.830000000000002,20.89,53065,112262228.99999999,0.0,0,21.48,0
20170413,1492012800000,20.830000000000002,21.090000000000003,20.740000000000002,20.85,25649,53667435.00000001,0.0,0,20.89,0
20170414,1492099200000,20.970000000000002,21.240000000000002,20.580000000000002,20.6,45286,94620991.0,0.0,0,20.85,0
20170417,1492358400000,20.51,20.75,19.6,19.68,66388,132849696.99999999,0.0,0,20.6,0
20170418,1492444800000,19.720000000000002,19.970000000000002,19.62,19.64,31646,62570920.0,0.0,0,19.68,0
20170419,1492531200000,19.78,19.78,18.87,19.310000000000002,36691,70502558.00000001,0.0,0,19.64,0
20170420,1492617600000,19.310000000000002,19.46,19.05,19.240000000000002,18945,36459090.00000001,0.0,0,19.310000000000002,0
20170421,1492704000000,19.330000000000002,19.44,18.71,18.79,28676,54719507.99999999,0.0,0,19.240000000000002,0
20170424,1492963200000,18.84,18.84,16.91,16.92,96810,169346596.00000003,0.0,0,18.79,0
20170425,1493049600000,16.97,17.34,16.97,17.189999999999998,31147,53509557.0,0.0,0,16.919999999999998,0
20170426,1493136000000,17.25,17.32,16.94,17.110000000000003,38616,65868089.0,0.0,0,17.19,0
20170427,1493222400000,17.14,17.25,16.36,17.21,58827,99027365.0,0.0,0,17.11,0
20170428,1493308800000,17.19,17.68,17.03,17.630000000000003,44417,77487856.00000001,0.0,0,17.21,0
20170502,1493654400000,17.669999999999998,17.669999999999998,17.29,17.38,33797,58804107.0,0.0,0,17.63,0
20170503,1493740800000,17.26,18.78,17.26,17.990000000000002,85351,153632239.0,0.0,0,17.380000000000003,0
20170504,1493827200000,18.0,18.04,17.48,17.81,56735,100805056.0,0.0,0,17.990000000000002,0
20170505,1493913600000,17.91,18.07,17.0,17.12,53804,94586152.99999999,0.0,0,17.81,0
20170508,1494172800000,16.89,17.05,16.580000000000002,16.720000000000002,33523,56456056.00000001,0.0,0,17.12,0
20170509,1494259200000,16.36,17.06,16.36,16.91,26290,44216992.99999999,0.0,0,16.72,0
20170510,1494345600000,16.919999999999998,17.06,16.36,16.4,28428,47569902.00000001,0.0,0,16.91,0
20170511,1494432000000,16.400000000000002,16.73,15.700000000000001,16.55,43742,71878022.0,0.0,0,16.400000000000002,0
20170512,1494518400000,16.44,16.64,16.43,16.5,16992,28069718.000000004,0.0,0,16.55,0
20170515,1494777600000,16.59,16.740000000000002,16.48,16.67,22234,36925884.0,0.0,0,16.5,0
20170516,1494864000000,16.64,17.13,16.22,17.009999999999998,41134,68559880.00000001,0.0,0,16.669999999999998,0
20170517,1494950400000,17.05,17.34,16.98,17.09,50630,86821570.00000001,0.0,0,17.01,0
20170518,1495036800000,16.7,17.119999999999997,16.63,16.82,23365,39377153.0,0.0,0,17.09,0
20170519,1495123200000,16.810000000000002,16.94,16.740000000000002,16.740000000000002,25430,42767920.0,0.0,0,16.82,0
20170522,1495382400000,16.89,17.180000000000003,16.490000000000002,16.490000000000002,29941,50161240.00000001,0.0,0,16.740000000000002,0
20170523,1495468800000,16.4,16.4,15.09,15.27,67083,105978387.0,0.0,0,16.49,0
20170524,1495555200000,15.059999999999999,15.459999999999999,15.02,15.42,21992,33628263.00000001,0.0,0,15.27,0
20170525,1495641600000,15.4,15.64,15.030000000000001,15.510000000000002,27150,41790567.0,0.0,0,15.420000000000002,0
20170526,1495728000000,15.46,15.66,15.370000000000001,15.38,26315,40826150.99999999,0.0,0,15.510000000000002,0
20170531,1496160000000,15.7,15.709999999999999,15.35,15.35,18091,28072738.0,0.0,0,15.379999999999999,0
20170601,1496246400000,15.21,15.43,14.75,14.76,27228,40911543.00000001,0.0,0,15.35,0
20170602,1496332800000,14.549999999999999,15.2,14.51,15.04,29270,43356310.0,0.0,0,14.76,0
20170605,1496592000000,15.18,15.29,15.09,15.22,18562,28205359.000000004,0.0,0,15.04,0
20170606,1496678400000,15.16,15.55,15.15,15.52,32966,50931532.0,0.0,0,15.22,0
20170607,1496764800000,15.55,15.98,15.5,15.85,35516,56029552.00000001,0.0,0,15.52,0
20170608,1496851200000,15.82,15.88,15.63,15.67,22052,34689868.0,0.0,0,15.850000000000001,0
20170609,1496937600000,15.610000000000001,15.76,15.4,15.530000000000001,27921,43432276.99999999,0.0,0,15.67,0
20170612,1497196800000,15.43,15.7,15.25,15.33,25513,39507637.0,0.0,0,15.47,0
20170613,1497283200000,15.280000000000001,15.72,15.21,15.620000000000001,24105,37494810.0,0.0,0,15.33,0
20170614,1497369600000,15.62,15.969999999999999,15.52,15.77,30311,47769341.0,0.0,0,15.62,0
20170615,1497456000000,15.860000000000001,16.150000000000002,15.790000000000001,15.96,36404,58260679.0,0.0,0,15.770000000000001,0
20170616,1497542400000,15.98,16.15,15.82,16.1,29826,47687431.0,0.0,0,15.96,0
20170619,1497801600000,15.91,16.4,15.91,16.34,33531,54319486.0,0.0,0,16.1,0
20170620,1497888000000,16.330000000000002,16.39,16.16,16.21,29288,47668160.0,0.0,0,16.34,0
20170621,1497974400000,16.23,16.5,16.18,16.36,46597,76197862.0,0.0,0,16.21,0
20170622,1498060800000,16.24,16.36,15.85,15.879999999999999,46938,75362017.0,0.0,0,16.36,0
20170623,1498147200000,15.99,15.99,15.4,15.870000000000001,35041,55080948.00000001,0.0,0,15.88,0
20170626,1498406400000,15.850000000000001,16.060000000000002,15.72,16.060000000000002,28702,45774193.0,0.0,0,15.870000000000001,0
20170627,1498492800000,16.13,16.23,15.91,15.95,27302,43853069.0,0.0,0,16.06,0
20170628,1498579200000,15.809999999999999,15.93,15.69,15.75,27487,43367572.0,0.0,0,15.95,0
20170629,1498665600000,15.74,16.1,15.74,16.0,34600,55078559.0,0.0,0,15.75,0
20170630,1498752000000,15.930000000000001,15.940000000000001,15.700000000000001,15.81,28342,44866134.00000001,0.0,0,16.0,0
20170703,1499011200000,15.83,16.27,15.83,16.26,46154,74144111.0,0.0,0,15.81,0
20170704,1499097600000,16.189999999999998,16.32,16.11,16.18,33983,55009112.0,0.0,0,16.259999999999998,0
20170705,1499184000000,16.2,16.470000000000002,16.12,16.400000000000002,48678,79426805.0,0.0,0,16.18,0
20170706,1499270400000,16.45,16.54,16.2,16.46,46022,75461271.00000001,0.0,0,16.4,0
20170707,1499356800000,16.439999999999998,16.81,16.2,16.759999999999998,59774,99194519.0,0.0,0,16.46,0
20170710,1499616000000,16.79,17.19,16.77,16.98,82617,140591105.0,0.0,0,16.759999999999998,0
20170711,1499702400000,16.83,16.93,16.38,16.45,60918,101164078.00000001,0.0,0,16.98,0
20170712,1499788800000,16.43,16.59,16.07,16.53,45280,73875633.0,0.0,0,16.45,0
20170713,1499875200000,16.45,16.98,16.43,16.8,55667,93327190.99999999,0.0,0,16.53,0
20170714,1499961600000,16.8,16.8,16.39,16.43,35807,59285543.0,0.0,0,16.8,0
20170717,1500220800000,16.09,16.09,14.790000000000001,14.790000000000001,103111,155153778.00000003,0.0,0,16.43,0
20170718,1500307200000,14.69,14.95,14.0,14.57,58181,83898461.0,0.0,0,14.79,0
20170719,1500393600000,14.5,14.780000000000001,14.31,14.76,43037,63127928.0,0.0,0,14.57,0
20170720,1500480000000,14.67,14.98,14.35,14.48,59790,87818886.0,0.0,0,14.76,0
20170721,1500566400000,14.45,14.7,14.42,14.55,28373,41438431.0,0.0,0,14.48,0
20170724,1500825600000,14.6,14.969999999999999,14.35,14.879999999999999,44411,65360728.0,0.0,0,14.549999999999999,0
20170725,1500912000000,14.85,15.08,14.77,14.959999999999999,48958,73169587.0,0.0,0,14.879999999999999,0
20170726,1500998400000,15.02,15.08,14.6,14.77,40858,60284320.0,0.0,0,14.959999999999999,0
20170727,1501084800000,14.83,15.47,14.65,15.32,74035,112235574.0,0.0,0,14.77,0
20170728,1501171200000,15.31,15.38,15.15,15.3,44678,68104094.00000001,0.0,0,15.32,0
20170731,1501430400000,15.25,15.450000000000001,15.06,15.38,45277,69144067.99999999,0.0,0,15.3,0
20170801,1501516800000,15.28,15.41,15.19,15.2,35194,53730727.0,0.0,0,15.379999999999999,0
20170802,1501603200000,15.15,15.41,14.870000000000001,14.88,52189,79237811.0,0.0,0,15.200000000000001,0
20170803,1501689600000,14.75,15.200000000000001,14.65,15.07,38046,57014080.0,0.0,0,14.88,0
20170804,1501776000000,15.07,16.11,15.01,15.94,132700,208233708.0,0.0,0,15.07,0
20170807,1502035200000,15.85,15.95,15.51,15.78,72272,113359197.0,0.0,0,15.94,0
20170808,1502121600000,15.68,16.4,15.51,16.19,119974,192695318.0,0.0,0,15.78,0
20170809,1502208000000,16.1,16.43,16.0,16.2,71785,116363369.0,0.0,0,16.19,0
20170810,1502294400000,16.2,16.75,16.13,16.65,122201,201228601.0,0.0,0,16.2,0
20170811,1502380800000,16.5,16.75,15.870000000000001,16.05,100241,164399866.99999997,0.0,0,16.650000000000002,0
20170814,1502640000000,16.05,16.05,16.05,16.05,0,0.0,0.0,0,16.05,1
20170815,1502726400000,16.05,16.05,16.05,16.05,0,0.0,0.0,0,16.05,1
20170816,1502812800000,16.05,16.05,16.05,16.05,0,0.0,0.0,0,16.05,1
20170817,1502899200000,16.05,16.05,16.05,16.05,0,0.0,0.0,0,16.05,1
20170818,1502985600000,16.05,16.05,16.05,16.05,0,0.0,0.0,0,16.05,1
20170821,1503244800000,16.05,16.05,16.05,16.05,0,0.0,0.0,0,16.05,1
20170822,1503331200000,16.05,16.05,16.05,16.05,0,0.0,0.0,0,16.05,1
20170823,1503417600000,16.05,16.05,16.05,16.05,0,0.0,0.0,0,16.05,1
20170824,1503504000000,16.05,16.05,16.05,16.05,0,0.0,0.0,0,16.05,1
20170825,1503590400000,16.05,16.05,16.05,16.05,0,0.0,0.0,0,16.05,1
20170828,1503849600000,16.05,16.05,16.05,16.05,0,0.0,0.0,0,16.05,1
20170829,1503936000000,16.05,16.05,16.05,16.05,0,0.0,0.0,0,16.05,1
20170830,1504022400000,16.05,16.05,16.05,16.05,0,0.0,0.0,0,16.05,1
20170831,1504108800000,16.05,16.05,16.05,16.05,0,0.0,0.0,0,16.05,1
20170901,1504195200000,16.05,16.05,16.05,16.05,0,0.0,0.0,0,16.05,1
20170904,1504454400000,16.05,16.05,16.05,16.05,0,0.0,0.0,0,16.05,1
20170905,1504540800000,16.05,16.05,16.05,16.05,0,0.0,0.0,0,16.05,1
20170906,1504627200000,16.05,16.05,16.05,16.05,0,0.0,0.0,0,16.05,1
20170907,1504713600000,16.05,16.05,16.05,16.05,0,0.0,0.0,0,16.05,1
20170908,1504800000000,16.05,16.05,16.05,16.05,0,0.0,0.0,0,16.05,1
20170911,1505059200000,16.05,16.05,16.05,16.05,0,0.0,0.0,0,16.05,1
20170912,1505145600000,16.05,16.05,16.05,16.05,0,0.0,0.0,0,16.05,1
20170913,1505232000000,16.05,16.05,16.05,16.05,0,0.0,0.0,0,16.05,1
20170914,1505318400000,16.05,16.05,16.05,16.05,0,0.0,0.0,0,16.05,1
20170915,1505404800000,16.05,16.05,16.05,16.05,0,0.0,0.0,0,16.05,1
20170918,1505664000000,16.05,16.05,16.05,16.05,0,0.0,0.0,0,16.05,1
20170919,1505750400000,16.05,16.05,16.05,16.05,0,0.0,0.0,0,16.05,1
20170920,1505836800000,16.05,16.05,16.05,16.05,0,0.0,0.0,0,16.05,1
20170921,1505923200000,16.05,16.05,16.05,16.05,0,0.0,0.0,0,16.05,1
20170922,1506009600000,16.05,16.05,16.05,16.05,0,0.0,0.0,0,16.05,1
20170925,1506268800000,16.05,16.05,16.05,16.05,0,0.0,0.0,0,16.05,1
20170926,1506355200000,16.05,16.05,16.05,16.05,0,0.0,0.0,0,16.05,1
20170927,1506441600000,16.05,16.05,16.05,16.05,0,0.0,0.0,0,16.05,1
20170928,1506528000000,16.05,16.05,16.05,16.05,0,0.0,0.0,0,16.05,1
20170929,1506614400000,16.05,16.05,16.05,16.05,0,0.0,0.0,0,16.05,1
20171009,1507478400000,16.05,16.05,16.05,16.05,0,0.0,0.0,0,16.05,1
20171010,1507564800000,16.05,16.05,16.05,16.05,0,0.0,0.0,0,16.05,1
20171011,1507651200000,16.05,16.05,16.05,16.05,0,0.0,0.0,0,16.05,1
20171012,1507737600000,16.05,16.05,16.05,16.05,0,0.0,0.0,0,16.05,1
20171013,1507824000000,16.05,16.05,16.05,16.05,0,0.0,0.0,0,16.05,1
20171016,1508083200000,16.05,16.05,16.05,16.05,0,0.0,0.0,0,16.05,1
20171017,1508169600000,16.05,16.05,16.05,16.05,0,0.0,0.0,0,16.05,1
20171018,1508256000000,16.05,16.05,16.05,16.05,0,0.0,0.0,0,16.05,1
20171019,1508342400000,16.05,16.05,16.05,16.05,0,0.0,0.0,0,16.05,1
20171020,1508428800000,16.05,16.05,16.05,16.05,0,0.0,0.0,0,16.05,1
20171023,1508688000000,16.05,16.05,16.05,16.05,0,0.0,0.0,0,16.05,1
20171024,1508774400000,16.05,16.05,16.05,16.05,0,0.0,0.0,0,16.05,1
20171025,1508860800000,16.05,16.05,16.05,16.05,0,0.0,0.0,0,16.05,1
20171026,1508947200000,16.05,16.05,16.05,16.05,0,0.0,0.0,0,16.05,1
20171027,1509033600000,16.05,16.05,16.05,16.05,0,0.0,0.0,0,16.05,1
20171030,1509292800000,16.05,16.05,16.05,16.05,0,0.0,0.0,0,16.05,1
20171031,1509379200000,16.05,16.05,16.05,16.05,0,0.0,0.0,0,16.05,1
20171101,1509465600000,16.05,16.05,16.05,16.05,0,0.0,0.0,0,16.05,1
20171102,1509552000000,16.05,16.05,16.05,16.05,0,0.0,0.0,0,16.05,1
20171103,1509638400000,16.05,16.05,16.05,16.05,0,0.0,0.0,0,16.05,1
20171106,1509897600000,16.05,16.05,16.05,16.05,0,0.0,0.0,0,16.05,1
20171107,1509984000000,16.05,16.05,16.05,16.05,0,0.0,0.0,0,16.05,1
20171108,1510070400000,16.05,16.05,16.05,16.05,0,0.0,0.0,0,16.05,1
20171109,1510156800000,16.05,16.05,16.05,16.05,0,0.0,0.0,0,16.05,1
20171110,1510243200000,16.05,16.05,16.05,16.05,0,0.0,0.0,0,16.05,1
20171113,1510502400000,16.05,16.05,16.05,16.05,0,0.0,0.0,0,16.05,1
20171114,1510588800000,16.05,16.05,16.05,16.05,0,0.0,0.0,0,16.05,1
20171115,1510675200000,16.05,16.05,16.05,16.05,0,0.0,0.0,0,16.05,1
20171116,1510761600000,16.05,16.05,16.05,16.05,0,0.0,0.0,0,16.05,1
20171117,1510848000000,16.05,16.05,16.05,16.05,0,0.0,0.0,0,16.05,1
20171120,1511107200000,16.05,16.05,16.05,16.05,0,0.0,0.0,0,16.05,1
20171121,1511193600000,16.05,16.05,16.05,16.05,0,0.0,0.0,0,16.05,1
20171122,1511280000000,16.05,16.05,16.05,16.05,0,0.0,0.0,0,16.05,1
20171123,1511366400000,16.05,16.05,16.05,16.05,0,0.0,0.0,0,16.05,1
20171124,1511452800000,16.05,16.05,16.05,16.05,0,0.0,0.0,0,16.05,1
20171127,1511712000000,16.05,16.05,16.05,16.05,0,0.0,0.0,0,16.05,1
20171128,1511798400000,16.05,16.05,16.05,16.05,0,0.0,0.0,0,16.05,1
20171129,1511884800000,16.05,16.05,16.05,16.05,0,0.0,0.0,0,16.05,1
20171130,1511971200000,16.05,16.05,16.05,16.05,0,0.0,0.0,0,16.05,1
20171201,1512057600000,16.05,16.05,16.05,16.05,0,0.0,0.0,0,16.05,1
20171204,1512316800000,16.05,16.05,16.05,16.05,0,0.0,0.0,0,16.05,1
20171205,1512403200000,15.100000000000001,15.55,14.450000000000001,14.450000000000001,112150,163102373.0,0.0,0,16.05,0
20171206,1512489600000,13.5,13.69,13.01,13.24,143174,188964215.0,0.0,0,14.45,0
20171207,1512576000000,13.01,13.690000000000001,12.9,13.290000000000001,97705,130385786.0,0.0,0,13.24,0
20171208,1512662400000,13.11,13.5,13.1,13.23,59245,78458933.0,0.0,0,13.29,0
20171211,1512921600000,13.2,13.379999999999999,13.01,13.17,61132,80500682.0,0.0,0,13.23,0
20171212,1513008000000,13.110000000000001,13.410000000000002,13.030000000000001,13.270000000000001,56186,74523560.00000001,0.0,0,13.170000000000002,0
20171213,1513094400000,13.180000000000001,13.340000000000002,13.120000000000001,13.24,35454,46849586.0,0.0,0,13.270000000000001,0
20171214,1513180800000,13.17,13.27,12.93,13.0,42128,55025562.0,0.0,0,13.24,0
20171215,1513267200000,12.97,13.08,12.66,12.69,57300,73622695.0,0.0,0,13.0,0
20171218,1513526400000,12.610000000000001,12.750000000000002,12.030000000000001,12.090000000000002,77583,95333272.00000001,0.0,0,12.690000000000001,0
20171219,1513612800000,12.17,12.219999999999999,12.02,12.18,32145,39040295.99999999,0.0,0,12.09,0
20171220,1513699200000,12.180000000000001,12.180000000000001,11.950000000000001,11.950000000000001,31840,38305947.0,0.0,0,12.180000000000001,0
20171221,1513785600000,11.950000000000001,11.950000000000001,11.47,11.870000000000001,47463,55732726.0,0.0,0,11.950000000000001,0
20171222,1513872000000,11.85,12.08,11.76,11.86,27725,33043847.0,0.0,0,11.87,0
20171225,1514131200000,11.97,12.120000000000001,11.790000000000001,11.9,32405,38720846.0,0.0,0,11.860000000000001,0
20171226,1514217600000,11.97,12.04,11.76,12.0,24532,29293976.0,0.0,0,11.9,0
20171227,1514304000000,11.940000000000001,12.07,11.88,11.97,24423,29254580.000000004,0.0,0,12.0,0
20171228,1514390400000,11.97,13.1,11.9,12.38,73007,91126943.00000001,0.0,0,11.97,0
20171229,1514476800000,12.26,12.4,12.17,12.33,36668,45028232.0,0.0,0,12.38,0
20180102,1514822400000,12.25,12.43,12.25,12.38,24616,30380919.0,0.0,0,12.33,0
20180103,1514908800000,12.32,12.59,12.32,12.55,35912,44769978.0,0.0,0,12.38,0
20180104,1514995200000,12.62,12.62,12.36,12.41,29487,36688618.0,0.0,0,12.549999999999999,0
20180105,1515081600000,12.49,12.49,12.31,12.35,23464,29038077.000000004,0.0,0,12.41,0
20180108,1515340800000,12.379999999999999,12.379999999999999,12.19,12.24,23837,29178587.000000004,0.0,0,12.35,0
20180109,1515427200000,12.18,12.469999999999999,12.18,12.2,29825,36711258.0,0.0,0,12.24,0
20180110,1515513600000,12.26,12.26,11.77,11.91,39452,47244160.99999999,0.0,0,12.2,0
20180111,1515600000000,11.95,12.25,11.84,12.18,33769,40782505.0,0.0,0,11.91,0
20180112,1515686400000,12.12,12.2,11.93,11.959999999999999,23372,28143452.0,0.0,0,12.18,0
20180115,1515945600000,11.8,11.95,10.99,11.11,85196,96915620.0,0.0,0,11.96,0
20180116,1516032000000,11.16,11.21,10.75,10.84,53315,58331705.0,0.0,0,11.11,0
20180117,1516118400000,10.860000000000001,11.16,10.73,11.1,46072,50515916.00000001,0.0,0,10.84,0
20180118,1516204800000,11.16,11.16,10.85,10.9,33214,36510881.0,0.0,0,11.1,0
20180119,1516291200000,10.94,11.12,10.85,10.9,32532,35770541.0,0.0,0,10.9,0
20180122,1516550400000,10.9,11.14,10.67,11.07,43667,47886438.0,0.0,0,10.9,0
20180123,1516636800000,11.07,11.14,11.0,11.1,32630,36110260.00000001,0.0,0,11.07,0
20180124,1516723200000,11.14,11.28,10.92,11.27,57796,64434381.0,0.0,0,11.1,0
20180125,1516809600000,11.23,11.58,11.21,11.280000000000001,65188,74470994.0,0.0,0,11.270000000000001,0
20180126,1516896000000,11.27,11.36,11.1,11.18,30101,33756769.99999999,0.0,0,11.28,0
20180129,1517155200000,11.12,11.389999999999999,11.02,11.059999999999999,34215,38297367.00000001,0.0,0,11.18,0
20180130,1517241600000,11.01,11.28,11.01,11.129999999999999,23817,26562820.000000004,0.0,0,11.06,0
20180131,1517328000000,11.05,11.100000000000001,10.3,10.3,61022,64547953.00000001,0.0,0,11.13,0
20180201,1517414400000,10.31,10.510000000000002,9.72,9.770000000000001,47720,47959113.99999999,0.0,0,10.3,0
20180202,1517500800000,9.770000000000001,9.98,9.450000000000001,9.920000000000002,29237,28737842.0,0.0,0,9.770000000000001,0
20180205,1517760000000,9.7,9.8,9.42,9.72,23377,22688112.000000004,0.0,0,9.92,0
20180206,1517846400000,9.42,9.6,8.75,8.75,80207,72237475.0,0.0,0,9.72,0
20180207,1517932800000,8.870000000000001,8.99,8.13,8.620000000000001,74088,63727462.0,0.0,0,8.75,0
20180208,1518019200000,8.569999999999999,8.819999999999999,8.2,8.7,50886,44174178.0,0.0,0,8.62,0
20180209,1518105600000,8.35,8.65,8.09,8.26,59387,49706214.0,0.0,0,8.7,0
20180212,1518364800000,8.49,8.75,8.3,8.67,43706,37576605.0,0.0,0,8.260000000000002,0
20180213,1518451200000,8.76,8.84,8.5,8.59,40441,35100109.0,0.0,0,8.67,0
20180214,1518537600000,8.569999999999999,8.719999999999999,8.45,8.68,35157,30399185.999999996,0.0,0,8.59,0
20180222,1519228800000,8.77,8.95,8.66,8.89,41968,37079690.0,0.0,0,8.68,0
20180223,1519315200000,8.92,9.12,8.83,8.92,37119,33252895.0,0.0,0,8.89,0
20180226,1519574400000,9.0,9.25,8.91,9.22,42012,38228020.00000001,0.0,0,8.92,0
20180227,1519660800000,9.23,9.670000000000002,9.13,9.49,78226,73817702.0,0.0,0,9.22,0
20180228,1519747200000,9.34,9.94,9.27,9.69,81027,78004225.0,0.0,0,9.49,0
20180301,1519833600000,9.6,10.32,9.53,10.28,99829,99469519.00000001,0.0,0,9.69,0
20180302,1519920000000,10.2,10.44,10.01,10.11,82062,83714132.0,0.0,0,10.28,0
20180305,1520179200000,10.180000000000001,10.180000000000001,9.97,10.180000000000001,43005,43435080.0,0.0,0,10.110000000000001,0
20180306,1520265600000,10.15,10.74,10.120000000000001,10.46,102643,107428495.00000001,0.0,0,10.180000000000001,0
20180307,1520352000000,10.38,10.46,10.15,10.16,63467,65234407.99999999,0.0,0,10.46,0
20180308,1520438400000,10.15,10.2,10.02,10.15,36190,36623488.0,0.0,0,10.16,0
20180309,1520524800000,10.15,10.57,10.07,10.51,108906,113313563.0,0.0,0,10.15,0
20180312,1520784000000,10.53,10.84,10.44,10.75,79718,85128152.00000001,0.0,0,10.51,0
20180313,1520870400000,10.67,11.06,10.6,10.92,98880,107552674.00000001,0.0,0,10.75,0
20180314,1520956800000,10.94,10.95,10.5,10.57,63647,68175842.0,0.0,0,10.92,0
20180315,1521043200000,10.47,10.57,10.14,10.540000000000001,75674,78196373.0,0.0,0,10.57,0
20180316,1521129600000,10.47,10.53,10.24,10.27,51717,53776475.0,0.0,0,10.540000000000001,0
20180319,1521388800000,10.22,10.430000000000001,10.22,10.26,39587,40903249.0,0.0,0,10.270000000000001,0
20180320,1521475200000,10.11,10.9,10.1,10.9,113064,120123301.00000001,0.0,0,10.26,0
20180321,1521561600000,10.85,11.49,10.85,11.19,178061,200255199.00000003,0.0,0,10.9,0
20180322,1521648000000,11.1,11.31,11.0,11.12,86273,95966560.0,0.0,0,11.19,0
20180323,1521734400000,10.85,10.85,10.07,10.18,110552,115601385.0,0.0,0,11.120000000000001,0
20180326,1521993600000,10.25,11.2,10.25,11.2,118497,130161060.00000001,0.0,0,10.18,0
20180327,1522080000000,12.2,12.32,12.02,12.32,109336,133856526.00000001,0.0,0,11.2,0
20180328,1522166400000,13.379999999999999,13.55,12.51,12.57,536596,707252048.0,0.0,0,12.32,0
20180329,1522252800000,12.700000000000001,12.850000000000001,12.030000000000001,12.190000000000001,315295,391305457.0,0.0,0,12.57,0
20180330,1522339200000,12.23,12.540000000000001,12.040000000000001,12.3,259753,319959189.00000006,0.0,0,12.190000000000001,0
20180402,1522598400000,12.35,12.719999999999999,11.94,12.69,264178,326115551.0,0.0,0,12.299999999999999,0
20180403,1522684800000,12.26,12.5,12.0,12.11,168400,205448096.0,0.0,0,12.69,0
20180404,1522771200000,12.299999999999999,12.77,12.18,12.26,221017,276118215.0,0.0,0,12.11,0
20180409,1523203200000,12.06,12.58,12.05,12.32,164749,203845260.0,0.0,0,12.260000000000002,0
20180410,1523289600000,12.28,12.28,11.27,11.549999999999999,201209,234116316.00000003,0.0,0,12.32,0
20180411,1523376000000,11.559999999999999,11.7,11.36,11.66,104312,120557897.00000001,0.0,0,11.549999999999999,0
20180412,1523462400000,11.59,11.690000000000001,11.22,11.3,101142,115556243.0,0.0,0,11.66,0
20180413,1523548800000,11.45,11.69,11.28,11.299999999999999,93167,106713948.00000001,0.0,0,11.299999999999999,0
20180416,1523808000000,11.270000000000001,11.5,11.22,11.33,57372,65294478.00000001,0.0,0,11.3,0
20180417,1523894400000,11.35,11.719999999999999,11.01,11.15,94716,107975092.0,0.0,0,11.33,0
20180418,1523980800000,11.29,11.51,10.86,11.49,100563,112702422.0,0.0,0,11.149999999999999,0
20180419,1524067200000,11.520000000000001,12.13,11.38,11.98,176490,208571338.0,0.0,0,11.49,0
20180420,1524153600000,11.8,12.05,11.41,11.49,113031,132966036.0,0.0,0,11.98,0
20180423,1524412800000,11.479999999999999,11.549999999999999,10.86,11.149999999999999,75524,84561830.0,0.0,0,11.49,0
20180424,1524499200000,11.19,11.5,11.15,11.5,58904,67087524.0,0.0,0,11.15,0
20180425,1524585600000,11.5,11.96,11.0,11.71,95283,110866584.0,0.0,0,11.5,0
20180426,1524672000000,11.73,12.09,11.59,11.629999999999999,121865,144585249.00000003,0.0,0,11.709999999999999,0
20180427,1524758400000,11.69,11.790000000000001,11.16,11.44,68178,77636568.0,0.0,0,11.63,0
20180502,1525190400000,11.5,11.6,11.26,11.379999999999999,46834,53455098.00000001,0.0,0,11.44,0
20180503,1525276800000,11.3,11.47,11.0,11.47,51874,58202179.0,0.0,0,11.38,0
20180504,1525363200000,11.38,11.860000000000001,11.3,11.67,92877,107606630.99999999,0.0,0,11.47,0
20180507,1525622400000,11.63,11.96,11.57,11.94,111388,131480970.00000001,0.0,0,11.67,0
20180508,1525708800000,12.0,12.3,11.82,11.870000000000001,110029,132178651.0,0.0,0,11.94,0
20180509,1525795200000,11.9,12.280000000000001,11.8,12.17,118591,143232959.00000003,0.0,0,11.870000000000001,0
20180510,1525881600000,12.18,12.2,11.94,12.1,71329,85841740.99999999,0.0,0,12.17,0
20180511,1525968000000,12.12,12.12,11.68,11.68,70078,83158278.0,0.0,0,12.1,0
20180514,1526227200000,11.71,11.84,11.3,11.430000000000001,65556,75632081.0,0.0,0,11.680000000000001,0
20180515,1526313600000,11.31,11.56,11.26,11.53,36526,41870804.0,0.0,0,11.43,0
20180516,1526400000000,11.48,11.500000000000002,11.200000000000001,11.200000000000001,40914,46585753.0,0.0,0,11.530000000000001,0
20180517,1526486400000,11.299999999999999,11.42,11.02,11.17,43033,48266620.0,0.0,0,11.2,0
20180518,1526572800000,11.19,11.36,11.09,11.33,32426,36478272.0,0.0,0,11.17,0
20180521,1526832000000,11.370000000000001,11.71,11.370000000000001,11.66,61875,71584485.0,0.0,0,11.330000000000002,0
20180522,1526918400000,11.67,11.88,11.58,11.81,54358,63807177.00000001,0.0,0,11.66,0
20180523,1527004800000,11.79,12.08,11.68,11.79,76665,91219590.0,0.0,0,11.81,0
20180524,1527091200000,11.71,11.83,11.63,11.65,33099,38809223.00000001,0.0,0,11.790000000000001,0
20180525,1527177600000,11.66,11.73,11.32,11.42,52471,60570399.0,0.0,0,11.65,0
20180528,1527436800000,11.39,11.63,11.15,11.41,44930,51262544.0,0.0,0,11.42,0
20180529,1527523200000,11.41,11.55,11.09,11.2,39551,44657714.0,0.0,0,11.41,0
20180530,1527609600000,11.15,11.15,10.18,10.209999999999999,63425,68004675.0,0.0,0,11.2,0
20180531,1527696000000,10.450000000000001,10.780000000000001,10.31,10.68,54630,57748712.00000001,0.0,0,10.21,0
20180601,1527782400000,10.6,10.93,10.48,10.58,40647,43492250.0,0.0,0,10.68,0
20180604,1528041600000,10.59,10.790000000000001,10.4,10.59,20313,21585271.0,0.0,0,10.58,0
20180605,1528128000000,10.66,10.86,10.57,10.790000000000001,27657,29704170.0,0.0,0,10.59,0
20180606,1528214400000,10.8,10.950000000000001,10.700000000000001,10.73,26477,28611878.999999996,0.0,0,10.790000000000001,0
20180607,1528300800000,10.860000000000001,10.860000000000001,10.46,10.46,24021,25411083.0,0.0,0,10.73,0
20180608,1528387200000,10.42,10.56,10.32,10.450000000000001,26555,27666629.0,0.0,0,10.46,0
20180611,1528646400000,10.26,10.530000000000001,10.06,10.1,33212,33943487.0,0.0,0,10.450000000000001,0
20180612,1528732800000,10.1,10.37,10.1,10.35,21606,22230347.0,0.0,0,10.1,0
20180613,1528819200000,10.33,10.45,10.18,10.2,21560,22163317.0,0.0,0,10.28,0
20180614,1528905600000,10.15,10.290000000000001,9.9,10.040000000000001,29552,29796666.0,0.0,0,10.200000000000001,0
20180615,1528992000000,10.07,10.1,9.67,9.73,41011,40369841.0,0.0,0,10.04,0
20180619,1529337600000,9.7,9.709999999999999,8.76,8.76,57552,51875899.99999999,0.0,0,9.73,0
20180620,1529424000000,8.709999999999999,9.14,8.6,8.959999999999999,46230,41129426.0,0.0,0,8.76,0
20180621,1529510400000,9.0,9.04,8.61,8.75,45113,39988980.0,0.0,0,8.959999999999999,0
20180622,1529596800000,8.649999999999999,8.99,8.53,8.99,38273,34043404.0,0.0,0,8.75,0
20180625,1529856000000,9.01,9.09,8.84,8.87,32433,29051893.0,0.0,0,8.99,0
20180626,1529942400000,8.649999999999999,9.12,8.61,9.09,30056,27078890.0,0.0,0,8.87,0
20180627,1530028800000,9.03,9.229999999999999,9.03,9.12,26576,24236716.0,0.0,0,9.09,0
20180628,1530115200000,9.16,9.280000000000001,9.06,9.06,29137,26720360.0,0.0,0,9.120000000000001,0
20180629,1530201600000,9.08,9.41,9.06,9.360000000000001,36587,33901294.0,0.0,0,9.06,0
20180702,1530460800000,9.39,9.600000000000001,9.13,9.260000000000002,33653,31491024.0,0.0,0,9.360000000000001,0
20180703,1530547200000,9.260000000000002,9.64,9.200000000000001,9.610000000000001,50511,47778453.0,0.0,0,9.260000000000002,0
20180704,1530633600000,9.629999999999999,9.76,9.36,9.43,46793,44782648.0,0.0,0,9.61,0
20180705,1530720000000,9.4,9.57,9.15,9.15,31382,29316806.0,0.0,0,9.43,0
20180706,1530806400000,9.19,9.559999999999999,9.11,9.35,44621,41786615.00000001,0.0,0,9.149999999999999,0
20180709,1531065600000,9.370000000000001,9.600000000000001,9.370000000000001,9.510000000000002,39859,37890477.0,0.0,0,9.350000000000001,0
20180710,1531152000000,9.56,9.6,9.48,9.59,34719,33112545.0,0.0,0,9.51,0
20180711,1531238400000,9.46,9.46,8.99,9.22,40296,37377915.0,0.0,0,9.59,0
20180712,1531324800000,9.280000000000001,9.590000000000002,9.21,9.530000000000001,34331,32522047.0,0.0,0,9.22,0
20180713,1531411200000,9.6,9.64,9.49,9.51,30710,29294774.000000004,0.0,0,9.53,0
20180716,1531670400000,9.58,9.97,9.49,9.72,47993,46805896.0,0.0,0,9.51,0
20180717,1531756800000,9.649999999999999,9.87,9.61,9.87,36793,35811451.0,0.0,0,9.719999999999999,0
20180718,1531843200000,9.87,9.99,9.68,9.7,42418,41613178.0,0.0,0,9.87,0
20180719,1531929600000,9.75,9.75,9.51,9.59,28417,27298559.000000004,0.0,0,9.7,0
20180720,1532016000000,9.6,9.76,9.53,9.74,30119,29155882.0,0.0,0,9.59,0
20180723,1532275200000,9.75,10.120000000000001,9.71,9.99,56666,56536700.99999999,0.0,0,9.74,0
20180724,1532361600000,9.98,10.190000000000001,9.98,10.08,45443,45892148.0,0.0,0,9.99,0
20180725,1532448000000,10.120000000000001,10.360000000000001,10.05,10.15,45880,46789554.0,0.0,0,10.08,0
20180726,1532534400000,10.3,10.32,10.05,10.17,37642,38282266.0,0.0,0,10.15,0
20180727,1532620800000,10.19,10.22,10.07,10.11,36958,37462444.99999999,0.0,0,10.17,0
20180730,1532880000000,10.19,10.469999999999999,10.1,10.379999999999999,69050,71328172.0,0.0,0,10.11,0
20180731,1532966400000,10.450000000000001,10.450000000000001,10.21,10.270000000000001,44948,46388629.0,0.0,0,10.38,0
20180801,1533052800000,10.27,10.38,9.91,10.0,46901,47509883.0,0.0,0,10.27,0
20180802,1533139200000,9.93,9.94,9.49,9.73,43732,42371872.0,0.0,0,10.0,0
20180803,1533225600000,9.700000000000001,9.790000000000001,9.46,9.48,23086,22324955.000000004,0.0,0,9.73,0
20180806,1533484800000,9.41,9.78,9.41,9.620000000000001,41227,39807462.0,0.0,0,9.48,0
20180807,1533571200000,9.65,9.959999999999999,9.52,9.92,39134,38296273.0,0.0,0,9.62,0
20180808,1533657600000,9.89,10.13,9.82,9.870000000000001,37124,37036540.0,0.0,0,9.92,0
20180809,1533744000000,9.850000000000001,10.290000000000001,9.8,10.13,48158,48791120.99999999,0.0,0,9.870000000000001,0
20180810,1533830400000,10.14,10.21,9.950000000000001,10.100000000000001,44304,44589276.00000001,0.0,0,10.13,0
20180813,1534089600000,10.010000000000002,10.270000000000001,9.88,10.21,43254,43229665.00000001,0.0,0,10.100000000000001,0
20180814,1534176000000,10.21,10.21,10.07,10.120000000000001,29858,30227206.999999996,0.0,0,10.21,0
20180815,1534262400000,10.11,10.18,9.92,10.09,29800,29953009.0,0.0,0,10.12,0
20180816,1534348800000,10.16,11.1,10.01,11.1,181689,196319504.0,0.0,0,10.09,0
20180817,1534435200000,11.09,11.2,10.66,10.75,130215,141534900.00000003,0.0,0,11.1,0
20180820,1534694400000,10.74,10.870000000000001,10.32,10.700000000000001,101495,107342636.0,0.0,0,10.75,0
20180821,1534780800000,10.52,10.879999999999999,10.43,10.77,86006,91563827.00000001,0.0,0,10.7,0
20180822,1534867200000,10.68,10.7,10.51,10.58,48462,51319457.0,0.0,0,10.77,0
20180823,1534953600000,10.66,10.87,10.59,10.74,63450,68007216.0,0.0,0,10.58,0
20180824,1535040000000,10.74,10.75,10.3,10.370000000000001,63253,66533561.0,0.0,0,10.74,0
20180827,1535299200000,10.3,10.620000000000001,10.3,10.510000000000002,64564,67844538.0,0.0,0,10.370000000000001,0
20180828,1535385600000,10.59,11.25,10.53,10.879999999999999,112172,122123915.0,0.0,0,10.51,0
20180829,1535472000000,10.770000000000001,10.860000000000001,10.56,10.65,65495,70246680.0,0.0,0,10.88,0
20180830,1535558400000,10.61,10.729999999999999,10.36,10.379999999999999,55032,57662211.00000001,0.0,0,10.649999999999999,0
20180831,1535644800000,10.38,10.47,9.99,10.0,60958,62381648.00000001,0.0,0,10.38,0
20180903,1535904000000,10.07,10.32,9.9,10.31,50119,50906690.0,0.0,0,10.0,0
20180904,1535990400000,10.270000000000001,10.580000000000002,10.200000000000001,10.540000000000001,66772,69726201.0,0.0,0,10.31,0
20180905,1536076800000,10.459999999999999,10.75,10.36,10.36,61409,64806745.00000001,0.0,0,10.54,0
20180906,1536163200000,10.28,10.7,10.28,10.69,75130,79600703.00000001,0.0,0,10.36,0
20180907,1536249600000,10.66,10.780000000000001,10.370000000000001,10.55,63002,66736272.0,0.0,0,10.690000000000001,0
20180910,1536508800000,10.53,10.549999999999999,9.94,10.0,69449,70747145.0,0.0,0,10.549999999999999,0
20180911,1536595200000,9.91,10.35,9.9,10.280000000000001,57300,58508015.0,0.0,0,10.0,0
20180912,1536681600000,10.25,10.510000000000002,10.21,10.32,44716,46487753.0,0.0,0,10.280000000000001,0
20180913,1536768000000,10.33,10.84,10.33,10.72,63388,67250306.0,0.0,0,10.32,0
20180914,1536854400000,10.76,10.95,10.52,10.65,68396,73205070.0,0.0,0,10.719999999999999,0
20180917,1537113600000,10.67,10.84,10.3,10.440000000000001,61131,64667939.00000001,0.0,0,10.65,0
20180918,1537200000000,10.35,10.969999999999999,10.35,10.92,86743,92959478.0,0.0,0,10.44,0
20180919,1537286400000,10.86,11.09,10.77,11.09,108135,118328109.0,0.0,0,10.92,0
20180920,1537372800000,11.01,11.04,10.67,10.77,86035,93375178.0,0.0,0,11.09,0
20180921,1537459200000,10.8,10.93,10.73,10.89,60588,65774319.0,0.0,0,10.77,0
20180925,1537804800000,10.81,11.04,10.76,10.99,63097,68989031.0,0.0,0,10.89,0
20180926,1537891200000,11.049999999999999,11.049999999999999,10.85,10.9,55579,60773160.99999999,0.0,0,10.99,0
20180927,1537977600000,10.9,10.9,10.9,10.9,0,0.0,0.0,0,10.9,1
20180928,1538064000000,10.9,10.9,10.9,10.9,0,0.0,0.0,0,10.9,1
20181008,1538928000000,10.9,10.9,10.9,10.9,0,0.0,0.0,0,10.9,1
20181009,1539014400000,10.5,10.68,9.82,10.13,82612,83948419.0,0.0,0,10.9,0
20181010,1539100800000,10.07,10.25,9.99,10.15,35511,35980000.0,0.0,0,10.13,0
20181011,1539187200000,9.66,9.770000000000001,9.14,9.14,69287,65069496.0,0.0,0,10.15,0
20181012,1539273600000,9.020000000000001,9.32,8.89,9.18,45289,41231462.0,0.0,0,9.14,0
20181015,1539532800000,9.18,9.35,9.07,9.08,24351,22502819.999999996,0.0,0,9.18,0
20181016,1539619200000,9.11,9.69,9.11,9.299999999999999,47900,44964017.0,0.0,0,9.08,0
20181017,1539705600000,9.4,9.46,9.05,9.34,34041,31597409.000000004,0.0,0,9.3,0
20181018,1539792000000,9.27,9.37,9.02,9.03,33706,31022829.0,0.0,0,9.34,0
20181019,1539878400000,8.92,9.270000000000001,8.8,9.260000000000002,42351,38612486.0,0.0,0,9.030000000000001,0
20181022,1540137600000,9.290000000000001,9.85,9.23,9.67,77938,74229345.0,0.0,0,9.26,0
20181023,1540224000000,9.610000000000001,9.71,9.39,9.48,39681,37969468.0,0.0,0,9.67,0
20181024,1540310400000,9.38,9.610000000000001,9.38,9.49,31095,29558590.0,0.0,0,9.48,0
20181025,1540396800000,9.15,9.42,9.05,9.370000000000001,30917,28564822.0,0.0,0,9.49,0
20181026,1540483200000,9.41,9.57,9.34,9.44,25704,24266874.000000004,0.0,0,9.37,0
20181029,1540742400000,9.43,9.540000000000001,9.32,9.35,21778,20482579.0,0.0,0,9.44,0
20181030,1540828800000,9.42,9.48,9.1,9.41,31090,28894013.000000004,0.0,0,9.35,0
20181031,1540915200000,9.43,9.620000000000001,9.31,9.46,30818,29247477.0,0.0,0,9.41,0
20181101,1541001600000,9.43,9.75,9.43,9.549999999999999,46704,44885272.0,0.0,0,9.459999999999999,0
20181102,1541088000000,9.63,9.770000000000001,9.63,9.73,47560,46172345.0,0.0,0,9.55,0
20181105,1541347200000,9.74,9.97,9.71,9.940000000000001,63201,62354345.0,0.0,0,9.73,0
20181106,1541433600000,9.93,9.93,9.68,9.81,34367,33535323.0,0.0,0,9.94,0
20181107,1541520000000,9.85,9.93,9.73,9.73,31891,31395376.000000004,0.0,0,9.81,0
20181108,1541606400000,9.77,9.87,9.59,9.629999999999999,32749,31735777.0,0.0,0,9.73,0
20181109,1541692800000,9.63,9.95,9.58,9.84,47769,46674816.0,0.0,0,9.63,0
20181112,1541952000000,9.790000000000001,10.05,9.72,10.01,49123,48760459.00000001,0.0,0,9.84,0
20181113,1542038400000,9.899999999999999,10.18,9.86,10.149999999999999,51173,51330514.0,0.0,0,10.01,0
20181114,1542124800000,10.14,10.23,10.01,10.11,47205,47849152.0,0.0,0,10.15,0
20181115,1542211200000,10.120000000000001,10.32,10.07,10.280000000000001,39493,40450973.0,0.0,0,10.11,0
20181116,1542297600000,10.38,10.46,10.21,10.260000000000002,45493,46976085.0,0.0,0,10.280000000000001,0
20181119,1542556800000,10.25,10.46,10.25,10.43,41683,43194427.0,0.0,0,10.26,0
20181120,1542643200000,10.37,10.66,10.0,10.03,72161,74294308.0,0.0,0,10.43,0
20181121,1542729600000,9.97,10.520000000000001,9.88,10.420000000000002,69310,70941663.0,0.0,0,10.030000000000001,0
20181122,1542816000000,10.440000000000001,10.56,10.22,10.23,51556,53424650.00000001,0.0,0,10.42,0
20181123,1542902400000,10.23,10.36,9.92,9.99,47965,48299852.0,0.0,0,10.23,0
20181126,1543161600000,9.94,10.049999999999999,9.68,9.82,41164,40596881.0,0.0,0,9.99,0
20181127,1543248000000,9.82,10.05,9.82,9.99,28231,28033546.0,0.0,0,9.82,0
20181128,1543334400000,9.99,10.14,9.89,10.120000000000001,38813,38998677.0,0.0,0,9.99,0
20181129,1543420800000,10.200000000000001,10.270000000000001,9.950000000000001,9.950000000000001,27104,27388288.0,0.0,0,10.120000000000001,0
20181130,1543507200000,9.95,9.98,9.41,9.78,42202,41045713.99999999,0.0,0,9.95,0
20181203,1543766400000,10.0,10.31,9.96,10.23,52912,53672787.0,0.0,0,9.780000000000001,0
20181204,1543852800000,10.25,10.35,10.19,10.32,37667,38699194.00000001,0.0,0,10.229999999999999,0
20181205,1543939200000,10.21,10.41,10.120000000000001,10.290000000000001,39430,40517901.0,0.0,0,10.32,0
20181206,1544025600000,10.25,10.44,10.19,10.27,43109,44439890.00000001,0.0,0,10.29,0
20181207,1544112000000,10.22,10.48,10.17,10.42,51900,53790303.0,0.0,0,10.27,0
20181210,1544371200000,10.39,10.4,10.18,10.24,30674,31522390.0,0.0,0,10.42,0
20181211,1544457600000,10.21,10.38,10.15,10.24,21311,21848260.000000004,0.0,0,10.24,0
20181212,1544544000000,10.200000000000001,10.350000000000001,10.120000000000001,10.14,28193,28797646.0,0.0,0,10.24,0
20181213,1544630400000,10.200000000000001,10.39,10.05,10.280000000000001,35170,35955212.0,0.0,0,10.14,0
20181214,1544716800000,10.29,10.36,9.68,9.78,53787,53623849.0,0.0,0,10.28,0
20181217,1544976000000,9.700000000000001,9.82,9.06,9.09,103488,97241033.00000001,0.0,0,9.780000000000001,0
20181218,1545062400000,9.149999999999999,9.34,9.03,9.26,61726,56636819.0,0.0,0,9.09,0
20181219,1545148800000,9.15,9.200000000000001,8.98,9.040000000000001,40394,36742860.99999999,0.0,0,9.26,0
20181220,1545235200000,9.02,9.15,8.98,9.1,39791,36084384.0,0.0,0,9.040000000000001,0
20181221,1545321600000,9.080000000000002,9.110000000000001,8.950000000000001,9.040000000000001,33739,30463929.0,0.0,0,9.100000000000001,0
20181224,1545580800000,9.06,9.17,8.98,9.09,34715,31546737.0,0.0,0,9.040000000000001,0
20181225,1545667200000,9.02,9.030000000000001,8.57,8.9,52473,46027670.00000001,0.0,0,9.09,0
20181226,1545753600000,8.899999999999999,8.93,8.78,8.83,25106,22237951.0,0.0,0,8.899999999999999,0
20181227,1545840000000,8.950000000000001,9.010000000000002,8.8,8.83,32646,29035370.0,0.0,0,8.83,0
20181228,1545926400000,8.83,8.950000000000001,8.56,8.6,39754,34662060.0,0.0,0,8.83,0
20190102,1546358400000,8.620000000000001,8.88,8.620000000000001,8.770000000000001,33059,28955660.0,0.0,0,8.600000000000001,0
20190103,1546444800000,8.72,9.180000000000001,8.72,8.950000000000001,51828,46777810.0,0.0,0,8.770000000000001,0
20190104,1546531200000,8.9,9.280000000000001,8.9,9.21,51254,46820111.99999999,0.0,0,8.950000000000001,0
20190107,1546790400000,9.3,9.75,9.22,9.58,66221,62736084.0,0.0,0,9.21,0
20190108,1546876800000,9.59,9.65,9.39,9.46,51422,48686452.0,0.0,0,9.58,0
20190109,1546963200000,9.49,9.59,9.42,9.43,37876,35972607.0,0.0,0,9.459999999999999,0
20190110,1547049600000,9.41,9.530000000000001,9.38,9.450000000000001,33087,31278598.000000004,0.0,0,9.430000000000001,0
20190111,1547136000000,9.42,9.549999999999999,9.35,9.5,36290,34284279.0,0.0,0,9.45,0
20190114,1547395200000,9.4,9.63,9.4,9.55,37371,35659325.99999999,0.0,0,9.5,0
20190115,1547481600000,9.520000000000001,9.700000000000001,9.38,9.600000000000001,39551,37812286.0,0.0,0,9.55,0
20190116,1547568000000,9.82,9.969999999999999,9.6,9.62,55463,54134826.0,0.0,0,9.6,0
20190117,1547654400000,9.620000000000001,9.790000000000001,9.56,9.58,29852,28973073.999999996,0.0,0,9.620000000000001,0
20190118,1547740800000,9.590000000000002,9.72,9.540000000000001,9.66,28628,27577871.000000004,0.0,0,9.58,0
20190121,1548000000000,9.750000000000002,9.780000000000001,9.620000000000001,9.71,27809,26987141.000000004,0.0,0,9.66,0
20190122,1548086400000,9.709999999999999,9.83,9.51,9.57,28389,27396508.0,0.0,0,9.709999999999999,0
20190123,1548172800000,9.57,9.73,9.540000000000001,9.71,26833,25918016.0,0.0,0,9.57,0
20190124,1548259200000,9.7,9.85,9.66,9.77,27139,26565148.0,0.0,0,9.71,0
20190125,1548345600000,9.78,9.98,9.76,9.799999999999999,38268,37829015.0,0.0,0,9.77,0
20190128,1548604800000,9.84,9.94,9.6,9.76,31737,31101871.0,0.0,0,9.799999999999999,0
20190129,1548691200000,9.75,9.77,9.4,9.66,29045,27904331.999999996,0.0,0,9.76,0
20190130,1548777600000,9.66,9.75,9.43,9.45,30543,29292466.000000004,0.0,0,9.66,0
20190131,1548864000000,9.49,9.66,9.41,9.51,43997,42007869.0,0.0,0,9.45,0
20190201,1548950400000,9.56,9.700000000000001,9.31,9.68,43279,41449067.0,0.0,0,9.51,0
20190211,1549814400000,9.68,9.94,9.65,9.93,45780,44952635.0,0.0,0,9.68,0
20190212,1549900800000,9.95,10.139999999999999,9.85,10.02,62669,62719908.00000001,0.0,0,9.93,0
20190213,1549987200000,10.06,10.35,10.01,10.34,72026,73814742.0,0.0,0,10.02,0
20190214,1550073600000,10.33,10.33,10.18,10.27,54574,55894064.0,0.0,0,10.34,0
20190215,1550160000000,10.21,10.47,10.16,10.28,55650,57454209.0,0.0,0,10.27,0
20190218,1550419200000,10.3,10.92,10.3,10.8,103996,110557825.00000001,0.0,0,10.280000000000001,0
20190219,1550505600000,10.72,10.860000000000001,10.56,10.81,60990,65278823.0,0.0,0,10.8,0
20190220,1550592000000,10.75,10.93,10.58,10.75,56900,61097941.0,0.0,0,10.81,0
20190221,1550678400000,10.780000000000001,11.07,10.700000000000001,10.790000000000001,80879,87915394.0,0.0,0,10.750000000000002,0
20190222,1550764800000,10.8,11.080000000000002,10.700000000000001,11.020000000000001,77728,84539510.0,0.0,0,10.790000000000001,0
20190225,1551024000000,11.08,11.760000000000002,11.05,11.55,137042,155720175.0,0.0,0,11.020000000000001,0
20190226,1551110400000,11.48,11.69,11.26,11.36,105556,120903878.99999999,0.0,0,11.549999999999999,0
20190227,1551196800000,11.520000000000001,11.850000000000001,11.3,11.48,120110,139218319.0,0.0,0,11.360000000000001,0
20190228,1551283200000,11.55,11.61,11.33,11.49,70651,81080712.0,0.0,0,11.48,0
20190301,1551369600000,11.52,11.59,11.18,11.41,76741,86979310.0,0.0,0,11.49,0
20190304,1551628800000,11.47,11.940000000000001,11.46,11.680000000000001,130628,152844355.0,0.0,0,11.41,0
20190305,1551715200000,11.639999999999999,11.879999999999999,11.6,11.85,98780,116405200.0,0.0,0,11.68,0
20190306,1551801600000,12.030000000000001,13.040000000000001,12.030000000000001,13.040000000000001,233068,299842261.0,0.0,0,11.850000000000001,0
20190307,1551888000000,13.0,13.0,12.61,12.82,175963,224833782.0,0.0,0,13.04,0
20190308,1551974400000,12.48,12.73,11.9,11.98,139433,171339496.0,0.0,0,12.82,0
20190311,1552233600000,12.25,12.82,12.15,12.73,156076,194329625.0,0.0,0,11.98,0
20190312,1552320000000,12.920000000000002,13.56,12.71,13.07,190629,251186822.0,0.0,0,12.73,0
20190313,1552406400000,13.200000000000001,13.610000000000001,12.48,12.65,155191,203768273.00000003,0.0,0,13.07,0
20190314,1552492800000,12.709999999999999,12.93,12.11,12.32,111988,139338205.0,0.0,0,12.649999999999999,0
20190315,1552579200000,12.4,12.6,12.25,12.47,75304,93773360.99999999,0.0,0,12.32,0
20190318,1552838400000,12.440000000000001,12.72,12.280000000000001,12.660000000000002,79251,99464558.0,0.0,0,12.47,0
20190319,1552924800000,12.73,12.93,12.52,12.809999999999999,88259,112420487.0,0.0,0,12.66,0
20190320,1553011200000,12.790000000000001,12.92,12.31,12.9,107670,136425627.0,0.0,0,12.81,0
20190321,1553097600000,12.99,13.97,12.99,13.4,175861,237800731.0,0.0,0,12.9,0
20190322,1553184000000,13.280000000000001,13.9,13.21,13.600000000000001,135801,185391324.0,0.0,0,13.4,0
20190325,1553443200000,13.6,14.350000000000001,13.31,13.870000000000001,165073,231599042.0,0.0,0,13.6,0
20190326,1553529600000,13.879999999999999,14.129999999999999,13.11,13.219999999999999,111611,150764576.0,0.0,0,13.87,0
20190327,1553616000000,13.49,13.86,12.61,13.76,108499,144782477.0,0.0,0,13.219999999999999,0
20190328,1553702400000,13.73,13.950000000000001,12.81,12.950000000000001,104714,140467062.00000003,0.0,0,13.76,0
20190329,1553788800000,13.1,13.6,13.0,13.5,90565,120973329.99999999,0.0,0,12.95,0
20190401,1554048000000,13.55,14.540000000000001,13.55,14.49,145821,205831016.0,0.0,0,13.5,0
20190402,1554134400000,14.48,14.790000000000001,14.15,14.23,128593,185611755.00000003,0.0,0,14.49,0
20190403,1554220800000,14.180000000000001,14.63,14.05,14.540000000000001,80761,115991983.0,0.0,0,14.23,0
20190404,1554307200000,14.629999999999999,14.75,14.34,14.41,97022,140842614.0,0.0,0,14.54,0
20190408,1554652800000,14.49,14.950000000000001,14.3,14.9,138555,203267715.0,0.0,0,14.41,0
20190409,1554739200000,14.73,14.93,14.52,14.73,67451,99005124.0,0.0,0,14.9,0
20190410,1554825600000,14.700000000000001,14.940000000000001,14.22,14.67,68119,99122819.00000001,0.0,0,14.73,0
20190411,1554912000000,14.58,14.64,14.08,14.08,66644,95327118.00000001,0.0,0,14.67,0
20190412,1554998400000,14.0,14.4,13.9,14.32,46701,66482265.0,0.0,0,14.08,0
20190415,1555257600000,14.469999999999999,14.959999999999999,14.1,14.129999999999999,88704,129113218.99999999,0.0,0,14.32,0
20190416,1555344000000,14.05,14.57,13.9,14.52,67453,96490409.0,0.0,0,14.13,0
20190417,1555430400000,14.59,14.629999999999999,14.34,14.41,61957,89739452.00000001,0.0,0,14.52,0
20190418,1555516800000,14.430000000000001,14.620000000000001,14.21,14.260000000000002,42917,61783753.00000001,0.0,0,14.41,0
20190419,1555603200000,14.35,14.379999999999999,13.93,14.08,54065,76196512.0,0.0,0,14.26,0
20190422,1555862400000,14.08,14.290000000000001,13.73,13.8,63421,88879059.0,0.0,0,14.08,0
20190423,1555948800000,13.89,13.89,12.9,13.49,106428,142853574.0,0.0,0,13.8,0
20190424,1556035200000,13.49,13.63,13.23,13.4,76347,102072231.0,0.0,0,13.49,0
20190425,1556121600000,13.47,13.57,12.81,12.82,76728,101802797.99999999,0.0,0,13.4,0
20190426,1556208000000,12.89,13.2,12.66,12.95,55854,72836327.99999999,0.0,0,12.82,0
20190429,1556467200000,12.9,13.040000000000001,12.540000000000001,12.57,52794,67395343.00000001,0.0,0,12.950000000000001,0
20190430,1556553600000,12.65,12.84,12.57,12.69,42811,54441365.00000001,0.0,0,12.57,0
20190506,1557072000000,12.18,12.47,11.66,11.85,89802,107491512.0,0.0,0,12.69,0
20190507,1557158400000,11.95,12.08,11.5,11.76,57105,67472790.00000001,0.0,0,11.85,0
20190508,1557244800000,11.500000000000002,12.340000000000002,11.450000000000001,12.110000000000001,78041,93995471.99999999,0.0,0,11.760000000000002,0
20190509,1557331200000,11.97,12.28,11.92,12.02,46972,56775417.00000001,0.0,0,12.11,0
20190510,1557417600000,12.06,12.55,11.99,12.55,84622,104281012.0,0.0,0,12.02,0
20190513,1557676800000,12.18,12.64,12.15,12.4,54824,68097644.0,0.0,0,12.55,0
20190514,1557763200000,12.250000000000002,12.700000000000001,12.200000000000001,12.410000000000002,60448,75739051.0,0.0,0,12.4,0
20190515,1557849600000,12.51,12.68,12.36,12.639999999999999,44991,56449831.00000001,0.0,0,12.41,0
20190516,1557936000000,12.600000000000001,13.350000000000001,12.530000000000001,13.350000000000001,105366,137232988.00000003,0.0,0,12.64,0
20190517,1558022400000,13.34,13.34,12.66,12.7,80556,104185422.0,0.0,0,13.35,0
20190520,1558281600000,12.6,12.92,12.43,12.879999999999999,48908,62010974.0,0.0,0,12.7,0
20190521,1558368000000,12.84,14.09,12.81,13.64,132848,179989393.0,0.0,0,12.88,0
20190522,1558454400000,13.52,13.73,13.4,13.6,69823,94986697.0,0.0,0,13.64,0
20190523,1558540800000,13.46,13.84,13.39,13.57,61414,83442149.0,0.0,0,13.600000000000001,0
20190524,1558627200000,13.4,13.53,12.92,13.05,79495,104600786.0,0.0,0,13.57,0
20190527,1558886400000,13.139999999999999,13.7,13.11,13.69,68319,92036023.00000001,0.0,0,13.049999999999999,0
20190528,1558972800000,13.61,14.06,13.5,13.84,92885,128027027.0,0.0,0,13.69,0
20190529,1559059200000,13.81,13.98,13.63,13.690000000000001,65375,90351508.0,0.0,0,13.840000000000002,0
20190530,1559145600000,13.67,14.0,13.56,13.870000000000001,77149,106274066.0,0.0,0,13.690000000000001,0
20190531,1559232000000,13.78,13.969999999999999,13.6,13.6,55799,76929796.0,0.0,0,13.87,0
20190603,1559491200000,13.540000000000001,13.930000000000001,13.530000000000001,13.55,57658,78922642.0,0.0,0,13.600000000000001,0
20190604,1559577600000,13.520000000000001,13.55,13.120000000000001,13.24,52727,69969413.0,0.0,0,13.55,0
20190605,1559664000000,13.490000000000002,13.600000000000001,13.030000000000001,13.07,42882,56926782.0,0.0,0,13.240000000000002,0
20190606,1559750400000,13.120000000000001,13.200000000000001,12.450000000000001,12.530000000000001,56725,72623891.0,0.0,0,13.07,0
20190610,1560096000000,12.629999999999999,13.049999999999999,12.6,12.84,41558,53347838.0,0.0,0,12.53,0
20190611,1560182400000,12.940000000000001,13.39,12.700000000000001,13.330000000000002,49798,65410767.0,0.0,0,12.840000000000002,0
20190612,1560268800000,13.549999999999999,13.83,13.44,13.61,72494,98941442.00000001,0.0,0,13.33,0
20190613,1560355200000,13.51,14.51,13.48,14.26,134177,189580404.0,0.0,0,13.610000000000001,0
20190614,1560441600000,14.17,14.49,13.85,13.95,88302,124942349.0,0.0,0,14.26,0
20190617,1560700800000,14.110000000000001,14.360000000000001,13.620000000000001,13.73,81451,113506239.0,0.0,0,13.950000000000001,0
20190618,1560787200000,13.99,13.99,13.700000000000001,13.73,61536,85121347.0,0.0,0,13.73,0
20190619,1560873600000,13.9,14.200000000000001,13.81,13.84,67586,94699072.0,0.0,0,13.610000000000001,0
20190620,1560960000000,13.7,14.75,13.67,14.66,145113,208617960.0,0.0,0,13.84,0
20190621,1561046400000,14.5,14.88,14.47,14.66,98855,145143945.0,0.0,0,14.66,0
20190624,1561305600000,14.55,15.56,14.55,15.260000000000002,163121,247697871.0,0.0,0,14.66,0
20190625,1561392000000,15.200000000000001,15.360000000000001,14.88,15.120000000000001,91607,138078615.0,0.0,0,15.260000000000002,0
20190626,1561478400000,15.100000000000001,15.100000000000001,14.700000000000001,15.000000000000002,64987,96907624.0,0.0,0,15.120000000000001,0
20190627,1561564800000,14.99,15.18,14.84,15.0,67917,101817890.0,0.0,0,15.0,0
20190628,1561651200000,15.020000000000001,15.100000000000001,14.530000000000001,14.840000000000002,91321,134928028.0,0.0,0,15.000000000000002,0
20190701,1561910400000,15.1,15.51,14.86,15.28,89847,136638600.0,0.0,0,14.84,0
20190702,1561996800000,15.31,15.440000000000001,15.05,15.32,74668,113954791.0,0.0,0,15.280000000000001,0
20190703,1562083200000,15.190000000000001,15.270000000000001,14.620000000000001,14.770000000000001,95070,141239840.0,0.0,0,15.32,0
20190704,1562169600000,14.879999999999999,15.78,14.85,15.44,161343,249418323.0,0.0,0,14.77,0
20190705,1562256000000,15.290000000000001,15.38,14.8,14.92,118303,177299436.0,0.0,0,15.440000000000001,0
20190708,1562515200000,14.850000000000001,14.99,14.55,14.600000000000001,78563,115631898.0,0.0,0,14.92,0
20190709,1562601600000,14.66,14.66,14.17,14.36,55719,79861651.0,0.0,0,14.6,0
20190710,1562688000000,14.620000000000001,15.1,14.48,14.530000000000001,73267,107910144.0,0.0,0,14.360000000000001,0
20190711,1562774400000,14.53,14.85,14.33,14.52,55907,81784603.0,0.0,0,14.53,0
20190712,1562860800000,14.610000000000001,14.940000000000001,14.39,14.860000000000001,54954,81340959.0,0.0,0,14.520000000000001,0
20190715,1563120000000,14.84,15.35,14.6,15.25,80661,121366354.0,0.0,0,14.86,0
20190716,1563206400000,15.270000000000001,15.350000000000001,14.97,15.100000000000001,73950,112206514.0,0.0,0,15.25,0
20190717,1563292800000,15.1,15.13,14.9,14.950000000000001,42564,63876221.0,0.0,0,15.1,0
20190718,1563379200000,15.0,15.0,14.56,14.65,45597,67241638.0,0.0,0,14.950000000000001,0
20190719,1563465600000,14.71,15.35,14.66,15.24,79860,121067414.0,0.0,0,14.65,0
20190722,1563724800000,15.13,15.260000000000002,14.700000000000001,14.930000000000001,70160,104710956.00000001,0.0,0,15.240000000000002,0
20190723,1563811200000,14.870000000000001,15.51,14.82,15.51,76137,115551321.0,0.0,0,14.93,0
20190724,1563897600000,15.41,15.93,15.41,15.55,105942,165577091.0,0.0,0,15.51,0
20190725,1563984000000,15.63,15.92,15.48,15.8,76356,119975946.0,0.0,0,15.55,0
20190726,1564070400000,15.66,16.15,15.6,16.03,81966,130760767.0,0.0,0,15.799999999999999,0
20190729,1564329600000,16.13,16.17,15.81,15.950000000000001,63034,100674462.00000001,0.0,0,16.03,0
20190730,1564416000000,16.0,16.57,15.950000000000001,16.37,107671,176042464.0,0.0,0,15.950000000000001,0
20190731,1564502400000,16.36,16.45,16.02,16.37,68834,111692568.0,0.0,0,16.37,0
20190801,1564588800000,16.25,16.25,15.83,15.87,89517,142893661.0,0.0,0,16.37,0
20190802,1564675200000,15.41,16.1,15.32,15.97,75666,120262071.0,0.0,0,15.870000000000001,0
20190805,1564934400000,15.92,16.18,15.4,15.51,88396,139434028.00000003,0.0,0,15.97,0
20190806,1565020800000,15.16,15.71,14.98,15.440000000000001,83703,128696328.99999999,0.0,0,15.51,0
20190807,1565107200000,15.690000000000001,15.700000000000001,14.88,14.89,74571,113837202.0,0.0,0,15.440000000000001,0
20190808,1565193600000,15.05,15.6,14.99,15.43,93739,143911411.99999997,0.0,15,14.89,0
20190809,1565280000000,15.549999999999999,15.61,14.6,14.75,108878,162735481.0,0.0,15,15.43,0
20190812,1565539200000,14.86,15.08,14.52,15.07,62067,91987904.0,0.0,15,14.75,0
20190813,1565625600000,15.0,15.0,14.65,14.8,45488,67474171.0,0.0,15,15.07,0
20190814,1565712000000,15.03,15.38,14.75,14.98,68219,102737715.00000001,0.0,15,14.8,0
20190815,1565798400000,14.590000000000002,14.98,14.530000000000001,14.88,69466,102267192.99999999,0.0,15,14.98,0
20190816,1565884800000,14.71,15.4,14.65,15.3,86562,131190185.0,0.0,15,14.88,0
20190819,1566144000000,15.26,15.83,15.08,15.73,112513,174001494.00000003,0.0,15,15.3,0
20190820,1566230400000,15.64,15.97,15.56,15.690000000000001,89849,141835123.0,0.0,15,15.73,0
20190821,1566316800000,15.71,16.11,15.66,15.92,89609,142677753.0,0.0,15,15.69,0
20190822,1566403200000,15.83,16.150000000000002,15.72,15.91,75083,119897114.00000001,0.0,15,15.92,0
20190823,1566489600000,16.04,16.29,15.72,16.0,67717,108093387.0,0.0,15,15.91,0
20190826,1566748800000,15.780000000000001,16.080000000000002,15.65,16.0,59695,94880906.00000001,0.0,15,16.0,0
20190827,1566835200000,16.009999999999998,16.36,15.93,16.19,79016,127817791.0,0.0,15,16.0,0
20190828,1566921600000,16.139999999999997,16.45,16.06,16.15,64718,105221296.0,0.0,15,16.189999999999998,0
20190829,1567008000000,16.17,16.6,16.17,16.240000000000002,88458,144929848.00000003,0.0,15,16.150000000000002,0
20190830,1567094400000,16.32,17.1,16.21,16.93,160654,269125238.0,0.0,15,16.240000000000002,0
20190902,1567353600000,16.93,18.56,16.93,18.45,251308,446799004.0,0.0,15,16.93,0
20190903,1567440000000,18.39,18.7,18.12,18.48,180583,331986365.0,0.0,15,18.45,0
20190904,1567526400000,18.37,18.57,17.78,18.11,137308,248375120.99999997,0.0,15,18.48,0
20190905,1567612800000,18.13,18.45,17.97,18.18,141274,257312847.0,0.0,15,18.11,0
20190906,1567699200000,18.1,18.17,17.8,17.94,87236,156600736.0,0.0,15,18.18,0
20190909,1567958400000,18.0,18.25,17.85,18.25,86536,156992551.0,0.0,15,17.94,0
20190910,1568044800000,18.259999999999998,18.88,17.95,18.009999999999998,144140,264546646.00000003,0.0,15,18.25,0
20190911,1568131200000,18.14,18.22,17.7,17.98,85651,154139421.0,0.0,15,18.009999999999998,0
20190912,1568217600000,17.9,18.0,17.31,17.7,97925,172001277.0,0.0,15,17.98,0
20190916,1568563200000,17.97,17.97,17.52,17.66,56553,100156425.0,0.0,15,17.7,0
20190917,1568649600000,17.63,17.74,17.02,17.16,71766,123884207.0,0.0,15,17.66,0
20190918,1568736000000,17.3,17.46,16.92,17.42,59207,101769002.0,0.0,15,17.16,0
20190919,1568822400000,17.42,17.75,17.37,17.61,60308,105791273.00000001,0.0,15,17.42,0
20190920,1568908800000,17.580000000000002,17.7,17.21,17.57,48223,84396847.0,0.0,15,17.61,0
20190923,1569168000000,17.6,17.650000000000002,16.89,17.2,56915,97475929.99999999,0.0,15,17.57,0
20190924,1569254400000,17.14,17.53,17.02,17.259999999999998,56009,97143986.00000001,0.0,15,17.2,0
20190925,1569340800000,17.25,17.720000000000002,17.17,17.270000000000003,73871,129376028.0,0.0,15,17.26,0
20190926,1569427200000,17.5,17.5,16.15,16.15,101114,168032090.0,0.0,15,17.27,0
20190927,1569513600000,16.400000000000002,17.45,16.21,17.150000000000002,113106,192065671.0,0.0,15,16.150000000000002,0
20190930,1569772800000,17.15,17.26,16.34,16.45,75792,125681239.0,0.0,15,17.15,0
20191008,1570464000000,16.61,16.61,15.84,15.89,68345,109981893.0,0.0,15,16.45,0
20191009,1570550400000,15.94,16.13,15.75,16.02,38319,61224658.0,0.0,15,15.89,0
20191010,1570636800000,16.08,16.38,16.0,16.34,46428,75284703.0,0.0,15,16.02,0
20191011,1570723200000,16.3,16.54,16.18,16.509999999999998,38670,63469675.0,0.0,15,16.34,0
20191014,1570982400000,16.55,17.11,16.52,16.73,71170,119850094.00000001,0.0,15,16.509999999999998,0
20191015,1571068800000,16.79,16.79,16.15,16.189999999999998,48351,79111090.99999999,0.0,15,16.729999999999997,0
20191016,1571155200000,16.25,16.39,16.01,16.200000000000003,40012,64794595.0,0.0,15,16.19,0
20191017,1571241600000,16.2,16.2,15.76,15.95,45764,72821616.0,0.0,15,16.2,0
20191018,1571328000000,15.97,16.06,15.57,15.57,38736,61019415.0,0.0,15,15.950000000000001,0
20191021,1571587200000,15.55,15.98,15.25,15.98,49699,77649630.0,0.0,15,15.57,0
20191022,1571673600000,15.860000000000001,16.09,15.72,16.04,44063,70139593.0,0.0,15,15.98,0
20191023,1571760000000,16.240000000000002,16.39,15.780000000000001,15.9,42797,68926846.00000001,0.0,15,16.040000000000003,0
20191024,1571846400000,15.9,16.02,15.5,15.65,32514,51159047.0,0.0,15,15.9,0
20191025,1571932800000,15.57,16.09,15.57,16.03,34790,55228409.0,0.0,15,15.65,0
20191028,1572192000000,16.01,16.59,15.97,16.45,50360,82197905.00000001,0.0,15,16.03,0
20191029,1572278400000,16.5,16.560000000000002,16.03,16.150000000000002,42373,68658513.00000001,0.0,15,16.450000000000003,0
20191030,1572364800000,16.150000000000002,16.26,15.72,15.770000000000001,33412,52963270.0,0.0,15,16.150000000000002,0
20191031,1572451200000,15.77,15.88,15.4,15.48,36863,57485401.99999999,0.0,15,15.77,0
20191101,1572537600000,15.459999999999999,15.74,15.44,15.69,32425,50741844.0,0.0,15,15.479999999999999,0
20191104,1572796800000,15.69,16.2,15.69,16.03,46274,74281739.0,0.0,15,15.69,0
20191105,1572883200000,16.04,16.14,15.790000000000001,15.860000000000001,35455,56550457.0,0.0,15,16.03,0
20191106,1572969600000,16.0,16.36,15.92,16.04,54549,88373968.0,0.0,15,15.86,0
20191107,1573056000000,15.870000000000001,16.28,15.870000000000001,16.16,32985,53227624.00000001,0.0,15,16.040000000000003,0
20191108,1573142400000,16.35,16.35,15.870000000000001,16.02,36774,59083648.0,0.0,15,16.16,0
20191111,1573401600000,15.92,15.92,15.57,15.620000000000001,34100,53361611.0,0.0,15,16.02,0
20191112,1573488000000,15.620000000000001,16.19,15.530000000000001,16.150000000000002,46937,74678270.0,0.0,15,15.620000000000001,0
20191113,1573574400000,16.14,16.14,15.620000000000001,15.73,45833,72454182.0,0.0,15,16.150000000000002,0
20191114,1573660800000,15.73,15.780000000000001,15.530000000000001,15.64,26865,41962658.99999999,0.0,15,15.73,0
20191115,1573747200000,15.6,15.98,15.58,15.66,28742,45406134.00000001,0.0,15,15.64,0
20191118,1574006400000,15.65,15.930000000000001,15.55,15.91,30027,47408473.0,0.0,15,15.66,0
20191119,1574092800000,15.81,16.09,15.75,16.07,26424,42302368.0,0.0,15,15.91,0
20191120,1574179200000,16.1,16.16,15.92,16.15,30600,49146339.0,0.0,15,16.07,0
20191121,1574265600000,16.15,16.15,15.85,15.95,23510,37594671.0,0.0,15,16.15,0
20191122,1574352000000,15.86,16.04,15.25,15.37,50891,79318154.0,0.0,15,15.95,0
20191125,1574611200000,15.19,15.540000000000001,14.66,14.7,57538,86030427.0,0.0,15,15.370000000000001,0
20191126,1574697600000,14.700000000000001,15.030000000000001,14.56,14.790000000000001,34635,51096731.00000001,0.0,15,14.700000000000001,0
20191127,1574784000000,14.799999999999999,15.12,14.69,14.889999999999999,31916,47791764.00000001,0.0,15,14.79,0
20191128,1574870400000,14.89,15.14,14.88,15.05,25257,37998477.0,0.0,15,14.89,0
20191129,1574956800000,14.95,15.16,14.83,15.06,15328,22991354.0,0.0,15,15.05,0
20191202,1575216000000,15.13,15.13,14.82,14.870000000000001,20048,29993180.000000004,0.0,15,15.06,0
20191203,1575302400000,14.97,15.1,14.83,15.1,24614,36891187.0,0.0,15,14.87,0
20191204,1575388800000,15.0,15.44,15.0,15.36,27537,42005063.0,0.0,15,15.1,0
20191205,1575475200000,15.36,16.09,15.36,16.0,52349,82804274.0,0.0,15,15.36,0
20191206,1575561600000,16.0,16.18,15.91,16.14,47174,75870175.0,0.0,15,16.0,0
20191209,1575820800000,16.26,16.44,15.8,15.88,48633,77600041.99999999,0.0,15,16.14,0
20191210,1575907200000,15.85,15.969999999999999,15.68,15.84,33012,52216868.0,0.0,15,15.879999999999999,0
20191211,1575993600000,15.9,15.950000000000001,15.72,15.75,21893,34619700.0,0.0,15,15.84,0
20191212,1576080000000,15.75,16.12,15.71,15.950000000000001,39401,62951124.99999999,0.0,15,15.75,0
20191213,1576166400000,15.950000000000001,16.36,15.950000000000001,16.19,41537,67182658.0,0.0,15,15.950000000000001,0
20191216,1576425600000,16.23,16.6,16.07,16.5,44946,73664244.0,0.0,15,16.19,0
20191217,1576512000000,16.599999999999998,16.78,16.36,16.7,55598,92318319.0,0.0,15,16.5,0
20191218,1576598400000,16.7,16.84,16.41,16.54,36290,60292371.00000001,0.0,15,16.7,0
20191219,1576684800000,16.6,16.64,16.35,16.5,31095,51247642.0,0.0,15,16.540000000000003,0
20191220,1576771200000,16.5,16.57,16.21,16.21,30140,49254516.00000001,0.0,15,16.5,0
20191223,1577030400000,16.21,16.43,16.02,16.04,47415,76699871.0,0.0,15,16.21,0
20191224,1577116800000,16.03,16.19,15.89,16.17,37655,60320576.0,0.0,15,16.04,0
20191225,1577203200000,16.259999999999998,16.27,15.93,16.14,36213,58179936.0,0.0,15,16.169999999999998,0
20191226,1577289600000,16.12,16.24,15.92,16.08,40444,64926666.0,0.0,15,16.14,0
20191227,1577376000000,16.1,16.12,15.81,15.81,46138,73530453.0,0.0,15,16.080000000000002,0
20191230,1577635200000,15.79,15.959999999999999,15.36,15.84,48242,75817939.0,0.0,15,15.809999999999999,0
20191231,1577721600000,15.94,16.1,15.84,15.97,34446,55044160.0,0.0,15,15.84,0
20200102,1577894400000,15.97,16.34,15.97,16.25,42005,67963817.0,0.0,15,15.97,0
20200103,1577980800000,16.25,16.39,16.1,16.330000000000002,46491,75636340.0,0.0,15,16.25,0
20200106,1578240000000,16.35,16.87,16.330000000000002,16.430000000000003,72057,119155936.00000001,0.0,15,16.330000000000002,0
20200107,1578326400000,16.46,16.75,16.45,16.54,51873,85940528.0,0.0,15,16.43,0
20200108,1578412800000,16.599999999999998,16.8,16.29,16.5,65592,108507122.99999999,0.0,15,16.54,0
20200109,1578499200000,16.5,16.7,16.18,16.57,65837,108348098.0,0.0,15,16.5,0
20200110,1578585600000,16.650000000000002,16.740000000000002,16.37,16.39,38853,64209200.00000001,0.0,15,16.57,0
20200113,1578844800000,16.4,16.52,16.04,16.48,72777,118447730.0,0.0,15,16.39,0
20200114,1578931200000,16.580000000000002,17.19,16.580000000000002,16.610000000000003,117329,197957202.99999997,0.0,15,16.48,0
20200115,1579017600000,16.65,17.0,16.29,16.939999999999998,95907,160326155.00000003,0.0,15,16.61,0
20200116,1579104000000,16.83,17.15,16.77,16.86,71669,121358562.00000001,0.0,15,16.94,0
20200117,1579190400000,16.72,16.86,15.56,15.64,175341,280878232.00000006,0.0,15,16.86,0
20200120,1579449600000,15.55,15.58,15.06,15.370000000000001,86785,132731007.0,0.0,15,15.64,0
20200121,1579536000000,15.39,15.47,15.22,15.24,54293,83160800.00000001,0.0,15,15.370000000000001,0
20200122,1579622400000,15.23,15.52,15.02,15.43,59165,90763866.0,0.0,15,15.24,0
20200123,1579708800000,15.299999999999999,15.459999999999999,14.69,14.84,60897,91654904.0,0.0,15,15.43,0
20200203,1580659200000,13.36,13.36,13.36,13.36,9074,12122864.0,0.0,15,14.84,0
20200204,1580745600000,12.200000000000001,13.4,12.200000000000001,13.180000000000001,82140,106690548.0,0.0,15,13.360000000000001,0
20200205,1580832000000,13.209999999999999,13.719999999999999,13.1,13.28,64005,86014122.00000001,0.0,15,13.18,0
20200206,1580918400000,13.4,13.74,13.290000000000001,13.540000000000001,74139,100723654.0,0.0,15,13.280000000000001,0
20200207,1581004800000,13.459999999999999,13.68,13.19,13.51,62613,83860144.0,0.0,15,13.54,0
20200210,1581264000000,13.459999999999999,14.08,13.42,14.0,65460,90583398.0,0.0,15,13.51,0
20200211,1581350400000,13.99,14.18,13.86,13.979999999999999,53202,74536527.0,0.0,15,14.0,0
20200212,1581436800000,13.870000000000001,14.23,13.870000000000001,14.190000000000001,44945,63410501.0,0.0,15,13.98,0
20200213,1581523200000,14.1,14.45,14.1,14.24,46844,66783468.0,0.0,15,14.19,0
20200214,1581609600000,13.97,14.38,13.96,14.290000000000001,47534,67554972.00000001,0.0,15,14.24,0
20200217,1581868800000,14.950000000000001,15.72,14.72,15.72,127438,195429948.00000003,0.0,15,14.290000000000001,0
20200218,1581955200000,17.29,17.29,16.81,17.29,361016,621272553.0,0.0,15,15.719999999999999,0
20200219,1582041600000,16.3,17.580000000000002,16.3,16.580000000000002,364297,613228981.0000001,0.0,15,17.29,0
20200220,1582128000000,16.46,16.79,16.02,16.33,206239,336248352.0,0.0,15,16.58,0
20200221,1582214400000,16.48,17.259999999999998,16.36,17.11,220640,371888596.0,0.0,15,16.33,0
20200224,1582473600000,16.84,17.51,16.59,17.38,205831,352431467.0,0.0,15,17.11,0
20200225,1582560000000,16.9,18.799999999999997,16.38,18.299999999999997,262339,457175320.99999994,0.0,15,17.38,0
20200226,1582646400000,17.8,18.28,16.55,16.970000000000002,219928,384396801.0,0.0,15,18.3,0
20200227,1582732800000,17.06,17.58,16.65,17.049999999999997,137206,235054800.99999997,0.0,15,16.97,0
20200228,1582819200000,16.400000000000002,16.85,16.03,16.130000000000003,127639,209832835.00000003,0.0,15,17.05,0
20200302,1583078400000,16.21,17.259999999999998,16.2,17.02,113675,190563560.0,0.0,15,16.13,0
20200303,1583164800000,17.3,18.090000000000003,16.92,17.21,143540,250636368.0,0.0,15,17.020000000000003,0
20200304,1583251200000,17.0,17.55,16.82,17.34,91588,157218572.0,0.0,15,17.21,0
20200305,1583337600000,17.560000000000002,17.740000000000002,17.21,17.400000000000002,95390,166577973.0,0.0,15,17.34,0
20200306,1583424000000,17.04,17.52,16.97,17.09,67763,116718270.0,0.0,15,17.4,0
20200309,1583683200000,16.7,16.97,16.16,16.17,93724,154823306.0,0.0,15,17.09,0
20200310,1583769600000,16.150000000000002,16.650000000000002,15.8,16.62,82145,133615572.00000001,0.0,15,16.17,0
20200311,1583856000000,16.7,17.65,16.63,16.84,127877,219684810.0,0.0,15,16.619999999999997,0
20200312,1583942400000,16.580000000000002,16.93,16.3,16.67,90988,150976168.0,0.0,15,16.84,0
20200313,1584028800000,15.98,17.1,15.85,16.99,96666,160375932.0,0.0,15,16.669999999999998,0
20200316,1584288000000,17.09,17.39,16.18,16.19,120085,202350636.00000003,0.0,15,16.99,0
20200317,1584374400000,16.200000000000003,16.650000000000002,15.860000000000001,16.42,71727,116792959.0,0.0,15,16.19,0
20200318,1584460800000,16.41,16.6,15.22,15.34,122674,195834942.0,0.0,15,16.42,0
20200319,1584547200000,15.32,16.55,15.23,16.080000000000002,147896,237720432.0,0.0,15,15.34,0
20200320,1584633600000,16.4,16.45,15.44,15.7,96517,152529655.0,0.0,15,16.08,0
20200323,1584892800000,15.370000000000001,15.38,14.38,14.71,84567,125243788.00000001,0.0,15,15.700000000000001,0
20200324,1584979200000,14.96,15.000000000000002,14.280000000000001,14.65,68534,99581067.0,0.0,15,14.71,0
20200325,1585065600000,14.88,15.07,14.58,14.9,52470,77945685.00000001,0.0,15,14.65,0
20200326,1585152000000,14.9,15.05,14.66,14.95,48855,72593641.0,0.0,15,14.9,0
20200327,1585238400000,14.99,15.5,14.92,15.24,80596,122299574.00000001,0.0,15,14.95,0
20200330,1585497600000,14.88,14.98,14.39,14.47,57146,83282017.0,0.0,15,15.24,0
20200331,1585584000000,14.610000000000001,14.8,14.3,14.31,29650,42886013.0,0.0,15,14.47,0
20200401,1585670400000,14.31,14.49,14.05,14.08,28349,40338815.0,0.0,15,14.31,0
20200402,1585756800000,14.13,14.43,13.82,14.4,29567,42018326.0,0.0,15,14.08,0
20200403,1585843200000,14.4,14.6,13.92,14.0,43677,61541763.0,0.0,15,14.4,0
20200407,1586188800000,14.37,15.049999999999999,14.18,14.879999999999999,81950,120050175.0,0.0,15,14.0,0
20200408,1586275200000,14.73,15.4,14.68,15.18,62180,94258545.00000001,0.0,15,14.879999999999999,0
20200409,1586361600000,15.350000000000001,15.48,14.950000000000001,15.06,44507,67368963.0,0.0,15,15.180000000000001,0
20200410,1586448000000,15.200000000000001,15.200000000000001,14.65,14.65,35056,51873941.0,0.0,15,15.06,0
20200413,1586707200000,14.56,14.81,14.46,14.65,24994,36582082.0,0.0,15,14.65,0
20200414,1586793600000,14.71,14.790000000000001,14.63,14.790000000000001,27007,39726554.0,0.0,15,14.65,0
20200415,1586880000000,14.850000000000001,14.98,14.39,14.41,52296,76631875.00000001,0.0,15,14.790000000000001,0
20200416,1586966400000,14.58,14.65,14.18,14.51,45796,66077893.0,0.0,15,14.41,0
20200417,1587052800000,14.57,15.13,14.57,14.86,73893,109856345.00000001,0.0,15,14.51,0
20200420,1587312000000,14.959999999999999,15.52,14.94,15.469999999999999,106110,162316882.0,0.0,15,14.86,0
20200421,1587398400000,15.5,15.66,15.24,15.58,92997,143942723.0,0.0,15,15.47,0
20200422,1587484800000,15.520000000000001,15.75,15.3,15.620000000000001,53401,82974701.0,0.0,15,15.58,0
20200423,1587571200000,15.700000000000001,16.17,15.55,15.99,77560,123583781.0,0.0,15,15.620000000000001,0
20200424,1587657600000,15.99,16.81,15.93,16.54,127759,209658853.0,0.0,15,15.99,0
20200427,1587916800000,16.25,16.29,15.75,16.09,76203,122488362.0,0.0,15,16.54,0
20200428,1588003200000,15.9,16.5,15.530000000000001,16.240000000000002,75018,120873010.00000001,0.0,15,16.09,0
20200429,1588089600000,16.06,16.32,15.91,16.06,49550,79901482.0,0.0,15,16.24,0
20200430,1588176000000,16.08,16.47,16.0,16.18,67736,109945644.0,0.0,15,16.06,0
20200506,1588694400000,16.27,16.68,15.94,16.63,64786,106439442.0,0.0,15,16.18,0
20200507,1588780800000,16.599999999999998,17.349999999999998,16.45,17.11,109015,185511151.00000003,0.0,15,16.63,0
20200508,1588867200000,17.12,17.57,17.05,17.19,71061,122389787.0,0.0,15,17.11,0
20200511,1589126400000,17.19,17.45,17.0,17.3,56097,96705322.0,0.0,15,17.19,0
20200512,1589212800000,17.3,17.73,17.19,17.46,74562,130196706.0,0.0,15,17.3,0
20200513,1589299200000,17.25,17.75,17.23,17.31,47933,83349263.0,0.0,15,17.46,0
20200514,1589385600000,17.18,17.59,17.12,17.25,54797,94976797.0,0.0,15,17.310000000000002,0
20200515,1589472000000,17.41,17.77,17.11,17.61,75870,133147190.00000001,0.0,15,17.25,0
20200518,1589731200000,17.62,18.35,17.5,18.05,100781,181391944.0,0.0,15,17.61,0
20200519,1589817600000,18.150000000000002,18.160000000000004,17.740000000000002,17.910000000000004,59419,106434110.00000001,0.0,15,18.05,0
20200520,1589904000000,18.0,18.08,17.34,17.66,75116,132894885.99999999,0.0,15,17.91,0
20200521,1589990400000,17.599999999999998,17.599999999999998,17.11,17.259999999999998,57176,99130685.0,0.0,15,17.66,0
20200522,1590076800000,17.330000000000002,17.770000000000003,17.150000000000002,17.26,53648,93488029.0,0.0,15,17.26,0
20200525,1590336000000,17.18,17.470000000000002,16.46,16.830000000000002,67710,113879747.0,0.0,15,17.26,0
20200526,1590422400000,16.92,17.080000000000002,16.67,16.970000000000002,50814,85741124.99999999,0.0,15,16.830000000000002,0
20200527,1590508800000,16.96,17.05,16.29,16.47,65894,109102746.0,0.0,15,16.97,0
20200528,1590595200000,16.509999999999998,16.79,16.2,16.55,46744,76965977.0,0.0,15,16.47,0
20200529,1590681600000,16.56,16.75,16.36,16.599999999999998,44378,73645215.0,0.0,15,16.55,0
20200601,1590940800000,16.61,17.37,16.61,17.33,70093,119718195.00000001,0.0,15,16.599999999999998,0
20200602,1591027200000,17.330000000000002,17.490000000000002,17.05,17.09,57408,98901723.00000001,0.0,15,17.330000000000002,0
20200603,1591113600000,17.09,17.29,16.91,16.95,50293,85896686.0,0.0,15,17.09,0
20200604,1591200000000,17.009999999999998,17.21,16.86,16.939999999999998,39966,68056982.0,0.0,15,16.95,0
20200605,1591286400000,16.94,17.09,16.57,16.68,43341,72604546.0,0.0,15,16.94,0
20200608,1591545600000,16.71,16.89,16.25,16.38,63127,104151965.99999999,0.0,15,16.68,0
20200609,1591632000000,16.51,17.86,16.21,17.6,154235,268123221.00000003,0.0,15,16.380000000000003,0
20200610,1591718400000,17.689999999999998,18.18,17.54,18.08,122810,220042079.0,0.0,15,17.599999999999998,0
20200611,1591804800000,18.1,18.380000000000003,17.900000000000002,18.03,100378,181606118.0,0.0,15,18.080000000000002,0
20200612,1591891200000,17.810000000000002,18.650000000000002,17.78,18.0,122377,223864661.0,0.0,15,18.03,0
20200615,1592150400000,18.33,18.65,17.81,17.82,106813,194267404.00000003,0.0,15,18.0,0
20200616,1592236800000,17.99,18.189999999999998,17.63,17.82,79129,141112006.0,0.0,15,17.82,0
20200617,1592323200000,17.880000000000003,18.1,17.6,17.75,79186,141054975.0,0.0,15,17.82,0
20200618,1592409600000,17.630000000000003,18.200000000000003,17.400000000000002,18.090000000000003,97772,174375840.0,0.0,15,17.750000000000004,0
20200619,1592496000000,17.98,18.36,17.7,18.09,90369,163239953.0,0.0,15,18.09,0
20200622,1592755200000,18.169999999999998,18.75,18.09,18.23,106946,196698773.0,0.0,15,18.09,0
20200623,1592841600000,18.400000000000002,18.48,17.69,18.37,94478,170275182.0,0.0,15,18.23,0
20200624,1592928000000,18.37,19.27,17.82,18.02,211354,393628717.0,0.0,15,18.37,0
20200629,1593360000000,17.81,19.82,17.81,18.939999999999998,297433,571618664.0,0.0,15,18.02,0
20200630,1593446400000,18.86,19.18,18.57,18.76,170535,320113273.0,0.0,15,18.94,0
20200701,1593532800000,19.090000000000003,19.150000000000002,17.830000000000002,18.240000000000002,185984,339418071.0,0.0,15,18.76,0
20200702,1593619200000,18.07,18.39,17.85,18.09,107559,194260702.99999997,0.0,15,18.240000000000002,0
20200703,1593705600000,18.0,18.23,17.66,17.76,156168,278702772.00000006,0.0,15,18.09,0
20200706,1593964800000,17.759999999999998,18.459999999999997,17.72,18.36,162019,294102358.0,0.0,15,17.759999999999998,0
20200707,1594051200000,18.330000000000002,19.740000000000002,18.3,19.36,199970,382890404.0,0.0,15,18.240000000000002,0
20200708,1594137600000,19.270000000000003,20.46,19.080000000000002,20.040000000000003,212905,422202340.0,0.0,15,19.360000000000003,0
20200709,1594224000000,20.4,20.48,19.7,20.2,206357,414716660.00000006,0.0,15,20.04,0
20200710,1594310400000,20.1,20.77,19.8,19.92,142700,287783420.0,0.0,15,20.2,0
20200713,1594569600000,19.75,20.9,19.75,20.82,148728,305990879.0,0.0,15,19.92,0
20200714,1594656000000,20.71,21.310000000000002,20.240000000000002,20.740000000000002,132745,274274378.00000006,0.0,15,20.82,0
20200715,1594742400000,20.75,21.12,19.8,19.96,135428,275346926.0,0.0,15,20.740000000000002,0
20200716,1594828800000,19.900000000000002,20.330000000000002,19.1,19.16,106617,211027780.0,0.0,15,19.96,0
20200717,1594915200000,19.17,20.150000000000002,19.05,19.470000000000002,98662,192591730.0,0.0,15,19.16,0
20200720,1595174400000,19.89,21.220000000000002,19.78,21.02,155362,319692382.00000006,0.0,15,19.470000000000002,0
20200721,1595260800000,21.220000000000002,21.32,19.96,20.25,137891,281590856.00000006,0.0,15,21.02,0
20200722,1595347200000,20.18,21.18,19.81,20.89,131084,272804384.0,0.0,15,20.25,0
20200723,1595433600000,20.880000000000003,22.98,20.580000000000002,22.98,210484,459795708.0,0.0,15,20.89,0
20200724,1595520000000,23.4,24.3,21.68,21.71,355213,818851033.0,0.0,15,22.98,0
20200727,1595779200000,21.71,22.610000000000003,21.01,22.19,185853,408167115.0,0.0,15,21.71,0
20200728,1595865600000,21.950000000000003,23.660000000000004,21.400000000000002,23.28,209546,476369889.0,0.0,15,22.19,0
20200729,1595952000000,22.96,24.330000000000002,22.8,24.09,177035,418933297.00000006,0.0,15,23.28,0
20200730,1596038400000,24.09,24.54,23.47,24.189999999999998,152351,364744249.0,0.0,15,24.09,0
20200731,1596124800000,23.8,24.259999999999998,22.7,23.72,155615,367294968.00000006,0.0,15,24.189999999999998,0
20200803,1596384000000,23.96,25.580000000000002,23.96,25.12,149709,374592110.99999994,0.0,15,23.720000000000002,0
20200804,1596470400000,24.89,25.12,24.060000000000002,24.78,123974,303356552.0,0.0,15,25.12,0
20200805,1596556800000,24.38,26.990000000000002,24.32,25.9,173761,444099097.0,0.0,15,24.78,0
20200806,1596643200000,26.2,27.3,25.45,26.08,200117,525473502.0,0.0,15,25.9,0
20200807,1596729600000,26.35,28.69,25.48,28.29,269473,734816796.0,0.0,15,26.080000000000002,0
20200810,1596988800000,28.01,30.14,27.55,28.2,220688,634100823.0,0.0,15,28.29,0
20200811,1597075200000,27.56,30.21,27.02,29.009999999999998,220847,631507898.0000001,0.0,15,28.2,0
20200812,1597161600000,28.58,28.98,26.11,26.16,211366,566569492.0,0.0,15,29.009999999999998,0
20200813,1597248000000,25.86,27.25,25.86,26.68,124761,331946001.00000006,0.0,15,26.16,0
20200814,1597334400000,26.05,27.85,26.01,27.05,114301,310555772.0,0.0,15,26.680000000000003,0
20200817,1597593600000,27.49,28.53,26.93,28.16,136015,379224292.00000006,0.0,15,27.05,0
20200818,1597680000000,28.0,28.88,27.61,28.11,129541,366577608.0,0.0,15,28.16,0
20200819,1597766400000,28.12,28.7,27.43,27.5,97817,274305072.00000006,0.0,15,28.11,0
20200820,1597852800000,27.400000000000002,27.43,25.85,25.880000000000003,114946,303566657.0,0.0,15,27.5,0
20200821,1597939200000,26.14,26.6,25.02,25.349999999999998,117868,302971619.0,0.0,15,25.88,0
20200824,1598198400000,25.86,26.49,25.02,25.87,76570,197223953.00000003,0.0,15,25.349999999999998,0
20200825,1598284800000,25.750000000000004,26.000000000000004,24.150000000000002,24.450000000000003,139085,344922417.00000006,0.0,15,25.87,0
20200826,1598371200000,24.470000000000002,24.89,23.71,23.970000000000002,72637,176381041.0,0.0,15,24.45,0
20200827,1598457600000,24.05,24.5,23.44,24.1,80945,193951749.0,0.0,15,23.970000000000002,0
20200828,1598544000000,24.080000000000002,24.93,23.73,24.87,109790,268092112.00000003,0.0,15,24.1,0
20200831,1598803200000,24.700000000000003,24.770000000000003,23.6,24.14,126936,305845884.00000006,0.0,15,24.87,0
20200901,1598889600000,24.3,26.000000000000004,24.150000000000002,25.71,156315,394824335.00000006,0.0,15,24.14,0
20200902,1598976000000,25.36,26.56,25.36,25.8,137981,359037093.99999994,0.0,15,25.71,0
20200903,1599062400000,26.0,26.1,24.8,25.0,93186,235489261.0,0.0,15,25.8,0
20200904,1599148800000,24.39,24.96,24.1,24.560000000000002,68140,166527726.0,0.0,15,25.0,0
20200907,1599408000000,24.860000000000003,25.23,24.17,24.380000000000003,69422,171711017.0,0.0,15,24.560000000000002,0
20200908,1599494400000,24.39,24.720000000000002,23.21,23.720000000000002,77840,185143304.0,0.0,15,24.380000000000003,0
20200909,1599580800000,23.5,24.32,22.55,23.62,107753,253900780.0,0.0,15,23.72,0
20200910,1599667200000,23.48,23.57,21.88,21.9,104402,235218467.0,0.0,15,23.619999999999997,0
20200911,1599753600000,21.9,22.21,21.34,22.13,74018,161473110.00000003,0.0,15,21.9,0
20200914,1600012800000,22.139999999999997,23.439999999999998,22.06,22.89,86311,196760169.0,0.0,15,22.13,0
20200915,1600099200000,23.0,23.13,22.27,22.7,65534,148643856.0,0.0,15,22.89,0
20200916,1600185600000,22.71,22.94,22.1,22.330000000000002,46214,103620263.0,0.0,15,22.700000000000003,0
20200917,1600272000000,22.24,23.15,21.91,22.87,57844,130590030.00000001,0.0,15,22.330000000000002,0
20200918,1600358400000,22.8,23.68,22.66,23.3,77761,180157324.0,0.0,15,22.87,0
20200921,1600617600000,23.31,24.5,23.23,24.12,118514,285742067.0,0.0,15,23.3,0
20200922,1600704000000,23.8,24.0,22.51,22.680000000000003,88640,205488310.0,0.0,15,24.12,0
20200923,1600790400000,23.01,23.070000000000004,22.150000000000002,22.520000000000003,65423,147223325.0,0.0,15,22.680000000000003,0
20200924,1600876800000,22.53,22.89,21.71,21.94,64047,141541749.0,0.0,15,22.52,0
20200925,1600963200000,21.84,22.39,21.57,21.92,52121,114573594.0,0.0,15,21.94,0
20200928,1601222400000,21.93,22.19,21.27,21.34,51066,110004100.0,0.0,15,21.919999999999998,0
20200929,1601308800000,21.48,22.47,21.48,22.41,78003,172560722.0,0.0,15,21.34,0
20200930,1601395200000,22.26,22.860000000000003,21.900000000000002,22.6,66884,150489182.0,0.0,15,22.410000000000004,0
20201009,1602172800000,22.95,23.24,22.7,23.15,76520,176058153.00000003,0.0,15,22.599999999999998,0
20201012,1602432000000,23.44,24.1,23.0,23.91,89596,211655902.00000003,0.0,15,23.15,0
20201013,1602518400000,23.87,25.200000000000003,23.740000000000002,24.73,132692,326139929.0,0.0,15,23.910000000000004,0
20201014,1602604800000,24.88,25.39,24.0,24.29,107922,265085437.0,0.0,15,24.73,0
20201015,1602691200000,24.09,24.7,23.91,24.35,59669,145413617.0,0.0,15,24.29,0
20201016,1602777600000,24.19,24.55,23.6,23.830000000000002,57779,138731443.0,0.0,15,24.35,0
20201019,1603036800000,23.98,24.27,23.5,23.91,60757,145232552.00000003,0.0,15,23.83,0
20201020,1603123200000,23.59,23.97,23.2,23.93,44051,103999160.0,0.0,15,23.91,0
20201021,1603209600000,24.11,24.11,23.16,23.25,51184,120146342.0,0.0,15,23.93,0
20201022,1603296000000,23.12,23.28,22.5,22.94,36219,83126691.0,0.0,15,23.25,0
20201023,1603382400000,23.16,24.189999999999998,22.86,23.73,85701,203851455.0,0.0,15,22.939999999999998,0
20201026,1603641600000,23.540000000000003,24.240000000000002,23.1,23.650000000000002,59525,141212966.0,0.0,15,23.73,0
20201027,1603728000000,23.52,24.29,23.52,23.93,71252,170837858.0,0.0,15,23.65,0
20201028,1603814400000,23.71,23.720000000000002,22.78,23.1,77763,179391110.0,0.0,15,23.93,0
20201029,1603900800000,22.310000000000002,22.73,21.78,22.450000000000003,87851,195173683.0,0.0,15,23.1,0
20201030,1603987200000,22.66,23.04,21.0,21.11,107941,236995597.00000003,0.0,15,22.45,0
20201102,1604246400000,21.34,21.34,20.19,21.19,100610,208742638.00000003,0.0,15,21.110000000000003,0
20201103,1604332800000,21.3,22.22,21.07,22.21,64082,139664357.0,0.0,15,21.19,0
20201104,1604419200000,22.28,22.45,21.84,22.27,53266,117999140.99999999,0.0,15,22.21,0
20201105,1604505600000,22.6,23.18,22.3,22.43,77212,174898406.0,0.0,15,22.27,0
20201106,1604592000000,22.41,22.76,22.09,22.4,53994,121137981.00000001,0.0,15,22.43,0
20201109,1604851200000,22.520000000000003,23.5,21.830000000000002,23.270000000000003,92237,212553310.0,0.0,15,22.400000000000002,0
20201110,1604937600000,23.71,25.72,23.27,24.77,189946,469332242.0,0.0,15,23.27,0
20201111,1605024000000,24.700000000000003,24.71,22.900000000000002,22.950000000000003,136448,323056363.0,0.0,15,24.770000000000003,0
20201112,1605110400000,23.33,23.77,22.7,23.09,73677,170482922.0,0.0,15,22.95,0
20201113,1605196800000,23.080000000000002,24.16,22.96,24.02,116501,276257179.0,0.0,15,23.09,0
20201116,1605456000000,24.36,25.79,24.2,24.689999999999998,158566,396213924.0,0.0,15,24.02,0
20201117,1605542400000,24.62,24.990000000000002,24.05,24.48,97112,237627731.0,0.0,15,24.69,0
20201118,1605628800000,24.29,25.5,24.2,25.41,130684,328019419.0,0.0,15,24.48,0
20201119,1605715200000,24.99,26.15,24.0,26.0,181443,460841620.0,0.0,15,25.41,0
20201120,1605801600000,26.21,26.42,25.580000000000002,25.880000000000003,125782,326705510.99999994,0.0,15,26.000000000000004,0
20201123,1606060800000,26.3,26.45,25.7,25.75,126524,330310949.0,0.0,15,25.88,0
20201124,1606147200000,25.5,26.580000000000002,25.23,26.2,119462,311444733.0,0.0,15,25.75,0
20201125,1606233600000,26.259999999999998,26.49,25.38,25.38,102732,266001031.0,0.0,15,26.2,0
20201126,1606320000000,25.48,26.05,24.94,25.450000000000003,87892,224227624.00000003,0.0,15,25.380000000000003,0
20201127,1606406400000,25.5,26.1,24.67,25.85,92337,235567724.0,0.0,15,25.450000000000003,0
20201130,1606665600000,25.650000000000002,26.39,25.21,25.240000000000002,86729,223743691.0,0.0,15,25.85,0
20201201,1606752000000,25.130000000000003,25.740000000000002,24.830000000000002,25.470000000000002,100573,253982300.0,0.0,15,25.240000000000002,0
20201202,1606838400000,25.51,25.900000000000002,24.87,25.700000000000003,78452,199159649.0,0.0,15,25.470000000000002,0
20201203,1606924800000,25.55,25.92,25.0,25.26,65506,165745695.00000003,0.0,15,25.7,0
20201204,1607011200000,25.88,28.4,25.88,27.349999999999998,245429,671162705.0,0.0,15,25.259999999999998,0
20201207,1607270400000,28.01,29.53,28.01,28.87,271316,786898831.0,0.0,15,27.35,0
20201208,1607356800000,28.900000000000002,29.96,28.51,28.900000000000002,185492,541282253.0,0.0,15,28.87,0
20201209,1607443200000,29.39,29.560000000000002,28.21,28.23,143483,410749504.0,0.0,15,28.900000000000002,0
20201210,1607529600000,28.62,29.5,28.1,28.860000000000003,166791,479564308.00000006,0.0,15,28.23,0
20201211,1607616000000,28.610000000000003,29.14,27.580000000000002,28.26,143228,403939831.0,0.0,15,28.860000000000003,0
20201214,1607875200000,27.8,29.07,27.6,28.990000000000002,126662,361455506.00000006,0.0,15,28.26,0
20201215,1607961600000,28.93,31.41,28.53,31.25,175141,534184346.00000006,0.0,15,28.990000000000002,0
20201216,1608048000000,30.64,31.25,30.21,30.8,108877,334578547.0,0.0,15,31.25,0
20201217,1608134400000,30.939999999999998,31.14,29.7,30.41,109911,332541330.0,0.0,15,30.8,0
20201218,1608220800000,30.099999999999998,32.769999999999996,29.79,32.269999999999996,169752,536030122.0,0.0,15,30.41,0
20201221,1608480000000,32.0,35.58,31.85,34.88,156720,530991434.0,0.0,15,32.27,0
20201222,1608566400000,34.76,35.129999999999995,33.3,33.76,128265,439253857.00000006,0.0,15,34.879999999999995,0
20201223,1608652800000,33.75,37.1,33.4,37.05,193671,685956653.0,0.0,15,33.76,0
20201224,1608739200000,37.0,38.5,33.1,33.63,321248,1147935485.0,0.0,15,37.050000000000004,0
20201225,1608825600000,33.160000000000004,35.440000000000005,33.160000000000004,34.57,192371,659913648.0,0.0,15,33.63,0
20201228,1609084800000,34.5,35.54,33.33,34.48,177757,610048884.0,0.0,15,34.57,0
20201229,1609171200000,34.3,34.48,32.0,32.46,181051,596792554.0,0.0,15,34.48,0
20201230,1609257600000,32.76,34.35,32.29,33.79,163495,546046163.0,0.0,15,32.46,0
20201231,1609344000000,33.5,36.1,33.46,35.95,215666,755938759.9999999,0.0,15,33.79,0
20210104,1609689600000,36.93,39.13,35.35,37.94,278756,1046442888.9999999,0.0,15,35.95,0
20210105,1609776000000,37.71,39.39,36.5,37.61,168102,632756952.0,0.0,15,37.94,0
20210106,1609862400000,37.49,39.38,36.82,38.4,186432,711032366.0,0.0,15,37.61,0
20210107,1609948800000,37.96,39.28,37.1,38.27,173870,661673540.0,0.0,15,38.4,0
20210108,1610035200000,37.8,37.8,33.33,34.519999999999996,247101,864092094.0000001,0.0,15,38.269999999999996,0
20210111,1610294400000,34.52,34.97,32.53,33.09,200294,674189706.0,0.0,15,34.52,0
20210112,1610380800000,32.85,34.79,32.85,34.1,153357,521800755.0,0.0,15,33.09,0
20210113,1610467200000,34.04,35.690000000000005,33.13,33.81,139622,478214438.0,0.0,15,34.1,0
20210114,1610553600000,33.38,33.7,31.07,31.78,182752,582332820.0,0.0,15,33.81,0
20210115,1610640000000,31.8,31.97,30.79,31.77,110458,346718229.0,0.0,15,31.779999999999998,0
20210118,1610899200000,32.4,32.82,31.79,31.869999999999997,116604,376365777.0,0.0,15,31.77,0
20210119,1610985600000,31.869999999999997,32.5,30.38,30.55,110868,346756194.00000006,0.0,15,31.869999999999997,0
20210120,1611072000000,30.79,31.75,30.32,31.62,111430,348589585.0,0.0,15,30.55,0
20210121,1611158400000,31.75,32.82,31.1,32.27,143322,458032719.0,0.0,15,31.62,0
20210122,1611244800000,31.830000000000002,32.5,30.71,31.53,153376,483081959.0,0.0,15,32.27,0
20210125,1611504000000,31.8,33.65,31.79,32.49,206235,677730024.0,0.0,15,31.529999999999998,0
20210126,1611590400000,32.2,32.300000000000004,30.310000000000002,30.750000000000004,137841,427256384.00000006,0.0,15,32.49,0
20210127,1611676800000,30.79,33.18,30.34,32.19,158678,507144386.0,0.0,15,30.75,0
20210128,1611763200000,31.82,33.07,31.19,31.310000000000002,104458,335750122.99999994,0.0,15,32.19,0
20210129,1611849600000,31.71,31.89,28.75,29.56,165401,494046596.0,0.0,15,31.31,0
20210201,1612108800000,29.6,30.0,28.32,28.41,113628,328623464.0,0.0,15,29.56,0
20210202,1612195200000,28.44,29.59,27.75,29.45,114811,329515575.00000006,0.0,15,28.41,0
20210203,1612281600000,29.4,29.41,28.2,28.36,77697,223994887.0,0.0,15,29.45,0
20210204,1612368000000,28.110000000000003,28.680000000000003,26.900000000000002,27.12,109107,300011794.0,0.0,15,28.360000000000003,0
20210205,1612454400000,27.560000000000002,28.09,26.12,26.35,102362,275132895.0,0.0,15,27.12,0
20210208,1612713600000,26.220000000000002,26.98,25.8,26.57,61931,163900254.00000003,0.0,15,26.35,0
20210209,1612800000000,26.66,29.790000000000003,26.53,29.580000000000002,121110,347364386.00000006,0.0,15,26.57,0
20210210,1612886400000,29.47,29.48,28.43,28.78,95455,275858774.00000006,0.0,15,29.58,0
20210218,1613577600000,29.080000000000002,29.78,28.62,29.080000000000002,84477,245709532.0,0.0,15,28.78,0
20210219,1613664000000,29.080000000000002,29.660000000000004,28.580000000000002,29.500000000000004,79487,233005569.0,0.0,15,29.080000000000002,0
20210222,1613923200000,29.5,31.17,29.23,29.54,139779,422667487.0,0.0,15,29.5,0
20210223,1614009600000,29.0,29.22,27.0,28.35,161992,456217659.0,0.0,15,29.54,0
20210224,1614096000000,28.89,29.53,28.26,28.5,113759,329047467.0,0.0,15,28.35,0
20210225,1614182400000,28.76,30.1,28.66,29.580000000000002,129279,380134940.0,0.0,15,28.5,0
20210226,1614268800000,28.6,29.3,27.85,28.1,101671,289573060.0,0.0,15,29.580000000000002,0
20210301,1614528000000,28.4,28.76,27.75,28.3,67028,188912222.0,0.0,15,28.1,0
20210302,1614614400000,28.59,28.68,27.3,27.650000000000002,70452,195784448.0,0.0,15,28.3,0
20210303,1614700800000,27.42,27.82,26.66,27.72,81743,223211449.00000003,0.0,15,27.65,0
20210304,1614787200000,27.410000000000004,27.790000000000003,26.400000000000002,26.64,83540,225513802.99999997,0.0,15,27.720000000000002,0
20210305,1614873600000,26.24,26.89,26.0,26.59,56413,149531605.0,0.0,15,26.64,0
20210308,1615132800000,26.65,26.97,24.5,24.54,127748,324807201.0,0.0,15,26.59,0
20210309,1615219200000,24.540000000000003,24.62,23.01,23.05,91908,216886554.0,0.0,15,24.540000000000003,0
20210310,1615305600000,23.5,24.13,23.14,23.37,68333,161007911.00000003,0.0,15,23.05,0
20210311,1615392000000,23.55,23.970000000000002,23.37,23.900000000000002,48193,114429837.0,0.0,15,23.37,0
20210312,1615478400000,23.970000000000002,24.080000000000002,23.3,23.52,48650,114578700.0,0.0,15,23.900000000000002,0
20210315,1615737600000,23.520000000000003,23.900000000000002,22.92,23.240000000000002,50672,118540106.0,0.0,15,23.520000000000003,0
20210316,1615824000000,23.38,23.66,22.56,22.849999999999998,65434,150566677.00000003,0.0,15,23.24,0
20210317,1615910400000,23.1,23.470000000000002,22.6,23.23,45418,105159881.0,0.0,15,22.85,0
20210318,1615996800000,23.45,23.72,23.06,23.34,55695,129930587.00000001,0.0,15,23.23,0
20210319,1616083200000,22.85,23.990000000000002,22.76,23.380000000000003,67447,157779610.0,0.0,15,23.34,0
20210322,1616342400000,23.32,24.16,23.3,23.75,75967,180027773.0,0.0,15,23.38,0
20210323,1616428800000,23.78,23.85,22.89,23.18,55656,129633190.00000001,0.0,15,23.75,0
20210324,1616515200000,23.34,23.43,22.45,22.49,67346,154268435.0,0.0,15,23.18,0
20210325,1616601600000,22.71,22.94,22.28,22.62,35037,79379567.0,0.0,15,22.490000000000002,0
20210326,1616688000000,22.78,23.560000000000002,22.6,23.41,57523,133396836.00000001,0.0,15,22.62,0
20210329,1616947200000,23.39,23.87,23.17,23.44,57352,135078110.0,0.0,15,23.41,0
20210330,1617033600000,23.41,24.64,23.3,24.12,115007,277053218.0,0.0,15,23.44,0
20210331,1617120000000,23.700000000000003,23.770000000000003,22.650000000000002,23.000000000000004,76702,177026186.0,0.0,15,24.12,0
20210401,1617206400000,23.16,23.2,22.39,22.580000000000002,55537,125872388.0,0.0,15,23.0,0
20210402,1617292800000,22.630000000000003,22.92,22.46,22.830000000000002,36146,82189832.99999999,0.0,15,22.580000000000002,0
20210406,1617638400000,22.8,23.22,22.79,23.02,36068,82975988.0,0.0,15,22.83,0
20210407,1617724800000,23.03,23.180000000000003,22.42,23.0,46412,105190242.0,0.0,15,23.020000000000003,0
20210408,1617811200000,22.85,23.05,22.62,22.7,41106,93786971.0,0.0,15,23.0,0
20210409,1617897600000,22.68,23.34,22.61,22.8,49732,113654979.0,0.0,15,22.7,0
20210412,1618156800000,22.75,22.78,21.42,21.450000000000003,72443,158443894.00000003,0.0,15,22.8,0
20210413,1618243200000,21.459999999999997,21.59,21.13,21.259999999999998,33217,70757994.0,0.0,15,21.45,0
20210414,1618329600000,21.41,21.94,21.25,21.85,31219,67514688.0,0.0,15,21.26,0
20210415,1618416000000,21.66,22.290000000000003,21.51,22.130000000000003,31293,68484928.0,0.0,15,21.85,0
20210416,1618502400000,22.3,22.349999999999998,21.86,22.16,24725,54664132.0,0.0,15,22.13,0
20210419,1618761600000,22.3,22.610000000000003,22.01,22.430000000000003,45021,100569447.0,0.0,15,22.16,0
20210420,1618848000000,22.5,22.54,22.09,22.18,43653,97299751.00000001,0.0,15,22.43,0
20210421,1618934400000,22.14,22.349999999999998,21.7,22.169999999999998,31961,70556044.0,0.0,15,22.18,0
20210422,1619020800000,22.29,22.48,22.06,22.189999999999998,30054,66816980.0,0.0,15,22.169999999999998,0
20210423,1619107200000,22.37,23.669999999999998,22.2,23.18,118321,273357195.0,0.0,15,22.189999999999998,0
20210426,1619366400000,23.25,24.57,23.22,24.439999999999998,139187,336906805.0,0.0,15,23.18,0
20210427,1619452800000,24.44,24.45,23.64,24.13,95809,229583067.0,0.0,15,24.44,0
20210428,1619539200000,24.16,24.720000000000002,23.8,24.18,92974,225421291.0,0.0,15,24.13,0
20210429,1619625600000,23.98,24.45,23.84,23.89,59505,143322479.0,0.0,15,24.18,0
20210430,1619712000000,23.93,24.150000000000002,23.48,23.75,56649,134772325.00000003,0.0,15,23.89,0
20210506,1620230400000,23.76,24.42,23.55,24.2,57429,138338220.0,0.0,15,23.75,0
20210507,1620316800000,24.0,24.09,22.95,22.95,67484,157973035.0,0.0,15,24.2,0
20210510,1620576000000,23.0,23.51,22.55,23.48,64579,149083497.0,0.0,15,22.95,0
20210511,1620662400000,23.200000000000003,23.900000000000002,23.03,23.71,51408,120844994.00000001,0.0,15,23.48,0
20210512,1620748800000,23.94,24.19,23.490000000000002,24.000000000000004,51872,123831747.00000001,0.0,15,23.71,0
20210513,1620835200000,23.720000000000002,24.330000000000002,23.67,23.930000000000003,57422,138139805.0,0.0,15,24.0,0
20210514,1620921600000,24.09,25.17,23.5,25.11,99648,243432236.0,0.0,15,23.93,0
20210517,1621180800000,25.3,25.759999999999998,24.61,24.79,93704,234810599.99999997,0.0,15,25.11,0
20210518,1621267200000,24.560000000000002,25.480000000000004,24.560000000000002,25.26,84098,211090343.0,0.0,15,24.790000000000003,0
20210519,1621353600000,25.009999999999998,25.56,24.86,25.39,64355,162318889.00000003,0.0,15,25.259999999999998,0
20210520,1621440000000,25.35,26.000000000000004,24.990000000000002,25.950000000000003,90742,233303670.00000003,0.0,15,25.39,0
20210521,1621526400000,25.700000000000003,25.75,24.85,24.91,81415,205051035.0,0.0,15,25.950000000000003,0
20210524,1621785600000,24.67,25.69,24.62,25.43,69392,174957024.99999997,0.0,15,24.91,0
20210525,1621872000000,25.28,25.94,25.01,25.790000000000003,84507,216224777.0,0.0,15,25.430000000000003,0
20210526,1621958400000,25.65,26.72,25.57,26.080000000000002,96342,253340194.00000003,0.0,15,25.79,0
20210527,1622044800000,26.0,26.580000000000002,25.82,26.22,60775,159785872.0,0.0,15,26.080000000000002,0
20210528,1622131200000,26.21,27.85,26.1,27.21,111258,301431582.0,0.0,15,26.220000000000002,0
20210531,1622390400000,27.3,28.77,26.91,28.29,145215,403429137.0,0.0,15,27.21,0
20210601,1622476800000,28.169999999999998,29.28,27.61,27.72,171067,485782212.0,0.0,15,28.29,0
20210602,1622563200000,27.82,28.45,26.97,27.04,116921,322963326.0,0.0,15,27.72,0
20210603,1622649600000,27.15,27.939999999999998,26.72,27.099999999999998,79765,218268332.0,0.0,15,27.04,0
20210604,1622736000000,26.84,28.259999999999998,26.84,28.09,86438,240446617.99999997,0.0,15,27.1,0
20210607,1622995200000,28.09,30.03,28.0,29.77,156180,459659010.0,0.0,15,28.09,0
20210608,1623081600000,29.52,30.19,29.12,30.09,110099,326483119.0,0.0,15,29.77,0
20210609,1623168000000,30.59,31.59,29.46,29.54,131557,400733634.0,0.0,15,30.09,0
20210610,1623254400000,29.490000000000002,30.41,29.28,29.84,79669,237145433.00000003,0.0,15,29.540000000000003,0
20210611,1623340800000,29.900000000000002,31.0,29.67,29.970000000000002,107801,327030473.0,0.0,15,29.840000000000003,0
20210615,1623686400000,29.3,30.71,28.79,30.099999999999998,86311,256975261.0,0.0,15,29.97,0
20210616,1623772800000,30.21,30.55,29.28,29.560000000000002,87240,260294180.0,0.0,15,30.1,0
20210617,1623859200000,29.65,30.16,28.82,29.7,65332,192527038.0,0.0,15,29.56,0
20210618,1623945600000,29.65,30.9,29.0,30.56,121188,368186687.00000006,0.0,15,29.57,0
20210621,1624204800000,30.16,32.11,30.1,32.08,138874,432757294.0,0.0,15,30.560000000000002,0
20210622,1624291200000,32.260000000000005,32.45,30.900000000000002,31.48,78239,246694283.0,0.0,15,32.080000000000005,0
20210623,1624377600000,31.47,32.14,31.18,31.58,81658,258489409.0,0.0,15,31.48,0
20210624,1624464000000,31.900000000000002,33.33,30.1,30.240000000000002,137293,436728288.0,0.0,15,31.580000000000002,0
20210625,1624550400000,30.029999999999998,32.01,29.63,31.88,114083,354792203.99999994,0.0,15,30.24,0
20210628,1624809600000,32.18,33.62,32.01,32.87,118265,389907743.00000006,0.0,15,31.88,0
20210629,1624896000000,32.87,33.199999999999996,32.15,32.55,81533,266621323.0,0.0,15,32.87,0
20210630,1624982400000,32.89,32.92,31.5,32.21,66816,213618801.0,0.0,15,32.55,0
20210701,1625068800000,32.269999999999996,32.9,30.38,30.57,84101,261699909.0,0.0,15,32.21,0
20210702,1625155200000,30.01,30.35,28.28,28.450000000000003,132733,383209205.0,0.0,15,30.57,0
20210705,1625414400000,28.39,29.580000000000002,28.37,29.25,77525,225520671.0,0.0,15,28.45,0
20210706,1625500800000,29.330000000000002,29.580000000000002,28.48,29.27,60461,175712680.00000003,0.0,15,29.25,0
20210707,1625587200000,29.080000000000002,34.95,29.05,34.410000000000004,195954,641458932.0,0.0,15,29.27,0
20210708,1625673600000,34.4,35.83,33.8,34.769999999999996,180952,630033175.0,0.0,15,34.41,0
20210709,1625760000000,34.39000000000001,36.800000000000004,34.300000000000004,35.92,131190,465430087.00000006,0.0,15,34.77,0
20210712,1626019200000,35.660000000000004,36.580000000000005,34.99,36.36,96722,347765391.0,0.0,15,35.92,0
20210713,1626105600000,36.34,37.50000000000001,35.230000000000004,36.830000000000005,110046,400021691.00000006,0.0,15,36.36000000000001,0
20210714,1626192000000,36.300000000000004,36.300000000000004,34.71,35.480000000000004,94366,334623756.0,0.0,15,36.83,0
20210715,1626278400000,35.480000000000004,36.03,33.82,34.83,86729,300517930.0,0.0,15,35.480000000000004,0
20210716,1626364800000,34.8,38.0,34.44,36.8,136773,499796316.0,0.0,15,34.83,0
20210719,1626624000000,36.13,37.49,35.28,35.49,101019,366587149.0,0.0,15,36.800000000000004,0
20210720,1626710400000,34.57,36.5,34.08,35.75,81725,290846244.0,0.0,15,35.489999999999995,0
20210721,1626796800000,36.39,37.8,35.58,37.199999999999996,98596,364557612.0,0.0,15,35.75,0
20210722,1626883200000,37.1,37.33,35.76,36.58,70687,256913627.0,0.0,15,37.199999999999996,0
20210723,1626969600000,35.980000000000004,39.35,35.6,38.47,156846,594390471.0,0.0,15,36.58,0
20210726,1627228800000,39.09,39.88,37.5,39.03,183572,716174867.0,0.0,15,38.47,0
20210727,1627315200000,38.410000000000004,39.5,36.6,37.120000000000005,160333,608110190.9999999,0.0,15,39.03,0
20210728,1627401600000,36.5,36.6,31.990000000000002,33.0,170480,575613680.0,0.0,15,37.120000000000005,0
20210729,1627488000000,33.6,35.800000000000004,33.6,35.260000000000005,146716,514026157.0,0.0,15,33.0,0
20210730,1627574400000,35.43,35.58,33.87,34.75,103656,359481188.0,0.0,15,35.26,0
20210802,1627833600000,35.3,37.5,34.76,37.15,156390,572723886.0,0.0,15,34.75,0
20210803,1627920000000,36.93,38.300000000000004,36.46,37.28,127849,476784892.0,0.0,15,37.15,0
20210804,1628006400000,37.28,40.879999999999995,36.97,39.17,206389,808666438.0,0.0,15,37.28,0
20210805,1628092800000,39.7,46.02,39.5,45.49,256493,1085804055.0,0.0,15,39.17,0
20210806,1628179200000,45.5,45.78,43.44,45.0,170142,757380343.0,0.0,15,45.489999999999995,0
20210809,1628438400000,44.800000000000004,49.06,44.45,47.790000000000006,188270,887176964.0,0.0,15,45.0,0
20210810,1628524800000,46.1,50.33,46.0,47.82,179490,865139544.0,0.0,15,47.79,0
20210811,1628611200000,47.25,49.839999999999996,46.37,49.57,177354,852405318.0,0.0,15,47.82,0
20210812,1628697600000,48.61000000000001,48.980000000000004,46.160000000000004,48.43000000000001,195367,929064790.0000001,0.0,15,49.57000000000001,0
20210813,1628784000000,46.5,46.81,42.88,43.120000000000005,323226,1441101825.0,0.0,15,48.43,0
20210816,1629043200000,44.03,45.0,41.88,43.150000000000006,176297,763852924.0,0.0,15,43.120000000000005,0
20210817,1629129600000,43.08,45.1,42.5,43.4,169335,743478753.0000001,0.0,15,43.15,0
20210818,1629216000000,42.79,45.199999999999996,42.01,42.69,184204,801980751.0,0.0,15,43.4,0
20210819,1629302400000,42.69,46.0,41.86,44.21,266505,1186540620.0,0.0,15,42.69,0
20210820,1629388800000,44.51,46.5,43.0,45.21,177540,802965019.0,0.0,15,44.21,0
20210823,1629648000000,45.65,49.58,44.43,47.62,201080,953829356.0,0.0,15,45.21,0
20210824,1629734400000,45.0,50.2,43.75,49.51,258169,1218751375.0,0.0,15,47.62,0
20210825,1629820800000,49.0,49.0,46.58,47.98,177299,843368968.0,0.0,15,49.51,0
20210826,1629907200000,47.120000000000005,48.95,45.88,46.6,134187,636495425.0,0.0,15,47.980000000000004,0
20210827,1629993600000,46.46,47.17,45.36,46.07,117435,539205024.0,0.0,15,46.6,0
20210830,1630252800000,46.18,48.59,46.0,46.93,143508,679088140.0,0.0,15,46.07,0
20210831,1630339200000,46.15,49.349999999999994,46.01,47.809999999999995,117234,559077586.9999999,0.0,15,46.93,0
20210901,1630425600000,47.260000000000005,48.75,43.160000000000004,43.71,176619,801821908.0,0.0,15,47.81,0
20210902,1630512000000,42.970000000000006,45.81,42.7,45.0,134240,604106636.0,0.0,15,43.71,0
20210903,1630598400000,45.18,45.18,39.0,41.0,257587,1065593745.9999999,0.0,15,45.0,0
20210906,1630857600000,41.370000000000005,41.650000000000006,40.2,41.230000000000004,117611,482217450.00000006,0.0,15,41.0,0
20210907,1630944000000,41.56,43.09,40.52,41.82,100207,422050502.00000006,0.0,15,41.230000000000004,0
20210908,1631030400000,41.99,42.550000000000004,40.730000000000004,41.13,71638,296880974.0,0.0,15,41.82000000000001,0
20210909,1631116800000,40.89,42.88,40.25,41.92,99230,412252229.0,0.0,15,41.13,0
20210910,1631203200000,41.92,42.92,41.480000000000004,41.940000000000005,84543,354976857.0,0.0,15,41.92,0
20210913,1631462400000,41.370000000000005,42.13,40.2,41.400000000000006,82373,338004840.0,0.0,15,41.940000000000005,0
20210914,1631548800000,42.0,43.5,41.1,41.82,105991,448881718.00000006,0.0,15,41.4,0
20210915,1631635200000,40.989999999999995,42.059999999999995,40.33,41.76,65016,268501138.0,0.0,15,41.82,0
20210916,1631721600000,41.5,41.5,38.1,38.78,149102,588801432.0,0.0,15,41.760000000000005,0
20210917,1631808000000,38.61,40.8,38.0,39.53,122267,483807360.0,0.0,15,38.78,0
20210922,1632240000000,38.75,42.9,38.71,41.72,111112,459410969.0,0.0,15,39.53,0
20210923,1632326400000,41.949999999999996,42.5,40.54,41.83,82238,341308214.0,0.0,15,41.72,0
20210924,1632412800000,41.2,42.16,41.0,41.34,57794,239766552.00000003,0.0,15,41.83,0
20210927,1632672000000,40.79,41.55,38.4,39.199999999999996,115951,457758535.0,0.0,15,41.339999999999996,0
20210928,1632758400000,38.99,40.300000000000004,38.67,38.940000000000005,57720,227259409.0,0.0,15,39.2,0
20210929,1632844800000,38.330000000000005,39.32000000000001,37.050000000000004,37.1,66096,250697042.00000003,0.0,15,38.940000000000005,0
20210930,1632931200000,37.21,38.63,37.11,38.63,59890,226564027.0,0.0,15,37.1,0
20211008,1633622400000,38.58,38.74,35.92,36.21,78846,289905117.0,0.0,15,38.63,0
20211011,1633881600000,36.55,38.379999999999995,35.65,36.87,104844,391108557.0,0.0,15,36.21,0
20211012,1633968000000,36.46,37.4,35.0,35.53,74671,267595896.00000003,0.0,15,36.87,0
20211013,1634054400000,35.39,35.800000000000004,34.6,35.690000000000005,55547,195891497.00000003,0.0,15,35.53,0
20211014,1634140800000,35.72,39.28,35.31,38.760000000000005,105803,400852692.0,0.0,15,35.690000000000005,0
20211015,1634227200000,38.53,40.06,38.21,39.38,83265,326705337.0,0.0,15,38.76,0
20211018,1634486400000,39.47,41.25,39.19,40.89,70854,287226112.0,0.0,15,39.379999999999995,0
20211019,1634572800000,40.620000000000005,41.040000000000006,39.730000000000004,40.45,68497,276327334.0,0.0,15,40.89,0
20211020,1634659200000,40.6,41.199999999999996,39.9,40.51,45688,185068961.0,0.0,15,40.449999999999996,0
20211021,1634745600000,40.6,40.68,39.78,40.03,42483,170398955.0,0.0,15,40.51,0
20211022,1634832000000,39.81,40.25,39.1,39.410000000000004,44705,177290542.00000003,0.0,15,40.03,0
20211025,1635091200000,39.410000000000004,40.99,39.14,40.54,60049,241346961.0,0.0,15,39.410000000000004,0
20211026,1635177600000,40.410000000000004,41.150000000000006,40.02,40.93,56563,229905540.0,0.0,15,40.540000000000006,0
20211027,1635264000000,41.7,42.49,38.56,39.29,114862,454365600.00000006,0.0,15,40.93,0
20211028,1635350400000,38.54,39.5,37.5,37.99,79415,304674925.99999994,0.0,15,39.29,0
20211029,1635436800000,38.230000000000004,42.50000000000001,37.800000000000004,41.74,140833,570021959.0,0.0,15,37.99,0
20211101,1635696000000,42.0,42.17,40.85,41.83,120046,498685743.00000006,0.0,15,41.74,0
20211102,1635782400000,42.120000000000005,43.75,41.81,43.370000000000005,155277,667790104.0,0.0,15,41.830000000000005,0
20211103,1635868800000,42.39,44.1,41.86,43.5,131222,565463931.0,0.0,15,43.37,0
20211104,1635955200000,43.510000000000005,44.800000000000004,42.77,44.400000000000006,121153,529395100.0,0.0,15,43.5,0
20211105,1636041600000,44.0,44.160000000000004,42.63,43.5,74214,321180936.0,0.0,15,44.400000000000006,0
20211108,1636300800000,43.64,48.79,42.76,46.41,147599,672818129.0,0.0,15,43.5,0
20211109,1636387200000,45.69,50.0,45.61,49.08,145628,698573608.0,0.0,15,46.41,0
20211110,1636473600000,48.8,49.58,47.0,47.44,104989,504935602.00000006,0.0,15,49.08,0
20211111,1636560000000,47.77,48.28,46.93,47.88,68370,325620859.0,0.0,15,47.44,0
20211112,1636646400000,48.0,52.21,47.52,51.1,152576,765914078.0,0.0,15,47.88,0
20211115,1636905600000,51.58,53.17,49.5,50.66,115971,592108330.0,0.0,15,51.1,0
20211116,1636992000000,49.68000000000001,52.1,47.52,48.0,153116,756833572.0,0.0,15,50.660000000000004,0
20211117,1637078400000,47.900000000000006,49.75,47.81,49.18,82422,403141511.0,0.0,15,48.0,0
20211118,1637164800000,49.220000000000006,53.53,48.160000000000004,52.480000000000004,143860,737736784.0,0.0,15,49.18000000000001,0
20211119,1637251200000,52.22,59.0,51.28,55.46,216829,1197755261.0,0.0,15,52.480000000000004,0
20211122,1637510400000,55.45,56.95,53.6,56.25,120255,670314929.0,0.0,15,55.46,0
20211123,1637596800000,55.98,57.83,55.11,55.88,93711,529157364.00000006,0.0,15,56.25,0
20211124,1637683200000,55.92,56.88,53.910000000000004,54.800000000000004,84142,464577376.00000006,0.0,15,55.88,0
20211125,1637769600000,54.73,55.57,52.9,53.93,93615,504084234.0,0.0,15,54.8,0
20211126,1637856000000,53.980000000000004,56.36,53.85,54.95,90511,496246572.0,0.0,15,53.93,0
20211129,1638115200000,54.25,59.199999999999996,54.01,57.769999999999996,142511,808996180.0000001,0.0,15,54.949999999999996,0
20211130,1638201600000,59.00000000000001,61.230000000000004,57.410000000000004,59.00000000000001,120105,710363320.0,0.0,15,57.77,0
20211201,1638288000000,58.440000000000005,59.480000000000004,56.6,57.38,69385,401645903.0,0.0,15,59.0,0
20211202,1638374400000,57.900000000000006,58.00000000000001,53.800000000000004,55.52,136499,752921198.0,0.0,15,57.38,0
20211203,1638460800000,55.52,57.18,54.85,57.1,91622,514333183.00000006,0.0,15,55.52,0
20211206,1638720000000,57.0,57.57,54.32,54.73,108820,603013652.0000001,0.0,15,57.1,0
20211207,1638806400000,55.11000000000001,55.50000000000001,50.800000000000004,51.75000000000001,146323,763481084.0,0.0,15,54.730000000000004,0
20211208,1638892800000,52.33,52.79,51.1,52.26,83108,432062667.0,0.0,15,51.75,0
20211209,1638979200000,52.0,52.300000000000004,50.95,51.77,66602,342958092.0,0.0,15,52.260000000000005,0
20211210,1639065600000,51.300000000000004,51.7,50.45,50.800000000000004,80899,411831775.0,0.0,15,51.77,0
20211213,1639324800000,50.08,50.79,49.39,50.4,90812,454336794.0,0.0,15,50.8,0
20211214,1639411200000,50.300000000000004,52.800000000000004,50.1,51.78,116410,603273868.0,0.0,15,50.4,0
20211215,1639497600000,52.7,53.27,51.06,51.78,79870,416454431.0,0.0,15,51.78,0
20211216,1639584000000,51.42,54.0,51.35,53.4,96465,513358089.0,0.0,15,51.78,0
20211217,1639670400000,53.0,54.65,51.68,51.83,69068,367923460.00000006,0.0,15,53.4,0
20211220,1639929600000,51.13,53.68,50.78,51.0,69870,364973788.00000006,0.0,15,51.83,0
20211221,1640016000000,50.5,52.6,50.4,52.1,49305,255247610.0,0.0,15,51.0,0
20211222,1640102400000,52.589999999999996,54.94,51.83,53.51,60890,326210356.0,0.0,15,52.1,0
20211223,1640188800000,53.5,53.77,51.53,52.550000000000004,53487,281559959.0,0.0,15,53.51,0
20211224,1640275200000,52.550000000000004,53.43,51.35,51.83,40355,210649287.0,0.0,15,52.550000000000004,0
20211227,1640534400000,51.580000000000005,52.29,51.06,51.31,27472,141875171.00000003,0.0,15,51.830000000000005,0
20211228,1640620800000,51.77,51.84,49.56,51.660000000000004,42359,214716422.00000003,0.0,15,51.31,0
20211229,1640707200000,51.63,54.5,51.410000000000004,54.2,92417,492779014.00000006,0.0,15,51.660000000000004,0
20211230,1640793600000,54.02,57.54,53.0,56.85,104223,584176546.0,0.0,15,54.2,0
20211231,1640880000000,56.89,57.800000000000004,56.02,57.6,68393,391282839.00000006,0.0,15,56.85,0
20220104,1641225600000,57.02,58.57000000000001,55.230000000000004,57.910000000000004,67499,384164971.0,0.0,15,57.6,0
20220105,1641312000000,57.89,58.03,50.2,50.410000000000004,139698,740760051.0,0.0,15,57.910000000000004,0
20220106,1641398400000,50.410000000000004,51.330000000000005,48.300000000000004,48.440000000000005,112735,556273650.0000001,0.0,15,50.410000000000004,0
20220107,1641484800000,48.800000000000004,49.45,47.7,48.050000000000004,69429,336288218.0,0.0,15,48.440000000000005,0
20220110,1641744000000,47.900000000000006,48.7,46.2,47.07,88115,418374082.0,0.0,15,48.050000000000004,0
20220111,1641830400000,47.6,47.88,44.02,44.400000000000006,99346,449367397.00000006,0.0,15,47.07,0
20220112,1641916800000,44.620000000000005,46.550000000000004,44.42,46.440000000000005,93800,427019036.0,0.0,15,44.4,0
20220113,1642003200000,46.5,47.25,44.69,46.309999999999995,62858,289701475.0,0.0,15,46.44,0
20220114,1642089600000,46.19,49.25,45.87,47.68,63286,302911599.0,0.0,15,46.309999999999995,0
20220117,1642348800000,47.989999999999995,49.62,47.01,49.099999999999994,83290,405080894.0,0.0,15,47.68,0
20220118,1642435200000,49.1,50.27,47.800000000000004,48.150000000000006,64029,311833650.0,0.0,15,49.1,0
20220119,1642521600000,47.71,48.11,45.5,46.36,109173,507465911.00000006,0.0,15,48.15,0
20220120,1642608000000,46.89,46.900000000000006,43.7,45.040000000000006,106605,478932453.0,0.0,15,46.36,0
20220121,1642694400000,44.42,46.260000000000005,42.800000000000004,45.86000000000001,115846,516714293.0,0.0,15,45.040000000000006,0
20220124,1642953600000,45.620000000000005,46.46,44.7,45.540000000000006,65070,296993410.00000006,0.0,15,45.86,0
20220125,1643040000000,46.13,47.540000000000006,45.550000000000004,45.57000000000001,72290,337598069.0,0.0,15,45.540000000000006,0
20220126,1643126400000,45.75,46.39,44.2,45.02,76785,346186564.0,0.0,15,45.57,0
20220127,1643212800000,45.17,45.790000000000006,42.300000000000004,42.43000000000001,101204,440649862.00000006,0.0,15,45.02,0
20220128,1643299200000,43.2,44.2,41.96,42.1,106905,460246472.0,0.0,15,42.43,0
20220207,1644163200000,43.050000000000004,43.1,40.77,41.330000000000005,63662,263266194.0,0.0,15,42.1,0
20220208,1644249600000,41.330000000000005,41.64,39.480000000000004,40.93000000000001,71348,287954352.0,0.0,15,41.330000000000005,0
20220209,1644336000000,40.93,42.660000000000004,40.13,42.21,66775,278401867.0,0.0,15,40.93,0
20220210,1644422400000,42.27,42.6,40.32,40.6,72239,295918119.0,0.0,15,42.21,0
20220211,1644508800000,40.39,40.75,39.22,39.57,66912,268095024.0,0.0,15,40.6,0
20220214,1644768000000,39.56,41.33,39.42,40.06,57155,230058487.00000003,0.0,15,39.57,0
20220215,1644854400000,40.02,41.96,39.95,41.900000000000006,59826,247164125.0,0.0,15,40.06,0
20220216,1644940800000,41.89000000000001,41.89000000000001,40.800000000000004,41.470000000000006,39751,164591057.99999997,0.0,15,41.900000000000006,0
20220217,1645027200000,41.46,42.58,40.78,42.09,52535,219705398.0,0.0,15,41.47,0
20220218,1645113600000,41.910000000000004,42.080000000000005,41.02,41.540000000000006,47266,196653707.0,0.0,15,42.09,0
20220221,1645372800000,41.580000000000005,42.17,40.38,40.400000000000006,57815,236439905.0,0.0,15,41.54,0
20220222,1645459200000,41.1,41.41,38.5,39.61,74347,292483436.0,0.0,15,40.4,0
20220223,1645545600000,39.67,43.49,39.43,42.51,112586,472489622.00000006,0.0,15,39.61,0
20220224,1645632000000,42.52,45.57,42.0,43.49,173634,756577600.0000001,0.0,15,42.51,0
20220225,1645718400000,43.5,44.6,42.15,43.37,103034,450585527.0,0.0,15,43.49,0
20220228,1645977600000,44.02,44.400000000000006,42.800000000000004,43.18000000000001,83451,363799169.0,0.0,15,43.370000000000005,0
20220301,1646064000000,43.6,44.28,42.7,43.800000000000004,66289,289518723.0,0.0,15,43.18,0
20220302,1646150400000,43.71,44.48,42.83,43.79,58977,257447253.0,0.0,15,43.8,0
20220303,1646236800000,44.00000000000001,44.17,41.550000000000004,41.620000000000005,77340,327256495.0,0.0,15,43.790000000000006,0
20220304,1646323200000,41.4,42.24,40.4,40.74,62328,257735330.0,0.0,15,41.62,0
20220307,1646582400000,40.910000000000004,42.47,40.74,41.120000000000005,78021,323026401.0,0.0,15,40.74,0
20220308,1646668800000,41.21,41.5,32.99,34.980000000000004,273356,985304495.9999999,0.0,15,41.120000000000005,0
20220309,1646755200000,34.39,35.0,32.51,34.35,150655,512830293.0,0.0,15,34.98,0
20220310,1646841600000,35.940000000000005,38.6,35.38,37.550000000000004,139408,523972984.99999994,0.0,15,34.35,0
20220311,1646928000000,37.18,37.38,35.75,36.85,70214,256398561.0,0.0,15,37.55,0
20220314,1647187200000,36.5,38.050000000000004,36.1,37.09,65288,243335648.0,0.0,15,36.85,0
20220315,1647273600000,36.38,37.690000000000005,36.1,36.1,81611,301413346.0,0.0,15,37.09,0
20220316,1647360000000,36.330000000000005,38.050000000000004,35.660000000000004,37.81,84653,312510197.0,0.0,15,36.1,0
20220317,1647446400000,38.27,40.38,38.27,38.89,99401,390965584.99999994,0.0,15,37.81,0
20220318,1647532800000,38.9,38.95,37.25,37.54,50217,189508617.0,0.0,15,38.89,0
20220321,1647792000000,37.910000000000004,40.14,37.230000000000004,39.49,74255,290634461.0,0.0,15,37.540000000000006,0
20220322,1647878400000,39.59,40.09,38.56,38.79,50683,197504359.0,0.0,15,39.49,0
20220323,1647964800000,38.79,41.65,38.01,40.809999999999995,75679,306292715.99999994,0.0,15,38.79,0
20220324,1648051200000,40.150000000000006,40.760000000000005,39.45,40.230000000000004,53061,213293870.0,0.0,15,40.81,0
20220325,1648137600000,40.54,40.72,38.56,38.89,113973,449338965.0,0.0,15,40.230000000000004,0
20220328,1648396800000,38.38,38.49,35.89,36.4,91965,337654383.0,0.0,15,38.89,0
20220329,1648483200000,36.440000000000005,38.220000000000006,35.800000000000004,35.93000000000001,105789,388641715.0,0.0,15,36.400000000000006,0
20220330,1648569600000,35.9,37.56,35.14,36.980000000000004,74776,273110321.0,0.0,15,35.93,0
20220331,1648656000000,37.09,37.13,35.300000000000004,35.56,73670,263312786.0,0.0,15,36.980000000000004,0
20220401,1648742400000,35.35,36.0,35.02,35.410000000000004,36129,128289022.00000001,0.0,15,35.56,0
20220406,1649174400000,35.12,35.16,34.0,34.88,47073,162479180.0,0.0,15,35.41,0
20220407,1649260800000,34.61,36.37,34.61,34.72,49298,174866307.0,0.0,15,34.88,0
20220408,1649347200000,35.339999999999996,35.55,33.9,33.99,57714,197934585.0,0.0,15,34.72,0
20220411,1649606400000,34.02,34.05,31.91,32.17,83234,268959749.0,0.0,15,33.99,0
20220412,1649692800000,32.0,32.68,31.830000000000002,32.480000000000004,43866,141771298.0,0.0,15,32.17,0
20220413,1649779200000,32.11,32.48,31.09,31.28,54782,172064989.0,0.0,15,32.48,0
20220414,1649865600000,31.500000000000004,32.150000000000006,30.970000000000002,31.390000000000004,39849,125703805.0,0.0,15,31.28,0
20220415,1649952000000,31.3,31.3,29.7,30.7,72100,218715883.0,0.0,15,31.39,0
20220418,1650211200000,30.7,32.4,29.98,31.830000000000002,63493,199851290.00000003,0.0,15,30.7,0
20220419,1650297600000,32.04,33.019999999999996,31.86,32.01,53456,172380838.00000003,0.0,15,31.83,0
20220420,1650384000000,32.1,32.28,30.77,30.87,42315,132183880.0,0.0,15,32.01,0
20220421,1650470400000,30.8,31.23,29.67,29.75,60308,182127375.00000003,0.0,15,30.87,0
20220422,1650556800000,29.669999999999998,30.13,28.68,28.98,48677,142108826.0,0.0,15,29.75,0
20220425,1650816000000,28.96,28.96,26.0,26.4,62241,170247676.99999997,0.0,15,28.98,0
20220426,1650902400000,26.39,26.77,25.11,25.18,66036,171421845.0,0.0,15,26.4,0
20220427,1650988800000,24.6,27.18,24.18,26.99,68536,176871339.0,0.0,15,25.18,0
20220428,1651075200000,26.680000000000003,27.450000000000003,26.240000000000002,26.6,69159,184738303.00000003,0.0,15,26.990000000000002,0
20220429,1651161600000,27.0,28.98,26.21,28.900000000000002,90556,253174986.0,0.0,15,26.6,0
20220505,1651680000000,28.5,32.55,28.2,31.3,129544,400726238.00000006,0.0,15,28.9,0
20220506,1651766400000,30.500000000000004,34.480000000000004,30.150000000000002,32.5,97988,318422314.0,0.0,15,31.3,0
20220509,1652025600000,32.480000000000004,35.1,32.03,34.24,95542,322671184.00000006,0.0,15,32.5,0
20220510,1652112000000,33.7,37.400000000000006,33.38,35.6,147202,526537556.0,0.0,15,34.24,0
20220511,1652198400000,36.0,36.66,34.0,34.91,109258,387740907.0,0.0,15,35.6,0
20220512,1652284800000,34.5,35.699999999999996,34.44,35.099999999999994,66024,231326846.0,0.0,15,34.91,0
20220513,1652371200000,35.36000000000001,35.440000000000005,34.550000000000004,35.050000000000004,31307,109478887.99999999,0.0,15,35.1,0
20220516,1652630400000,35.45,35.96,34.660000000000004,35.03,41869,147096691.0,0.0,15,35.050000000000004,0
20220517,1652716800000,35.25,36.35,34.39,35.92,56602,201780617.99999997,0.0,15,35.03,0
20220518,1652803200000,36.0,37.44,35.57,36.73,71945,262421291.00000003,0.0,15,35.92,0
20220519,1652889600000,36.050000000000004,37.260000000000005,35.45,36.96,46718,170087918.0,0.0,15,36.730000000000004,0
20220520,1652976000000,36.83,38.04,36.17,36.83,48677,179115442.0,0.0,15,36.96,0
20220523,1653235200000,36.44,36.44,35.15,36.019999999999996,68504,244590747.99999997,0.0,15,36.83,0
20220524,1653321600000,36.39,37.85,35.43,35.43,84154,310506055.0,0.0,15,36.02,0
20220525,1653408000000,35.14,36.34,35.0,35.56,48839,173542848.0,0.0,15,35.43,0
20220526,1653494400000,35.379999999999995,38.82,35.12,37.61,95821,357878817.00000006,0.0,15,35.559999999999995,0
20220527,1653580800000,37.800000000000004,37.99,36.53,37.25,70039,259783538.0,0.0,15,37.61,0
20220530,1653840000000,37.51,37.57,36.6,37.56,69434,258049165.00000003,0.0,15,37.25,0
20220531,1653926400000,37.31,37.6,36.85,37.4,61765,230177867.99999997,0.0,15,37.56,0
20220601,1654012800000,38.16,38.45,37.18,37.56,76872,290120179.0,0.0,15,37.4,0
20220602,1654099200000,37.53,38.47,37.1,37.96,47484,179993338.0,0.0,15,37.56,0
20220606,1654444800000,38.18,40.4,37.65,39.879999999999995,72624,287379861.0,0.0,15,37.96,0
20220607,1654531200000,39.88,40.12,38.29,38.589999999999996,65674,255249744.0,0.0,15,39.88,0
20220608,1654617600000,38.9,38.9,36.01,37.67,109029,406448354.0,0.0,15,38.589999999999996,0
20220609,1654704000000,37.080000000000005,37.260000000000005,35.56,35.75,100069,362103020.0,0.0,15,37.67,0
20220610,1654790400000,35.95,37.71,35.68,37.29,112341,415445327.0,0.0,15,35.75,0
20220613,1655049600000,37.0,38.52,36.93,37.85,77504,292162309.0,0.0,15,37.29,0
20220614,1655136000000,37.41,37.41,36.01,36.879999999999995,68905,252053763.00000003,0.0,15,37.85,0
20220615,1655222400000,36.67,37.7,36.31,36.800000000000004,57185,212495487.0,0.0,15,36.88,0
20220616,1655308800000,36.68,38.190000000000005,36.6,37.27,52563,196937995.0,0.0,15,36.800000000000004,0
20220617,1655395200000,37.0,37.5,36.36,37.2,71990,266614183.0,0.0,15,37.269999999999996,0
20220620,1655654400000,37.09,39.92,36.92,39.480000000000004,116894,457575675.0,0.0,15,37.2,0
20220621,1655740800000,39.25,39.25,36.7,36.88,119086,446804292.00000006,0.0,15,39.480000000000004,0
20220622,1655827200000,36.66,37.15,35.51,35.78,59671,216104438.00000003,0.0,15,36.879999999999995,0
20220623,1655913600000,35.63,38.83,35.25,38.79,123094,463628538.0,0.0,15,35.78,0
20220624,1656000000000,39.330000000000005,42.02,39.02,41.57,154707,637337058.0,0.0,15,38.790000000000006,0
20220627,1656259200000,42.35,42.56,40.800000000000004,41.800000000000004,107792,448038566.0,0.0,15,41.57000000000001,0
20220628,1656345600000,41.31,43.620000000000005,41.31,43.440000000000005,100902,435563567.0,0.0,15,41.800000000000004,0
20220629,1656432000000,43.18,43.44,41.53,41.58,77281,327738499.0,0.0,15,43.44,0
20220630,1656518400000,41.559999999999995,42.69,41.4,42.18,45059,189837189.0,0.0,15,41.58,0
20220701,1656604800000,41.89,42.89,40.87,41.73,61220,255714738.00000003,0.0,15,42.18,0
20220704,1656864000000,41.74,44.5,40.72,44.17,97785,426495512.0,0.0,15,41.73,0
20220705,1656950400000,43.88,44.50000000000001,42.730000000000004,44.50000000000001,86328,377788298.99999994,0.0,15,44.17,0
20220706,1657036800000,44.4,46.08,43.65,44.15,102322,460492501.00000006,0.0,15,44.5,0
20220707,1657123200000,44.11,45.85,43.83,45.66,88404,399535405.99999994,0.0,15,44.15,0
20220708,1657209600000,45.19,45.71,43.68,45.0,73442,328446922.99999994,0.0,15,45.51,0
20220711,1657468800000,44.5,45.0,42.89,43.47,91697,398440947.0,0.0,15,45.0,0
20220712,1657555200000,43.2,44.32,42.5,42.98,60841,262881319.0,0.0,15,43.47,0
20220713,1657641600000,43.150000000000006,43.150000000000006,41.88,42.64,37425,159064446.0,0.0,15,42.980000000000004,0
20220714,1657728000000,42.64,44.08,42.17,44.02,62596,272195349.0,0.0,15,42.64,0
20220715,1657814400000,43.99,46.96,43.68,44.77,87667,399046634.00000006,0.0,15,44.02,0
20220718,1658073600000,44.89,45.25,42.81,43.71,62144,271594781.0,0.0,15,44.77,0
20220719,1658160000000,43.379999999999995,44.349999999999994,42.87,43.0,47300,205079743.0,0.0,15,43.71,0
20220720,1658246400000,43.03,44.95,42.800000000000004,44.81,70387,310209735.0,0.0,15,43.00000000000001,0
20220721,1658332800000,44.61,46.370000000000005,43.6,45.6,71730,322121293.00000006,0.0,15,44.81,0
20220722,1658419200000,45.59,49.43000000000001,45.230000000000004,48.6,95587,449040099.0,0.0,15,45.6,0
20220725,1658678400000,48.2,50.0,47.6,48.89,91630,446827696.00000006,0.0,15,48.6,0
20220726,1658764800000,48.35,48.85,45.81,47.900000000000006,76558,363211854.0,0.0,15,48.89,0
20220727,1658851200000,47.88,48.78,47.03,47.85,41582,199172789.0,0.0,15,47.9,0
20220728,1658937600000,47.9,49.87,46.97,49.78,64467,311043054.0,0.0,15,47.85,0
20220729,1659024000000,49.3,50.339999999999996,48.22,49.03,56984,279929526.00000006,0.0,15,49.78,0
20220801,1659283200000,49.03,49.42,47.61,48.69,40667,198049567.00000003,0.0,15,49.03,0
20220802,1659369600000,48.69,49.9,46.01,46.5,69894,331442959.00000006,0.0,15,48.69,0
20220803,1659456000000,46.71,49.580000000000005,44.7,47.88,83849,404721904.0,0.0,15,46.5,0
20220804,1659542400000,47.89,48.38,46.82,48.0,54091,257998132.99999997,0.0,15,47.88,0
20220805,1659628800000,47.99,48.71,46.63,47.870000000000005,45320,215982032.0,0.0,15,48.0,0
20220808,1659888000000,47.77,51.6,47.21,51.0,76125,384835550.0,0.0,15,47.87,0
20220809,1659974400000,50.68,51.63,49.56,51.1,58050,294374662.0,0.0,15,51.0,0
20220810,1660060800000,50.97,53.48,50.4,53.01,66105,347174772.0,0.0,15,51.1,0
20220811,1660147200000,52.53,53.25,52.01,53.1,42107,222445391.0,0.0,15,53.01,0
20220812,1660233600000,52.68,53.07,50.35,51.18,48774,250422358.0,0.0,15,53.1,0
20220815,1660492800000,50.5,52.69,50.5,50.97,28681,147952234.0,0.0,15,51.18,0
20220816,1660579200000,51.36,53.36,51.04,52.019999999999996,33541,175339689.00000003,0.0,15,50.97,0
20220817,1660665600000,51.9,52.77,51.0,51.22,25472,131209749.0,0.0,15,52.02,0
20220818,1660752000000,50.9,52.51,50.64,51.75,28649,148611855.00000003,0.0,15,51.22,0
20220819,1660838400000,51.919999999999995,52.39,50.51,50.78,30844,159004830.0,0.0,15,51.75,0
20220822,1661097600000,50.78,51.48,49.5,50.43,58245,293344839.0,0.0,15,50.78,0
20220823,1661184000000,47.900000000000006,52.400000000000006,47.480000000000004,51.220000000000006,107405,537796724.9999999,0.0,15,50.43000000000001,0
20220824,1661270400000,51.58,51.88,46.5,46.9,101517,488038558.00000006,0.0,15,51.22,0
20220825,1661356800000,46.9,48.64,45.58,46.12,67376,315266674.0,0.0,15,46.9,0
20220826,1661443200000,45.95,46.86,44.56,45.09,55482,251577433.0,0.0,15,46.120000000000005,0
20220829,1661702400000,44.71,48.00000000000001,44.230000000000004,46.540000000000006,50648,236328848.0,0.0,15,45.09,0
20220830,1661788800000,46.550000000000004,47.260000000000005,45.730000000000004,46.46,44612,208169200.00000003,0.0,15,46.540000000000006,0
20220831,1661875200000,46.190000000000005,46.72,44.38,44.5,39491,179240383.00000003,0.0,15,46.46,0
20220901,1661961600000,44.72,46.28,44.6,44.77,32745,148085848.0,0.0,15,44.5,0
20220902,1662048000000,44.98,46.099999999999994,43.62,45.19,43623,194713058.00000003,0.0,15,44.769999999999996,0
20220905,1662307200000,45.1,46.38,44.61,46.21,65269,298649384.0,0.0,15,45.19,0
20220906,1662393600000,45.99,47.8,45.47,47.0,44690,210460986.00000003,0.0,15,46.21,0
20220907,1662480000000,46.620000000000005,48.5,46.53,48.25,43328,207998991.0,0.0,15,47.0,0
20220908,1662566400000,48.5,49.96,48.1,49.63,45533,224607860.0,0.0,15,48.25,0
20220909,1662652800000,49.6,50.949999999999996,47.9,48.98,38976,191869912.99999997,0.0,15,49.629999999999995,0
20220913,1662998400000,49.00000000000001,49.85,48.160000000000004,49.00000000000001,42018,206221533.0,0.0,15,48.980000000000004,0
20220914,1663084800000,48.4,51.98,48.22,50.93,87171,443283677.0,0.0,15,49.0,0
20220915,1663171200000,51.03,51.38,49.230000000000004,50.510000000000005,44515,223414044.00000003,0.0,15,50.93000000000001,0
20220916,1663257600000,50.24,53.56,50.24,51.65,77889,407812645.0,0.0,15,50.510000000000005,0
20220919,1663516800000,51.620000000000005,51.92,48.7,50.0,50580,252734014.0,0.0,15,51.650000000000006,0
20220920,1663603200000,50.78,51.0,49.22,49.83,29552,147401930.0,0.0,15,50.0,0
20220921,1663689600000,50.0,50.8,48.51,49.93,35458,176341789.99999997,0.0,15,49.83,0
20220922,1663776000000,50.0,53.38,49.75,52.78,56263,295200062.0,0.0,15,49.93,0
20220923,1663862400000,52.68000000000001,54.2,51.730000000000004,52.88,35567,187557517.0,0.0,15,52.78,0
20220926,1664121600000,52.00000000000001,53.00000000000001,51.120000000000005,51.74,27667,144588791.0,0.0,15,52.88,0
20220927,1664208000000,51.51,54.199999999999996,51.51,53.83,33541,179488184.0,0.0,15,51.739999999999995,0
20220928,1664294400000,53.879999999999995,54.879999999999995,51.58,53.29,35197,185968770.0,0.0,15,53.83,0
20220929,1664380800000,53.300000000000004,53.92,52.09,52.300000000000004,31669,167955634.0,0.0,15,53.290000000000006,0
20220930,1664467200000,52.4,52.67,50.51,50.71,20991,107924701.0,0.0,15,52.3,0
20221010,1665331200000,50.88,52.35,49.68,51.55,34327,176189660.99999997,0.0,15,50.71,0
20221011,1665417600000,51.14,51.660000000000004,49.84,50.900000000000006,22800,115750415.0,0.0,15,51.550000000000004,0
20221012,1665504000000,51.2,55.58,49.1,55.0,52465,274976351.99999994,0.0,15,50.9,0
20221013,1665590400000,54.879999999999995,57.0,54.51,56.01,42710,240127544.0,0.0,15,55.0,0
20221014,1665676800000,55.61,56.2,52.0,54.5,60467,327068744.99999994,0.0,15,56.01,0
20221017,1665936000000,53.94,57.269999999999996,53.51,54.66,41701,230678668.0,0.0,15,54.5,0
20221018,1666022400000,54.650000000000006,56.77,53.550000000000004,56.7,45350,252873314.0,0.0,15,54.660000000000004,0
20221019,1666108800000,54.800000000000004,55.290000000000006,52.2,55.0,48918,265018085.0,0.0,15,56.7,0
20221020,1666195200000,54.660000000000004,55.28,52.53,54.4,33403,180329243.0,0.0,15,55.0,0
20221021,1666281600000,54.4,55.519999999999996,50.9,53.05,60103,317085822.0,0.0,15,54.4,0
20221024,1666540800000,55.11,57.0,53.56,55.93,86370,481800436.0,0.0,15,53.050000000000004,0
20221025,1666627200000,55.29,56.4,54.25,54.55,34389,189491730.99999997,0.0,15,55.93,0
20221026,1666713600000,54.0,55.49,53.1,54.85,62254,339057925.0,0.0,15,54.550000000000004,0
20221027,1666800000000,54.86,56.0,54.2,54.61,30953,169664341.0,0.0,15,54.85,0
20221028,1666886400000,54.9,55.1,52.18,52.79,45503,242051772.00000003,0.0,15,54.61,0
20221031,1667145600000,52.519999999999996,54.26,51.11,53.48,32284,170797845.00000003,0.0,15,52.79,0
20221101,1667232000000,53.76,53.76,51.25,52.4,38943,203210630.0,0.0,15,53.48,0
20221102,1667318400000,51.8,52.49,49.79,49.839999999999996,80430,407635990.0,0.0,15,52.4,0
20221103,1667404800000,49.75000000000001,52.39,49.550000000000004,52.03,59459,306846692.0,0.0,15,49.84,0
20221104,1667491200000,52.0,52.449999999999996,51.29,51.589999999999996,37529,193521953.0,0.0,15,52.03,0
20221107,1667750400000,51.68,52.12,49.57,49.77,61674,308700365.0,0.0,15,51.59,0
20221108,1667836800000,49.78,50.29,48.88,50.230000000000004,43793,217575942.0,0.0,15,49.77,0
20221109,1667923200000,50.5,53.17,50.39,52.45,67903,354893413.0,0.0,15,50.230000000000004,0
20221110,1668009600000,52.00000000000001,52.410000000000004,50.480000000000004,51.02,38425,196516605.0,0.0,15,52.45,0
20221111,1668096000000,52.0,52.519999999999996,50.43,50.68,38243,196561542.0,0.0,15,51.02,0
20221114,1668355200000,50.3,50.78,48.22,48.97,64095,314401931.0,0.0,15,50.68,0
20221115,1668441600000,48.31,49.78,48.11,48.6,47949,234993165.0,0.0,15,48.97,0
20221116,1668528000000,48.71,49.62,47.75,48.18,39693,192639066.00000003,0.0,15,48.6,0
20221117,1668614400000,47.800000000000004,49.09,46.42,48.95,46296,221553759.00000003,0.0,15,48.18,0
20221118,1668700800000,48.800000000000004,49.6,48.38,48.38,25792,126257460.00000001,0.0,15,48.95,0
20221121,1668960000000,48.18,50.28,47.65,49.98,45007,222918819.99999997,0.0,15,48.379999999999995,0
20221122,1669046400000,49.74,50.1,49.03,49.410000000000004,24634,121827600.0,0.0,15,49.980000000000004,0
20221123,1669132800000,49.4,50.76,49.0,50.33,30316,151581120.00000003,0.0,15,49.41,0
20221124,1669219200000,50.28,50.94,49.61,50.019999999999996,15574,78059665.00000001,0.0,15,50.33,0
20221125,1669305600000,49.800000000000004,49.800000000000004,48.78,48.79,19340,95120746.00000001,0.0,15,50.02,0
20221128,1669564800000,48.080000000000005,48.790000000000006,47.02,47.650000000000006,39265,186978298.0,0.0,15,48.790000000000006,0
20221129,1669651200000,47.6,47.870000000000005,45.52,46.09,56924,262924375.0,0.0,15,47.650000000000006,0
20221130,1669737600000,46.18000000000001,47.800000000000004,45.800000000000004,47.7,54192,255613326.99999997,0.0,15,46.09,0
20221201,1669824000000,47.190000000000005,48.550000000000004,46.800000000000004,47.61000000000001,23384,111706279.0,0.0,15,47.7,0
20221202,1669910400000,47.339999999999996,48.28,47.19,47.4,22583,107622988.0,0.0,15,47.61,0
20221205,1670169600000,47.21,47.93,46.6,47.57,27298,129250491.0,0.0,15,47.4,0
20221206,1670256000000,47.57,47.800000000000004,45.92,47.1,28000,131104277.0,0.0,15,47.57,0
20221207,1670342400000,47.28,47.580000000000005,46.02,46.46,34079,158888313.0,0.0,15,47.1,0
20221208,1670428800000,46.34,46.68,45.82,45.87,20163,92981642.0,0.0,15,46.46,0
20221209,1670515200000,45.75,47.07,45.2,47.040000000000006,53812,249508683.0,0.0,15,45.870000000000005,0
20221212,1670774400000,47.0,48.58,46.6,47.6,35026,166845653.0,0.0,15,47.04,0
20221213,1670860800000,47.589999999999996,47.78,45.9,45.93,30661,142377509.0,0.0,15,47.6,0
20221214,1670947200000,45.95,46.940000000000005,45.74,45.99,18126,83910037.99999999,0.0,15,45.93,0
20221215,1671033600000,45.97,46.3,44.93,45.65,27212,123750191.0,0.0,15,45.99,0
20221216,1671120000000,45.65,45.65,44.37,44.58,24669,110200208.0,0.0,15,45.65,0
20221219,1671379200000,44.54,45.29,44.25,45.01,20933,93980689.0,0.0,15,44.58,0
20221220,1671465600000,44.65,46.7,44.6,45.76,23956,109724076.0,0.0,15,45.01,0
20221221,1671552000000,45.46,45.91,44.01,44.239999999999995,18597,83119221.0,0.0,15,45.76,0
20221222,1671638400000,44.260000000000005,45.00000000000001,43.300000000000004,44.260000000000005,16293,72027321.0,0.0,15,44.24,0
20221223,1671724800000,43.38,44.38,42.52,42.52,24436,105352182.00000001,0.0,15,44.260000000000005,0
20221226,1671984000000,43.2,45.28,42.11,44.69,31200,138394801.0,0.0,15,42.519999999999996,0
20221227,1672070400000,44.690000000000005,45.59,44.59,44.92,22200,100069051.0,0.0,15,44.690000000000005,0
20221228,1672156800000,44.86,45.48,44.12,44.4,23045,102827204.0,0.0,15,44.919999999999995,0
20221229,1672243200000,44.38,46.09,44.2,45.61,52183,237543599.00000003,0.0,15,44.400000000000006,0
20221230,1672329600000,45.879999999999995,46.43,45.33,45.839999999999996,27130,124651289.0,0.0,15,45.61,0
20230103,1672675200000,45.69,47.199999999999996,45.4,46.949999999999996,32226,150561373.99999997,0.0,15,45.839999999999996,0
20230104,1672761600000,46.730000000000004,47.25,45.89,46.22,22932,106599566.0,0.0,15,46.95,0
20230105,1672848000000,46.22,46.550000000000004,45.6,45.95,19618,90360834.0,0.0,15,46.22,0
20230106,1672934400000,45.51,46.19,45.32,45.62,26079,119123667.0,0.0,15,45.95,0
20230109,1673193600000,45.52,45.83,43.21,43.800000000000004,80467,354160275.00000006,0.0,15,45.620000000000005,0
20230110,1673280000000,43.77,43.93000000000001,42.800000000000004,43.17,48780,210921515.0,0.0,15,43.800000000000004,0
20230111,1673366400000,43.13,43.8,41.14,41.51,77027,325226591.0,0.0,15,43.17,0
20230112,1673452800000,41.949999999999996,42.35,40.72,41.699999999999996,60190,250245113.0,0.0,15,41.51,0
20230113,1673539200000,41.43,41.63,39.49,40.25,89345,359429894.0,0.0,15,41.7,0
20230116,1673798400000,40.05,41.42,40.0,41.35,51795,212577480.00000003,0.0,15,40.25,0
20230117,1673884800000,41.93,42.45,41.25,41.39,58557,243951662.00000003,0.0,15,41.35,0
20230118,1673971200000,41.42,41.550000000000004,40.81,41.120000000000005,45386,186511747.0,0.0,15,41.39,0
20230119,1674057600000,41.0,42.13,40.64,42.0,47321,196508671.00000003,0.0,15,41.12,0
20230120,1674144000000,41.900000000000006,42.88,41.88,42.370000000000005,47266,200418486.0,0.0,15,42.0,0
20230130,1675008000000,42.78,44.6,42.58,44.25,78930,345811410.00000006,0.0,15,42.37,0
20230131,1675094400000,44.35,45.4,44.35,44.92,50338,225873539.0,0.0,15,44.25,0
20230201,1675180800000,45.4,46.36,44.58,46.019999999999996,67533,308912456.0,0.0,15,44.92,0
20230202,1675267200000,46.25,46.55,44.65,44.699999999999996,70942,321418450.0,0.0,15,46.019999999999996,0
20230203,1675353600000,44.55,45.449999999999996,44.26,45.199999999999996,47717,214139857.0,0.0,15,44.699999999999996,0
20230206,1675612800000,45.2,46.25,44.78,45.39,41904,190983993.00000003,0.0,15,45.2,0
20230207,1675699200000,45.32,45.6,44.17,44.67,37276,166201316.0,0.0,15,45.39,0
20230208,1675785600000,44.550000000000004,44.79,43.63,43.79,28362,124983749.0,0.0,15,44.67,0
20230209,1675872000000,43.339999999999996,44.66,43.33,44.3,38965,172493128.0,0.0,15,43.79,0
20230210,1675958400000,44.49,44.730000000000004,42.88,43.53,36391,158221365.0,0.0,15,44.300000000000004,0
20230213,1676217600000,43.53,45.09,43.32,43.82,39432,174191975.0,0.0,15,43.53,0
20230214,1676304000000,43.9,44.0,43.0,43.41,32639,141620699.0,0.0,15,43.82,0
20230215,1676390400000,43.11,43.66,42.69,43.03,27711,119097528.00000001,0.0,15,43.41,0
20230216,1676476800000,43.040000000000006,43.18,41.77,42.06,41864,177915027.0,0.0,15,43.03,0
20230217,1676563200000,42.06,42.34,41.230000000000004,42.2,47585,198842011.00000003,0.0,15,42.06,0
20230220,1676822400000,42.199999999999996,42.199999999999996,41.12,41.559999999999995,44436,184222100.0,0.0,15,42.199999999999996,0
20230221,1676908800000,41.56,42.53,41.39,41.82,29086,122117892.0,0.0,15,41.56,0
20230222,1676995200000,41.5,42.730000000000004,41.38,42.25,31627,133612474.99999999,0.0,15,41.82,0
20230223,1677081600000,42.27,42.98,42.0,42.51,29988,127613028.0,0.0,15,42.25,0
20230224,1677168000000,42.52,45.15,42.5,44.9,116160,516535957.00000006,0.0,15,42.51,0
20230227,1677427200000,44.57,45.660000000000004,44.06,44.440000000000005,62422,279673941.0,0.0,15,44.900000000000006,0
20230228,1677513600000,44.010000000000005,44.470000000000006,43.7,44.39,33661,148514649.0,0.0,15,44.440000000000005,0
20230301,1677600000000,44.39,44.89,43.6,43.620000000000005,37673,165396988.0,0.0,15,44.39,0
20230302,1677686400000,43.57,44.75,43.46,44.12,48524,214168088.0,0.0,15,43.62,0
20230303,1677772800000,44.120000000000005,44.730000000000004,43.550000000000004,43.64000000000001,52834,232262945.0,0.0,15,44.120000000000005,0
20230306,1678032000000,43.86,45.660000000000004,43.78,45.42,84370,381695986.00000006,0.0,15,43.64,0
20230307,1678118400000,45.199999999999996,45.4,44.26,44.32,51759,230653426.00000003,0.0,15,45.419999999999995,0
20230308,1678204800000,44.22,45.38,43.86,45.01,55501,248586556.0,0.0,15,44.32,0
20230309,1678291200000,45.26,45.38,44.0,44.27,37097,164775490.0,0.0,15,45.01,0
20230310,1678377600000,44.01,44.14,42.9,43.03,49953,216402167.0,0.0,15,44.269999999999996,0
20230313,1678636800000,43.099999999999994,43.839999999999996,42.94,43.739999999999995,29561,128507395.0,0.0,15,43.03,0
20230314,1678723200000,43.5,43.77,42.13,42.74,32668,139928771.0,0.0,15,43.74,0
20230315,1678809600000,42.74,43.35,42.410000000000004,42.7,24644,105906402.0,0.0,15,42.74,0
20230316,1678896000000,42.01,42.92,41.61,41.76,23891,100755452.0,0.0,15,42.7,0
20230317,1678982400000,42.18,42.58,41.18,41.53,36711,152926534.0,0.0,15,41.76,0
20230320,1679241600000,41.599999999999994,42.53,39.94,41.68,50925,210183641.0,0.0,15,41.53,0
20230321,1679328000000,41.99,43.1,41.99,42.57,40202,171341017.0,0.0,15,41.68,0
20230322,1679414400000,42.65,42.93,42.04,42.48,22084,93648981.0,0.0,15,42.57,0
20230323,1679500800000,42.26,42.35,40.75,41.2,57247,236242014.0,0.0,15,42.48,0
20230324,1679587200000,41.14,41.790000000000006,40.7,41.330000000000005,27982,115466662.0,0.0,15,41.2,0
20230327,1679846400000,41.32,41.6,40.71,40.82,18955,77687967.0,0.0,15,41.33,0
20230328,1679932800000,40.68000000000001,40.980000000000004,39.730000000000004,39.800000000000004,33236,133118428.0,0.0,15,40.82000000000001,0
20230329,1680019200000,39.879999999999995,40.08,38.76,38.76,54399,212520944.0,0.0,15,39.8,0
20230330,1680105600000,38.839999999999996,39.29,38.33,38.87,49013,189899061.0,0.0,15,38.76,0
20230331,1680192000000,38.75,38.85,37.53,37.64,60544,230035576.00000003,0.0,15,38.870000000000005,0
20230403,1680451200000,37.65,38.19,37.51,38.08,49805,188587481.0,0.0,15,37.64,0
20230404,1680537600000,38.080000000000005,38.080000000000005,36.81,37.17,50531,187975654.0,0.0,15,38.080000000000005,0
20230406,1680710400000,37.17,38.2,36.86,37.86,41809,156997021.0,0.0,15,37.17,0
20230407,1680796800000,37.800000000000004,38.28,37.38,37.900000000000006,32340,122273841.00000001,0.0,15,37.86,0
20230410,1681056000000,38.15,38.96,37.94,38.53,42687,164420084.0,0.0,15,37.9,0
20230411,1681142400000,38.45,38.46,37.31,37.71,37650,141955982.0,0.0,15,38.53,0
20230412,1681228800000,37.71,37.870000000000005,37.28,37.35,34880,130814665.00000001,0.0,15,37.71,0
20230413,1681315200000,37.21,37.65,37.0,37.39,27283,101723975.99999999,0.0,15,37.35,0
20230414,1681401600000,37.39,38.19,37.01,37.809999999999995,30441,114706955.00000001,0.0,15,37.39,0
20230417,1681660800000,37.78,38.76,37.5,38.27,34217,130911368.0,0.0,15,37.81,0
20230418,1681747200000,38.089999999999996,38.449999999999996,37.12,37.48,41478,155775341.0,0.0,15,38.269999999999996,0
20230419,1681833600000,37.32,38.940000000000005,37.24,38.330000000000005,53796,204735447.00000003,0.0,15,37.480000000000004,0
20230420,1681920000000,38.21,38.31,35.4,36.37,74877,270858553.0,0.0,15,38.33,0
20230421,1682006400000,36.19,38.6,36.0,36.61,85463,320252461.0,0.0,15,36.37,0
20230424,1682265600000,36.55,37.18,35.82,36.48,35935,131179331.00000001,0.0,15,36.61,0
20230425,1682352000000,36.82000000000001,37.400000000000006,35.300000000000004,35.45,42235,152633801.00000003,0.0,15,36.480000000000004,0
20230426,1682438400000,35.11,37.68,35.11,37.16,72318,268969749.0,0.0,15,35.45,0
20230427,1682524800000,37.199999999999996,39.4,36.9,38.96,83898,323982152.0,0.0,15,37.16,0
20230428,1682611200000,38.96,38.96,37.21,38.06,61663,233588402.0,0.0,15,38.96,0
20230504,1683129600000,37.68,38.08,37.26,37.309999999999995,47190,177298742.00000003,0.0,15,38.059999999999995,0
20230505,1683216000000,37.29,37.45,36.11,36.3,39467,144063024.0,0.0,15,37.31,0
20230508,1683475200000,36.56,37.49,36.52,37.010000000000005,32188,119019456.0,0.0,15,36.300000000000004,0
20230509,1683561600000,37.15,37.19,36.22,36.25,30290,110907945.00000001,0.0,15,37.01,0
20230510,1683648000000,36.29,37.3,35.51,36.809999999999995,33356,121746668.0,0.0,15,36.25,0
20230511,1683734400000,36.980000000000004,37.370000000000005,36.410000000000004,36.550000000000004,16493,60698545.0,0.0,15,36.81,0
20230512,1683820800000,36.42,36.800000000000004,35.85,35.93,16540,59806641.0,0.0,15,36.550000000000004,0
20230515,1684080000000,36.08,38.2,35.75,38.0,48073,178939749.0,0.0,15,35.93,0
20230516,1684166400000,37.96,37.96,37.35,37.800000000000004,25455,95840652.0,0.0,15,38.0,0
20230517,1684252800000,37.63,38.7,37.25,38.5,38581,147294633.0,0.0,15,37.8,0
20230518,1684339200000,38.46,38.68,37.85,38.300000000000004,34299,131077143.0,0.0,15,38.5,0
20230519,1684425600000,38.2,39.09,38.13,38.99,35032,135778681.0,0.0,15,38.300000000000004,0
20230522,1684684800000,38.88,39.17,38.42,39.02,24437,94854017.0,0.0,15,38.99,0
20230523,1684771200000,38.75,39.629999999999995,38.51,38.8,29759,116279921.0,0.0,15,39.019999999999996,0
20230524,1684857600000,38.800000000000004,40.220000000000006,38.410000000000004,39.290000000000006,31594,124362576.0,0.0,15,38.800000000000004,0
20230525,1684944000000,39.29,39.69,38.9,39.19,22414,87926293.0,0.0,15,39.29,0
20230526,1685030400000,39.00000000000001,39.260000000000005,38.550000000000004,38.800000000000004,16627,64584646.0,0.0,15,39.190000000000005,0
20230529,1685289600000,39.5,39.5,38.12,38.339999999999996,34251,132026276.0,0.0,15,38.8,0
20230530,1685376000000,38.010000000000005,38.49,37.38,38.11,26106,98971192.0,0.0,15,38.34,0
20230531,1685462400000,37.87,38.879999999999995,37.76,38.32,45467,174564333.0,0.0,15,38.11,0
20230601,1685548800000,38.32,38.690000000000005,37.81,38.54,23825,91208097.0,0.0,15,38.32,0
20230602,1685635200000,38.52,38.88,38.160000000000004,38.35,27814,107089346.0,0.0,15,38.540000000000006,0
20230605,1685894400000,38.3,38.63,37.93,38.0,18676,71277607.0,0.0,15,38.35,0
20230606,1685980800000,38.0,38.0,36.0,36.62,34708,127795190.0,0.0,15,38.0,0
20230607,1686067200000,36.61,36.84,36.14,36.4,23256,84760082.0,0.0,15,36.62,0
20230608,1686153600000,36.300000000000004,36.63,35.63,35.980000000000004,21425,77083240.0,0.0,15,36.400000000000006,0
20230609,1686240000000,36.07000000000001,36.36000000000001,35.300000000000004,36.13,37644,134605410.0,0.0,15,35.980000000000004,0
20230612,1686499200000,36.13,36.65,35.96,36.11,18180,65811939.0,0.0,15,36.13,0
20230613,1686585600000,36.11000000000001,36.300000000000004,35.730000000000004,36.02,18288,65711550.99999999,0.0,15,36.11000000000001,0
20230614,1686672000000,35.95,36.33,35.61,35.95,19545,70251463.00000001,0.0,15,36.019999999999996,0
20230615,1686758400000,35.86,37.2,35.75,36.73,29244,107165141.0,0.0,15,35.95,0
20230616,1686844800000,36.75000000000001,37.370000000000005,36.660000000000004,37.150000000000006,21935,81407833.0,0.0,15,36.730000000000004,0
20230619,1687104000000,37.330000000000005,37.620000000000005,37.09,37.09,15963,59483493.0,0.0,15,37.150000000000006,0
20230620,1687190400000,37.27,38.120000000000005,36.7,37.85,30190,113671502.00000001,0.0,15,37.09,0
20230621,1687276800000,37.87,38.26,37.15,37.199999999999996,18623,69972459.0,0.0,15,37.85,0
20230626,1687708800000,37.11,37.769999999999996,36.83,37.339999999999996,18775,69911904.0,0.0,15,37.199999999999996,0
20230627,1687795200000,37.6,38.26,37.18,37.95,19961,75570610.0,0.0,15,37.339999999999996,0
20230628,1687881600000,38.00000000000001,38.82,37.660000000000004,38.56,29092,111326999.00000001,0.0,15,37.95,0
20230629,1687968000000,38.61,39.3,38.25,38.78,33163,129166127.0,0.0,15,38.56,0
20230630,1688054400000,38.85,39.6,38.800000000000004,39.39000000000001,37809,148545367.0,0.0,15,38.78,0
20230703,1688313600000,39.31,41.7,39.02,40.59,66986,270782994.0,0.0,15,39.39,0
20230704,1688400000000,25.700000000000003,26.26,25.310000000000002,25.42,94053,240667346.99999997,0.0,15,25.240000000000002,0
20230705,1688486400000,25.500000000000004,25.750000000000004,25.080000000000002,25.590000000000003,54904,140235427.0,0.0,15,25.42,0
20230706,1688572800000,25.5,25.5,24.79,25.16,89699,225170639.0,0.0,15,25.59,0
20230707,1688659200000,25.220000000000002,25.35,24.71,24.85,36204,90323500.0,0.0,15,25.16,0
20230710,1688918400000,24.9,25.06,24.66,24.9,29231,72727428.0,0.0,15,24.85,0
20230711,1689004800000,24.92,25.09,24.76,24.96,29391,73258169.0,0.0,15,24.900000000000002,0
20230712,1689091200000,24.94,25.03,24.580000000000002,24.67,43111,106498652.00000001,0.0,15,24.96,0
20230713,1689177600000,24.79,24.939999999999998,24.63,24.72,41098,101700425.0,0.0,15,24.669999999999998,0
20230714,1689264000000,24.720000000000002,24.76,24.3,24.3,27177,66392635.0,0.0,15,24.720000000000002,0
20230717,1689523200000,24.36,25.0,24.05,24.79,35324,87304133.0,0.0,15,24.3,0
20230718,1689609600000,24.76,25.240000000000002,24.51,25.09,45755,114538011.0,0.0,15,24.790000000000003,0
20230719,1689696000000,25.119999999999997,25.25,24.38,24.59,41899,103354100.0,0.0,15,25.09,0
20230720,1689782400000,24.69,24.810000000000002,24.490000000000002,24.560000000000002,36513,90054169.99999999,0.0,15,24.590000000000003,0
20230721,1689868800000,24.46,24.650000000000002,24.23,24.490000000000002,26049,63728273.0,0.0,15,24.56,0
20230724,1690128000000,24.52,24.75,24.22,24.5,21472,52540408.0,0.0,15,24.49,0
20230725,1690214400000,24.69,24.750000000000004,24.240000000000002,24.500000000000004,26823,65587465.00000001,0.0,15,24.500000000000004,0
20230726,1690300800000,24.419999999999998,24.419999999999998,23.95,24.31,24529,59421861.0,0.0,15,24.5,0
20230727,1690387200000,24.31,24.45,24.04,24.259999999999998,24814,60083845.00000001,0.0,15,24.31,0
20230728,1690473600000,24.14,24.439999999999998,23.72,24.2,31280,75341537.00000001,0.0,15,24.259999999999998,0
20230731,1690732800000,24.04,24.39,23.59,23.65,62744,149710423.00000003,0.0,15,24.2,0
20230801,1690819200000,23.650000000000002,24.41,23.64,23.900000000000002,49569,118981677.0,0.0,15,23.650000000000002,0
20230802,1690905600000,23.9,24.13,23.59,24.0,37644,89998187.0,0.0,15,23.9,0
20230803,1690992000000,23.88,24.02,23.66,23.77,28144,67003128.0,0.0,15,24.0,0
20230804,1691078400000,23.68,24.05,23.68,23.919999999999998,26704,63774596.00000001,0.0,15,23.77,0
20230807,1691337600000,23.89,24.07,23.63,23.75,25554,60757583.0,0.0,15,23.919999999999998,0
20230808,1691424000000,23.8,23.950000000000003,23.580000000000002,23.880000000000003,23857,56732474.0,0.0,15,23.750000000000004,0
20230809,1691510400000,23.78,24.13,23.68,24.05,42311,101332518.0,0.0,15,23.88,0
20230810,1691596800000,23.959999999999997,24.4,23.88,24.05,28523,68833797.00000001,0.0,15,24.05,0
20230811,1691683200000,24.14,24.15,23.61,23.66,20857,49756931.99999999,0.0,15,24.05,0
20230814,1691942400000,23.62,23.85,23.1,23.790000000000003,31430,74003104.0,0.0,15,23.66,0
20230815,1692028800000,23.8,23.950000000000003,23.35,23.540000000000003,16621,39110322.0,0.0,15,23.790000000000003,0
20230816,1692115200000,23.41,23.64,23.09,23.1,14536,33813082.00000001,0.0,15,23.54,0
20230817,1692201600000,23.12,24.6,22.94,24.380000000000003,61569,148566773.00000003,0.0,15,23.1,0
20230818,1692288000000,24.330000000000002,25.060000000000002,24.310000000000002,24.400000000000002,53663,132471033.0,0.0,15,24.380000000000003,0
20230821,1692547200000,24.5,24.61,23.78,23.8,33108,79725103.0,0.0,15,24.400000000000002,0
20230822,1692633600000,23.77,24.25,23.32,23.76,36864,87722923.0,0.0,15,23.8,0
20230823,1692720000000,23.500000000000004,23.750000000000004,22.650000000000002,22.71,36855,85125342.0,0.0,15,23.76,0
20230824,1692806400000,22.8,23.07,22.23,22.71,23314,52906863.00000001,0.0,15,22.71,0
20230825,1692892800000,22.69,22.97,22.32,22.39,21905,49360334.00000001,0.0,15,22.71,0
20230828,1693152000000,23.5,24.79,23.5,23.97,92298,223041119.0,0.0,15,22.39,0
20230829,1693238400000,23.87,25.16,23.7,24.93,77185,190381993.00000003,0.0,15,23.97,0
20230830,1693324800000,24.96,25.46,24.82,25.2,52545,132506688.00000001,0.0,15,24.93,0
20230831,1693411200000,25.1,25.45,24.8,24.990000000000002,33942,84851208.00000001,0.0,15,25.2,0
20230901,1693497600000,24.86,25.13,24.63,25.06,27206,67757805.0,0.0,15,24.99,0
20230904,1693756800000,25.060000000000002,25.36,24.71,24.990000000000002,28276,70469333.0,0.0,15,25.060000000000002,0
20230905,1693843200000,24.990000000000002,25.53,24.990000000000002,25.090000000000003,34286,86332035.0,0.0,15,24.990000000000002,0
20230906,1693929600000,25.09,25.68,24.75,25.48,52069,132259614.00000001,0.0,15,25.09,0
20230907,1694016000000,25.67,25.76,25.23,25.62,50482,128872448.0,0.0,15,25.48,0
20230908,1694102400000,25.5,26.34,25.32,26.2,69858,181662930.0,0.0,15,25.62,0
20230911,1694361600000,26.060000000000002,26.150000000000002,25.46,25.5,49497,127423225.0,0.0,15,26.2,0
20230912,1694448000000,25.6,25.89,25.330000000000002,25.69,39573,101568114.00000001,0.0,15,25.500000000000004,0
20230913,1694534400000,25.69,25.770000000000003,25.150000000000002,25.360000000000003,29875,75730661.0,0.0,15,25.69,0
20230914,1694620800000,25.5,25.62,25.02,25.169999999999998,19978,50361097.0,0.0,15,25.36,0
20230915,1694707200000,25.150000000000002,25.51,24.96,25.18,24497,61478098.0,0.0,15,25.17,0
20230918,1694966400000,24.95,25.2,24.62,24.73,29942,74191764.0,0.0,15,25.18,0
20230919,1695052800000,24.76,24.77,24.37,24.51,20303,49891374.0,0.0,15,24.73,0
20230920,1695139200000,24.4,24.6,24.09,24.15,27883,67611417.0,0.0,15,24.51,0
20230921,1695225600000,24.15,24.34,23.77,23.89,36068,86447280.0,0.0,15,24.15,0
20230922,1695312000000,24.11,24.200000000000003,23.78,24.060000000000002,28674,68776095.0,0.0,15,23.89,0
20230925,1695571200000,24.05,24.12,23.69,24.0,32043,76675013.0,0.0,15,24.060000000000002,0
20230926,1695657600000,24.08,24.16,23.63,23.77,25944,61725531.0,0.0,15,24.0,0
20230927,1695744000000,23.8,24.33,23.61,24.02,21948,52712973.0,0.0,15,23.77,0
20230928,1695830400000,24.0,24.44,24.0,24.31,26292,63810586.00000001,0.0,15,24.02,0
20231009,1696780800000,24.310000000000002,24.740000000000002,24.12,24.400000000000002,33575,82097004.0,0.0,15,24.310000000000002,0
20231010,1696867200000,24.47,24.54,23.95,24.099999999999998,28261,68330438.00000001,0.0,15,24.4,0
20231011,1696953600000,24.240000000000002,24.44,23.55,23.61,43782,104147986.0,0.0,15,24.1,0
20231012,1697040000000,23.76,23.78,23.21,23.630000000000003,30990,72871720.0,0.0,15,23.61,0
20231013,1697126400000,23.6,23.75,23.32,23.55,29284,68818606.00000001,0.0,15,23.63,0
20231016,1697385600000,23.51,23.64,23.150000000000002,23.3,27836,65030304.0,0.0,15,23.55,0
20231017,1697472000000,23.23,23.43,23.2,23.36,20087,46810511.0,0.0,15,23.3,0
20231018,1697558400000,23.220000000000002,23.490000000000002,22.87,22.87,30845,71294629.0,0.0,15,23.36,0
20231019,1697644800000,22.94,23.28,22.76,22.830000000000002,29419,67508629.0,0.0,15,22.87,0
20231020,1697731200000,22.68,22.85,22.35,22.400000000000002,26846,60450826.99999999,0.0,15,22.830000000000002,0
20231023,1697990400000,22.63,22.63,21.91,22.0,26930,59664138.00000001,0.0,15,22.4,0
20231024,1698076800000,22.200000000000003,22.35,21.580000000000002,21.78,33991,74219241.0,0.0,15,22.000000000000004,0
20231025,1698163200000,21.849999999999998,22.38,21.79,21.82,28778,63288872.00000001,0.0,15,21.779999999999998,0
20231026,1698249600000,21.599999999999998,21.959999999999997,21.31,21.84,30921,67122714.0,0.0,15,21.82,0
20231027,1698336000000,21.73,21.89,20.6,21.53,74500,158726281.0,0.0,15,21.84,0
20231030,1698595200000,21.349999999999998,22.349999999999998,21.22,21.52,68307,147174175.00000003,0.0,15,21.529999999999998,0
20231031,1698681600000,21.400000000000002,21.89,21.330000000000002,21.630000000000003,39773,86045815.00000001,0.0,15,21.520000000000003,0
20231101,1698768000000,21.63,21.759999999999998,21.31,21.68,36320,78391607.0,0.0,15,21.63,0
20231102,1698854400000,21.69,21.830000000000002,20.91,20.92,36054,76405138.0,0.0,15,21.68,0
20231103,1698940800000,20.92,21.69,20.92,21.55,42950,92306536.0,0.0,15,20.92,0
20231106,1699200000000,21.560000000000002,21.880000000000003,21.51,21.84,56505,122721678.00000001,0.0,15,21.55,0
20231107,1699286400000,21.85,21.85,21.35,21.41,57310,123065222.00000001,0.0,15,21.84,0
20231108,1699372800000,21.41,21.41,20.96,21.09,76748,161759630.0,0.0,15,21.41,0
20231109,1699459200000,21.11,21.150000000000002,20.71,20.880000000000003,60388,126106287.0,0.0,15,21.09,0
20231110,1699545600000,20.790000000000003,20.85,20.53,20.700000000000003,49074,101216052.0,0.0,15,20.880000000000003,0
20231113,1699804800000,20.7,21.66,20.47,21.58,99462,210914448.0,0.0,15,20.7,0
20231114,1699891200000,21.5,22.2,21.3,21.39,79625,171693219.0,0.0,15,21.580000000000002,0
20231115,1699977600000,21.43,21.61,20.95,21.21,62338,132104777.0,0.0,15,21.39,0
20231116,1700064000000,21.1,21.3,21.0,21.08,38326,80922613.99999999,0.0,15,21.21,0
20231117,1700150400000,21.080000000000002,21.150000000000002,20.8,21.01,38471,80781977.0,0.0,15,21.080000000000002,0
20231120,1700409600000,21.040000000000003,21.41,20.85,21.270000000000003,67942,143640898.0,0.0,15,21.01,0
20231121,1700496000000,21.28,21.330000000000002,20.73,20.77,79483,166581722.0,0.0,15,21.27,0
20231122,1700582400000,20.73,20.84,20.32,20.330000000000002,54701,112375308.0,0.0,15,20.77,0
20231123,1700668800000,20.3,20.73,20.16,20.64,54387,111534704.0,0.0,15,20.330000000000002,0
20231124,1700755200000,20.529999999999998,20.549999999999997,20.22,20.29,54935,111580679.0,0.0,15,20.64,0
20231127,1701014400000,20.25,20.490000000000002,20.01,20.3,51553,104229067.99999999,0.0,15,20.290000000000003,0
20231128,1701100800000,20.22,20.59,20.22,20.439999999999998,42577,86900139.0,0.0,15,20.299999999999997,0
20231129,1701187200000,20.439999999999998,20.439999999999998,20.06,20.09,31281,63273493.0,0.0,15,20.439999999999998,0
20231130,1701273600000,20.06,20.24,19.72,19.93,46646,92711549.0,0.0,15,20.09,0
20231201,1701360000000,19.91,20.03,19.6,19.8,44736,88590311.0,0.0,15,19.93,0
20231204,1701619200000,19.970000000000002,20.560000000000002,19.87,20.18,84575,171140790.0,0.0,15,19.8,0
20231205,1701705600000,20.04,20.08,19.43,19.46,65804,129185980.99999999,0.0,15,20.18,0
20231206,1701792000000,19.32,19.85,19.32,19.4,46861,91589664.0,0.0,15,19.46,0
20231207,1701878400000,19.34,19.34,19.01,19.12,69785,133522302.0,0.0,15,19.400000000000002,0
20231208,1701964800000,19.19,19.2,18.8,18.85,74799,141756622.0,0.0,15,19.12,0
20231211,1702224000000,18.82,19.790000000000003,18.740000000000002,19.78,99880,192215810.00000003,0.0,15,18.85,0
20231212,1702310400000,19.79,20.97,19.5,20.74,174310,359519756.0,0.0,15,19.78,0
20231213,1702396800000,20.680000000000003,21.810000000000002,20.42,20.73,188774,400732359.0,0.0,15,20.740000000000002,0
20231214,1702483200000,20.58,20.82,20.2,20.37,102585,209632844.99999997,0.0,15,20.73,0
20231215,1702569600000,20.35,20.48,19.92,20.03,58784,118356212.00000001,0.0,15,20.37,0
20231218,1702828800000,19.82,20.13,19.38,19.4,57389,112528085.0,0.0,15,20.029999999999998,0
20231219,1702915200000,19.59,19.59,19.18,19.31,48136,92877743.0,0.0,15,19.4,0
20231220,1703001600000,19.29,19.34,18.45,18.509999999999998,81921,153321463.0,0.0,15,19.31,0
20231221,1703088000000,18.36,18.69,18.25,18.45,80044,147752886.00000003,0.0,15,18.51,0
20231222,1703174400000,18.48,21.2,18.48,20.55,252035,504208264.0,0.0,15,18.45,0
20231225,1703433600000,20.28,21.57,20.28,20.66,234124,489433887.00000006,0.0,15,20.55,0
20231226,1703520000000,20.880000000000003,20.950000000000003,20.1,20.41,148932,304230941.0,0.0,15,20.66,0
20231227,1703606400000,20.35,20.37,19.87,20.09,97126,195097263.0,0.0,15,20.41,0
20231228,1703692800000,20.1,20.8,19.98,20.45,125122,255684820.0,0.0,15,20.09,0
20231229,1703779200000,20.43,20.65,20.11,20.349999999999998,141941,288351478.00000006,0.0,15,20.45,0
20240102,1704124800000,20.35,21.69,20.3,21.17,241752,514669508.0,0.0,15,20.35,0
20240103,1704211200000,20.96,21.13,20.16,20.51,185121,381031098.0,0.0,15,21.17,0
20240104,1704297600000,20.450000000000003,21.380000000000003,20.28,20.51,198183,412853319.00000006,0.0,15,20.51,0
20240105,1704384000000,20.32,20.48,19.21,19.37,190898,375173739.0,0.0,15,20.51,0
20240108,1704643200000,19.35,19.76,18.8,18.8,117336,224887760.00000003,0.0,15,19.37,0
20240109,1704729600000,18.96,19.05,18.41,18.88,95516,179411439.0,0.0,15,18.8,0
20240110,1704816000000,18.8,19.180000000000003,18.400000000000002,18.490000000000002,108815,202710272.00000003,0.0,15,18.880000000000003,0
20240111,1704902400000,18.430000000000003,19.180000000000003,18.400000000000002,19.070000000000004,123547,233568490.0,0.0,15,18.490000000000002,0
20240112,1704988800000,19.03,19.17,18.650000000000002,18.860000000000003,84546,159550264.0,0.0,15,19.070000000000004,0
20240115,1705248000000,18.86,18.87,18.23,18.38,132473,244344279.0,0.0,15,18.86,0
20240116,1705334400000,18.39,18.41,17.73,18.01,110494,198419290.0,0.0,15,18.38,0
20240117,1705420800000,17.849999999999998,17.98,17.2,17.25,100080,175356578.0,0.0,15,18.009999999999998,0
20240118,1705507200000,17.099999999999998,17.419999999999998,16.4,17.299999999999997,149526,251181750.0,0.0,15,17.25,0
20240119,1705593600000,17.299999999999997,17.32,16.9,16.959999999999997,82915,141702115.0,0.0,15,17.299999999999997,0
20240122,1705852800000,16.91,16.94,15.8,16.02,101608,167038178.0,0.0,15,16.96,0
20240123,1705939200000,15.89,16.4,15.75,16.26,112589,181518738.0,0.0,15,16.02,0
20240124,1706025600000,16.35,16.580000000000002,15.71,16.470000000000002,120833,194567829.0,0.0,15,16.26,0
20240125,1706112000000,16.54,16.919999999999998,16.31,16.81,134342,224992609.0,0.0,15,16.47,0
20240126,1706198400000,16.79,16.96,16.09,16.16,160022,262147682.0,0.0,15,16.81,0
20240129,1706457600000,16.31,16.55,15.85,15.969999999999999,96651,156183362.0,0.0,15,16.16,0
20240130,1706544000000,15.68,16.12,15.31,15.38,74391,116697339.99999999,0.0,15,15.97,0
20240131,1706630400000,15.31,15.5,14.65,14.69,102228,153656003.0,0.0,15,15.38,0
20240201,1706716800000,14.67,15.08,14.38,14.74,89132,131141863.00000001,0.0,15,14.690000000000001,0
20240202,1706803200000,14.71,14.89,13.55,13.99,115645,163837478.0,0.0,15,14.74,0
20240205,1707062400000,14.0,14.0,12.32,12.82,195353,253875609.0,0.0,15,13.99,0
20240206,1707148800000,12.81,14.07,12.64,13.98,179146,241023900.0,0.0,15,12.82,0
20240207,1707235200000,13.889999999999999,15.52,13.85,15.02,252636,378078951.0,0.0,15,13.98,0
20240208,1707321600000,15.07,16.15,14.9,15.360000000000001,193242,301778005.0,0.0,15,15.02,0
20240219,1708272000000,15.57,15.75,15.16,15.3,164231,253248790.99999997,0.0,15,15.36,0
20240220,1708358400000,15.14,15.459999999999999,15.01,15.32,106296,161909243.0,0.0,15,15.299999999999999,0
20240221,1708444800000,15.21,16.02,15.05,15.540000000000001,143828,224963319.99999997,0.0,15,15.32,0
20240222,1708531200000,15.540000000000001,15.93,15.4,15.9,94945,149396451.00000003,0.0,15,15.540000000000001,0
20240223,1708617600000,15.889999999999999,16.14,15.6,16.09,107554,170719305.0,0.0,15,15.9,0
20240226,1708876800000,16.18,16.64,16.1,16.310000000000002,117407,192025143.0,0.0,15,16.09,0
20240227,1708963200000,16.16,16.7,16.15,16.68,109157,179499106.99999997,0.0,15,16.31,0
20240228,1709049600000,16.66,17.03,15.81,15.83,165669,273300097.0,0.0,15,16.68,0
20240229,1709136000000,15.7,16.48,15.66,16.47,117904,191538821.0,0.0,15,15.83,0
20240301,1709222400000,16.66,16.770000000000003,16.330000000000002,16.580000000000002,122493,201872907.0,0.0,15,16.470000000000002,0
20240304,1709481600000,16.56,16.56,16.04,16.3,123514,200326078.0,0.0,15,16.58,0
20240305,1709568000000,16.3,16.67,16.080000000000002,16.270000000000003,159518,261509474.0,0.0,15,16.3,0
20240306,1709654400000,16.26,16.560000000000002,16.03,16.42,102205,166728808.00000003,0.0,15,16.27,0
20240307,1709740800000,16.490000000000002,16.580000000000002,15.860000000000001,15.860000000000001,118212,191774748.00000003,0.0,15,16.42,0
20240308,1709827200000,15.98,16.2,15.68,15.91,100921,160120040.00000003,0.0,15,15.86,0
20240311,1710086400000,15.92,16.42,15.82,16.41,141329,229474087.0,0.0,15,15.91,0
20240312,1710172800000,16.41,16.939999999999998,16.36,16.81,139019,232322771.00000003,0.0,15,16.41,0
20240313,1710259200000,16.830000000000002,17.03,16.53,16.900000000000002,103102,173084096.0,0.0,15,16.810000000000002,0
20240314,1710345600000,16.700000000000003,16.86,16.28,16.470000000000002,90568,149819938.00000003,0.0,15,16.900000000000002,0
20240315,1710432000000,16.31,16.6,16.23,16.55,74844,122672896.0,0.0,15,16.47,0
20240318,1710691200000,16.65,17.02,16.57,17.02,127727,215258621.0,0.0,15,16.55,0
20240319,1710777600000,16.91,17.15,16.75,16.91,102299,173534400.0,0.0,15,17.02,0
20240320,1710864000000,16.91,17.049999999999997,16.81,16.849999999999998,100693,170076371.0,0.0,15,16.91,0
20240321,1710950400000,16.89,16.93,16.47,16.75,89662,149788988.0,0.0,15,16.849999999999998,0
20240322,1711036800000,16.689999999999998,16.73,16.2,16.29,104127,170614239.0,0.0,15,16.75,0
20240325,1711296000000,16.25,16.29,15.6,15.61,100371,160071727.0,0.0,15,16.29,0
20240326,1711382400000,15.61,15.719999999999999,15.27,15.469999999999999,81800,126680289.0,0.0,15,15.61,0
20240327,1711468800000,15.47,15.520000000000001,14.55,14.59,113165,168728316.00000003,0.0,15,15.47,0
20240328,1711555200000,14.6,15.36,14.59,15.1,114239,172559891.0,0.0,15,14.59,0
20240329,1711641600000,15.08,15.32,14.93,15.299999999999999,70841,107228213.99999999,0.0,15,15.1,0
20240401,1711900800000,15.47,15.75,15.4,15.69,84462,131769238.0,0.0,15,15.3,0
20240402,1711987200000,15.610000000000001,15.870000000000001,15.370000000000001,15.64,82606,128999917.00000001,0.0,15,15.690000000000001,0
20240403,1712073600000,15.7,15.7,15.27,15.379999999999999,75502,116161285.99999999,0.0,15,15.639999999999999,0
20240408,1712505600000,15.43,15.46,14.82,14.83,88161,132926624.0,0.0,15,15.38,0
20240409,1712592000000,14.82,15.34,14.82,15.21,75820,114849497.0,0.0,15,14.83,0
20240410,1712678400000,15.25,15.25,14.65,14.870000000000001,71884,106945174.0,0.0,15,15.21,0
20240411,1712764800000,14.8,15.290000000000001,14.71,14.99,100586,152410007.00000003,0.0,15,14.870000000000001,0
20240412,1712851200000,15.09,17.14,14.99,16.38,348310,568627005.0,0.0,15,14.99,0
20240415,1713110400000,16.1,16.7,15.75,16.5,335770,546844879.0,0.0,15,16.38,0
20240416,1713196800000,16.3,17.04,15.42,15.65,315307,511300214.00000006,0.0,15,16.5,0
20240417,1713283200000,15.700000000000001,16.82,15.700000000000001,16.8,325021,530197961.0,0.0,15,15.65,0
20240418,1713369600000,16.650000000000002,16.76,16.35,16.400000000000002,283888,469108312.0,0.0,15,16.8,0
20240419,1713456000000,16.16,17.8,16.01,17.5,425961,727777540.0,0.0,15,16.400000000000002,0
20240422,1713715200000,17.520000000000003,18.900000000000002,17.080000000000002,17.66,452015,815278143.0000001,0.0,15,17.500000000000004,0
20240423,1713801600000,17.37,18.4,16.95,17.349999999999998,398800,699655591.0,0.0,15,17.66,0
20240424,1713888000000,17.59,18.26,17.35,18.12,459106,815391284.0000001,0.0,15,17.35,0
20240425,1713974400000,17.78,17.98,17.330000000000002,17.41,328049,579172298.0,0.0,15,18.12,0
20240426,1714060800000,17.35,17.55,17.03,17.39,341004,589228653.0,0.0,15,17.41,0
20240429,1714320000000,17.45,17.95,17.11,17.86,323710,570410615.0,0.0,15,17.39,0
20240430,1714406400000,17.950000000000003,18.490000000000002,17.6,17.810000000000002,283847,512177039.00000006,0.0,15,17.860000000000003,0
20240506,1714924800000,18.07,18.18,17.64,17.96,241211,431124532.0,0.0,15,17.810000000000002,0
20240507,1715011200000,17.84,18.540000000000003,17.76,18.48,338447,620464437.0,0.0,15,17.96,0
20240508,1715097600000,18.4,18.4,17.68,17.74,232365,418692838.0,0.0,15,18.48,0
20240509,1715184000000,17.59,18.8,17.37,18.79,411171,747000243.0,0.0,15,17.740000000000002,0
20240510,1715270400000,18.73,19.3,18.38,18.55,384255,721333105.0,0.0,15,18.79,0
20240513,1715529600000,18.18,18.5,17.6,18.290000000000003,257510,466466552.0,0.0,15,18.55,0
20240514,1715616000000,18.1,18.39,17.75,17.81,188187,337646931.00000006,0.0,15,18.29,0
20240515,1715702400000,17.76,18.16,17.07,17.12,261788,460333340.00000006,0.0,15,17.81,0
20240516,1715788800000,17.169999999999998,17.349999999999998,16.95,17.08,171722,294168008.0,0.0,15,17.12,0
20240517,1715875200000,17.080000000000002,17.65,17.07,17.64,178173,310317395.0,0.0,15,17.080000000000002,0
20240520,1716134400000,17.64,18.3,17.52,17.849999999999998,244658,439181829.0,0.0,15,17.64,0
20240521,1716220800000,17.8,17.82,17.26,17.360000000000003,152843,266284763.0,0.0,15,17.85,0
20240522,1716307200000,17.29,17.58,17.2,17.41,109265,189726262.00000003,0.0,15,17.36,0
20240523,1716393600000,17.31,17.599999999999998,17.11,17.12,172301,299005637.0,0.0,15,17.41,0
20240524,1716480000000,17.0,17.16,16.7,16.8,146393,246917648.0,0.0,15,17.12,0
20240527,1716739200000,16.8,16.94,15.91,16.55,239960,390722015.0,0.0,15,16.8,0
20240528,1716825600000,16.430000000000003,16.64,16.26,16.34,150852,247954363.0,0.0,15,16.55,0
20240529,1716912000000,16.4,16.54,16.18,16.27,106880,174556569.0,0.0,15,16.34,0
20240530,1716998400000,16.26,16.79,16.07,16.6,174317,288425772.0,0.0,15,16.27,0
20240531,1717084800000,16.66,16.95,16.4,16.74,171216,285773182.00000006,0.0,15,16.599999999999998,0
20240603,1717344000000,16.8,16.939999999999998,16.2,16.39,164366,270561495.0,0.0,15,16.74,0
20240604,1717430400000,16.34,16.75,16.16,16.7,143803,237287877.99999997,0.0,15,16.39,0
20240605,1717516800000,16.59,17.3,16.55,16.86,212042,361109871.0,0.0,15,16.7,0
20240606,1717603200000,16.86,16.95,16.13,16.22,171961,283657597.0,0.0,15,16.86,0
20240607,1717689600000,16.35,16.51,16.03,16.23,118279,192634710.0,0.0,15,16.220000000000002,0
20240611,1718035200000,16.11,16.44,15.98,16.400000000000002,104605,169876151.0,0.0,15,16.23,0
20240612,1718121600000,16.28,16.64,16.14,16.23,150084,245442880.99999997,0.0,15,16.400000000000002,0
20240613,1718208000000,16.220000000000002,16.28,16.05,16.2,140132,226477274.0,0.0,15,16.23,0
20240614,1718294400000,16.13,16.13,15.77,16.07,148406,237286730.0,0.0,15,16.2,0
20240617,1718553600000,16.110000000000003,16.89,16.01,16.64,223327,371049756.0,0.0,15,16.07,0
20240618,1718640000000,16.61,16.8,16.48,16.55,127856,212463609.0,0.0,15,16.64,0
20240619,1718726400000,16.48,16.6,16.07,16.07,149340,242387329.0,0.0,15,16.55,0
20240620,1718812800000,16.009999999999998,16.169999999999998,15.44,15.45,141472,222785418.0,0.0,15,16.07,0
20240621,1718899200000,15.44,15.91,15.44,15.49,97959,153340621.0,0.0,15,15.45,0
20240624,1719158400000,15.62,15.68,14.94,14.99,110248,168455708.0,0.0,15,15.49,0
20240625,1719244800000,15.0,15.19,14.83,14.97,79647,119551011.0,0.0,15,14.99,0
20240626,1719331200000,14.9,15.44,14.67,15.44,103860,156851670.0,0.0,15,14.97,0
20240627,1719417600000,15.24,15.5,15.05,15.07,86690,132436972.99999999,0.0,15,15.440000000000001,0
20240628,1719504000000,15.12,16.24,15.02,15.889999999999999,228998,362510280.0,0.0,15,15.07,0
20240701,1719763200000,15.879999999999999,16.07,15.6,15.92,100443,158985498.0,0.0,15,15.889999999999999,0
20240702,1719849600000,15.930000000000001,16.01,15.63,15.680000000000001,87611,138454506.0,0.0,15,15.92,0
20240703,1719936000000,15.680000000000001,15.73,15.3,15.370000000000001,73516,113460670.0,0.0,15,15.680000000000001,0
20240704,1720022400000,15.440000000000001,15.530000000000001,14.96,14.99,77356,117255564.00000001,0.0,15,15.370000000000001,0
20240705,1720108800000,14.92,15.42,14.6,15.37,110734,166707600.0,0.0,15,14.99,0
20240708,1720368000000,15.209999999999999,15.85,15.17,15.53,156990,245236977.0,0.0,15,15.37,0
20240709,1720454400000,15.42,16.2,15.42,16.0,192180,305684250.0,0.0,15,15.53,0
20240710,1720540800000,16.0,16.38,15.82,15.92,122417,197419616.0,0.0,15,16.0,0
20240711,1720627200000,16.07,16.22,15.49,16.02,185254,294061260.0,0.0,15,15.8,0
20240712,1720713600000,15.920000000000002,15.99,15.700000000000001,15.780000000000001,90268,142776162.00000003,0.0,15,16.02,0
20240715,1720972800000,15.700000000000001,15.780000000000001,15.38,15.450000000000001,94482,146770938.00000003,0.0,15,15.780000000000001,0
20240716,1721059200000,15.4,15.44,15.19,15.44,86278,132102870.0,0.0,15,15.45,0
20240717,1721145600000,15.45,15.65,15.27,15.299999999999999,86966,134420480.0,0.0,15,15.44,0
20240718,1721232000000,15.16,15.73,14.98,15.67,123714,190705507.00000003,0.0,15,15.3,0
20240719,1721318400000,15.56,15.78,15.42,15.7,106434,166383715.99999997,0.0,15,15.67,0
20240722,1721577600000,15.850000000000001,16.0,15.540000000000001,15.690000000000001,123618,195018794.0,0.0,15,15.700000000000001,0
20240723,1721664000000,15.66,15.66,14.700000000000001,14.74,185099,278399646.0,0.0,15,15.690000000000001,0
20240724,1721750400000,14.6,15.25,14.58,14.86,125829,187402262.99999997,0.0,15,14.74,0
20240725,1721836800000,14.81,15.000000000000002,14.620000000000001,14.850000000000001,73324,108588416.0,0.0,15,14.860000000000001,0
20240726,1721923200000,14.85,15.86,14.85,15.68,207168,319247365.99999994,0.0,15,14.85,0
20240729,1722182400000,15.75,15.850000000000001,15.47,15.58,110832,173456688.0,0.0,15,15.680000000000001,0
20240730,1722268800000,15.51,15.600000000000001,15.14,15.450000000000001,96484,148532254.0,0.0,15,15.58,0
20240731,1722355200000,15.4,15.920000000000002,15.280000000000001,15.920000000000002,145840,228730414.0,0.0,15,15.450000000000001,0
20240801,1722441600000,15.89,16.240000000000002,15.81,16.05,188712,302960800.0,0.0,15,15.92,0
20240802,1722528000000,15.91,16.490000000000002,15.71,15.74,206329,332562214.0,0.0,15,16.05,0
20240805,1722787200000,15.66,15.93,15.08,15.08,172519,266670577.0,0.0,15,15.74,0
20240806,1722873600000,15.3,15.670000000000002,15.200000000000001,15.540000000000001,142229,219852381.0,0.0,15,15.080000000000002,0
20240807,1722960000000,15.510000000000002,15.860000000000001,15.370000000000001,15.790000000000001,125642,196852339.0,0.0,15,15.540000000000001,0
20240808,1723046400000,15.68,15.76,15.15,15.19,143927,220442699.0,0.0,15,15.790000000000001,0
20240809,1723132800000,15.34,15.34,14.8,14.8,167416,250669712.00000003,0.0,15,15.190000000000001,0
20240812,1723392000000,14.82,14.82,14.46,14.530000000000001,107584,156476044.99999997,0.0,15,14.8,0
20240813,1723478400000,14.58,14.68,14.41,14.63,87057,126454796.00000001,0.0,15,14.53,0
20240814,1723564800000,14.58,14.61,14.41,14.41,61303,88793904.0,0.0,15,14.63,0
20240815,1723651200000,14.39,14.600000000000001,14.290000000000001,14.430000000000001,90877,131288512.0,0.0,15,14.41,0
20240816,1723737600000,14.43,14.49,14.09,14.09,108211,153938898.00000003,0.0,15,14.43,0
20240819,1723996800000,14.010000000000002,14.270000000000001,13.950000000000001,14.020000000000001,73013,102876386.0,0.0,15,14.090000000000002,0
20240820,1724083200000,14.040000000000001,14.15,13.71,13.83,69841,96808178.0,0.0,15,14.020000000000001,0
20240821,1724169600000,13.77,13.92,13.73,13.860000000000001,54641,75657552.0,0.0,15,13.83,0
20240822,1724256000000,13.830000000000002,13.96,13.700000000000001,13.74,67968,93687514.00000001,0.0,15,13.860000000000001,0
20240823,1724342400000,13.74,13.82,13.61,13.799999999999999,52996,72733193.0,0.0,15,13.74,0
20240826,1724601600000,13.799999999999999,13.94,13.68,13.73,56462,77725671.0,0.0,15,13.799999999999999,0
20240827,1724688000000,13.71,13.71,13.41,13.45,70316,94845825.0,0.0,15,13.73,0
20240828,1724774400000,13.23,13.6,13.23,13.530000000000001,49792,67277859.0,0.0,15,13.450000000000001,0
20240829,1724860800000,13.53,13.87,13.44,13.79,81786,112373697.0,0.0,15,13.53,0
20240830,1724947200000,13.78,14.1,13.74,13.84,164593,228979681.00000003,0.0,15,13.790000000000001,0
20240902,1725206400000,13.7,13.84,13.26,13.27,122398,165461290.0,0.0,15,13.84,0
20240903,1725292800000,13.3,13.490000000000002,13.280000000000001,13.39,57948,77564580.00000001,0.0,15,13.270000000000001,0
20240904,1725379200000,13.31,13.55,13.25,13.5,62258,83871169.0,0.0,15,13.39,0
20240905,1725465600000,13.549999999999999,13.9,13.51,13.69,75835,103945182.0,0.0,15,13.5,0
20240906,1725552000000,13.700000000000001,13.74,13.370000000000001,13.370000000000001,58081,78358554.0,0.0,15,13.690000000000001,0
20240909,1725811200000,13.31,13.52,13.25,13.35,54205,72452084.99999999,0.0,15,13.37,0
20240910,1725897600000,13.379999999999999,13.57,13.19,13.549999999999999,72246,96803984.00000001,0.0,15,13.35,0
20240911,1725984000000,13.42,13.53,13.35,13.469999999999999,49504,66570259.0,0.0,15,13.549999999999999,0
20240912,1726070400000,13.42,13.64,13.38,13.39,56326,76240991.0,0.0,15,13.47,0
20240913,1726156800000,13.430000000000001,13.46,12.97,13.01,84210,110899694.0,0.0,15,13.39,0
20240918,1726588800000,13.06,13.09,12.74,13.0,65625,84758846.0,0.0,15,13.01,0
20240919,1726675200000,13.129999999999999,13.37,12.86,13.16,82429,108231474.99999999,0.0,15,13.0,0
20240920,1726761600000,13.16,13.18,12.85,12.93,70499,91414871.00000001,0.0,15,13.16,0
20240923,1727020800000,12.9,13.020000000000001,12.870000000000001,12.9,51173,66290170.0,0.0,15,12.930000000000001,0
20240924,1727107200000,13.03,13.559999999999999,12.94,13.559999999999999,137140,182635791.0,0.0,15,12.9,0
20240925,1727193600000,13.66,13.94,13.49,13.58,168889,231546763.0,0.0,15,13.56,0
20240926,1727280000000,13.530000000000001,14.170000000000002,13.46,14.170000000000002,165183,228668924.0,0.0,15,13.58,0
20240927,1727366400000,14.35,15.25,14.35,15.03,269861,398572242.00000006,0.0,15,14.17,0
20240930,1727625600000,15.610000000000001,17.470000000000002,15.450000000000001,17.21,483306,797083325.0000001,0.0,15,15.030000000000001,0
20241008,1728316800000,20.5,20.5,18.02,19.71,616341,1193199368.0,0.0,15,17.21,0
20241009,1728403200000,18.67,19.330000000000002,17.400000000000002,17.51,450106,825224641.0000001,0.0,15,19.71,0
20241010,1728489600000,17.51,18.3,17.19,17.55,290265,516015421.0,0.0,15,17.51,0
20241011,1728576000000,17.560000000000002,17.560000000000002,16.330000000000002,16.610000000000003,255317,427796247.0,0.0,15,17.55,0
20241014,1728835200000,16.71,17.380000000000003,16.62,17.060000000000002,287896,491194486.00000006,0.0,15,16.61,0
20241015,1728921600000,16.860000000000003,17.55,16.69,17.0,253308,434258610.0,0.0,15,17.060000000000002,0
20241016,1729008000000,16.61,16.89,16.34,16.5,193227,321083816.0,0.0,15,17.0,0
20241017,1729094400000,16.560000000000002,16.96,16.55,16.57,190802,319969291.0,0.0,15,16.5,0
20241018,1729180800000,16.5,17.939999999999998,16.38,17.4,301799,518590117.0,0.0,15,16.57,0
20241021,1729440000000,17.59,18.58,17.54,18.099999999999998,362641,655979796.0,0.0,15,17.4,0
20241022,1729526400000,18.09,18.27,17.62,17.880000000000003,221706,396174107.0,0.0,15,18.1,0
20241023,1729612800000,17.97,18.849999999999998,17.79,18.29,328544,602375049.0000001,0.0,15,17.88,0
20241024,1729699200000,18.29,18.29,17.64,17.77,181472,323245660.00000006,0.0,15,18.29,0
20241025,1729785600000,17.770000000000003,18.160000000000004,17.650000000000002,17.970000000000002,158225,283780296.0,0.0,15,17.770000000000003,0
20241028,1730044800000,17.68,18.169999999999998,17.68,17.87,225216,402594782.0,0.0,15,17.97,0
20241029,1730131200000,17.810000000000002,17.92,17.17,17.240000000000002,281678,491786167.00000006,0.0,15,17.87,0
20241030,1730217600000,17.130000000000003,17.400000000000002,16.76,16.92,170029,289820371.0,0.0,15,17.240000000000002,0
20241031,1730304000000,16.85,17.49,16.75,17.18,189027,324242419.0,0.0,15,16.92,0
20241101,1730390400000,17.08,17.27,16.45,16.56,206249,345251649.0,0.0,15,17.18,0
20241104,1730649600000,16.68,17.490000000000002,16.6,17.18,196164,334857154.0,0.0,15,16.560000000000002,0
20241105,1730736000000,17.259999999999998,18.259999999999998,17.18,18.0,360871,642930914.0000001,0.0,15,17.18,0
20241106,1730822400000,18.23,18.599999999999998,17.81,18.0,350262,634344047.0,0.0,15,18.0,0
20241107,1730908800000,17.67,18.080000000000002,17.57,18.05,259553,463017415.00000006,0.0,15,18.0,0
20241108,1730995200000,18.2,18.99,18.13,18.439999999999998,435643,807440035.0000001,0.0,15,18.05,0
20241111,1731254400000,18.53,18.94,18.25,18.93,334593,623991224.0,0.0,15,18.44,0
20241112,1731340800000,18.930000000000003,18.930000000000003,18.01,18.200000000000003,326039,600360015.0,0.0,15,18.930000000000003,0
20241113,1731427200000,18.06,18.29,17.81,18.27,181516,328344301.00000006,0.0,15,18.2,0
20241114,1731513600000,18.21,18.21,17.6,17.64,157962,282315988.0,0.0,15,18.270000000000003,0
20241115,1731600000000,17.57,17.709999999999997,16.9,16.919999999999998,180181,310897763.0,0.0,15,17.639999999999997,0
20241118,1731859200000,16.95,17.23,16.57,16.93,158312,267798601.0,0.0,15,16.92,0
20241119,1731945600000,16.99,17.189999999999998,16.56,17.16,194371,326837610.0,0.0,15,16.93,0
20241120,1732032000000,17.01,17.28,16.91,17.21,159116,272157644.0,0.0,15,17.16,0
20241121,1732118400000,17.2,17.23,16.91,17.11,116357,198755028.99999997,0.0,15,17.21,0
20241122,1732204800000,17.05,17.21,16.53,16.55,142102,240261641.0,0.0,15,17.11,0
20241125,1732464000000,16.56,16.66,16.07,16.34,149495,243095699.00000003,0.0,15,16.55,0
20241126,1732550400000,16.31,16.4,16.09,16.12,78864,128171288.0,0.0,15,16.34,0
20241127,1732636800000,16.1,16.509999999999998,15.85,16.509999999999998,138142,223992406.00000003,0.0,15,16.12,0
20241128,1732723200000,16.5,16.68,16.29,16.32,82527,135874132.0,0.0,15,16.509999999999998,0
20241129,1732809600000,16.299999999999997,16.689999999999998,16.15,16.5,117999,194339889.0,0.0,15,16.32,0
20241202,1733068800000,16.5,16.82,16.45,16.8,125061,208459222.0,0.0,15,16.5,0
20241203,1733155200000,16.78,16.810000000000002,16.51,16.680000000000003,95588,159199886.0,0.0,15,16.8,0
20241204,1733241600000,16.61,16.669999999999998,16.27,16.32,91556,150468765.00000003,0.0,15,16.68,0
20241205,1733328000000,16.330000000000002,16.830000000000002,16.330000000000002,16.69,103041,171133156.0,0.0,15,16.32,0
20241206,1733414400000,16.71,16.84,16.45,16.79,106769,178125049.0,0.0,15,16.689999999999998,0
20241209,1733673600000,16.7,16.83,16.47,16.59,93982,156475895.0,0.0,15,16.79,0
20241210,1733760000000,16.98,17.12,16.68,16.7,137621,233021378.0,0.0,15,16.59,0
20241211,1733846400000,16.7,16.799999999999997,16.65,16.759999999999998,77799,130193558.0,0.0,15,16.7,0
20241212,1733932800000,16.75,17.0,16.73,16.98,129341,218691066.0,0.0,15,16.76,0
20241213,1734019200000,16.84,16.87,16.36,16.39,148058,244973409.0,0.0,15,16.98,0
20241216,1734278400000,16.32,16.470000000000002,16.080000000000002,16.200000000000003,87768,142523681.0,0.0,15,16.39,0
20241217,1734364800000,16.16,16.26,15.97,16.02,74498,119910218.0,0.0,15,16.2,0
20241218,1734451200000,16.03,16.189999999999998,15.94,15.979999999999999,72280,116218017.00000001,0.0,15,16.02,0
20241219,1734537600000,15.840000000000002,16.080000000000002,15.63,16.04,96962,153639595.0,0.0,15,15.98,0
20241220,1734624000000,16.04,16.2,15.94,16.07,71465,115020567.0,0.0,15,16.04,0
20241223,1734883200000,16.07,16.16,15.66,15.71,103185,163511203.99999997,0.0,15,16.07,0
20241224,1734969600000,15.760000000000002,15.91,15.540000000000001,15.680000000000001,87833,137825253.0,0.0,15,15.71,0
20241225,1735056000000,15.71,15.75,15.47,15.56,80995,126003504.00000001,0.0,15,15.680000000000001,0
20241226,1735142400000,15.58,15.94,15.57,15.84,87326,138103074.0,0.0,15,15.56,0
20241227,1735228800000,16.26,16.400000000000002,15.98,16.02,162255,262362360.0,0.0,15,15.84,0
20241230,1735488000000,15.940000000000001,16.19,15.790000000000001,16.05,92910,148975729.0,0.0,15,16.02,0
20241231,1735574400000,16.05,16.060000000000002,15.56,15.6,110851,174751443.0,0.0,15,16.05,0
20250102,1735747200000,15.510000000000002,15.590000000000002,14.700000000000001,14.88,126533,191513187.0,0.0,15,15.600000000000001,0
20250103,1735833600000,14.879999999999999,15.1,14.59,14.66,85833,127461593.0,0.0,15,14.879999999999999,0
20250106,1736092800000,14.600000000000001,14.8,14.450000000000001,14.620000000000001,65360,95621072.0,0.0,15,14.660000000000002,0
20250107,1736179200000,14.68,14.77,14.51,14.74,55787,81837613.0,0.0,15,14.62,0
20250108,1736265600000,14.780000000000001,14.790000000000001,14.22,14.55,88065,127535343.0,0.0,15,14.74,0
20250109,1736352000000,14.56,14.790000000000001,14.41,14.65,70973,103763434.0,0.0,15,14.55,0
20250110,1736438400000,14.63,14.860000000000001,14.370000000000001,14.39,64920,94919490.0,0.0,15,14.65,0
20250113,1736697600000,14.31,14.610000000000001,14.21,14.530000000000001,52498,75813553.0,0.0,15,14.39,0
20250114,1736784000000,14.56,15.08,14.49,15.07,88025,130788362.0,0.0,15,14.53,0
20250115,1736870400000,15.0,15.11,14.82,14.88,61116,91210498.0,0.0,15,15.07,0
20250116,1736956800000,14.95,15.19,14.77,14.86,63440,94853121.99999999,0.0,15,14.879999999999999,0
20250117,1737043200000,14.8,15.13,14.780000000000001,15.010000000000002,61760,92426053.0,0.0,15,14.860000000000001,0
20250120,1737302400000,15.07,15.180000000000001,14.96,15.010000000000002,61114,92095688.0,0.0,15,15.010000000000002,0
20250121,1737388800000,15.09,15.14,14.8,14.98,51852,77387170.0,0.0,15,15.010000000000002,0
20250122,1737475200000,14.91,14.98,14.8,14.89,42357,63012181.0,0.0,15,14.98,0
20250123,1737561600000,15.010000000000002,15.24,14.870000000000001,14.870000000000001,72260,108876673.0,0.0,15,14.89,0
20250124,1737648000000,14.88,15.01,14.82,15.0,58950,88046622.0,0.0,15,14.870000000000001,0
20250127,1737907200000,15.06,15.25,14.88,14.88,71625,107723004.0,0.0,15,15.0,0
20250205,1738684800000,15.01,15.14,14.97,15.08,67546,101733480.00000001,0.0,15,14.88,0
20250206,1738771200000,15.02,15.299999999999999,14.94,15.25,109273,165625447.0,0.0,15,15.08,0
20250207,1738857600000,15.26,15.549999999999999,15.19,15.43,131382,202328073.0,0.0,15,15.25,0
20250210,1739116800000,15.479999999999999,15.549999999999999,15.36,15.51,106596,165132100.0,0.0,15,15.43,0
20250211,1739203200000,15.51,15.52,15.26,15.41,86607,133024887.00000001,0.0,15,15.51,0
20250212,1739289600000,15.4,15.51,15.35,15.5,74096,114412466.0,0.0,15,15.41,0
20250213,1739376000000,15.49,15.67,15.39,15.39,114940,178477125.00000003,0.0,15,15.5,0
20250214,1739462400000,15.37,15.459999999999999,15.19,15.299999999999999,91282,139561240.0,0.0,15,15.389999999999999,0
20250217,1739721600000,15.3,15.370000000000001,15.06,15.18,113134,171842604.99999997,0.0,15,15.3,0
20250218,1739808000000,15.110000000000001,15.180000000000001,14.72,14.8,107801,161636348.0,0.0,15,15.180000000000001,0
20250219,1739894400000,14.81,15.1,14.81,15.020000000000001,87813,131505062.0,0.0,15,14.8,0
20250220,1739980800000,15.02,15.35,14.9,15.27,130519,197951584.0,0.0,15,15.02,0
20250221,1740067200000,15.260000000000002,15.42,15.13,15.42,117907,180354043.0,0.0,15,15.270000000000001,0
20250224,1740326400000,15.430000000000001,15.55,15.280000000000001,15.410000000000002,102438,157937641.0,0.0,15,15.420000000000002,0
20250225,1740412800000,15.34,15.47,15.22,15.350000000000001,77142,118532083.0,0.0,15,15.41,0
20250226,1740499200000,15.4,16.03,15.32,15.83,206008,324175968.0,0.0,15,15.35,0
20250227,1740585600000,15.760000000000002,15.82,15.22,15.440000000000001,156890,242652502.00000003,0.0,15,15.83,0
20250228,1740672000000,15.350000000000001,15.47,14.89,14.98,115774,175202532.0,0.0,15,15.440000000000001,0
20250303,1740931200000,14.97,15.340000000000002,14.96,15.090000000000002,93637,142333201.0,0.0,15,14.98,0
20250304,1741017600000,15.16,15.56,15.09,15.49,128584,198110347.0,0.0,15,15.09,0
20250305,1741104000000,15.42,15.64,15.33,15.46,89089,137733715.0,0.0,15,15.49,0
20250306,1741190400000,15.540000000000001,16.6,15.370000000000001,16.43,419269,677321519.0000001,0.0,15,15.46,0
20250307,1741276800000,16.38,16.830000000000002,16.32,16.43,296289,490551215.99999994,0.0,15,16.43,0
20250310,1741536000000,16.51,16.68,16.35,16.57,182664,301826425.0,0.0,15,16.43,0
20250311,1741622400000,16.400000000000002,17.05,16.330000000000002,16.96,286327,482750569.0,0.0,15,16.57,0
20250312,1741708800000,17.1,17.17,16.73,16.77,230717,389304081.0,0.0,15,16.96,0
20250313,1741795200000,16.700000000000003,16.93,16.53,16.880000000000003,187425,313723940.0,0.0,15,16.77,0
20250314,1741881600000,17.1,17.21,16.66,17.0,246407,417714370.0,0.0,15,16.88,0
20250317,1742140800000,17.21,17.59,16.98,17.080000000000002,306074,529745609.0,0.0,15,17.0,0
20250318,1742227200000,16.96,17.17,16.78,16.85,205951,348299932.0,0.0,15,17.080000000000002,0
20250319,1742313600000,16.8,16.91,16.59,16.68,141524,237215749.0,0.0,15,16.85,0
20250320,1742400000000,16.66,17.15,16.56,16.98,194448,328489229.0,0.0,15,16.68,0
20250321,1742486400000,16.91,17.66,16.86,17.18,365695,633724676.0,0.0,15,16.98,0
20250324,1742745600000,17.33,17.44,16.43,16.78,257301,432370023.0,0.0,15,17.18,0
20250325,1742832000000,16.78,17.880000000000003,16.740000000000002,17.46,454244,797431119.0,0.0,15,16.78,0
20250326,1742918400000,17.44,17.46,17.0,17.09,249242,428824949.00000006,0.0,15,17.46,0
20250327,1743004800000,17.05,17.12,16.55,16.830000000000002,192700,323893651.0,0.0,15,17.09,0
20250328,1743091200000,16.759999999999998,16.93,16.4,16.509999999999998,146578,243168016.0,0.0,15,16.83,0
20250331,1743350400000,16.34,16.48,15.950000000000001,16.200000000000003,144574,233952065.0,0.0,15,16.51,0
20250401,1743436800000,16.25,17.189999999999998,16.22,16.7,195604,327148798.0,0.0,15,16.2,0
20250402,1743523200000,16.71,16.810000000000002,16.17,16.35,164679,269846119.0,0.0,15,16.700000000000003,0
20250403,1743609600000,16.16,16.56,16.11,16.13,101204,164519856.0,0.0,15,16.349999999999998,0
20250407,1743955200000,15.5,15.8,13.83,14.42,296396,440364146.0,0.0,15,16.13,0
20250408,1744041600000,14.790000000000001,15.200000000000001,14.56,14.88,171884,255392521.00000003,0.0,15,14.42,0
20250409,1744128000000,14.61,16.259999999999998,14.61,16.02,330581,515600449.0,0.0,15,14.879999999999999,0
20250410,1744214400000,16.09,16.560000000000002,15.81,16.19,246927,401941354.0,0.0,15,16.02,0
20250411,1744300800000,16.0,16.37,15.96,16.130000000000003,146282,236680044.0,0.0,15,16.19,0
20250414,1744560000000,16.2,16.349999999999998,16.04,16.14,128121,207093440.0,0.0,15,16.13,0
20250415,1744646400000,16.080000000000002,16.080000000000002,15.66,15.85,107676,170452244.0,0.0,15,16.14,0
20250416,1744732800000,16.1,16.33,15.6,15.77,126129,200992646.0,0.0,15,15.85,0
20250417,1744819200000,15.700000000000001,16.1,15.63,15.770000000000001,127183,202687075.0,0.0,15,15.770000000000001,0
20250418,1744905600000,15.680000000000001,15.73,15.450000000000001,15.47,87070,135248455.0,0.0,15,15.770000000000001,0
20250421,1745164800000,15.510000000000002,16.09,15.46,16.04,123303,196030260.0,0.0,15,15.47,0
20250422,1745251200000,16.0,16.19,15.860000000000001,15.870000000000001,106208,169818487.99999997,0.0,15,16.040000000000003,0
20250423,1745337600000,15.85,15.97,15.66,15.790000000000001,94841,149592118.0,0.0,15,15.870000000000001,0
20250424,1745424000000,15.48,15.48,14.96,15.110000000000001,210134,317679296.0,0.0,15,15.790000000000001,0
20250425,1745510400000,15.05,15.24,14.98,15.110000000000001,77442,117033495.00000001,0.0,15,15.110000000000001,0
20250428,1745769600000,15.100000000000001,15.160000000000002,14.780000000000001,14.840000000000002,83100,123798895.0,0.0,15,15.110000000000001,0
20250429,1745856000000,14.71,14.88,14.700000000000001,14.74,62383,92275604.00000001,0.0,15,14.840000000000002,0
20250430,1745942400000,14.790000000000001,14.920000000000002,14.780000000000001,14.830000000000002,58020,86172346.0,0.0,15,14.740000000000002,0
20250506,1746460800000,14.93,15.299999999999999,14.93,15.27,92942,141367720.00000003,0.0,15,14.83,0
20250507,1746547200000,15.48,15.94,15.33,15.84,231965,363613953.0,0.0,15,15.27,0
20250508,1746633600000,15.7,16.44,15.58,16.37,272202,436488718.0,0.0,15,15.84,0
20250509,1746720000000,16.37,16.37,15.9,15.94,162258,260722904.0,0.0,15,16.37,0
20250512,1746979200000,16.07,16.580000000000002,15.89,16.45,237265,388774100.00000006,0.0,15,15.940000000000001,0
20250513,1747065600000,16.45,16.55,15.97,16.05,167760,271511497.0,0.0,15,16.45,0
20250514,1747152000000,16.19,16.25,15.870000000000001,15.920000000000002,121960,195200796.0,0.0,15,16.05,0
20250515,1747238400000,15.96,16.03,15.65,15.67,96067,151755672.00000003,0.0,15,15.92,0
20250516,1747324800000,15.66,16.04,15.51,15.52,104067,163933271.0,0.0,15,15.67,0
20250519,1747584000000,15.540000000000001,15.73,15.290000000000001,15.71,89735,139486261.00000003,0.0,15,15.520000000000001,0
20250520,1747670400000,15.690000000000001,15.98,15.55,15.870000000000001,99777,158105051.0,0.0,15,15.71,0
20250521,1747756800000,15.83,15.879999999999999,15.6,15.709999999999999,88799,139332881.0,0.0,15,15.87,0
20250522,1747843200000,15.67,15.770000000000001,15.39,15.440000000000001,83127,129490357.0,0.0,15,15.71,0
20250523,1747929600000,15.450000000000001,15.57,15.3,15.32,61395,94735050.00000001,0.0,15,15.440000000000001,0
20250526,1748188800000,15.48,15.780000000000001,15.32,15.64,80578,125274667.0,0.0,15,15.32,0
20250527,1748275200000,15.620000000000001,15.620000000000001,15.3,15.47,65722,101411758.00000001,0.0,15,15.64,0
20250528,1748361600000,15.43,15.59,15.35,15.4,56097,86665032.00000001,0.0,15,15.469999999999999,0
20250529,1748448000000,15.379999999999999,15.85,15.35,15.75,107159,167217549.0,0.0,15,15.4,0
20250530,1748534400000,15.77,16.36,15.73,15.98,219696,353612101.0,0.0,15,15.75,0
20250603,1748880000000,16.31,16.45,15.98,16.07,181234,292580259.0,0.0,15,15.98,0
20250604,1748966400000,16.0,16.29,15.93,16.11,136660,219563603.00000003,0.0,15,16.07,0
20250605,1749052800000,16.1,16.36,15.950000000000001,16.240000000000002,147486,238619900.00000003,0.0,15,16.11,0
20250606,1749139200000,16.290000000000003,16.380000000000003,16.080000000000002,16.12,124417,201647925.0,0.0,15,16.240000000000002,0
20250609,1749398400000,16.27,16.36,16.13,16.24,120223,195387809.0,0.0,15,16.119999999999997,0
20250610,1749484800000,16.15,16.16,15.83,16.02,117983,188760372.99999997,0.0,15,16.24,0
20250611,1749571200000,15.99,16.11,15.93,15.98,87478,140052517.0,0.0,15,16.02,0
20250612,1749657600000,15.950000000000001,15.96,15.81,15.9,96562,153259714.0,0.0,15,15.98,0
20250613,1749744000000,15.96,16.04,15.66,15.78,242061,383895936.00000006,0.0,15,15.9,0
20250616,1750003200000,15.67,15.83,15.57,15.74,114744,180242475.0,0.0,15,15.780000000000001,0
20250617,1750089600000,15.75,15.870000000000001,15.64,15.81,84299,132945002.0,0.0,15,15.74,0
20250618,1750176000000,15.81,15.91,15.74,15.83,100577,159200143.0,0.0,15,15.81,0
20250619,1750262400000,15.83,15.83,15.3,15.38,138131,213748202.99999997,0.0,15,15.83,0
20250620,1750348800000,15.35,15.459999999999999,15.27,15.29,65500,100466545.0,0.0,15,15.379999999999999,0
20250623,1750608000000,15.290000000000001,15.5,15.21,15.47,67541,104181756.0,0.0,15,15.290000000000001,0
20250624,1750694400000,15.4,15.690000000000001,15.31,15.63,85183,132487636.0,0.0,15,15.47,0
20250625,1750780800000,15.639999999999999,16.07,15.6,16.06,184500,294103983.0,0.0,15,15.629999999999999,0
20250626,1750867200000,16.1,16.36,16.0,16.07,206439,334475275.0,0.0,15,16.06,0
20250627,1750953600000,16.080000000000002,16.28,16.07,16.11,130163,210412475.00000003,0.0,15,16.07,0
20250630,1751212800000,16.19,16.63,16.18,16.63,235817,389255646.0,0.0,15,16.11,0
20250701,1751299200000,16.66,16.69,16.48,16.6,167244,277336285.0,0.0,15,16.63,0
20250702,1751385600000,16.65,16.67,16.32,16.4,178260,293759921.0,0.0,15,16.6,0
20250703,1751472000000,16.32,16.59,16.21,16.34,119068,195209907.00000003,0.0,15,16.400000000000002,0
20250704,1751558400000,16.310000000000002,16.42,16.1,16.17,115596,187436375.0,0.0,15,16.34,0
20250707,1751817600000,16.17,16.290000000000003,16.1,16.18,80622,130492387.0,0.0,15,16.17,0
20250708,1751904000000,16.23,16.29,16.14,16.27,86309,140084443.0,0.0,15,16.18,0
20250709,1751990400000,16.3,16.43,16.13,16.18,108995,177485757.0,0.0,15,16.27,0
20250710,1752076800000,16.1,16.21,16.03,16.17,83491,134479754.99999997,0.0,15,16.18,0
20250711,1752163200000,16.13,16.53,16.09,16.39,152531,249072564.99999997,0.0,15,16.07,0
20250714,1752422400000,16.36,16.44,16.27,16.27,98460,160961243.0,0.0,15,16.39,0
20250715,1752508800000,16.24,16.349999999999998,16.02,16.09,110267,177964249.00000003,0.0,15,16.27,0
20250716,1752595200000,16.09,16.200000000000003,16.03,16.11,71746,115586376.00000001,0.0,15,16.09,0
20250717,1752681600000,16.080000000000002,16.48,16.080000000000002,16.470000000000002,147702,241330653.0,0.0,15,16.110000000000003,0
20250718,1752768000000,16.43,16.75,16.37,16.7,175858,291293790.0,0.0,15,16.470000000000002,0
20250721,1753027200000,16.700000000000003,16.840000000000003,16.580000000000002,16.82,180239,300926278.00000006,0.0,15,16.700000000000003,0
20250722,1753113600000,17.0,19.27,17.0,17.89,641565,1155792088.0000002,0.0,15,16.82,0
20250723,1753200000000,17.75,17.98,17.46,17.61,378575,669974302.0,0.0,15,17.89,0
20250724,1753286400000,17.52,17.9,17.38,17.779999999999998,280189,496740815.0,0.0,15,17.61,0
20250725,1753372800000,17.7,17.86,17.56,17.709999999999997,183446,324567002.0,0.0,15,17.779999999999998,0
20250728,1753632000000,17.82,18.07,17.63,17.88,267515,478430747.0,0.0,15,17.709999999999997,0
20250729,1753718400000,17.78,17.94,17.580000000000002,17.92,217042,386115977.0,0.0,15,17.880000000000003,0
20250730,1753804800000,18.0,18.490000000000002,17.6,17.78,318171,575270228.0,0.0,15,17.92,0
20250731,1753891200000,17.65,17.86,17.29,17.38,284484,499203530.0,0.0,15,17.779999999999998,0
20250801,1753977600000,17.389999999999997,17.49,17.06,17.22,152985,263768278.00000003,0.0,15,17.38,0
20250804,1754236800000,17.22,17.939999999999998,17.2,17.88,237315,418951668.0,0.0,15,17.22,0
20250805,1754323200000,17.799999999999997,18.02,17.72,17.75,173834,309743713.0,0.0,15,17.88,0
20250806,1754409600000,17.76,18.25,17.71,18.14,280167,506095177.0,0.0,15,17.75,0
20250807,1754496000000,18.17,18.17,17.830000000000002,17.930000000000003,189686,340174999.00000006,0.0,15,18.14,0
20250808,1754582400000,17.95,18.16,17.79,17.849999999999998,178032,319503979.99999994,0.0,15,17.93,0
20250811,1754841600000,17.84,18.13,17.8,18.0,181925,327503475.0,0.0,15,17.85,0
20250812,1754928000000,18.09,18.09,17.6,17.8,192627,341907671.0,0.0,15,18.0,0
20250813,1755014400000,17.81,17.96,17.68,17.73,193833,344948741.0,0.0,15,17.8,0
20250814,1755100800000,17.73,17.79,17.22,17.25,212448,370725585.0,0.0,15,17.73,0
20250815,1755187200000,17.26,17.580000000000002,17.23,17.55,146623,255854869.0,0.0,15,17.25,0
20250818,1755446400000,17.56,17.849999999999998,17.56,17.84,203617,361391072.0,0.0,15,17.549999999999997,0
20250819,1755532800000,17.830000000000002,17.830000000000002,17.57,17.64,165639,292692287.0,0.0,15,17.84,0
20250820,1755619200000,17.57,18.53,17.45,18.37,465241,846641439.0,0.0,15,17.64,0
20250821,1755705600000,18.31,18.43,18.04,18.169999999999998,235132,427744702.00000006,0.0,15,18.369999999999997,0
20250822,1755792000000,18.17,18.3,18.01,18.290000000000003,210514,383066824.0,0.0,15,18.17,0
20250825,1756051200000,18.400000000000002,18.650000000000002,18.1,18.490000000000002,324637,597724142.0,0.0,15,18.290000000000003,0
20250826,1756137600000,18.18,18.18,17.72,17.9,296335,531739624.0,0.0,15,18.49,0
20250827,1756224000000,17.88,17.95,17.29,17.29,254166,449743553.0,0.0,15,17.9,0
20250828,1756310400000,17.290000000000003,17.700000000000003,16.94,17.69,235863,408453130.0,0.0,15,17.290000000000003,0
20250829,1756396800000,17.6,17.700000000000003,17.44,17.6,174427,306430910.0,0.0,15,17.69,0
20250901,1756656000000,17.64,17.66,17.32,17.5,158481,276572305.0,0.0,15,17.6,0
20250902,1756742400000,17.45,17.459999999999997,16.9,17.13,181520,310370855.0,0.0,15,17.5,0
20250903,1756828800000,17.150000000000002,17.25,16.12,16.2,226291,374179626.99999994,0.0,15,17.130000000000003,0
20250904,1756915200000,16.18,16.29,15.85,16.0,157508,253628052.99999997,0.0,15,16.2,0
20250905,1757001600000,16.0,16.27,15.96,16.27,107625,173616744.0,0.0,15,16.0,0
20250908,1757260800000,16.24,16.53,16.11,16.52,133543,218201881.00000003,0.0,15,16.27,0
20250909,1757347200000,16.439999999999998,16.49,16.11,16.13,118681,193204347.99999997,0.0,15,16.52,0
20250910,1757433600000,16.14,16.35,16.09,16.19,86591,140491511.99999997,0.0,15,16.13,0
20250911,1757520000000,16.080000000000002,16.39,16.01,16.380000000000003,105281,170842315.0,0.0,15,16.19,0
20250912,1757606400000,16.380000000000003,16.380000000000003,16.17,16.200000000000003,112574,183317886.0,0.0,15,16.380000000000003,0
20250915,1757865600000,16.2,16.209999999999997,16.06,16.119999999999997,78799,126955934.0,0.0,15,16.2,0
20250916,1757952000000,16.1,16.15,15.93,16.14,96206,154381115.00000003,0.0,15,16.12,0
20250917,1758038400000,16.1,16.23,16.01,16.23,91336,147360617.0,0.0,15,16.14,0
20250918,1758124800000,16.22,16.35,15.84,15.89,149390,240475500.0,0.0,15,16.23,0
20250919,1758211200000,15.91,16.18,15.88,16.01,103737,166213769.0,0.0,15,15.89,0
20250922,1758470400000,16.03,16.07,15.700000000000001,15.930000000000001,84924,135062271.0,0.0,15,16.01,0
20250923,1758556800000,15.89,15.950000000000001,15.370000000000001,15.690000000000001,107031,166780296.0,0.0,15,15.930000000000001,0
20250924,1758643200000,15.6,15.92,15.51,15.91,68991,108934024.0,0.0,15,15.69,0
20250925,1758729600000,15.850000000000001,15.920000000000002,15.71,15.71,74132,117141395.00000001,0.0,15,15.91,0
20250926,1758816000000,15.63,16.040000000000003,15.610000000000001,15.81,93719,148461668.0,0.0,15,15.71,0
20250929,1759075200000,15.78,16.02,15.6,16.02,86005,136180289.0,0.0,15,15.81,0
20250930,1759161600000,15.97,16.29,15.9,16.26,121010,195991861.0,0.0,15,16.02,0
20251009,1759939200000,16.310000000000002,16.51,16.19,16.51,150669,246817381.0,0.0,15,16.26,0
20251010,1760025600000,16.67,16.8,16.39,16.41,158333,262614200.99999997,0.0,15,16.51,0
20251013,1760284800000,15.98,16.67,15.9,16.61,166384,273789609.00000006,0.0,15,16.41,0
20251014,1760371200000,16.6,17.07,16.48,16.71,195768,327519447.0,0.0,15,16.61,0
20251015,1760457600000,16.520000000000003,16.610000000000003,16.330000000000002,16.57,127167,209605657.0,0.0,15,16.71,0
20251016,1760544000000,16.529999999999998,16.7,16.2,16.3,99644,163197716.00000003,0.0,15,16.57,0
20251017,1760630400000,16.3,16.43,15.860000000000001,15.860000000000001,100680,161634177.00000003,0.0,15,16.3,0
20251020,1760889600000,15.930000000000001,16.05,15.88,16.04,60776,97062559.0,0.0,15,15.860000000000001,0
20251021,1760976000000,16.16,16.49,16.06,16.38,120940,197916799.00000003,0.0,15,16.04,0
20251022,1761062400000,16.42,16.61,16.23,16.26,127763,209890135.00000003,0.0,15,16.38,0
20251023,1761148800000,16.21,16.73,16.12,16.720000000000002,184452,303944802.0,0.0,15,16.26,0
20251024,1761235200000,16.73,16.83,16.56,16.66,147926,246665813.0,0.0,15,16.72,0
20251027,1761494400000,16.64,16.8,16.580000000000002,16.750000000000004,125701,209912037.0,0.0,15,16.66,0
20251028,1761580800000,16.7,16.98,16.64,16.830000000000002,145380,244975909.0,0.0,15,16.75,0
20251029,1761667200000,16.77,16.92,16.66,16.88,121266,203308519.0,0.0,15,16.830000000000002,0
20251030,1761753600000,16.78,16.860000000000003,16.6,16.62,115875,193531566.0,0.0,15,16.880000000000003,0
20251031,1761840000000,16.599999999999998,16.73,16.52,16.57,93409,155070829.00000003,0.0,15,16.62,0
20251103,1762099200000,16.68,16.87,16.48,16.78,125245,208909747.00000003,0.0,15,16.57,0
20251104,1762185600000,16.790000000000003,16.990000000000002,16.69,16.880000000000003,146830,247698426.0,0.0,15,16.78,0
20251105,1762272000000,16.7,17.09,16.61,17.07,168914,286001019.00000006,0.0,15,16.88,0
20251106,1762358400000,17.09,18.150000000000002,17.05,17.46,403449,709760721.0000001,0.0,15,17.07,0
20251107,1762444800000,17.3,17.470000000000002,17.080000000000002,17.21,214737,370531908.0,0.0,15,17.46,0
20251110,1762704000000,17.220000000000002,17.39,17.1,17.35,169724,292738357.0,0.0,15,17.21,0
20251111,1762790400000,17.36,17.36,17.02,17.12,140679,240907561.0,0.0,15,17.349999999999998,0
20251112,1762876800000,17.06,17.06,16.73,16.88,115152,194123110.0,0.0,15,17.12,0
20251113,1762963200000,16.880000000000003,17.01,16.78,16.950000000000003,92968,157423041.0,0.0,15,16.880000000000003,0
20251114,1763049600000,16.87,16.94,16.64,16.64,97829,164455047.0,0.0,15,16.95,0
20251117,1763308800000,16.85,16.95,16.66,16.77,115569,194293126.0,0.0,15,16.64,0
20251118,1763395200000,16.75,16.759999999999998,16.4,16.439999999999998,102972,169679016.0,0.0,15,16.77,0
20251119,1763481600000,16.419999999999998,16.56,16.27,16.4,87065,143026083.0,0.0,15,16.44,0
20251120,1763568000000,16.46,16.47,16.14,16.17,87757,142989624.0,0.0,15,16.400000000000002,0
20251121,1763654400000,16.12,16.240000000000002,15.65,15.780000000000001,159954,253660392.0,0.0,15,16.17,0
20251124,1763913600000,15.85,16.15,15.76,16.15,116419,186482639.0,0.0,15,15.78,0
20251125,1764000000000,16.09,16.24,16.0,16.1,96822,156367466.0,0.0,15,16.15,0
20251126,1764086400000,16.080000000000002,16.19,15.870000000000001,15.88,87766,140300022.0,0.0,15,16.1,0
20251127,1764172800000,15.88,16.04,15.8,15.9,64367,102691752.0,0.0,15,15.88,0
20251128,1764259200000,15.94,16.15,15.9,16.15,69433,111509917.00000001,0.0,15,15.9,0
20251201,1764518400000,16.200000000000003,16.650000000000002,16.19,16.580000000000002,146760,242393332.0,0.0,15,16.150000000000002,0
20251202,1764604800000,16.51,16.740000000000002,16.42,16.44,83885,138442212.0,0.0,15,16.580000000000002,0
20251203,1764691200000,16.42,16.73,16.28,16.55,115748,191011491.0,0.0,15,16.44,0
20251204,1764777600000,16.450000000000003,16.790000000000003,16.42,16.720000000000002,151493,252838676.00000003,0.0,15,16.55,0
20251205,1764864000000,16.68,16.93,16.59,16.919999999999998,158599,266299097.0,0.0,15,16.72,0
20251208,1765123200000,17.26,17.85,17.25,17.34,418220,732054102.0,0.0,15,16.92,0
20251209,1765209600000,17.279999999999998,17.48,17.06,17.169999999999998,178523,307121118.0,0.0,15,17.34,0
20251210,1765296000000,17.099999999999998,17.45,17.06,17.4,173805,300439954.0,0.0,15,17.169999999999998,0
20251211,1765382400000,17.400000000000002,17.6,17.23,17.25,177847,309490308.0,0.0,15,17.400000000000002,0
20251212,1765468800000,17.28,18.12,17.21,17.990000000000002,474383,838912141.9999999,0.0,15,17.25,0
20251215,1765728000000,18.19,20.69,17.94,19.270000000000003,1049182,2006410329.0,0.0,15,17.990000000000002,0
20251216,1765814400000,19.31,19.45,18.34,18.73,689404,1287875694.0,0.0,15,19.27,0
20251217,1765900800000,18.490000000000002,18.59,17.8,18.3,440792,799474750.0,0.0,15,18.73,0
20251218,1765987200000,18.11,19.16,17.98,18.77,596271,1112719458.0,0.0,15,18.3,0
20251219,1766073600000,18.73,19.37,18.59,18.88,449992,850185446.0,0.0,15,18.77,0
20251222,1766332800000,18.95,19.06,18.47,18.52,363502,680270556.0,0.0,15,18.88,0
20251223,1766419200000,18.6,18.860000000000003,18.1,18.19,374493,689889882.0,0.0,15,18.520000000000003,0
20251224,1766505600000,17.750000000000004,19.080000000000002,17.740000000000002,18.8,381102,708193039.0,0.0,15,18.19,0
20251225,1766592000000,18.93,19.99,18.81,19.65,587433,1147779458.0,0.0,15,18.799999999999997,0
20251226,1766678400000,19.68,20.169999999999998,19.38,19.58,533072,1048604904.0,0.0,15,19.65,0
20251229,1766937600000,19.43,20.2,19.21,19.77,506227,1003052312.0000001,0.0,15,19.580000000000002,0
20251230,1767024000000,19.66,19.74,19.09,19.2,411096,797517314.0,0.0,15,19.77,0
20251231,1767110400000,19.23,19.75,18.93,19.58,362776,702978895.0000001,0.0,15,19.2,0
20260105,1767542400000,20.53,20.880000000000003,19.580000000000002,19.860000000000003,523556,1044322921.0000001,0.0,15,19.580000000000002,0
20260106,1767628800000,19.950000000000003,20.16,19.6,20.060000000000002,380544,757488653.0,0.0,15,19.860000000000003,0
20260107,1767715200000,19.98,20.34,19.73,20.06,325235,652645914.0,0.0,15,20.06,0
20260108,1767801600000,19.950000000000003,21.3,19.85,21.0,557962,1163103071.0,0.0,15,20.060000000000002,0
20260109,1767888000000,21.419999999999998,21.81,20.79,21.099999999999998,602410,1279158796.0,0.0,15,21.0,0
20260112,1768147200000,21.9,22.509999999999998,21.43,22.29,635283,1394792738.0,0.0,15,21.1,0
20260113,1768233600000,22.05,22.09,20.54,20.61,595190,1247269049.0,0.0,15,22.29,0
20260114,1768320000000,20.76,23.27,20.59,22.21,831223,1828459538.0,0.0,15,20.61,0
20260115,1768406400000,22.01,23.630000000000003,22.01,22.450000000000003,630923,1433634570.0,0.0,15,22.21,0
20260116,1768492800000,22.61,23.169999999999998,21.7,22.009999999999998,496126,1106511967.0,0.0,15,22.45,0
20260119,1768752000000,21.599999999999998,22.75,20.56,22.299999999999997,644020,1393076838.0,0.0,15,22.009999999999998,0
20260120,1768838400000,22.470000000000002,23.17,20.990000000000002,21.220000000000002,470188,1015657725.0000001,0.0,15,22.3,0
20260121,1768924800000,20.95,21.45,20.75,20.8,323608,679295626.0,0.0,15,21.22,0
20260122,1769011200000,20.990000000000002,24.12,20.830000000000002,23.5,895629,2053525875.0000002,0.0,15,20.8,0
20260123,1769097600000,22.970000000000002,23.330000000000002,22.37,22.6,616849,1399153007.0,0.0,15,23.5,0
20260126,1769356800000,22.5,23.15,21.84,22.05,499867,1120935955.0,0.0,15,22.6,0
20260127,1769443200000,21.79,22.869999999999997,21.45,22.599999999999998,479360,1063709632.0,0.0,15,22.05,0
20260128,1769529600000,22.35,22.360000000000003,21.51,21.89,356897,780081437.0000001,0.0,15,22.6,0
20260129,1769616000000,21.89,22.31,21.38,21.38,352770,767714095.0,0.0,15,21.89,0
20260130,1769702400000,21.310000000000002,21.380000000000003,19.8,20.3,427236,869201283.0,0.0,15,21.380000000000003,0
20260202,1769961600000,20.340000000000003,20.910000000000004,20.150000000000002,20.17,273035,559571109.0,0.0,15,20.3,0
20260203,1770048000000,20.43,21.19,20.27,20.96,255807,534048767.00000006,0.0,15,20.169999999999998,0
20260204,1770134400000,20.959999999999997,22.729999999999997,20.81,21.549999999999997,376194,816205763.0,0.0,15,20.959999999999997,0
20260205,1770220800000,21.169999999999998,22.25,21.11,21.52,260402,564093166.0,0.0,15,21.55,0
20260206,1770307200000,21.18,21.55,20.61,20.61,253050,529576402.0,0.0,15,21.52,0
20260209,1770566400000,20.990000000000002,21.150000000000002,20.650000000000002,20.840000000000003,182956,382077922.99999994,0.0,15,20.610000000000003,0
20260210,1770652800000,20.85,21.01,20.28,20.64,179007,370003306.0,0.0,15,20.84,0
20260211,1770739200000,20.48,20.770000000000003,20.330000000000002,20.35,163288,334163068.0,0.0,15,20.64,0
20260212,1770825600000,20.36,21.25,20.21,20.900000000000002,229451,480343251.00000006,0.0,15,20.35,0
20260213,1770912000000,20.9,21.15,20.54,20.54,176176,366630554.0,0.0,15,20.9,0
20260224,1771862400000,20.93,21.17,20.73,20.85,176816,370024282.0,0.0,15,20.54,0
20260225,1771948800000,20.860000000000003,22.35,20.76,21.990000000000002,384880,833063786.0000001,0.0,15,20.85,0
20260226,1772035200000,22.07,25.490000000000002,21.94,24.900000000000002,1016106,2445488481.0,0.0,15,21.990000000000002,0
20260227,1772121600000,24.79,25.3,24.07,24.35,517610,1271445801.0000002,0.0,15,24.9,0
20260302,1772380800000,24.509999999999998,24.66,23.2,23.59,567808,1338290846.0,0.0,15,24.349999999999998,0
20260303,1772467200000,23.55,23.55,21.19,21.310000000000002,581395,1285476248.9999998,0.0,15,23.59,0
20260304,1772553600000,21.05,21.85,20.96,21.46,302385,647792551.0,0.0,15,21.310000000000002,0
20260305,1772640000000,22.529999999999998,22.529999999999998,21.31,21.61,288987,628344304.0,0.0,15,21.459999999999997,0
20260306,1772726400000,21.41,23.42,21.32,22.4,487024,1097966306.0,0.0,15,21.61,0
20260309,1772985600000,21.910000000000004,22.000000000000004,20.990000000000002,21.740000000000002,406537,871337197.0,0.0,15,22.400000000000002,0
20260310,1773072000000,21.88,22.83,21.88,22.27,291422,649846725.0,0.0,15,21.74,0
20260311,1773158400000,22.46,22.540000000000003,21.650000000000002,21.67,287647,630796375.0000001,0.0,15,22.270000000000003,0
20260312,1773244800000,21.55,21.55,20.89,21.05,237616,501695406.99999994,0.0,15,21.67,0
20260313,1773331200000,20.85,20.94,20.14,20.23,252798,516908662.0,0.0,15,21.05,0
20260316,1773590400000,20.21,20.34,19.77,20.15,190097,380919148.0,0.0,15,20.23,0
20260317,1773676800000,20.250000000000004,20.330000000000002,19.490000000000002,19.51,189047,375953821.0,0.0,15,20.150000000000002,0
20260318,1773763200000,19.57,19.900000000000002,19.3,19.85,149374,293595185.0,0.0,15,19.51,0
20260319,1773849600000,19.43,19.7,19.16,19.38,163076,315748652.0,0.0,15,19.85,0
20260320,1773936000000,19.37,19.58,18.59,18.61,229792,434119352.0,0.0,15,19.38,0
20260323,1774195200000,18.28,18.520000000000003,17.51,17.71,251223,452064830.0,0.0,15,18.610000000000003,0
20260324,1774281600000,18.09,18.279999999999998,17.47,17.93,174055,309774439.0,0.0,15,17.709999999999997,0
20260325,1774368000000,18.01,18.42,18.0,18.28,162719,297220770.00000006,0.0,15,17.93,0
20260326,1774454400000,18.3,18.400000000000002,17.830000000000002,17.94,137898,248841850.00000003,0.0,15,18.28,0
20260327,1774540800000,17.62,18.21,17.59,18.09,113620,204055569.0,0.0,15,17.94,0
20260330,1774800000000,17.84,18.2,17.7,18.11,120555,216939962.99999997,0.0,15,18.09,0
20260331,1774886400000,18.16,18.650000000000002,18.080000000000002,18.1,164893,302566813.0,0.0,15,18.110000000000003,0
20260401,1774972800000,18.490000000000002,18.57,18.01,18.150000000000002,139472,253551230.0,0.0,15,18.1,0
20260402,1775059200000,18.06,18.25,17.73,17.87,112013,201059707.0,0.0,15,18.150000000000002,0
20260403,1775145600000,18.04,18.16,17.3,17.330000000000002,113234,198664504.0,0.0,15,17.87,0
20260407,1775491200000,17.459999999999997,17.59,17.38,17.5,84021,147038462.00000003,0.0,15,17.33,0
20260408,1775577600000,18.01,18.470000000000002,18.01,18.44,152181,277880812.0,0.0,15,17.5,0
20260409,1775664000000,18.240000000000002,18.5,18.17,18.270000000000003,101975,186774773.0,0.0,15,18.44,0
20260410,1775750400000,18.5,18.88,18.47,18.529999999999998,130370,243573443.0,0.0,15,18.27,0
20260413,1776009600000,18.57,19.58,18.56,19.049999999999997,276213,528181083.0,0.0,15,18.529999999999998,0
20260414,1776096000000,19.11,19.3,18.91,19.22,169870,324035707.0,0.0,15,19.05,0
20260415,1776182400000,19.279999999999998,19.54,19.06,19.099999999999998,153101,295288417.99999994,0.0,15,19.22,0
20260416,1776268800000,19.02,19.29,18.98,19.17,127209,243641356.99999997,0.0,15,19.1,0
20260417,1776355200000,19.09,19.34,18.96,19.27,128712,246582427.0,0.0,15,19.17,0
20260420,1776614400000,19.19,19.66,19.19,19.540000000000003,150903,294442917.0,0.0,15,19.27,0
20260421,1776700800000,19.580000000000002,19.89,19.48,19.66,184098,362323226.0,0.0,15,19.54,0
20260422,1776787200000,19.46,19.650000000000002,19.3,19.57,136610,266511982.00000003,0.0,15,19.66,0
20260423,1776873600000,20.259999999999998,21.06,19.95,20.009999999999998,391373,797890849.0,0.0,15,19.57,0
20260424,1776960000000,20.009999999999998,20.22,19.61,19.74,198917,394556942.0,0.0,15,20.009999999999998,0
20260427,1777219200000,19.599999999999998,19.95,19.52,19.669999999999998,148204,291880754.0,0.0,15,19.74,0
20260428,1777305600000,19.560000000000002,19.680000000000003,19.01,19.16,138861,266858897.00000003,0.0,15,19.67,0
20260429,1777392000000,19.12,19.44,19.03,19.380000000000003,117307,226508799.99999997,0.0,15,19.16,0
20260430,1777478400000,19.34,19.84,19.31,19.65,143459,281108789.0,0.0,15,19.38,0
20260506,1777996800000,19.75,20.27,19.75,20.11,227217,456385092.00000006,0.0,15,19.65,0
20260507,1778083200000,20.11,20.39,19.98,20.34,177941,359764941.0,0.0,15,20.11,0
20260508,1778169600000,20.2,20.87,20.05,20.8,230725,475398009.0,0.0,15,20.34,0
20260511,1778428800000,21.0,21.259999999999998,20.7,21.24,288963,608603735.0,0.0,15,20.8,0
20260512,1778515200000,21.150000000000002,21.150000000000002,20.53,20.73,224608,466247729.0,0.0,15,21.240000000000002,0
20260513,1778601600000,20.55,21.25,20.5,21.02,209737,440114917.99999994,0.0,15,20.73,0
20260514,1778688000000,21.09,21.09,20.2,20.2,201367,412822461.0,0.0,15,21.02,0
20260515,1778774400000,20.33,20.56,19.77,19.919999999999998,175139,352798026.00000006,0.0,15,20.2,0
20260518,1779033600000,19.88,20.4,19.57,19.96,158454,318354088.0,0.0,15,19.92,0
20260519,1779120000000,19.86,20.0,19.31,19.82,176180,345684868.0,0.0,15,19.959999999999997,0
20260520,1779206400000,19.7,19.89,19.38,19.599999999999998,128726,251719763.0,0.0,15,19.82,0
20260521,1779292800000,19.75,20.970000000000002,19.42,19.48,292731,591678827.9999999,0.0,15,19.6,0
20260522,1779379200000,19.66,20.2,19.46,20.02,176228,350600198.99999994,0.0,15,19.48,0
20260525,1779638400000,20.2,20.49,19.81,20.169999999999998,182736,367615171.00000006,0.0,15,20.02,0
20260526,1779724800000,20.020000000000003,20.020000000000003,19.1,19.39,205310,398318817.0,0.0,15,20.17,0
