date,time,open,high,low,close,volume,amount,settelementPrice,openInterest,preClose,suspendFlag
20120718,1342540800000,,,,,0,0.0,0.0,0,,1
20120719,1342627200000,,,,,0,0.0,0.0,0,,1
20120720,1342713600000,,,,,0,0.0,0.0,0,,1
20120723,1342972800000,,,,,0,0.0,0.0,0,,1
20120724,1343059200000,,,,,0,0.0,0.0,0,,1
20120725,1343145600000,,,,,0,0.0,0.0,0,,1
20120726,1343232000000,,,,,0,0.0,0.0,0,,1
20120727,1343318400000,,,,,0,0.0,0.0,0,,1
20120730,1343577600000,,,,,0,0.0,0.0,0,,1
20120731,1343664000000,,,,,0,0.0,0.0,0,,1
20120801,1343750400000,,,,,0,0.0,0.0,0,,1
20120802,1343836800000,,,,,0,0.0,0.0,0,,1
20120803,1343923200000,,,,,0,0.0,0.0,0,,1
20120806,1344182400000,,,,,0,0.0,0.0,0,,1
20120807,1344268800000,,,,,0,0.0,0.0,0,,1
20120808,1344355200000,,,,,0,0.0,0.0,0,,1
20120809,1344441600000,,,,,0,0.0,0.0,0,,1
20120810,1344528000000,,,,,0,0.0,0.0,0,,1
20120813,1344787200000,,,,,0,0.0,0.0,0,,1
20120814,1344873600000,,,,,0,0.0,0.0,0,,1
20120815,1344960000000,,,,,0,0.0,0.0,0,,1
20120816,1345046400000,,,,,0,0.0,0.0,0,,1
20120817,1345132800000,,,,,0,0.0,0.0,0,,1
20120820,1345392000000,,,,,0,0.0,0.0,0,,1
20120821,1345478400000,,,,,0,0.0,0.0,0,,1
20120822,1345564800000,,,,,0,0.0,0.0,0,,1
20120823,1345651200000,,,,,0,0.0,0.0,0,,1
20120824,1345737600000,,,,,0,0.0,0.0,0,,1
20120827,1345996800000,,,,,0,0.0,0.0,0,,1
20120828,1346083200000,,,,,0,0.0,0.0,0,,1
20120829,1346169600000,,,,,0,0.0,0.0,0,,1
20120830,1346256000000,,,,,0,0.0,0.0,0,,1
20120831,1346342400000,,,,,0,0.0,0.0,0,,1
20120903,1346601600000,,,,,0,0.0,0.0,0,,1
20120904,1346688000000,,,,,0,0.0,0.0,0,,1
20120905,1346774400000,,,,,0,0.0,0.0,0,,1
20120906,1346860800000,,,,,0,0.0,0.0,0,,1
20120907,1346947200000,,,,,0,0.0,0.0,0,,1
20120910,1347206400000,,,,,0,0.0,0.0,0,,1
20120911,1347292800000,,,,,0,0.0,0.0,0,,1
20120912,1347379200000,,,,,0,0.0,0.0,0,,1
20120913,1347465600000,,,,,0,0.0,0.0,0,,1
20120914,1347552000000,,,,,0,0.0,0.0,0,,1
20120917,1347811200000,,,,,0,0.0,0.0,0,,1
20120918,1347897600000,,,,,0,0.0,0.0,0,,1
20120919,1347984000000,,,,,0,0.0,0.0,0,,1
20120920,1348070400000,,,,,0,0.0,0.0,0,,1
20120921,1348156800000,,,,,0,0.0,0.0,0,,1
20120924,1348416000000,,,,,0,0.0,0.0,0,,1
20120925,1348502400000,,,,,0,0.0,0.0,0,,1
20120926,1348588800000,,,,,0,0.0,0.0,0,,1
20120927,1348675200000,,,,,0,0.0,0.0,0,,1
20120928,1348761600000,,,,,0,0.0,0.0,0,,1
20121008,1349625600000,,,,,0,0.0,0.0,0,,1
20121009,1349712000000,,,,,0,0.0,0.0,0,,1
20121010,1349798400000,,,,,0,0.0,0.0,0,,1
20121011,1349884800000,,,,,0,0.0,0.0,0,,1
20121012,1349971200000,,,,,0,0.0,0.0,0,,1
20121015,1350230400000,,,,,0,0.0,0.0,0,,1
20121016,1350316800000,,,,,0,0.0,0.0,0,,1
20121017,1350403200000,,,,,0,0.0,0.0,0,,1
20121018,1350489600000,,,,,0,0.0,0.0,0,,1
20121019,1350576000000,,,,,0,0.0,0.0,0,,1
20121022,1350835200000,,,,,0,0.0,0.0,0,,1
20121023,1350921600000,,,,,0,0.0,0.0,0,,1
20121024,1351008000000,,,,,0,0.0,0.0,0,,1
20121025,1351094400000,,,,,0,0.0,0.0,0,,1
20121026,1351180800000,,,,,0,0.0,0.0,0,,1
20121029,1351440000000,,,,,0,0.0,0.0,0,,1
20121030,1351526400000,,,,,0,0.0,0.0,0,,1
20121031,1351612800000,,,,,0,0.0,0.0,0,,1
20121101,1351699200000,,,,,0,0.0,0.0,0,,1
20121102,1351785600000,,,,,0,0.0,0.0,0,,1
20121105,1352044800000,,,,,0,0.0,0.0,0,,1
20121106,1352131200000,,,,,0,0.0,0.0,0,,1
20121107,1352217600000,,,,,0,0.0,0.0,0,,1
20121108,1352304000000,,,,,0,0.0,0.0,0,,1
20121109,1352390400000,,,,,0,0.0,0.0,0,,1
20121112,1352649600000,,,,,0,0.0,0.0,0,,1
20121113,1352736000000,,,,,0,0.0,0.0,0,,1
20121114,1352822400000,,,,,0,0.0,0.0,0,,1
20121115,1352908800000,,,,,0,0.0,0.0,0,,1
20121116,1352995200000,,,,,0,0.0,0.0,0,,1
20121119,1353254400000,,,,,0,0.0,0.0,0,,1
20121120,1353340800000,,,,,0,0.0,0.0,0,,1
20121121,1353427200000,,,,,0,0.0,0.0,0,,1
20121122,1353513600000,,,,,0,0.0,0.0,0,,1
20121123,1353600000000,,,,,0,0.0,0.0,0,,1
20121126,1353859200000,,,,,0,0.0,0.0,0,,1
20121127,1353945600000,,,,,0,0.0,0.0,0,,1
20121128,1354032000000,,,,,0,0.0,0.0,0,,1
20121129,1354118400000,,,,,0,0.0,0.0,0,,1
20121130,1354204800000,,,,,0,0.0,0.0,0,,1
20121203,1354464000000,,,,,0,0.0,0.0,0,,1
20121204,1354550400000,,,,,0,0.0,0.0,0,,1
20121205,1354636800000,,,,,0,0.0,0.0,0,,1
20121206,1354723200000,,,,,0,0.0,0.0,0,,1
20121207,1354809600000,,,,,0,0.0,0.0,0,,1
20121210,1355068800000,,,,,0,0.0,0.0,0,,1
20121211,1355155200000,,,,,0,0.0,0.0,0,,1
20121212,1355241600000,,,,,0,0.0,0.0,0,,1
20121213,1355328000000,,,,,0,0.0,0.0,0,,1
20121214,1355414400000,,,,,0,0.0,0.0,0,,1
20121217,1355673600000,,,,,0,0.0,0.0,0,,1
20121218,1355760000000,,,,,0,0.0,0.0,0,,1
20121219,1355846400000,,,,,0,0.0,0.0,0,,1
20121220,1355932800000,,,,,0,0.0,0.0,0,,1
20121221,1356019200000,,,,,0,0.0,0.0,0,,1
20121224,1356278400000,,,,,0,0.0,0.0,0,,1
20121225,1356364800000,,,,,0,0.0,0.0,0,,1
20121226,1356451200000,,,,,0,0.0,0.0,0,,1
20121227,1356537600000,,,,,0,0.0,0.0,0,,1
20121228,1356624000000,,,,,0,0.0,0.0,0,,1
20121231,1356883200000,,,,,0,0.0,0.0,0,,1
20130104,1357228800000,,,,,0,0.0,0.0,0,,1
20130107,1357488000000,,,,,0,0.0,0.0,0,,1
20130108,1357574400000,,,,,0,0.0,0.0,0,,1
20130109,1357660800000,,,,,0,0.0,0.0,0,,1
20130110,1357747200000,,,,,0,0.0,0.0,0,,1
20130111,1357833600000,,,,,0,0.0,0.0,0,,1
20130114,1358092800000,,,,,0,0.0,0.0,0,,1
20130115,1358179200000,,,,,0,0.0,0.0,0,,1
20130116,1358265600000,,,,,0,0.0,0.0,0,,1
20130117,1358352000000,,,,,0,0.0,0.0,0,,1
20130118,1358438400000,,,,,0,0.0,0.0,0,,1
20130121,1358697600000,,,,,0,0.0,0.0,0,,1
20130122,1358784000000,,,,,0,0.0,0.0,0,,1
20130123,1358870400000,,,,,0,0.0,0.0,0,,1
20130124,1358956800000,,,,,0,0.0,0.0,0,,1
20130125,1359043200000,,,,,0,0.0,0.0,0,,1
20130128,1359302400000,,,,,0,0.0,0.0,0,,1
20130129,1359388800000,,,,,0,0.0,0.0,0,,1
20130130,1359475200000,,,,,0,0.0,0.0,0,,1
20130131,1359561600000,,,,,0,0.0,0.0,0,,1
20130201,1359648000000,,,,,0,0.0,0.0,0,,1
20130204,1359907200000,,,,,0,0.0,0.0,0,,1
20130205,1359993600000,,,,,0,0.0,0.0,0,,1
20130206,1360080000000,,,,,0,0.0,0.0,0,,1
20130207,1360166400000,,,,,0,0.0,0.0,0,,1
20130208,1360252800000,,,,,0,0.0,0.0,0,,1
20130218,1361116800000,,,,,0,0.0,0.0,0,,1
20130219,1361203200000,,,,,0,0.0,0.0,0,,1
20130220,1361289600000,,,,,0,0.0,0.0,0,,1
20130221,1361376000000,,,,,0,0.0,0.0,0,,1
20130222,1361462400000,,,,,0,0.0,0.0,0,,1
20130225,1361721600000,,,,,0,0.0,0.0,0,,1
20130226,1361808000000,,,,,0,0.0,0.0,0,,1
20130227,1361894400000,,,,,0,0.0,0.0,0,,1
20130228,1361980800000,,,,,0,0.0,0.0,0,,1
20130301,1362067200000,,,,,0,0.0,0.0,0,,1
20130304,1362326400000,,,,,0,0.0,0.0,0,,1
20130305,1362412800000,,,,,0,0.0,0.0,0,,1
20130306,1362499200000,,,,,0,0.0,0.0,0,,1
20130307,1362585600000,,,,,0,0.0,0.0,0,,1
20130308,1362672000000,,,,,0,0.0,0.0,0,,1
20130311,1362931200000,,,,,0,0.0,0.0,0,,1
20130312,1363017600000,,,,,0,0.0,0.0,0,,1
20130313,1363104000000,,,,,0,0.0,0.0,0,,1
20130314,1363190400000,,,,,0,0.0,0.0,0,,1
20130315,1363276800000,,,,,0,0.0,0.0,0,,1
20130318,1363536000000,,,,,0,0.0,0.0,0,,1
20130319,1363622400000,,,,,0,0.0,0.0,0,,1
20130320,1363708800000,,,,,0,0.0,0.0,0,,1
20130321,1363795200000,,,,,0,0.0,0.0,0,,1
20130322,1363881600000,,,,,0,0.0,0.0,0,,1
20130325,1364140800000,,,,,0,0.0,0.0,0,,1
20130326,1364227200000,,,,,0,0.0,0.0,0,,1
20130327,1364313600000,,,,,0,0.0,0.0,0,,1
20130328,1364400000000,,,,,0,0.0,0.0,0,,1
20130329,1364486400000,,,,,0,0.0,0.0,0,,1
20130401,1364745600000,,,,,0,0.0,0.0,0,,1
20130402,1364832000000,,,,,0,0.0,0.0,0,,1
20130403,1364918400000,,,,,0,0.0,0.0,0,,1
20130408,1365350400000,,,,,0,0.0,0.0,0,,1
20130409,1365436800000,,,,,0,0.0,0.0,0,,1
20130410,1365523200000,,,,,0,0.0,0.0,0,,1
20130411,1365609600000,,,,,0,0.0,0.0,0,,1
20130412,1365696000000,,,,,0,0.0,0.0,0,,1
20130415,1365955200000,,,,,0,0.0,0.0,0,,1
20130416,1366041600000,,,,,0,0.0,0.0,0,,1
20130417,1366128000000,,,,,0,0.0,0.0,0,,1
20130418,1366214400000,,,,,0,0.0,0.0,0,,1
20130419,1366300800000,,,,,0,0.0,0.0,0,,1
20130422,1366560000000,,,,,0,0.0,0.0,0,,1
20130423,1366646400000,,,,,0,0.0,0.0,0,,1
20130424,1366732800000,,,,,0,0.0,0.0,0,,1
20130425,1366819200000,,,,,0,0.0,0.0,0,,1
20130426,1366905600000,,,,,0,0.0,0.0,0,,1
20130502,1367424000000,,,,,0,0.0,0.0,0,,1
20130503,1367510400000,,,,,0,0.0,0.0,0,,1
20130506,1367769600000,,,,,0,0.0,0.0,0,,1
20130507,1367856000000,,,,,0,0.0,0.0,0,,1
20130508,1367942400000,,,,,0,0.0,0.0,0,,1
20130509,1368028800000,,,,,0,0.0,0.0,0,,1
20130510,1368115200000,,,,,0,0.0,0.0,0,,1
20130513,1368374400000,,,,,0,0.0,0.0,0,,1
20130514,1368460800000,,,,,0,0.0,0.0,0,,1
20130515,1368547200000,,,,,0,0.0,0.0,0,,1
20130516,1368633600000,,,,,0,0.0,0.0,0,,1
20130517,1368720000000,,,,,0,0.0,0.0,0,,1
20130520,1368979200000,,,,,0,0.0,0.0,0,,1
20130521,1369065600000,,,,,0,0.0,0.0,0,,1
20130522,1369152000000,,,,,0,0.0,0.0,0,,1
20130523,1369238400000,,,,,0,0.0,0.0,0,,1
20130524,1369324800000,,,,,0,0.0,0.0,0,,1
20130527,1369584000000,,,,,0,0.0,0.0,0,,1
20130528,1369670400000,,,,,0,0.0,0.0,0,,1
20130529,1369756800000,,,,,0,0.0,0.0,0,,1
20130530,1369843200000,,,,,0,0.0,0.0,0,,1
20130531,1369929600000,,,,,0,0.0,0.0,0,,1
20130603,1370188800000,,,,,0,0.0,0.0,0,,1
20130604,1370275200000,,,,,0,0.0,0.0,0,,1
20130605,1370361600000,,,,,0,0.0,0.0,0,,1
20130606,1370448000000,,,,,0,0.0,0.0,0,,1
20130607,1370534400000,,,,,0,0.0,0.0,0,,1
20130613,1371052800000,,,,,0,0.0,0.0,0,,1
20130614,1371139200000,,,,,0,0.0,0.0,0,,1
20130617,1371398400000,,,,,0,0.0,0.0,0,,1
20130618,1371484800000,,,,,0,0.0,0.0,0,,1
20130619,1371571200000,,,,,0,0.0,0.0,0,,1
20130620,1371657600000,,,,,0,0.0,0.0,0,,1
20130621,1371744000000,,,,,0,0.0,0.0,0,,1
20130624,1372003200000,,,,,0,0.0,0.0,0,,1
20130625,1372089600000,,,,,0,0.0,0.0,0,,1
20130626,1372176000000,,,,,0,0.0,0.0,0,,1
20130627,1372262400000,,,,,0,0.0,0.0,0,,1
20130628,1372348800000,,,,,0,0.0,0.0,0,,1
20130701,1372608000000,,,,,0,0.0,0.0,0,,1
20130702,1372694400000,,,,,0,0.0,0.0,0,,1
20130703,1372780800000,,,,,0,0.0,0.0,0,,1
20130704,1372867200000,,,,,0,0.0,0.0,0,,1
20130705,1372953600000,,,,,0,0.0,0.0,0,,1
20130708,1373212800000,,,,,0,0.0,0.0,0,,1
20130709,1373299200000,,,,,0,0.0,0.0,0,,1
20130710,1373385600000,,,,,0,0.0,0.0,0,,1
20130711,1373472000000,,,,,0,0.0,0.0,0,,1
20130712,1373558400000,,,,,0,0.0,0.0,0,,1
20130715,1373817600000,,,,,0,0.0,0.0,0,,1
20130716,1373904000000,,,,,0,0.0,0.0,0,,1
20130717,1373990400000,,,,,0,0.0,0.0,0,,1
20130718,1374076800000,,,,,0,0.0,0.0,0,,1
20130719,1374163200000,,,,,0,0.0,0.0,0,,1
20130722,1374422400000,,,,,0,0.0,0.0,0,,1
20130723,1374508800000,,,,,0,0.0,0.0,0,,1
20130724,1374595200000,,,,,0,0.0,0.0,0,,1
20130725,1374681600000,,,,,0,0.0,0.0,0,,1
20130726,1374768000000,,,,,0,0.0,0.0,0,,1
20130729,1375027200000,,,,,0,0.0,0.0,0,,1
20130730,1375113600000,,,,,0,0.0,0.0,0,,1
20130731,1375200000000,,,,,0,0.0,0.0,0,,1
20130801,1375286400000,,,,,0,0.0,0.0,0,,1
20130802,1375372800000,,,,,0,0.0,0.0,0,,1
20130805,1375632000000,,,,,0,0.0,0.0,0,,1
20130806,1375718400000,,,,,0,0.0,0.0,0,,1
20130807,1375804800000,,,,,0,0.0,0.0,0,,1
20130808,1375891200000,,,,,0,0.0,0.0,0,,1
20130809,1375977600000,,,,,0,0.0,0.0,0,,1
20130812,1376236800000,,,,,0,0.0,0.0,0,,1
20130813,1376323200000,,,,,0,0.0,0.0,0,,1
20130814,1376409600000,,,,,0,0.0,0.0,0,,1
20130815,1376496000000,,,,,0,0.0,0.0,0,,1
20130816,1376582400000,,,,,0,0.0,0.0,0,,1
20130819,1376841600000,,,,,0,0.0,0.0,0,,1
20130820,1376928000000,,,,,0,0.0,0.0,0,,1
20130821,1377014400000,,,,,0,0.0,0.0,0,,1
20130822,1377100800000,,,,,0,0.0,0.0,0,,1
20130823,1377187200000,,,,,0,0.0,0.0,0,,1
20130826,1377446400000,,,,,0,0.0,0.0,0,,1
20130827,1377532800000,,,,,0,0.0,0.0,0,,1
20130828,1377619200000,,,,,0,0.0,0.0,0,,1
20130829,1377705600000,,,,,0,0.0,0.0,0,,1
20130830,1377792000000,,,,,0,0.0,0.0,0,,1
20130902,1378051200000,,,,,0,0.0,0.0,0,,1
20130903,1378137600000,,,,,0,0.0,0.0,0,,1
20130904,1378224000000,,,,,0,0.0,0.0,0,,1
20130905,1378310400000,,,,,0,0.0,0.0,0,,1
20130906,1378396800000,,,,,0,0.0,0.0,0,,1
20130909,1378656000000,,,,,0,0.0,0.0,0,,1
20130910,1378742400000,,,,,0,0.0,0.0,0,,1
20130911,1378828800000,,,,,0,0.0,0.0,0,,1
20130912,1378915200000,,,,,0,0.0,0.0,0,,1
20130913,1379001600000,,,,,0,0.0,0.0,0,,1
20130916,1379260800000,,,,,0,0.0,0.0,0,,1
20130917,1379347200000,,,,,0,0.0,0.0,0,,1
20130918,1379433600000,,,,,0,0.0,0.0,0,,1
20130923,1379865600000,,,,,0,0.0,0.0,0,,1
20130924,1379952000000,,,,,0,0.0,0.0,0,,1
20130925,1380038400000,,,,,0,0.0,0.0,0,,1
20130926,1380124800000,,,,,0,0.0,0.0,0,,1
20130927,1380211200000,,,,,0,0.0,0.0,0,,1
20130930,1380470400000,,,,,0,0.0,0.0,0,,1
20131008,1381161600000,,,,,0,0.0,0.0,0,,1
20131009,1381248000000,,,,,0,0.0,0.0,0,,1
20131010,1381334400000,,,,,0,0.0,0.0,0,,1
20131011,1381420800000,,,,,0,0.0,0.0,0,,1
20131014,1381680000000,,,,,0,0.0,0.0,0,,1
20131015,1381766400000,,,,,0,0.0,0.0,0,,1
20131016,1381852800000,,,,,0,0.0,0.0,0,,1
20131017,1381939200000,,,,,0,0.0,0.0,0,,1
20131018,1382025600000,,,,,0,0.0,0.0,0,,1
20131021,1382284800000,,,,,0,0.0,0.0,0,,1
20131022,1382371200000,,,,,0,0.0,0.0,0,,1
20131023,1382457600000,,,,,0,0.0,0.0,0,,1
20131024,1382544000000,,,,,0,0.0,0.0,0,,1
20131025,1382630400000,,,,,0,0.0,0.0,0,,1
20131028,1382889600000,,,,,0,0.0,0.0,0,,1
20131029,1382976000000,,,,,0,0.0,0.0,0,,1
20131030,1383062400000,,,,,0,0.0,0.0,0,,1
20131031,1383148800000,,,,,0,0.0,0.0,0,,1
20131101,1383235200000,,,,,0,0.0,0.0,0,,1
20131104,1383494400000,,,,,0,0.0,0.0,0,,1
20131105,1383580800000,,,,,0,0.0,0.0,0,,1
20131106,1383667200000,,,,,0,0.0,0.0,0,,1
20131107,1383753600000,,,,,0,0.0,0.0,0,,1
20131108,1383840000000,,,,,0,0.0,0.0,0,,1
20131111,1384099200000,,,,,0,0.0,0.0,0,,1
20131112,1384185600000,,,,,0,0.0,0.0,0,,1
20131113,1384272000000,,,,,0,0.0,0.0,0,,1
20131114,1384358400000,,,,,0,0.0,0.0,0,,1
20131115,1384444800000,,,,,0,0.0,0.0,0,,1
20131118,1384704000000,,,,,0,0.0,0.0,0,,1
20131119,1384790400000,,,,,0,0.0,0.0,0,,1
20131120,1384876800000,,,,,0,0.0,0.0,0,,1
20131121,1384963200000,,,,,0,0.0,0.0,0,,1
20131122,1385049600000,,,,,0,0.0,0.0,0,,1
20131125,1385308800000,,,,,0,0.0,0.0,0,,1
20131126,1385395200000,,,,,0,0.0,0.0,0,,1
20131127,1385481600000,,,,,0,0.0,0.0,0,,1
20131128,1385568000000,,,,,0,0.0,0.0,0,,1
20131129,1385654400000,,,,,0,0.0,0.0,0,,1
20131202,1385913600000,,,,,0,0.0,0.0,0,,1
20131203,1386000000000,,,,,0,0.0,0.0,0,,1
20131204,1386086400000,,,,,0,0.0,0.0,0,,1
20131205,1386172800000,,,,,0,0.0,0.0,0,,1
20131206,1386259200000,,,,,0,0.0,0.0,0,,1
20131209,1386518400000,,,,,0,0.0,0.0,0,,1
20131210,1386604800000,,,,,0,0.0,0.0,0,,1
20131211,1386691200000,,,,,0,0.0,0.0,0,,1
20131212,1386777600000,,,,,0,0.0,0.0,0,,1
20131213,1386864000000,,,,,0,0.0,0.0,0,,1
20131216,1387123200000,,,,,0,0.0,0.0,0,,1
20131217,1387209600000,,,,,0,0.0,0.0,0,,1
20131218,1387296000000,,,,,0,0.0,0.0,0,,1
20131219,1387382400000,,,,,0,0.0,0.0,0,,1
20131220,1387468800000,,,,,0,0.0,0.0,0,,1
20131223,1387728000000,,,,,0,0.0,0.0,0,,1
20131224,1387814400000,,,,,0,0.0,0.0,0,,1
20131225,1387900800000,,,,,0,0.0,0.0,0,,1
20131226,1387987200000,,,,,0,0.0,0.0,0,,1
20131227,1388073600000,,,,,0,0.0,0.0,0,,1
20131230,1388332800000,,,,,0,0.0,0.0,0,,1
20131231,1388419200000,,,,,0,0.0,0.0,0,,1
20140102,1388592000000,,,,,0,0.0,0.0,0,,1
20140103,1388678400000,,,,,0,0.0,0.0,0,,1
20140106,1388937600000,,,,,0,0.0,0.0,0,,1
20140107,1389024000000,,,,,0,0.0,0.0,0,,1
20140108,1389110400000,,,,,0,0.0,0.0,0,,1
20140109,1389196800000,,,,,0,0.0,0.0,0,,1
20140110,1389283200000,,,,,0,0.0,0.0,0,,1
20140113,1389542400000,,,,,0,0.0,0.0,0,,1
20140114,1389628800000,,,,,0,0.0,0.0,0,,1
20140115,1389715200000,,,,,0,0.0,0.0,0,,1
20140116,1389801600000,,,,,0,0.0,0.0,0,,1
20140117,1389888000000,,,,,0,0.0,0.0,0,,1
20140120,1390147200000,,,,,0,0.0,0.0,0,,1
20140121,1390233600000,,,,,0,0.0,0.0,0,,1
20140122,1390320000000,,,,,0,0.0,0.0,0,,1
20140123,1390406400000,,,,,0,0.0,0.0,0,,1
20140124,1390492800000,,,,,0,0.0,0.0,0,,1
20140127,1390752000000,25.900000000000002,31.080000000000002,25.900000000000002,31.080000000000002,3434,10517702.000000002,0.0,0,21.580000000000002,0
20140128,1390838400000,34.19,34.19,34.19,34.19,6030,20618553.000000004,0.0,0,31.08,0
20140129,1390924800000,37.61,37.61,36.71,36.95,44618,166870647.00000003,0.0,0,34.19,0
20140130,1391011200000,35.6,37.470000000000006,33.45,37.260000000000005,67453,238211703.0,0.0,0,36.95,0
20140207,1391702400000,36.4,38.79,35.6,38.300000000000004,48765,181258903.00000003,0.0,0,37.260000000000005,0
20140210,1391961600000,37.81,42.13,37.800000000000004,41.56,66921,267614568.00000003,0.0,0,38.300000000000004,0
20140211,1392048000000,40.78,42.5,39.4,41.14,54025,219923814.0,0.0,0,41.56,0
20140212,1392134400000,40.82000000000001,45.00000000000001,40.800000000000004,44.18000000000001,51568,222838607.00000003,0.0,0,41.14000000000001,0
20140213,1392220800000,43.300000000000004,43.78,40.38,40.800000000000004,39663,167260555.0,0.0,0,44.18,0
20140214,1392307200000,40.56,43.85,40.56,43.230000000000004,32270,136824466.99999997,0.0,0,40.800000000000004,0
20140217,1392566400000,44.379999999999995,45.199999999999996,42.51,44.589999999999996,41153,181343464.0,0.0,0,43.23,0
20140218,1392652800000,44.39000000000001,45.550000000000004,43.300000000000004,43.6,36798,163033381.0,0.0,0,44.59,0
20140219,1392739200000,43.67,44.38,41.36,42.08,24384,103591320.0,0.0,0,43.6,0
20140220,1392825600000,41.87,43.63,40.5,41.7,24350,102494895.0,0.0,0,42.08,0
20140221,1392912000000,41.4,42.49,41.0,42.45,15834,66158407.0,0.0,0,41.7,0
20140224,1393171200000,42.6,43.43,42.18,43.25,16337,70054772.00000001,0.0,0,42.45,0
20140225,1393257600000,43.309999999999995,47.58,42.83,44.82,66496,303394986.0,0.0,0,43.25,0
20140226,1393344000000,44.0,44.34,40.34,42.68000000000001,43642,183186763.0,0.0,0,44.82000000000001,0
20140227,1393430400000,42.46,42.78,38.410000000000004,38.410000000000004,37064,149059771.0,0.0,0,42.68000000000001,0
20140228,1393516800000,38.3,39.99,37.61,39.64,26440,103136024.99999999,0.0,0,38.41,0
20140303,1393776000000,39.400000000000006,43.6,39.160000000000004,43.27,37158,155158205.0,0.0,0,39.64,0
20140304,1393862400000,42.010000000000005,44.56,40.800000000000004,42.260000000000005,34276,145343627.0,0.0,0,43.27,0
20140305,1393948800000,41.4,43.69,41.0,42.35,25781,109673354.0,0.0,0,42.26,0
20140306,1394035200000,41.98,46.589999999999996,40.4,46.589999999999996,47967,212979951.0,0.0,0,42.35,0
20140307,1394121600000,47.81,48.89,44.1,44.5,49149,226961580.00000003,0.0,0,46.59,0
20140310,1394380800000,43.0,43.36,41.38,41.650000000000006,24811,104747421.00000001,0.0,0,44.5,0
20140311,1394467200000,41.86,45.73,41.43,44.96,35379,153602974.0,0.0,0,41.65,0
20140312,1394553600000,45.010000000000005,49.46000000000001,43.050000000000004,49.46000000000001,54222,251992912.0,0.0,0,44.96000000000001,0
20140313,1394640000000,47.86,50.129999999999995,46.83,47.239999999999995,39117,188327870.0,0.0,0,49.46,0
20140314,1394726400000,46.45,49.99,45.68,47.74,40837,196569872.0,0.0,0,47.24,0
20140317,1394985600000,46.31,47.120000000000005,45.31,46.900000000000006,27226,125795058.99999999,0.0,0,47.74,0
20140318,1395072000000,46.6,50.4,46.01,48.23,35532,172023273.0,0.0,0,46.9,0
20140319,1395158400000,47.02,48.52,46.0,48.08,25901,122421231.99999999,0.0,0,48.23,0
20140320,1395244800000,47.53,48.3,44.44,44.61,27552,127456377.99999999,0.0,0,48.08,0
20140321,1395331200000,43.48,45.98,43.01,44.629999999999995,16839,74710494.0,0.0,0,44.61,0
20140324,1395590400000,44.07,44.78,41.06,41.14,20492,87237794.00000001,0.0,0,44.63,0
20140325,1395676800000,40.71,42.4,40.71,42.0,9435,39311350.00000001,0.0,0,41.14,0
20140326,1395763200000,41.8,42.42,40.83,41.1,9978,41611906.0,0.0,0,42.0,0
20140327,1395849600000,40.81,41.38,38.5,38.56,12936,51320414.00000001,0.0,0,41.1,0
20140328,1395936000000,38.1,40.3,37.5,38.9,13767,53524333.00000001,0.0,0,38.56,0
20140331,1396195200000,37.95,38.9,36.86,37.86,12367,46661885.0,0.0,0,38.9,0
20140401,1396281600000,37.52,39.300000000000004,37.52,38.99,8941,34608750.0,0.0,0,37.86000000000001,0
20140402,1396368000000,39.190000000000005,39.580000000000005,37.02,38.67,11159,42513188.0,0.0,0,38.99,0
20140403,1396454400000,38.35,39.480000000000004,37.78,38.89,10567,41023737.0,0.0,0,38.67,0
20140404,1396540800000,39.37,42.2,38.89,40.910000000000004,17566,71611821.99999999,0.0,0,38.89,0
20140408,1396886400000,40.5,41.7,40.2,41.38,15586,64168462.00000001,0.0,0,40.910000000000004,0
20140409,1396972800000,40.5,41.300000000000004,39.7,40.900000000000006,19997,80699237.0,0.0,0,41.38,0
20140410,1397059200000,40.61,41.53,39.72,39.86,16178,66115412.0,0.0,0,40.9,0
20140411,1397145600000,38.88,39.230000000000004,37.64,38.17,17080,65435081.0,0.0,0,39.86,0
20140414,1397404800000,37.989999999999995,38.32,37.01,37.53,9204,34626954.0,0.0,0,38.169999999999995,0
20140415,1397491200000,37.53,38.0,37.43,37.6,6592,24831895.000000004,0.0,0,37.53,0
20140416,1397577600000,37.33,37.54,36.33,36.5,8115,29933539.0,0.0,0,37.6,0
20140417,1397664000000,36.550000000000004,37.45,36.31,36.86,7278,26872541.000000004,0.0,0,36.5,0
20140418,1397750400000,36.87,37.55,36.65,37.25,5573,20698384.000000004,0.0,0,36.86,0
20140421,1398009600000,36.65,38.25,36.65,37.449999999999996,10058,37968317.99999999,0.0,0,37.25,0
20140422,1398096000000,37.38,38.44,36.5,36.84,8019,29974373.0,0.0,0,37.45,0
20140423,1398182400000,36.15,37.33,36.15,36.449999999999996,4893,17954630.0,0.0,0,36.839999999999996,0
20140424,1398268800000,36.46,36.7,35.02,35.230000000000004,6508,23226993.999999996,0.0,0,36.45,0
20140425,1398355200000,34.21,34.900000000000006,32.2,32.36,12551,42313593.0,0.0,0,35.230000000000004,0
20140428,1398614400000,32.37,32.37,31.3,31.53,7819,24797052.0,0.0,0,32.36,0
20140429,1398700800000,31.52,32.23,31.5,32.23,4098,13089671.000000002,0.0,0,31.53,0
20140430,1398787200000,32.31,32.46,31.87,32.18,3915,12589565.0,0.0,0,32.230000000000004,0
20140505,1399219200000,32.2,32.89,32.0,32.89,5120,16670588.0,0.0,0,32.18,0
20140506,1399305600000,32.800000000000004,35.01,32.46,34.54,10979,37618482.0,0.0,0,32.89,0
20140507,1399392000000,34.239999999999995,35.01,33.58,34.53,11277,38776753.0,0.0,0,34.54,0
20140508,1399478400000,34.11,34.32,33.43,33.55,6494,21998977.0,0.0,0,34.53,0
20140509,1399564800000,33.309999999999995,33.82,32.3,32.339999999999996,4306,14178643.0,0.0,0,33.55,0
20140512,1399824000000,33.019999999999996,33.44,32.58,33.36,3904,12911198.0,0.0,0,32.339999999999996,0
20140513,1399910400000,33.36,34.35,33.08,33.629999999999995,3831,12934039.0,0.0,0,33.36,0
20140514,1399996800000,33.550000000000004,34.28,33.35,34.1,4897,16603588.0,0.0,0,33.63,0
20140515,1400083200000,33.82,34.98,33.82,33.95,7822,26966774.999999996,0.0,0,34.1,0
20140516,1400169600000,34.01,34.07,32.4,32.99,5861,19421137.0,0.0,0,33.949999999999996,0
20140519,1400428800000,32.7,33.1,32.32,32.9,2628,8613533.0,0.0,0,32.99,0
20140520,1400515200000,34.12,36.19,34.12,36.19,32734,117833587.00000001,0.0,0,32.9,0
20140521,1400601600000,35.79,37.18,35.06,37.0,27161,97514673.0,0.0,0,36.190000000000005,0
20140522,1400688000000,36.72,36.72,35.5,35.73,16461,59564800.00000001,0.0,0,37.0,0
20140523,1400774400000,35.6,37.91,35.5,37.48,19953,73482228.0,0.0,0,35.73,0
20140526,1401033600000,37.39,37.9,37.04,37.64,13527,50814440.00000001,0.0,0,37.48,0
20140527,1401120000000,37.2,37.97,37.0,37.51,8281,30932481.0,0.0,0,37.64,0
20140528,1401206400000,37.510000000000005,39.5,37.2,38.64,14124,54527958.0,0.0,0,37.510000000000005,0
20140529,1401292800000,38.1,38.9,37.99,38.18,11612,44522594.0,0.0,0,38.64,0
20140530,1401379200000,38.15,38.4,37.5,37.82,9225,34944116.0,0.0,0,38.18,0
20140603,1401724800000,37.699999999999996,37.79,37.22,37.73,6240,23389143.0,0.0,0,37.82,0
20140604,1401811200000,37.75000000000001,41.50000000000001,37.480000000000004,38.24,41257,163845886.0,0.0,0,37.730000000000004,0
20140605,1401897600000,37.0,37.410000000000004,36.52,37.39,27294,100723879.0,0.0,0,38.24,0
20140606,1401984000000,37.11,38.28,37.01,37.699999999999996,17435,65442619.99999999,0.0,0,37.39,0
20140609,1402243200000,37.51,37.69,36.37,36.39,9509,34986315.0,0.0,0,37.699999999999996,0
20140610,1402329600000,36.35,37.48,35.9,37.35,12097,44680956.0,0.0,0,36.39,0
20140611,1402416000000,37.27,37.39,36.68,37.07,7816,28948047.0,0.0,0,37.35,0
20140612,1402502400000,37.2,38.150000000000006,37.02,37.56,12249,46079424.00000001,0.0,0,37.07,0
20140613,1402588800000,37.6,38.49,37.2,38.11,13028,49391201.0,0.0,0,37.56,0
20140616,1402848000000,38.11000000000001,39.46,37.84,39.080000000000005,16154,62784894.99999999,0.0,0,38.11000000000001,0
20140617,1402934400000,39.0,39.19,38.25,38.47,9526,36757495.0,0.0,0,39.08,0
20140618,1403020800000,38.25,38.86,37.03,37.08,9217,34992171.00000001,0.0,0,38.27,0
20140619,1403107200000,37.1,37.33,33.72,34.4,15283,54375545.0,0.0,0,37.08,0
20140620,1403193600000,34.21,36.290000000000006,34.2,35.86,9137,32350311.0,0.0,0,34.400000000000006,0
20140623,1403452800000,35.9,38.59,35.68,37.8,18353,69259095.0,0.0,0,35.86,0
20140624,1403539200000,37.77,38.5,37.6,38.21,12920,49308299.99999999,0.0,0,37.800000000000004,0
20140625,1403625600000,38.040000000000006,40.050000000000004,37.980000000000004,39.14,19262,75220717.0,0.0,0,38.21,0
20140626,1403712000000,39.449999999999996,42.989999999999995,39.44,42.199999999999996,34615,144873148.0,0.0,0,39.14,0
20140627,1403798400000,42.42,43.31,41.74,41.78,26859,113796230.00000001,0.0,0,42.2,0
20140630,1404057600000,41.67,45.28,41.300000000000004,42.42,28464,123070560.0,0.0,0,41.78,0
20140701,1404144000000,42.5,43.75,41.81,43.5,20638,88432519.0,0.0,0,42.42,0
20140702,1404230400000,43.0,43.79,40.9,42.75,26167,110816814.00000001,0.0,0,43.5,0
20140703,1404316800000,42.160000000000004,42.83,41.39,41.52,13904,58378365.0,0.0,0,42.75,0
20140704,1404403200000,45.67,45.67,45.67,45.67,7247,33099743.0,0.0,0,41.52,0
20140707,1404662400000,48.0,49.37,46.43,47.68,46885,224675022.0,0.0,0,45.67,0
20140708,1404748800000,47.69,49.22,46.5,47.89,31158,148900280.0,0.0,0,47.68,0
20140709,1404835200000,47.89,48.4,45.53,45.54,25601,120120433.0,0.0,0,47.89,0
20140710,1404921600000,45.58,47.3,45.4,45.98,19538,90578355.0,0.0,0,45.54,0
20140711,1405008000000,45.400000000000006,46.61,45.2,45.690000000000005,11363,52073323.0,0.0,0,45.980000000000004,0
20140714,1405267200000,45.78,46.25,45.35,46.230000000000004,8158,37484127.0,0.0,0,45.690000000000005,0
20140715,1405353600000,46.18,46.18,43.5,43.88,14262,63266738.00000001,0.0,0,46.23,0
20140716,1405440000000,43.78,44.239999999999995,42.51,43.15,8782,37958970.0,0.0,0,43.879999999999995,0
20140717,1405526400000,43.07,43.88,42.7,43.49,6480,28058021.0,0.0,0,43.150000000000006,0
20140718,1405612800000,43.4,43.53,42.61,42.66,5059,21825990.000000004,0.0,0,43.49,0
20140721,1405872000000,42.42,43.25000000000001,41.800000000000004,42.900000000000006,6315,26871935.0,0.0,0,42.660000000000004,0
20140722,1405958400000,42.71,43.88,42.71,43.53,5249,22858620.000000004,0.0,0,42.9,0
20140723,1406044800000,43.800000000000004,43.800000000000004,41.2,41.900000000000006,7921,33678218.0,0.0,0,43.53,0
20140724,1406131200000,41.73,43.15,41.5,42.33,7101,30055632.000000004,0.0,0,41.9,0
20140725,1406217600000,42.1,43.080000000000005,41.81,42.550000000000004,5430,23059287.0,0.0,0,42.330000000000005,0
20140728,1406476800000,42.58,43.92,42.58,43.739999999999995,7992,34618901.00000001,0.0,0,42.55,0
20140729,1406563200000,43.6,44.18,43.46,43.5,9218,40385884.0,0.0,0,43.74,0
20140730,1406649600000,43.480000000000004,44.11,43.28,43.96,7962,34786100.0,0.0,0,43.5,0
20140731,1406736000000,44.0,44.080000000000005,43.27,43.580000000000005,6627,28849800.0,0.0,0,43.96,0
20140801,1406822400000,43.150000000000006,43.35,42.050000000000004,42.2,8416,36054391.0,0.0,0,43.580000000000005,0
20140804,1407081600000,42.1,42.71,42.0,42.59,2602,11041609.0,0.0,0,42.2,0
20140805,1407168000000,42.77,43.78,42.18,43.48,7581,32717280.0,0.0,0,42.589999999999996,0
20140806,1407254400000,43.3,43.62,43.18,43.33,4474,19411473.0,0.0,0,43.48,0
20140807,1407340800000,43.12,43.879999999999995,43.12,43.44,4993,21741641.0,0.0,0,43.33,0
20140808,1407427200000,43.43,45.96,43.43,45.58,22821,102877012.0,0.0,0,43.44,0
20140811,1407686400000,45.56,49.18,45.28,48.18,22727,107807423.00000001,0.0,0,45.58,0
20140812,1407772800000,47.55,49.059999999999995,47.33,47.879999999999995,12567,60365780.0,0.0,0,48.18,0
20140813,1407859200000,47.5,47.99,46.21,46.69,9424,44150186.99999999,0.0,0,47.88,0
20140814,1407945600000,46.86,49.74,46.86,48.65,17112,83503142.00000001,0.0,0,46.69,0
20140815,1408032000000,48.65,53.519999999999996,48.4,52.78,26454,136136872.0,0.0,0,48.65,0
20140818,1408291200000,53.15,53.5,51.82,53.02,17448,91672355.0,0.0,0,52.78,0
20140819,1408377600000,52.9,52.9,51.82,52.48,9905,51782357.0,0.0,0,53.02,0
20140820,1408464000000,52.48,54.699999999999996,51.9,52.1,14845,79184316.0,0.0,0,52.48,0
20140821,1408550400000,52.28,52.28,50.5,51.15,14857,75560349.0,0.0,0,52.1,0
20140822,1408636800000,51.13,54.57,51.13,54.02,19270,102195924.0,0.0,0,51.150000000000006,0
20140825,1408896000000,53.65,54.15,53.15,54.1,11864,63757101.0,0.0,0,54.019999999999996,0
20140826,1408982400000,54.0,54.199999999999996,50.01,50.37,14500,75469762.0,0.0,0,54.099999999999994,0
20140827,1409068800000,50.32,51.449999999999996,49.65,50.67,9997,50539804.0,0.0,0,50.37,0
20140828,1409155200000,50.6,51.330000000000005,49.52,50.38,6011,30334180.0,0.0,0,50.67,0
20140829,1409241600000,50.45,51.940000000000005,50.45,51.07,5425,27811152.0,0.0,0,50.38,0
20140901,1409500800000,50.589999999999996,53.89,50.58,53.699999999999996,9859,51810171.0,0.0,0,51.07,0
20140902,1409587200000,54.02,54.88,53.6,54.0,9064,49040056.0,0.0,0,53.7,0
20140903,1409673600000,53.99,59.4,53.9,59.4,19478,111441702.0,0.0,0,54.0,0
20140904,1409760000000,60.800000000000004,60.88,57.7,58.45,17281,101741112.0,0.0,0,59.400000000000006,0
20140905,1409846400000,58.45,60.38,57.800000000000004,59.760000000000005,9994,59198838.0,0.0,0,58.45,0
20140909,1410192000000,59.99,59.99,58.25,59.41,10076,59532859.0,0.0,0,59.76,0
20140910,1410278400000,59.4,60.11,58.4,59.769999999999996,7532,44730609.00000001,0.0,0,59.41,0
20140911,1410364800000,59.300000000000004,61.95,58.1,58.58,10549,63218017.0,0.0,0,59.77,0
20140912,1410451200000,58.5,59.839999999999996,58.33,59.46,8683,51496600.0,0.0,0,58.58,0
20140915,1410710400000,59.49,63.0,59.0,63.0,12120,74503923.0,0.0,0,59.46,0
20140916,1410796800000,62.52,63.78,60.03,60.27,9738,60052527.0,0.0,0,63.0,0
20140917,1410883200000,60.35,60.87,57.68,59.91,9081,53929128.0,0.0,0,60.269999999999996,0
20140918,1410969600000,59.48,62.19,58.61,60.96,9524,57731756.0,0.0,0,59.91,0
20140919,1411056000000,60.5,61.45,59.56,61.13,7341,44340892.0,0.0,0,60.96,0
20140922,1411315200000,60.81,63.45,60.81,62.0,9963,61950911.0,0.0,0,61.13,0
20140923,1411401600000,62.0,65.69,61.52,64.9,11035,70111442.0,0.0,0,62.0,0
20140924,1411488000000,64.57000000000001,66.50000000000001,64.57000000000001,66.30000000000001,10697,70028114.0,0.0,0,64.9,0
20140925,1411574400000,66.7,69.0,64.78,64.93,9696,64810856.0,0.0,0,66.3,0
20140926,1411660800000,64.47999999999999,67.89999999999999,64.1,67.47,7833,51596982.0,0.0,0,64.92999999999999,0
20140929,1411920000000,68.0,70.0,67.2,68.83,10049,68976558.0,0.0,0,67.47,0
20140930,1412006400000,69.0,70.0,68.3,69.92,8685,60366377.00000001,0.0,0,68.83,0
20141008,1412697600000,70.07,75.5,70.0,71.53,20651,150036614.0,0.0,0,69.92,0
20141009,1412784000000,35.8,37.199999999999996,33.87,34.699999999999996,49289,173279656.0,0.0,0,35.769999999999996,0
20141010,1412870400000,34.25,38.17,33.9,38.17,60157,221309956.0,0.0,0,34.699999999999996,0
20141013,1413129600000,38.00000000000001,38.00000000000001,34.730000000000004,36.96,42507,155053011.0,0.0,0,38.17,0
20141014,1413216000000,36.5,37.36,35.7,36.550000000000004,25468,92690151.0,0.0,0,36.96,0
20141015,1413302400000,36.02,36.470000000000006,35.410000000000004,35.7,23636,84750506.0,0.0,0,36.550000000000004,0
20141016,1413388800000,35.01,36.26,35.01,35.169999999999995,19438,68996951.0,0.0,0,35.699999999999996,0
20141017,1413475200000,34.85,35.45,32.49,33.96,27682,93870826.0,0.0,0,35.17,0
20141020,1413734400000,33.58,35.26,33.5,34.2,17769,61135445.0,0.0,0,33.96,0
20141021,1413820800000,34.01,34.6,33.83,33.949999999999996,17243,58799468.00000001,0.0,0,34.199999999999996,0
20141022,1413907200000,34.13,34.25,32.5,32.53,17831,59525762.00000001,0.0,0,33.95,0
20141023,1413993600000,32.21,32.95,30.52,30.61,22893,71925294.0,0.0,0,32.53,0
20141024,1414080000000,30.83,31.3,30.5,30.6,19724,60868975.0,0.0,0,30.61,0
20141027,1414339200000,30.95,32.4,30.07,32.1,19392,61350328.00000001,0.0,0,30.6,0
20141028,1414425600000,32.160000000000004,34.480000000000004,32.160000000000004,34.39,30239,102457653.0,0.0,0,32.1,0
20141029,1414512000000,34.39,34.6,33.85,34.43,29387,100531853.0,0.0,0,34.39,0
20141030,1414598400000,34.4,35.59,34.07,35.160000000000004,29963,104978321.0,0.0,0,34.43,0
20141031,1414684800000,34.900000000000006,35.160000000000004,33.52,34.09,18975,65008727.0,0.0,0,35.160000000000004,0
20141103,1414944000000,33.980000000000004,34.96,33.910000000000004,34.2,13277,45647509.00000001,0.0,0,34.09,0
20141104,1415030400000,34.25,34.39,32.64,32.65,20093,66670112.00000001,0.0,0,34.2,0
20141105,1415116800000,32.47,32.940000000000005,31.560000000000002,32.2,13040,41862168.0,0.0,0,32.650000000000006,0
20141106,1415203200000,32.2,33.18,32.2,33.1,14001,46093557.0,0.0,0,32.2,0
20141107,1415289600000,33.1,36.24,32.81,36.04,53335,185922080.0,0.0,0,33.1,0
20141110,1415548800000,36.04,39.510000000000005,35.42,38.45,60914,231957286.99999997,0.0,0,36.04,0
20141111,1415635200000,38.199999999999996,40.37,37.01,38.3,51817,201089669.99999997,0.0,0,38.449999999999996,0
20141112,1415721600000,37.8,39.8,37.08,38.879999999999995,51596,197962706.00000003,0.0,0,38.3,0
20141113,1415808000000,38.400000000000006,42.74,37.800000000000004,41.900000000000006,74101,300616837.0,0.0,0,38.88,0
20141114,1415894400000,41.35,42.3,38.11,38.18,46431,185064573.0,0.0,0,41.9,0
20141117,1416153600000,37.1,40.2,36.68,39.67,31948,124566886.0,0.0,0,38.18,0
20141118,1416240000000,39.2,41.5,38.5,41.2,34993,140159135.0,0.0,0,39.67,0
20141119,1416326400000,41.190000000000005,44.88,40.550000000000004,43.050000000000004,59013,255557365.0,0.0,0,41.2,0
20141120,1416412800000,42.879999999999995,44.879999999999995,41.76,44.05,41168,178169389.0,0.0,0,43.05,0
20141121,1416499200000,43.510000000000005,44.99,42.410000000000004,43.00000000000001,40385,175780231.00000003,0.0,0,44.050000000000004,0
20141124,1416758400000,43.4,44.669999999999995,42.62,43.55,36214,158030493.0,0.0,0,43.0,0
20141125,1416844800000,44.3,47.91,43.5,47.91,65224,300525316.0,0.0,0,43.55,0
20141126,1416931200000,50.18,52.699999999999996,48.9,52.699999999999996,36455,187574631.0,0.0,0,47.91,0
20141127,1417017600000,57.00000000000001,57.970000000000006,54.050000000000004,57.970000000000006,84033,474583921.0,0.0,0,52.7,0
20141128,1417104000000,58.14000000000001,63.77,56.800000000000004,63.77,61727,372828135.0,0.0,0,57.970000000000006,0
20141201,1417363200000,64.88,69.99,64.02,67.1,57108,383956881.0,0.0,0,63.769999999999996,0
20141202,1417449600000,65.23,66.04,61.730000000000004,64.0,64901,412460832.0,0.0,0,67.10000000000001,0
20141203,1417536000000,62.08,62.98,59.25,62.0,62907,383997143.00000006,0.0,0,64.0,0
20141204,1417622400000,62.18000000000001,68.2,60.52,65.60000000000001,84664,544889363.0,0.0,0,62.0,0
20141205,1417708800000,64.67999999999999,64.92999999999999,59.04,59.04,67383,418390120.0,0.0,0,65.6,0
20141208,1417968000000,56.5,58.800000000000004,54.6,54.82,57072,320028397.00000006,0.0,0,59.04,0
20141209,1418054400000,55.150000000000006,58.7,53.2,53.71,54380,304867513.0,0.0,0,54.82,0
20141210,1418140800000,53.949999999999996,55.55,51.72,53.699999999999996,34894,188744278.0,0.0,0,53.71,0
20141211,1418227200000,53.5,54.980000000000004,51.21,53.49,44976,237442290.0,0.0,0,53.7,0
20141212,1418313600000,53.400000000000006,57.970000000000006,51.95,57.900000000000006,70561,388806397.0,0.0,0,53.49,0
20141215,1418572800000,55.0,61.98,54.9,60.35,76896,453245299.00000006,0.0,0,57.9,0
20141216,1418659200000,61.0,61.0,56.51,56.8,43962,254913630.0,0.0,0,60.349999999999994,0
20141217,1418745600000,55.18,57.41,53.08,55.16,31355,172153682.0,0.0,0,56.8,0
20141218,1418832000000,54.1,56.970000000000006,53.800000000000004,53.800000000000004,23209,127913969.00000001,0.0,0,55.160000000000004,0
20141219,1418918400000,53.3,53.5,49.0,50.9,29215,149819895.00000003,0.0,0,53.8,0
20141222,1419177600000,49.800000000000004,49.800000000000004,45.81,45.81,25560,119844392.0,0.0,0,50.900000000000006,0
20141223,1419264000000,44.88,47.010000000000005,43.85,45.26,22890,104111442.00000001,0.0,0,45.81,0
20141224,1419350400000,46.580000000000005,48.11000000000001,45.800000000000004,46.900000000000006,27312,127821569.00000001,0.0,0,45.260000000000005,0
20141225,1419436800000,46.85,48.5,45.0,47.36,28776,134796696.0,0.0,0,46.9,0
20141226,1419523200000,46.51,47.3,44.51,45.96,36351,166513849.0,0.0,0,47.36,0
20141229,1419782400000,45.3,45.71,41.86,42.14,37730,162992820.0,0.0,0,45.96,0
20141230,1419868800000,41.980000000000004,42.77,39.67,41.050000000000004,33745,137541531.0,0.0,0,42.14,0
20141231,1419955200000,41.0,42.3,40.15,41.48,27149,112096170.0,0.0,0,41.05,0
20150105,1420387200000,41.68,41.68,38.53,41.06,34850,139697677.0,0.0,0,41.480000000000004,0
20150106,1420473600000,40.56,45.17,40.0,45.17,72809,316919715.0,0.0,0,41.06,0
20150107,1420560000000,44.0,47.6,42.71,45.68,83984,373947571.00000006,0.0,0,45.17,0
20150108,1420646400000,44.599999999999994,47.61,44.12,45.3,58633,268338260.00000003,0.0,0,45.68,0
20150109,1420732800000,45.31,47.400000000000006,45.02,45.35,51460,238293968.00000003,0.0,0,45.300000000000004,0
20150112,1420992000000,45.08,49.89,44.36,49.89,77804,374386654.0,0.0,0,45.35,0
20150113,1421078400000,51.0,54.8,49.5,53.1,76202,399217926.0,0.0,0,49.89,0
20150114,1421164800000,52.93,53.37,50.0,51.52,49788,258126240.0,0.0,0,53.1,0
20150115,1421251200000,50.61,53.1,48.9,49.8,46980,238285424.0,0.0,0,51.519999999999996,0
20150116,1421337600000,49.0,54.78,48.21,54.78,70476,371535686.0,0.0,0,49.800000000000004,0
20150119,1421596800000,51.0,56.85,50.58,53.01,73402,397159551.0,0.0,0,54.78,0
20150120,1421683200000,52.98,56.6,52.9,55.37,56183,307705674.0,0.0,0,53.01,0
20150121,1421769600000,55.38,55.4,53.0,53.96,54603,294363469.0,0.0,0,55.37,0
20150122,1421856000000,53.190000000000005,58.0,52.160000000000004,56.86000000000001,65515,357264104.0,0.0,0,53.96,0
20150123,1421942400000,55.78,56.3,51.71,52.2,54298,292030730.00000006,0.0,0,56.86,0
20150126,1422201600000,51.8,53.77,51.0,53.0,32035,169623609.0,0.0,0,52.2,0
20150127,1422288000000,53.43,57.28,51.6,55.4,60162,332076620.0,0.0,0,53.0,0
20150128,1422374400000,54.44,58.6,53.5,55.51,66244,374419786.0,0.0,0,55.4,0
20150129,1422460800000,54.0,56.78,53.5,55.22,32167,177521768.0,0.0,0,55.51,0
20150130,1422547200000,55.0,58.0,54.59,54.59,56017,315774891.0,0.0,0,55.220000000000006,0
20150202,1422806400000,52.82,57.5,52.01,57.5,47172,263802735.00000003,0.0,0,54.589999999999996,0
20150203,1422892800000,57.78,63.2,56.53,60.7,88081,534976353.00000006,0.0,0,57.5,0
20150204,1422979200000,60.14,64.8,60.0,63.39,68657,427291638.0,0.0,0,60.7,0
20150205,1423065600000,62.480000000000004,66.0,60.1,61.800000000000004,74241,470040607.99999994,0.0,0,63.39,0
20150206,1423152000000,61.99,63.2,57.6,58.620000000000005,50961,302186079.0,0.0,0,61.800000000000004,0
20150209,1423411200000,58.580000000000005,60.7,56.02,57.260000000000005,31251,182205886.0,0.0,0,58.620000000000005,0
20150210,1423497600000,56.7,62.99,56.0,62.99,51639,312232724.0,0.0,0,57.26,0
20150211,1423584000000,64.0,67.83,62.99,64.25,78706,516092444.00000006,0.0,0,62.99,0
20150212,1423670400000,64.82000000000001,70.30000000000001,64.82000000000001,68.60000000000001,90495,617366958.0,0.0,0,64.25000000000001,0
20150213,1423756800000,70.55,71.5,67.1,70.0,57829,400363047.0,0.0,0,68.6,0
20150216,1424016000000,69.51,71.8,66.11,69.35,63018,429797574.00000006,0.0,0,70.0,0
20150217,1424102400000,69.1,71.78,66.3,69.03,51983,358198786.00000006,0.0,0,69.35,0
20150225,1424793600000,70.0,70.11,62.13,62.620000000000005,53315,346972699.0,0.0,0,69.03,0
20150226,1424880000000,62.050000000000004,64.67,61.2,64.5,36918,234030372.00000003,0.0,0,62.620000000000005,0
20150227,1424966400000,64.18,66.0,63.5,64.45,25519,165376997.0,0.0,0,64.5,0
20150302,1425225600000,63.67,67.6,62.5,65.24,42879,278337064.0,0.0,0,64.45,0
20150303,1425312000000,64.50999999999999,66.28,62.01,62.199999999999996,39646,255676363.0,0.0,0,65.24,0
20150304,1425398400000,61.28,64.3,61.2,63.49,27144,171392986.0,0.0,0,62.2,0
20150305,1425484800000,67.5,69.83999999999999,65.1,69.83999999999999,85596,585270173.0,0.0,0,63.489999999999995,0
20150306,1425571200000,68.0,69.57,64.75,66.01,60109,402330029.0,0.0,0,69.84,0
20150309,1425830400000,67.5,72.61,67.5,72.61,79596,570967126.0,0.0,0,66.01,0
20150310,1425916800000,74.99,79.87,72.86,78.03,105833,802797529.9999999,0.0,0,72.61,0
20150311,1426003200000,79.2,85.48,79.03,82.55,65640,537686524.0,0.0,0,78.03,0
20150312,1426089600000,82.4,82.4,75.7,79.8,48883,386962206.99999994,0.0,0,82.55,0
20150313,1426176000000,79.5,82.7,78.05,81.2,38239,309872797.0,0.0,0,79.8,0
20150316,1426435200000,81.3,89.32,81.3,89.32,48710,423028344.0,0.0,0,81.2,0
20150317,1426521600000,91.8,91.8,86.03,87.0,38283,336315776.99999994,0.0,0,89.32000000000001,0
20150318,1426608000000,85.88000000000001,91.0,82.01,88.28,30210,260724686.00000003,0.0,0,87.0,0
20150319,1426694400000,87.13000000000001,97.11000000000001,84.9,97.11000000000001,34504,320993526.0,0.0,0,88.28,0
20150320,1426780800000,99.98,106.82,98.0,106.82,41248,426536372.0,0.0,0,97.11,0
20150323,1427040000000,108.96,117.5,107.8,117.5,31091,359792983.0,0.0,0,106.82,0
20150324,1427126400000,122.30000000000001,128.08,110.01,124.49000000000001,37365,448912780.00000006,0.0,0,117.5,0
20150325,1427212800000,120.8,135.82,118.28,129.28,32342,410072636.0,0.0,0,124.49,0
20150326,1427299200000,122.99000000000001,126.80000000000001,116.35000000000001,116.35000000000001,27094,323817879.0,0.0,0,129.28,0
20150327,1427385600000,114.24,114.5,104.75,110.72,32113,354822228.0,0.0,0,116.35,0
20150330,1427644800000,108.80000000000001,113.88000000000001,99.65,102.42,54133,564319378.0,0.0,0,110.72,0
20150331,1427731200000,102.51,112.66,102.0,110.89,48129,517101341.00000006,0.0,0,102.42,0
20150401,1427817600000,110.11,120.57,109.08,118.0,32827,381848346.0,0.0,0,110.89,0
20150402,1427904000000,115.84,122.52000000000001,115.12,115.74000000000001,18271,214457164.0,0.0,0,118.0,0
20150403,1427990400000,114.98,114.98,106.5,110.98,23273,258536243.0,0.0,0,115.74,0
20150407,1428336000000,111.5,121.89999999999999,108.13,118.28999999999999,27645,325977163.0,0.0,0,110.97999999999999,0
20150408,1428422400000,118.31,120.69000000000001,106.46000000000001,117.00000000000001,43897,487885055.00000006,0.0,0,118.29,0
20150409,1428508800000,111.2,115.88,105.3,112.11,32860,360179961.0,0.0,0,117.0,0
20150410,1428595200000,109.0,116.0,106.78,113.96000000000001,21531,243642819.0,0.0,0,112.11,0
20150413,1428854400000,113.12,122.9,108.61,121.0,34112,406573811.0,0.0,0,113.96,0
20150414,1428940800000,115.0,133.1,115.0,133.1,32285,414920581.0,0.0,0,121.0,0
20150415,1429027200000,138.1,146.41,125.56,126.0,29124,402766911.0,0.0,0,133.1,0
20150416,1429113600000,118.0,138.6,117.98,138.6,17740,240480704.0,0.0,0,126.0,0
20150417,1429200000000,144.8,151.9,137.4,138.6,23664,341598710.0,0.0,0,138.6,0
20150420,1429459200000,134.55,145.08,124.89,126.11,21807,292086649.0,0.0,0,138.6,0
20150421,1429545600000,124.0,138.72,122.11,138.72,17937,244378867.00000003,0.0,0,126.11,0
20150422,1429632000000,148.6,152.59,143.6,152.59,13512,202754228.0,0.0,0,138.72,0
20150423,1429718400000,161.19000000000003,167.85000000000002,154.95000000000002,167.85000000000002,22899,370149838.0,0.0,0,152.59,0
20150424,1429804800000,160.0,176.0,154.1,165.0,22251,363884643.0,0.0,0,167.85,0
20150427,1430064000000,160.0,163.13,152.0,158.2,25655,404069730.00000006,0.0,0,165.0,0
20150428,1430150400000,155.79,163.98,142.38,155.68,32007,489014317.0,0.0,0,158.2,0
20150429,1430236800000,150.0,166.88,150.0,159.84,19590,315333980.0,0.0,0,155.68,0
20150430,1430323200000,157.89000000000001,171.0,148.4,162.65,28113,457431239.0,0.0,0,159.84,0
20150504,1430668800000,160.0,162.0,150.0,152.38,14561,226019847.0,0.0,0,162.65,0
20150505,1430755200000,151.0,154.98999999999998,144.76,148.0,16784,249631886.00000003,0.0,0,152.38,0
20150506,1430841600000,148.5,162.8,148.0,162.79,27774,444062218.00000006,0.0,0,148.0,0
20150507,1430928000000,161.99,179.07,160.0,179.07,27613,480267570.0,0.0,0,162.79,0
20150508,1431014400000,179.98,196.98,170.5,196.98,25435,477957321.0,0.0,0,179.07,0
20150511,1431273600000,197.0,205.0,190.01,201.64999999999998,33077,657273983.0,0.0,0,196.98,0
20150512,1431360000000,198.0,203.48000000000002,187.71,198.79000000000002,30463,595102348.0,0.0,0,201.65,0
20150513,1431446400000,187.88,197.88,185.0,189.0,19909,379119513.0,0.0,0,198.79,0
20150514,1431532800000,189.82,189.82,172.15,174.8,20537,364930683.0,0.0,0,189.0,0
20150515,1431619200000,174.0,186.77,166.0,174.0,26380,471853205.00000006,0.0,0,174.8,0
20150518,1431878400000,180.01,191.4,177.0,191.4,26083,492608589.0,0.0,0,174.0,0
20150519,1431964800000,202.0,204.5,180.0,188.02,23162,442863672.0,0.0,0,191.4,0
20150520,1432051200000,188.02,188.02,188.02,188.02,0,0.0,0.0,0,188.02,1
20150521,1432137600000,188.02,188.02,188.02,188.02,0,0.0,0.0,0,188.02,1
20150522,1432224000000,188.02,188.02,188.02,188.02,0,0.0,0.0,0,188.02,1
20150525,1432483200000,188.02,188.02,188.02,188.02,0,0.0,0.0,0,188.02,1
20150526,1432569600000,188.02,188.02,188.02,188.02,0,0.0,0.0,0,188.02,1
20150527,1432656000000,188.02,188.02,188.02,188.02,0,0.0,0.0,0,188.02,1
20150528,1432742400000,188.02,188.02,188.02,188.02,0,0.0,0.0,0,188.02,1
20150529,1432828800000,188.02,188.02,188.02,188.02,0,0.0,0.0,0,188.02,1
20150601,1433088000000,188.02,188.02,188.02,188.02,0,0.0,0.0,0,188.02,1
20150602,1433174400000,188.02,188.02,188.02,188.02,0,0.0,0.0,0,188.02,1
20150603,1433260800000,188.02,188.02,188.02,188.02,0,0.0,0.0,0,188.02,1
20150604,1433347200000,188.02,188.02,188.02,188.02,0,0.0,0.0,0,188.02,1
20150605,1433433600000,188.02,188.02,188.02,188.02,0,0.0,0.0,0,188.02,1
20150608,1433692800000,188.02,188.02,188.02,188.02,0,0.0,0.0,0,188.02,1
20150609,1433779200000,188.02,188.02,188.02,188.02,0,0.0,0.0,0,188.02,1
20150610,1433865600000,188.02,188.02,188.02,188.02,0,0.0,0.0,0,188.02,1
20150611,1433952000000,188.02,188.02,188.02,188.02,0,0.0,0.0,0,188.02,1
20150612,1434038400000,188.02,188.02,188.02,188.02,0,0.0,0.0,0,188.02,1
20150615,1434297600000,188.02,188.02,188.02,188.02,0,0.0,0.0,0,188.02,1
20150616,1434384000000,188.02,188.02,188.02,188.02,0,0.0,0.0,0,188.02,1
20150617,1434470400000,188.02,188.02,188.02,188.02,0,0.0,0.0,0,188.02,1
20150618,1434556800000,188.02,188.02,188.02,188.02,0,0.0,0.0,0,188.02,1
20150619,1434643200000,188.02,188.02,188.02,188.02,0,0.0,0.0,0,188.02,1
20150623,1434988800000,188.02,188.02,188.02,188.02,0,0.0,0.0,0,188.02,1
20150624,1435075200000,188.02,188.02,188.02,188.02,0,0.0,0.0,0,188.02,1
20150625,1435161600000,188.02,188.02,188.02,188.02,0,0.0,0.0,0,188.02,1
20150626,1435248000000,188.02,188.02,188.02,188.02,0,0.0,0.0,0,188.02,1
20150629,1435507200000,188.02,188.02,188.02,188.02,0,0.0,0.0,0,188.02,1
20150630,1435593600000,188.02,188.02,188.02,188.02,0,0.0,0.0,0,188.02,1
20150701,1435680000000,188.02,188.02,188.02,188.02,0,0.0,0.0,0,188.02,1
20150702,1435766400000,188.02,188.02,188.02,188.02,0,0.0,0.0,0,188.02,1
20150703,1435852800000,188.02,188.02,188.02,188.02,0,0.0,0.0,0,188.02,1
20150706,1436112000000,188.02,188.02,188.02,188.02,0,0.0,0.0,0,188.02,1
20150707,1436198400000,188.02,188.02,188.02,188.02,0,0.0,0.0,0,188.02,1
20150708,1436284800000,188.02,188.02,188.02,188.02,0,0.0,0.0,0,188.02,1
20150709,1436371200000,188.02,188.02,188.02,188.02,0,0.0,0.0,0,188.02,1
20150710,1436457600000,188.02,188.02,188.02,188.02,0,0.0,0.0,0,188.02,1
20150713,1436716800000,188.02,188.02,188.02,188.02,0,0.0,0.0,0,188.02,1
20150714,1436803200000,188.02,188.02,188.02,188.02,0,0.0,0.0,0,188.02,1
20150715,1436889600000,168.99,168.99,168.99,168.99,379,6404721.0,0.0,0,187.77,0
20150716,1436976000000,152.09,152.09,152.09,152.09,189,2874501.0,0.0,0,168.99,0
20150717,1437062400000,136.88,136.88,136.88,136.88,479,6556552.0,0.0,0,152.09,0
20150720,1437321600000,123.19,145.0,123.19,129.0,147628,1866180144.0,0.0,0,136.88,0
20150721,1437408000000,121.00000000000001,122.97000000000001,116.10000000000001,116.10000000000001,78966,930478301.0,0.0,0,129.0,0
20150722,1437494400000,112.11,121.65,111.0,118.49,70811,831212147.0000001,0.0,0,116.1,0
20150723,1437580800000,117.03,127.00000000000001,111.21000000000001,124.79,95295,1133416128.0,0.0,0,118.49000000000001,0
20150724,1437667200000,122.0,128.99,115.0,117.9,74093,907874375.0000001,0.0,0,124.79,0
20150727,1437926400000,113.0,115.5,106.11,106.11,48012,532096120.00000006,0.0,0,117.9,0
20150728,1438012800000,95.5,103.08,95.5,95.5,51100,491441806.0,0.0,0,106.11,0
20150729,1438099200000,93.8,96.66,85.95,93.2,113559,1001173306.9999999,0.0,0,95.5,0
20150730,1438185600000,89.89999999999999,90.44999999999999,83.88,83.88,78830,687520876.0000001,0.0,0,93.19999999999999,0
20150731,1438272000000,79.69999999999999,80.89999999999999,75.49,76.5,90278,702340837.0,0.0,0,83.88,0
20150803,1438531200000,74.48,74.48,68.85000000000001,69.66000000000001,68701,486737250.0,0.0,0,76.50000000000001,0
20150804,1438617600000,71.5,76.63,70.25,76.63,81163,603170101.0,0.0,0,69.66,0
20150805,1438704000000,79.0,81.8,74.33,74.8,107504,838484448.0,0.0,0,76.63,0
20150806,1438790400000,70.2,73.0,68.9,69.04,75622,533044962.0,0.0,0,74.80000000000001,0
20150807,1438876800000,71.0,75.94000000000001,70.4,75.94000000000001,52788,389491096.0,0.0,0,69.04,0
20150810,1439136000000,80.97,83.47,76.22,81.9,118262,938481677.0,0.0,0,75.94,0
20150811,1439222400000,80.0,88.2,79.55,82.88,114501,957437389.0,0.0,0,81.89999999999999,0
20150812,1439308800000,81.0,83.1,78.33,78.49,65594,529548440.00000006,0.0,0,82.88,0
20150813,1439395200000,77.3,82.56,76.8,82.56,68369,545562198.0,0.0,0,78.49,0
20150814,1439481600000,83.02,88.88,81.5,82.82,97233,819759868.0000001,0.0,0,82.56,0
20150817,1439740800000,81.0,81.45,78.08,79.55,56318,447909072.00000006,0.0,0,82.82,0
20150818,1439827200000,79.13000000000001,82.06,71.60000000000001,71.60000000000001,64461,493882695.00000006,0.0,0,79.55000000000001,0
20150819,1439913600000,66.53,75.0,64.8,73.25,74156,506669848.00000006,0.0,0,71.6,0
20150820,1440000000000,70.04,72.71,67.0,67.54,56157,391796823.0,0.0,0,73.25,0
20150821,1440086400000,66.0,67.88,60.82,61.0,49364,319766651.99999994,0.0,0,67.54,0
20150824,1440345600000,58.55,61.0,54.9,54.9,32474,183646843.0,0.0,0,61.0,0
20150825,1440432000000,50.980000000000004,52.5,49.410000000000004,49.410000000000004,40615,205140682.0,0.0,0,54.900000000000006,0
20150826,1440518400000,48.5,51.85,45.31,45.52,63734,309365814.0,0.0,0,49.410000000000004,0
20150827,1440604800000,47.7,50.07,46.52,50.07,80015,392831699.0,0.0,0,45.52,0
20150828,1440691200000,50.66,54.22,49.0,54.2,90496,462286907.00000006,0.0,0,50.07,0
20150831,1440950400000,53.0,53.0,48.78,48.78,52622,268227047.0,0.0,0,54.2,0
20150901,1441036800000,47.01,47.48,43.9,43.9,44014,200583659.0,0.0,0,48.78,0
20150902,1441123200000,41.0,48.290000000000006,40.02,46.21,98265,453875077.99999994,0.0,0,43.900000000000006,0
20150907,1441555200000,47.19,50.83,47.01,49.79,108551,539068383.0,0.0,0,46.21,0
20150908,1441641600000,48.0,54.769999999999996,46.01,54.769999999999996,87191,431672563.0,0.0,0,49.79,0
20150909,1441728000000,54.5,59.0,53.68,56.8,113161,641286571.0,0.0,0,54.77,0
20150910,1441814400000,55.010000000000005,56.50000000000001,53.800000000000004,54.050000000000004,49396,271660608.00000006,0.0,0,56.800000000000004,0
20150911,1441900800000,53.5,57.1,53.5,55.57,49062,273169507.0,0.0,0,54.05,0
20150914,1442160000000,55.01,55.949999999999996,50.01,50.01,36664,192742188.99999997,0.0,0,55.57,0
20150915,1442246400000,45.9,47.65,45.01,45.01,46488,212623413.0,0.0,0,50.01,0
20150916,1442332800000,45.18,49.51,44.5,49.51,64389,301366525.99999994,0.0,0,45.01,0
20150917,1442419200000,50.0,53.879999999999995,48.01,48.519999999999996,70516,358887007.99999994,0.0,0,49.51,0
20150918,1442505600000,49.0,51.0,47.0,50.03,47691,234031304.0,0.0,0,48.52,0
20150921,1442764800000,48.95,55.03,48.31,55.03,66976,354734384.0,0.0,0,50.03,0
20150922,1442851200000,56.93,58.58,53.32,55.87,102583,572904698.9999999,0.0,0,55.03,0
20150923,1442937600000,53.98,60.0,53.9,57.5,81493,462821574.0,0.0,0,55.87,0
20150924,1443024000000,58.8,61.2,57.18,58.51,74919,444312309.00000006,0.0,0,57.5,0
20150925,1443110400000,57.0,59.25,52.71,53.49,56798,316048757.0,0.0,0,58.51,0
20150928,1443369600000,53.08,58.5,53.08,57.81,51589,288393470.0,0.0,0,53.489999999999995,0
20150929,1443456000000,56.800000000000004,57.300000000000004,54.050000000000004,55.59,52103,290443067.0,0.0,0,57.81,0
20150930,1443542400000,56.0,56.6,53.5,54.17,38078,208623389.0,0.0,0,55.59,0
20151008,1444233600000,57.0,59.59,56.2,59.59,41009,240027241.0,0.0,0,54.17,0
20151009,1444320000000,60.0,60.480000000000004,58.02,59.980000000000004,69877,413809144.0,0.0,0,59.59,0
20151012,1444579200000,60.52,65.98,59.410000000000004,65.61,112673,718536942.0,0.0,0,59.980000000000004,0
20151013,1444665600000,64.56,70.3,64.0,68.16,93714,631867929.0,0.0,0,65.61,0
20151014,1444752000000,67.0,67.94999999999999,64.6,65.5,65421,431668672.0,0.0,0,68.16,0
20151015,1444838400000,64.42999999999999,72.05,64.27,72.05,87663,608229460.0,0.0,0,65.5,0
20151016,1444924800000,71.89999999999999,78.89,70.05,77.25,98976,739218775.0,0.0,0,72.05,0
20151019,1445184000000,77.39999999999999,79.97999999999999,73.38,75.17999999999999,71125,540872394.0,0.0,0,77.25,0
20151020,1445270400000,74.58,82.7,74.11,82.7,67881,539904836.0,0.0,0,75.17999999999999,0
20151021,1445356800000,84.5,90.97,78.0,78.35,131137,1114880204.0,0.0,0,82.7,0
20151022,1445443200000,79.41,86.19,79.33,86.19,103308,855024681.0,0.0,0,78.35,0
20151023,1445529600000,87.3,89.99000000000001,84.45,87.11,84050,737575422.0,0.0,0,86.19,0
20151026,1445788800000,86.8,87.0,79.0,83.37,76071,633737898.0,0.0,0,87.11,0
20151027,1445875200000,79.5,89.0,77.0,85.7,62787,521499389.0,0.0,0,83.37,0
20151028,1445961600000,84.08,87.6,78.5,80.0,54796,458854163.0,0.0,0,85.7,0
20151029,1446048000000,80.5,83.5,77.0,81.09,45051,362171446.0,0.0,0,80.0,0
20151030,1446134400000,79.9,84.5,77.01,79.82000000000001,46265,375170902.0,0.0,0,81.09,0
20151102,1446393600000,76.60000000000001,82.38,75.06,77.36,36129,286994071.0,0.0,0,79.82000000000001,0
20151103,1446480000000,78.0,79.8,76.5,77.99,30313,235968840.99999997,0.0,0,77.36,0
20151104,1446566400000,78.5,85.79,78.5,85.79,57273,477241041.00000006,0.0,0,77.99,0
20151105,1446652800000,86.98,90.61,85.0,87.13,69339,607920624.0,0.0,0,85.79,0
20151106,1446739200000,86.24,94.47,86.24,91.89999999999999,73822,669107579.0,0.0,0,87.13,0
20151109,1446998400000,90.0,98.5,88.0,96.15,70119,652433233.0000001,0.0,0,91.9,0
20151110,1447084800000,94.7,97.98,91.42,92.16,59116,555465515.9999999,0.0,0,96.15,0
20151111,1447171200000,91.99,92.1,88.77,91.5,57460,520587087.00000006,0.0,0,92.16,0
20151112,1447257600000,92.07000000000001,95.30000000000001,89.4,91.29,52036,480603724.0,0.0,0,91.5,0
20151113,1447344000000,88.9,93.5,88.9,89.95,54912,501094481.0,0.0,0,91.29,0
20151116,1447603200000,87.0,92.5,86.06,92.3,43750,392100209.0,0.0,0,89.95,0
20151117,1447689600000,94.0,94.98,88.2,88.60000000000001,54393,495290128.00000006,0.0,0,92.3,0
20151118,1447776000000,88.5,90.30000000000001,81.26,82.31,45103,389813937.0,0.0,0,88.60000000000001,0
20151119,1447862400000,83.55,85.85,82.0,85.24,39533,330402373.99999994,0.0,0,82.31,0
20151120,1447948800000,84.89000000000001,86.75000000000001,83.21000000000001,85.02000000000001,39463,334455533.0,0.0,0,85.24000000000001,0
20151123,1448208000000,84.85,86.9,83.08,83.31,33530,284545367.0,0.0,0,85.02,0
20151124,1448294400000,83.0,85.0,80.42,84.9,36467,303464700.00000006,0.0,0,83.31,0
20151125,1448380800000,85.0,93.39000000000001,84.18,93.39000000000001,58526,531175539.0,0.0,0,84.9,0
20151126,1448467200000,97.0,97.47,89.01,89.62,58160,540510890.0,0.0,0,93.39,0
20151127,1448553600000,87.85,94.98,84.5,86.0,69770,630501755.0,0.0,0,89.62,0
20151130,1448812800000,85.0,86.89,78.0,84.99,48293,405452476.0,0.0,0,86.0,0
20151201,1448899200000,84.0,88.5,83.0,86.83,42837,370108584.0,0.0,0,84.99,0
20151202,1448985600000,86.0,87.3,78.83,87.28,48976,406576653.0,0.0,0,86.83,0
20151203,1449072000000,86.39,95.0,85.5,93.23,54461,500417200.0,0.0,0,87.28,0
20151204,1449158400000,92.08,92.99000000000001,88.7,90.0,43178,392522088.0,0.0,0,93.23,0
20151207,1449417600000,90.47,99.0,90.12,99.0,88845,865826202.0,0.0,0,90.0,0
20151208,1449504000000,98.00000000000001,106.08000000000001,94.85000000000001,102.55000000000001,100666,1002713177.0,0.0,0,99.00000000000001,0
20151209,1449590400000,99.51,105.9,97.0,99.0,58650,592044617.0,0.0,0,102.55,0
20151210,1449676800000,97.39999999999999,103.9,96.08,98.82,51901,517404256.0,0.0,0,99.0,0
20151211,1449763200000,97.0,100.26,94.5,94.57,39766,386862552.0,0.0,0,98.82,0
20151214,1450022400000,92.5,93.9,87.0,91.96,45991,414665076.00000006,0.0,0,94.57,0
20151215,1450108800000,92.48,96.48,92.0,94.04,30994,293547871.0,0.0,0,91.96,0
20151216,1450195200000,94.04,95.85000000000001,92.29,95.0,30325,286630677.0,0.0,0,94.04,0
20151217,1450281600000,94.85000000000001,99.00000000000001,94.85000000000001,98.42000000000002,36100,352239257.0,0.0,0,95.00000000000001,0
20151218,1450368000000,98.42,98.45,93.0,94.3,36603,348774610.0,0.0,0,98.42,0
20151221,1450627200000,94.73,94.73,90.2,91.88000000000001,30885,283580886.0,0.0,0,94.3,0
20151222,1450713600000,93.59,93.88000000000001,89.96000000000001,92.18,30420,279659378.0,0.0,0,91.88000000000001,0
20151223,1450800000000,92.1,92.1,87.69,87.8,36739,328260417.0,0.0,0,92.17999999999999,0
20151224,1450886400000,87.65,89.99000000000001,85.01,89.7,30410,266894620.0,0.0,0,87.80000000000001,0
20151225,1450972800000,89.6,89.85,87.0,87.83,22299,196772099.0,0.0,0,89.7,0
20151228,1451232000000,88.48,89.94000000000001,86.01,86.01,23066,203187455.99999997,0.0,0,87.83,0
20151229,1451318400000,85.16,86.54,84.0,84.49,24004,203722611.0,0.0,0,86.01,0
20151230,1451404800000,84.5,87.78999999999999,84.49,86.75999999999999,21721,187632668.00000003,0.0,0,84.49,0
20151231,1451491200000,87.2,87.2,82.01,82.17,25276,213567043.0,0.0,0,86.76,0
20160104,1451836800000,82.0,82.0,73.95,73.95,20578,157555126.0,0.0,0,82.17,0
20160105,1451923200000,66.98,71.97,66.56,67.68,39082,267587257.0,0.0,0,73.95,0
20160106,1452009600000,68.99,71.83,67.11,70.9,32860,228694002.00000003,0.0,0,67.67999999999999,0
20160107,1452096000000,68.99000000000001,68.99000000000001,63.81,63.81,6373,41752888.00000001,0.0,0,70.9,0
20160108,1452182400000,65.60000000000001,66.0,57.45,62.5,34058,215869040.99999997,0.0,0,63.81,0
20160111,1452441600000,59.9,61.65,56.25,56.25,33344,196003555.0,0.0,0,62.5,0
20160112,1452528000000,55.0,58.95,55.0,57.93,40172,232181652.0,0.0,0,56.25,0
20160113,1452614400000,58.36,58.85,52.15,53.5,34370,193237778.0,0.0,0,57.93,0
20160114,1452700800000,50.71,58.85,50.5,58.85,35299,196155842.0,0.0,0,53.5,0
20160115,1452787200000,59.98,62.98,57.86,59.65,54863,332762451.0,0.0,0,58.85,0
20160118,1453046400000,58.33,65.62,58.01,65.62,51013,323940416.0,0.0,0,59.65,0
20160119,1453132800000,65.6,67.78,62.4,67.49,52723,343310129.00000006,0.0,0,65.62,0
20160120,1453219200000,66.5,66.69,63.79,64.21,39095,255124885.0,0.0,0,67.49,0
20160121,1453305600000,64.01,67.66,62.4,62.4,40205,263285820.0,0.0,0,64.21,0
20160122,1453392000000,63.8,65.0,60.25,63.5,41679,259736147.0,0.0,0,62.4,0
20160125,1453651200000,64.0,64.5,61.57,62.69,31084,195853668.0,0.0,0,63.5,0
20160126,1453737600000,61.32,62.75,56.42,56.42,30829,181493537.0,0.0,0,62.690000000000005,0
20160127,1453824000000,56.900000000000006,58.1,51.06,57.11,38608,210489490.0,0.0,0,56.42,0
20160128,1453910400000,55.48,56.0,51.4,51.589999999999996,29542,159173350.0,0.0,0,57.11,0
20160129,1453996800000,51.800000000000004,56.5,51.02,55.61,32665,176965791.00000003,0.0,0,51.59,0
20160201,1454256000000,55.150000000000006,55.99,52.300000000000004,54.45,28034,151788425.0,0.0,0,55.61000000000001,0
20160202,1454342400000,54.6,59.900000000000006,54.52,59.900000000000006,46816,275096301.0,0.0,0,54.45,0
20160203,1454428800000,59.0,61.86,58.31,61.150000000000006,39047,235316501.00000003,0.0,0,59.900000000000006,0
20160204,1454515200000,62.300000000000004,63.65,61.1,61.31,31910,198511953.0,0.0,0,61.15,0
20160205,1454601600000,61.300000000000004,61.88,59.03,59.160000000000004,21694,130337072.0,0.0,0,61.31,0
20160215,1455465600000,56.199999999999996,59.989999999999995,56.08,59.39,18614,108443130.00000001,0.0,0,59.16,0
20160216,1455552000000,59.6,65.33,59.6,65.33,35388,225258796.0,0.0,0,59.39,0
20160217,1455638400000,65.0,66.07,63.08,65.64999999999999,34911,226039306.0,0.0,0,65.33,0
20160218,1455724800000,66.59,66.98,63.03,63.54,41413,267705239.0,0.0,0,65.65,0
20160219,1455811200000,63.78,65.02000000000001,63.02,63.99,28964,185285252.0,0.0,0,63.540000000000006,0
20160222,1456070400000,65.08,65.7,63.0,65.28,35550,228203901.0,0.0,0,63.99,0
20160223,1456156800000,65.2,65.87,62.800000000000004,63.71,31669,203779894.0,0.0,0,65.28,0
20160224,1456243200000,62.300000000000004,62.800000000000004,58.6,62.28,47051,286602325.0,0.0,0,63.71,0
20160225,1456329600000,61.46000000000001,61.46000000000001,56.050000000000004,56.050000000000004,31708,185011671.0,0.0,0,62.28,0
20160226,1456416000000,55.1,57.67,55.1,56.78,36304,204281080.0,0.0,0,56.050000000000004,0
20160229,1456675200000,56.39,56.59,51.1,51.1,34816,183230711.0,0.0,0,56.78,0
20160301,1456761600000,51.4,53.94,49.0,53.08,25546,132765521.00000001,0.0,0,51.1,0
20160302,1456848000000,52.8,56.94,52.11,56.1,29726,162027019.0,0.0,0,53.08,0
20160303,1456934400000,58.5,61.5,55.06,58.0,40936,239755042.0,0.0,0,56.1,0
20160304,1457020800000,57.15,58.1,53.67,55.11,33532,188032644.0,0.0,0,58.0,0
20160307,1457280000000,56.28,59.39,56.050000000000004,57.900000000000006,34799,201061751.00000003,0.0,0,55.11000000000001,0
20160308,1457366400000,57.370000000000005,58.6,53.03,58.300000000000004,33855,191078915.00000003,0.0,0,57.9,0
20160309,1457452800000,58.300000000000004,58.300000000000004,58.300000000000004,58.300000000000004,0,0.0,0.0,0,58.300000000000004,1
20160310,1457539200000,58.300000000000004,58.300000000000004,58.300000000000004,58.300000000000004,0,0.0,0.0,0,58.300000000000004,1
20160311,1457625600000,58.300000000000004,58.300000000000004,58.300000000000004,58.300000000000004,0,0.0,0.0,0,58.300000000000004,1
20160314,1457884800000,58.300000000000004,58.300000000000004,58.300000000000004,58.300000000000004,0,0.0,0.0,0,58.300000000000004,1
20160315,1457971200000,58.300000000000004,58.300000000000004,58.300000000000004,58.300000000000004,0,0.0,0.0,0,58.300000000000004,1
20160316,1458057600000,58.300000000000004,58.300000000000004,58.300000000000004,58.300000000000004,0,0.0,0.0,0,58.300000000000004,1
20160317,1458144000000,58.300000000000004,58.300000000000004,58.300000000000004,58.300000000000004,0,0.0,0.0,0,58.300000000000004,1
20160318,1458230400000,58.300000000000004,58.300000000000004,58.300000000000004,58.300000000000004,0,0.0,0.0,0,58.300000000000004,1
20160321,1458489600000,64.13,64.13,64.13,64.13,820,5259686.0,0.0,0,58.3,0
20160322,1458576000000,70.54,70.54,70.54,70.54,4285,30232385.0,0.0,0,64.13000000000001,0
20160323,1458662400000,76.18,77.59,73.51,77.59,118831,895004412.9999999,0.0,0,70.54,0
20160324,1458748800000,78.4,83.80000000000001,77.60000000000001,79.00000000000001,115441,925314836.0000001,0.0,0,77.59,0
20160325,1458835200000,77.14,79.37,74.78,76.05,61518,472264594.00000006,0.0,0,79.0,0
20160328,1459094400000,76.99,77.7,73.0,73.0,39678,301909687.0,0.0,0,76.05,0
20160329,1459180800000,73.0,79.28,72.61,74.96,58260,438284685.0,0.0,0,73.0,0
20160330,1459267200000,75.72,81.49000000000001,74.01,79.5,58598,459167468.0,0.0,0,74.96000000000001,0
20160331,1459353600000,78.10000000000001,83.49000000000001,77.60000000000001,80.65,58855,475616698.00000006,0.0,0,79.50000000000001,0
20160401,1459440000000,79.41000000000001,81.81,77.9,81.60000000000001,34387,274576654.0,0.0,0,80.65,0
20160405,1459785600000,81.0,89.76,80.04,89.76,46944,408372120.99999994,0.0,0,81.60000000000001,0
20160406,1459872000000,90.78,91.59,86.8,87.31,60444,536623608.00000006,0.0,0,89.75999999999999,0
20160407,1459958400000,86.00000000000001,87.30000000000001,82.10000000000001,82.32000000000001,49829,422289800.0,0.0,0,87.31,0
20160408,1460044800000,80.0,85.49,79.08,83.65,39759,331250143.0,0.0,0,82.32,0
20160411,1460304000000,87.01,92.02000000000001,87.01,90.25,62914,571268574.0,0.0,0,83.65,0
20160412,1460390400000,86.99000000000001,87.9,81.23,83.85000000000001,82915,704457884.0,0.0,0,90.25,0
20160413,1460476800000,83.39000000000001,88.00000000000001,83.35000000000001,85.00000000000001,41757,360120320.0,0.0,0,83.85000000000001,0
20160414,1460563200000,84.80000000000001,86.0,83.01,84.0,52542,442761755.99999994,0.0,0,85.0,0
20160415,1460649600000,84.5,85.60000000000001,83.26,84.48,25527,215733950.00000003,0.0,0,84.0,0
20160418,1460908800000,82.91,82.91,80.63,81.55,30297,246658338.00000003,0.0,0,84.47999999999999,0
20160419,1460995200000,82.89,84.6,81.58,82.2,22412,185729506.0,0.0,0,81.55,0
20160420,1461081600000,83.0,83.0,73.98,75.03,59334,457060049.00000006,0.0,0,82.2,0
20160421,1461168000000,74.5,75.65,72.2,72.28,26519,197070780.0,0.0,0,75.03,0
20160422,1461254400000,71.5,77.1,70.5,76.4,27548,204092604.00000003,0.0,0,72.28,0
20160425,1461513600000,76.5,78.80000000000001,75.68,77.4,29492,227157931.0,0.0,0,76.4,0
20160426,1461600000000,76.58,78.28999999999999,75.08,77.0,20999,161200119.0,0.0,0,77.39999999999999,0
20160427,1461686400000,77.6,77.6,74.63,74.8,16689,126726156.00000001,0.0,0,77.0,0
20160428,1461772800000,74.4,78.26,73.7,77.54,33697,258912391.00000003,0.0,0,74.8,0
20160429,1461859200000,76.49,78.95,76.11,77.61,27664,215648191.0,0.0,0,77.54,0
20160503,1462204800000,77.26,82.88000000000001,77.26,82.30000000000001,36628,297312226.0,0.0,0,77.61,0
20160504,1462291200000,81.47,84.45,80.98,81.13000000000001,29034,240444063.00000003,0.0,0,82.3,0
20160505,1462377600000,80.48,82.97,80.48,82.73,19378,159252142.0,0.0,0,81.13000000000001,0
20160506,1462464000000,82.86,84.5,76.2,76.53,50098,401498115.0,0.0,0,82.73,0
20160509,1462723200000,75.78999999999999,75.78999999999999,70.3,71.3,34944,252977137.0,0.0,0,76.53,0
20160510,1462809600000,70.01,72.48,69.5,70.3,28487,200834153.0,0.0,0,71.3,0
20160511,1462896000000,70.88000000000001,71.45,65.73,65.84,40859,277195155.00000006,0.0,0,70.30000000000001,0
20160512,1462982400000,64.92,66.88,61.61,65.25,32095,207112280.0,0.0,0,65.84,0
20160513,1463068800000,65.00000000000001,66.51,64.21000000000001,64.60000000000001,19401,126839826.0,0.0,0,65.25000000000001,0
20160516,1463328000000,64.82000000000001,66.68,64.82000000000001,66.56,22939,151136884.0,0.0,0,64.60000000000001,0
20160517,1463414400000,66.66,73.1,66.66,70.75999999999999,39062,271279988.0,0.0,0,66.56,0
20160518,1463500800000,69.0,69.0,65.0,65.82,28517,191027714.0,0.0,0,70.76,0
20160519,1463587200000,65.9,70.0,65.9,68.39,42397,291883727.0,0.0,0,65.82000000000001,0
20160520,1463673600000,66.93,71.88000000000001,66.4,71.38000000000001,34497,242296830.0,0.0,0,68.39,0
20160523,1463932800000,70.32000000000001,74.52000000000001,70.32000000000001,73.68,35799,261246741.0,0.0,0,71.38000000000001,0
20160524,1464019200000,74.3,74.3,70.67,71.81,26746,193719315.99999997,0.0,0,73.68,0
20160525,1464105600000,73.18,76.89,72.81,73.77,35326,263928741.0,0.0,0,71.81,0
20160526,1464192000000,72.81,79.6,72.5,78.33,44818,338222643.0,0.0,0,73.77,0
20160527,1464278400000,77.0,79.14999999999999,76.38,76.38,31959,248730608.00000003,0.0,0,78.33,0
20160530,1464537600000,75.3,77.31,73.8,75.23,21480,162337322.0,0.0,0,76.38,0
20160531,1464624000000,37.7,41.220000000000006,37.7,41.220000000000006,55793,227137039.00000003,0.0,0,37.470000000000006,0
20160601,1464710400000,45.34,45.34,45.34,45.34,156223,708319570.0,0.0,0,41.220000000000006,0
20160602,1464796800000,45.339999999999996,47.589999999999996,44.33,46.25,391374,1780185783.0,0.0,0,45.339999999999996,0
20160603,1464883200000,45.6,50.88,45.39,48.45,388141,1881033055.9999998,0.0,0,46.25,0
20160606,1465142400000,47.50000000000001,48.1,45.800000000000004,46.800000000000004,263020,1226744062.0,0.0,0,48.45,0
20160607,1465228800000,46.45,48.2,46.03,48.0,206910,980235978.0,0.0,0,46.800000000000004,0
20160608,1465315200000,47.400000000000006,48.300000000000004,46.300000000000004,47.18000000000001,146499,694356019.0,0.0,0,48.00000000000001,0
20160613,1465747200000,45.88,50.45,45.0,45.38,212469,1020849591.0000001,0.0,0,47.18,0
20160614,1465833600000,44.6,46.75,42.9,44.35,141239,627044598.0000001,0.0,0,45.379999999999995,0
20160615,1465920000000,43.42,48.5,43.4,46.55,181447,843098181.0,0.0,0,44.35,0
20160616,1466006400000,46.1,47.15,45.46,45.84,138161,637818709.0000001,0.0,0,46.550000000000004,0
20160617,1466092800000,46.29,49.8,46.29,47.699999999999996,220676,1062948454.0000001,0.0,0,45.839999999999996,0
20160620,1466352000000,47.1,47.77,44.550000000000004,47.35,189322,871272166.0,0.0,0,47.7,0
20160621,1466438400000,47.75,51.339999999999996,47.58,48.35,261402,1293471257.0,0.0,0,47.35,0
20160622,1466524800000,47.0,53.19,47.0,53.19,255590,1296538789.0,0.0,0,48.35,0
20160623,1466611200000,53.1,53.68000000000001,50.120000000000005,51.39000000000001,204964,1059382318.9999999,0.0,0,53.190000000000005,0
20160624,1466697600000,50.5,53.5,50.02,51.5,224381,1163075323.9999998,0.0,0,51.39,0
20160627,1466956800000,50.660000000000004,53.0,50.42,52.660000000000004,175282,909307180.0,0.0,0,51.5,0
20160628,1467043200000,52.0,52.43,50.04,50.86,207056,1053535627.0,0.0,0,52.66,0
20160629,1467129600000,50.8,51.379999999999995,49.08,49.98,156797,781609172.0,0.0,0,50.86,0
20160630,1467216000000,49.75,50.900000000000006,49.45,49.49,133646,670897198.0,0.0,0,49.980000000000004,0
20160701,1467302400000,49.25,50.22,48.75,49.3,101377,499993122.99999994,0.0,0,49.49,0
20160704,1467561600000,49.290000000000006,51.49,49.050000000000004,49.970000000000006,141434,711650047.0,0.0,0,49.300000000000004,0
20160705,1467648000000,49.660000000000004,50.49,48.6,49.730000000000004,132330,653188285.0,0.0,0,49.97,0
20160706,1467734400000,50.0,50.33,49.1,49.78,111007,552555567.0,0.0,0,49.730000000000004,0
20160707,1467820800000,49.6,49.620000000000005,47.35,47.81,141043,680863061.0,0.0,0,49.78,0
20160708,1467907200000,47.55,48.8,47.51,47.91,80015,386251521.99999994,0.0,0,47.809999999999995,0
20160711,1468166400000,47.53,48.2,43.97,44.17,167590,768130292.0,0.0,0,47.91,0
20160712,1468252800000,44.17,45.69,43.32,45.65,118125,526551906.0,0.0,0,44.17,0
20160713,1468339200000,45.660000000000004,46.0,44.81,45.53,83344,378579836.0,0.0,0,45.650000000000006,0
20160714,1468425600000,45.6,46.6,45.34,45.77,72757,334586831.00000006,0.0,0,45.53,0
20160715,1468512000000,46.300000000000004,46.59,45.02,45.84,69254,316031090.0,0.0,0,45.77,0
20160718,1468771200000,45.7,46.0,44.85,45.31,49547,224692825.0,0.0,0,45.84,0
20160719,1468857600000,45.059999999999995,45.9,44.9,45.62,53675,243753512.0,0.0,0,45.309999999999995,0
20160720,1468944000000,46.28,46.69,45.65,45.699999999999996,69653,321735150.0,0.0,0,45.62,0
20160721,1469030400000,45.78,45.96,45.0,45.05,62481,283254427.00000006,0.0,0,45.7,0
20160722,1469116800000,45.05,45.18,44.14,44.18,59167,263179814.99999997,0.0,0,45.05,0
20160725,1469376000000,44.0,44.53,43.81,44.1,34576,152684793.0,0.0,0,44.18,0
20160726,1469462400000,43.9,46.76,43.9,46.12,111212,512387079.00000006,0.0,0,44.1,0
20160727,1469548800000,45.88,46.010000000000005,41.800000000000004,41.88,126529,554514136.0,0.0,0,46.120000000000005,0
20160728,1469635200000,41.98,42.28,38.87,40.199999999999996,100181,404866167.0,0.0,0,41.879999999999995,0
20160729,1469721600000,40.5,40.67,39.2,39.720000000000006,45888,182696171.0,0.0,0,40.2,0
20160801,1469980800000,39.64,39.64,37.7,39.050000000000004,56288,216767440.0,0.0,0,39.720000000000006,0
20160802,1470067200000,39.11,39.8,39.11,39.44,39234,154703838.0,0.0,0,39.05,0
20160803,1470153600000,39.49,39.94,39.11,39.44,40622,160681366.0,0.0,0,39.44,0
20160804,1470240000000,39.50000000000001,41.400000000000006,39.300000000000004,40.50000000000001,68230,276635048.0,0.0,0,39.440000000000005,0
20160805,1470326400000,40.63,42.98,40.5,41.26,112209,469587048.99999994,0.0,0,40.5,0
20160808,1470585600000,40.5,40.989999999999995,39.58,40.96,66955,269379358.00000006,0.0,0,41.26,0
20160809,1470672000000,41.04,41.77,41.0,41.35,54574,225159386.0,0.0,0,40.96,0
20160810,1470758400000,41.440000000000005,41.800000000000004,40.6,40.660000000000004,55314,227453892.0,0.0,0,41.35,0
20160811,1470844800000,40.2,40.660000000000004,39.6,39.61,48541,194574338.00000003,0.0,0,40.660000000000004,0
20160812,1470931200000,39.5,39.970000000000006,39.02,39.82,41911,165814369.0,0.0,0,39.61000000000001,0
20160815,1471190400000,39.97,43.79,39.29,43.1,146866,625230080.0,0.0,0,39.82,0
20160816,1471276800000,42.800000000000004,44.120000000000005,42.38,43.120000000000005,130731,564947320.9999999,0.0,0,43.1,0
20160817,1471363200000,43.129999999999995,43.85,42.51,42.96,81137,350238716.0,0.0,0,43.12,0
20160818,1471449600000,42.980000000000004,43.27,42.300000000000004,42.440000000000005,67222,286750115.00000006,0.0,0,42.96,0
20160819,1471536000000,42.49,43.88,42.06,42.74,65905,283777328.0,0.0,0,42.440000000000005,0
20160822,1471795200000,42.75,43.449999999999996,41.83,41.87,53356,227342873.00000003,0.0,0,42.739999999999995,0
20160823,1471881600000,41.7,42.1,41.02,41.440000000000005,45749,190159280.00000003,0.0,0,41.870000000000005,0
20160824,1471968000000,41.6,42.2,41.53,41.99,41369,173212050.0,0.0,0,41.44,0
20160825,1472054400000,41.65,41.65,40.5,41.4,46092,189592498.00000003,0.0,0,41.99,0
20160826,1472140800000,41.7,42.480000000000004,41.300000000000004,41.89000000000001,48195,202017620.0,0.0,0,41.400000000000006,0
20160829,1472400000000,41.88,41.900000000000006,41.2,41.510000000000005,36567,151836721.0,0.0,0,41.89,0
20160830,1472486400000,41.51,42.379999999999995,41.51,42.019999999999996,50821,213627188.00000003,0.0,0,41.51,0
20160831,1472572800000,42.05,42.29,41.58,42.15,39229,164398105.00000003,0.0,0,42.019999999999996,0
20160901,1472659200000,42.05,42.37,41.68,41.78,38068,160003966.0,0.0,0,42.15,0
20160902,1472745600000,41.6,42.18,41.0,41.15,35571,147815157.0,0.0,0,41.78,0
20160905,1473004800000,41.35,41.7,39.800000000000004,40.00000000000001,48322,196302230.0,0.0,0,41.150000000000006,0
20160906,1473091200000,40.01,42.980000000000004,39.28,42.0,84795,351425343.00000006,0.0,0,40.0,0
20160907,1473177600000,41.65,42.05,41.36,41.45,42470,176977121.0,0.0,0,42.0,0
20160908,1473264000000,41.370000000000005,42.88,41.28,41.97,60431,255346426.0,0.0,0,41.45,0
20160909,1473350400000,41.71,41.95,41.28,41.300000000000004,32055,133195571.00000001,0.0,0,41.97,0
20160912,1473609600000,40.0,40.36,39.0,39.04,53361,211916954.0,0.0,0,41.3,0
20160913,1473696000000,39.24,39.620000000000005,38.7,38.95,31262,122318560.0,0.0,0,39.040000000000006,0
20160914,1473782400000,38.7,39.7,38.5,38.95,29965,116822902.00000001,0.0,0,38.95,0
20160919,1474214400000,39.00000000000001,39.64000000000001,38.800000000000004,39.25000000000001,21338,83688434.0,0.0,0,38.95,0
20160920,1474300800000,39.5,39.5,38.89,38.96,20345,79392178.00000001,0.0,0,39.25,0
20160921,1474387200000,38.88,39.39,38.81,39.03,19431,75957559.0,0.0,0,38.96,0
20160922,1474473600000,39.48,39.59,39.0,39.08,23819,93415552.0,0.0,0,39.03,0
20160923,1474560000000,39.34,39.4,38.71,38.71,24226,94652489.0,0.0,0,39.08,0
20160926,1474819200000,38.41,39.22,37.9,37.92,41242,158578598.0,0.0,0,38.71,0
20160927,1474905600000,37.72,38.32,37.72,38.32,29663,112754961.0,0.0,0,37.92,0
20160928,1474992000000,38.32,38.32,37.7,37.71,22508,85304894.0,0.0,0,38.32,0
20160929,1475078400000,37.78,38.199999999999996,37.58,38.0,27668,104682917.0,0.0,0,37.71,0
20160930,1475164800000,37.989999999999995,37.989999999999995,37.62,37.76,19974,75488252.0,0.0,0,38.0,0
20161010,1476028800000,38.1,39.480000000000004,38.1,39.2,64740,251700215.0,0.0,0,37.76,0
20161011,1476115200000,39.1,39.29,38.85,39.21,31662,123752710.0,0.0,0,39.2,0
20161012,1476201600000,39.21,39.21,38.75,38.91,24650,95967518.0,0.0,0,39.21,0
20161013,1476288000000,39.02,39.88,38.85,39.300000000000004,48253,189808186.0,0.0,0,38.910000000000004,0
20161014,1476374400000,39.0,39.230000000000004,38.6,39.050000000000004,36465,141665333.0,0.0,0,39.300000000000004,0
20161017,1476633600000,38.82,39.49,38.5,38.59,40652,158334121.99999997,0.0,0,39.05,0
20161018,1476720000000,38.5,39.22,38.32,39.18,57276,222982034.99999997,0.0,0,38.59,0
20161019,1476806400000,39.220000000000006,39.38,38.88,39.13,46487,182008187.0,0.0,0,39.18,0
20161020,1476892800000,39.260000000000005,40.25,39.02,39.830000000000005,69737,276352006.0,0.0,0,39.13,0
20161021,1476979200000,39.7,39.95,38.92,39.120000000000005,50561,198882893.0,0.0,0,39.83,0
20161024,1477238400000,39.18,40.25,39.12,39.919999999999995,62566,249125909.99999997,0.0,0,39.12,0
20161025,1477324800000,39.86,40.2,39.56,39.84,43896,175173866.0,0.0,0,39.92,0
20161026,1477411200000,39.4,40.0,38.92,39.17,69218,272138056.0,0.0,0,39.84,0
20161027,1477497600000,39.1,40.56,38.92,40.300000000000004,100777,403844374.0,0.0,0,39.17,0
20161028,1477584000000,40.1,41.88,40.0,40.67,125494,517277855.0,0.0,0,40.3,0
20161031,1477843200000,40.43,40.5,39.7,40.010000000000005,54546,218238808.0,0.0,0,40.67,0
20161101,1477929600000,40.160000000000004,40.3,39.39,40.15,73369,292292336.00000006,0.0,0,40.01,0
20161102,1478016000000,39.8,40.5,39.5,39.68,52773,210827546.0,0.0,0,40.15,0
20161103,1478102400000,39.6,40.24,39.2,40.02,66873,266350696.00000003,0.0,0,39.68,0
20161104,1478188800000,40.59,41.480000000000004,39.85,40.63,92657,376384015.00000006,0.0,0,40.02,0
20161107,1478448000000,41.230000000000004,41.230000000000004,39.7,39.940000000000005,61378,248506525.99999997,0.0,0,40.63,0
20161108,1478534400000,40.1,40.85,40.0,40.43,54870,221824332.00000003,0.0,0,39.94,0
20161109,1478620800000,40.55,40.6,39.0,39.43,64261,255606672.0,0.0,0,40.43,0
20161110,1478707200000,39.73,40.19,39.65,39.89,39110,156189359.0,0.0,0,39.43,0
20161111,1478793600000,39.88,40.620000000000005,39.38,40.59,80817,322587810.0,0.0,0,39.89,0
20161114,1479052800000,40.85,42.449999999999996,40.65,41.22,111336,463576028.00000006,0.0,0,40.589999999999996,0
20161115,1479139200000,40.88,42.5,40.53,42.5,111805,466972498.99999994,0.0,0,41.22,0
20161116,1479225600000,44.0,46.75,42.5,42.6,179782,792895152.0,0.0,0,42.5,0
20161117,1479312000000,42.00000000000001,44.11000000000001,41.910000000000004,43.400000000000006,124416,539960684.0,0.0,0,42.6,0
20161118,1479398400000,43.440000000000005,44.35,42.59,42.85,93149,403143521.0,0.0,0,43.400000000000006,0
20161121,1479657600000,42.31,43.190000000000005,42.1,42.300000000000004,67690,287908205.0,0.0,0,42.85,0
20161122,1479744000000,42.53,44.260000000000005,42.1,44.260000000000005,128556,555222386.9999999,0.0,0,42.300000000000004,0
20161123,1479830400000,44.800000000000004,48.690000000000005,44.300000000000004,46.25000000000001,335283,1567400350.9999998,0.0,0,44.260000000000005,0
20161124,1479916800000,45.6,46.29,45.01,45.01,137331,626197984.0,0.0,0,46.25,0
20161125,1480003200000,44.91,45.43,42.86,44.3,116758,515296696.0,0.0,0,45.01,0
20161128,1480262400000,44.54,45.589999999999996,43.4,43.53,126598,563598088.0,0.0,0,44.3,0
20161129,1480348800000,43.8,45.8,43.01,44.739999999999995,119270,528213385.00000006,0.0,0,43.53,0
20161130,1480435200000,44.02,46.45,43.910000000000004,45.18000000000001,150382,682505388.0,0.0,0,44.74,0
20161201,1480521600000,45.15,45.17,43.82,43.94,90416,399922052.0,0.0,0,45.18,0
20161202,1480608000000,44.099999999999994,44.4,42.12,42.169999999999995,78943,340054844.0,0.0,0,43.94,0
20161205,1480867200000,41.4,42.51,41.1,41.95,51601,215681642.99999997,0.0,0,42.17,0
20161206,1480953600000,43.88,44.800000000000004,42.1,42.33,62571,268269273.0,0.0,0,41.95,0
20161207,1481040000000,42.01,43.65,42.01,43.55,76142,328484546.0,0.0,0,42.33,0
20161208,1481126400000,43.41,43.41,42.5,42.5,47654,204073863.00000003,0.0,0,43.55,0
20161209,1481212800000,42.56,42.970000000000006,41.7,42.370000000000005,41409,175354223.0,0.0,0,42.5,0
20161212,1481472000000,42.35,42.35,38.13,38.13,117905,466688078.99999994,0.0,0,42.370000000000005,0
20161213,1481558400000,37.18,38.09,36.13,37.080000000000005,75788,281355090.0,0.0,0,38.13,0
20161214,1481644800000,36.879999999999995,37.489999999999995,36.37,36.58,37449,138007646.0,0.0,0,37.08,0
20161215,1481731200000,36.589999999999996,37.769999999999996,36.44,36.849999999999994,54488,202043873.0,0.0,0,36.58,0
20161216,1481817600000,36.86,38.160000000000004,36.7,37.89,65769,247777127.00000003,0.0,0,36.85,0
20161219,1482076800000,37.48,37.839999999999996,36.65,36.8,38520,143127078.0,0.0,0,37.89,0
20161220,1482163200000,36.78,37.18,36.35,36.57,36822,135037540.00000003,0.0,0,36.800000000000004,0
20161221,1482249600000,36.910000000000004,37.85,36.82,37.45,54922,205219163.00000003,0.0,0,36.57,0
20161222,1482336000000,37.650000000000006,37.800000000000004,37.300000000000004,37.53,34740,130225228.00000001,0.0,0,37.45,0
20161223,1482422400000,37.510000000000005,37.7,37.050000000000004,37.260000000000005,28025,104611451.0,0.0,0,37.53,0
20161226,1482681600000,37.07,37.44,35.29,37.4,41043,149346500.0,0.0,0,37.26,0
20161227,1482768000000,37.4,37.69,37.07,37.2,22315,83310452.0,0.0,0,37.4,0
20161228,1482854400000,37.300000000000004,37.300000000000004,36.6,36.7,27250,100694951.0,0.0,0,37.2,0
20161229,1482940800000,36.7,38.33,36.6,37.33,48927,183884829.0,0.0,0,36.7,0
20161230,1483027200000,36.8,37.48,36.62,37.33,42923,159133260.0,0.0,0,37.33,0
20170103,1483372800000,37.6,38.26,36.89,38.12,38725,146308884.0,0.0,0,37.33,0
20170104,1483459200000,37.800000000000004,38.36,37.49,38.230000000000004,58671,222874037.00000003,0.0,0,38.120000000000005,0
20170105,1483545600000,37.85,37.95,36.56,36.900000000000006,82323,305755163.0,0.0,0,38.230000000000004,0
20170106,1483632000000,37.02,37.120000000000005,35.800000000000004,36.400000000000006,47930,174250169.0,0.0,0,36.900000000000006,0
20170109,1483891200000,35.55,39.3,35.5,38.75,120931,460724793.99999994,0.0,0,36.4,0
20170110,1483977600000,38.83,39.92,38.4,39.05,85279,334359980.0,0.0,0,38.75,0
20170111,1484064000000,39.06,40.0,38.79,39.43,76186,301049190.0,0.0,0,39.05,0
20170112,1484150400000,39.35,39.89,37.6,39.78,110874,430916163.0,0.0,0,39.43,0
20170113,1484236800000,38.00000000000001,39.7,35.800000000000004,35.85,338590,1258870671.0,0.0,0,39.78,0
20170116,1484496000000,33.900000000000006,34.300000000000004,32.27,32.5,171322,570333233.0,0.0,0,35.85,0
20170117,1484582400000,32.790000000000006,35.7,32.52,34.0,143076,484158258.0,0.0,0,32.5,0
20170118,1484668800000,33.9,34.480000000000004,33.21,33.480000000000004,82889,280400798.0,0.0,0,34.0,0
20170119,1484755200000,33.5,34.65,32.86,33.53,77186,260262711.0,0.0,0,33.48,0
20170120,1484841600000,33.4,34.629999999999995,33.15,34.07,105618,359724645.00000006,0.0,0,33.53,0
20170123,1485100800000,33.88,34.0,33.39,33.61,77342,260823203.00000003,0.0,0,34.07,0
20170124,1485187200000,33.5,33.5,32.55,32.57,64306,212030046.00000003,0.0,0,33.61,0
20170125,1485273600000,32.300000000000004,34.690000000000005,32.2,34.400000000000006,129765,438758538.00000006,0.0,0,32.57,0
20170126,1485360000000,34.62,35.45,33.93,35.3,110957,385712920.0,0.0,0,34.4,0
20170203,1486051200000,35.800000000000004,36.95,35.45,35.800000000000004,111371,402083297.0,0.0,0,35.300000000000004,0
20170206,1486310400000,36.1,36.47,35.32,36.0,89572,321992792.0,0.0,0,35.8,0
20170207,1486396800000,35.75,36.480000000000004,35.64,36.08,78515,282988528.0,0.0,0,36.0,0
20170208,1486483200000,36.010000000000005,36.35,35.45,36.25,85012,306043986.0,0.0,0,36.080000000000005,0
20170209,1486569600000,36.0,38.449999999999996,35.83,37.46,170992,637115497.0,0.0,0,36.25,0
20170210,1486656000000,37.199999999999996,37.25,36.62,36.9,101375,373714234.0,0.0,0,37.46,0
20170213,1486915200000,37.4,38.7,36.82,38.08,150823,573708145.0,0.0,0,36.9,0
20170214,1487001600000,37.400000000000006,37.650000000000006,36.800000000000004,36.99,147589,547312642.0000001,0.0,0,38.080000000000005,0
20170215,1487088000000,37.07000000000001,37.6,36.230000000000004,36.43000000000001,123061,456176042.00000006,0.0,0,36.99,0
20170216,1487174400000,36.160000000000004,36.4,35.82,36.28,82286,296835315.0,0.0,0,36.43,0
20170217,1487260800000,36.38,37.2,35.86,36.12,78132,284676902.00000006,0.0,0,36.28,0
20170220,1487520000000,36.25,36.25,34.77,35.580000000000005,82474,292206253.0,0.0,0,36.120000000000005,0
20170221,1487606400000,35.82,37.33,35.6,36.89,121256,445221503.0,0.0,0,35.58,0
20170222,1487692800000,36.82,37.22,36.26,36.68,81626,298747245.0,0.0,0,36.89,0
20170223,1487779200000,36.89,37.01,36.32,36.9,72570,266351644.0,0.0,0,36.68,0
20170224,1487865600000,36.86000000000001,37.39000000000001,36.550000000000004,37.07000000000001,78595,290979224.0,0.0,0,36.900000000000006,0
20170227,1488124800000,37.3,37.379999999999995,36.15,36.25,67254,245512764.99999997,0.0,0,37.07,0
20170228,1488211200000,36.43,37.190000000000005,36.35,36.72,62167,228402114.0,0.0,0,36.25,0
20170301,1488297600000,36.940000000000005,37.86,36.81,37.230000000000004,115713,432514678.0,0.0,0,36.72,0
20170302,1488384000000,37.2,37.29,36.68,36.74,69628,256636729.99999997,0.0,0,37.23,0
20170303,1488470400000,36.5,38.0,36.25,37.62,148865,556644109.0,0.0,0,36.74,0
20170306,1488729600000,37.62,38.69,37.37,38.419999999999995,164564,625397142.0,0.0,0,37.62,0
20170307,1488816000000,38.42,38.43,37.68,38.1,108775,413986426.0,0.0,0,38.42,0
20170308,1488902400000,38.08,38.35,37.6,37.88,77613,294141281.0,0.0,0,38.1,0
20170309,1488988800000,37.68,38.14,37.36,37.93,83361,314688384.0,0.0,0,37.88,0
20170310,1489075200000,38.0,39.78,37.7,39.0,196692,765431863.0,0.0,0,37.93,0
20170313,1489334400000,38.620000000000005,38.96,38.03,38.94,117179,452124518.0,0.0,0,39.0,0
20170314,1489420800000,39.0,39.85,38.63,38.68,121637,477126769.0,0.0,0,38.940000000000005,0
20170315,1489507200000,38.68,39.47,38.21,39.12,110194,428152507.0,0.0,0,38.68,0
20170316,1489593600000,39.01,40.6,39.0,40.17,162692,649130354.0000001,0.0,0,39.12,0
20170317,1489680000000,40.15,41.9,39.9,40.85,219303,899364201.0000001,0.0,0,40.17,0
20170320,1489939200000,40.86,42.58,39.97,42.339999999999996,175640,721696965.0000001,0.0,0,40.85,0
20170321,1490025600000,41.82,42.660000000000004,41.1,41.9,147255,615488368.0,0.0,0,42.34,0
20170322,1490112000000,41.5,41.85,40.35,41.15,130493,534691184.00000006,0.0,0,41.9,0
20170323,1490198400000,41.2,41.75,39.1,40.08,153200,618952761.0,0.0,0,41.15,0
20170324,1490284800000,40.00000000000001,40.480000000000004,39.410000000000004,39.92,84327,336156783.0,0.0,0,40.080000000000005,0
20170327,1490544000000,39.9,40.21,39.39,39.410000000000004,67300,267973214.0,0.0,0,39.92,0
20170328,1490630400000,39.41,39.8,38.36,38.65,89906,350516773.00000006,0.0,0,39.41,0
20170329,1490716800000,38.81,39.36000000000001,38.52,38.760000000000005,78201,304733628.0,0.0,0,38.650000000000006,0
20170330,1490803200000,38.53,38.53,36.7,36.7,112015,419923285.00000006,0.0,0,38.760000000000005,0
20170331,1490889600000,36.98,37.48,36.65,37.379999999999995,57836,214590203.0,0.0,0,36.699999999999996,0
20170405,1491321600000,37.35,38.26,37.0,38.06,54689,206550274.0,0.0,0,37.38,0
20170406,1491408000000,38.13,38.45,37.92,38.0,43974,167775830.0,0.0,0,38.06,0
20170407,1491494400000,37.86,38.18,36.85,37.17,58033,217033919.00000003,0.0,0,38.0,0
20170410,1491753600000,36.0,36.0,33.45,33.45,143939,490574291.00000006,0.0,0,37.17,0
20170411,1491840000000,34.1,34.77,33.77,34.68,83888,289188538.0,0.0,0,33.45,0
20170412,1491926400000,34.69,34.69,33.86,34.05,50621,172920448.0,0.0,0,34.68,0
20170413,1492012800000,33.62,34.39,33.33,33.809999999999995,53223,180167388.0,0.0,0,34.05,0
20170414,1492099200000,33.9,34.17,33.54,33.81,40887,138478833.0,0.0,0,33.81,0
20170417,1492358400000,33.44,33.6,32.22,32.49,52244,170428572.00000003,0.0,0,33.81,0
20170418,1492444800000,32.6,33.09,31.28,31.48,50286,162166866.0,0.0,0,32.49,0
20170419,1492531200000,31.52,32.2,30.2,32.08,66948,207881370.00000003,0.0,0,31.48,0
20170420,1492617600000,32.07,32.56,31.5,32.16,46839,149930704.0,0.0,0,32.08,0
20170421,1492704000000,32.18,32.8,31.89,31.98,38292,123800394.00000001,0.0,0,32.160000000000004,0
20170424,1492963200000,31.740000000000002,32.0,30.35,30.98,35574,110470015.0,0.0,0,31.98,0
20170425,1493049600000,31.310000000000002,32.5,31.12,31.89,49589,158958432.0,0.0,0,30.98,0
20170426,1493136000000,32.160000000000004,32.480000000000004,31.89,32.02,47631,153227102.0,0.0,0,31.89,0
20170427,1493222400000,32.0,32.760000000000005,30.900000000000002,32.64,60917,194995067.0,0.0,0,32.02,0
20170428,1493308800000,32.5,32.980000000000004,32.21,32.77,37004,120911154.00000001,0.0,0,32.64,0
20170502,1493654400000,32.71,32.89,32.2,32.400000000000006,27491,89347056.00000001,0.0,0,32.77,0
20170503,1493740800000,32.03,32.82,32.03,32.27,33773,109765030.0,0.0,0,32.4,0
20170504,1493827200000,32.12,32.66,32.12,32.279999999999994,29551,95855335.0,0.0,0,32.269999999999996,0
20170505,1493913600000,32.02,32.88,31.41,32.46,57168,184264632.00000003,0.0,0,32.28,0
20170508,1494172800000,32.35,33.13,32.21,32.300000000000004,53519,174934351.00000003,0.0,0,32.46,0
20170509,1494259200000,31.880000000000003,32.29,31.01,32.03,40088,127372068.0,0.0,0,32.300000000000004,0
20170510,1494345600000,32.13,33.28,32.13,32.39,64693,212060569.00000003,0.0,0,32.03,0
20170511,1494432000000,31.849999999999998,32.26,31.13,32.15,47599,151172639.0,0.0,0,32.39,0
20170512,1494518400000,32.3,32.3,31.68,32.03,29813,95368455.0,0.0,0,32.15,0
20170515,1494777600000,32.43,32.97,32.01,32.129999999999995,33450,108557658.0,0.0,0,32.03,0
20170516,1494864000000,31.82,32.980000000000004,31.51,32.96,55533,179002792.00000003,0.0,0,32.13,0
20170517,1494950400000,33.03,34.440000000000005,32.88,33.690000000000005,82641,278533265.0,0.0,0,32.96,0
20170518,1495036800000,33.099999999999994,33.839999999999996,33.05,33.339999999999996,39082,130726513.99999999,0.0,0,33.69,0
20170519,1495123200000,33.31,33.540000000000006,32.45,32.89,42336,139173654.0,0.0,0,33.34,0
20170522,1495382400000,32.88,33.18,31.2,31.5,42374,137119318.0,0.0,0,32.89,0
20170523,1495468800000,31.48,31.8,29.53,29.700000000000003,48591,149734102.0,0.0,0,31.5,0
20170524,1495555200000,29.51,30.25,29.1,30.05,29720,88418473.0,0.0,0,29.700000000000003,0
20170525,1495641600000,30.110000000000003,30.330000000000002,29.1,30.16,37621,112368471.99999999,0.0,0,30.05,0
20170526,1495728000000,30.36,30.55,30.07,30.3,25003,75735110.0,0.0,0,30.16,0
20170531,1496160000000,31.0,31.38,30.38,30.39,27610,84806172.0,0.0,0,30.3,0
20170601,1496246400000,30.14,30.23,28.28,28.43,44337,130110130.0,0.0,0,30.39,0
20170602,1496332800000,28.430000000000003,29.6,27.810000000000002,29.220000000000002,38882,111490378.0,0.0,0,28.430000000000003,0
20170605,1496592000000,29.5,29.94,29.23,29.69,25977,76944311.99999999,0.0,0,29.22,0
20170606,1496678400000,29.5,30.13,29.39,29.88,27308,81335760.99999999,0.0,0,29.69,0
20170607,1496764800000,29.750000000000004,32.34,29.650000000000002,32.0,73992,231530751.99999997,0.0,0,29.880000000000003,0
20170608,1496851200000,32.3,32.87,31.88,32.0,81161,262793664.00000003,0.0,0,32.0,0
20170609,1496937600000,31.9,32.72,31.66,32.63,52642,169955321.0,0.0,0,32.0,0
20170612,1497196800000,32.28,32.46,30.62,30.87,60276,190321258.0,0.0,0,32.63,0
20170613,1497283200000,30.82,32.25,30.8,31.630000000000003,67039,211315782.0,0.0,0,30.87,0
20170614,1497369600000,12.3,12.530000000000001,11.88,12.23,138016,168774462.00000003,0.0,0,12.530000000000001,0
20170615,1497456000000,12.15,13.38,12.14,12.81,282038,361407410.00000006,0.0,0,12.23,0
20170616,1497542400000,12.7,12.9,12.41,12.59,173791,219257961.00000003,0.0,0,12.81,0
20170619,1497801600000,12.48,12.64,12.3,12.600000000000001,101479,126666089.00000001,0.0,0,12.59,0
20170620,1497888000000,12.98,13.27,12.75,12.75,254453,329612426.00000006,0.0,0,12.6,0
20170621,1497974400000,12.75,12.870000000000001,12.46,12.610000000000001,119002,149735904.0,0.0,0,12.75,0
20170622,1498060800000,12.57,12.74,12.13,12.15,113659,141134278.0,0.0,0,12.610000000000001,0
20170623,1498147200000,11.860000000000001,11.950000000000001,11.4,11.82,181859,212136238.00000003,0.0,0,12.15,0
20170626,1498406400000,11.66,11.78,11.41,11.72,126943,147022042.0,0.0,0,11.82,0
20170627,1498492800000,11.66,11.799999999999999,11.52,11.58,94124,109749451.0,0.0,0,11.719999999999999,0
20170628,1498579200000,11.59,11.64,11.4,11.46,70963,81485473.0,0.0,0,11.58,0
20170629,1498665600000,11.45,11.69,11.42,11.54,73822,85360976.00000001,0.0,0,11.459999999999999,0
20170630,1498752000000,11.49,11.55,11.370000000000001,11.39,82219,94158392.00000001,0.0,0,11.540000000000001,0
20170703,1499011200000,11.41,11.59,11.4,11.52,85237,97936988.0,0.0,0,11.39,0
20170704,1499097600000,11.55,11.620000000000001,11.450000000000001,11.48,54106,62339909.00000001,0.0,0,11.520000000000001,0
20170705,1499184000000,11.469999999999999,11.59,11.43,11.57,67776,78176880.0,0.0,0,11.48,0
20170706,1499270400000,11.600000000000001,11.75,11.46,11.540000000000001,88309,102431884.0,0.0,0,11.57,0
20170707,1499356800000,11.56,11.61,11.43,11.43,89599,103118760.0,0.0,0,11.54,0
20170710,1499616000000,11.44,11.44,11.1,11.1,108745,121641733.0,0.0,0,11.43,0
20170711,1499702400000,11.03,11.19,11.02,11.04,62790,69709373.0,0.0,0,11.1,0
20170712,1499788800000,11.06,11.25,10.9,11.18,85596,94723400.0,0.0,0,11.040000000000001,0
20170713,1499875200000,11.11,11.3,11.07,11.15,72328,81054989.0,0.0,0,11.18,0
20170714,1499961600000,11.209999999999999,11.209999999999999,10.84,10.85,65474,72154679.00000001,0.0,0,11.15,0
20170717,1500220800000,10.58,10.59,9.77,9.77,158067,158206849.0,0.0,0,10.85,0
20170718,1500307200000,9.78,9.98,9.43,9.75,100521,97480719.0,0.0,0,9.77,0
20170719,1500393600000,9.77,9.77,9.5,9.64,91110,87551578.0,0.0,0,9.75,0
20170720,1500480000000,9.680000000000001,9.930000000000001,9.63,9.63,82431,80540736.0,0.0,0,9.64,0
20170721,1500566400000,9.53,9.77,9.53,9.549999999999999,56097,54082869.0,0.0,0,9.629999999999999,0
20170724,1500825600000,9.5,9.88,9.3,9.790000000000001,114363,109839793.00000001,0.0,0,9.55,0
20170725,1500912000000,9.75,9.799999999999999,9.61,9.66,58875,57039169.0,0.0,0,9.79,0
20170726,1500998400000,9.69,9.73,9.49,9.540000000000001,48995,47064966.99999999,0.0,0,9.66,0
20170727,1501084800000,9.530000000000001,10.49,9.47,10.49,243683,246802069.0,0.0,0,9.540000000000001,0
20170728,1501171200000,10.58,11.05,10.41,10.69,282534,300864651.0,0.0,0,10.49,0
20170731,1501430400000,10.56,10.88,10.33,10.64,165176,175286242.0,0.0,0,10.69,0
20170801,1501516800000,10.58,10.74,10.4,10.66,121929,128766115.0,0.0,0,10.64,0
20170802,1501603200000,10.559999999999999,11.729999999999999,10.53,11.19,359837,408317670.0,0.0,0,10.66,0
20170803,1501689600000,11.030000000000001,12.31,10.9,12.31,513774,617161629.0,0.0,0,11.19,0
20170804,1501776000000,12.59,13.26,12.25,12.96,684955,873841286.0000001,0.0,0,12.31,0
20170807,1502035200000,12.7,13.58,12.5,12.96,585884,765814369.0,0.0,0,12.96,0
20170808,1502121600000,12.72,14.260000000000002,12.63,14.260000000000002,940499,1302263013.0,0.0,0,12.96,0
20170809,1502208000000,14.1,15.69,14.02,15.68,1122204,1658234263.0,0.0,0,14.26,0
20170810,1502294400000,15.299999999999999,16.439999999999998,15.11,15.85,875880,1391961201.0000002,0.0,0,15.68,0
20170811,1502380800000,15.56,16.07,14.88,15.420000000000002,753917,1160068404.0,0.0,0,15.850000000000001,0
20170814,1502640000000,15.340000000000002,15.89,15.040000000000001,15.690000000000001,750288,1163853424.0,0.0,0,15.420000000000002,0
20170815,1502726400000,15.899999999999999,16.18,15.11,15.149999999999999,714726,1103884287.0,0.0,0,15.69,0
20170816,1502812800000,15.2,16.67,15.01,16.67,1293223,2092490622.9999998,0.0,0,15.15,0
20170817,1502899200000,16.400000000000002,17.44,15.88,16.630000000000003,1209534,2005959630.0,0.0,0,16.67,0
20170818,1502985600000,16.28,16.41,15.450000000000001,15.920000000000002,681648,1086489083.0,0.0,0,16.630000000000003,0
20170821,1503244800000,15.8,16.19,15.33,15.65,557325,876900618.0,0.0,0,15.92,0
20170822,1503331200000,15.45,15.74,15.17,15.37,528721,813889017.0,0.0,0,15.65,0
20170823,1503417600000,15.31,16.26,15.200000000000001,15.600000000000001,761654,1197416692.0,0.0,0,15.370000000000001,0
20170824,1503504000000,15.17,15.17,14.51,14.64,653683,967270420.0,0.0,0,15.6,0
20170825,1503590400000,14.780000000000001,15.090000000000002,14.540000000000001,14.88,433426,642271472.0,0.0,0,14.64,0
20170828,1503849600000,14.94,15.56,14.9,14.97,636525,968652227.0,0.0,0,14.88,0
20170829,1503936000000,14.840000000000002,15.350000000000001,14.71,15.16,434344,656771418.0000001,0.0,0,14.97,0
20170830,1504022400000,15.15,15.28,14.75,15.04,391124,587085967.0,0.0,0,15.16,0
20170831,1504108800000,15.0,16.37,14.81,15.97,844135,1317353819.0,0.0,0,15.040000000000001,0
20170901,1504195200000,15.81,17.36,15.68,16.919999999999998,912356,1496530106.0,0.0,0,15.969999999999999,0
20170904,1504454400000,16.150000000000002,17.43,16.01,16.400000000000002,880513,1467733841.0000002,0.0,0,16.92,0
20170905,1504540800000,16.05,16.28,15.65,15.69,518838,822642856.0,0.0,0,16.4,0
20170906,1504627200000,15.4,16.18,15.26,16.02,443994,706229326.0,0.0,0,15.69,0
20170907,1504713600000,16.3,16.96,15.6,15.799999999999999,568320,930014631.0,0.0,0,16.02,0
20170908,1504800000000,15.620000000000001,15.94,15.32,15.5,353955,548968036.0,0.0,0,15.8,0
20170911,1505059200000,15.430000000000001,15.67,15.3,15.530000000000001,239761,370720636.0,0.0,0,15.5,0
20170912,1505145600000,15.58,15.920000000000002,15.21,15.9,422675,658207943.0,0.0,0,15.530000000000001,0
20170913,1505232000000,15.88,16.13,15.64,15.74,292679,462876460.0,0.0,0,15.9,0
20170914,1505318400000,15.63,15.84,15.22,15.290000000000001,289823,448921281.0,0.0,0,15.74,0
20170915,1505404800000,15.1,15.1,13.76,14.0,485056,699792663.0,0.0,0,15.29,0
20170918,1505664000000,13.81,14.14,13.81,14.14,182625,256385611.0,0.0,0,14.0,0
20170919,1505750400000,14.129999999999999,14.32,13.93,13.959999999999999,169999,239735580.0,0.0,0,14.14,0
20170920,1505836800000,14.07,14.19,13.76,14.15,176303,246818869.0,0.0,0,13.959999999999999,0
20170921,1505923200000,14.209999999999999,14.28,13.85,13.889999999999999,174890,246667599.0,0.0,0,14.15,0
20170922,1506009600000,13.91,14.170000000000002,13.63,13.96,163713,228043801.00000003,0.0,0,13.89,0
20170925,1506268800000,14.0,14.280000000000001,13.72,13.84,127547,178967594.0,0.0,0,13.96,0
20170926,1506355200000,13.76,14.0,13.68,13.93,111535,154122909.0,0.0,0,13.84,0
20170927,1506441600000,13.92,14.17,13.9,14.05,134342,188862533.0,0.0,0,13.93,0
20170928,1506528000000,14.08,14.16,13.74,13.8,143484,200139372.99999997,0.0,0,14.05,0
20170929,1506614400000,13.770000000000001,13.930000000000001,13.700000000000001,13.81,107601,148366742.99999997,0.0,0,13.8,0
20171009,1507478400000,13.98,15.180000000000001,13.950000000000001,15.020000000000001,411671,602860141.0,0.0,0,13.81,0
20171010,1507564800000,15.080000000000002,15.4,14.950000000000001,15.200000000000001,343603,521029661.0,0.0,0,15.020000000000001,0
20171011,1507651200000,15.13,15.15,14.700000000000001,14.700000000000001,229072,341088014.00000006,0.0,0,15.200000000000001,0
20171012,1507737600000,14.81,15.200000000000001,14.71,14.91,225979,338713461.0,0.0,0,14.700000000000001,0
20171013,1507824000000,15.04,15.05,14.75,14.82,164239,244354934.00000003,0.0,0,14.91,0
20171016,1508083200000,14.860000000000001,14.940000000000001,13.88,13.98,238166,340944181.0,0.0,0,14.82,0
20171017,1508169600000,13.99,14.15,13.68,13.76,149479,206564864.0,0.0,0,13.98,0
20171018,1508256000000,13.81,13.860000000000001,12.530000000000001,12.98,255571,338814285.0,0.0,0,13.760000000000002,0
20171019,1508342400000,12.98,13.090000000000002,12.63,13.020000000000001,138639,178873758.00000003,0.0,0,12.98,0
20171020,1508428800000,12.89,13.13,12.89,13.110000000000001,89659,117086184.0,0.0,0,13.020000000000001,0
20171023,1508688000000,13.14,13.200000000000001,12.950000000000001,13.14,87324,114305471.0,0.0,0,13.110000000000001,0
20171024,1508774400000,13.1,13.190000000000001,12.65,12.870000000000001,119406,153800619.99999997,0.0,0,13.14,0
20171025,1508860800000,12.92,13.18,12.9,13.1,105397,137672183.0,0.0,0,12.870000000000001,0
20171026,1508947200000,13.15,13.190000000000001,12.950000000000001,13.190000000000001,106147,139141115.0,0.0,0,13.100000000000001,0
20171027,1509033600000,13.21,13.26,12.9,12.93,104455,135980480.99999997,0.0,0,13.19,0
20171030,1509292800000,12.89,13.030000000000001,11.790000000000001,11.82,202451,247058103.0,0.0,0,12.930000000000001,0
20171031,1509379200000,11.84,12.15,11.84,12.07,99293,119279138.0,0.0,0,11.82,0
20171101,1509465600000,12.09,12.2,12.01,12.1,87843,106360834.00000001,0.0,0,12.07,0
20171102,1509552000000,12.1,12.280000000000001,11.81,12.14,123420,149011325.0,0.0,0,12.1,0
20171103,1509638400000,12.11,12.45,12.02,12.17,117504,144007805.0,0.0,0,12.139999999999999,0
20171106,1509897600000,12.19,12.55,12.07,12.49,136972,169650692.0,0.0,0,12.17,0
20171107,1509984000000,12.39,12.45,12.16,12.45,119130,146777032.0,0.0,0,12.49,0
20171108,1510070400000,12.37,12.79,12.35,12.53,164033,207117392.0,0.0,0,12.45,0
20171109,1510156800000,12.54,13.49,12.36,13.02,280427,365856310.0,0.0,0,12.53,0
20171110,1510243200000,12.95,13.27,12.84,12.9,157153,204209882.0,0.0,0,13.02,0
20171113,1510502400000,12.9,12.99,12.51,12.76,159773,202861016.00000003,0.0,0,12.9,0
20171114,1510588800000,12.629999999999999,12.879999999999999,12.51,12.52,129014,163284253.00000003,0.0,0,12.76,0
20171115,1510675200000,12.53,12.54,12.0,12.01,144757,175978951.99999997,0.0,0,12.52,0
20171116,1510761600000,12.030000000000001,12.14,11.870000000000001,11.9,102427,122947791.0,0.0,0,12.010000000000002,0
20171117,1510848000000,11.99,12.06,11.0,11.06,171560,197280715.00000003,0.0,0,11.9,0
20171120,1511107200000,10.95,11.33,10.5,11.28,113960,125482452.00000001,0.0,0,11.06,0
20171121,1511193600000,11.299999999999999,11.37,11.1,11.28,85117,95732247.00000001,0.0,0,11.28,0
20171122,1511280000000,11.260000000000002,11.75,11.05,11.540000000000001,157069,180179710.0,0.0,0,11.280000000000001,0
20171123,1511366400000,11.440000000000001,11.850000000000001,11.3,11.350000000000001,145196,167645847.0,0.0,0,11.540000000000001,0
20171124,1511452800000,11.1,11.440000000000001,11.06,11.25,83822,94475468.0,0.0,0,11.35,0
20171127,1511712000000,11.21,11.770000000000001,11.200000000000001,11.420000000000002,121028,139747682.0,0.0,0,11.250000000000002,0
20171128,1511798400000,11.49,12.26,11.19,12.1,248930,295665092.00000006,0.0,0,11.42,0
20171129,1511884800000,12.0,12.190000000000001,11.65,11.88,187808,223002853.0,0.0,0,12.1,0
20171130,1511971200000,11.75,12.17,11.66,11.82,147572,175383446.0,0.0,0,11.88,0
20171201,1512057600000,11.72,12.260000000000002,11.72,12.16,195904,236861248.0,0.0,0,11.82,0
20171204,1512316800000,12.22,12.379999999999999,12.01,12.09,173964,211824552.00000003,0.0,0,12.16,0
20171205,1512403200000,12.000000000000002,12.07,10.950000000000001,11.22,217328,250113076.0,0.0,0,12.090000000000002,0
20171206,1512489600000,11.15,11.600000000000001,11.13,11.56,141313,161134265.00000003,0.0,0,11.22,0
20171207,1512576000000,11.65,12.370000000000001,11.57,12.030000000000001,274503,329771632.00000006,0.0,0,11.56,0
20171208,1512662400000,12.3,12.93,12.08,12.63,411965,520322344.99999994,0.0,0,12.03,0
20171211,1512921600000,12.88,12.99,12.4,12.63,289070,366598762.00000006,0.0,0,12.63,0
20171212,1513008000000,12.7,12.86,12.5,12.7,227114,287960301.0,0.0,0,12.63,0
20171213,1513094400000,12.74,12.78,12.35,12.59,185593,232270781.0,0.0,0,12.7,0
20171214,1513180800000,12.46,12.62,12.25,12.46,133529,165845860.99999997,0.0,0,12.59,0
20171215,1513267200000,12.45,12.75,12.36,12.559999999999999,171381,215602075.0,0.0,0,12.459999999999999,0
20171218,1513526400000,12.52,12.58,11.82,11.950000000000001,200458,243614199.00000003,0.0,0,12.56,0
20171219,1513612800000,12.01,13.15,12.01,13.15,543846,705179146.0,0.0,0,11.95,0
20171220,1513699200000,13.15,13.38,12.88,13.370000000000001,580987,764134800.0,0.0,0,13.15,0
20171221,1513785600000,13.19,13.51,12.92,13.49,459651,608076659.0000001,0.0,0,13.37,0
20171222,1513872000000,13.280000000000001,13.340000000000002,13.030000000000001,13.040000000000001,262589,346022647.99999994,0.0,0,13.490000000000002,0
20171225,1514131200000,12.8,12.9,12.49,12.67,241322,304813801.00000006,0.0,0,13.040000000000001,0
20171226,1514217600000,12.75,12.950000000000001,12.56,12.940000000000001,195765,250658202.0,0.0,0,12.67,0
20171227,1514304000000,12.879999999999999,12.93,12.51,12.549999999999999,198588,252104041.0,0.0,0,12.94,0
20171228,1514390400000,12.51,12.719999999999999,12.19,12.209999999999999,223861,277768209.0,0.0,0,12.549999999999999,0
20171229,1514476800000,12.160000000000002,12.420000000000002,12.030000000000001,12.360000000000001,131832,161834373.0,0.0,0,12.21,0
20180102,1514822400000,12.38,12.47,12.24,12.41,111850,138507543.0,0.0,0,12.36,0
20180103,1514908800000,12.39,12.58,12.25,12.55,165274,205564403.0,0.0,0,12.41,0
20180104,1514995200000,12.6,12.84,12.32,12.36,202654,254173968.0,0.0,0,12.55,0
20180105,1515081600000,13.059999999999999,13.479999999999999,12.61,12.649999999999999,369740,479546547.0,0.0,0,12.36,0
20180108,1515340800000,12.31,13.81,12.25,13.39,506120,664372565.0,0.0,0,12.65,0
20180109,1515427200000,13.2,13.45,12.94,13.139999999999999,302751,399068952.00000006,0.0,0,13.389999999999999,0
20180110,1515513600000,13.49,14.41,13.36,14.19,745255,1036949224.0,0.0,0,13.139999999999999,0
20180111,1515600000000,14.01,15.39,13.89,14.84,831654,1218148190.0,0.0,0,14.190000000000001,0
20180112,1515686400000,14.65,14.79,13.93,13.959999999999999,503501,720812814.0,0.0,0,14.84,0
20180115,1515945600000,13.4,13.600000000000001,12.950000000000001,13.100000000000001,405079,537477691.0,0.0,0,13.96,0
20180116,1516032000000,13.22,13.4,12.950000000000001,13.340000000000002,275953,365233905.0,0.0,0,13.100000000000001,0
20180117,1516118400000,12.55,12.55,12.01,12.08,473659,576669588.0,0.0,0,13.34,0
20180118,1516204800000,12.110000000000001,12.26,11.97,12.09,161965,196237398.0,0.0,0,12.08,0
20180119,1516291200000,12.280000000000001,12.280000000000001,12.030000000000001,12.07,151762,184413485.0,0.0,0,12.090000000000002,0
20180122,1516550400000,11.98,12.5,11.48,12.290000000000001,292996,353320533.0,0.0,0,12.07,0
20180123,1516636800000,12.17,12.42,12.11,12.209999999999999,140700,171962032.0,0.0,0,12.29,0
20180124,1516723200000,12.25,12.77,12.16,12.7,304743,383607231.99999994,0.0,0,12.21,0
20180125,1516809600000,12.58,13.97,12.540000000000001,13.14,470572,631013236.0,0.0,0,12.700000000000001,0
20180126,1516896000000,12.98,13.37,12.85,13.129999999999999,249391,329297763.0,0.0,0,13.139999999999999,0
20180129,1517155200000,13.15,13.34,12.63,12.82,220931,286934138.0,0.0,0,13.13,0
20180130,1517241600000,12.92,13.27,12.9,13.07,180190,235493597.0,0.0,0,12.82,0
20180131,1517328000000,12.96,13.110000000000001,12.06,12.13,271721,336126381.0,0.0,0,13.07,0
20180201,1517414400000,12.16,12.360000000000001,11.81,11.91,164856,199283978.0,0.0,0,12.13,0
20180202,1517500800000,11.85,12.22,11.58,12.02,140843,168584998.0,0.0,0,11.91,0
20180205,1517760000000,11.72,12.120000000000001,11.620000000000001,11.88,96994,115278646.00000001,0.0,0,12.020000000000001,0
20180206,1517846400000,11.58,11.850000000000001,10.8,10.82,175892,199451191.00000003,0.0,0,11.88,0
20180207,1517932800000,11.07,11.23,10.55,10.940000000000001,181771,199694052.0,0.0,0,10.82,0
20180208,1518019200000,10.9,11.31,10.85,11.219999999999999,119626,133703880.99999999,0.0,0,10.94,0
20180209,1518105600000,10.9,11.16,10.59,10.8,133277,145105069.0,0.0,0,11.22,0
20180212,1518364800000,10.92,11.34,10.92,11.2,113101,125859243.0,0.0,0,10.8,0
20180213,1518451200000,11.290000000000001,11.360000000000001,11.05,11.05,108374,121365585.0,0.0,0,11.200000000000001,0
20180214,1518537600000,11.049999999999999,11.14,11.01,11.06,58359,64592445.00000001,0.0,0,11.049999999999999,0
20180222,1519228800000,11.25,11.559999999999999,11.19,11.42,107412,122409766.00000001,0.0,0,11.059999999999999,0
20180223,1519315200000,11.420000000000002,11.530000000000001,11.200000000000001,11.31,97880,110874687.00000001,0.0,0,11.420000000000002,0
20180226,1519574400000,11.5,12.1,11.5,11.96,219137,259904897.0,0.0,0,11.31,0
20180227,1519660800000,11.870000000000001,12.5,11.790000000000001,12.13,246586,301669166.0,0.0,0,11.96,0
20180228,1519747200000,12.01,12.540000000000001,11.9,12.31,297334,366715622.00000006,0.0,0,12.13,0
20180301,1519833600000,12.110000000000001,13.31,12.05,13.07,392182,501176819.0,0.0,0,12.31,0
20180302,1519920000000,12.89,13.520000000000001,12.780000000000001,12.830000000000002,323143,423748783.00000006,0.0,0,13.07,0
20180305,1520179200000,12.83,13.36,12.83,13.26,264528,348735026.0,0.0,0,12.83,0
20180306,1520265600000,13.9,14.22,13.05,13.17,363004,493460900.0,0.0,0,13.260000000000002,0
20180307,1520352000000,13.17,13.43,13.01,13.2,219892,290216705.0,0.0,0,13.17,0
20180308,1520438400000,13.2,13.44,12.83,12.9,261062,341340495.0,0.0,0,13.2,0
20180309,1520524800000,12.98,14.190000000000001,12.98,14.190000000000001,702362,972587200.0,0.0,0,12.9,0
20180312,1520784000000,14.65,15.180000000000001,14.370000000000001,14.770000000000001,710951,1044173944.0,0.0,0,14.190000000000001,0
20180313,1520870400000,15.030000000000001,16.2,14.82,15.47,764588,1182839933.0,0.0,0,14.77,0
20180314,1520956800000,15.31,15.54,14.51,14.799999999999999,510405,766922269.0,0.0,0,15.469999999999999,0
20180315,1521043200000,14.73,15.55,14.5,15.48,568642,853863854.0,0.0,0,14.8,0
20180316,1521129600000,15.330000000000002,15.690000000000001,14.700000000000001,14.82,443446,676850376.0,0.0,0,15.48,0
20180319,1521388800000,14.600000000000001,15.88,14.530000000000001,15.46,492165,756042046.0000001,0.0,0,14.82,0
20180320,1521475200000,15.000000000000002,16.580000000000002,14.780000000000001,16.27,567954,895379024.0,0.0,0,15.46,0
20180321,1521561600000,16.3,16.380000000000003,15.63,15.680000000000001,448368,717585337.0000001,0.0,0,16.27,0
20180322,1521648000000,15.8,16.130000000000003,15.370000000000001,15.450000000000001,371827,586398305.0,0.0,0,15.680000000000001,0
20180323,1521734400000,14.5,15.1,14.02,14.42,401603,586277656.0,0.0,0,15.45,0
20180326,1521993600000,14.2,15.799999999999999,14.11,15.76,402482,603564603.0,0.0,0,14.42,0
20180327,1522080000000,15.9,17.07,15.81,16.7,591973,981428859.0,0.0,0,15.76,0
20180328,1522166400000,16.31,17.32,16.31,16.599999999999998,476912,806012832.0,0.0,0,16.7,0
20180329,1522252800000,16.8,17.3,16.1,16.91,394659,661615231.0,0.0,0,16.6,0
20180330,1522339200000,17.18,18.46,16.93,17.82,526435,930261155.0000001,0.0,0,16.91,0
20180402,1522598400000,17.810000000000002,18.700000000000003,17.6,17.76,498952,902841554.0,0.0,0,17.82,0
20180403,1522684800000,17.21,17.92,17.0,17.85,351201,611252717.0,0.0,0,17.76,0
20180404,1522771200000,17.900000000000002,17.990000000000002,16.85,16.950000000000003,309962,534470122.99999994,0.0,0,17.85,0
20180409,1523203200000,16.869999999999997,17.43,16.63,16.959999999999997,260996,446484340.0,0.0,0,16.95,0
20180410,1523289600000,17.080000000000002,17.150000000000002,16.26,16.790000000000003,236379,393084143.0,0.0,0,16.96,0
20180411,1523376000000,16.840000000000003,17.64,16.830000000000002,17.07,303236,524464062.0,0.0,0,16.790000000000003,0
20180412,1523462400000,16.860000000000003,17.3,16.67,16.740000000000002,206903,351299296.0,0.0,0,17.07,0
20180413,1523548800000,17.0,17.55,17.0,17.16,273200,471889953.0,0.0,0,16.74,0
20180416,1523808000000,17.099999999999998,17.84,16.77,17.79,388223,680151011.0,0.0,0,17.16,0
20180417,1523894400000,17.8,17.86,16.02,16.09,425178,713102899.9999999,0.0,0,17.79,0
20180418,1523980800000,16.3,17.07,15.81,16.82,346022,570148622.0,0.0,0,16.09,0
20180419,1524067200000,16.65,16.67,15.42,15.81,433858,699582643.0,0.0,0,16.82,0
20180420,1524153600000,15.700000000000001,16.07,14.73,14.89,406795,622648657.0000001,0.0,0,15.81,0
20180423,1524412800000,15.05,15.280000000000001,14.57,15.09,299760,446859382.0,0.0,0,14.89,0
20180424,1524499200000,14.95,15.620000000000001,14.83,15.59,327426,501147197.00000006,0.0,0,15.09,0
20180425,1524585600000,15.510000000000002,16.11,15.450000000000001,15.72,315518,498254539.00000006,0.0,0,15.590000000000002,0
20180426,1524672000000,15.79,15.79,15.17,15.3,209467,322777832.00000006,0.0,0,15.72,0
20180427,1524758400000,15.46,15.72,15.13,15.670000000000002,197007,305438370.0,0.0,0,15.3,0
20180502,1525190400000,15.87,15.97,14.67,15.05,284237,435707321.0,0.0,0,15.67,0
20180503,1525276800000,14.9,15.590000000000002,14.450000000000001,15.500000000000002,257602,387887871.0,0.0,0,15.05,0
20180504,1525363200000,15.47,15.680000000000001,15.05,15.110000000000001,232044,356758715.0,0.0,0,15.5,0
20180507,1525622400000,15.290000000000001,16.080000000000002,15.200000000000001,15.920000000000002,322854,509059343.0,0.0,0,15.110000000000001,0
20180508,1525708800000,15.97,16.2,15.76,16.19,247293,396130660.99999994,0.0,0,15.92,0
20180509,1525795200000,16.080000000000002,16.63,16.05,16.21,257000,419888963.0,0.0,0,16.19,0
20180510,1525881600000,16.18,16.36,15.81,16.23,180019,288908827.0,0.0,0,16.21,0
20180511,1525968000000,16.3,16.400000000000002,15.700000000000001,15.73,179668,287273663.0,0.0,0,16.23,0
20180514,1526227200000,15.680000000000001,15.840000000000002,14.96,15.110000000000001,268448,409362307.0,0.0,0,15.73,0
20180515,1526313600000,15.129999999999999,15.59,14.76,15.56,223877,340324112.0,0.0,0,15.11,0
20180516,1526400000000,15.370000000000001,15.61,15.16,15.2,178533,274016321.0,0.0,0,15.56,0
20180517,1526486400000,15.21,15.360000000000001,14.98,15.14,133293,201456997.0,0.0,0,15.200000000000001,0
20180518,1526572800000,15.110000000000001,15.38,14.9,15.32,152171,231033176.0,0.0,0,15.14,0
20180521,1526832000000,15.48,16.2,15.48,16.080000000000002,310308,493982384.0,0.0,0,15.32,0
20180522,1526918400000,16.01,16.29,15.81,16.240000000000002,241598,388079256.0,0.0,0,16.080000000000002,0
20180523,1527004800000,16.080000000000002,16.32,15.89,15.91,185504,298379446.0,0.0,0,16.240000000000002,0
20180524,1527091200000,15.93,16.37,15.91,16.19,221736,358152853.0,0.0,0,15.91,0
20180525,1527177600000,16.14,16.14,15.33,15.41,230542,361715242.0,0.0,0,16.19,0
20180528,1527436800000,15.33,15.34,14.76,14.799999999999999,189262,284082178.0,0.0,0,15.41,0
20180529,1527523200000,14.809999999999999,15.139999999999999,14.61,14.85,173720,258242003.0,0.0,0,14.799999999999999,0
20180530,1527609600000,14.4,14.590000000000002,13.950000000000001,13.97,192018,274105328.0,0.0,0,14.850000000000001,0
20180531,1527696000000,14.2,14.37,13.52,13.82,294057,406908849.00000006,0.0,0,13.969999999999999,0
20180601,1527782400000,13.709999999999999,13.969999999999999,13.36,13.53,181066,247439810.0,0.0,0,13.82,0
20180604,1528041600000,13.66,13.9,13.38,13.81,159012,217997736.0,0.0,0,13.530000000000001,0
20180605,1528128000000,13.73,14.56,13.71,14.5,215669,307566555.00000006,0.0,0,13.81,0
20180606,1528214400000,14.4,14.57,14.22,14.39,125825,180943525.0,0.0,0,14.5,0
20180607,1528300800000,14.52,14.690000000000001,14.15,14.19,133890,192204772.00000003,0.0,0,14.39,0
20180608,1528387200000,14.19,14.21,13.58,13.88,152549,211242162.0,0.0,0,14.19,0
20180611,1528646400000,13.8,14.14,13.74,14.1,124460,173908501.00000003,0.0,0,13.88,0
20180612,1528732800000,14.08,14.23,13.63,14.120000000000001,152699,213190493.0,0.0,0,14.100000000000001,0
20180613,1528819200000,14.0,14.07,13.69,13.69,107369,148912391.00000003,0.0,0,14.12,0
20180614,1528905600000,13.69,13.97,13.58,13.7,105180,144957394.0,0.0,0,13.69,0
20180615,1528992000000,13.79,13.79,12.61,12.7,242352,314589693.0,0.0,0,13.7,0
20180619,1529337600000,12.4,12.620000000000001,11.57,12.040000000000001,215370,259410494.99999997,0.0,0,12.700000000000001,0
20180620,1529424000000,12.05,12.64,11.9,12.46,143398,176530445.0,0.0,0,12.040000000000001,0
20180621,1529510400000,12.3,12.379999999999999,11.76,12.16,153085,185704186.0,0.0,0,12.31,0
20180622,1529596800000,11.98,12.75,11.84,12.53,152369,190027668.0,0.0,0,12.16,0
20180625,1529856000000,12.7,12.86,12.5,12.53,124794,158193087.0,0.0,0,12.53,0
20180626,1529942400000,12.38,13.25,12.23,13.02,208234,268091486.0,0.0,0,12.530000000000001,0
20180627,1530028800000,13.05,13.15,12.870000000000001,13.05,113990,148109736.0,0.0,0,13.020000000000001,0
20180628,1530115200000,13.07,13.34,12.8,12.950000000000001,121509,158935944.99999997,0.0,0,13.05,0
20180629,1530201600000,12.950000000000001,13.64,12.950000000000001,13.590000000000002,187804,251221058.0,0.0,0,12.950000000000001,0
20180702,1530460800000,13.58,13.690000000000001,13.23,13.42,138479,186278025.0,0.0,0,13.59,0
20180703,1530547200000,13.42,13.95,13.24,13.86,166634,227127746.0,0.0,0,13.42,0
20180704,1530633600000,13.740000000000002,14.05,13.530000000000001,13.780000000000001,162072,223763600.0,0.0,0,13.860000000000001,0
20180705,1530720000000,13.69,13.950000000000001,13.4,13.46,112869,154759041.0,0.0,0,13.780000000000001,0
20180706,1530806400000,13.46,14.14,13.4,13.58,166704,229981584.0,0.0,0,13.46,0
20180709,1531065600000,13.75,14.14,13.67,14.07,149451,209322569.99999997,0.0,0,13.58,0
20180710,1531152000000,14.040000000000001,14.06,13.55,13.770000000000001,145303,199780598.0,0.0,0,14.07,0
20180711,1531238400000,13.42,13.600000000000001,12.55,12.930000000000001,199309,260348623.00000003,0.0,0,13.770000000000001,0
20180712,1531324800000,13.0,14.22,13.0,14.22,376236,525099478.0,0.0,0,12.93,0
20180713,1531411200000,14.06,14.29,13.93,14.08,231453,325913026.0,0.0,0,14.219999999999999,0
20180716,1531670400000,14.13,14.3,13.88,14.16,164539,232303943.0,0.0,0,14.08,0
20180717,1531756800000,14.229999999999999,14.299999999999999,13.86,14.25,168391,236840467.0,0.0,0,14.16,0
20180718,1531843200000,14.27,14.85,14.16,14.16,296531,431004795.0,0.0,0,14.25,0
20180719,1531929600000,14.0,14.340000000000002,13.88,13.940000000000001,160539,225829306.00000003,0.0,0,14.16,0
20180720,1532016000000,13.89,14.610000000000001,13.8,14.510000000000002,229150,328666007.0,0.0,0,13.940000000000001,0
20180723,1532275200000,14.58,15.6,14.58,15.14,326527,491432050.0,0.0,0,14.51,0
20180724,1532361600000,15.13,15.690000000000001,15.06,15.15,271859,417492363.00000006,0.0,0,15.14,0
20180725,1532448000000,15.45,15.78,15.11,15.399999999999999,225115,347330976.0,0.0,0,15.149999999999999,0
20180726,1532534400000,15.41,15.510000000000002,14.71,14.83,192145,286951999.0,0.0,0,15.4,0
20180727,1532620800000,14.73,15.06,14.540000000000001,14.770000000000001,121821,180853266.0,0.0,0,14.83,0
20180730,1532880000000,14.8,15.1,14.34,15.1,186162,274107555.0,0.0,0,14.77,0
20180731,1532966400000,15.05,15.05,14.33,14.43,177476,260149731.0,0.0,0,15.1,0
20180801,1533052800000,14.459999999999999,14.959999999999999,14.36,14.36,157191,230288336.00000003,0.0,0,14.43,0
20180802,1533139200000,14.36,14.48,13.51,13.97,197439,274051803.0,0.0,0,14.36,0
20180803,1533225600000,13.82,14.0,13.1,13.12,176474,237734279.0,0.0,0,13.969999999999999,0
20180806,1533484800000,13.200000000000001,13.420000000000002,12.88,13.14,129850,170723627.0,0.0,0,13.120000000000001,0
20180807,1533571200000,13.24,13.65,13.120000000000001,13.600000000000001,145942,196195251.0,0.0,0,13.14,0
20180808,1533657600000,13.55,13.56,13.200000000000001,13.410000000000002,115193,154172343.0,0.0,0,13.600000000000001,0
20180809,1533744000000,13.35,14.59,13.35,14.25,243121,341950386.0,0.0,0,13.41,0
20180810,1533830400000,14.2,14.58,14.1,14.51,167299,240635207.0,0.0,0,14.25,0
20180813,1534089600000,14.35,15.1,14.26,15.1,237934,351477514.00000006,0.0,0,14.51,0
20180814,1534176000000,15.0,15.08,14.71,14.8,154454,229034117.0,0.0,0,15.100000000000001,0
20180815,1534262400000,14.88,14.9,14.370000000000001,14.500000000000002,203724,297145342.0,0.0,0,14.8,0
20180816,1534348800000,14.25,15.040000000000001,14.06,14.620000000000001,230841,339264409.99999994,0.0,0,14.5,0
20180817,1534435200000,14.82,15.09,14.49,14.78,220684,326398655.00000006,0.0,0,14.620000000000001,0
20180820,1534694400000,14.6,15.48,14.4,15.450000000000001,351116,531812712.99999994,0.0,0,14.780000000000001,0
20180821,1534780800000,15.32,15.450000000000001,15.07,15.450000000000001,224732,343573589.0,0.0,0,15.450000000000001,0
20180822,1534867200000,15.27,15.43,14.73,14.77,222405,335019788.0,0.0,0,15.450000000000001,0
20180823,1534953600000,14.76,15.21,14.65,15.0,207917,312417738.0,0.0,0,14.77,0
20180824,1535040000000,14.91,15.22,14.58,14.69,167981,249883386.0,0.0,0,15.0,0
20180827,1535299200000,14.71,15.56,14.71,15.4,282162,430527750.0,0.0,0,14.690000000000001,0
20180828,1535385600000,15.31,15.58,15.24,15.35,171704,263638708.0,0.0,0,15.4,0
20180829,1535472000000,15.45,15.47,15.01,15.15,160967,244480294.0,0.0,0,15.35,0
20180830,1535558400000,15.19,15.3,14.76,14.89,145008,216758830.0,0.0,0,15.15,0
20180831,1535644800000,14.780000000000001,15.06,14.3,14.370000000000001,187647,276737866.0,0.0,0,14.89,0
20180903,1535904000000,14.350000000000001,14.74,13.88,14.66,181843,259566218.0,0.0,0,14.370000000000001,0
20180904,1535990400000,14.58,15.5,14.4,15.200000000000001,257428,384320229.00000006,0.0,0,14.66,0
20180905,1536076800000,15.09,15.33,14.8,14.84,198904,299863612.0,0.0,0,15.200000000000001,0
20180906,1536163200000,14.6,15.76,14.6,15.35,321709,492646854.0,0.0,0,14.84,0
20180907,1536249600000,15.4,15.76,14.68,14.81,355236,541571931.0,0.0,0,15.35,0
20180910,1536508800000,14.610000000000001,14.690000000000001,14.200000000000001,14.290000000000001,191176,275332636.0,0.0,0,14.81,0
20180911,1536595200000,14.26,14.639999999999999,14.19,14.469999999999999,125922,181754644.0,0.0,0,14.29,0
20180912,1536681600000,14.43,14.75,14.1,14.31,155490,224691029.0,0.0,0,14.469999999999999,0
20180913,1536768000000,14.5,14.66,14.08,14.6,178024,256378578.0,0.0,0,14.31,0
20180914,1536854400000,14.54,14.620000000000001,13.5,13.52,263444,368035553.0,0.0,0,14.6,0
20180917,1537113600000,13.17,13.58,13.15,13.3,119377,159283247.99999997,0.0,0,13.52,0
20180918,1537200000000,13.35,13.75,13.26,13.69,116890,158021667.00000003,0.0,0,13.299999999999999,0
20180919,1537286400000,13.59,13.98,13.48,13.68,126435,173803881.00000003,0.0,0,13.690000000000001,0
20180920,1537372800000,13.66,13.93,13.51,13.65,102012,140049265.0,0.0,0,13.68,0
20180921,1537459200000,13.68,13.83,13.4,13.76,111764,152776107.0,0.0,0,13.65,0
20180925,1537804800000,13.75,14.06,13.68,13.95,133579,186246131.0,0.0,0,13.76,0
20180926,1537891200000,14.08,14.08,13.81,14.0,112294,156753003.00000003,0.0,0,13.950000000000001,0
20180927,1537977600000,13.930000000000001,14.100000000000001,13.8,13.83,104564,145726175.0,0.0,0,14.0,0
20180928,1538064000000,13.750000000000002,13.760000000000002,12.450000000000001,12.450000000000001,454598,576020676.0000001,0.0,0,13.830000000000002,0
20181008,1538928000000,12.23,12.59,12.09,12.22,162204,199099967.0,0.0,0,12.45,0
20181009,1539014400000,12.26,12.39,11.75,12.21,155096,186986970.0,0.0,0,12.22,0
20181010,1539100800000,12.25,12.299999999999999,11.94,12.18,91354,111150325.0,0.0,0,12.209999999999999,0
20181011,1539187200000,11.69,11.91,11.0,11.18,156932,179844998.0,0.0,0,12.18,0
20181012,1539273600000,11.07,11.61,11.01,11.53,133934,151495437.99999997,0.0,0,11.18,0
20181015,1539532800000,11.610000000000001,11.770000000000001,11.46,11.530000000000001,74461,86328075.00000001,0.0,0,11.530000000000001,0
20181016,1539619200000,11.58,11.71,11.24,11.4,70815,81276858.0,0.0,0,11.53,0
20181017,1539705600000,11.57,11.92,11.43,11.77,156316,183183652.0,0.0,0,11.4,0
20181018,1539792000000,11.68,11.79,11.51,11.58,84225,98028983.0,0.0,0,11.77,0
20181019,1539878400000,11.4,12.15,11.26,12.02,157813,186978798.0,0.0,0,11.58,0
20181022,1540137600000,12.17,13.19,12.0,12.85,226717,287015142.0,0.0,0,12.02,0
20181023,1540224000000,12.790000000000001,12.88,12.41,12.48,123752,156045103.0,0.0,0,12.85,0
20181024,1540310400000,12.57,12.63,12.290000000000001,12.46,87357,108849670.00000001,0.0,0,12.48,0
20181025,1540396800000,11.95,12.36,11.84,12.22,109173,131258314.0,0.0,0,12.459999999999999,0
20181026,1540483200000,12.4,12.6,12.01,12.15,88556,108729765.00000001,0.0,0,12.22,0
20181029,1540742400000,12.14,12.31,11.9,12.1,63007,76458835.0,0.0,0,12.15,0
20181030,1540828800000,12.120000000000001,12.58,11.81,12.38,113459,138620652.99999997,0.0,0,12.1,0
20181031,1540915200000,12.31,12.56,12.200000000000001,12.370000000000001,97852,121351621.0,0.0,0,12.38,0
20181101,1541001600000,12.629999999999999,12.84,12.36,12.399999999999999,169962,215094899.00000003,0.0,0,12.37,0
20181102,1541088000000,12.66,13.07,12.55,12.850000000000001,189112,242046761.00000003,0.0,0,12.4,0
20181105,1541347200000,12.9,13.020000000000001,12.370000000000001,12.680000000000001,155637,197124227.00000003,0.0,0,12.850000000000001,0
20181106,1541433600000,12.590000000000002,12.600000000000001,12.290000000000001,12.440000000000001,81874,101440908.0,0.0,0,12.680000000000001,0
20181107,1541520000000,12.45,12.82,12.42,12.58,131102,165668663.0,0.0,0,12.44,0
20181108,1541606400000,12.700000000000001,12.76,12.4,12.41,74582,93569572.00000001,0.0,0,12.58,0
20181109,1541692800000,12.34,12.510000000000002,12.3,12.31,56747,70334518.0,0.0,0,12.41,0
20181112,1541952000000,12.32,13.370000000000001,12.280000000000001,13.240000000000002,258882,335264664.0,0.0,0,12.31,0
20181113,1542038400000,13.08,13.55,12.97,13.280000000000001,218944,291654615.00000006,0.0,0,13.24,0
20181114,1542124800000,13.33,13.55,12.97,13.09,157135,207920409.00000003,0.0,0,13.280000000000001,0
20181115,1542211200000,13.06,13.63,13.030000000000001,13.590000000000002,244887,326817924.0,0.0,0,13.090000000000002,0
20181116,1542297600000,13.5,13.8,13.38,13.63,227031,308858051.0,0.0,0,13.590000000000002,0
20181119,1542556800000,13.76,14.05,13.41,13.74,135429,185378694.0,0.0,0,13.63,0
20181120,1542643200000,13.5,13.74,13.0,13.12,155125,208052128.0,0.0,0,13.74,0
20181121,1542729600000,13.0,13.46,12.91,13.2,130554,172445511.0,0.0,0,13.120000000000001,0
20181122,1542816000000,13.29,13.36,13.09,13.19,86329,114178070.0,0.0,0,13.2,0
20181123,1542902400000,13.190000000000001,13.290000000000001,12.13,12.24,184177,230976747.0,0.0,0,13.190000000000001,0
20181126,1543161600000,12.280000000000001,12.370000000000001,11.96,12.0,118780,143636492.99999997,0.0,0,12.24,0
20181127,1543248000000,12.14,12.3,11.99,12.1,104766,127280412.0,0.0,0,12.0,0
20181128,1543334400000,12.1,12.25,11.85,12.219999999999999,109458,132553299.99999999,0.0,0,12.1,0
20181129,1543420800000,12.33,12.38,11.81,11.82,101363,122500071.0,0.0,0,12.22,0
20181130,1543507200000,11.790000000000001,12.09,11.72,12.07,76853,91429776.99999999,0.0,0,11.82,0
20181203,1543766400000,12.450000000000001,12.590000000000002,12.21,12.32,164509,204179697.00000003,0.0,0,12.07,0
20181204,1543852800000,12.32,12.35,12.16,12.3,79843,97832266.00000001,0.0,0,12.32,0
20181205,1543939200000,12.0,12.19,11.91,12.040000000000001,104705,126243349.0,0.0,0,12.3,0
20181206,1544025600000,12.06,12.06,11.700000000000001,11.750000000000002,101471,120294441.00000001,0.0,0,12.040000000000001,0
20181207,1544112000000,11.85,11.88,11.56,11.610000000000001,99000,115581908.0,0.0,0,11.75,0
20181210,1544371200000,11.5,11.700000000000001,11.48,11.64,64914,75303429.0,0.0,0,11.610000000000001,0
20181211,1544457600000,11.760000000000002,11.8,11.540000000000001,11.700000000000001,59083,69039854.00000001,0.0,0,11.64,0
20181212,1544544000000,11.770000000000001,11.790000000000001,11.63,11.74,50169,58740788.99999999,0.0,0,11.700000000000001,0
20181213,1544630400000,11.75,12.07,11.6,11.98,111276,132514482.0,0.0,0,11.74,0
20181214,1544716800000,11.93,11.969999999999999,11.53,11.559999999999999,91045,106724293.0,0.0,0,11.979999999999999,0
20181217,1544976000000,11.52,11.85,11.51,11.75,69299,81071403.0,0.0,0,11.56,0
20181218,1545062400000,11.74,11.9,11.65,11.88,66675,78736630.0,0.0,0,11.75,0
20181219,1545148800000,11.889999999999999,11.889999999999999,11.6,11.73,52043,61188848.00000001,0.0,0,11.879999999999999,0
20181220,1545235200000,11.63,11.870000000000001,11.63,11.8,48697,57327428.0,0.0,0,11.73,0
20181221,1545321600000,11.69,11.86,11.6,11.73,63296,74398911.0,0.0,0,11.799999999999999,0
20181224,1545580800000,11.65,11.91,11.65,11.9,61345,72554819.00000001,0.0,0,11.73,0
20181225,1545667200000,11.780000000000001,11.850000000000001,11.38,11.73,86318,100023046.00000001,0.0,0,11.9,0
20181226,1545753600000,11.67,11.780000000000001,11.56,11.58,45952,53544825.0,0.0,0,11.73,0
20181227,1545840000000,11.77,11.82,11.28,11.29,76067,87867985.0,0.0,0,11.58,0
20181228,1545926400000,11.29,11.43,11.02,11.04,77056,86408719.0,0.0,0,11.29,0
20190102,1546358400000,11.1,11.15,10.92,11.04,64481,71194748.00000001,0.0,0,11.04,0
20190103,1546444800000,11.07,11.290000000000001,10.71,10.73,104252,114319371.0,0.0,0,11.040000000000001,0
20190104,1546531200000,10.73,11.34,10.73,11.290000000000001,126163,139850558.0,0.0,0,10.73,0
20190107,1546790400000,11.31,11.7,11.25,11.6,134004,154530774.0,0.0,0,11.29,0
20190108,1546876800000,11.58,11.67,11.48,11.6,80724,93511905.0,0.0,0,11.6,0
20190109,1546963200000,11.59,11.75,11.44,11.479999999999999,89002,103447822.0,0.0,0,11.6,0
20190110,1547049600000,11.55,11.55,11.32,11.36,60599,69411706.00000001,0.0,0,11.48,0
20190111,1547136000000,11.540000000000001,11.65,11.4,11.610000000000001,84111,97086847.0,0.0,0,11.360000000000001,0
20190114,1547395200000,11.68,11.700000000000001,11.06,11.200000000000001,97071,109948617.0,0.0,0,11.610000000000001,0
20190115,1547481600000,11.2,11.49,11.1,11.44,103283,116848695.0,0.0,0,11.2,0
20190116,1547568000000,11.88,12.16,11.63,11.65,284617,338828538.0,0.0,0,11.440000000000001,0
20190117,1547654400000,11.61,11.9,11.5,11.76,141438,165844401.0,0.0,0,11.65,0
20190118,1547740800000,11.68,11.78,11.49,11.61,118565,137490616.0,0.0,0,11.76,0
20190121,1548000000000,11.610000000000001,11.64,11.4,11.48,99501,114253766.0,0.0,0,11.610000000000001,0
20190122,1548086400000,11.48,11.51,10.92,10.99,184445,204302922.00000003,0.0,0,11.48,0
20190123,1548172800000,11.03,11.03,10.78,11.0,91798,100008494.0,0.0,0,10.99,0
20190124,1548259200000,11.05,11.190000000000001,10.88,11.05,96765,107063806.0,0.0,0,11.0,0
20190125,1548345600000,11.049999999999999,11.1,10.77,10.809999999999999,112360,122154255.00000001,0.0,0,11.049999999999999,0
20190128,1548604800000,10.91,11.15,10.89,10.99,114235,125857797.00000001,0.0,0,10.81,0
20190129,1548691200000,10.89,10.950000000000001,10.55,10.790000000000001,102442,109840952.00000001,0.0,0,10.99,0
20190130,1548777600000,10.700000000000001,10.71,9.71,9.71,165669,167930510.0,0.0,0,10.790000000000001,0
20190131,1548864000000,9.61,9.7,8.91,9.07,271274,249091731.0,0.0,0,9.71,0
20190201,1548950400000,9.149999999999999,9.33,9.11,9.309999999999999,141488,130237904.0,0.0,0,9.07,0
20190211,1549814400000,9.389999999999999,10.24,9.35,10.24,244148,241342385.0,0.0,0,9.31,0
20190212,1549900800000,10.22,10.43,10.14,10.3,209622,215238635.00000003,0.0,0,10.24,0
20190213,1549987200000,10.290000000000001,11.18,10.22,11.010000000000002,321334,347728247.0,0.0,0,10.3,0
20190214,1550073600000,11.23,11.56,10.91,11.33,292067,329120560.0,0.0,0,11.01,0
20190215,1550160000000,11.39,12.31,11.290000000000001,11.88,371834,440321508.00000006,0.0,0,11.33,0
20190218,1550419200000,12.01,12.270000000000001,11.72,12.180000000000001,302630,364540627.00000006,0.0,0,11.88,0
20190219,1550505600000,12.200000000000001,13.180000000000001,12.200000000000001,12.510000000000002,363155,459458814.00000006,0.0,0,12.180000000000001,0
20190220,1550592000000,12.41,12.65,12.26,12.45,221772,275498856.0,0.0,0,12.51,0
20190221,1550678400000,12.5,12.92,12.42,12.68,297206,376488840.0,0.0,0,12.45,0
20190222,1550764800000,12.49,13.850000000000001,12.46,13.840000000000002,419726,553807734.0,0.0,0,12.680000000000001,0
20190225,1551024000000,15.22,15.22,14.66,15.22,471610,714766502.0000001,0.0,0,13.84,0
20190226,1551110400000,16.08,16.2,13.85,14.68,872625,1334842312.0,0.0,0,15.219999999999999,0
20190227,1551196800000,14.51,15.07,13.41,13.95,687010,984102939.0000001,0.0,0,14.68,0
20190228,1551283200000,13.88,14.110000000000001,13.530000000000001,13.910000000000002,315854,437638998.0,0.0,0,13.950000000000001,0
20190301,1551369600000,13.98,15.03,13.92,14.76,511890,742243169.0000001,0.0,0,13.91,0
20190304,1551628800000,15.020000000000001,16.1,14.97,15.3,606699,935280670.0,0.0,0,14.76,0
20190305,1551715200000,15.120000000000001,16.5,14.9,16.330000000000002,539356,859384258.0,0.0,0,15.3,0
20190306,1551801600000,16.35,16.830000000000002,15.950000000000001,16.55,563506,924772513.0,0.0,0,16.330000000000002,0
20190307,1551888000000,16.4,16.96,15.9,16.27,579409,947246799.0,0.0,0,16.55,0
20190308,1551974400000,15.450000000000001,15.97,14.64,14.64,589720,902902091.0,0.0,0,16.27,0
20190311,1552233600000,15.0,16.0,14.3,15.83,603722,916970579.0000001,0.0,0,14.64,0
20190312,1552320000000,15.860000000000001,16.66,15.31,15.82,558665,893571306.0,0.0,0,15.83,0
20190313,1552406400000,15.83,15.85,14.57,14.86,400651,608142011.0,0.0,0,15.82,0
20190314,1552492800000,14.610000000000001,15.110000000000001,14.030000000000001,15.110000000000001,348135,509917681.99999994,0.0,0,14.860000000000001,0
20190315,1552579200000,15.090000000000002,15.200000000000001,14.280000000000001,14.660000000000002,305647,450592299.00000006,0.0,0,15.110000000000001,0
20190318,1552838400000,14.56,14.82,13.99,14.73,255323,367913516.0,0.0,0,14.66,0
20190319,1552924800000,14.610000000000001,15.250000000000002,14.450000000000001,14.750000000000002,310379,461839375.0,0.0,0,14.73,0
20190320,1553011200000,14.89,15.09,14.24,14.6,231883,338800326.0,0.0,0,14.75,0
20190321,1553097600000,14.680000000000001,15.3,14.370000000000001,14.99,499231,745889231.0,0.0,0,14.600000000000001,0
20190322,1553184000000,14.9,14.9,14.18,14.469999999999999,420728,606148407.0,0.0,0,14.99,0
20190325,1553443200000,14.129999999999999,14.45,14.02,14.07,253655,361478027.00000006,0.0,0,14.469999999999999,0
20190326,1553529600000,14.250000000000002,14.55,14.040000000000001,14.100000000000001,252244,360260707.0,0.0,0,14.07,0
20190327,1553616000000,14.11,14.26,13.6,14.08,233693,324331140.99999994,0.0,0,14.1,0
20190328,1553702400000,13.86,14.33,13.75,13.89,225163,315721127.0,0.0,0,14.08,0
20190329,1553788800000,14.08,14.98,13.89,14.82,425496,618250844.0,0.0,0,13.89,0
20190401,1554048000000,15.4,15.75,15.08,15.49,636364,979242926.0,0.0,0,14.82,0
20190402,1554134400000,15.8,16.92,15.55,15.84,732405,1188449302.0000002,0.0,0,15.49,0
20190403,1554220800000,15.66,16.36,15.51,15.81,444840,707970794.0000001,0.0,0,15.84,0
20190404,1554307200000,15.850000000000001,15.97,15.06,15.25,483255,739069040.0000001,0.0,0,15.81,0
20190408,1554652800000,15.3,15.57,14.3,14.88,478088,713281634.0,0.0,0,15.25,0
20190409,1554739200000,14.59,15.3,14.51,15.04,336326,504756688.0,0.0,0,14.879999999999999,0
20190410,1554825600000,14.799999999999999,14.879999999999999,14.44,14.53,292496,427340173.0,0.0,0,15.04,0
20190411,1554912000000,14.59,14.770000000000001,14.3,14.38,233177,338162023.0,0.0,0,14.530000000000001,0
20190412,1554998400000,14.24,14.64,14.18,14.42,188052,271045830.0,0.0,0,14.379999999999999,0
20190415,1555257600000,14.700000000000001,14.85,14.07,14.08,208951,303229359.00000006,0.0,0,14.42,0
20190416,1555344000000,14.01,14.94,13.92,14.93,304055,442551449.0,0.0,0,14.08,0
20190417,1555430400000,14.93,15.16,14.56,14.71,217268,322096182.0,0.0,0,14.93,0
20190418,1555516800000,14.540000000000001,14.76,14.33,14.38,162155,235689800.0,0.0,0,14.71,0
20190419,1555603200000,14.36,14.87,14.36,14.74,172612,252983765.00000003,0.0,0,14.379999999999999,0
20190422,1555862400000,14.860000000000001,14.860000000000001,14.280000000000001,14.340000000000002,166238,240624867.0,0.0,0,14.740000000000002,0
20190423,1555948800000,14.31,14.53,14.01,14.26,137623,196005188.0,0.0,0,14.34,0
20190424,1556035200000,14.26,14.68,14.1,14.59,169588,244967040.0,0.0,0,14.26,0
20190425,1556121600000,14.410000000000002,14.440000000000001,13.280000000000001,13.440000000000001,261238,364859880.00000006,0.0,0,14.590000000000002,0
20190426,1556208000000,13.41,13.780000000000001,13.3,13.450000000000001,164711,223296033.00000003,0.0,0,13.440000000000001,0
20190429,1556467200000,13.39,13.590000000000002,12.46,12.770000000000001,231248,299064607.0,0.0,0,13.450000000000001,0
20190430,1556553600000,12.870000000000001,13.14,12.65,13.09,142587,184638023.00000003,0.0,0,12.77,0
20190506,1557072000000,12.24,12.62,11.78,11.78,223867,270109389.0,0.0,0,13.09,0
20190507,1557158400000,11.88,11.97,11.4,11.74,139044,162807538.0,0.0,0,11.780000000000001,0
20190508,1557244800000,11.45,12.07,11.36,11.799999999999999,125726,148300846.0,0.0,0,11.74,0
20190509,1557331200000,11.78,11.92,11.67,11.72,118479,139527549.0,0.0,0,11.8,0
20190510,1557417600000,11.879999999999999,12.39,11.6,12.39,209276,253560490.0,0.0,0,11.719999999999999,0
20190513,1557676800000,12.200000000000001,12.38,11.97,12.16,110629,134869841.0,0.0,0,12.39,0
20190514,1557763200000,12.01,12.35,12.01,12.06,118269,144106179.0,0.0,0,12.16,0
20190515,1557849600000,12.2,12.28,12.08,12.22,132013,160818105.00000003,0.0,0,12.06,0
20190516,1557936000000,12.16,12.190000000000001,11.96,12.100000000000001,119392,144099375.00000003,0.0,0,12.22,0
20190517,1558022400000,12.09,12.28,11.34,11.39,238565,278913308.0,0.0,0,12.1,0
20190520,1558281600000,11.42,11.55,11.16,11.47,177258,201009903.0,0.0,0,11.39,0
20190521,1558368000000,11.4,11.76,11.31,11.620000000000001,154933,179272431.99999997,0.0,0,11.47,0
20190522,1558454400000,11.56,11.950000000000001,11.56,11.76,144265,169467402.0,0.0,0,11.620000000000001,0
20190523,1558540800000,11.86,11.86,11.42,11.5,107285,124364703.99999999,0.0,0,11.76,0
20190524,1558627200000,11.379999999999999,11.61,11.36,11.559999999999999,84980,97790878.00000001,0.0,0,11.5,0
20190527,1558886400000,11.64,11.940000000000001,11.48,11.93,162481,191273558.0,0.0,0,11.56,0
20190528,1558972800000,11.950000000000001,11.99,11.73,11.780000000000001,129530,153736953.0,0.0,0,11.93,0
20190529,1559059200000,11.709999999999999,11.81,11.6,11.61,106423,124425522.0,0.0,0,11.78,0
20190530,1559145600000,11.58,11.58,11.23,11.41,102525,116380297.0,0.0,0,11.610000000000001,0
20190531,1559232000000,11.38,11.540000000000001,11.290000000000001,11.32,74311,84786144.0,0.0,0,11.41,0
20190603,1559491200000,11.32,11.49,11.16,11.19,89575,100986323.0,0.0,0,11.32,0
20190604,1559577600000,11.14,11.18,10.98,11.08,73697,81677075.0,0.0,0,11.09,0
20190605,1559664000000,11.23,11.430000000000001,11.22,11.25,106341,120281507.00000001,0.0,0,11.08,0
20190606,1559750400000,11.3,11.36,11.08,11.12,73191,82017279.0,0.0,0,11.25,0
20190610,1560096000000,11.15,11.24,10.97,11.21,77791,86635098.99999999,0.0,0,11.120000000000001,0
20190611,1560182400000,11.18,11.76,11.15,11.71,168617,194618603.00000003,0.0,0,11.21,0
20190612,1560268800000,11.71,11.74,11.41,11.48,137695,158895122.00000003,0.0,0,11.71,0
20190613,1560355200000,11.5,11.68,11.43,11.54,113379,131159904.0,0.0,0,11.48,0
20190614,1560441600000,11.57,11.620000000000001,11.08,11.11,128692,145315014.00000003,0.0,0,11.540000000000001,0
20190617,1560700800000,11.08,11.209999999999999,11.02,11.129999999999999,61733,68542914.0,0.0,0,11.11,0
20190618,1560787200000,11.14,11.270000000000001,11.05,11.200000000000001,63102,70496583.0,0.0,0,11.13,0
20190619,1560873600000,11.78,11.83,11.28,11.299999999999999,133956,153983632.0,0.0,0,11.2,0
20190620,1560960000000,11.280000000000001,11.990000000000002,11.200000000000001,11.73,258662,301451226.99999994,0.0,0,11.3,0
20190621,1561046400000,11.940000000000001,12.39,11.71,12.370000000000001,360661,437600566.0,0.0,0,11.73,0
20190624,1561305600000,12.48,12.52,11.99,12.08,221390,270046645.0,0.0,0,12.370000000000001,0
20190625,1561392000000,11.99,12.05,11.620000000000001,11.860000000000001,167267,197579256.0,0.0,0,12.080000000000002,0
20190626,1561478400000,11.75,11.91,11.63,11.71,122114,143803376.0,0.0,0,11.860000000000001,0
20190627,1561564800000,11.8,11.97,11.71,11.770000000000001,150794,178546380.00000003,0.0,0,11.71,0
20190628,1561651200000,11.7,11.7,11.28,11.319999999999999,157553,179655929.0,0.0,0,11.77,0
20190701,1561910400000,11.639999999999999,11.79,11.52,11.79,161888,189177500.00000003,0.0,0,11.32,0
20190702,1561996800000,11.73,11.790000000000001,11.55,11.600000000000001,113974,132651952.0,0.0,0,11.790000000000001,0
20190703,1562083200000,11.6,11.62,11.33,11.36,98782,112565193.00000001,0.0,0,11.6,0
20190704,1562169600000,11.420000000000002,11.430000000000001,11.21,11.290000000000001,83216,94022817.99999999,0.0,0,11.360000000000001,0
20190705,1562256000000,11.299999999999999,11.44,11.27,11.389999999999999,63457,72114356.0,0.0,0,11.29,0
20190708,1562515200000,11.340000000000002,11.350000000000001,10.620000000000001,10.74,134826,147352293.0,0.0,0,11.39,0
20190709,1562601600000,10.75,10.82,10.46,10.680000000000001,98063,104250177.0,0.0,0,10.74,0
20190710,1562688000000,10.68,10.73,10.48,10.52,61582,65380431.00000001,0.0,0,10.68,0
20190711,1562774400000,10.639999999999999,10.76,10.52,10.6,57195,60786422.00000001,0.0,0,10.52,0
20190712,1562860800000,10.63,10.670000000000002,10.450000000000001,10.590000000000002,50361,53351215.0,0.0,0,10.600000000000001,0
20190715,1563120000000,10.59,11.24,10.44,11.04,146685,160021349.00000003,0.0,0,10.59,0
20190716,1563206400000,10.94,11.09,10.9,10.94,65559,71879939.0,0.0,0,11.040000000000001,0
20190717,1563292800000,10.94,11.08,10.91,10.94,71653,78808886.0,0.0,0,10.94,0
20190718,1563379200000,10.83,10.83,10.6,10.6,76085,81185151.0,0.0,0,10.94,0
20190719,1563465600000,10.61,10.87,10.61,10.68,71871,77230985.0,0.0,0,10.6,0
20190722,1563724800000,10.66,10.74,10.28,10.389999999999999,102150,106554313.0,0.0,0,10.68,0
20190723,1563811200000,10.44,10.55,10.4,10.530000000000001,49203,51621121.0,0.0,0,10.39,0
20190724,1563897600000,10.540000000000001,10.89,10.540000000000001,10.73,95329,102474949.99999999,0.0,0,10.530000000000001,0
20190725,1563984000000,10.78,10.879999999999999,10.69,10.74,75269,81040352.0,0.0,0,10.729999999999999,0
20190726,1564070400000,10.72,10.770000000000001,10.64,10.72,52751,56463698.0,0.0,0,10.74,0
20190729,1564329600000,10.700000000000001,10.82,10.56,10.620000000000001,74226,79087051.0,0.0,0,10.72,0
20190730,1564416000000,10.670000000000002,11.090000000000002,10.620000000000001,10.9,150506,164317573.0,0.0,0,10.620000000000001,0
20190731,1564502400000,10.88,10.9,10.700000000000001,10.72,83564,90069704.0,0.0,0,10.9,0
20190801,1564588800000,10.66,10.790000000000001,10.620000000000001,10.73,70170,75040346.0,0.0,0,10.72,0
20190802,1564675200000,10.35,10.530000000000001,10.32,10.42,100691,104934288.0,0.0,0,10.73,0
20190805,1564934400000,10.35,10.62,10.17,10.2,110730,114662887.0,0.0,0,10.42,0
20190806,1565020800000,9.95,10.07,9.67,9.91,140307,138196219.0,0.0,0,10.2,0
20190807,1565107200000,9.97,10.05,9.72,9.73,81805,80722248.00000001,0.0,0,9.91,0
20190808,1565193600000,9.76,9.92,9.76,9.82,63546,62622704.00000001,0.0,15,9.73,0
20190809,1565280000000,9.88,9.98,9.63,9.860000000000001,94024,92419790.0,0.0,15,9.82,0
20190812,1565539200000,9.91,10.219999999999999,9.85,10.209999999999999,106458,106751003.0,0.0,15,9.86,0
20190813,1565625600000,10.05,10.13,9.92,9.95,73570,73598789.00000001,0.0,15,10.209999999999999,0
20190814,1565712000000,10.13,10.25,9.96,9.99,84203,85017187.99999999,0.0,15,9.950000000000001,0
20190815,1565798400000,9.77,10.15,9.69,10.12,97430,96802522.00000001,0.0,15,9.99,0
20190816,1565884800000,10.12,10.309999999999999,10.02,10.17,108953,111048387.0,0.0,15,10.12,0
20190819,1566144000000,10.73,11.190000000000001,10.56,11.190000000000001,316690,345427567.0,0.0,15,10.17,0
20190820,1566230400000,12.31,12.31,11.33,11.4,684941,819065058.0,0.0,15,11.19,0
20190821,1566316800000,11.5,11.67,11.26,11.379999999999999,546103,625984329.9999999,0.0,15,11.4,0
20190822,1566403200000,11.389999999999999,11.85,11.36,11.68,439248,509173328.00000006,0.0,15,11.379999999999999,0
20190823,1566489600000,12.010000000000002,12.47,11.620000000000001,11.680000000000001,512215,616158600.0,0.0,15,11.680000000000001,0
20190826,1566748800000,10.78,11.229999999999999,10.78,11.069999999999999,349488,385199868.00000006,0.0,15,11.68,0
20190827,1566835200000,11.23,11.61,11.01,11.25,325030,366980597.0,0.0,15,11.07,0
20190828,1566921600000,11.22,11.38,11.14,11.14,222603,250398840.0,0.0,15,11.25,0
20190829,1567008000000,11.09,11.34,11.03,11.17,215289,241383734.0,0.0,15,11.139999999999999,0
20190830,1567094400000,11.34,11.55,10.75,10.85,254788,283195649.0,0.0,15,11.17,0
20190902,1567353600000,10.93,11.32,10.85,11.23,211145,235249553.0,0.0,15,10.85,0
20190903,1567440000000,11.299999999999999,11.32,11.1,11.29,191336,214757902.00000003,0.0,15,11.23,0
20190904,1567526400000,11.24,11.38,11.17,11.38,199381,224973576.0,0.0,15,11.29,0
20190905,1567612800000,11.6,12.4,11.6,12.1,589488,709295346.0,0.0,15,11.379999999999999,0
20190906,1567699200000,12.3,12.4,11.73,11.89,351282,419672393.00000006,0.0,15,12.1,0
20190909,1567958400000,11.99,13.08,11.81,12.75,788083,991199766.0,0.0,15,11.89,0
20190910,1568044800000,12.58,13.47,12.55,13.0,778057,1009234019.9999999,0.0,15,12.75,0
20190911,1568131200000,12.98,13.14,12.700000000000001,12.770000000000001,390095,501245088.0,0.0,15,13.000000000000002,0
20190912,1568217600000,12.780000000000001,12.940000000000001,12.63,12.770000000000001,264543,338790649.0,0.0,15,12.770000000000001,0
20190916,1568563200000,13.01,13.469999999999999,12.85,12.959999999999999,451812,595051744.0,0.0,15,12.77,0
20190917,1568649600000,12.8,12.84,12.33,12.47,332343,417148539.00000006,0.0,15,12.96,0
20190918,1568736000000,12.549999999999999,12.56,12.18,12.219999999999999,249662,307559722.0,0.0,15,12.469999999999999,0
20190919,1568822400000,12.290000000000001,12.49,12.15,12.44,193446,238488381.00000003,0.0,15,12.22,0
20190920,1568908800000,12.4,12.48,12.09,12.25,219474,268885823.0,0.0,15,12.44,0
20190923,1569168000000,12.170000000000002,12.450000000000001,11.950000000000001,12.39,249864,306458891.0,0.0,15,12.250000000000002,0
20190924,1569254400000,12.290000000000001,12.73,12.15,12.4,322225,402307603.0,0.0,15,12.39,0
20190925,1569340800000,12.21,13.040000000000001,12.120000000000001,12.770000000000001,510081,644900204.0,0.0,15,12.4,0
20190926,1569427200000,12.6,12.64,11.49,11.49,516272,616253207.0,0.0,15,12.77,0
20190927,1569513600000,11.379999999999999,11.68,11.26,11.45,213087,245120980.99999997,0.0,15,11.49,0
20190930,1569772800000,11.47,11.580000000000002,11.200000000000001,11.200000000000001,144411,164853438.00000003,0.0,15,11.450000000000001,0
20191008,1570464000000,11.290000000000001,11.540000000000001,11.22,11.280000000000001,114949,130795301.0,0.0,15,11.200000000000001,0
20191009,1570550400000,11.21,11.48,10.9,11.47,127333,143266399.0,0.0,15,11.280000000000001,0
20191010,1570636800000,11.47,11.940000000000001,11.4,11.8,234365,274268849.00000006,0.0,15,11.47,0
20191011,1570723200000,11.82,12.13,11.63,11.82,265777,315792814.0,0.0,15,11.8,0
20191014,1570982400000,12.01,12.370000000000001,11.9,12.110000000000001,272700,331144529.0,0.0,15,11.82,0
20191015,1571068800000,12.05,12.080000000000002,11.700000000000001,11.790000000000001,188647,223699949.0,0.0,15,12.110000000000001,0
20191016,1571155200000,11.91,12.06,11.72,11.790000000000001,147767,175859596.0,0.0,15,11.790000000000001,0
20191017,1571241600000,11.879999999999999,12.04,11.77,12.01,160263,190836945.00000003,0.0,15,11.79,0
20191018,1571328000000,12.0,12.05,11.4,11.5,210366,245394232.0,0.0,15,12.01,0
20191021,1571587200000,11.5,11.5,11.18,11.4,121880,138347168.99999997,0.0,15,11.5,0
20191022,1571673600000,11.41,11.66,11.38,11.57,118245,136340005.0,0.0,15,11.4,0
20191023,1571760000000,11.56,11.87,11.5,11.57,163739,191235887.0,0.0,15,11.57,0
20191024,1571846400000,11.42,12.09,11.38,11.930000000000001,275625,324250766.0,0.0,15,11.57,0
20191025,1571932800000,11.88,12.040000000000001,11.8,11.99,219352,261977601.0,0.0,15,11.930000000000001,0
20191028,1572192000000,13.19,13.19,13.19,13.19,112415,148276374.0,0.0,15,11.99,0
20191029,1572278400000,13.450000000000001,14.13,12.88,13.0,1044312,1428680132.0,0.0,15,13.190000000000001,0
20191030,1572364800000,12.74,13.280000000000001,12.38,12.780000000000001,524784,672908470.0,0.0,15,13.0,0
20191031,1572451200000,12.65,12.790000000000001,12.05,12.120000000000001,382281,473259561.0,0.0,15,12.780000000000001,0
20191101,1572537600000,12.07,12.37,12.0,12.19,245990,300534676.0,0.0,15,12.12,0
20191104,1572796800000,12.32,12.46,12.040000000000001,12.08,256687,315468484.0,0.0,15,12.190000000000001,0
20191105,1572883200000,12.1,12.27,11.91,12.18,240405,291687114.0,0.0,15,12.08,0
20191106,1572969600000,12.090000000000002,12.110000000000001,11.700000000000001,11.8,241825,286985632.0,0.0,15,12.180000000000001,0
20191107,1573056000000,11.83,12.25,11.77,12.23,284244,343911475.0,0.0,15,11.799999999999999,0
20191108,1573142400000,12.290000000000001,12.32,11.82,11.91,265576,321598105.00000006,0.0,15,12.23,0
20191111,1573401600000,11.78,11.78,11.36,11.42,213501,246908844.00000003,0.0,15,11.91,0
20191112,1573488000000,11.43,11.55,11.25,11.53,148092,169043222.0,0.0,15,11.42,0
20191113,1573574400000,11.48,11.48,11.200000000000001,11.340000000000002,137428,155394483.0,0.0,15,11.530000000000001,0
20191114,1573660800000,11.270000000000001,11.4,11.200000000000001,11.31,132074,149352317.0,0.0,15,11.340000000000002,0
20191115,1573747200000,11.260000000000002,11.290000000000001,10.96,10.97,175908,194953106.0,0.0,15,11.31,0
20191118,1574006400000,11.020000000000001,11.190000000000001,10.950000000000001,11.120000000000001,90874,100766544.0,0.0,15,10.97,0
20191119,1574092800000,11.08,11.37,11.08,11.31,142168,160241911.0,0.0,15,11.12,0
20191120,1574179200000,11.31,11.4,11.08,11.12,143675,161520503.0,0.0,15,11.31,0
20191121,1574265600000,11.02,11.25,11.01,11.23,87535,97475281.00000001,0.0,15,11.12,0
20191122,1574352000000,11.250000000000002,11.330000000000002,10.950000000000001,11.000000000000002,136113,151254264.0,0.0,15,11.23,0
20191125,1574611200000,11.020000000000001,11.05,10.63,10.72,117634,126337250.0,0.0,15,11.0,0
20191126,1574697600000,10.72,10.8,10.620000000000001,10.65,85504,91484189.99999999,0.0,15,10.72,0
20191127,1574784000000,10.649999999999999,10.719999999999999,10.53,10.559999999999999,101074,107515560.0,0.0,15,10.649999999999999,0
20191128,1574870400000,10.56,10.63,10.46,10.57,88421,93234596.00000001,0.0,15,10.56,0
20191129,1574956800000,10.57,10.69,10.51,10.66,72549,77012720.0,0.0,15,10.57,0
20191202,1575216000000,10.69,10.83,10.66,10.69,89173,95806022.0,0.0,15,10.66,0
20191203,1575302400000,10.62,10.8,10.5,10.8,69916,74471603.0,0.0,15,10.69,0
20191204,1575388800000,10.709999999999999,10.89,10.67,10.86,78397,84771027.00000001,0.0,15,10.8,0
20191205,1575475200000,10.92,11.08,10.83,11.01,126815,139294865.0,0.0,15,10.86,0
20191206,1575561600000,11.04,11.05,10.84,10.98,106874,116894820.0,0.0,15,11.01,0
20191209,1575820800000,10.98,11.100000000000001,10.950000000000001,11.07,111751,123493621.0,0.0,15,10.98,0
20191210,1575907200000,11.010000000000002,11.15,10.870000000000001,11.100000000000001,148015,162912965.0,0.0,15,11.07,0
20191211,1575993600000,11.04,11.16,10.94,10.95,132574,146251709.0,0.0,15,11.1,0
20191212,1576080000000,10.96,11.13,10.89,10.99,151891,167297283.0,0.0,15,10.950000000000001,0
20191213,1576166400000,11.120000000000001,11.5,11.06,11.47,324443,368163444.0,0.0,15,10.99,0
20191216,1576425600000,11.500000000000002,11.700000000000001,11.370000000000001,11.64,267484,308536779.0,0.0,15,11.47,0
20191217,1576512000000,11.62,12.059999999999999,11.53,11.799999999999999,344407,406852303.0,0.0,15,11.639999999999999,0
20191218,1576598400000,11.770000000000001,11.950000000000001,11.71,11.8,219467,259404426.0,0.0,15,11.8,0
20191219,1576684800000,11.79,11.91,11.69,11.85,160922,190177415.0,0.0,15,11.799999999999999,0
20191220,1576771200000,11.9,11.93,11.57,11.59,177179,207799574.0,0.0,15,11.85,0
20191223,1577030400000,11.58,11.61,11.18,11.2,182686,207861678.00000003,0.0,15,11.59,0
20191224,1577116800000,11.31,11.32,11.17,11.28,142847,160776231.0,0.0,15,11.2,0
20191225,1577203200000,11.3,11.75,11.25,11.68,261689,302494092.0,0.0,15,11.28,0
20191226,1577289600000,11.61,11.7,11.43,11.68,165530,191153085.0,0.0,15,11.68,0
20191227,1577376000000,11.670000000000002,11.72,11.200000000000001,11.290000000000001,215780,248253390.00000003,0.0,15,11.680000000000001,0
20191230,1577635200000,11.17,11.37,10.86,11.309999999999999,201313,223977400.00000003,0.0,15,11.29,0
20191231,1577721600000,11.299999999999999,11.77,11.26,11.49,261227,302025957.0,0.0,15,11.31,0
20200102,1577894400000,11.56,12.030000000000001,11.56,11.950000000000001,379234,449464512.00000006,0.0,15,11.49,0
20200103,1577980800000,11.9,12.23,11.8,11.97,302117,361504226.0,0.0,15,11.950000000000001,0
20200106,1578240000000,11.96,12.23,11.75,12.07,341302,410012368.0,0.0,15,11.97,0
20200107,1578326400000,12.07,12.860000000000001,11.96,12.57,568402,705138195.0,0.0,15,12.07,0
20200108,1578412800000,12.38,12.420000000000002,12.040000000000001,12.07,399622,489495477.0,0.0,15,12.57,0
20200109,1578499200000,12.28,12.64,12.25,12.35,391215,485761189.0,0.0,15,12.07,0
20200110,1578585600000,12.5,12.51,12.09,12.35,261076,321086274.0,0.0,15,12.35,0
20200113,1578844800000,12.250000000000002,12.440000000000001,12.120000000000001,12.440000000000001,244558,300940990.0,0.0,15,12.350000000000001,0
20200114,1578931200000,12.49,12.54,12.19,12.209999999999999,227825,280922766.0,0.0,15,12.44,0
20200115,1579017600000,12.22,12.450000000000001,12.15,12.38,249117,307134390.0,0.0,15,12.21,0
20200116,1579104000000,12.32,12.42,12.17,12.19,184787,226900071.0,0.0,15,12.38,0
20200117,1579190400000,12.25,12.54,12.18,12.23,234525,289533386.0,0.0,15,12.19,0
20200120,1579449600000,12.2,12.47,12.01,12.45,255063,313947245.0,0.0,15,12.23,0
20200121,1579536000000,12.4,12.58,12.23,12.25,226402,280300323.0,0.0,15,12.450000000000001,0
20200122,1579622400000,12.12,12.629999999999999,12.01,12.55,304852,376836005.0,0.0,15,12.25,0
20200123,1579708800000,12.46,12.46,11.41,11.73,365324,437847497.0,0.0,15,12.55,0
20200203,1580659200000,10.56,10.56,10.56,10.56,22262,23508672.0,0.0,15,11.73,0
20200204,1580745600000,9.51,10.379999999999999,9.51,10.12,341150,344184642.0,0.0,15,10.56,0
20200205,1580832000000,10.219999999999999,10.54,10.11,10.26,241231,249428593.0,0.0,15,10.12,0
20200206,1580918400000,10.26,10.59,10.19,10.549999999999999,281221,293066812.0,0.0,15,10.26,0
20200207,1581004800000,10.48,10.97,10.46,10.940000000000001,272164,293495492.0,0.0,15,10.55,0
20200210,1581264000000,10.9,11.23,10.81,11.120000000000001,253873,281295630.0,0.0,15,10.940000000000001,0
20200211,1581350400000,11.14,11.180000000000001,10.870000000000001,10.920000000000002,192725,211918236.0,0.0,15,11.120000000000001,0
20200212,1581436800000,11.01,11.28,10.92,11.22,228853,254557357.0,0.0,15,10.92,0
20200213,1581523200000,11.290000000000001,11.56,11.14,11.18,237289,268331345.0,0.0,15,11.22,0
20200214,1581609600000,11.17,11.540000000000001,11.13,11.33,217801,246460701.00000003,0.0,15,11.180000000000001,0
20200217,1581868800000,12.100000000000001,12.46,11.72,12.290000000000001,467955,564821571.0,0.0,15,11.33,0
20200218,1581955200000,12.5,12.7,12.19,12.559999999999999,534421,665525322.0,0.0,15,12.29,0
20200219,1582041600000,12.299999999999999,12.6,12.1,12.129999999999999,399533,492677864.99999994,0.0,15,12.56,0
20200220,1582128000000,12.21,13.290000000000001,11.950000000000001,13.000000000000002,696824,880202271.9999999,0.0,15,12.13,0
20200221,1582214400000,12.850000000000001,13.63,12.700000000000001,12.9,692469,902404324.0,0.0,15,13.000000000000002,0
20200224,1582473600000,12.690000000000001,13.270000000000001,12.620000000000001,13.010000000000002,520465,675444308.0000001,0.0,15,12.9,0
20200225,1582560000000,12.690000000000001,12.920000000000002,11.88,12.81,549746,692203779.0,0.0,15,13.010000000000002,0
20200226,1582646400000,12.580000000000002,13.200000000000001,12.530000000000001,12.590000000000002,555702,714186933.0000001,0.0,15,12.81,0
20200227,1582732800000,12.88,13.58,12.63,13.06,697863,915360021.0,0.0,15,12.590000000000002,0
20200228,1582819200000,12.41,12.72,11.82,11.89,537687,661481355.0,0.0,15,13.06,0
20200302,1583078400000,12.100000000000001,12.73,11.96,12.65,411022,508232736.0,0.0,15,11.89,0
20200303,1583164800000,12.98,13.38,12.63,12.81,501448,651888310.0,0.0,15,12.65,0
20200304,1583251200000,12.850000000000001,13.38,12.700000000000001,13.340000000000002,580117,760511641.0,0.0,15,12.81,0
20200305,1583337600000,13.43,13.54,12.77,12.98,589868,770263511.0,0.0,15,13.34,0
20200306,1583424000000,12.72,12.770000000000001,12.46,12.55,355475,448286053.0,0.0,15,12.98,0
20200309,1583683200000,12.299999999999999,12.33,11.52,11.549999999999999,383975,457255771.0,0.0,15,12.549999999999999,0
20200310,1583769600000,11.5,12.100000000000001,11.39,12.09,287519,338950112.0,0.0,15,11.55,0
20200311,1583856000000,12.09,12.200000000000001,11.65,11.65,281871,336148843.0,0.0,15,12.09,0
20200312,1583942400000,11.38,11.6,11.23,11.4,195859,223231142.00000003,0.0,15,11.65,0
20200313,1584028800000,10.63,11.270000000000001,10.63,11.13,275543,300697136.99999994,0.0,15,11.4,0
20200316,1584288000000,11.15,11.25,10.27,10.36,283403,305092763.00000006,0.0,15,11.129999999999999,0
20200317,1584374400000,10.53,10.77,10.1,10.58,202640,212352897.00000003,0.0,15,10.36,0
20200318,1584460800000,10.58,10.780000000000001,10.38,10.39,199150,211151117.0,0.0,15,10.58,0
20200319,1584547200000,10.44,10.73,10.27,10.62,191064,200912437.00000003,0.0,15,10.389999999999999,0
20200320,1584633600000,10.76,10.799999999999999,10.44,10.68,163741,173936515.00000003,0.0,15,10.62,0
20200323,1584892800000,10.270000000000001,10.56,10.200000000000001,10.3,128497,133067127.0,0.0,15,10.680000000000001,0
20200324,1584979200000,10.5,10.69,10.28,10.67,152057,159931961.0,0.0,15,10.299999999999999,0
20200325,1585065600000,10.9,10.959999999999999,10.69,10.76,172608,186387965.0,0.0,15,10.67,0
20200326,1585152000000,10.600000000000001,10.700000000000001,10.46,10.47,119373,126357544.0,0.0,15,10.760000000000002,0
20200327,1585238400000,10.59,10.64,10.41,10.42,94719,99544354.0,0.0,15,10.47,0
20200330,1585497600000,10.280000000000001,10.33,9.96,10.090000000000002,138020,139401398.00000003,0.0,15,10.420000000000002,0
20200331,1585584000000,10.19,10.25,10.0,10.04,86588,87551240.0,0.0,15,10.09,0
20200401,1585670400000,10.0,10.21,9.97,10.05,80983,81807707.0,0.0,15,10.040000000000001,0
20200402,1585756800000,10.02,10.34,9.98,10.34,106726,108550987.0,0.0,15,10.05,0
20200403,1585843200000,10.3,10.3,10.06,10.09,99524,101095833.00000001,0.0,15,10.34,0
20200407,1586188800000,10.360000000000001,10.620000000000001,10.31,10.56,189793,199088096.0,0.0,15,10.09,0
20200408,1586275200000,10.5,10.64,10.46,10.55,118728,125215705.0,0.0,15,10.56,0
20200409,1586361600000,10.690000000000001,10.88,10.620000000000001,10.690000000000001,153712,165154341.0,0.0,15,10.55,0
20200410,1586448000000,10.67,10.690000000000001,10.15,10.18,192587,198486434.0,0.0,15,10.690000000000001,0
20200413,1586707200000,10.13,10.18,10.0,10.15,95910,96498696.0,0.0,15,10.18,0
20200414,1586793600000,10.23,10.31,10.15,10.290000000000001,89853,92010912.0,0.0,15,10.15,0
20200415,1586880000000,10.32,10.43,10.16,10.19,120530,124104395.0,0.0,15,10.290000000000001,0
20200416,1586966400000,10.14,10.7,10.09,10.59,219822,229679515.00000003,0.0,15,10.19,0
20200417,1587052800000,10.7,11.15,10.51,10.74,337492,363694157.0,0.0,15,10.59,0
20200420,1587312000000,10.69,10.92,10.61,10.729999999999999,210098,225571163.0,0.0,15,10.74,0
20200421,1587398400000,10.69,10.83,10.52,10.719999999999999,163518,174321142.00000003,0.0,15,10.73,0
20200422,1587484800000,10.58,10.950000000000001,10.56,10.860000000000001,179974,194006611.0,0.0,15,10.72,0
20200423,1587571200000,10.82,10.860000000000001,10.56,10.64,151506,161884911.0,0.0,15,10.860000000000001,0
20200424,1587657600000,10.58,10.71,10.24,10.34,135160,141160931.0,0.0,15,10.64,0
20200427,1587916800000,10.22,10.32,10.06,10.08,121421,123744386.0,0.0,15,10.34,0
20200428,1588003200000,10.049999999999999,10.18,9.61,9.94,139087,138120640.00000003,0.0,15,10.08,0
20200429,1588089600000,9.94,10.129999999999999,9.85,9.94,80456,80435343.00000001,0.0,15,9.94,0
20200430,1588176000000,9.98,10.27,9.98,10.200000000000001,117179,119314889.0,0.0,15,9.940000000000001,0
20200506,1588694400000,10.15,10.379999999999999,9.67,10.379999999999999,182043,185943008.0,0.0,15,10.2,0
20200507,1588780800000,10.31,10.45,10.16,10.19,140944,144691345.0,0.0,15,10.38,0
20200508,1588867200000,10.26,10.47,10.22,10.450000000000001,177187,184132097.0,0.0,15,10.190000000000001,0
20200511,1589126400000,10.49,10.549999999999999,10.11,10.18,178090,182837191.0,0.0,15,10.45,0
20200512,1589212800000,10.260000000000002,10.260000000000002,9.96,10.14,109898,110835256.0,0.0,15,10.180000000000001,0
20200513,1589299200000,10.09,10.17,10.0,10.11,87622,88382507.00000001,0.0,15,10.14,0
20200514,1589385600000,10.03,10.2,10.0,10.02,87245,87923348.00000001,0.0,15,10.11,0
20200515,1589472000000,10.13,10.25,10.07,10.08,105189,106859497.00000001,0.0,15,10.02,0
20200518,1589731200000,10.03,10.049999999999999,9.78,9.809999999999999,147972,146150231.0,0.0,15,10.08,0
20200519,1589817600000,9.91,9.94,9.78,9.86,86583,85191626.0,0.0,15,9.809999999999999,0
20200520,1589904000000,9.83,9.83,9.67,9.7,97930,95300238.0,0.0,15,9.86,0
20200521,1589990400000,9.73,9.8,9.620000000000001,9.63,75528,73221196.0,0.0,15,9.700000000000001,0
20200522,1590076800000,9.62,9.709999999999999,9.42,9.47,82155,78500831.00000001,0.0,15,9.63,0
20200525,1590336000000,9.46,9.540000000000001,9.38,9.450000000000001,52885,49997429.0,0.0,15,9.47,0
20200526,1590422400000,9.47,9.64,9.46,9.64,65980,63185605.00000001,0.0,15,9.450000000000001,0
20200527,1590508800000,9.6,9.629999999999999,8.68,8.68,291619,261545296.0,0.0,15,9.64,0
20200528,1590595200000,8.51,8.68,8.02,8.309999999999999,379622,313837182.0,0.0,15,8.68,0
20200529,1590681600000,8.18,8.41,8.18,8.23,166204,137432950.0,0.0,15,8.31,0
20200601,1590940800000,8.35,8.959999999999999,8.28,8.899999999999999,285794,249851352.0,0.0,15,8.229999999999999,0
20200602,1591027200000,8.850000000000001,8.99,8.790000000000001,8.920000000000002,149706,133048097.0,0.0,15,8.9,0
20200603,1591113600000,8.910000000000002,8.99,8.700000000000001,8.700000000000001,154727,136369378.0,0.0,15,8.920000000000002,0
20200604,1591200000000,8.75,8.780000000000001,8.56,8.66,108288,93649500.00000001,0.0,15,8.700000000000001,0
20200605,1591286400000,8.68,8.719999999999999,8.52,8.69,111289,95966309.0,0.0,15,8.66,0
20200608,1591545600000,8.76,8.82,8.5,8.54,123923,106940362.0,0.0,15,8.69,0
20200609,1591632000000,8.56,8.82,8.43,8.719999999999999,151555,130836674.0,0.0,15,8.54,0
20200610,1591718400000,8.63,8.63,8.4,8.43,127713,108098279.00000001,0.0,15,8.620000000000001,0
20200611,1591804800000,8.4,8.66,8.38,8.47,139714,118927346.00000001,0.0,15,8.430000000000001,0
20200612,1591891200000,8.270000000000001,8.47,8.13,8.39,143328,119579143.99999999,0.0,15,8.47,0
20200615,1592150400000,8.36,8.67,8.36,8.42,141879,120922635.0,0.0,15,8.389999999999999,0
20200616,1592236800000,8.520000000000001,8.63,8.47,8.600000000000001,162496,139019098.00000003,0.0,15,8.42,0
20200617,1592323200000,8.63,8.63,8.48,8.6,109705,93773217.99999999,0.0,15,8.6,0
20200618,1592409600000,8.549999999999999,8.67,8.52,8.639999999999999,111481,95908406.0,0.0,15,8.6,0
20200619,1592496000000,8.639999999999999,8.84,8.61,8.79,173873,152083658.00000003,0.0,15,8.639999999999999,0
20200622,1592755200000,8.809999999999999,9.08,8.78,8.969999999999999,192901,173014271.0,0.0,15,8.79,0
20200623,1592841600000,8.92,8.969999999999999,8.78,8.83,114424,101081140.0,0.0,15,8.969999999999999,0
20200624,1592928000000,8.870000000000001,8.870000000000001,8.66,8.7,100061,87542274.0,0.0,15,8.83,0
20200629,1593360000000,8.9,8.99,8.6,8.639999999999999,133054,116314081.99999999,0.0,15,8.7,0
20200630,1593446400000,8.68,9.5,8.64,9.34,477798,442059484.0,0.0,15,8.64,0
20200701,1593532800000,9.26,9.34,8.9,9.08,336068,306025854.0,0.0,15,9.34,0
20200702,1593619200000,9.040000000000001,9.350000000000001,8.950000000000001,9.280000000000001,292226,268227178.00000003,0.0,15,9.080000000000002,0
20200703,1593705600000,9.35,9.95,9.24,9.95,486985,469669720.00000006,0.0,15,9.28,0
20200706,1593964800000,10.34,10.75,10.08,10.58,554293,579265288.0,0.0,15,9.95,0
20200707,1594051200000,10.790000000000001,10.790000000000001,10.21,10.360000000000001,473854,495526255.0,0.0,15,10.58,0
20200708,1594137600000,10.25,10.85,10.25,10.72,401529,424556972.0,0.0,15,10.36,0
20200709,1594224000000,10.870000000000001,11.18,10.65,10.860000000000001,453070,492735311.0,0.0,15,10.72,0
20200710,1594310400000,10.780000000000001,11.600000000000001,10.63,10.96,467899,525229171.99999994,0.0,15,10.860000000000001,0
20200713,1594569600000,11.100000000000001,11.38,10.89,11.25,408939,455824623.99999994,0.0,15,10.96,0
20200714,1594656000000,11.110000000000001,11.24,10.55,10.71,450747,489075162.0,0.0,15,11.25,0
20200715,1594742400000,10.83,11.0,10.15,10.25,323567,339783289.0,0.0,15,10.71,0
20200716,1594828800000,10.280000000000001,10.4,9.64,9.72,299761,300705942.00000006,0.0,15,10.25,0
20200717,1594915200000,9.76,9.85,9.4,9.57,249590,239588228.00000003,0.0,15,9.72,0
20200720,1595174400000,9.74,9.940000000000001,9.55,9.940000000000001,197303,192651080.0,0.0,15,9.57,0
20200721,1595260800000,10.07,10.35,9.76,9.91,253341,254391212.99999997,0.0,15,9.94,0
20200722,1595347200000,9.979999999999999,10.32,9.86,10.049999999999999,282475,286225540.0,0.0,15,9.91,0
20200723,1595433600000,9.85,9.93,9.6,9.81,209310,204421682.0,0.0,15,10.049999999999999,0
20200724,1595520000000,9.75,9.940000000000001,9.13,9.32,259124,247850685.00000003,0.0,15,9.81,0
20200727,1595779200000,9.41,9.42,9.19,9.34,112125,104584597.0,0.0,15,9.32,0
20200728,1595865600000,9.41,9.66,9.38,9.520000000000001,124455,118076987.0,0.0,15,9.340000000000002,0
20200729,1595952000000,9.48,9.780000000000001,9.39,9.73,175214,168077616.0,0.0,15,9.520000000000001,0
20200730,1596038400000,9.74,9.77,9.5,9.52,126087,121151576.00000001,0.0,15,9.73,0
20200731,1596124800000,9.48,9.770000000000001,9.47,9.700000000000001,158380,152509800.0,0.0,15,9.520000000000001,0
20200803,1596384000000,9.780000000000001,10.05,9.72,10.030000000000001,213914,212572500.0,0.0,15,9.700000000000001,0
20200804,1596470400000,10.120000000000001,10.32,9.9,9.97,224824,226525371.00000003,0.0,15,10.030000000000001,0
20200805,1596556800000,10.07,10.17,9.91,9.99,151472,151684160.0,0.0,15,9.97,0
20200806,1596643200000,10.09,10.34,9.89,10.190000000000001,297603,301125399.00000006,0.0,15,9.99,0
20200807,1596729600000,10.06,10.06,9.55,9.680000000000001,253302,246816269.0,0.0,15,10.190000000000001,0
20200810,1596988800000,9.63,9.76,9.57,9.72,125554,121642091.0,0.0,15,9.68,0
20200811,1597075200000,9.68,9.709999999999999,9.36,9.37,169689,161485556.0,0.0,15,9.719999999999999,0
20200812,1597161600000,9.4,9.4,9.06,9.21,139241,127990340.0,0.0,15,9.370000000000001,0
20200813,1597248000000,9.219999999999999,9.33,9.18,9.29,86024,79565841.00000001,0.0,15,9.209999999999999,0
20200814,1597334400000,9.25,9.530000000000001,9.21,9.48,111316,104525797.00000001,0.0,15,9.290000000000001,0
20200817,1597593600000,9.55,9.73,9.5,9.69,141106,135921453.0,0.0,15,9.48,0
20200818,1597680000000,9.96,10.66,9.96,10.66,436755,459449643.0,0.0,15,9.690000000000001,0
20200819,1597766400000,10.32,11.01,10.31,10.63,755915,808477152.0,0.0,15,10.66,0
20200820,1597852800000,10.43,11.22,10.41,10.78,547377,592780711.0000001,0.0,15,10.63,0
20200821,1597939200000,10.799999999999999,10.91,10.53,10.709999999999999,350870,375050992.00000006,0.0,15,10.78,0
20200824,1598198400000,10.75,11.09,10.32,10.94,430154,466535370.0,0.0,15,10.71,0
20200825,1598284800000,10.76,11.299999999999999,10.68,11.18,545522,602676064.0,0.0,15,10.94,0
20200826,1598371200000,11.049999999999999,11.059999999999999,10.53,10.75,404422,436372324.0,0.0,15,11.18,0
20200827,1598457600000,10.670000000000002,11.580000000000002,10.620000000000001,11.24,580744,648340631.0,0.0,15,10.750000000000002,0
20200828,1598544000000,11.29,11.34,10.92,11.15,371044,411661337.0,0.0,15,11.24,0
20200831,1598803200000,11.190000000000001,11.48,10.96,10.96,412717,463362701.0,0.0,15,11.15,0
20200901,1598889600000,10.9,11.97,10.9,11.450000000000001,555121,638555020.0,0.0,15,10.96,0
20200902,1598976000000,11.370000000000001,12.15,11.24,11.9,712315,833004255.0,0.0,15,11.450000000000001,0
20200903,1599062400000,11.780000000000001,11.8,11.48,11.5,410075,476043689.0,0.0,15,11.9,0
20200904,1599148800000,11.23,12.14,11.13,11.91,608197,719529333.0,0.0,15,11.5,0
20200907,1599408000000,12.13,12.46,11.88,11.89,641276,781824457.0000001,0.0,15,11.91,0
20200908,1599494400000,11.91,12.25,11.65,12.190000000000001,509859,610281198.0,0.0,15,11.89,0
20200909,1599580800000,11.95,12.07,11.41,11.55,518672,609647770.0000001,0.0,15,12.19,0
20200910,1599667200000,11.71,11.790000000000001,10.13,10.260000000000002,594436,641434204.0,0.0,15,11.55,0
20200911,1599753600000,10.07,10.35,9.98,10.26,331092,337147003.0,0.0,15,10.26,0
20200914,1600012800000,10.360000000000001,11.73,10.3,11.610000000000001,629954,705343458.0,0.0,15,10.260000000000002,0
20200915,1600099200000,11.64,11.73,11.42,11.59,324914,375811358.99999994,0.0,15,11.61,0
20200916,1600185600000,11.55,11.62,11.09,11.3,288966,326139506.0,0.0,15,11.59,0
20200917,1600272000000,11.34,11.44,11.02,11.11,263769,295367748.0,0.0,15,11.299999999999999,0
20200918,1600358400000,11.28,11.540000000000001,10.91,11.47,365288,411091804.0,0.0,15,11.11,0
20200921,1600617600000,11.670000000000002,11.9,11.21,11.23,352637,403662722.0,0.0,15,11.47,0
20200922,1600704000000,11.05,13.48,11.05,12.600000000000001,1533201,1952942138.0,0.0,15,11.23,0
20200923,1600790400000,12.44,12.790000000000001,11.82,12.290000000000001,1174187,1434781887.0000002,0.0,15,12.6,0
20200924,1600876800000,12.15,12.17,11.52,11.74,720949,852782926.0,0.0,15,12.29,0
20200925,1600963200000,11.85,12.0,11.33,11.39,446865,516659688.00000006,0.0,15,11.74,0
20200928,1601222400000,11.6,11.64,10.9,10.93,392331,437671033.0,0.0,15,11.39,0
20200929,1601308800000,10.65,11.120000000000001,10.55,10.850000000000001,511682,556258815.9999999,0.0,15,10.930000000000001,0
20200930,1601395200000,10.940000000000001,11.16,10.73,10.73,375224,410202216.00000006,0.0,15,10.85,0
20201009,1602172800000,11.0,11.34,10.92,11.14,365392,406626078.0,0.0,15,10.73,0
20201012,1602432000000,11.7,12.42,11.51,12.3,729525,876573869.0,0.0,15,11.14,0
20201013,1602518400000,12.129999999999999,12.41,11.93,12.379999999999999,522377,635537031.0000001,0.0,15,12.299999999999999,0
20201014,1602604800000,12.330000000000002,12.370000000000001,11.950000000000001,12.030000000000001,474319,573131371.0,0.0,15,12.38,0
20201015,1602691200000,12.05,12.13,11.58,11.63,441445,521668973.99999994,0.0,15,12.03,0
20201016,1602777600000,11.700000000000001,11.8,11.48,11.63,349676,406696537.00000006,0.0,15,11.63,0
20201019,1603036800000,11.780000000000001,12.38,11.71,12.08,636752,769365194.0000001,0.0,15,11.63,0
20201020,1603123200000,12.02,12.35,11.91,12.25,527757,644405037.9999999,0.0,15,12.08,0
20201021,1603209600000,12.180000000000001,12.510000000000002,11.97,12.16,481415,588016244.0,0.0,15,12.25,0
20201022,1603296000000,12.14,12.93,11.81,12.76,763883,957834736.0,0.0,15,12.16,0
20201023,1603382400000,12.600000000000001,12.780000000000001,12.14,12.190000000000001,573002,714861554.0000001,0.0,15,12.76,0
20201026,1603641600000,12.110000000000001,12.280000000000001,11.81,12.09,345219,415448005.0,0.0,15,12.190000000000001,0
20201027,1603728000000,12.09,12.12,11.28,11.629999999999999,495425,572352061.0,0.0,15,12.09,0
20201028,1603814400000,11.55,11.850000000000001,11.370000000000001,11.8,290956,337899544.0,0.0,15,11.63,0
20201029,1603900800000,11.629999999999999,13.559999999999999,11.51,13.0,1175923,1512482259.0,0.0,15,11.799999999999999,0
20201030,1603987200000,13.06,13.39,12.55,12.66,699687,903121171.0,0.0,15,13.0,0
20201102,1604246400000,13.0,13.21,12.56,12.93,624050,802854057.0,0.0,15,12.66,0
20201103,1604332800000,12.870000000000001,13.16,12.41,12.66,706228,895075190.9999999,0.0,15,12.93,0
20201104,1604419200000,12.6,12.610000000000001,12.23,12.42,453204,561430948.0,0.0,15,12.66,0
20201105,1604505600000,12.530000000000001,12.8,12.040000000000001,12.780000000000001,693795,862298425.0,0.0,15,12.420000000000002,0
20201106,1604592000000,12.63,12.67,11.9,11.91,514963,629290042.0,0.0,15,12.780000000000001,0
20201109,1604851200000,11.99,12.629999999999999,11.85,12.459999999999999,526898,648758826.0,0.0,15,11.91,0
20201110,1604937600000,12.5,12.52,11.91,12.05,376407,456231245.0,0.0,15,12.46,0
20201111,1605024000000,11.8,11.82,10.88,10.99,585771,652233361.0,0.0,15,12.05,0
20201112,1605110400000,11.01,11.07,10.66,10.75,282816,306901379.0,0.0,15,10.99,0
20201113,1605196800000,10.64,10.940000000000001,10.55,10.91,193921,209490613.0,0.0,15,10.75,0
20201116,1605456000000,10.84,10.85,10.5,10.68,200099,213501501.0,0.0,15,10.91,0
20201117,1605542400000,10.69,10.799999999999999,10.27,10.799999999999999,288583,303187143.0,0.0,15,10.68,0
20201118,1605628800000,10.68,10.950000000000001,10.65,10.83,166382,180056471.99999997,0.0,15,10.8,0
20201119,1605715200000,10.709999999999999,11.07,10.53,10.889999999999999,190609,207429316.00000003,0.0,15,10.83,0
20201120,1605801600000,10.88,10.98,10.63,10.67,187911,201594572.0,0.0,15,10.89,0
20201123,1606060800000,10.000000000000002,10.000000000000002,9.620000000000001,9.790000000000001,434473,425291575.00000006,0.0,15,10.670000000000002,0
20201124,1606147200000,9.73,9.920000000000002,9.700000000000001,9.750000000000002,191007,187187110.0,0.0,15,9.790000000000001,0
20201125,1606233600000,9.7,9.75,9.41,9.41,272981,260163133.0,0.0,15,9.75,0
20201126,1606320000000,9.440000000000001,9.56,9.290000000000001,9.47,192716,181722997.0,0.0,15,9.41,0
20201127,1606406400000,9.47,9.55,9.31,9.4,126605,118921943.0,0.0,15,9.47,0
20201130,1606665600000,9.42,9.61,9.27,9.459999999999999,177663,168698486.0,0.0,15,9.4,0
20201201,1606752000000,9.430000000000001,9.73,9.370000000000001,9.65,195772,187658684.0,0.0,15,9.46,0
20201202,1606838400000,9.58,9.69,9.52,9.57,148133,142204366.0,0.0,15,9.65,0
20201203,1606924800000,9.57,9.67,9.42,9.54,146257,139794211.0,0.0,15,9.57,0
20201204,1607011200000,9.48,9.549999999999999,9.43,9.459999999999999,98756,93653514.0,0.0,15,9.54,0
20201207,1607270400000,9.45,9.52,9.26,9.27,136166,127696373.00000001,0.0,15,9.459999999999999,0
20201208,1607356800000,9.270000000000001,9.450000000000001,9.200000000000001,9.350000000000001,104622,97923154.0,0.0,15,9.270000000000001,0
20201209,1607443200000,9.32,9.38,9.0,9.02,184508,168783174.0,0.0,15,9.35,0
20201210,1607529600000,9.15,9.21,8.97,9.13,113904,103742372.0,0.0,15,9.020000000000001,0
20201211,1607616000000,9.15,9.16,8.8,8.92,152838,136351355.0,0.0,15,9.13,0
20201214,1607875200000,8.959999999999999,9.049999999999999,8.78,9.04,89303,80033680.0,0.0,15,8.92,0
20201215,1607961600000,9.06,9.24,9.040000000000001,9.090000000000002,97532,88849070.0,0.0,15,9.040000000000001,0
20201216,1608048000000,9.04,9.08,8.85,8.92,84075,75249530.0,0.0,15,9.09,0
20201217,1608134400000,8.98,9.26,8.83,9.2,154189,140249141.00000003,0.0,15,8.92,0
20201218,1608220800000,9.21,9.22,8.96,8.97,116305,105345185.0,0.0,15,9.200000000000001,0
20201221,1608480000000,8.93,9.04,8.85,8.93,145005,129494903.0,0.0,15,8.969999999999999,0
20201222,1608566400000,8.87,8.91,8.51,8.58,203224,176228811.0,0.0,15,8.93,0
20201223,1608652800000,8.68,8.68,8.4,8.57,127863,108947887.00000001,0.0,15,8.58,0
20201224,1608739200000,8.59,8.6,8.2,8.26,147667,123248264.00000001,0.0,15,8.569999999999999,0
20201225,1608825600000,8.28,8.51,8.2,8.37,116289,97677255.00000001,0.0,15,8.26,0
20201228,1609084800000,8.450000000000001,8.82,8.290000000000001,8.520000000000001,197473,169642055.0,0.0,15,8.370000000000001,0
20201229,1609171200000,8.56,8.77,8.49,8.620000000000001,151024,130754484.0,0.0,15,8.52,0
20201230,1609257600000,8.61,8.67,8.41,8.63,114014,97552690.0,0.0,15,8.620000000000001,0
20201231,1609344000000,8.61,9.01,8.59,8.77,177506,156813654.99999997,0.0,15,8.629999999999999,0
20210104,1609689600000,8.85,9.0,8.74,8.93,161564,143303994.0,0.0,15,8.77,0
20210105,1609776000000,8.879999999999999,9.01,8.68,8.799999999999999,171343,151213631.0,0.0,15,8.93,0
20210106,1609862400000,8.760000000000002,8.770000000000001,8.46,8.520000000000001,146834,125827070.99999999,0.0,15,8.8,0
20210107,1609948800000,8.540000000000001,8.540000000000001,8.06,8.15,206957,170292377.00000003,0.0,15,8.520000000000001,0
20210108,1610035200000,8.129999999999999,8.75,8.02,8.53,221480,188434446.00000003,0.0,15,8.15,0
20210111,1610294400000,8.49,8.67,8.24,8.26,158860,133485312.00000001,0.0,15,8.53,0
20210112,1610380800000,8.33,8.610000000000001,8.22,8.47,142742,120570230.0,0.0,15,8.26,0
20210113,1610467200000,8.459999999999999,8.51,8.2,8.29,139275,116013596.0,0.0,15,8.469999999999999,0
20210114,1610553600000,8.25,8.5,8.21,8.39,140331,117697253.99999999,0.0,15,8.290000000000001,0
20210115,1610640000000,8.44,8.72,8.4,8.57,177383,152021214.0,0.0,15,8.39,0
20210118,1610899200000,8.51,8.72,8.48,8.690000000000001,156575,135307453.0,0.0,15,8.57,0
20210119,1610985600000,8.62,8.9,8.58,8.82,216532,190218620.0,0.0,15,8.69,0
20210120,1611072000000,8.8,8.860000000000001,8.620000000000001,8.680000000000001,153479,133384988.0,0.0,15,8.82,0
20210121,1611158400000,8.680000000000001,8.860000000000001,8.620000000000001,8.73,159887,139858089.00000003,0.0,15,8.680000000000001,0
20210122,1611244800000,8.690000000000001,8.700000000000001,8.370000000000001,8.450000000000001,154162,130582621.00000001,0.0,15,8.73,0
20210125,1611504000000,8.48,8.53,8.25,8.27,113489,94690286.0,0.0,15,8.45,0
20210126,1611590400000,8.28,8.53,8.25,8.32,122040,101909037.00000001,0.0,15,8.27,0
20210127,1611676800000,8.28,8.32,8.11,8.24,94428,77568169.0,0.0,15,8.32,0
20210128,1611763200000,8.15,8.330000000000002,8.120000000000001,8.180000000000001,86806,71436056.0,0.0,15,8.24,0
20210129,1611849600000,8.25,8.29,7.88,7.96,131813,105954460.00000001,0.0,15,8.18,0
20210201,1612108800000,7.36,7.91,7.3500000000000005,7.840000000000001,211257,162114769.00000003,0.0,15,7.960000000000001,0
20210202,1612195200000,7.8,7.86,7.58,7.63,113927,87541528.0,0.0,15,7.84,0
20210203,1612281600000,7.65,7.65,7.36,7.37,110579,82594838.0,0.0,15,7.630000000000001,0
20210204,1612368000000,7.22,7.35,7.08,7.29,116008,83739391.0,0.0,15,7.37,0
20210205,1612454400000,7.3,7.529999999999999,7.18,7.199999999999999,79242,58021553.00000001,0.0,15,7.29,0
20210208,1612713600000,7.3100000000000005,7.44,7.12,7.15,110356,80038914.99999999,0.0,15,7.2,0
20210209,1612800000000,7.1499999999999995,7.37,7.05,7.32,121126,87597019.0,0.0,15,7.1499999999999995,0
20210210,1612886400000,7.32,7.99,7.3100000000000005,7.890000000000001,245940,191140277.00000003,0.0,15,7.32,0
20210218,1613577600000,8.180000000000001,8.49,8.120000000000001,8.350000000000001,258794,215912679.00000003,0.0,15,7.890000000000001,0
20210219,1613664000000,8.23,8.49,8.23,8.47,160016,134178594.0,0.0,15,8.35,0
20210222,1613923200000,9.16,9.29,8.84,8.85,439249,398903439.99999994,0.0,15,8.47,0
20210223,1614009600000,8.99,9.049999999999999,8.53,8.58,280307,243757961.0,0.0,15,8.85,0
20210224,1614096000000,8.71,8.930000000000001,8.63,8.72,209145,183586512.99999997,0.0,15,8.58,0
20210225,1614182400000,8.75,8.84,8.44,8.469999999999999,143860,122969573.0,0.0,15,8.719999999999999,0
20210226,1614268800000,8.45,8.6,8.33,8.43,133694,112997628.00000001,0.0,15,8.47,0
20210301,1614528000000,8.46,8.65,8.38,8.600000000000001,138085,118034498.00000001,0.0,15,8.430000000000001,0
20210302,1614614400000,8.68,8.739999999999998,8.45,8.52,112605,96134136.99999999,0.0,15,8.6,0
20210303,1614700800000,8.51,8.57,8.35,8.53,101119,85351410.0,0.0,15,8.52,0
20210304,1614787200000,8.53,8.57,8.33,8.33,113997,95913431.0,0.0,15,8.53,0
20210305,1614873600000,8.370000000000001,8.55,8.31,8.5,101935,86252692.0,0.0,15,8.33,0
20210308,1615132800000,8.6,8.65,8.33,8.35,125351,106543856.0,0.0,15,8.5,0
20210309,1615219200000,8.38,8.42,7.95,8.08,115728,94458826.0,0.0,15,8.35,0
20210310,1615305600000,8.18,8.18,7.7700000000000005,7.800000000000001,123183,97761214.99999999,0.0,15,8.08,0
20210311,1615392000000,7.880000000000001,8.07,7.8100000000000005,8.06,86865,69161232.0,0.0,15,7.800000000000001,0
20210312,1615478400000,8.02,8.06,7.8,7.819999999999999,99385,78374342.0,0.0,15,8.06,0
20210315,1615737600000,7.890000000000001,7.99,7.74,7.83,74966,58738741.0,0.0,15,7.82,0
20210316,1615824000000,8.01,8.1,7.86,8.07,106682,85589592.0,0.0,15,7.83,0
20210317,1615910400000,8.11,8.16,7.97,8.06,66992,53957525.99999999,0.0,15,8.07,0
20210318,1615996800000,8.06,8.11,7.91,7.93,79830,63735430.0,0.0,15,8.06,0
20210319,1616083200000,7.93,7.95,7.8,7.85,69123,54347824.0,0.0,15,7.93,0
20210322,1616342400000,7.83,8.02,7.82,8.02,65321,51935573.0,0.0,15,7.8500000000000005,0
20210323,1616428800000,8.02,8.29,7.92,8.17,164227,133701123.0,0.0,15,8.02,0
20210324,1616515200000,8.0,8.25,8.0,8.14,102714,83610173.00000001,0.0,15,8.17,0
20210325,1616601600000,8.12,8.59,8.11,8.379999999999999,194168,162980944.0,0.0,15,8.139999999999999,0
20210326,1616688000000,8.38,8.47,8.290000000000001,8.39,137413,115264014.00000001,0.0,15,8.38,0
20210329,1616947200000,8.41,8.55,8.25,8.32,125647,105385487.0,0.0,15,8.39,0
20210330,1617033600000,8.37,8.37,8.1,8.139999999999999,96767,79110409.0,0.0,15,8.32,0
20210331,1617120000000,8.16,8.28,8.09,8.209999999999999,78089,63895881.0,0.0,15,8.14,0
20210401,1617206400000,8.16,8.2,7.95,8.0,91054,73055611.0,0.0,15,8.21,0
20210402,1617292800000,7.98,8.48,7.98,8.38,169097,140137485.0,0.0,15,8.0,0
20210406,1617638400000,8.47,8.48,8.3,8.38,93260,78312207.0,0.0,15,8.38,0
20210407,1617724800000,8.389999999999999,8.43,8.28,8.309999999999999,78436,65304594.0,0.0,15,8.379999999999999,0
20210408,1617811200000,8.370000000000001,8.370000000000001,8.13,8.15,86522,70959133.0,0.0,15,8.31,0
20210409,1617897600000,8.15,8.18,8.01,8.049999999999999,58434,47182063.0,0.0,15,8.15,0
20210412,1618156800000,8.08,8.19,7.99,8.01,73939,59714943.0,0.0,15,8.05,0
20210413,1618243200000,8.0,8.129999999999999,7.97,8.09,61724,49831134.0,0.0,15,8.01,0
20210414,1618329600000,8.09,8.14,8.0,8.1,65502,52856921.0,0.0,15,8.09,0
20210415,1618416000000,8.069999999999999,8.19,8.03,8.059999999999999,67749,54877690.0,0.0,15,8.1,0
20210416,1618502400000,8.05,8.41,8.040000000000001,8.280000000000001,121544,100223364.00000001,0.0,15,8.06,0
20210419,1618761600000,8.24,8.44,8.19,8.389999999999999,130701,109070516.0,0.0,15,8.28,0
20210420,1618848000000,8.38,8.55,8.290000000000001,8.3,137873,116044220.0,0.0,15,8.39,0
20210421,1618934400000,8.280000000000001,8.350000000000001,8.22,8.25,69334,57347929.0,0.0,15,8.3,0
20210422,1619020800000,8.23,8.42,8.18,8.31,93026,77053136.0,0.0,15,8.25,0
20210423,1619107200000,8.28,8.28,8.02,8.049999999999999,110116,89218849.0,0.0,15,8.309999999999999,0
20210426,1619366400000,8.07,8.12,7.97,8.0,76675,61676739.0,0.0,15,8.049999999999999,0
20210427,1619452800000,7.99,8.09,7.91,8.02,64766,51761688.0,0.0,15,8.0,0
20210428,1619539200000,8.32,8.73,8.3,8.540000000000001,319437,271648047.0,0.0,15,8.020000000000001,0
20210429,1619625600000,8.51,8.81,8.51,8.709999999999999,304258,264644302.0,0.0,15,8.54,0
20210430,1619712000000,8.84,8.85,8.59,8.74,218428,190702521.0,0.0,15,8.709999999999999,0
20210506,1620230400000,8.83,8.860000000000001,8.540000000000001,8.590000000000002,168016,145005379.0,0.0,15,8.74,0
20210507,1620316800000,8.65,8.700000000000001,8.49,8.6,140474,120819060.0,0.0,15,8.59,0
20210510,1620576000000,8.85,10.18,8.85,10.01,767840,747304455.0000001,0.0,15,8.6,0
20210511,1620662400000,10.01,10.850000000000001,9.89,10.43,964726,1004697970.0000001,0.0,15,10.01,0
20210512,1620748800000,10.18,11.02,10.08,10.74,770008,821278463.0,0.0,15,10.43,0
20210513,1620835200000,10.5,10.76,10.28,10.399999999999999,549635,575565640.0000001,0.0,15,10.74,0
20210514,1620921600000,10.5,10.629999999999999,10.19,10.389999999999999,449866,466966215.99999994,0.0,15,10.4,0
20210517,1621180800000,10.23,10.24,9.81,9.950000000000001,408184,408827160.0,0.0,15,10.39,0
20210518,1621267200000,9.930000000000001,10.15,9.88,10.0,293800,294201801.0,0.0,15,9.950000000000001,0
20210519,1621353600000,10.0,10.01,9.57,9.63,369223,358544604.0,0.0,15,10.0,0
20210520,1621440000000,9.55,9.65,9.370000000000001,9.530000000000001,268428,255003345.00000003,0.0,15,9.63,0
20210521,1621526400000,9.55,9.93,9.49,9.56,343721,332725243.0,0.0,15,9.53,0
20210524,1621785600000,9.34,9.91,9.33,9.73,308558,299986970.0,0.0,15,9.56,0
20210525,1621872000000,9.72,10.21,9.63,10.110000000000001,446658,445809515.0,0.0,15,9.73,0
20210526,1621958400000,10.1,10.16,9.85,9.87,336298,336160769.0,0.0,15,10.11,0
20210527,1622044800000,9.860000000000001,10.06,9.8,9.88,221805,220235864.0,0.0,15,9.870000000000001,0
20210528,1622131200000,9.88,9.96,9.71,9.930000000000001,233988,230136430.0,0.0,15,9.88,0
20210531,1622390400000,9.95,9.95,9.41,9.82,315582,306996654.0,0.0,15,9.93,0
20210601,1622476800000,9.8,10.11,9.66,10.03,293035,291700515.0,0.0,15,9.82,0
20210602,1622563200000,9.920000000000002,10.06,9.71,9.760000000000002,217804,214399794.0,0.0,15,10.030000000000001,0
20210603,1622649600000,9.71,10.05,9.65,9.67,212036,209243782.00000003,0.0,15,9.76,0
20210604,1622736000000,9.66,9.77,9.52,9.62,175833,169273075.99999997,0.0,15,9.67,0
20210607,1622995200000,9.62,10.049999999999999,9.6,9.94,247676,244206532.0,0.0,15,9.62,0
20210608,1623081600000,9.95,10.48,9.93,10.2,381340,389889416.0,0.0,15,9.94,0
20210609,1623168000000,10.15,10.3,9.950000000000001,10.010000000000002,224563,225787033.00000003,0.0,15,10.200000000000001,0
20210610,1623254400000,10.09,10.83,10.02,10.65,512844,537699482.0000001,0.0,15,10.01,0
20210611,1623340800000,10.67,10.83,10.36,10.42,393241,414701446.0,0.0,15,10.649999999999999,0
20210615,1623686400000,10.5,10.69,10.35,10.49,315704,332542101.0,0.0,15,10.42,0
20210616,1623772800000,10.37,10.47,10.01,10.28,250786,257079281.0,0.0,15,10.49,0
20210617,1623859200000,10.200000000000001,10.3,9.88,10.21,239464,241249877.0,0.0,15,10.180000000000001,0
20210618,1623945600000,10.23,11.040000000000001,10.06,10.83,521080,556780790.0000001,0.0,15,10.21,0
20210621,1624204800000,10.9,10.95,10.59,10.83,352626,378844841.0,0.0,15,10.83,0
20210622,1624291200000,10.84,11.77,10.68,11.27,628680,713565767.0,0.0,15,10.83,0
20210623,1624377600000,11.16,11.19,10.85,10.969999999999999,430918,472661182.0,0.0,15,11.27,0
20210624,1624464000000,10.99,10.99,10.31,10.360000000000001,407618,428615502.0,0.0,15,10.97,0
20210625,1624550400000,10.33,10.629999999999999,10.27,10.43,293763,307598162.0,0.0,15,10.36,0
20210628,1624809600000,10.35,10.629999999999999,10.26,10.37,246133,258080419.0,0.0,15,10.43,0
20210629,1624896000000,10.350000000000001,10.98,10.3,10.530000000000001,368981,394361021.0,0.0,15,10.370000000000001,0
20210630,1624982400000,10.44,11.21,10.41,11.14,489527,535661961.0,0.0,15,10.53,0
20210701,1625068800000,11.15,11.15,10.6,10.61,354374,383196594.0,0.0,15,11.14,0
20210702,1625155200000,10.51,10.6,9.91,10.07,410144,417720192.00000006,0.0,15,10.61,0
20210705,1625414400000,10.06,10.34,9.98,10.25,206194,209233376.0,0.0,15,10.07,0
20210706,1625500800000,10.23,10.290000000000001,9.97,10.14,222196,224925497.0,0.0,15,10.25,0
20210707,1625587200000,10.040000000000001,10.14,9.97,10.13,145928,147131250.0,0.0,15,10.14,0
20210708,1625673600000,10.14,10.47,9.92,10.45,357312,364560754.99999994,0.0,15,10.13,0
20210709,1625760000000,10.3,10.3,10.07,10.17,226233,229992597.99999997,0.0,15,10.450000000000001,0
20210712,1626019200000,10.200000000000001,10.86,10.15,10.67,404527,426427792.0,0.0,15,10.17,0
20210713,1626105600000,10.750000000000002,11.15,10.700000000000001,10.830000000000002,389075,424047825.0,0.0,15,10.670000000000002,0
20210714,1626192000000,10.860000000000001,11.690000000000001,10.65,11.26,664009,751245617.0,0.0,15,10.83,0
20210715,1626278400000,11.760000000000002,12.13,11.200000000000001,11.410000000000002,629136,726823900.0,0.0,15,11.260000000000002,0
20210716,1626364800000,11.48,11.65,11.06,11.06,493069,556376206.0000001,0.0,15,11.41,0
20210719,1626624000000,11.06,11.06,10.71,10.88,335782,364596310.0,0.0,15,11.06,0
20210720,1626710400000,10.81,11.1,10.76,10.89,256297,279605835.0,0.0,15,10.879999999999999,0
20210721,1626796800000,10.88,12.42,10.81,12.09,843484,991600662.0,0.0,15,10.89,0
20210722,1626883200000,12.12,12.23,11.75,11.85,570903,681604523.0,0.0,15,12.09,0
20210723,1626969600000,12.0,12.07,11.24,11.35,469213,541829783.0,0.0,15,11.85,0
20210726,1627228800000,11.4,11.719999999999999,10.93,11.299999999999999,427112,484079806.0,0.0,15,11.35,0
20210727,1627315200000,11.24,11.71,11.13,11.200000000000001,429528,489312443.0,0.0,15,11.3,0
20210728,1627401600000,11.01,11.190000000000001,9.9,10.0,552057,570038941.0,0.0,15,11.200000000000001,0
20210729,1627488000000,10.16,10.530000000000001,10.14,10.38,366047,378728227.00000006,0.0,15,10.0,0
20210730,1627574400000,10.37,10.7,10.11,10.49,282087,294964843.0,0.0,15,10.379999999999999,0
20210802,1627833600000,10.370000000000001,10.74,10.15,10.72,302401,317835510.0,0.0,15,10.49,0
20210803,1627920000000,10.63,11.02,10.48,10.56,309931,332846962.0,0.0,15,10.72,0
20210804,1628006400000,10.48,10.69,10.4,10.67,227949,241414253.00000003,0.0,15,10.56,0
20210805,1628092800000,10.6,10.6,10.16,10.25,289431,297572700.0,0.0,15,10.67,0
20210806,1628179200000,10.21,10.3,10.07,10.25,190612,193741346.00000003,0.0,15,10.25,0
20210809,1628438400000,10.200000000000001,10.39,10.06,10.35,188435,193322124.0,0.0,15,10.25,0
20210810,1628524800000,10.34,10.700000000000001,10.24,10.64,255076,268991429.0,0.0,15,10.35,0
20210811,1628611200000,10.559999999999999,10.69,10.44,10.67,268192,283084121.0,0.0,15,10.639999999999999,0
20210812,1628697600000,10.56,12.8,10.55,12.8,1225025,1467425876.0,0.0,15,10.67,0
20210813,1628784000000,12.4,12.4,11.6,11.84,1087757,1295467430.9999998,0.0,15,12.799999999999999,0
20210816,1629043200000,12.01,12.37,11.68,11.99,749344,896829961.0,0.0,15,11.84,0
20210817,1629129600000,11.83,11.98,11.31,11.43,559334,648926565.0,0.0,15,11.99,0
20210818,1629216000000,11.49,13.540000000000001,11.200000000000001,13.170000000000002,1201642,1502135387.0,0.0,15,11.430000000000001,0
20210819,1629302400000,12.85,13.89,12.82,13.27,1256307,1680353644.0,0.0,15,13.17,0
20210820,1629388800000,13.15,13.540000000000001,12.88,12.98,740278,970227941.0,0.0,15,13.270000000000001,0
20210823,1629648000000,13.05,13.18,12.66,12.73,639876,823711472.0000001,0.0,15,12.98,0
20210824,1629734400000,12.66,13.25,12.51,12.74,641564,822392272.0000001,0.0,15,12.73,0
20210825,1629820800000,12.67,13.55,12.4,13.13,739744,961110481.0000001,0.0,15,12.74,0
20210826,1629907200000,12.979999999999999,12.979999999999999,12.11,12.209999999999999,566877,705511475.0,0.0,15,13.129999999999999,0
20210827,1629993600000,12.08,12.47,12.01,12.22,369097,451353350.0,0.0,15,12.209999999999999,0
20210830,1630252800000,12.260000000000002,12.55,11.88,11.98,415294,504720998.00000006,0.0,15,12.22,0
20210831,1630339200000,11.950000000000001,12.360000000000001,11.71,12.270000000000001,394442,477943729.00000006,0.0,15,11.98,0
20210901,1630425600000,12.120000000000001,12.9,11.66,12.620000000000001,645621,796506927.0,0.0,15,12.27,0
20210902,1630512000000,12.39,13.100000000000001,12.120000000000001,12.71,545727,689482049.0,0.0,15,12.620000000000001,0
20210903,1630598400000,13.559999999999999,13.92,12.27,12.32,771319,1011751483.0000001,0.0,15,12.709999999999999,0
20210906,1630857600000,12.26,12.959999999999999,12.26,12.54,509552,645333383.0,0.0,15,12.32,0
20210907,1630944000000,12.430000000000001,12.82,12.280000000000001,12.4,439705,549311806.0,0.0,15,12.540000000000001,0
20210908,1631030400000,12.290000000000001,12.64,11.96,12.170000000000002,443589,544572860.0,0.0,15,12.4,0
20210909,1631116800000,12.02,12.26,11.86,11.86,341099,408553700.0,0.0,15,12.17,0
20210910,1631203200000,11.86,12.49,11.76,12.24,411401,500718490.0,0.0,15,11.86,0
20210913,1631462400000,12.13,13.18,11.9,12.84,577660,730267430.0000001,0.0,15,12.24,0
20210914,1631548800000,12.93,13.09,12.58,12.69,521678,669607457.0,0.0,15,12.84,0
20210915,1631635200000,12.74,13.120000000000001,12.58,12.82,439597,565035461.0,0.0,15,12.69,0
20210916,1631721600000,12.68,13.01,11.92,12.04,464177,572985070.0,0.0,15,12.82,0
20210917,1631808000000,11.99,12.1,11.52,11.74,293464,344598344.0,0.0,15,12.04,0
20210922,1632240000000,11.530000000000001,11.65,11.32,11.38,205931,235910547.0,0.0,15,11.74,0
20210923,1632326400000,11.430000000000001,11.840000000000002,11.370000000000001,11.680000000000001,222520,258308772.00000003,0.0,15,11.38,0
20210924,1632412800000,11.59,11.940000000000001,11.15,11.200000000000001,268764,310059701.99999994,0.0,15,11.68,0
20210927,1632672000000,11.29,11.38,10.5,10.7,261906,285531091.0,0.0,15,11.2,0
20210928,1632758400000,10.73,10.81,10.58,10.7,104894,112230307.0,0.0,15,10.7,0
20210929,1632844800000,10.58,10.67,10.22,10.24,162963,169679807.0,0.0,15,10.700000000000001,0
20210930,1632931200000,10.35,10.52,10.25,10.47,109234,114175702.0,0.0,15,10.24,0
20211008,1633622400000,10.600000000000001,10.840000000000002,10.540000000000001,10.71,130068,139145711.0,0.0,15,10.47,0
20211011,1633881600000,10.73,10.850000000000001,10.540000000000001,10.74,124536,133043638.00000001,0.0,15,10.71,0
20211012,1633968000000,10.66,10.66,10.06,10.32,171343,176700589.0,0.0,15,10.74,0
20211013,1634054400000,10.3,10.4,10.15,10.360000000000001,94234,97056516.0,0.0,15,10.32,0
20211014,1634140800000,10.31,10.48,10.17,10.39,88816,91985775.99999999,0.0,15,10.36,0
20211015,1634227200000,10.350000000000001,10.680000000000001,10.290000000000001,10.590000000000002,136643,144133855.00000003,0.0,15,10.39,0
20211018,1634486400000,10.56,10.57,10.3,10.48,100360,104476266.0,0.0,15,10.59,0
20211019,1634572800000,10.520000000000001,10.97,10.47,10.81,174165,187059305.00000003,0.0,15,10.48,0
20211020,1634659200000,10.88,11.450000000000001,10.88,10.9,250425,278608438.0,0.0,15,10.81,0
20211021,1634745600000,10.8,11.15,10.73,10.92,192010,210096139.0,0.0,15,10.9,0
20211022,1634832000000,10.83,10.94,10.58,10.58,145602,155591707.0,0.0,15,10.92,0
20211025,1635091200000,10.51,10.709999999999999,10.34,10.69,116484,122266829.99999999,0.0,15,10.58,0
20211026,1635177600000,10.73,10.73,10.38,10.39,127201,133733717.0,0.0,15,10.690000000000001,0
20211027,1635264000000,10.3,10.41,9.98,10.0,161141,162685856.0,0.0,15,10.39,0
20211028,1635350400000,9.99,10.09,9.56,9.6,166681,162812342.0,0.0,15,10.0,0
20211029,1635436800000,9.59,9.83,9.52,9.799999999999999,116865,113722655.0,0.0,15,9.6,0
20211101,1635696000000,9.8,10.120000000000001,9.700000000000001,10.020000000000001,128179,127738623.0,0.0,15,9.8,0
20211102,1635782400000,10.02,10.09,9.68,9.76,134135,132777425.00000001,0.0,15,10.02,0
20211103,1635868800000,9.770000000000001,9.88,9.71,9.870000000000001,87324,85645763.0,0.0,15,9.760000000000002,0
20211104,1635955200000,9.9,10.05,9.870000000000001,9.940000000000001,100941,100546267.0,0.0,15,9.870000000000001,0
20211105,1636041600000,9.879999999999999,10.22,9.84,10.09,158104,159678061.0,0.0,15,9.94,0
20211108,1636300800000,10.01,10.15,9.9,10.07,111948,112053885.00000001,0.0,15,10.09,0
20211109,1636387200000,10.11,10.34,10.07,10.3,155301,159072443.0,0.0,15,10.07,0
20211110,1636473600000,10.5,10.68,10.26,10.33,174338,181293154.00000003,0.0,15,10.299999999999999,0
20211111,1636560000000,10.200000000000001,10.46,10.200000000000001,10.32,142012,146742713.0,0.0,15,10.330000000000002,0
20211112,1636646400000,10.32,10.549999999999999,10.27,10.54,154139,160786979.00000003,0.0,15,10.32,0
20211115,1636905600000,10.56,10.65,10.41,10.6,147551,155828378.0,0.0,15,10.540000000000001,0
20211116,1636992000000,10.55,10.68,10.32,10.33,191356,200702586.0,0.0,15,10.6,0
20211117,1637078400000,10.39,10.63,10.38,10.540000000000001,148209,155934437.0,0.0,15,10.33,0
20211118,1637164800000,10.540000000000001,10.620000000000001,10.21,10.23,191939,198840537.0,0.0,15,10.540000000000001,0
20211119,1637251200000,10.24,10.41,10.21,10.370000000000001,137683,142045138.0,0.0,15,10.23,0
20211122,1637510400000,10.500000000000002,10.760000000000002,10.450000000000001,10.680000000000001,245445,261009923.00000003,0.0,15,10.370000000000001,0
20211123,1637596800000,10.65,10.65,10.48,10.59,159568,168537581.0,0.0,15,10.68,0
20211124,1637683200000,10.620000000000001,10.620000000000001,10.41,10.49,129735,136147429.0,0.0,15,10.59,0
20211125,1637769600000,10.45,10.729999999999999,10.44,10.639999999999999,198723,211056965.0,0.0,15,10.49,0
20211126,1637856000000,10.65,11.67,10.39,11.14,554801,613546294.0,0.0,15,10.64,0
20211129,1638115200000,10.98,11.45,10.91,11.35,407497,458009362.0,0.0,15,11.14,0
20211130,1638201600000,11.35,11.9,11.26,11.49,467516,540947842.0,0.0,15,11.35,0
20211201,1638288000000,11.41,11.66,11.36,11.45,310350,356901379.0,0.0,15,11.49,0
20211202,1638374400000,11.450000000000001,11.790000000000001,11.32,11.6,353008,409529964.0,0.0,15,11.450000000000001,0
20211203,1638460800000,11.55,11.88,11.33,11.61,315259,365921582.0,0.0,15,11.6,0
20211206,1638720000000,11.5,11.85,11.18,11.43,280300,322746197.0,0.0,15,11.61,0
20211207,1638806400000,11.45,12.08,11.35,12.02,474393,559406425.0,0.0,15,11.43,0
20211208,1638892800000,11.879999999999999,12.0,11.6,11.83,347658,410661402.0,0.0,15,12.02,0
20211209,1638979200000,11.76,12.17,11.56,11.870000000000001,360106,426894485.0,0.0,15,11.83,0
20211210,1639065600000,11.72,11.88,11.39,11.46,305380,353688092.00000006,0.0,15,11.870000000000001,0
20211213,1639324800000,11.389999999999999,11.74,11.36,11.51,189740,219340717.0,0.0,15,11.459999999999999,0
20211214,1639411200000,11.41,11.98,11.4,11.860000000000001,375141,441551706.99999994,0.0,15,11.51,0
20211215,1639497600000,12.08,12.58,11.91,11.92,585652,716092570.0,0.0,15,11.86,0
20211216,1639584000000,11.870000000000001,12.13,11.700000000000001,11.74,338980,401134322.0,0.0,15,11.920000000000002,0
20211217,1639670400000,11.73,12.06,11.49,11.78,331911,391785395.0,0.0,15,11.74,0
20211220,1639929600000,11.6,11.879999999999999,11.18,11.26,323754,374295837.0,0.0,15,11.78,0
20211221,1640016000000,11.24,12.38,11.200000000000001,12.100000000000001,632858,763423770.0,0.0,15,11.260000000000002,0
20211222,1640102400000,12.06,12.14,11.72,11.89,318442,378357579.0,0.0,15,12.100000000000001,0
20211223,1640188800000,11.93,11.95,11.6,11.68,314793,368818083.0,0.0,15,11.889999999999999,0
20211224,1640275200000,11.88,12.05,11.55,11.83,312195,368764630.00000006,0.0,15,11.680000000000001,0
20211227,1640534400000,11.79,12.1,11.69,11.959999999999999,244457,291049114.0,0.0,15,11.83,0
20211228,1640620800000,12.080000000000002,12.530000000000001,11.950000000000001,12.4,440687,542807511.0,0.0,15,11.96,0
20211229,1640707200000,12.24,12.350000000000001,11.97,12.07,309794,376383373.0,0.0,15,12.4,0
20211230,1640793600000,12.080000000000002,12.370000000000001,12.030000000000001,12.06,273800,333802125.0,0.0,15,12.07,0
20211231,1640880000000,12.08,12.43,11.92,12.37,319092,390995729.00000006,0.0,15,12.06,0
20220104,1641225600000,12.370000000000001,12.82,12.280000000000001,12.600000000000001,432548,543159968.0000001,0.0,15,12.370000000000001,0
20220105,1641312000000,12.65,12.940000000000001,12.200000000000001,12.31,394284,493820873.0,0.0,15,12.600000000000001,0
20220106,1641398400000,12.08,12.5,11.92,12.27,301540,368998141.00000006,0.0,15,12.31,0
20220107,1641484800000,12.39,12.69,11.58,11.63,472379,574958433.0,0.0,15,12.27,0
20220110,1641744000000,11.57,12.49,11.3,12.030000000000001,386311,461066863.0,0.0,15,11.63,0
20220111,1641830400000,11.99,12.100000000000001,11.47,11.55,297242,347789105.0,0.0,15,12.030000000000001,0
20220112,1641916800000,11.65,12.75,11.56,12.38,564661,696275846.0,0.0,15,11.55,0
20220113,1642003200000,12.49,12.76,12.26,12.34,481825,601368536.0,0.0,15,12.379999999999999,0
20220114,1642089600000,12.32,12.65,12.200000000000001,12.340000000000002,377738,467859888.0,0.0,15,12.340000000000002,0
20220117,1642348800000,12.68,13.33,12.52,13.19,790463,1024829942.0,0.0,15,12.34,0
20220118,1642435200000,13.049999999999999,13.84,12.86,12.94,934677,1239503483.0,0.0,15,13.19,0
20220119,1642521600000,12.69,13.12,12.61,12.93,534438,690437059.0,0.0,15,12.94,0
20220120,1642608000000,12.87,15.52,12.36,14.959999999999999,1768648,2534251771.0,0.0,15,12.93,0
20220121,1642694400000,14.54,15.18,14.1,14.33,1095567,1606208660.0,0.0,15,14.959999999999999,0
20220124,1642953600000,14.110000000000001,14.65,13.97,14.07,712262,1015939640.9999999,0.0,15,14.33,0
20220125,1643040000000,13.860000000000001,14.020000000000001,13.280000000000001,13.660000000000002,634426,865336551.0,0.0,15,14.07,0
20220126,1643126400000,13.66,13.88,12.82,13.22,521181,692651187.0,0.0,15,13.66,0
20220127,1643212800000,13.200000000000001,13.280000000000001,11.65,11.700000000000001,596247,727089397.0000001,0.0,15,13.22,0
20220128,1643299200000,12.1,13.8,12.09,13.17,843979,1099556851.0000002,0.0,15,11.7,0
20220207,1644163200000,13.5,14.2,13.19,13.79,823517,1136612082.0,0.0,15,13.17,0
20220208,1644249600000,13.620000000000001,14.67,13.23,14.450000000000001,890812,1250694959.0,0.0,15,13.790000000000001,0
20220209,1644336000000,14.65,15.44,14.42,14.75,1212962,1809278586.0,0.0,15,14.45,0
20220210,1644422400000,14.82,15.180000000000001,14.280000000000001,14.760000000000002,829801,1218882677.0,0.0,15,14.750000000000002,0
20220211,1644508800000,14.5,15.1,14.15,14.15,905376,1327781671.0,0.0,15,14.76,0
20220214,1644768000000,13.930000000000001,15.950000000000001,13.780000000000001,14.860000000000001,921419,1376092634.0000002,0.0,15,14.15,0
20220215,1644854400000,14.870000000000001,14.98,14.3,14.46,604983,878201773.0,0.0,15,14.860000000000001,0
20220216,1644940800000,15.010000000000002,15.180000000000001,14.030000000000001,14.270000000000001,628471,908735963.0,0.0,15,14.46,0
20220217,1645027200000,14.0,14.5,13.57,13.6,669524,933195826.0,0.0,15,14.27,0
20220218,1645113600000,13.48,14.23,13.46,14.200000000000001,557760,776103586.0,0.0,15,13.600000000000001,0
20220221,1645372800000,14.1,15.07,14.0,14.93,691310,1014741469.0,0.0,15,14.2,0
20220222,1645459200000,14.63,14.850000000000001,14.46,14.63,531941,779698972.0,0.0,15,14.930000000000001,0
20220223,1645545600000,14.6,15.450000000000001,14.23,15.16,724619,1079474662.0,0.0,15,14.63,0
20220224,1645632000000,14.82,15.0,13.3,13.8,900124,1274356220.0,0.0,15,15.16,0
20220225,1645718400000,13.94,14.02,13.18,13.29,513196,697700873.0,0.0,15,13.799999999999999,0
20220228,1645977600000,13.65,13.86,13.27,13.5,360091,489989844.0,0.0,15,13.29,0
20220301,1646064000000,13.35,13.77,13.27,13.549999999999999,304042,411287804.0,0.0,15,13.5,0
20220302,1646150400000,13.33,13.8,13.24,13.53,288979,392929725.0,0.0,15,13.55,0
20220303,1646236800000,13.54,13.67,13.01,13.15,377748,500105949.0,0.0,15,13.53,0
20220304,1646323200000,13.01,13.23,12.91,12.95,255481,333636141.0,0.0,15,13.15,0
20220307,1646582400000,12.9,12.97,12.38,12.530000000000001,294537,371648699.99999994,0.0,15,12.950000000000001,0
20220308,1646668800000,12.549999999999999,12.719999999999999,12.19,12.219999999999999,284370,354930979.0,0.0,15,12.53,0
20220309,1646755200000,12.209999999999999,12.49,11.68,12.45,312378,379628533.0,0.0,15,12.219999999999999,0
20220310,1646841600000,12.780000000000001,12.89,12.450000000000001,12.46,328846,416368037.0,0.0,15,12.450000000000001,0
20220311,1646928000000,12.190000000000001,12.860000000000001,11.98,12.68,348339,432727335.0,0.0,15,12.46,0
20220314,1647187200000,12.47,12.77,12.15,12.16,228949,285257066.0,0.0,15,12.68,0
20220315,1647273600000,12.11,12.39,11.6,11.629999999999999,271772,328223114.0,0.0,15,12.16,0
20220316,1647360000000,11.83,12.120000000000001,11.46,12.05,290056,343867690.0,0.0,15,11.63,0
20220317,1647446400000,12.16,12.59,12.0,12.39,414221,509490556.0,0.0,15,12.05,0
20220318,1647532800000,12.26,12.43,12.16,12.27,212221,261040989.0,0.0,15,12.39,0
20220321,1647792000000,12.280000000000001,12.47,12.15,12.4,222854,274414175.0,0.0,15,12.27,0
20220322,1647878400000,12.520000000000001,12.990000000000002,12.450000000000001,12.610000000000001,376989,479199872.0,0.0,15,12.4,0
20220323,1647964800000,12.5,12.6,12.24,12.33,245507,303703491.0,0.0,15,12.61,0
20220324,1648051200000,12.200000000000001,12.24,11.8,11.860000000000001,241898,288792898.00000006,0.0,15,12.33,0
20220325,1648137600000,12.22,12.35,11.82,11.82,208895,252127013.0,0.0,15,11.86,0
20220328,1648396800000,11.51,12.07,11.47,11.860000000000001,156584,184820047.00000003,0.0,15,11.82,0
20220329,1648483200000,11.86,11.91,11.5,11.54,172265,201027564.0,0.0,15,11.86,0
20220330,1648569600000,11.629999999999999,11.969999999999999,11.52,11.9,206295,242969523.99999997,0.0,15,11.54,0
20220331,1648656000000,11.850000000000001,12.370000000000001,11.790000000000001,12.24,340185,413283257.0,0.0,15,11.9,0
20220401,1648742400000,12.15,12.36,12.07,12.25,260297,317777312.00000006,0.0,15,12.24,0
20220406,1649174400000,12.55,12.620000000000001,12.290000000000001,12.370000000000001,292351,363556011.0,0.0,15,12.250000000000002,0
20220407,1649260800000,12.21,12.290000000000001,11.700000000000001,11.73,241782,289638641.0,0.0,15,12.370000000000001,0
20220408,1649347200000,11.74,12.48,11.49,12.26,314828,378056180.0,0.0,15,11.73,0
20220411,1649606400000,12.049999999999999,12.129999999999999,11.52,11.67,205004,242929577.0,0.0,15,12.26,0
20220412,1649692800000,11.709999999999999,11.91,11.51,11.91,158176,185863805.0,0.0,15,11.67,0
20220413,1649779200000,11.81,11.82,11.0,11.01,264926,300441148.0,0.0,15,11.91,0
20220414,1649865600000,11.17,11.23,10.83,10.86,180260,197882297.00000003,0.0,15,11.01,0
20220415,1649952000000,10.860000000000001,11.020000000000001,10.56,10.59,169307,182320501.99999997,0.0,15,10.860000000000001,0
20220418,1650211200000,10.510000000000002,10.540000000000001,10.13,10.430000000000001,165854,171523348.0,0.0,15,10.590000000000002,0
20220419,1650297600000,10.45,10.569999999999999,10.28,10.479999999999999,123120,128334402.0,0.0,15,10.43,0
20220420,1650384000000,10.58,10.76,10.24,10.26,139761,146732431.0,0.0,15,10.48,0
20220421,1650470400000,10.200000000000001,10.340000000000002,9.700000000000001,9.790000000000001,182199,182202913.0,0.0,15,10.260000000000002,0
20220422,1650556800000,9.700000000000001,9.88,9.48,9.55,141586,137289251.0,0.0,15,9.790000000000001,0
20220425,1650816000000,9.34,9.360000000000001,8.64,8.66,216997,195287914.00000003,0.0,15,9.55,0
20220426,1650902400000,8.690000000000001,8.850000000000001,8.38,8.39,182572,157539262.0,0.0,15,8.66,0
20220427,1650988800000,7.77,8.32,7.47,8.3,429829,338144268.0,0.0,15,8.39,0
20220428,1651075200000,8.18,8.22,7.7,7.88,265862,210726706.0,0.0,15,8.3,0
20220429,1651161600000,8.1,8.28,7.97,8.209999999999999,204115,166518582.0,0.0,15,7.88,0
20220505,1651680000000,8.23,8.33,8.07,8.22,163388,134614391.00000003,0.0,15,8.21,0
20220506,1651766400000,8.0,8.370000000000001,7.930000000000001,8.16,182584,149292623.0,0.0,15,8.22,0
20220509,1652025600000,8.200000000000001,8.420000000000002,8.120000000000001,8.200000000000001,155533,128235355.99999999,0.0,15,8.16,0
20220510,1652112000000,8.059999999999999,8.319999999999999,8.03,8.28,150736,124072304.00000001,0.0,15,8.2,0
20220511,1652198400000,8.29,8.549999999999999,8.26,8.28,229850,193480489.0,0.0,15,8.28,0
20220512,1652284800000,8.200000000000001,8.46,8.13,8.290000000000001,174628,144773292.0,0.0,15,8.280000000000001,0
20220513,1652371200000,8.33,8.370000000000001,8.14,8.200000000000001,138448,113873204.0,0.0,15,8.290000000000001,0
20220516,1652630400000,8.270000000000001,8.360000000000001,8.120000000000001,8.200000000000001,157558,129590480.99999999,0.0,15,8.200000000000001,0
20220517,1652716800000,8.22,8.22,7.94,8.120000000000001,140662,113389566.00000001,0.0,15,8.200000000000001,0
20220518,1652803200000,8.29,8.379999999999999,8.2,8.209999999999999,177873,147389828.0,0.0,15,8.12,0
20220519,1652889600000,8.08,8.2,8.03,8.149999999999999,133949,108537715.0,0.0,15,8.209999999999999,0
20220520,1652976000000,8.17,8.31,8.13,8.23,148545,122085190.0,0.0,15,8.15,0
20220523,1653235200000,8.280000000000001,8.58,8.23,8.56,276788,234107708.0,0.0,15,8.23,0
20220524,1653321600000,8.59,8.59,7.99,8.01,276574,227987630.00000003,0.0,15,8.56,0
20220525,1653408000000,8.0,8.23,8.0,8.2,137956,111953174.0,0.0,15,8.01,0
20220526,1653494400000,8.200000000000001,8.25,7.99,8.18,154818,126078803.00000001,0.0,15,8.200000000000001,0
20220527,1653580800000,8.2,8.35,8.1,8.2,159593,131244316.00000001,0.0,15,8.18,0
20220530,1653840000000,8.2,8.25,8.11,8.18,105466,86226421.0,0.0,15,8.2,0
20220531,1653926400000,8.190000000000001,8.350000000000001,8.040000000000001,8.33,184425,151844254.0,0.0,15,8.180000000000001,0
20220601,1654012800000,8.33,8.45,8.26,8.32,138297,115446050.0,0.0,15,8.33,0
20220602,1654099200000,8.3,8.48,8.21,8.420000000000002,140957,117835778.99999999,0.0,15,8.32,0
20220606,1654444800000,8.469999999999999,8.73,8.43,8.67,221855,191525826.00000003,0.0,15,8.42,0
20220607,1654531200000,8.700000000000001,8.72,8.48,8.56,155321,133216765.00000001,0.0,15,8.67,0
20220608,1654617600000,8.55,8.72,8.370000000000001,8.55,162358,138770619.0,0.0,15,8.56,0
20220609,1654704000000,8.53,8.85,8.41,8.68,309430,268024793.00000003,0.0,15,8.55,0
20220610,1654790400000,8.51,8.76,8.49,8.71,203273,175637410.0,0.0,15,8.68,0
20220613,1655049600000,8.82,9.180000000000001,8.71,9.100000000000001,361952,324645354.0,0.0,15,8.71,0
20220614,1655136000000,8.96,9.120000000000001,8.66,9.08,257335,229333507.0,0.0,15,9.1,0
20220615,1655222400000,9.100000000000001,9.510000000000002,9.05,9.190000000000001,461815,429485064.0,0.0,15,9.08,0
20220616,1655308800000,9.12,9.25,9.02,9.17,301819,275186044.0,0.0,15,9.19,0
20220617,1655395200000,9.11,9.129999999999999,8.93,9.04,184360,166670737.0,0.0,15,9.17,0
20220620,1655654400000,9.02,9.1,8.92,9.0,150027,135115026.0,0.0,15,9.04,0
20220621,1655740800000,9.0,9.219999999999999,8.93,9.049999999999999,179919,163590028.0,0.0,15,9.0,0
20220622,1655827200000,9.06,9.1,8.73,8.73,156213,138416222.0,0.0,15,9.05,0
20220623,1655913600000,8.72,8.98,8.72,8.940000000000001,132302,117604607.0,0.0,15,8.73,0
20220624,1656000000000,9.010000000000002,9.120000000000001,8.950000000000001,9.040000000000001,149132,135091162.0,0.0,15,8.940000000000001,0
20220627,1656259200000,9.08,9.16,9.01,9.09,124971,113476421.0,0.0,15,9.04,0
20220628,1656345600000,9.01,9.16,8.9,9.16,182031,164951384.99999997,0.0,15,8.99,0
20220629,1656432000000,9.13,9.450000000000001,9.06,9.110000000000001,243265,224719668.0,0.0,15,9.16,0
20220630,1656518400000,9.120000000000001,9.38,9.06,9.360000000000001,230239,211818089.99999997,0.0,15,9.110000000000001,0
20220701,1656604800000,9.42,9.44,9.17,9.24,200092,186065964.0,0.0,15,9.36,0
20220704,1656864000000,9.19,9.31,9.15,9.19,100216,92390539.0,0.0,15,9.24,0
20220705,1656950400000,9.24,9.24,8.96,9.05,113990,103395148.00000001,0.0,15,9.190000000000001,0
20220706,1657036800000,9.01,9.069999999999999,8.78,8.969999999999999,108968,97138817.0,0.0,15,9.049999999999999,0
20220707,1657123200000,8.97,9.03,8.91,8.95,75627,67850422.0,0.0,15,8.97,0
20220708,1657209600000,9.0,9.08,8.88,8.92,89222,80212560.0,0.0,15,8.950000000000001,0
20220711,1657468800000,8.88,8.92,8.72,8.780000000000001,78678,69089342.0,0.0,15,8.92,0
20220712,1657555200000,8.77,8.82,8.61,8.62,78966,68619808.99999999,0.0,15,8.78,0
20220713,1657641600000,8.66,8.7,8.61,8.66,55959,48467524.0,0.0,15,8.62,0
20220714,1657728000000,8.680000000000001,8.690000000000001,8.55,8.55,73809,63521047.0,0.0,15,8.66,0
20220715,1657814400000,8.549999999999999,8.569999999999999,8.2,8.219999999999999,134903,112276020.0,0.0,15,8.549999999999999,0
20220718,1658073600000,8.280000000000001,8.56,8.23,8.540000000000001,102924,87010794.0,0.0,15,8.22,0
20220719,1658160000000,8.58,8.79,8.5,8.79,118505,103056464.0,0.0,15,8.54,0
20220720,1658246400000,8.82,8.950000000000001,8.74,8.93,127615,112993086.00000001,0.0,15,8.790000000000001,0
20220721,1658332800000,8.91,8.99,8.790000000000001,8.8,103334,91701273.99999999,0.0,15,8.930000000000001,0
20220722,1658419200000,8.85,8.91,8.61,8.69,95336,83277567.0,0.0,15,8.799999999999999,0
20220725,1658678400000,8.760000000000002,9.020000000000001,8.63,8.680000000000001,122857,107869817.0,0.0,15,8.690000000000001,0
20220726,1658764800000,8.69,8.92,8.65,8.83,114322,100795872.00000001,0.0,15,8.68,0
20220727,1658851200000,8.870000000000001,8.930000000000001,8.790000000000001,8.850000000000001,84955,75302232.0,0.0,15,8.83,0
20220728,1658937600000,8.86,9.0,8.86,8.91,120011,107295082.00000001,0.0,15,8.85,0
20220729,1659024000000,8.91,8.96,8.82,8.86,90623,80647508.0,0.0,15,8.91,0
20220801,1659283200000,8.85,8.969999999999999,8.77,8.87,90783,80652108.0,0.0,15,8.86,0
20220802,1659369600000,8.77,8.780000000000001,8.24,8.4,177593,150198513.0,0.0,15,8.870000000000001,0
20220803,1659456000000,8.39,8.670000000000002,8.290000000000001,8.33,130638,111238431.00000001,0.0,15,8.4,0
20220804,1659542400000,8.399999999999999,8.549999999999999,8.36,8.51,87013,73572161.0,0.0,15,8.33,0
20220805,1659628800000,8.62,8.96,8.58,8.96,206042,181750902.0,0.0,15,8.51,0
20220808,1659888000000,8.96,9.020000000000001,8.870000000000001,8.99,105524,94368089.0,0.0,15,8.96,0
20220809,1659974400000,9.03,9.08,8.86,8.99,103894,92983751.0,0.0,15,8.99,0
20220810,1660060800000,8.97,9.08,8.9,8.99,150643,135468487.0,0.0,15,8.99,0
20220811,1660147200000,9.040000000000001,9.18,8.99,9.120000000000001,160747,146494304.0,0.0,15,8.99,0
20220812,1660233600000,9.13,9.290000000000001,9.07,9.13,208556,191354437.0,0.0,15,9.120000000000001,0
20220815,1660492800000,9.100000000000001,9.14,8.97,9.0,146313,132193271.00000001,0.0,15,9.13,0
20220816,1660579200000,8.82,8.93,8.58,8.66,281187,244740975.99999997,0.0,15,9.0,0
20220817,1660665600000,8.66,8.760000000000002,8.55,8.72,148304,128125773.99999999,0.0,15,8.66,0
20220818,1660752000000,8.69,8.709999999999999,8.53,8.549999999999999,127012,108849283.00000001,0.0,15,8.719999999999999,0
20220819,1660838400000,8.540000000000001,8.700000000000001,8.46,8.47,164196,140690994.0,0.0,15,8.55,0
20220822,1661097600000,8.43,8.540000000000001,8.24,8.48,91405,77300040.0,0.0,15,8.47,0
20220823,1661184000000,8.45,8.5,8.36,8.469999999999999,85163,71852923.0,0.0,15,8.479999999999999,0
20220824,1661270400000,8.45,8.49,8.16,8.18,147076,121924603.0,0.0,15,8.47,0
20220825,1661356800000,8.2,8.24,8.02,8.1,108121,87767173.0,0.0,15,8.18,0
20220826,1661443200000,8.12,8.17,8.01,8.02,83576,67569253.0,0.0,15,8.1,0
20220829,1661702400000,7.9,8.05,7.74,8.040000000000001,75560,60126549.0,0.0,15,8.02,0
20220830,1661788800000,8.04,8.14,8.01,8.09,59062,47675654.0,0.0,15,8.04,0
20220831,1661875200000,8.05,8.110000000000001,7.930000000000001,7.970000000000001,65653,52558835.0,0.0,15,8.09,0
20220901,1661961600000,8.0,8.05,7.92,7.9399999999999995,57332,45772138.0,0.0,15,7.97,0
20220902,1662048000000,7.97,8.120000000000001,7.95,8.1,57125,46024744.0,0.0,15,7.94,0
20220905,1662307200000,8.09,8.14,7.98,8.08,58010,46580536.0,0.0,15,8.1,0
20220906,1662393600000,8.08,8.129999999999999,8.01,8.08,56199,45329252.0,0.0,15,8.08,0
20220907,1662480000000,8.08,8.12,8.0,8.11,71721,57753270.0,0.0,15,8.08,0
20220908,1662566400000,8.11,8.11,8.0,8.0,55533,44636664.0,0.0,15,8.11,0
20220909,1662652800000,8.05,8.16,7.99,8.1,78081,63253627.0,0.0,15,8.0,0
20220913,1662998400000,8.11,8.28,8.11,8.149999999999999,99531,81692621.0,0.0,15,8.1,0
20220914,1663084800000,8.02,8.11,8.0,8.09,61619,49552652.0,0.0,15,8.15,0
20220915,1663171200000,8.1,8.18,7.91,8.03,86448,69653040.0,0.0,15,8.09,0
20220916,1663257600000,8.030000000000001,8.17,7.890000000000001,7.91,110791,89147518.0,0.0,15,8.030000000000001,0
20220919,1663516800000,7.86,7.86,7.32,7.42,172877,129099716.99999999,0.0,15,7.91,0
20220920,1663603200000,7.5,7.62,7.44,7.550000000000001,70645,53122803.00000001,0.0,15,7.420000000000001,0
20220921,1663689600000,7.550000000000001,7.7700000000000005,7.36,7.720000000000001,111091,84620788.00000001,0.0,15,7.550000000000001,0
20220922,1663776000000,7.67,7.8100000000000005,7.62,7.7,82232,63669616.0,0.0,15,7.72,0
20220923,1663862400000,7.75,7.75,7.45,7.55,85921,65200768.0,0.0,15,7.7,0
20220926,1664121600000,7.5,7.54,7.18,7.1899999999999995,87839,64415076.0,0.0,15,7.55,0
20220927,1664208000000,7.21,7.380000000000001,7.19,7.37,65449,47762086.0,0.0,15,7.19,0
20220928,1664294400000,7.37,7.4,7.11,7.11,76986,55752065.00000001,0.0,15,7.37,0
20220929,1664380800000,7.15,7.32,7.0,7.04,79635,57026918.0,0.0,15,7.11,0
20220930,1664467200000,7.04,7.15,7.0,7.05,59876,42418947.0,0.0,15,7.04,0
20221010,1665331200000,7.09,7.14,6.93,6.9399999999999995,58344,41042670.0,0.0,15,7.05,0
20221011,1665417600000,6.95,7.04,6.91,7.01,44892,31334800.0,0.0,15,6.94,0
20221012,1665504000000,7.0,7.24,6.92,7.2299999999999995,67768,48014544.00000001,0.0,15,7.01,0
20221013,1665590400000,7.24,7.57,7.140000000000001,7.41,149154,110771999.99999999,0.0,15,7.23,0
20221014,1665676800000,7.47,7.59,7.43,7.529999999999999,96335,72405124.0,0.0,15,7.41,0
20221017,1665936000000,7.4799999999999995,7.75,7.46,7.72,95634,73436900.00000001,0.0,15,7.53,0
20221018,1666022400000,7.720000000000001,7.74,7.6000000000000005,7.670000000000001,76101,58290913.0,0.0,15,7.720000000000001,0
20221019,1666108800000,7.63,7.73,7.54,7.65,74086,56581599.0,0.0,15,7.67,0
20221020,1666195200000,7.66,7.8100000000000005,7.57,7.680000000000001,97084,74827517.0,0.0,15,7.65,0
20221021,1666281600000,7.74,7.82,7.63,7.72,80956,62533183.00000001,0.0,15,7.68,0
20221024,1666540800000,7.72,7.88,7.54,7.59,100521,77503309.0,0.0,15,7.72,0
20221025,1666627200000,7.510000000000001,7.670000000000001,7.3100000000000005,7.420000000000001,96634,71909979.00000001,0.0,15,7.590000000000001,0
20221026,1666713600000,7.45,7.82,7.38,7.75,144287,111249151.00000001,0.0,15,7.42,0
20221027,1666800000000,7.8,8.01,7.72,7.92,162946,128910558.0,0.0,15,7.75,0
20221028,1666886400000,8.4,8.55,8.13,8.13,487545,405554206.99999994,0.0,15,7.920000000000001,0
20221031,1667145600000,8.13,8.55,8.13,8.42,383857,321248162.0,0.0,15,8.13,0
20221101,1667232000000,8.34,8.52,8.24,8.51,235072,197398700.00000003,0.0,15,8.42,0
20221102,1667318400000,8.52,8.59,8.41,8.49,170524,144376855.0,0.0,15,8.51,0
20221103,1667404800000,8.41,8.530000000000001,8.3,8.39,145340,122126899.0,0.0,15,8.49,0
20221104,1667491200000,8.35,8.53,8.34,8.48,143237,120867625.00000001,0.0,15,8.39,0
20221107,1667750400000,8.479999999999999,8.729999999999999,8.45,8.639999999999999,189845,163465246.0,0.0,15,8.479999999999999,0
20221108,1667836800000,8.600000000000001,8.770000000000001,8.47,8.67,175887,151986167.00000003,0.0,15,8.64,0
20221109,1667923200000,9.190000000000001,9.34,8.8,8.89,441559,399360562.0,0.0,15,8.67,0
20221110,1668009600000,8.88,9.8,8.8,9.700000000000001,650890,616709229.0,0.0,15,8.89,0
20221111,1668096000000,9.54,9.95,9.19,9.2,616076,587743384.0,0.0,15,9.7,0
20221114,1668355200000,9.07,9.370000000000001,8.91,9.28,366562,334180119.0,0.0,15,9.2,0
20221115,1668441600000,9.1,9.559999999999999,9.02,9.28,316528,294710179.00000006,0.0,15,9.28,0
20221116,1668528000000,9.12,9.7,9.08,9.55,430236,409286425.99999994,0.0,15,9.28,0
20221117,1668614400000,9.450000000000001,9.57,9.21,9.39,278240,259756320.0,0.0,15,9.55,0
20221118,1668700800000,9.379999999999999,9.5,9.19,9.209999999999999,244325,228611247.0,0.0,15,9.389999999999999,0
20221121,1668960000000,9.100000000000001,9.280000000000001,8.97,9.13,212504,193019125.0,0.0,15,9.21,0
20221122,1669046400000,9.1,9.19,8.85,8.91,193928,174452282.0,0.0,15,9.129999999999999,0
20221123,1669132800000,8.93,8.99,8.6,8.77,161540,141280924.0,0.0,15,8.91,0
20221124,1669219200000,8.79,8.94,8.77,8.809999999999999,118042,104411565.0,0.0,15,8.77,0
20221125,1669305600000,8.780000000000001,8.91,8.72,8.74,120902,106445926.0,0.0,15,8.81,0
20221128,1669564800000,8.58,8.8,8.540000000000001,8.610000000000001,108341,93586664.0,0.0,15,8.74,0
20221129,1669651200000,8.65,8.83,8.57,8.81,112293,98013407.0,0.0,15,8.61,0
20221130,1669737600000,8.8,8.84,8.59,8.6,149804,129581045.0,0.0,15,8.81,0
20221201,1669824000000,8.61,8.87,8.61,8.82,159540,140090974.0,0.0,15,8.6,0
20221202,1669910400000,8.75,9.04,8.75,8.92,149384,133466399.0,0.0,15,8.82,0
20221205,1670169600000,8.95,9.1,8.92,9.07,132398,119379943.0,0.0,15,8.92,0
20221206,1670256000000,9.030000000000001,9.100000000000001,8.89,8.950000000000001,94019,84263462.0,0.0,15,9.07,0
20221207,1670342400000,8.97,8.97,8.76,8.84,91650,80956331.0,0.0,15,8.95,0
20221208,1670428800000,8.85,8.87,8.6,8.639999999999999,96066,83244588.0,0.0,15,8.84,0
20221209,1670515200000,8.680000000000001,8.690000000000001,8.55,8.67,75426,65079012.0,0.0,15,8.64,0
20221212,1670774400000,8.63,8.76,8.58,8.6,86891,75058981.0,0.0,15,8.67,0
20221213,1670860800000,8.59,8.64,8.43,8.44,76824,65381999.0,0.0,15,8.6,0
20221214,1670947200000,8.459999999999999,8.59,8.45,8.489999999999998,57753,49155084.0,0.0,15,8.44,0
20221215,1671033600000,8.530000000000001,8.610000000000001,8.38,8.49,63523,54102208.00000001,0.0,15,8.49,0
20221216,1671120000000,8.450000000000001,8.49,8.32,8.32,80115,67035158.0,0.0,15,8.49,0
20221219,1671379200000,8.35,8.389999999999999,8.11,8.139999999999999,74331,61097112.00000001,0.0,15,8.32,0
20221220,1671465600000,8.23,8.27,8.02,8.059999999999999,63588,51522169.0,0.0,15,8.139999999999999,0
20221221,1671552000000,8.06,8.120000000000001,7.9,7.970000000000001,59884,47852329.00000001,0.0,15,8.06,0
20221222,1671638400000,8.01,8.09,7.92,7.92,53421,42722532.00000001,0.0,15,7.97,0
20221223,1671724800000,7.890000000000001,8.200000000000001,7.86,8.09,94785,76602772.0,0.0,15,7.92,0
20221226,1671984000000,8.1,8.200000000000001,8.06,8.14,55758,45391652.0,0.0,15,8.09,0
20221227,1672070400000,8.18,8.24,8.08,8.11,57775,46958168.0,0.0,15,8.14,0
20221228,1672156800000,8.110000000000001,8.110000000000001,7.94,8.030000000000001,71725,57512619.0,0.0,15,8.110000000000001,0
20221229,1672243200000,8.07,8.219999999999999,7.97,8.11,76957,62426860.00000001,0.0,15,8.03,0
20221230,1672329600000,8.11,8.280000000000001,8.07,8.21,72211,59181029.00000001,0.0,15,8.11,0
20230103,1672675200000,8.2,8.59,8.16,8.57,146175,123576194.0,0.0,15,8.21,0
20230104,1672761600000,8.57,8.75,8.5,8.74,143520,124315547.0,0.0,15,8.57,0
20230105,1672848000000,8.75,8.85,8.69,8.709999999999999,110582,96758329.99999999,0.0,15,8.74,0
20230106,1672934400000,8.709999999999999,8.84,8.61,8.639999999999999,133047,115749161.0,0.0,15,8.709999999999999,0
20230109,1673193600000,8.639999999999999,9.03,8.61,8.85,186717,166118282.0,0.0,15,8.639999999999999,0
20230110,1673280000000,8.86,9.05,8.74,8.88,131612,117193692.0,0.0,15,8.85,0
20230111,1673366400000,8.89,8.950000000000001,8.700000000000001,8.74,118438,104440070.00000001,0.0,15,8.88,0
20230112,1673452800000,8.68,8.83,8.66,8.74,98031,85765843.0,0.0,15,8.74,0
20230113,1673539200000,8.77,8.799999999999999,8.68,8.75,65903,57512097.0,0.0,15,8.74,0
20230116,1673798400000,8.79,9.01,8.78,8.889999999999999,129243,115454999.0,0.0,15,8.75,0
20230117,1673884800000,8.85,8.93,8.73,8.77,82257,72524382.0,0.0,15,8.89,0
20230118,1673971200000,8.83,8.9,8.69,8.85,82088,72449279.0,0.0,15,8.77,0
20230119,1674057600000,8.85,8.98,8.81,8.96,100397,89694301.0,0.0,15,8.85,0
20230120,1674144000000,8.94,9.13,8.9,8.99,135499,122005473.0,0.0,15,8.96,0
20230130,1675008000000,9.200000000000001,9.340000000000002,9.040000000000001,9.24,202198,186392504.0,0.0,15,8.99,0
20230131,1675094400000,9.219999999999999,9.379999999999999,9.19,9.27,178536,165863381.0,0.0,15,9.24,0
20230201,1675180800000,9.26,9.49,9.22,9.47,203883,191112262.00000003,0.0,15,9.270000000000001,0
20230202,1675267200000,9.520000000000001,9.55,9.290000000000001,9.3,200987,188589023.0,0.0,15,9.47,0
20230203,1675353600000,9.280000000000001,9.52,9.23,9.52,211033,198185089.99999997,0.0,15,9.3,0
20230206,1675612800000,9.49,9.67,9.38,9.65,260066,248458696.0,0.0,15,9.520000000000001,0
20230207,1675699200000,9.58,9.73,9.48,9.67,187502,180225730.0,0.0,15,9.65,0
20230208,1675785600000,9.66,9.7,9.44,9.479999999999999,161832,154428347.0,0.0,15,9.67,0
20230209,1675872000000,9.450000000000001,9.83,9.4,9.8,235257,227814643.0,0.0,15,9.48,0
20230210,1675958400000,9.75,9.83,9.56,9.620000000000001,154484,149590535.00000003,0.0,15,9.8,0
20230213,1676217600000,9.56,9.66,9.46,9.610000000000001,153008,146412987.0,0.0,15,9.620000000000001,0
20230214,1676304000000,9.6,9.66,9.43,9.469999999999999,134825,128108834.0,0.0,15,9.61,0
20230215,1676390400000,9.469999999999999,9.74,9.44,9.7,176991,170485932.0,0.0,15,9.469999999999999,0
20230216,1676476800000,9.71,9.97,9.5,9.56,271478,264672653.00000003,0.0,15,9.7,0
20230217,1676563200000,9.56,9.63,9.15,9.15,236610,219622475.0,0.0,15,9.56,0
20230220,1676822400000,9.24,9.450000000000001,9.23,9.41,166358,155748157.0,0.0,15,9.15,0
20230221,1676908800000,9.48,9.770000000000001,9.3,9.39,164897,156834719.00000003,0.0,15,9.41,0
20230222,1676995200000,9.37,9.45,9.17,9.38,128301,119325951.0,0.0,15,9.39,0
20230223,1677081600000,9.360000000000001,9.360000000000001,9.13,9.180000000000001,126144,116270969.0,0.0,15,9.38,0
20230224,1677168000000,9.23,9.31,9.18,9.25,76414,70686291.0,0.0,15,9.18,0
20230227,1677427200000,9.229999999999999,9.28,9.03,9.069999999999999,99506,90836921.0,0.0,15,9.25,0
20230228,1677513600000,9.22,9.38,9.08,9.25,139778,129119309.0,0.0,15,9.07,0
20230301,1677600000000,9.25,9.540000000000001,9.21,9.530000000000001,205662,194303963.99999997,0.0,15,9.25,0
20230302,1677686400000,9.530000000000001,9.58,9.46,9.520000000000001,111145,105807500.00000001,0.0,15,9.530000000000001,0
20230303,1677772800000,9.520000000000001,9.520000000000001,9.3,9.440000000000001,128929,121350184.0,0.0,15,9.520000000000001,0
20230306,1678032000000,9.46,9.530000000000001,9.39,9.42,115196,108863294.00000001,0.0,15,9.440000000000001,0
20230307,1678118400000,9.38,9.48,9.120000000000001,9.15,106561,98617658.00000001,0.0,15,9.420000000000002,0
20230308,1678204800000,9.17,9.36,9.11,9.34,85418,79148279.00000001,0.0,15,9.149999999999999,0
20230309,1678291200000,9.3,9.51,9.17,9.49,119252,111751814.0,0.0,15,9.34,0
20230310,1678377600000,9.4,9.860000000000001,9.39,9.59,282140,272899942.0,0.0,15,9.49,0
20230313,1678636800000,9.51,9.72,9.4,9.71,213850,205298261.0,0.0,15,9.59,0
20230314,1678723200000,9.629999999999999,9.74,9.43,9.62,171684,164688835.0,0.0,15,9.709999999999999,0
20230315,1678809600000,9.63,9.709999999999999,9.42,9.44,133337,126789360.0,0.0,15,9.62,0
20230316,1678896000000,9.450000000000001,9.48,9.22,9.350000000000001,122499,114689848.0,0.0,15,9.440000000000001,0
20230317,1678982400000,9.370000000000001,9.73,9.370000000000001,9.65,188727,181793022.0,0.0,15,9.350000000000001,0
20230320,1679241600000,9.66,9.75,9.5,9.51,157727,151167444.0,0.0,15,9.65,0
20230321,1679328000000,9.52,9.9,9.42,9.87,265785,259951290.0,0.0,15,9.51,0
20230322,1679414400000,9.9,10.120000000000001,9.82,10.11,311207,311563342.0,0.0,15,9.870000000000001,0
20230323,1679500800000,10.16,10.25,9.91,10.1,249627,250701125.0,0.0,15,10.11,0
20230324,1679587200000,10.05,10.3,9.97,10.22,261758,265674822.0,0.0,15,10.100000000000001,0
20230327,1679846400000,10.26,10.44,10.07,10.38,324484,333937614.0,0.0,15,10.22,0
20230328,1679932800000,10.290000000000001,10.31,10.05,10.09,231071,234408699.0,0.0,15,10.38,0
20230329,1680019200000,10.05,10.3,9.96,10.100000000000001,205287,208130378.0,0.0,15,10.090000000000002,0
20230330,1680105600000,10.16,10.19,9.86,9.94,160942,161134023.00000003,0.0,15,10.1,0
20230331,1680192000000,10.03,10.24,9.78,10.209999999999999,190652,191235988.0,0.0,15,9.94,0
20230403,1680451200000,10.17,10.63,10.08,10.61,362006,376943614.0,0.0,15,10.21,0
20230404,1680537600000,10.6,10.74,10.4,10.66,317697,336228457.00000006,0.0,15,10.610000000000001,0
20230406,1680710400000,10.37,10.5,10.18,10.299999999999999,267926,277080390.0,0.0,15,10.66,0
20230407,1680796800000,10.43,10.66,10.19,10.59,271312,284335425.0,0.0,15,10.299999999999999,0
20230410,1681056000000,10.59,10.680000000000001,10.05,10.08,284380,293452000.0,0.0,15,10.59,0
20230411,1681142400000,10.08,10.29,10.02,10.19,178921,182229761.0,0.0,15,10.08,0
20230412,1681228800000,10.23,10.64,10.21,10.540000000000001,248377,259554362.0,0.0,15,10.190000000000001,0
20230413,1681315200000,10.55,10.86,10.5,10.52,294389,313236452.0,0.0,15,10.54,0
20230414,1681401600000,10.58,10.760000000000002,10.38,10.65,248023,262657943.0,0.0,15,10.520000000000001,0
20230417,1681660800000,10.65,10.660000000000002,10.200000000000001,10.3,241516,249517590.99999997,0.0,15,10.65,0
20230418,1681747200000,10.200000000000001,10.32,9.99,10.08,196426,198841869.0,0.0,15,10.3,0
20230419,1681833600000,10.03,10.31,10.01,10.07,146440,149120718.0,0.0,15,10.08,0
20230420,1681920000000,10.040000000000001,10.270000000000001,9.950000000000001,10.23,192263,194614715.0,0.0,15,10.07,0
20230421,1682006400000,10.170000000000002,10.200000000000001,9.450000000000001,9.450000000000001,246490,240456090.0,0.0,15,10.23,0
20230424,1682265600000,9.4,9.76,9.4,9.540000000000001,142910,137312837.0,0.0,15,9.450000000000001,0
20230425,1682352000000,9.5,9.53,9.17,9.29,163648,152169225.0,0.0,15,9.54,0
20230426,1682438400000,9.280000000000001,9.38,8.96,9.010000000000002,164074,149429418.0,0.0,15,9.290000000000001,0
20230427,1682524800000,8.75,8.75,8.1,8.209999999999999,324593,270459434.00000006,0.0,15,9.01,0
20230428,1682611200000,8.309999999999999,8.58,8.27,8.549999999999999,238506,201247516.0,0.0,15,8.209999999999999,0
20230504,1683129600000,8.52,8.629999999999999,8.26,8.36,184675,154473200.0,0.0,15,8.549999999999999,0
20230505,1683216000000,8.33,8.48,8.24,8.39,163951,136990616.0,0.0,15,8.36,0
20230508,1683475200000,8.450000000000001,8.59,8.3,8.55,156616,132477469.0,0.0,15,8.39,0
20230509,1683561600000,8.5,8.6,8.41,8.43,136469,115973702.0,0.0,15,8.55,0
20230510,1683648000000,8.36,8.48,8.33,8.38,113618,95434062.0,0.0,15,8.43,0
20230511,1683734400000,8.4,8.49,8.31,8.32,103670,86812203.0,0.0,15,8.38,0
20230512,1683820800000,8.299999999999999,8.36,8.18,8.19,91657,75527742.00000001,0.0,15,8.32,0
20230515,1684080000000,8.21,8.23,7.94,8.14,113243,91474591.0,0.0,15,8.190000000000001,0
20230516,1684166400000,8.15,8.16,7.95,7.98,94884,75893047.0,0.0,15,8.14,0
20230517,1684252800000,7.960000000000001,8.07,7.890000000000001,8.040000000000001,91096,72993147.00000001,0.0,15,7.98,0
20230518,1684339200000,8.04,8.299999999999999,8.01,8.209999999999999,126095,102950650.0,0.0,15,8.04,0
20230519,1684425600000,8.23,8.270000000000001,8.14,8.24,81396,66886121.00000001,0.0,15,8.21,0
20230522,1684684800000,8.2,8.34,8.1,8.31,143717,118129752.00000001,0.0,15,8.24,0
20230523,1684771200000,8.27,8.27,8.07,8.07,105063,85458034.0,0.0,15,8.31,0
20230524,1684857600000,8.02,8.13,7.95,8.040000000000001,82701,66473561.0,0.0,15,8.07,0
20230525,1684944000000,8.05,8.1,7.86,7.99,101755,80938378.00000001,0.0,15,8.040000000000001,0
20230526,1685030400000,8.0,8.08,7.95,8.07,67421,54063892.00000001,0.0,15,7.99,0
20230529,1685289600000,8.11,8.14,8.0,8.02,86176,69520508.0,0.0,15,8.07,0
20230530,1685376000000,8.02,8.22,7.91,8.22,119251,96670440.0,0.0,15,8.02,0
20230531,1685462400000,8.200000000000001,8.32,8.15,8.3,111334,91942906.0,0.0,15,8.22,0
20230601,1685548800000,8.26,8.540000000000001,8.22,8.430000000000001,162745,136992836.00000003,0.0,15,8.3,0
20230602,1685635200000,8.46,8.5,8.38,8.4,101168,85274247.0,0.0,15,8.430000000000001,0
20230605,1685894400000,8.42,8.600000000000001,8.38,8.49,113881,96922957.99999999,0.0,15,8.4,0
20230606,1685980800000,8.51,8.54,8.25,8.3,91186,76584665.00000001,0.0,15,8.49,0
20230607,1686067200000,8.32,8.52,8.26,8.459999999999999,95511,80644434.0,0.0,15,8.299999999999999,0
20230608,1686153600000,8.47,8.57,8.33,8.5,100667,85167736.0,0.0,15,8.46,0
20230609,1686240000000,8.45,8.57,8.42,8.52,101480,86164338.0,0.0,15,8.5,0
20230612,1686499200000,8.52,8.69,8.5,8.59,112435,96529289.00000001,0.0,15,8.52,0
20230613,1686585600000,8.55,8.72,8.5,8.7,120953,104598870.0,0.0,15,8.59,0
20230614,1686672000000,8.56,8.64,8.5,8.52,100165,85656944.99999999,0.0,15,8.6,0
20230615,1686758400000,8.5,8.55,8.41,8.43,87974,74416137.0,0.0,15,8.52,0
20230616,1686844800000,8.430000000000001,8.63,8.370000000000001,8.56,115593,98538372.0,0.0,15,8.430000000000001,0
20230619,1687104000000,8.55,8.73,8.5,8.63,131772,113552164.0,0.0,15,8.56,0
20230620,1687190400000,8.64,8.76,8.56,8.72,161545,140452718.0,0.0,15,8.63,0
20230621,1687276800000,8.65,8.700000000000001,8.38,8.39,161739,137260809.0,0.0,15,8.72,0
20230626,1687708800000,8.37,8.39,8.01,8.04,138163,112523484.0,0.0,15,8.39,0
20230627,1687795200000,8.15,8.17,8.02,8.09,79130,64103470.00000001,0.0,15,8.04,0
20230628,1687881600000,8.07,8.08,7.67,7.93,144470,113116359.0,0.0,15,8.09,0
20230629,1687968000000,7.87,8.0,7.8100000000000005,7.91,117482,92772133.0,0.0,15,7.930000000000001,0
20230630,1688054400000,7.890000000000001,8.120000000000001,7.86,8.1,114827,91913719.0,0.0,15,7.91,0
20230703,1688313600000,8.100000000000001,8.16,7.930000000000001,8.100000000000001,122402,98538578.0,0.0,15,8.100000000000001,0
20230704,1688400000000,8.069999999999999,8.129999999999999,8.03,8.09,93623,75614375.0,0.0,15,8.1,0
20230705,1688486400000,8.07,8.200000000000001,7.99,8.02,107995,87214556.00000001,0.0,15,8.09,0
20230706,1688572800000,7.99,8.13,7.92,8.02,81774,65764804.0,0.0,15,8.02,0
20230707,1688659200000,7.98,8.0,7.75,7.86,115464,90506067.0,0.0,15,8.02,0
20230710,1688918400000,7.88,7.91,7.75,7.79,83221,64930731.00000001,0.0,15,7.86,0
20230711,1689004800000,7.74,7.82,7.74,7.79,60450,46985117.0,0.0,15,7.79,0
20230712,1689091200000,7.78,7.8,7.55,7.56,119804,91644604.0,0.0,15,7.79,0
20230713,1689177600000,7.61,7.73,7.54,7.71,86019,66027486.0,0.0,15,7.56,0
20230714,1689264000000,7.72,7.930000000000001,7.7,7.86,127774,100310233.0,0.0,15,7.71,0
20230717,1689523200000,7.890000000000001,7.94,7.78,7.87,67146,52574922.00000001,0.0,15,7.86,0
20230718,1689609600000,7.8500000000000005,7.9,7.78,7.82,55971,43774767.0,0.0,15,7.87,0
20230719,1689696000000,7.81,7.89,7.79,7.84,55199,43307204.0,0.0,15,7.82,0
20230720,1689782400000,7.83,7.9,7.74,7.7700000000000005,81847,64031584.00000001,0.0,15,7.84,0
20230721,1689868800000,7.73,7.800000000000001,7.69,7.720000000000001,56229,43518738.99999999,0.0,15,7.7700000000000005,0
20230724,1690128000000,7.71,7.840000000000001,7.61,7.760000000000001,63654,49251579.0,0.0,15,7.720000000000001,0
20230725,1690214400000,7.82,8.17,7.82,8.09,200478,160727614.0,0.0,15,7.760000000000001,0
20230726,1690300800000,8.09,8.100000000000001,7.930000000000001,7.960000000000001,98599,78647365.0,0.0,15,8.09,0
20230727,1690387200000,7.9399999999999995,8.0,7.8,7.819999999999999,84366,66586928.0,0.0,15,7.96,0
20230728,1690473600000,7.83,8.44,7.78,8.42,375267,309007157.0,0.0,15,7.82,0
20230731,1690732800000,8.3,8.55,8.290000000000001,8.360000000000001,258232,217240766.00000003,0.0,15,8.420000000000002,0
20230801,1690819200000,8.36,8.41,8.25,8.28,141833,117907120.99999999,0.0,15,8.36,0
20230802,1690905600000,8.280000000000001,8.510000000000002,8.21,8.370000000000001,161139,135125303.0,0.0,15,8.280000000000001,0
20230803,1690992000000,8.33,8.82,8.32,8.700000000000001,340690,292639584.00000006,0.0,15,8.370000000000001,0
20230804,1691078400000,8.799999999999999,9.91,8.77,9.28,793263,740787921.0,0.0,15,8.7,0
20230807,1691337600000,9.270000000000001,9.41,9.05,9.32,495988,457705478.0,0.0,15,9.280000000000001,0
20230808,1691424000000,9.190000000000001,9.190000000000001,8.88,8.97,360826,324588928.0,0.0,15,9.32,0
20230809,1691510400000,8.81,9.360000000000001,8.790000000000001,9.260000000000002,479623,440074208.0,0.0,15,8.97,0
20230810,1691596800000,9.190000000000001,9.770000000000001,9.040000000000001,9.770000000000001,699053,663407654.0,0.0,15,9.260000000000002,0
20230811,1691683200000,9.5,9.54,9.0,9.0,502573,462357927.0,0.0,15,9.77,0
20230814,1691942400000,8.88,9.07,8.75,8.96,307248,273558711.0,0.0,15,9.0,0
20230815,1692028800000,8.799999999999999,8.91,8.61,8.83,322076,281544697.0,0.0,15,8.959999999999999,0
20230816,1692115200000,8.99,10.600000000000001,8.88,10.0,1337836,1328931661.0,0.0,15,8.83,0
20230817,1692201600000,9.74,10.42,9.68,10.23,1201234,1205751873.0,0.0,15,10.0,0
20230818,1692288000000,10.05,10.21,9.57,9.63,712462,701305180.0,0.0,15,10.23,0
20230821,1692547200000,9.75,9.84,9.49,9.55,466151,449274423.0,0.0,15,9.63,0
20230822,1692633600000,9.549999999999999,10.35,9.52,10.129999999999999,858079,846248075.0,0.0,15,9.549999999999999,0
20230823,1692720000000,9.88,9.89,9.4,9.450000000000001,649529,625850277.0,0.0,15,10.13,0
20230824,1692806400000,9.46,9.750000000000002,9.200000000000001,9.56,525070,497099992.99999994,0.0,15,9.450000000000001,0
20230825,1692892800000,9.370000000000001,9.840000000000002,9.290000000000001,9.600000000000001,538079,519248935.0,0.0,15,9.56,0
20230828,1693152000000,11.0,11.0,9.43,9.51,874095,892750118.0000001,0.0,15,9.6,0
20230829,1693238400000,9.520000000000001,9.870000000000001,9.3,9.72,585363,563252095.0,0.0,15,9.510000000000002,0
20230830,1693324800000,9.620000000000001,9.620000000000001,9.24,9.25,506843,474837849.0,0.0,15,9.72,0
20230831,1693411200000,9.27,9.280000000000001,8.98,9.15,283474,258592657.0,0.0,15,9.25,0
20230901,1693497600000,9.23,9.23,8.9,8.94,258639,233507958.99999997,0.0,15,9.15,0
20230904,1693756800000,8.93,9.129999999999999,8.93,9.11,182474,165317818.0,0.0,15,8.94,0
20230905,1693843200000,9.08,9.1,8.85,8.879999999999999,190980,170339389.0,0.0,15,9.11,0
20230906,1693929600000,8.870000000000001,8.88,8.66,8.69,240756,210065205.0,0.0,15,8.88,0
20230907,1694016000000,8.66,8.85,8.58,8.75,199128,174306565.0,0.0,15,8.69,0
20230908,1694102400000,8.65,8.8,8.540000000000001,8.72,161348,139786785.0,0.0,15,8.750000000000002,0
20230911,1694361600000,8.73,8.91,8.63,8.88,187701,164926917.0,0.0,15,8.72,0
20230912,1694448000000,8.81,8.870000000000001,8.73,8.780000000000001,131083,115138131.0,0.0,15,8.88,0
20230913,1694534400000,8.78,8.8,8.5,8.57,134664,115992518.0,0.0,15,8.78,0
20230914,1694620800000,8.549999999999999,8.62,8.45,8.53,101471,86584201.0,0.0,15,8.569999999999999,0
20230915,1694707200000,8.52,8.65,8.49,8.540000000000001,104369,89383523.0,0.0,15,8.53,0
20230918,1694966400000,8.49,8.65,8.41,8.6,91432,78505403.0,0.0,15,8.540000000000001,0
20230919,1695052800000,8.59,8.610000000000001,8.48,8.5,72588,62027298.0,0.0,15,8.6,0
20230920,1695139200000,8.53,8.63,8.49,8.49,66373,56808700.0,0.0,15,8.5,0
20230921,1695225600000,8.49,8.59,8.44,8.459999999999999,74518,63362687.00000001,0.0,15,8.49,0
20230922,1695312000000,8.42,8.69,8.41,8.66,147673,126907242.0,0.0,15,8.46,0
20230925,1695571200000,8.68,8.68,8.39,8.48,166738,141461746.0,0.0,15,8.66,0
20230926,1695657600000,8.43,8.57,8.43,8.51,81995,69849506.00000001,0.0,15,8.48,0
20230927,1695744000000,8.51,8.57,8.42,8.44,103030,87418999.99999999,0.0,15,8.51,0
20230928,1695830400000,8.46,8.56,8.46,8.540000000000001,94546,80650184.00000001,0.0,15,8.440000000000001,0
20231009,1696780800000,8.51,8.540000000000001,8.4,8.450000000000001,107792,91077307.0,0.0,15,8.540000000000001,0
20231010,1696867200000,8.45,8.75,8.41,8.67,195610,168917695.0,0.0,15,8.45,0
20231011,1696953600000,8.66,8.81,8.56,8.72,145622,126865146.0,0.0,15,8.67,0
20231012,1697040000000,8.790000000000001,8.85,8.66,8.68,124231,108310473.0,0.0,15,8.72,0
20231013,1697126400000,8.63,8.64,8.49,8.52,121328,103876817.99999999,0.0,15,8.68,0
20231016,1697385600000,8.5,8.629999999999999,8.44,8.5,108221,92120837.0,0.0,15,8.52,0
20231017,1697472000000,8.57,9.100000000000001,8.56,9.030000000000001,392003,348595127.0,0.0,15,8.5,0
20231018,1697558400000,8.9,8.99,8.72,8.88,262228,231654046.00000003,0.0,15,9.030000000000001,0
20231019,1697644800000,8.809999999999999,9.25,8.77,8.95,354277,320372244.0,0.0,15,8.879999999999999,0
20231020,1697731200000,8.88,9.3,8.83,9.27,443350,406452710.0,0.0,15,8.95,0
20231023,1697990400000,9.16,9.17,8.1,8.28,436205,372660551.0,0.0,15,9.27,0
20231024,1698076800000,8.27,8.65,7.55,8.58,394311,324276093.0,0.0,15,8.28,0
20231025,1698163200000,8.61,8.9,8.51,8.72,274283,239200521.0,0.0,15,8.58,0
20231026,1698249600000,8.68,8.85,8.58,8.83,218138,191221195.0,0.0,15,8.72,0
20231027,1698336000000,8.879999999999999,8.879999999999999,8.53,8.69,183176,158974876.0,0.0,15,8.83,0
20231030,1698595200000,8.66,8.790000000000001,8.620000000000001,8.750000000000002,172375,150664436.0,0.0,15,8.690000000000001,0
20231031,1698681600000,8.75,8.91,8.56,8.65,203256,177532414.0,0.0,15,8.75,0
20231101,1698768000000,8.71,8.790000000000001,8.48,8.48,162233,139550393.99999997,0.0,15,8.65,0
20231102,1698854400000,8.47,8.68,8.39,8.4,167603,142631203.0,0.0,15,8.48,0
20231103,1698940800000,8.4,8.65,8.39,8.51,142529,121426275.99999999,0.0,15,8.4,0
20231106,1699200000000,8.639999999999999,8.889999999999999,8.61,8.889999999999999,255661,224774437.0,0.0,15,8.51,0
20231107,1699286400000,8.85,9.02,8.82,9.0,207327,185178569.0,0.0,15,8.89,0
20231108,1699372800000,9.05,9.21,8.97,9.110000000000001,260494,237096438.00000003,0.0,15,9.0,0
20231109,1699459200000,9.200000000000001,9.25,9.05,9.110000000000001,191693,174807773.0,0.0,15,9.110000000000001,0
20231110,1699545600000,9.08,9.15,9.02,9.03,133015,120584759.00000001,0.0,15,9.11,0
20231113,1699804800000,9.09,9.32,9.08,9.21,205132,189457269.00000003,0.0,15,9.03,0
20231114,1699891200000,9.24,9.450000000000001,9.200000000000001,9.39,234304,219288896.0,0.0,15,9.21,0
20231115,1699977600000,9.43,9.56,9.32,9.34,252915,238345170.0,0.0,15,9.39,0
20231116,1700064000000,9.340000000000002,9.4,9.200000000000001,9.290000000000001,156585,146106906.0,0.0,15,9.340000000000002,0
20231117,1700150400000,9.340000000000002,9.360000000000001,9.21,9.280000000000001,137621,127590030.0,0.0,15,9.290000000000001,0
20231120,1700409600000,9.280000000000001,9.38,9.200000000000001,9.3,137084,127276952.99999999,0.0,15,9.280000000000001,0
20231121,1700496000000,9.32,9.440000000000001,9.23,9.26,170367,159251124.0,0.0,15,9.3,0
20231122,1700582400000,9.25,9.36,9.09,9.1,197260,181801579.0,0.0,15,9.26,0
20231123,1700668800000,9.15,9.190000000000001,8.97,9.13,141934,129008119.99999999,0.0,15,9.100000000000001,0
20231124,1700755200000,9.17,9.17,8.85,8.889999999999999,150765,134769213.0,0.0,15,9.129999999999999,0
20231127,1701014400000,8.88,9.05,8.88,8.91,116337,104113442.00000001,0.0,15,8.89,0
20231128,1701100800000,8.94,9.07,8.85,8.969999999999999,100718,90289568.0,0.0,15,8.91,0
20231129,1701187200000,8.92,8.99,8.85,8.87,89677,79940096.0,0.0,15,8.969999999999999,0
20231130,1701273600000,8.9,8.9,8.700000000000001,8.770000000000001,87854,77184606.0,0.0,15,8.870000000000001,0
20231201,1701360000000,8.78,9.09,8.74,9.040000000000001,128143,114630365.0,0.0,15,8.77,0
20231204,1701619200000,9.14,9.5,9.14,9.280000000000001,291730,271986068.0,0.0,15,9.040000000000001,0
20231205,1701705600000,9.26,9.280000000000001,8.9,8.91,213202,192619498.0,0.0,15,9.280000000000001,0
20231206,1701792000000,8.95,9.11,8.78,8.95,144094,128801599.0,0.0,15,8.91,0
20231207,1701878400000,8.95,9.23,8.91,9.18,213438,194516676.0,0.0,15,8.95,0
20231208,1701964800000,9.18,9.21,8.98,9.040000000000001,176664,160493402.0,0.0,15,9.18,0
20231211,1702224000000,9.09,9.32,8.94,9.309999999999999,224942,205955107.0,0.0,15,9.04,0
20231212,1702310400000,9.3,9.39,9.24,9.32,152473,142004705.0,0.0,15,9.31,0
20231213,1702396800000,9.34,9.37,9.19,9.219999999999999,115186,106756059.00000001,0.0,15,9.32,0
20231214,1702483200000,9.22,9.31,9.09,9.11,139149,127911245.0,0.0,15,9.22,0
20231215,1702569600000,9.110000000000001,9.16,8.96,9.010000000000002,106289,96053503.00000001,0.0,15,9.110000000000001,0
20231218,1702828800000,9.040000000000001,9.09,8.56,8.59,199955,175788849.0,0.0,15,9.01,0
20231219,1702915200000,7.73,7.94,7.4,7.8100000000000005,575117,444871282.0,0.0,15,8.59,0
20231220,1703001600000,7.8500000000000005,7.8500000000000005,7.5600000000000005,7.57,279204,214209886.0,0.0,15,7.8100000000000005,0
20231221,1703088000000,7.63,7.83,7.55,7.74,217173,166662446.0,0.0,15,7.569999999999999,0
20231222,1703174400000,7.74,7.84,7.54,7.56,171215,130690086.0,0.0,15,7.74,0
20231225,1703433600000,7.5600000000000005,7.67,7.41,7.47,112068,83960813.00000001,0.0,15,7.5600000000000005,0
20231226,1703520000000,7.46,7.49,7.2,7.26,151730,110809517.0,0.0,15,7.470000000000001,0
20231227,1703606400000,7.29,7.4399999999999995,7.26,7.3999999999999995,133014,97986519.00000001,0.0,15,7.26,0
20231228,1703692800000,7.390000000000001,7.670000000000001,7.3500000000000005,7.61,141321,106487890.0,0.0,15,7.4,0
20231229,1703779200000,7.61,7.790000000000001,7.6000000000000005,7.760000000000001,121326,93719750.0,0.0,15,7.61,0
20240102,1704124800000,7.7700000000000005,7.930000000000001,7.73,7.74,153048,119839384.00000001,0.0,15,7.760000000000001,0
20240103,1704211200000,7.72,7.86,7.66,7.73,102132,79029710.00000001,0.0,15,7.74,0
20240104,1704297600000,7.73,7.76,7.62,7.72,86163,66414876.0,0.0,15,7.73,0
20240105,1704384000000,7.750000000000001,7.78,7.5200000000000005,7.5600000000000005,105801,80778666.0,0.0,15,7.720000000000001,0
20240108,1704643200000,7.5600000000000005,7.58,7.37,7.38,104585,77970507.99999999,0.0,15,7.5600000000000005,0
20240109,1704729600000,7.4,7.5,7.32,7.38,86861,64400388.0,0.0,15,7.38,0
20240110,1704816000000,7.37,7.37,7.12,7.22,108863,78825537.0,0.0,15,7.38,0
20240111,1704902400000,7.29,7.51,7.2,7.48,117112,86693517.0,0.0,15,7.22,0
20240112,1704988800000,7.48,7.500000000000001,7.3500000000000005,7.37,81917,60674467.0,0.0,15,7.48,0
20240115,1705248000000,7.36,7.42,7.25,7.31,73609,53906300.0,0.0,15,7.37,0
20240116,1705334400000,7.33,7.430000000000001,7.19,7.340000000000001,101132,73642109.0,0.0,15,7.3100000000000005,0
20240117,1705420800000,7.3500000000000005,7.380000000000001,7.15,7.15,91394,66515546.00000001,0.0,15,7.340000000000001,0
20240118,1705507200000,7.130000000000001,7.23,6.890000000000001,7.130000000000001,146180,102764271.0,0.0,15,7.15,0
20240119,1705593600000,7.18,7.1899999999999995,6.92,6.9399999999999995,114842,80466421.0,0.0,15,7.13,0
20240122,1705852800000,6.9799999999999995,7.02,6.43,6.489999999999999,174916,117285588.0,0.0,15,6.9399999999999995,0
20240123,1705939200000,6.489999999999999,6.6499999999999995,6.43,6.609999999999999,120894,79257362.00000001,0.0,15,6.489999999999999,0
20240124,1706025600000,6.64,6.81,6.42,6.81,144539,95660762.0,0.0,15,6.61,0
20240125,1706112000000,6.75,6.92,6.67,6.9,155399,106107987.0,0.0,15,6.81,0
20240126,1706198400000,6.85,7.03,6.84,6.859999999999999,114671,79343765.0,0.0,15,6.8999999999999995,0
20240129,1706457600000,6.87,6.95,6.59,6.6,110072,73766851.0,0.0,15,6.859999999999999,0
20240130,1706544000000,6.56,6.67,6.38,6.39,101696,66422502.00000001,0.0,15,6.6,0
20240131,1706630400000,6.37,6.430000000000001,5.9,5.930000000000001,175891,107658781.0,0.0,15,6.390000000000001,0
20240201,1706716800000,5.91,6.28,5.8100000000000005,5.87,160764,95505432.0,0.0,15,5.930000000000001,0
20240202,1706803200000,5.9,6.0600000000000005,5.23,5.510000000000001,224207,125690425.0,0.0,15,5.87,0
20240205,1707062400000,5.38,5.45,4.62,4.67,346847,169407060.0,0.0,15,5.51,0
20240206,1707148800000,4.58,5.07,4.37,4.92,321225,151058651.0,0.0,15,4.67,0
20240207,1707235200000,4.9399999999999995,5.21,4.89,5.1,269329,136604516.0,0.0,15,4.92,0
20240208,1707321600000,5.19,6.120000000000001,5.1000000000000005,6.120000000000001,429759,251586666.0,0.0,15,5.1000000000000005,0
20240219,1708272000000,6.3,6.3,5.83,6.0,488208,293483127.0,0.0,15,6.12,0
20240220,1708358400000,5.99,6.0,5.75,5.96,289436,170258608.00000003,0.0,15,6.0,0
20240221,1708444800000,5.880000000000001,6.3100000000000005,5.8500000000000005,6.07,366459,224506077.00000003,0.0,15,5.960000000000001,0
20240222,1708531200000,6.07,6.300000000000001,6.0600000000000005,6.300000000000001,328099,203426646.00000003,0.0,15,6.07,0
20240223,1708617600000,6.44,6.670000000000001,6.3100000000000005,6.640000000000001,424598,275261929.0,0.0,15,6.300000000000001,0
20240226,1708876800000,6.640000000000001,6.67,6.41,6.5200000000000005,380060,248132011.99999997,0.0,15,6.640000000000001,0
20240227,1708963200000,6.529999999999999,6.77,6.43,6.77,267230,176512063.00000003,0.0,15,6.52,0
20240228,1709049600000,6.7700000000000005,6.94,6.24,6.26,384052,255841967.0,0.0,15,6.7700000000000005,0
20240229,1709136000000,6.28,6.550000000000001,6.28,6.54,232711,150141581.00000003,0.0,15,6.260000000000001,0
20240301,1709222400000,6.57,6.7700000000000005,6.49,6.720000000000001,258678,172436934.0,0.0,15,6.54,0
20240304,1709481600000,6.71,6.76,6.49,6.680000000000001,192875,127680950.0,0.0,15,6.720000000000001,0
20240305,1709568000000,6.7,6.7,6.47,6.51,181994,119258346.0,0.0,15,6.68,0
20240306,1709654400000,6.470000000000001,6.61,6.36,6.510000000000001,153958,99981240.0,0.0,15,6.510000000000001,0
20240307,1709740800000,6.52,6.59,6.34,6.34,146271,94576575.0,0.0,15,6.51,0
20240308,1709827200000,6.34,6.48,6.32,6.430000000000001,108032,69110613.99999999,0.0,15,6.34,0
20240311,1710086400000,6.45,6.550000000000001,6.390000000000001,6.550000000000001,132757,85915665.99999999,0.0,15,6.430000000000001,0
20240312,1710172800000,6.590000000000001,6.73,6.5600000000000005,6.710000000000001,207720,138318997.99999997,0.0,15,6.550000000000001,0
20240313,1710259200000,6.71,6.82,6.67,6.75,202225,136395515.0,0.0,15,6.71,0
20240314,1710345600000,6.73,6.74,6.5200000000000005,6.65,162743,108173303.0,0.0,15,6.750000000000001,0
20240315,1710432000000,6.62,6.69,6.5,6.68,120286,79460057.00000001,0.0,15,6.65,0
20240318,1710691200000,6.78,6.800000000000001,6.65,6.78,159130,107163517.99999999,0.0,15,6.680000000000001,0
20240319,1710777600000,6.78,6.9,6.73,6.82,177644,121367267.0,0.0,15,6.78,0
20240320,1710864000000,6.8,7.0200000000000005,6.78,7.0200000000000005,209437,145331095.0,0.0,15,6.82,0
20240321,1710950400000,7.0200000000000005,7.12,6.9,6.96,204913,143289470.00000003,0.0,15,7.0200000000000005,0
20240322,1711036800000,6.96,7.02,6.75,6.92,196810,135455576.00000003,0.0,15,6.96,0
20240325,1711296000000,6.94,6.97,6.62,6.63,167912,114336360.00000001,0.0,15,6.92,0
20240326,1711382400000,6.630000000000001,6.720000000000001,6.36,6.470000000000001,165928,108363421.0,0.0,15,6.630000000000001,0
20240327,1711468800000,6.470000000000001,6.49,6.0600000000000005,6.08,155799,97355456.0,0.0,15,6.470000000000001,0
20240328,1711555200000,6.12,6.43,6.08,6.35,160648,101209502.0,0.0,15,6.08,0
20240329,1711641600000,6.3500000000000005,6.45,6.24,6.44,145348,92336403.0,0.0,15,6.3500000000000005,0
20240401,1711900800000,6.4799999999999995,6.62,6.46,6.6,132595,86894077.00000001,0.0,15,6.44,0
20240402,1711987200000,6.66,6.66,6.42,6.5,115780,75273796.0,0.0,15,6.6,0
20240403,1712073600000,6.49,6.49,6.24,6.3100000000000005,133385,84395050.0,0.0,15,6.5,0
20240408,1712505600000,6.34,6.34,6.08,6.08,129753,79853372.99999999,0.0,15,6.3100000000000005,0
20240409,1712592000000,6.15,6.2,6.07,6.140000000000001,90894,55737978.0,0.0,15,6.08,0
20240410,1712678400000,6.16,6.16,5.9,5.970000000000001,118929,71299278.99999999,0.0,15,6.140000000000001,0
20240411,1712764800000,5.930000000000001,6.140000000000001,5.9,6.03,122120,73836060.0,0.0,15,5.970000000000001,0
20240412,1712851200000,6.06,6.109999999999999,5.93,5.9399999999999995,102921,61801605.00000001,0.0,15,6.029999999999999,0
20240415,1713110400000,5.930000000000001,6.1000000000000005,5.5200000000000005,5.65,192484,110218018.00000001,0.0,15,5.94,0
20240416,1713196800000,5.6000000000000005,5.66,5.19,5.25,181582,97028400.0,0.0,15,5.65,0
20240417,1713283200000,5.3,5.8,5.3,5.8,171002,96089886.0,0.0,15,5.25,0
20240418,1713369600000,5.8,5.8100000000000005,5.58,5.61,147450,83671472.0,0.0,15,5.8,0
20240419,1713456000000,5.590000000000001,5.670000000000001,5.5200000000000005,5.550000000000001,94427,52668178.0,0.0,15,5.61,0
20240422,1713715200000,5.5200000000000005,5.680000000000001,5.36,5.61,102461,57055852.00000001,0.0,15,5.550000000000001,0
20240423,1713801600000,5.62,5.800000000000001,5.6000000000000005,5.750000000000001,109537,62819233.00000001,0.0,15,5.61,0
20240424,1713888000000,5.78,5.94,5.75,5.94,117272,68918503.00000001,0.0,15,5.75,0
20240425,1713974400000,5.94,6.01,5.83,5.88,110780,65537836.0,0.0,15,5.94,0
20240426,1714060800000,6.01,6.18,5.88,6.17,156382,95061788.0,0.0,15,5.88,0
20240429,1714320000000,6.15,6.220000000000001,6.0200000000000005,6.19,242247,148881561.00000003,0.0,15,6.170000000000001,0
20240430,1714406400000,6.15,6.22,6.04,6.12,154132,94504553.99999999,0.0,15,6.19,0
20240506,1714924800000,6.5,6.65,6.12,6.13,237727,148918144.99999997,0.0,15,6.12,0
20240507,1715011200000,6.13,6.180000000000001,6.03,6.1000000000000005,147511,89932738.0,0.0,15,6.13,0
20240508,1715097600000,6.06,6.07,5.88,5.89,132107,78444717.0,0.0,15,6.1,0
20240509,1715184000000,5.89,6.02,5.89,5.9399999999999995,90686,54071260.0,0.0,15,5.89,0
20240510,1715270400000,5.93,6.18,5.79,5.97,259161,155356024.0,0.0,15,5.94,0
20240513,1715529600000,5.859999999999999,5.859999999999999,5.64,5.72,189853,108957492.0,0.0,15,5.97,0
20240514,1715616000000,5.75,5.84,5.66,5.76,115417,66168715.0,0.0,15,5.72,0
20240515,1715702400000,5.79,5.79,5.66,5.68,73011,41754360.0,0.0,15,5.76,0
20240516,1715788800000,5.69,5.83,5.69,5.760000000000001,100978,58368780.99999999,0.0,15,5.680000000000001,0
20240517,1715875200000,5.77,5.97,5.76,5.96,115272,67872099.00000001,0.0,15,5.76,0
20240520,1716134400000,5.96,6.03,5.87,5.89,109275,64846316.0,0.0,15,5.96,0
20240521,1716220800000,5.8999999999999995,5.95,5.8,5.819999999999999,83647,48968617.0,0.0,15,5.89,0
20240522,1716307200000,5.8500000000000005,5.930000000000001,5.78,5.930000000000001,81995,48286916.0,0.0,15,5.82,0
20240523,1716393600000,5.93,5.93,5.75,5.77,86573,50259096.0,0.0,15,5.93,0
20240524,1716480000000,5.74,5.81,5.63,5.63,78393,44725114.00000001,0.0,15,5.77,0
20240527,1716739200000,5.710000000000001,5.720000000000001,5.48,5.62,88620,49241618.0,0.0,15,5.630000000000001,0
20240528,1716825600000,5.58,5.64,5.5,5.53,70950,39488008.0,0.0,15,5.62,0
20240529,1716912000000,5.54,5.6499999999999995,5.51,5.52,61777,34423559.0,0.0,15,5.529999999999999,0
20240530,1716998400000,5.47,5.58,5.45,5.51,60056,33169186.000000004,0.0,15,5.5200000000000005,0
20240531,1717084800000,5.53,5.66,5.5,5.62,77787,43607883.0,0.0,15,5.51,0
20240603,1717344000000,5.61,5.65,5.4,5.46,142554,78245144.0,0.0,15,5.62,0
20240604,1717430400000,5.42,5.48,5.28,5.36,135225,72300156.0,0.0,15,5.46,0
20240605,1717516800000,5.33,5.54,5.3,5.33,104551,56579395.0,0.0,15,5.359999999999999,0
20240606,1717603200000,5.31,5.37,5.09,5.17,150586,77814951.0,0.0,15,5.33,0
20240607,1717689600000,5.1899999999999995,5.279999999999999,5.14,5.199999999999999,101756,53096743.00000001,0.0,15,5.17,0
20240611,1718035200000,5.2,5.380000000000001,5.1000000000000005,5.300000000000001,110068,57866295.0,0.0,15,5.2,0
20240612,1718121600000,5.2700000000000005,5.380000000000001,5.2700000000000005,5.33,90462,48347662.0,0.0,15,5.300000000000001,0
20240613,1718208000000,5.34,5.38,5.26,5.27,95603,50746596.0,0.0,15,5.33,0
20240614,1718294400000,5.2700000000000005,5.4,5.19,5.36,134781,71484306.0,0.0,15,5.2700000000000005,0
20240617,1718553600000,5.36,5.36,5.21,5.22,110025,57913114.0,0.0,15,5.36,0
20240618,1718640000000,5.24,5.35,5.21,5.32,118552,62794696.0,0.0,15,5.22,0
20240619,1718726400000,5.32,5.44,5.32,5.33,124138,66643144.00000001,0.0,15,5.32,0
20240620,1718812800000,5.3,5.34,5.13,5.13,100457,52327140.00000001,0.0,15,5.33,0
20240621,1718899200000,5.1499999999999995,5.22,5.01,5.1499999999999995,89358,45764832.0,0.0,15,5.13,0
20240624,1719158400000,5.09,5.16,4.92,5.0,128931,64729152.99999999,0.0,15,5.15,0
20240625,1719244800000,5.08,5.08,4.91,5.01,100558,50238302.00000001,0.0,15,5.0,0
20240626,1719331200000,4.96,5.24,4.9,5.23,155029,79452061.0,0.0,15,5.010000000000001,0
20240627,1719417600000,5.220000000000001,5.260000000000001,5.11,5.140000000000001,100767,52254111.0,0.0,15,5.23,0
20240628,1719504000000,5.14,5.24,5.05,5.08,120316,61940964.00000001,0.0,15,5.14,0
20240701,1719763200000,5.08,5.11,4.95,5.08,89022,44784917.0,0.0,15,5.08,0
20240702,1719849600000,5.09,5.470000000000001,5.07,5.3500000000000005,240010,128099837.0,0.0,15,5.08,0
20240703,1719936000000,5.35,5.35,5.21,5.22,134161,70539963.00000001,0.0,15,5.35,0
20240704,1720022400000,5.24,5.28,4.98,5.010000000000001,125710,64078368.00000001,0.0,15,5.220000000000001,0
20240705,1720108800000,5.02,5.31,4.88,5.2299999999999995,204646,106236325.0,0.0,15,5.01,0
20240708,1720368000000,5.17,5.17,4.9,4.92,153114,76432250.00000001,0.0,15,5.23,0
20240709,1720454400000,4.930000000000001,5.03,4.7700000000000005,5.010000000000001,145152,71284535.0,0.0,15,4.920000000000001,0
20240710,1720540800000,4.9799999999999995,5.069999999999999,4.93,4.97,91912,45826560.0,0.0,15,5.01,0
20240711,1720627200000,5.03,5.12,5.03,5.08,112797,57248036.00000001,0.0,15,4.930000000000001,0
20240712,1720713600000,5.07,5.15,5.04,5.06,89631,45605792.0,0.0,15,5.08,0
20240715,1720972800000,5.0600000000000005,5.08,4.9,4.91,93710,46364421.0,0.0,15,5.0600000000000005,0
20240716,1721059200000,4.8999999999999995,4.9799999999999995,4.84,4.9399999999999995,62804,30900767.0,0.0,15,4.91,0
20240717,1721145600000,4.91,5.0,4.91,4.92,68134,33756284.0,0.0,15,4.94,0
20240718,1721232000000,4.86,4.86,4.71,4.84,94552,45205450.99999999,0.0,15,4.92,0
20240719,1721318400000,4.81,4.92,4.8,4.859999999999999,57756,28114815.000000004,0.0,15,4.84,0
20240722,1721577600000,4.91,5.08,4.9,5.0200000000000005,133434,66848504.0,0.0,15,4.86,0
20240723,1721664000000,5.2,5.2700000000000005,5.04,5.04,168858,86541517.0,0.0,15,5.0200000000000005,0
20240724,1721750400000,5.0,5.11,4.92,4.93,108304,53984515.0,0.0,15,5.04,0
20240725,1721836800000,4.9,5.92,4.9,5.92,1010734,582295306.0,0.0,15,4.930000000000001,0
20240726,1721923200000,5.7,5.9,5.6000000000000005,5.65,863697,493922221.0,0.0,15,5.920000000000001,0
20240729,1722182400000,5.65,5.8100000000000005,5.45,5.720000000000001,633002,355223281.00000006,0.0,15,5.65,0
20240730,1722268800000,5.59,5.760000000000001,5.57,5.59,455691,257550301.0,0.0,15,5.720000000000001,0
20240731,1722355200000,5.56,6.53,5.5,6.08,901353,539513911.0000001,0.0,15,5.59,0
20240801,1722441600000,5.92,6.11,5.87,6.0,624698,371894900.0,0.0,15,6.08,0
20240802,1722528000000,5.930000000000001,5.99,5.69,5.73,357790,208108501.0,0.0,15,6.0,0
20240805,1722787200000,5.609999999999999,5.779999999999999,5.51,5.52,242784,136818673.0,0.0,15,5.7299999999999995,0
20240806,1722873600000,5.65,5.75,5.48,5.6000000000000005,189991,105707642.0,0.0,15,5.5200000000000005,0
20240807,1722960000000,5.57,5.630000000000001,5.5200000000000005,5.54,145004,80853846.99999999,0.0,15,5.6000000000000005,0
20240808,1723046400000,5.51,5.62,5.43,5.529999999999999,183597,101425028.00000001,0.0,15,5.54,0
20240809,1723132800000,5.61,5.69,5.53,5.53,209697,117785161.0,0.0,15,5.53,0
20240812,1723392000000,5.44,5.5,5.24,5.28,215552,115227216.0,0.0,15,5.53,0
20240813,1723478400000,5.28,5.4,5.23,5.390000000000001,129943,69263148.0,0.0,15,5.28,0
20240814,1723564800000,5.4,5.43,5.33,5.35,94121,50635747.0,0.0,15,5.39,0
20240815,1723651200000,5.33,5.66,5.3100000000000005,5.590000000000001,240088,132563927.0,0.0,15,5.3500000000000005,0
20240816,1723737600000,5.550000000000001,5.8500000000000005,5.5200000000000005,5.630000000000001,298694,170249993.0,0.0,15,5.590000000000001,0
20240819,1723996800000,5.64,6.069999999999999,5.64,5.989999999999999,569251,337277194.0,0.0,15,5.63,0
20240820,1724083200000,5.8999999999999995,5.92,5.68,5.71,343375,197649332.0,0.0,15,5.989999999999999,0
20240821,1724169600000,5.68,5.85,5.67,5.72,187759,107913145.00000001,0.0,15,5.71,0
20240822,1724256000000,5.68,5.76,5.42,5.46,251999,139991781.0,0.0,15,5.72,0
20240823,1724342400000,5.47,5.72,5.43,5.62,196196,109683688.0,0.0,15,5.46,0
20240826,1724601600000,5.57,5.62,5.48,5.5600000000000005,135096,75001823.00000001,0.0,15,5.62,0
20240827,1724688000000,5.529999999999999,5.6,5.43,5.449999999999999,119132,65379363.99999999,0.0,15,5.56,0
20240828,1724774400000,5.44,5.58,5.33,5.49,136512,74450467.0,0.0,15,5.45,0
20240829,1724860800000,5.4399999999999995,5.6,5.39,5.569999999999999,139810,77374437.00000001,0.0,15,5.489999999999999,0
20240830,1724947200000,5.57,5.88,5.53,5.75,321420,185908528.00000003,0.0,15,5.57,0
20240902,1725206400000,5.75,5.75,5.55,5.569999999999999,206389,116378306.0,0.0,15,5.75,0
20240903,1725292800000,5.6,5.8999999999999995,5.55,5.83,277171,158286538.0,0.0,15,5.569999999999999,0
20240904,1725379200000,5.8100000000000005,6.69,5.74,6.12,680579,414294807.0,0.0,15,5.83,0
20240905,1725465600000,6.18,6.39,6.05,6.1,592265,366629314.00000006,0.0,15,6.12,0
20240906,1725552000000,6.069999999999999,6.31,5.93,5.97,457325,278943081.0,0.0,15,6.1,0
20240909,1725811200000,5.83,6.04,5.79,5.88,273921,161770660.0,0.0,15,5.97,0
20240910,1725897600000,5.91,6.08,5.71,6.01,283162,167081861.0,0.0,15,5.88,0
20240911,1725984000000,5.95,6.050000000000001,5.9,6.0,198950,118908512.0,0.0,15,6.010000000000001,0
20240912,1726070400000,6.0,6.09,5.87,6.03,293309,176108603.0,0.0,15,6.0,0
20240913,1726156800000,6.0,6.04,5.8,5.819999999999999,250528,147238555.00000003,0.0,15,6.03,0
20240918,1726588800000,5.78,5.8500000000000005,5.6000000000000005,5.790000000000001,211034,120841166.00000001,0.0,15,5.82,0
20240919,1726675200000,5.8500000000000005,6.180000000000001,5.7700000000000005,6.15,431227,260368508.0,0.0,15,5.79,0
20240920,1726761600000,6.0600000000000005,6.45,6.0200000000000005,6.290000000000001,519501,323362985.0,0.0,15,6.15,0
20240923,1727020800000,6.2299999999999995,6.28,6.17,6.2,314785,195588458.0,0.0,15,6.29,0
20240924,1727107200000,6.28,7.09,6.16,6.88,825553,545812810.0,0.0,15,6.2,0
20240925,1727193600000,7.23,8.16,7.23,7.390000000000001,1226116,925734596.0,0.0,15,6.880000000000001,0
20240926,1727280000000,7.260000000000001,7.880000000000001,7.1000000000000005,7.760000000000001,1094473,811694968.0,0.0,15,7.390000000000001,0
20240927,1727366400000,8.299999999999999,9.309999999999999,8.11,9.309999999999999,1537517,1336194161.0,0.0,15,7.76,0
20240930,1727625600000,11.17,11.17,11.16,11.17,486017,542880373.0,0.0,15,9.31,0
20241008,1728316800000,13.399999999999999,13.399999999999999,12.86,13.399999999999999,494128,660094448.0,0.0,15,11.17,0
20241009,1728403200000,14.0,16.080000000000002,13.8,16.07,2134745,3330526859.0,0.0,15,13.4,0
20241010,1728489600000,15.02,15.399999999999999,12.86,12.86,1922362,2558936696.0,0.0,15,16.07,0
20241011,1728576000000,10.5,13.01,10.5,11.63,1579739,1825604283.0,0.0,15,12.86,0
20241014,1728835200000,11.549999999999999,13.36,11.1,12.89,1511011,1851760011.0000002,0.0,15,11.629999999999999,0
20241015,1728921600000,12.27,13.75,12.0,12.12,1548465,1990902213.0,0.0,15,12.89,0
20241016,1729008000000,11.66,13.66,11.66,13.5,1689989,2179553955.0,0.0,15,12.120000000000001,0
20241017,1729094400000,13.8,14.29,12.5,13.06,1816390,2438128513.0000005,0.0,15,13.5,0
20241018,1729180800000,12.67,15.6,12.09,13.98,2003781,2740864358.0000005,0.0,15,13.06,0
20241021,1729440000000,13.6,14.73,13.42,14.31,1730299,2458172305.0,0.0,15,13.98,0
20241022,1729526400000,14.1,14.39,13.15,13.21,1181338,1619373099.0,0.0,15,14.31,0
20241023,1729612800000,13.21,14.370000000000001,12.58,13.38,1130275,1534056422.0,0.0,15,13.21,0
20241024,1729699200000,13.07,13.42,12.68,12.9,736640,955497288.0000001,0.0,15,13.379999999999999,0
20241025,1729785600000,13.5,13.78,13.11,13.29,901037,1207732600.0000002,0.0,15,12.899999999999999,0
20241028,1730044800000,13.08,14.57,13.08,14.08,1294370,1804147079.0000002,0.0,15,13.290000000000001,0
20241029,1730131200000,13.82,15.07,13.63,13.75,1354288,1934689009.0,0.0,15,14.08,0
20241030,1730217600000,13.299999999999999,13.559999999999999,12.85,13.299999999999999,991186,1302566009.0,0.0,15,13.75,0
20241031,1730304000000,13.3,15.96,13.3,15.96,1028110,1528297516.0000002,0.0,15,13.3,0
20241101,1730390400000,17.8,19.15,16.91,17.0,3171988,5812013165.0,0.0,15,15.96,0
20241104,1730649600000,16.3,20.4,15.58,20.4,2765914,4932923905.0,0.0,15,17.0,0
20241105,1730736000000,19.5,24.48,19.04,24.48,2527864,5699292506.0,0.0,15,20.4,0
20241106,1730822400000,27.689999999999998,29.38,25.88,26.31,3224934,9206372049.0,0.0,15,24.48,0
20241107,1730908800000,27.22,31.57,26.0,31.57,2727918,7742055425.000001,0.0,15,26.31,0
20241108,1730995200000,32.8,35.0,29.79,30.09,2890336,9343713110.0,0.0,15,31.57,0
20241111,1731254400000,27.5,29.0,24.66,26.34,2075458,5607392317.000001,0.0,15,30.09,0
20241112,1731340800000,26.92,29.0,26.41,27.81,1729396,4783349296.0,0.0,15,26.34,0
20241113,1731427200000,26.5,29.8,25.71,27.62,1677798,4653347547.0,0.0,15,27.810000000000002,0
20241114,1731513600000,27.4,28.86,26.68,27.14,1255056,3488409416.0,0.0,15,27.62,0
20241115,1731600000000,26.69,27.88,23.18,24.04,1477403,3824818837.0000005,0.0,15,27.14,0
20241118,1731859200000,23.740000000000002,25.990000000000002,22.12,24.84,1373102,3334619493.0,0.0,15,24.04,0
20241119,1731945600000,25.200000000000003,29.75,24.51,29.060000000000002,2124940,5821959499.0,0.0,15,24.84,0
20241120,1732032000000,28.16,31.0,27.5,28.46,2110725,6188673349.0,0.0,15,29.06,0
20241121,1732118400000,27.7,31.66,27.45,30.55,2084482,6233915741.0,0.0,15,28.46,0
20241122,1732204800000,29.87,32.3,29.0,29.75,2029952,6238984495.0,0.0,15,30.55,0
20241125,1732464000000,29.220000000000002,30.96,27.78,30.810000000000002,1630139,4824720448.0,0.0,15,29.75,0
20241126,1732550400000,30.0,31.8,28.66,28.8,1472458,4491553110.0,0.0,15,30.81,0
20241127,1732636800000,28.5,32.9,27.88,32.3,1992375,6111744580.0,0.0,15,28.8,0
20241128,1732723200000,32.080000000000005,33.330000000000005,30.650000000000002,31.200000000000003,1792381,5731844650.0,0.0,15,32.300000000000004,0
20241129,1732809600000,30.61,37.44,30.61,37.44,2791879,9701313977.0,0.0,15,31.2,0
20241202,1733068800000,34.839999999999996,37.8,34.33,35.97,2239043,8122044327.0,0.0,15,37.44,0
20241203,1733155200000,36.0,41.56,35.1,37.13,2303511,8743329953.0,0.0,15,35.97,0
20241204,1733241600000,36.52,39.88,35.88,37.38,1849162,6969450001.999999,0.0,15,37.13,0
20241205,1733328000000,37.14,38.480000000000004,36.24,36.64,1495080,5565450263.0,0.0,15,37.38,0
20241206,1733414400000,36.01,38.65,33.8,35.459999999999994,1850389,6698424910.999999,0.0,15,36.64,0
20241209,1733673600000,34.35,36.0,34.35,35.0,1081856,3794213499.9999995,0.0,15,35.46,0
20241210,1733760000000,38.8,39.9,35.0,35.34,1713861,6383586338.000001,0.0,15,35.0,0
20241211,1733846400000,34.97,35.88,33.0,33.73,1300528,4443356015.0,0.0,15,35.34,0
20241212,1733932800000,33.4,36.6,33.11,35.9,1647952,5752926597.0,0.0,15,33.73,0
20241213,1734019200000,34.800000000000004,34.93,33.2,33.42,1187669,4055096525.0,0.0,15,35.900000000000006,0
20241216,1734278400000,33.1,33.75,31.25,31.61,954770,3066257498.0000005,0.0,15,33.42,0
20241217,1734364800000,31.599999999999998,33.3,30.61,32.15,1101317,3510480936.0,0.0,15,31.61,0
20241218,1734451200000,32.0,32.58,29.36,30.04,1144808,3529168622.0,0.0,15,32.15,0
20241219,1734537600000,29.14,30.28,29.0,29.4,752607,2218989603.9999995,0.0,15,30.04,0
20241220,1734624000000,29.130000000000003,30.000000000000004,28.810000000000002,29.42,759391,2231789253.0,0.0,15,29.400000000000002,0
20241223,1734883200000,29.130000000000003,29.700000000000003,27.490000000000002,27.73,754634,2142434061.0000002,0.0,15,29.42,0
20241224,1734969600000,27.8,28.0,26.71,27.66,795535,2161682266.0000005,0.0,15,27.73,0
20241225,1735056000000,27.63,29.18,27.48,28.19,841749,2383295605.0,0.0,15,27.66,0
20241226,1735142400000,28.1,28.57,27.46,27.85,632292,1768064553.0,0.0,15,28.19,0
20241227,1735228800000,27.66,30.8,27.5,29.88,1495155,4351915178.000001,0.0,15,27.85,0
20241230,1735488000000,29.15,32.0,29.0,31.17,1379991,4215754294.0,0.0,15,29.88,0
20241231,1735574400000,31.0,31.35,25.98,27.560000000000002,1046134,3108943640.0,0.0,15,31.17,0
20250102,1735747200000,27.049999999999997,28.38,26.22,26.68,886728,2410319039.0000005,0.0,15,27.56,0
20250103,1735833600000,26.79,26.98,24.37,24.46,975089,2461254816.9999995,0.0,15,26.68,0
20250106,1736092800000,24.119999999999997,24.49,22.81,23.099999999999998,883743,2072543253.0,0.0,15,24.459999999999997,0
20250107,1736179200000,23.1,24.88,23.0,24.69,981127,2340263988.0,0.0,15,23.1,0
20250108,1736265600000,24.69,25.73,23.6,24.89,1113344,2738855820.0,0.0,15,24.69,0
20250109,1736352000000,24.669999999999998,25.19,24.43,24.63,642375,1590789741.0,0.0,15,24.89,0
20250110,1736438400000,24.51,25.14,23.55,23.6,632478,1540466723.0,0.0,15,24.630000000000003,0
20250113,1736697600000,23.03,26.88,22.77,26.45,1456970,3668702128.0,0.0,15,23.6,0
20250114,1736784000000,26.92,29.740000000000002,26.19,29.560000000000002,1734023,4949135149.0,0.0,15,26.450000000000003,0
20250115,1736870400000,28.57,29.15,28.2,28.509999999999998,1233458,3523134344.0,0.0,15,29.56,0
20250116,1736956800000,28.89,29.69,28.0,28.8,1165323,3363475410.0,0.0,15,28.51,0
20250117,1737043200000,28.520000000000003,30.25,28.51,29.1,1289157,3793482073.0,0.0,15,28.8,0
20250120,1737302400000,29.8,30.87,28.77,30.03,1196446,3573570382.0000005,0.0,15,29.099999999999998,0
20250121,1737388800000,30.220000000000002,31.8,29.51,31.8,1361810,4181900662.0,0.0,15,30.03,0
20250122,1737475200000,28.33,29.6,27.5,27.62,1507375,4298554832.0,0.0,15,31.8,0
20250123,1737561600000,28.340000000000003,29.67,26.1,26.51,1184190,3322028460.9999995,0.0,15,27.62,0
20250124,1737648000000,26.310000000000002,26.740000000000002,26.03,26.23,813953,2143687367.0,0.0,15,26.51,0
20250127,1737907200000,26.610000000000003,26.740000000000002,24.810000000000002,24.830000000000002,628487,1597464341.0,0.0,15,26.230000000000004,0
20250205,1738684800000,25.349999999999998,25.9,24.86,25.23,581552,1467906340.0,0.0,15,24.83,0
20250206,1738771200000,25.03,27.05,24.71,26.71,880400,2304805464.0,0.0,15,25.23,0
20250207,1738857600000,26.500000000000004,31.35,26.400000000000002,30.290000000000003,1847376,5388458732.000001,0.0,15,26.71,0
20250210,1739116800000,30.3,31.83,29.95,31.28,1754053,5411189000.0,0.0,15,30.29,0
20250211,1739203200000,31.0,32.27,29.89,31.17,1481277,4613995683.0,0.0,15,31.28,0
20250212,1739289600000,30.790000000000003,33.77,30.51,33.1,1697651,5413443947.000001,0.0,15,31.17,0
20250213,1739376000000,32.1,34.09,31.67,32.13,1647474,5369406240.000001,0.0,15,33.1,0
20250214,1739462400000,31.05,32.2,30.87,31.67,1072871,3385650458.0000005,0.0,15,32.13,0
20250217,1739721600000,32.31,32.5,30.810000000000002,31.220000000000002,969847,3062505708.9999995,0.0,15,31.67,0
20250218,1739808000000,30.85,32.300000000000004,29.28,29.5,1149813,3536952659.0000005,0.0,15,31.220000000000002,0
20250219,1739894400000,29.32,31.5,29.080000000000002,31.42,1276377,3923816820.0,0.0,15,29.500000000000004,0
20250220,1739980800000,31.000000000000004,31.76,30.580000000000002,31.130000000000003,813783,2527801735.0,0.0,15,31.42,0
20250221,1740067200000,31.55,33.3,29.82,32.54,1627898,5202941806.0,0.0,15,31.13,0
20250224,1740326400000,31.94,34.400000000000006,31.740000000000002,33.36,1543130,5106241611.0,0.0,15,32.54,0
20250225,1740412800000,32.0,32.99,31.310000000000002,31.650000000000002,1128670,3629381016.0000005,0.0,15,33.36,0
20250226,1740499200000,31.650000000000002,33.06,31.1,33.0,1209606,3891532096.0,0.0,15,31.650000000000002,0
20250227,1740585600000,32.32,33.300000000000004,31.62,32.300000000000004,942798,3051554758.0,0.0,15,33.0,0
20250228,1740672000000,32.0,33.3,30.52,30.69,929574,2989753873.0,0.0,15,32.3,0
20250303,1740931200000,30.21,30.86,27.5,28.1,926324,2699841079.0,0.0,15,30.69,0
20250304,1741017600000,27.8,29.1,27.71,28.69,544000,1556469210.0,0.0,15,28.1,0
20250305,1741104000000,28.55,29.96,28.11,29.24,753961,2192492181.0,0.0,15,28.689999999999998,0
20250306,1741190400000,29.85,30.880000000000003,29.3,30.19,929787,2812118018.0,0.0,15,29.240000000000002,0
20250307,1741276800000,29.48,29.84,28.38,28.52,757529,2205128859.0,0.0,15,30.189999999999998,0
20250310,1741536000000,28.630000000000003,29.330000000000002,28.1,28.98,396977,1140416330.0,0.0,15,28.520000000000003,0
20250311,1741622400000,28.36,29.0,28.22,28.81,355378,1018680635.0000001,0.0,15,28.98,0
20250312,1741708800000,29.2,30.39,28.8,29.29,691330,2042275443.0,0.0,15,28.810000000000002,0
20250313,1741795200000,28.9,29.689999999999998,28.36,28.39,525324,1524568072.0,0.0,15,29.29,0
20250314,1741881600000,28.59,33.0,28.39,30.85,1434639,4399296262.0,0.0,15,28.39,0
20250317,1742140800000,30.14,30.46,29.51,29.66,762638,2275165126.0,0.0,15,30.85,0
20250318,1742227200000,29.98,30.150000000000002,29.12,29.41,498376,1469567817.0,0.0,15,29.66,0
20250319,1742313600000,29.2,30.0,29.02,29.43,485701,1435326455.0,0.0,15,29.41,0
20250320,1742400000000,29.3,29.62,29.0,29.07,404519,1181370131.0,0.0,15,29.43,0
20250321,1742486400000,28.96,29.56,28.5,28.51,452110,1310539728.0,0.0,15,29.07,0
20250324,1742745600000,28.6,28.74,27.0,27.9,483061,1334322191.9999998,0.0,15,28.51,0
20250325,1742832000000,27.79,28.0,26.3,26.57,399445,1084852384.0,0.0,15,27.900000000000002,0
20250326,1742918400000,26.490000000000002,27.490000000000002,26.490000000000002,26.840000000000003,308575,833419209.0,0.0,15,26.57,0
20250327,1743004800000,26.7,28.03,26.64,27.1,472629,1294174915.0,0.0,15,26.84,0
20250328,1743091200000,27.09,27.68,26.89,27.07,352617,959035273.0000001,0.0,15,27.1,0
20250331,1743350400000,26.240000000000002,26.26,24.41,25.06,568774,1432779687.9999998,0.0,15,27.07,0
20250401,1743436800000,25.15,25.369999999999997,23.63,23.79,608143,1476121771.0,0.0,15,25.06,0
20250402,1743523200000,23.900000000000002,24.430000000000003,23.67,24.25,338516,818653003.0,0.0,15,23.790000000000003,0
20250403,1743609600000,23.939999999999998,25.08,23.88,24.33,372699,913265575.0,0.0,15,24.25,0
20250407,1743955200000,22.11,23.220000000000002,19.46,19.990000000000002,751930,1592115655.0000002,0.0,15,24.330000000000002,0
20250408,1744041600000,20.88,21.97,20.59,21.33,726031,1546412975.0,0.0,15,19.99,0
20250409,1744128000000,21.439999999999998,23.259999999999998,20.31,22.759999999999998,830492,1827170395.0000002,0.0,15,21.33,0
20250410,1744214400000,23.5,24.3,22.96,23.220000000000002,796751,1884306366.0,0.0,15,22.76,0
20250411,1744300800000,22.99,23.45,22.7,22.95,517201,1190564361.0,0.0,15,23.22,0
20250414,1744560000000,23.39,23.75,23.01,23.180000000000003,430592,1004451178.0,0.0,15,22.950000000000003,0
20250415,1744646400000,23.19,23.290000000000003,22.51,22.71,290905,662745009.0,0.0,15,23.180000000000003,0
20250416,1744732800000,22.63,22.7,21.79,22.3,288289,640473910.9999999,0.0,15,22.71,0
20250417,1744819200000,22.110000000000003,22.520000000000003,21.92,21.94,263218,584827484.0,0.0,15,22.3,0
20250418,1744905600000,21.94,22.46,21.73,22.18,319837,706812986.0,0.0,15,21.94,0
20250421,1745164800000,21.970000000000002,22.580000000000002,21.85,22.44,355687,793336767.0,0.0,15,22.18,0
20250422,1745251200000,22.48,22.6,21.92,21.94,324185,719612697.0,0.0,15,22.44,0
20250423,1745337600000,22.200000000000003,23.01,22.1,22.150000000000002,442105,992173015.0,0.0,15,21.94,0
20250424,1745424000000,21.900000000000002,21.990000000000002,20.87,21.02,483125,1028469392.0,0.0,15,22.150000000000002,0
20250425,1745510400000,21.07,21.349999999999998,20.7,20.9,385514,810312756.0,0.0,15,21.02,0
20250428,1745769600000,20.73,21.049999999999997,20.31,20.31,270839,554989023.0,0.0,15,20.9,0
20250429,1745856000000,20.62,20.88,20.27,20.74,262981,544343073.0,0.0,15,20.31,0
20250430,1745942400000,20.8,21.35,20.68,20.919999999999998,290439,609352595.0,0.0,15,20.74,0
20250506,1746460800000,21.16,22.55,21.16,22.490000000000002,597861,1320574903.9999998,0.0,15,20.92,0
20250507,1746547200000,24.35,24.8,22.330000000000002,22.650000000000002,941383,2196657375.0,0.0,15,22.490000000000002,0
20250508,1746633600000,22.450000000000003,23.1,22.44,22.66,449015,1020311099.0000001,0.0,15,22.650000000000002,0
20250509,1746720000000,22.700000000000003,22.8,21.94,22.09,332265,736030484.0,0.0,15,22.66,0
20250512,1746979200000,22.73,24.98,22.19,24.67,1110500,2639284623.0,0.0,15,22.09,0
20250513,1747065600000,24.43,24.65,23.63,23.75,795252,1909384493.0,0.0,15,24.669999999999998,0
20250514,1747152000000,23.82,27.2,23.18,25.86,1370837,3416259016.0000005,0.0,15,23.75,0
20250515,1747238400000,25.4,26.07,24.82,24.95,859246,2169074831.0,0.0,15,25.86,0
20250516,1747324800000,24.950000000000003,24.96,24.12,24.19,545002,1329542496.0000002,0.0,15,24.950000000000003,0
20250519,1747584000000,23.919999999999998,24.4,23.77,24.19,444445,1073845963.0,0.0,15,24.19,0
20250520,1747670400000,24.18,24.880000000000003,23.96,24.35,527643,1287160942.0000002,0.0,15,24.19,0
20250521,1747756800000,24.34,24.89,23.84,24.1,475471,1158772705.0,0.0,15,24.35,0
20250522,1747843200000,23.78,24.12,23.48,23.51,332299,787818581.0,0.0,15,24.1,0
20250523,1747929600000,23.400000000000002,23.64,22.67,22.680000000000003,404981,937525830.9999999,0.0,15,23.51,0
20250526,1748188800000,22.5,23.12,22.41,23.04,329575,749562712.0,0.0,15,22.68,0
20250527,1748275200000,22.85,23.3,22.740000000000002,22.82,250929,575481222.0,0.0,15,23.040000000000003,0
20250528,1748361600000,22.8,23.0,22.41,22.5,254293,575584560.9999999,0.0,15,22.82,0
20250529,1748448000000,22.5,23.88,22.34,23.48,586862,1365683385.0,0.0,15,22.5,0
20250530,1748534400000,23.2,23.38,22.75,22.95,372903,857468774.0,0.0,15,23.48,0
20250603,1748880000000,23.0,23.52,22.73,22.81,384479,887103671.0,0.0,15,22.95,0
20250604,1748966400000,22.7,23.48,22.57,23.1,404535,935514800.9999999,0.0,15,22.81,0
20250605,1749052800000,23.28,23.78,22.93,23.509999999999998,497504,1159382813.0,0.0,15,23.1,0
20250606,1749139200000,23.32,23.84,23.05,23.09,323081,751622217.0,0.0,15,23.51,0
20250609,1749398400000,23.36,24.26,23.23,23.78,591091,1413305510.9999998,0.0,15,23.09,0
20250610,1749484800000,23.79,23.79,22.82,23.11,459177,1068750498.0000001,0.0,15,23.78,0
20250611,1749571200000,23.270000000000003,25.380000000000003,23.01,24.110000000000003,1000049,2457358900.9999995,0.0,15,23.110000000000003,0
20250612,1749657600000,23.51,25.0,23.51,24.700000000000003,922058,2254583557.0,0.0,15,24.110000000000003,0
20250613,1749744000000,24.21,24.9,24.0,24.21,721202,1758791972.0,0.0,15,24.7,0
20250616,1750003200000,24.18,25.35,24.18,25.18,846763,2102476050.0000002,0.0,15,24.21,0
20250617,1750089600000,25.07,25.5,24.7,24.919999999999998,734971,1836556697.0,0.0,15,25.18,0
20250618,1750176000000,24.759999999999998,24.77,23.88,23.88,569822,1376877003.0,0.0,15,24.919999999999998,0
20250619,1750262400000,23.91,24.060000000000002,22.8,22.92,478609,1117351365.0,0.0,15,23.880000000000003,0
20250620,1750348800000,22.92,23.14,22.37,22.650000000000002,338573,769978229.0,0.0,15,22.92,0
20250623,1750608000000,22.970000000000002,23.69,22.650000000000002,23.540000000000003,422995,983778374.0,0.0,15,22.650000000000002,0
20250624,1750694400000,23.59,25.1,23.35,24.630000000000003,782874,1918896810.9999998,0.0,15,23.540000000000003,0
20250625,1750780800000,24.560000000000002,28.2,24.3,27.14,1647327,4334200965.0,0.0,15,24.63,0
20250626,1750867200000,26.77,27.48,26.3,26.7,1242501,3330742505.0,0.0,15,27.14,0
20250627,1750953600000,26.709999999999997,27.63,26.13,26.23,1039771,2789374040.0,0.0,15,26.7,0
20250630,1751212800000,26.02,26.39,25.77,25.95,630272,1636207179.0,0.0,15,26.23,0
20250701,1751299200000,26.11,26.310000000000002,25.39,25.54,558579,1439935353.0,0.0,15,25.95,0
20250702,1751385600000,25.419999999999998,25.6,24.84,25.169999999999998,389020,979516611.0,0.0,15,25.54,0
20250703,1751472000000,25.21,25.55,25.04,25.34,453767,1147351639.0,0.0,15,25.169999999999998,0
20250704,1751558400000,25.240000000000002,25.980000000000004,24.900000000000002,24.950000000000003,645717,1641149202.0,0.0,15,25.340000000000003,0
20250707,1751817600000,24.950000000000003,25.450000000000003,24.810000000000002,25.180000000000003,356370,898771477.0000001,0.0,15,24.950000000000003,0
20250708,1751904000000,25.04,25.86,25.02,25.69,494170,1264214613.0,0.0,15,25.18,0
20250709,1751990400000,25.77,25.85,25.12,25.2,423329,1076960997.0,0.0,15,25.69,0
20250710,1752076800000,25.080000000000002,25.6,24.6,25.130000000000003,426722,1072008063.0000001,0.0,15,25.200000000000003,0
20250711,1752163200000,25.17,27.0,24.98,25.990000000000002,1036397,2706481232.0,0.0,15,25.13,0
20250714,1752422400000,25.73,25.89,25.02,25.12,484998,1224558800.0000002,0.0,15,25.99,0
20250715,1752508800000,25.13,25.3,24.7,24.81,333792,832258556.0,0.0,15,25.12,0
20250716,1752595200000,24.820000000000004,25.090000000000003,24.650000000000002,24.87,248393,616938501.9999999,0.0,15,24.810000000000002,0
20250717,1752681600000,25.23,25.64,25.22,25.349999999999998,412424,1047092306.0,0.0,15,24.869999999999997,0
20250718,1752768000000,25.14,25.43,24.91,25.0,285131,715428239.0,0.0,15,25.35,0
20250721,1753027200000,25.060000000000002,25.430000000000003,25.060000000000002,25.230000000000004,262317,662056801.0,0.0,15,25.000000000000004,0
20250722,1753113600000,25.160000000000004,26.080000000000002,24.650000000000002,25.490000000000002,571905,1447797272.0,0.0,15,25.23,0
20250723,1753200000000,25.2,26.0,25.2,25.27,563833,1442327853.9999998,0.0,15,25.49,0
20250724,1753286400000,25.13,25.68,25.02,25.599999999999998,478977,1217914407.0,0.0,15,25.27,0
20250725,1753372800000,25.62,25.790000000000003,25.080000000000002,25.200000000000003,347279,878117071.0,0.0,15,25.6,0
20250728,1753632000000,25.5,25.669999999999998,25.22,25.39,320520,815693086.0,0.0,15,25.2,0
20250729,1753718400000,25.25,25.4,24.7,25.39,372903,933082497.0,0.0,15,25.39,0
20250730,1753804800000,25.3,25.3,24.6,24.67,304653,758126441.0,0.0,15,25.39,0
20250731,1753891200000,24.63,24.93,24.11,24.36,275241,675854185.0,0.0,15,24.669999999999998,0
20250801,1753977600000,24.42,24.6,24.080000000000002,24.37,208650,507724606.0,0.0,15,24.360000000000003,0
20250804,1754236800000,24.340000000000003,24.340000000000003,24.080000000000002,24.32,158500,383734403.0,0.0,15,24.37,0
20250805,1754323200000,24.67,24.8,24.35,24.6,210113,516010701.0,0.0,15,24.32,0
20250806,1754409600000,24.51,24.76,24.400000000000002,24.650000000000002,221560,544757114.0,0.0,15,24.6,0
20250807,1754496000000,24.650000000000002,24.85,24.35,24.490000000000002,257724,633341128.0000001,0.0,15,24.650000000000002,0
20250808,1754582400000,24.490000000000002,24.490000000000002,23.85,23.85,255268,615099905.0,0.0,15,24.490000000000002,0
20250811,1754841600000,23.8,24.77,23.78,24.59,368573,903814445.0,0.0,15,23.85,0
20250812,1754928000000,24.5,24.98,24.45,24.89,366916,909595842.0,0.0,15,24.59,0
20250813,1755014400000,25.1,25.42,24.53,24.790000000000003,544508,1357287760.0,0.0,15,24.89,0
20250814,1755100800000,24.71,25.1,24.21,24.220000000000002,428916,1058050159.0,0.0,15,24.79,0
20250815,1755187200000,24.13,26.630000000000003,24.05,25.51,1135402,2898505828.0000005,0.0,15,24.220000000000002,0
20250818,1755446400000,25.66,27.880000000000003,25.26,26.78,1307746,3474939852.0000005,0.0,15,25.51,0
20250819,1755532800000,26.41,26.78,25.89,25.96,782723,2056778802.0000002,0.0,15,26.78,0
20250820,1755619200000,25.58,25.96,24.88,25.66,546170,1387452300.0,0.0,15,25.96,0
20250821,1755705600000,25.57,26.259999999999998,25.02,25.24,777663,1990908962.0,0.0,15,25.66,0
20250822,1755792000000,25.01,25.93,24.91,25.63,748662,1908188542.0,0.0,15,25.24,0
20250825,1756051200000,25.91,27.78,25.75,26.82,1255267,3351948328.0,0.0,15,25.63,0
20250826,1756137600000,26.380000000000003,27.45,26.21,26.84,840970,2254087782.0,0.0,15,26.82,0
20250827,1756224000000,26.790000000000003,27.150000000000002,25.51,25.6,775779,2051873755.0,0.0,15,26.840000000000003,0
20250828,1756310400000,25.650000000000002,26.69,24.990000000000002,26.580000000000002,949325,2439570133.0,0.0,15,25.6,0
20250829,1756396800000,26.580000000000002,27.0,25.73,25.98,779063,2048205558.0,0.0,15,26.580000000000002,0
20250901,1756656000000,25.9,26.18,25.32,25.63,503920,1291700522.0,0.0,15,25.98,0
20250902,1756742400000,25.66,25.66,24.1,24.26,630057,1547465532.0,0.0,15,25.630000000000003,0
20250903,1756828800000,24.200000000000003,24.360000000000003,22.900000000000002,23.270000000000003,440919,1043961457.0000001,0.0,15,24.26,0
20250904,1756915200000,23.28,23.66,22.75,23.13,345594,804105980.0000001,0.0,15,23.27,0
20250905,1757001600000,23.150000000000002,23.35,22.8,23.3,280264,648874826.0,0.0,15,23.13,0
20250908,1757260800000,23.2,23.44,23.02,23.169999999999998,202945,470228756.0,0.0,15,23.3,0
20250909,1757347200000,23.21,23.59,22.96,23.27,248628,579806765.0,0.0,15,23.17,0
20250910,1757433600000,23.18,23.529999999999998,23.13,23.189999999999998,210492,490714948.0,0.0,15,23.27,0
20250911,1757520000000,23.19,24.3,22.900000000000002,23.96,485176,1149388535.0,0.0,15,23.19,0
20250912,1757606400000,23.8,24.29,23.5,23.54,411452,982912286.0000001,0.0,15,23.96,0
20250915,1757865600000,23.54,23.68,23.18,23.21,243068,567178837.0,0.0,15,23.54,0
20250916,1757952000000,23.22,23.830000000000002,23.16,23.67,308483,724297103.9999999,0.0,15,23.21,0
20250917,1758038400000,23.66,25.25,23.51,24.720000000000002,747920,1833149380.0,0.0,15,23.67,0
20250918,1758124800000,24.21,24.4,23.41,23.59,589047,1406119058.0,0.0,15,24.72,0
20250919,1758211200000,23.5,23.69,23.0,23.04,310091,721216530.0,0.0,15,23.59,0
20250922,1758470400000,23.18,23.38,23.04,23.29,216878,503451497.00000006,0.0,15,23.04,0
20250923,1758556800000,23.09,23.1,21.77,22.2,392263,874177913.0,0.0,15,23.29,0
20250924,1758643200000,22.1,22.54,21.8,22.240000000000002,274864,608606270.9999999,0.0,15,22.2,0
20250925,1758729600000,22.12,22.32,21.87,21.880000000000003,238464,526390183.0,0.0,15,22.240000000000002,0
20250926,1758816000000,21.880000000000003,22.05,21.150000000000002,21.17,243062,523677838.0,0.0,15,21.880000000000003,0
20250929,1759075200000,21.17,22.87,20.89,22.29,486729,1076930335.0,0.0,15,21.17,0
20250930,1759161600000,22.25,22.29,21.7,21.74,296856,650806597.0,0.0,15,22.29,0
20251009,1759939200000,21.75,21.93,21.35,21.6,231654,500930678.0,0.0,15,21.740000000000002,0
20251010,1760025600000,21.5,21.61,21.18,21.21,185905,396728623.0,0.0,15,21.6,0
20251013,1760284800000,20.0,21.03,19.52,20.919999999999998,203079,418291781.0,0.0,15,21.21,0
20251014,1760371200000,21.02,21.55,20.48,20.56,200142,420709999.00000006,0.0,15,20.92,0
20251015,1760457600000,20.76,20.93,20.5,20.8,147804,306456724.99999994,0.0,15,20.56,0
20251016,1760544000000,20.81,20.94,20.41,20.46,134123,276884737.0,0.0,15,20.8,0
20251017,1760630400000,20.5,20.77,19.93,19.96,157124,318787235.0,0.0,15,20.46,0
20251020,1760889600000,20.23,20.43,19.96,20.1,114048,229975713.0,0.0,15,19.96,0
20251021,1760976000000,20.12,20.540000000000003,20.01,20.330000000000002,148188,300820749.0,0.0,15,20.1,0
20251022,1761062400000,20.250000000000004,20.41,20.080000000000002,20.14,119568,242120429.0,0.0,15,20.330000000000002,0
20251023,1761148800000,20.14,20.32,19.68,20.29,155866,310712253.0,0.0,15,20.14,0
20251024,1761235200000,20.33,20.48,20.25,20.4,153706,313006517.0,0.0,15,20.29,0
20251027,1761494400000,20.84,20.84,20.34,20.41,189452,388571759.0,0.0,15,20.4,0
20251028,1761580800000,20.37,20.8,20.19,20.330000000000002,193882,396367797.99999994,0.0,15,20.41,0
20251029,1761667200000,20.3,20.89,20.13,20.58,257914,529129705.99999994,0.0,15,20.33,0
20251030,1761753600000,20.53,20.55,19.900000000000002,19.900000000000002,247479,497614207.0,0.0,15,20.580000000000002,0
20251031,1761840000000,19.900000000000002,20.55,19.900000000000002,20.320000000000004,221839,449785430.99999994,0.0,15,19.900000000000002,0
20251103,1762099200000,19.900000000000002,20.39,19.6,20.380000000000003,241380,483379458.0,0.0,15,20.32,0
20251104,1762185600000,20.259999999999998,20.419999999999998,19.81,19.99,177370,355057849.0,0.0,15,20.38,0
20251105,1762272000000,19.869999999999997,20.029999999999998,19.63,19.72,150104,297602899.0,0.0,15,19.99,0
20251106,1762358400000,19.810000000000002,19.880000000000003,19.580000000000002,19.610000000000003,160516,315990523.0,0.0,15,19.720000000000002,0
20251107,1762444800000,19.52,19.53,18.66,18.7,346374,655714317.0000001,0.0,15,19.61,0
20251110,1762704000000,18.31,18.55,17.77,18.06,373290,677490963.0000001,0.0,15,18.7,0
20251111,1762790400000,18.19,18.21,16.84,16.99,506261,876554453.9999999,0.0,15,18.06,0
20251112,1762876800000,16.93,17.13,16.64,17.09,283032,477431306.00000006,0.0,15,16.990000000000002,0
20251113,1762963200000,17.1,17.240000000000002,16.94,17.200000000000003,191275,326592077.0,0.0,15,17.09,0
20251114,1763049600000,17.08,17.98,17.02,17.15,369370,646948161.0000001,0.0,15,17.2,0
20251117,1763308800000,17.279999999999998,18.48,17.2,18.189999999999998,695018,1257577891.0,0.0,15,17.15,0
20251118,1763395200000,18.17,18.17,17.66,17.8,351865,627405094.0,0.0,15,18.19,0
20251119,1763481600000,17.799999999999997,17.83,17.22,17.349999999999998,237124,412404453.00000006,0.0,15,17.799999999999997,0
20251120,1763568000000,17.669999999999998,17.86,17.02,17.02,212714,367041127.0,0.0,15,17.349999999999998,0
20251121,1763654400000,16.85,17.240000000000002,16.35,16.35,237055,395081154.0,0.0,15,17.020000000000003,0
20251124,1763913600000,16.5,17.16,16.29,17.0,272030,455822432.00000006,0.0,15,16.349999999999998,0
20251125,1764000000000,16.98,17.310000000000002,16.89,17.12,205708,352927238.0,0.0,15,17.0,0
20251126,1764086400000,17.05,17.18,16.7,16.73,172669,291612554.00000006,0.0,15,17.12,0
20251127,1764172800000,16.68,16.94,16.6,16.610000000000003,157062,263296638.0,0.0,15,16.73,0
20251128,1764259200000,16.61,16.77,16.47,16.75,137555,228770868.0,0.0,15,16.61,0
20251201,1764518400000,16.7,16.88,16.63,16.8,138362,231872653.0,0.0,15,16.75,0
20251202,1764604800000,16.799999999999997,16.81,16.4,16.43,136836,225516829.00000003,0.0,15,16.799999999999997,0
20251203,1764691200000,16.43,16.5,15.73,15.81,237581,379239403.0,0.0,15,16.43,0
20251204,1764777600000,15.82,15.92,15.51,15.7,133486,209258795.0,0.0,15,15.81,0
20251205,1764864000000,15.700000000000001,18.84,15.56,18.84,949991,1715426609.0,0.0,15,15.700000000000001,0
20251208,1765123200000,19.8,22.35,19.51,21.3,1950002,4108352855.0000005,0.0,15,18.84,0
20251209,1765209600000,20.8,21.18,20.18,20.49,1184985,2435941348.0000005,0.0,15,21.3,0
20251210,1765296000000,20.669999999999998,21.91,20.22,21.49,1395810,2966138891.0,0.0,15,20.49,0
20251211,1765382400000,21.11,21.78,20.71,20.75,858952,1805206408.0000002,0.0,15,21.490000000000002,0
20251212,1765468800000,20.8,22.630000000000003,20.37,21.82,1358610,2945848284.0,0.0,15,20.75,0
20251215,1765728000000,21.4,22.74,21.02,21.759999999999998,1128030,2487646177.0000005,0.0,15,21.82,0
20251216,1765814400000,21.62,24.490000000000002,21.37,23.220000000000002,1854984,4274812929.0,0.0,15,21.76,0
20251217,1765900800000,22.299999999999997,24.0,21.13,22.529999999999998,1617943,3592848261.0,0.0,15,23.22,0
20251218,1765987200000,22.02,22.880000000000003,21.05,21.1,1059092,2278134015.0,0.0,15,22.53,0
20251219,1766073600000,21.0,23.3,20.48,22.45,1521954,3397545471.0,0.0,15,21.1,0
20251222,1766332800000,22.450000000000003,23.14,22.01,22.540000000000003,1025322,2316659451.9999995,0.0,15,22.450000000000003,0
20251223,1766419200000,22.38,23.0,21.75,21.96,876267,1946463513.0,0.0,15,22.54,0
20251224,1766505600000,21.8,23.529999999999998,21.63,23.22,1276948,2925598379.9999995,0.0,15,21.959999999999997,0
20251225,1766592000000,23.31,24.2,23.0,23.74,1273149,3014163779.9999995,0.0,15,23.22,0
20251226,1766678400000,23.5,25.62,23.27,23.7,1701259,4167452605.0,0.0,15,23.74,0
20251229,1766937600000,23.49,24.5,23.41,23.74,1173759,2800954692.0,0.0,15,23.7,0
20251230,1767024000000,23.71,24.3,23.02,23.31,1107563,2608911511.0000005,0.0,15,23.74,0
20251231,1767110400000,23.150000000000002,23.95,22.55,22.55,914529,2117757289.0000002,0.0,15,23.310000000000002,0
20260105,1767542400000,22.52,22.95,22.2,22.779999999999998,907451,2046641710.0000002,0.0,15,22.55,0
20260106,1767628800000,22.48,24.0,22.45,23.759999999999998,1352292,3173093568.0,0.0,15,22.779999999999998,0
20260107,1767715200000,23.19,23.28,21.92,21.990000000000002,1172006,2632374126.0,0.0,15,23.76,0
20260108,1767801600000,21.540000000000003,21.98,21.44,21.810000000000002,688102,1493134221.0000002,0.0,15,21.990000000000002,0
20260109,1767888000000,21.85,23.0,21.8,22.36,826720,1855346761.0000002,0.0,15,21.810000000000002,0
20260112,1768147200000,22.5,25.26,22.5,24.81,1618981,3859476911.9999995,0.0,15,22.36,0
20260113,1768233600000,25.25,25.270000000000003,23.6,23.770000000000003,1153188,2817031120.0000005,0.0,15,24.810000000000002,0
20260114,1768320000000,23.92,26.96,23.92,24.860000000000003,1824093,4628097375.0,0.0,15,23.770000000000003,0
20260115,1768406400000,24.560000000000002,24.86,22.71,23.080000000000002,1141885,2673495014.0,0.0,15,24.86,0
20260116,1768492800000,23.49,24.5,22.43,22.45,797619,1852477817.0,0.0,15,23.08,0
20260119,1768752000000,22.21,22.79,21.8,22.650000000000002,556988,1244637291.0,0.0,15,22.45,0
20260120,1768838400000,22.53,22.650000000000002,21.21,21.52,634202,1379133612.0,0.0,15,22.650000000000002,0
20260121,1768924800000,21.48,21.77,21.13,21.2,378609,810673296.0,0.0,15,21.52,0
20260122,1769011200000,21.44,21.57,21.09,21.22,318351,678032699.0,0.0,15,21.2,0
20260123,1769097600000,21.2,21.97,21.13,21.65,457677,991348498.0,0.0,15,21.22,0
20260126,1769356800000,21.48,21.77,20.63,20.869999999999997,493545,1040207200.0,0.0,15,21.65,0
20260127,1769443200000,20.71,20.82,19.98,20.68,372260,758774635.0,0.0,15,20.87,0
20260128,1769529600000,20.5,21.17,20.5,20.66,315372,657344889.0,0.0,15,20.68,0
20260129,1769616000000,20.5,21.79,19.89,21.45,688289,1451509176.0,0.0,15,20.66,0
20260130,1769702400000,21.099999999999998,21.419999999999998,20.38,20.91,497262,1030122925.9999999,0.0,15,21.45,0
20260202,1769961600000,20.9,22.14,20.72,21.459999999999997,593006,1277920142.0,0.0,15,20.91,0
20260203,1770048000000,21.580000000000002,22.39,21.3,22.130000000000003,660296,1445505260.0,0.0,15,21.46,0
20260204,1770134400000,21.71,23.45,21.55,22.84,839414,1885631262.9999998,0.0,15,22.13,0
20260205,1770220800000,22.3,24.5,22.27,23.419999999999998,1110120,2600202022.0,0.0,15,22.84,0
20260206,1770307200000,23.099999999999998,23.72,22.31,22.48,833112,1916096673.0,0.0,15,23.419999999999998,0
20260209,1770566400000,22.49,22.92,22.25,22.57,623063,1404617111.0,0.0,15,22.48,0
20260210,1770652800000,22.32,22.57,22.0,22.16,472112,1049920795.0,0.0,15,22.57,0
20260211,1770739200000,22.16,22.959999999999997,21.81,22.23,589864,1322028447.0000002,0.0,15,22.16,0
20260212,1770825600000,22.01,22.32,21.830000000000002,21.830000000000002,404779,891402114.0,0.0,15,22.23,0
20260213,1770912000000,22.21,22.36,21.38,21.41,384012,840464799.0,0.0,15,21.83,0
20260224,1771862400000,21.590000000000003,21.840000000000003,21.400000000000002,21.680000000000003,294311,636843853.0,0.0,15,21.410000000000004,0
20260225,1771948800000,21.680000000000003,22.810000000000002,21.51,22.42,551689,1233454336.0,0.0,15,21.680000000000003,0
20260226,1772035200000,22.450000000000003,22.720000000000002,21.990000000000002,22.180000000000003,394159,877203666.0,0.0,15,22.42,0
20260227,1772121600000,22.1,22.830000000000002,22.03,22.6,468422,1054843199.0000001,0.0,15,22.18,0
20260302,1772380800000,21.750000000000004,22.150000000000002,20.990000000000002,21.430000000000003,560739,1205214960.0000002,0.0,15,22.6,0
20260303,1772467200000,21.45,21.72,19.72,19.869999999999997,572699,1179766382.0,0.0,15,21.43,0
20260304,1772553600000,19.5,20.26,19.42,19.880000000000003,293048,584414000.0,0.0,15,19.87,0
20260305,1772640000000,20.44,20.55,19.75,19.97,294781,592620257.0,0.0,15,19.88,0
20260306,1772726400000,19.8,20.97,19.73,20.6,380036,778175896.0000001,0.0,15,19.97,0
20260309,1772985600000,19.9,20.49,19.72,20.45,363283,729340978.0,0.0,15,20.599999999999998,0
20260310,1773072000000,20.6,20.98,20.1,20.450000000000003,350351,718030983.0,0.0,15,20.450000000000003,0
20260311,1773158400000,20.33,20.62,20.11,20.14,275486,559400773.0,0.0,15,20.45,0
20260312,1773244800000,20.0,20.48,19.94,20.1,263339,532269662.99999994,0.0,15,20.14,0
20260313,1773331200000,19.93,19.95,19.3,19.3,321402,629591219.0,0.0,15,20.1,0
20260316,1773590400000,19.41,19.95,19.3,19.900000000000002,288753,569704386.0,0.0,15,19.3,0
20260317,1773676800000,19.98,20.67,19.84,20.0,455330,924117037.0,0.0,15,19.9,0
20260318,1773763200000,19.99,20.09,19.63,19.99,273422,543538286.0000001,0.0,15,20.0,0
20260319,1773849600000,19.650000000000002,20.380000000000003,19.580000000000002,19.830000000000002,321575,643639045.0,0.0,15,19.990000000000002,0
20260320,1773936000000,19.91,20.12,18.93,18.95,351480,680814599.0,0.0,15,19.83,0
20260323,1774195200000,18.380000000000003,20.23,18.35,19.400000000000002,576048,1118990762.0,0.0,15,18.950000000000003,0
20260324,1774281600000,19.29,19.46,18.52,19.15,441158,834375780.0,0.0,15,19.4,0
20260325,1774368000000,18.91,19.310000000000002,18.71,18.830000000000002,355027,674103923.0,0.0,15,19.150000000000002,0
20260326,1774454400000,18.8,18.8,18.0,18.08,317499,580279441.0,0.0,15,18.83,0
20260327,1774540800000,17.900000000000002,18.55,17.85,18.41,257362,471136489.0,0.0,15,18.080000000000002,0
20260330,1774800000000,18.09,18.279999999999998,17.81,18.15,195721,354080078.0,0.0,15,18.41,0
20260331,1774886400000,18.2,18.78,17.73,17.77,247527,449955808.0,0.0,15,18.150000000000002,0
20260401,1774972800000,18.17,18.290000000000003,18.01,18.110000000000003,203523,369398809.0,0.0,15,17.770000000000003,0
20260402,1775059200000,18.000000000000004,18.000000000000004,17.400000000000002,17.500000000000004,223236,393747738.00000006,0.0,15,18.110000000000003,0
20260403,1775145600000,17.72,17.8,17.0,17.0,183684,316417159.00000006,0.0,15,17.5,0
20260407,1775491200000,17.04,17.39,17.04,17.3,169781,293190713.0,0.0,15,17.0,0
20260408,1775577600000,17.82,18.8,17.7,18.55,438244,804730901.0,0.0,15,17.3,0
20260409,1775664000000,18.05,18.15,17.77,17.81,255481,458386072.0,0.0,15,18.55,0
20260410,1775750400000,18.090000000000003,19.000000000000004,17.990000000000002,18.28,491602,911840447.0000001,0.0,15,17.810000000000002,0
20260413,1776009600000,18.04,18.45,17.95,18.16,268048,487067529.0,0.0,15,18.279999999999998,0
20260414,1776096000000,18.38,18.52,18.02,18.46,292905,534744760.0,0.0,15,18.16,0
20260415,1776182400000,18.6,18.7,17.96,17.98,220226,401615660.00000006,0.0,15,18.46,0
20260416,1776268800000,18.03,18.45,17.96,18.43,259523,475025032.0,0.0,15,17.98,0
20260417,1776355200000,17.96,18.2,17.68,18.04,332315,595729795.0000001,0.0,15,18.43,0
20260420,1776614400000,18.08,18.45,18.04,18.25,252057,460902872.0,0.0,15,18.04,0
20260421,1776700800000,18.05,18.05,17.2,17.52,373073,651870056.0,0.0,15,18.25,0
20260422,1776787200000,17.439999999999998,17.77,17.06,17.63,260442,454902864.0,0.0,15,17.52,0
20260423,1776873600000,17.48,17.69,17.03,17.11,241371,416214318.0,0.0,15,17.630000000000003,0
20260424,1776960000000,17.04,17.08,16.54,16.619999999999997,211451,352809026.00000006,0.0,15,17.11,0
20260427,1777219200000,16.65,17.0,16.5,16.85,160739,270124916.00000006,0.0,15,16.62,0
20260428,1777305600000,16.8,16.94,16.42,16.51,177226,295007973.0,0.0,15,16.85,0
20260429,1777392000000,16.400000000000002,16.89,16.35,16.76,177580,296486707.0,0.0,15,16.51,0
20260430,1777478400000,16.7,17.619999999999997,16.65,16.99,284783,488047636.0,0.0,15,16.759999999999998,0
20260506,1777996800000,17.150000000000002,17.89,17.01,17.59,386405,679930393.0,0.0,15,16.990000000000002,0
20260507,1778083200000,17.65,18.04,17.47,17.86,316180,560020033.0000001,0.0,15,17.59,0
20260508,1778169600000,17.7,18.0,17.46,17.8,239851,427113959.00000006,0.0,15,17.86,0
20260511,1778428800000,17.8,18.32,17.76,18.16,382983,692708661.0,0.0,15,17.8,0
20260512,1778515200000,18.05,18.25,17.73,17.8,254864,457006076.0,0.0,15,18.16,0
20260513,1778601600000,17.71,17.91,17.54,17.779999999999998,215062,380880385.99999994,0.0,15,17.8,0
20260514,1778688000000,17.82,17.96,17.01,17.020000000000003,236848,411009812.0,0.0,15,17.78,0
20260515,1778774400000,17.2,17.39,16.61,16.72,219936,372251702.0,0.0,15,17.02,0
20260518,1779033600000,16.62,17.16,16.6,16.92,185724,314065240.0,0.0,15,16.720000000000002,0
20260519,1779120000000,16.8,17.14,16.66,17.07,200434,338939352.00000006,0.0,15,16.92,0
20260520,1779206400000,16.900000000000002,17.39,16.740000000000002,16.76,189148,319801301.0,0.0,15,17.07,0
20260521,1779292800000,17.02,17.65,16.2,16.3,453770,774405095.0,0.0,15,16.759999999999998,0
20260522,1779379200000,16.03,16.38,15.8,16.09,256700,410858535.0,0.0,15,16.3,0
20260525,1779638400000,15.53,16.18,14.67,14.91,533499,808380428.0,0.0,15,16.09,0
20260526,1779724800000,14.68,15.08,14.42,14.81,279249,412542696.0,0.0,15,14.91,0
