date,time,open,high,low,close,volume,amount,settelementPrice,openInterest,preClose,suspendFlag
20120718,1342540800000,,,,,0,0.0,0.0,0,,1
20120719,1342627200000,,,,,0,0.0,0.0,0,,1
20120720,1342713600000,,,,,0,0.0,0.0,0,,1
20120723,1342972800000,,,,,0,0.0,0.0,0,,1
20120724,1343059200000,,,,,0,0.0,0.0,0,,1
20120725,1343145600000,,,,,0,0.0,0.0,0,,1
20120726,1343232000000,,,,,0,0.0,0.0,0,,1
20120727,1343318400000,,,,,0,0.0,0.0,0,,1
20120730,1343577600000,,,,,0,0.0,0.0,0,,1
20120731,1343664000000,,,,,0,0.0,0.0,0,,1
20120801,1343750400000,,,,,0,0.0,0.0,0,,1
20120802,1343836800000,,,,,0,0.0,0.0,0,,1
20120803,1343923200000,,,,,0,0.0,0.0,0,,1
20120806,1344182400000,,,,,0,0.0,0.0,0,,1
20120807,1344268800000,,,,,0,0.0,0.0,0,,1
20120808,1344355200000,,,,,0,0.0,0.0,0,,1
20120809,1344441600000,,,,,0,0.0,0.0,0,,1
20120810,1344528000000,,,,,0,0.0,0.0,0,,1
20120813,1344787200000,,,,,0,0.0,0.0,0,,1
20120814,1344873600000,,,,,0,0.0,0.0,0,,1
20120815,1344960000000,,,,,0,0.0,0.0,0,,1
20120816,1345046400000,,,,,0,0.0,0.0,0,,1
20120817,1345132800000,,,,,0,0.0,0.0,0,,1
20120820,1345392000000,,,,,0,0.0,0.0,0,,1
20120821,1345478400000,,,,,0,0.0,0.0,0,,1
20120822,1345564800000,,,,,0,0.0,0.0,0,,1
20120823,1345651200000,,,,,0,0.0,0.0,0,,1
20120824,1345737600000,,,,,0,0.0,0.0,0,,1
20120827,1345996800000,,,,,0,0.0,0.0,0,,1
20120828,1346083200000,,,,,0,0.0,0.0,0,,1
20120829,1346169600000,,,,,0,0.0,0.0,0,,1
20120830,1346256000000,,,,,0,0.0,0.0,0,,1
20120831,1346342400000,,,,,0,0.0,0.0,0,,1
20120903,1346601600000,,,,,0,0.0,0.0,0,,1
20120904,1346688000000,,,,,0,0.0,0.0,0,,1
20120905,1346774400000,,,,,0,0.0,0.0,0,,1
20120906,1346860800000,,,,,0,0.0,0.0,0,,1
20120907,1346947200000,,,,,0,0.0,0.0,0,,1
20120910,1347206400000,,,,,0,0.0,0.0,0,,1
20120911,1347292800000,,,,,0,0.0,0.0,0,,1
20120912,1347379200000,,,,,0,0.0,0.0,0,,1
20120913,1347465600000,,,,,0,0.0,0.0,0,,1
20120914,1347552000000,,,,,0,0.0,0.0,0,,1
20120917,1347811200000,,,,,0,0.0,0.0,0,,1
20120918,1347897600000,,,,,0,0.0,0.0,0,,1
20120919,1347984000000,,,,,0,0.0,0.0,0,,1
20120920,1348070400000,,,,,0,0.0,0.0,0,,1
20120921,1348156800000,,,,,0,0.0,0.0,0,,1
20120924,1348416000000,,,,,0,0.0,0.0,0,,1
20120925,1348502400000,,,,,0,0.0,0.0,0,,1
20120926,1348588800000,,,,,0,0.0,0.0,0,,1
20120927,1348675200000,,,,,0,0.0,0.0,0,,1
20120928,1348761600000,,,,,0,0.0,0.0,0,,1
20121008,1349625600000,,,,,0,0.0,0.0,0,,1
20121009,1349712000000,,,,,0,0.0,0.0,0,,1
20121010,1349798400000,,,,,0,0.0,0.0,0,,1
20121011,1349884800000,,,,,0,0.0,0.0,0,,1
20121012,1349971200000,,,,,0,0.0,0.0,0,,1
20121015,1350230400000,,,,,0,0.0,0.0,0,,1
20121016,1350316800000,,,,,0,0.0,0.0,0,,1
20121017,1350403200000,,,,,0,0.0,0.0,0,,1
20121018,1350489600000,,,,,0,0.0,0.0,0,,1
20121019,1350576000000,,,,,0,0.0,0.0,0,,1
20121022,1350835200000,,,,,0,0.0,0.0,0,,1
20121023,1350921600000,,,,,0,0.0,0.0,0,,1
20121024,1351008000000,,,,,0,0.0,0.0,0,,1
20121025,1351094400000,,,,,0,0.0,0.0,0,,1
20121026,1351180800000,,,,,0,0.0,0.0,0,,1
20121029,1351440000000,,,,,0,0.0,0.0,0,,1
20121030,1351526400000,,,,,0,0.0,0.0,0,,1
20121031,1351612800000,,,,,0,0.0,0.0,0,,1
20121101,1351699200000,,,,,0,0.0,0.0,0,,1
20121102,1351785600000,,,,,0,0.0,0.0,0,,1
20121105,1352044800000,,,,,0,0.0,0.0,0,,1
20121106,1352131200000,,,,,0,0.0,0.0,0,,1
20121107,1352217600000,,,,,0,0.0,0.0,0,,1
20121108,1352304000000,,,,,0,0.0,0.0,0,,1
20121109,1352390400000,,,,,0,0.0,0.0,0,,1
20121112,1352649600000,,,,,0,0.0,0.0,0,,1
20121113,1352736000000,,,,,0,0.0,0.0,0,,1
20121114,1352822400000,,,,,0,0.0,0.0,0,,1
20121115,1352908800000,,,,,0,0.0,0.0,0,,1
20121116,1352995200000,,,,,0,0.0,0.0,0,,1
20121119,1353254400000,,,,,0,0.0,0.0,0,,1
20121120,1353340800000,,,,,0,0.0,0.0,0,,1
20121121,1353427200000,,,,,0,0.0,0.0,0,,1
20121122,1353513600000,,,,,0,0.0,0.0,0,,1
20121123,1353600000000,,,,,0,0.0,0.0,0,,1
20121126,1353859200000,,,,,0,0.0,0.0,0,,1
20121127,1353945600000,,,,,0,0.0,0.0,0,,1
20121128,1354032000000,,,,,0,0.0,0.0,0,,1
20121129,1354118400000,,,,,0,0.0,0.0,0,,1
20121130,1354204800000,,,,,0,0.0,0.0,0,,1
20121203,1354464000000,,,,,0,0.0,0.0,0,,1
20121204,1354550400000,,,,,0,0.0,0.0,0,,1
20121205,1354636800000,,,,,0,0.0,0.0,0,,1
20121206,1354723200000,,,,,0,0.0,0.0,0,,1
20121207,1354809600000,,,,,0,0.0,0.0,0,,1
20121210,1355068800000,,,,,0,0.0,0.0,0,,1
20121211,1355155200000,,,,,0,0.0,0.0,0,,1
20121212,1355241600000,,,,,0,0.0,0.0,0,,1
20121213,1355328000000,,,,,0,0.0,0.0,0,,1
20121214,1355414400000,,,,,0,0.0,0.0,0,,1
20121217,1355673600000,,,,,0,0.0,0.0,0,,1
20121218,1355760000000,,,,,0,0.0,0.0,0,,1
20121219,1355846400000,,,,,0,0.0,0.0,0,,1
20121220,1355932800000,,,,,0,0.0,0.0,0,,1
20121221,1356019200000,,,,,0,0.0,0.0,0,,1
20121224,1356278400000,,,,,0,0.0,0.0,0,,1
20121225,1356364800000,,,,,0,0.0,0.0,0,,1
20121226,1356451200000,,,,,0,0.0,0.0,0,,1
20121227,1356537600000,,,,,0,0.0,0.0,0,,1
20121228,1356624000000,,,,,0,0.0,0.0,0,,1
20121231,1356883200000,,,,,0,0.0,0.0,0,,1
20130104,1357228800000,,,,,0,0.0,0.0,0,,1
20130107,1357488000000,,,,,0,0.0,0.0,0,,1
20130108,1357574400000,,,,,0,0.0,0.0,0,,1
20130109,1357660800000,,,,,0,0.0,0.0,0,,1
20130110,1357747200000,,,,,0,0.0,0.0,0,,1
20130111,1357833600000,,,,,0,0.0,0.0,0,,1
20130114,1358092800000,,,,,0,0.0,0.0,0,,1
20130115,1358179200000,,,,,0,0.0,0.0,0,,1
20130116,1358265600000,,,,,0,0.0,0.0,0,,1
20130117,1358352000000,,,,,0,0.0,0.0,0,,1
20130118,1358438400000,,,,,0,0.0,0.0,0,,1
20130121,1358697600000,,,,,0,0.0,0.0,0,,1
20130122,1358784000000,,,,,0,0.0,0.0,0,,1
20130123,1358870400000,,,,,0,0.0,0.0,0,,1
20130124,1358956800000,,,,,0,0.0,0.0,0,,1
20130125,1359043200000,,,,,0,0.0,0.0,0,,1
20130128,1359302400000,,,,,0,0.0,0.0,0,,1
20130129,1359388800000,,,,,0,0.0,0.0,0,,1
20130130,1359475200000,,,,,0,0.0,0.0,0,,1
20130131,1359561600000,,,,,0,0.0,0.0,0,,1
20130201,1359648000000,,,,,0,0.0,0.0,0,,1
20130204,1359907200000,,,,,0,0.0,0.0,0,,1
20130205,1359993600000,,,,,0,0.0,0.0,0,,1
20130206,1360080000000,,,,,0,0.0,0.0,0,,1
20130207,1360166400000,,,,,0,0.0,0.0,0,,1
20130208,1360252800000,,,,,0,0.0,0.0,0,,1
20130218,1361116800000,,,,,0,0.0,0.0,0,,1
20130219,1361203200000,,,,,0,0.0,0.0,0,,1
20130220,1361289600000,,,,,0,0.0,0.0,0,,1
20130221,1361376000000,,,,,0,0.0,0.0,0,,1
20130222,1361462400000,,,,,0,0.0,0.0,0,,1
20130225,1361721600000,,,,,0,0.0,0.0,0,,1
20130226,1361808000000,,,,,0,0.0,0.0,0,,1
20130227,1361894400000,,,,,0,0.0,0.0,0,,1
20130228,1361980800000,,,,,0,0.0,0.0,0,,1
20130301,1362067200000,,,,,0,0.0,0.0,0,,1
20130304,1362326400000,,,,,0,0.0,0.0,0,,1
20130305,1362412800000,,,,,0,0.0,0.0,0,,1
20130306,1362499200000,,,,,0,0.0,0.0,0,,1
20130307,1362585600000,,,,,0,0.0,0.0,0,,1
20130308,1362672000000,,,,,0,0.0,0.0,0,,1
20130311,1362931200000,,,,,0,0.0,0.0,0,,1
20130312,1363017600000,,,,,0,0.0,0.0,0,,1
20130313,1363104000000,,,,,0,0.0,0.0,0,,1
20130314,1363190400000,,,,,0,0.0,0.0,0,,1
20130315,1363276800000,,,,,0,0.0,0.0,0,,1
20130318,1363536000000,,,,,0,0.0,0.0,0,,1
20130319,1363622400000,,,,,0,0.0,0.0,0,,1
20130320,1363708800000,,,,,0,0.0,0.0,0,,1
20130321,1363795200000,,,,,0,0.0,0.0,0,,1
20130322,1363881600000,,,,,0,0.0,0.0,0,,1
20130325,1364140800000,,,,,0,0.0,0.0,0,,1
20130326,1364227200000,,,,,0,0.0,0.0,0,,1
20130327,1364313600000,,,,,0,0.0,0.0,0,,1
20130328,1364400000000,,,,,0,0.0,0.0,0,,1
20130329,1364486400000,,,,,0,0.0,0.0,0,,1
20130401,1364745600000,,,,,0,0.0,0.0,0,,1
20130402,1364832000000,,,,,0,0.0,0.0,0,,1
20130403,1364918400000,,,,,0,0.0,0.0,0,,1
20130408,1365350400000,,,,,0,0.0,0.0,0,,1
20130409,1365436800000,,,,,0,0.0,0.0,0,,1
20130410,1365523200000,,,,,0,0.0,0.0,0,,1
20130411,1365609600000,,,,,0,0.0,0.0,0,,1
20130412,1365696000000,,,,,0,0.0,0.0,0,,1
20130415,1365955200000,,,,,0,0.0,0.0,0,,1
20130416,1366041600000,,,,,0,0.0,0.0,0,,1
20130417,1366128000000,,,,,0,0.0,0.0,0,,1
20130418,1366214400000,,,,,0,0.0,0.0,0,,1
20130419,1366300800000,,,,,0,0.0,0.0,0,,1
20130422,1366560000000,,,,,0,0.0,0.0,0,,1
20130423,1366646400000,,,,,0,0.0,0.0,0,,1
20130424,1366732800000,,,,,0,0.0,0.0,0,,1
20130425,1366819200000,,,,,0,0.0,0.0,0,,1
20130426,1366905600000,,,,,0,0.0,0.0,0,,1
20130502,1367424000000,,,,,0,0.0,0.0,0,,1
20130503,1367510400000,,,,,0,0.0,0.0,0,,1
20130506,1367769600000,,,,,0,0.0,0.0,0,,1
20130507,1367856000000,,,,,0,0.0,0.0,0,,1
20130508,1367942400000,,,,,0,0.0,0.0,0,,1
20130509,1368028800000,,,,,0,0.0,0.0,0,,1
20130510,1368115200000,,,,,0,0.0,0.0,0,,1
20130513,1368374400000,,,,,0,0.0,0.0,0,,1
20130514,1368460800000,,,,,0,0.0,0.0,0,,1
20130515,1368547200000,,,,,0,0.0,0.0,0,,1
20130516,1368633600000,,,,,0,0.0,0.0,0,,1
20130517,1368720000000,,,,,0,0.0,0.0,0,,1
20130520,1368979200000,,,,,0,0.0,0.0,0,,1
20130521,1369065600000,,,,,0,0.0,0.0,0,,1
20130522,1369152000000,,,,,0,0.0,0.0,0,,1
20130523,1369238400000,,,,,0,0.0,0.0,0,,1
20130524,1369324800000,,,,,0,0.0,0.0,0,,1
20130527,1369584000000,,,,,0,0.0,0.0,0,,1
20130528,1369670400000,,,,,0,0.0,0.0,0,,1
20130529,1369756800000,,,,,0,0.0,0.0,0,,1
20130530,1369843200000,,,,,0,0.0,0.0,0,,1
20130531,1369929600000,,,,,0,0.0,0.0,0,,1
20130603,1370188800000,,,,,0,0.0,0.0,0,,1
20130604,1370275200000,,,,,0,0.0,0.0,0,,1
20130605,1370361600000,,,,,0,0.0,0.0,0,,1
20130606,1370448000000,,,,,0,0.0,0.0,0,,1
20130607,1370534400000,,,,,0,0.0,0.0,0,,1
20130613,1371052800000,,,,,0,0.0,0.0,0,,1
20130614,1371139200000,,,,,0,0.0,0.0,0,,1
20130617,1371398400000,,,,,0,0.0,0.0,0,,1
20130618,1371484800000,,,,,0,0.0,0.0,0,,1
20130619,1371571200000,,,,,0,0.0,0.0,0,,1
20130620,1371657600000,,,,,0,0.0,0.0,0,,1
20130621,1371744000000,,,,,0,0.0,0.0,0,,1
20130624,1372003200000,,,,,0,0.0,0.0,0,,1
20130625,1372089600000,,,,,0,0.0,0.0,0,,1
20130626,1372176000000,,,,,0,0.0,0.0,0,,1
20130627,1372262400000,,,,,0,0.0,0.0,0,,1
20130628,1372348800000,,,,,0,0.0,0.0,0,,1
20130701,1372608000000,,,,,0,0.0,0.0,0,,1
20130702,1372694400000,,,,,0,0.0,0.0,0,,1
20130703,1372780800000,,,,,0,0.0,0.0,0,,1
20130704,1372867200000,,,,,0,0.0,0.0,0,,1
20130705,1372953600000,,,,,0,0.0,0.0,0,,1
20130708,1373212800000,,,,,0,0.0,0.0,0,,1
20130709,1373299200000,,,,,0,0.0,0.0,0,,1
20130710,1373385600000,,,,,0,0.0,0.0,0,,1
20130711,1373472000000,,,,,0,0.0,0.0,0,,1
20130712,1373558400000,,,,,0,0.0,0.0,0,,1
20130715,1373817600000,,,,,0,0.0,0.0,0,,1
20130716,1373904000000,,,,,0,0.0,0.0,0,,1
20130717,1373990400000,,,,,0,0.0,0.0,0,,1
20130718,1374076800000,,,,,0,0.0,0.0,0,,1
20130719,1374163200000,,,,,0,0.0,0.0,0,,1
20130722,1374422400000,,,,,0,0.0,0.0,0,,1
20130723,1374508800000,,,,,0,0.0,0.0,0,,1
20130724,1374595200000,,,,,0,0.0,0.0,0,,1
20130725,1374681600000,,,,,0,0.0,0.0,0,,1
20130726,1374768000000,,,,,0,0.0,0.0,0,,1
20130729,1375027200000,,,,,0,0.0,0.0,0,,1
20130730,1375113600000,,,,,0,0.0,0.0,0,,1
20130731,1375200000000,,,,,0,0.0,0.0,0,,1
20130801,1375286400000,,,,,0,0.0,0.0,0,,1
20130802,1375372800000,,,,,0,0.0,0.0,0,,1
20130805,1375632000000,,,,,0,0.0,0.0,0,,1
20130806,1375718400000,,,,,0,0.0,0.0,0,,1
20130807,1375804800000,,,,,0,0.0,0.0,0,,1
20130808,1375891200000,,,,,0,0.0,0.0,0,,1
20130809,1375977600000,,,,,0,0.0,0.0,0,,1
20130812,1376236800000,,,,,0,0.0,0.0,0,,1
20130813,1376323200000,,,,,0,0.0,0.0,0,,1
20130814,1376409600000,,,,,0,0.0,0.0,0,,1
20130815,1376496000000,,,,,0,0.0,0.0,0,,1
20130816,1376582400000,,,,,0,0.0,0.0,0,,1
20130819,1376841600000,,,,,0,0.0,0.0,0,,1
20130820,1376928000000,,,,,0,0.0,0.0,0,,1
20130821,1377014400000,,,,,0,0.0,0.0,0,,1
20130822,1377100800000,,,,,0,0.0,0.0,0,,1
20130823,1377187200000,,,,,0,0.0,0.0,0,,1
20130826,1377446400000,,,,,0,0.0,0.0,0,,1
20130827,1377532800000,,,,,0,0.0,0.0,0,,1
20130828,1377619200000,,,,,0,0.0,0.0,0,,1
20130829,1377705600000,,,,,0,0.0,0.0,0,,1
20130830,1377792000000,,,,,0,0.0,0.0,0,,1
20130902,1378051200000,,,,,0,0.0,0.0,0,,1
20130903,1378137600000,,,,,0,0.0,0.0,0,,1
20130904,1378224000000,,,,,0,0.0,0.0,0,,1
20130905,1378310400000,,,,,0,0.0,0.0,0,,1
20130906,1378396800000,,,,,0,0.0,0.0,0,,1
20130909,1378656000000,,,,,0,0.0,0.0,0,,1
20130910,1378742400000,,,,,0,0.0,0.0,0,,1
20130911,1378828800000,,,,,0,0.0,0.0,0,,1
20130912,1378915200000,,,,,0,0.0,0.0,0,,1
20130913,1379001600000,,,,,0,0.0,0.0,0,,1
20130916,1379260800000,,,,,0,0.0,0.0,0,,1
20130917,1379347200000,,,,,0,0.0,0.0,0,,1
20130918,1379433600000,,,,,0,0.0,0.0,0,,1
20130923,1379865600000,,,,,0,0.0,0.0,0,,1
20130924,1379952000000,,,,,0,0.0,0.0,0,,1
20130925,1380038400000,,,,,0,0.0,0.0,0,,1
20130926,1380124800000,,,,,0,0.0,0.0,0,,1
20130927,1380211200000,,,,,0,0.0,0.0,0,,1
20130930,1380470400000,,,,,0,0.0,0.0,0,,1
20131008,1381161600000,,,,,0,0.0,0.0,0,,1
20131009,1381248000000,,,,,0,0.0,0.0,0,,1
20131010,1381334400000,,,,,0,0.0,0.0,0,,1
20131011,1381420800000,,,,,0,0.0,0.0,0,,1
20131014,1381680000000,,,,,0,0.0,0.0,0,,1
20131015,1381766400000,,,,,0,0.0,0.0,0,,1
20131016,1381852800000,,,,,0,0.0,0.0,0,,1
20131017,1381939200000,,,,,0,0.0,0.0,0,,1
20131018,1382025600000,,,,,0,0.0,0.0,0,,1
20131021,1382284800000,,,,,0,0.0,0.0,0,,1
20131022,1382371200000,,,,,0,0.0,0.0,0,,1
20131023,1382457600000,,,,,0,0.0,0.0,0,,1
20131024,1382544000000,,,,,0,0.0,0.0,0,,1
20131025,1382630400000,,,,,0,0.0,0.0,0,,1
20131028,1382889600000,,,,,0,0.0,0.0,0,,1
20131029,1382976000000,,,,,0,0.0,0.0,0,,1
20131030,1383062400000,,,,,0,0.0,0.0,0,,1
20131031,1383148800000,,,,,0,0.0,0.0,0,,1
20131101,1383235200000,,,,,0,0.0,0.0,0,,1
20131104,1383494400000,,,,,0,0.0,0.0,0,,1
20131105,1383580800000,,,,,0,0.0,0.0,0,,1
20131106,1383667200000,,,,,0,0.0,0.0,0,,1
20131107,1383753600000,,,,,0,0.0,0.0,0,,1
20131108,1383840000000,,,,,0,0.0,0.0,0,,1
20131111,1384099200000,,,,,0,0.0,0.0,0,,1
20131112,1384185600000,,,,,0,0.0,0.0,0,,1
20131113,1384272000000,,,,,0,0.0,0.0,0,,1
20131114,1384358400000,,,,,0,0.0,0.0,0,,1
20131115,1384444800000,,,,,0,0.0,0.0,0,,1
20131118,1384704000000,,,,,0,0.0,0.0,0,,1
20131119,1384790400000,,,,,0,0.0,0.0,0,,1
20131120,1384876800000,,,,,0,0.0,0.0,0,,1
20131121,1384963200000,,,,,0,0.0,0.0,0,,1
20131122,1385049600000,,,,,0,0.0,0.0,0,,1
20131125,1385308800000,,,,,0,0.0,0.0,0,,1
20131126,1385395200000,,,,,0,0.0,0.0,0,,1
20131127,1385481600000,,,,,0,0.0,0.0,0,,1
20131128,1385568000000,,,,,0,0.0,0.0,0,,1
20131129,1385654400000,,,,,0,0.0,0.0,0,,1
20131202,1385913600000,,,,,0,0.0,0.0,0,,1
20131203,1386000000000,,,,,0,0.0,0.0,0,,1
20131204,1386086400000,,,,,0,0.0,0.0,0,,1
20131205,1386172800000,,,,,0,0.0,0.0,0,,1
20131206,1386259200000,,,,,0,0.0,0.0,0,,1
20131209,1386518400000,,,,,0,0.0,0.0,0,,1
20131210,1386604800000,,,,,0,0.0,0.0,0,,1
20131211,1386691200000,,,,,0,0.0,0.0,0,,1
20131212,1386777600000,,,,,0,0.0,0.0,0,,1
20131213,1386864000000,,,,,0,0.0,0.0,0,,1
20131216,1387123200000,,,,,0,0.0,0.0,0,,1
20131217,1387209600000,,,,,0,0.0,0.0,0,,1
20131218,1387296000000,,,,,0,0.0,0.0,0,,1
20131219,1387382400000,,,,,0,0.0,0.0,0,,1
20131220,1387468800000,,,,,0,0.0,0.0,0,,1
20131223,1387728000000,,,,,0,0.0,0.0,0,,1
20131224,1387814400000,,,,,0,0.0,0.0,0,,1
20131225,1387900800000,,,,,0,0.0,0.0,0,,1
20131226,1387987200000,,,,,0,0.0,0.0,0,,1
20131227,1388073600000,,,,,0,0.0,0.0,0,,1
20131230,1388332800000,,,,,0,0.0,0.0,0,,1
20131231,1388419200000,,,,,0,0.0,0.0,0,,1
20140102,1388592000000,,,,,0,0.0,0.0,0,,1
20140103,1388678400000,,,,,0,0.0,0.0,0,,1
20140106,1388937600000,,,,,0,0.0,0.0,0,,1
20140107,1389024000000,,,,,0,0.0,0.0,0,,1
20140108,1389110400000,,,,,0,0.0,0.0,0,,1
20140109,1389196800000,,,,,0,0.0,0.0,0,,1
20140110,1389283200000,,,,,0,0.0,0.0,0,,1
20140113,1389542400000,,,,,0,0.0,0.0,0,,1
20140114,1389628800000,,,,,0,0.0,0.0,0,,1
20140115,1389715200000,,,,,0,0.0,0.0,0,,1
20140116,1389801600000,,,,,0,0.0,0.0,0,,1
20140117,1389888000000,,,,,0,0.0,0.0,0,,1
20140120,1390147200000,,,,,0,0.0,0.0,0,,1
20140121,1390233600000,,,,,0,0.0,0.0,0,,1
20140122,1390320000000,,,,,0,0.0,0.0,0,,1
20140123,1390406400000,,,,,0,0.0,0.0,0,,1
20140124,1390492800000,,,,,0,0.0,0.0,0,,1
20140127,1390752000000,,,,,0,0.0,0.0,0,,1
20140128,1390838400000,,,,,0,0.0,0.0,0,,1
20140129,1390924800000,,,,,0,0.0,0.0,0,,1
20140130,1391011200000,,,,,0,0.0,0.0,0,,1
20140207,1391702400000,,,,,0,0.0,0.0,0,,1
20140210,1391961600000,,,,,0,0.0,0.0,0,,1
20140211,1392048000000,,,,,0,0.0,0.0,0,,1
20140212,1392134400000,,,,,0,0.0,0.0,0,,1
20140213,1392220800000,,,,,0,0.0,0.0,0,,1
20140214,1392307200000,,,,,0,0.0,0.0,0,,1
20140217,1392566400000,,,,,0,0.0,0.0,0,,1
20140218,1392652800000,,,,,0,0.0,0.0,0,,1
20140219,1392739200000,,,,,0,0.0,0.0,0,,1
20140220,1392825600000,,,,,0,0.0,0.0,0,,1
20140221,1392912000000,,,,,0,0.0,0.0,0,,1
20140224,1393171200000,,,,,0,0.0,0.0,0,,1
20140225,1393257600000,,,,,0,0.0,0.0,0,,1
20140226,1393344000000,,,,,0,0.0,0.0,0,,1
20140227,1393430400000,,,,,0,0.0,0.0,0,,1
20140228,1393516800000,,,,,0,0.0,0.0,0,,1
20140303,1393776000000,,,,,0,0.0,0.0,0,,1
20140304,1393862400000,,,,,0,0.0,0.0,0,,1
20140305,1393948800000,,,,,0,0.0,0.0,0,,1
20140306,1394035200000,,,,,0,0.0,0.0,0,,1
20140307,1394121600000,,,,,0,0.0,0.0,0,,1
20140310,1394380800000,,,,,0,0.0,0.0,0,,1
20140311,1394467200000,,,,,0,0.0,0.0,0,,1
20140312,1394553600000,,,,,0,0.0,0.0,0,,1
20140313,1394640000000,,,,,0,0.0,0.0,0,,1
20140314,1394726400000,,,,,0,0.0,0.0,0,,1
20140317,1394985600000,,,,,0,0.0,0.0,0,,1
20140318,1395072000000,,,,,0,0.0,0.0,0,,1
20140319,1395158400000,,,,,0,0.0,0.0,0,,1
20140320,1395244800000,,,,,0,0.0,0.0,0,,1
20140321,1395331200000,,,,,0,0.0,0.0,0,,1
20140324,1395590400000,,,,,0,0.0,0.0,0,,1
20140325,1395676800000,,,,,0,0.0,0.0,0,,1
20140326,1395763200000,,,,,0,0.0,0.0,0,,1
20140327,1395849600000,,,,,0,0.0,0.0,0,,1
20140328,1395936000000,,,,,0,0.0,0.0,0,,1
20140331,1396195200000,,,,,0,0.0,0.0,0,,1
20140401,1396281600000,,,,,0,0.0,0.0,0,,1
20140402,1396368000000,,,,,0,0.0,0.0,0,,1
20140403,1396454400000,,,,,0,0.0,0.0,0,,1
20140404,1396540800000,,,,,0,0.0,0.0,0,,1
20140408,1396886400000,,,,,0,0.0,0.0,0,,1
20140409,1396972800000,,,,,0,0.0,0.0,0,,1
20140410,1397059200000,,,,,0,0.0,0.0,0,,1
20140411,1397145600000,,,,,0,0.0,0.0,0,,1
20140414,1397404800000,,,,,0,0.0,0.0,0,,1
20140415,1397491200000,,,,,0,0.0,0.0,0,,1
20140416,1397577600000,,,,,0,0.0,0.0,0,,1
20140417,1397664000000,,,,,0,0.0,0.0,0,,1
20140418,1397750400000,,,,,0,0.0,0.0,0,,1
20140421,1398009600000,,,,,0,0.0,0.0,0,,1
20140422,1398096000000,,,,,0,0.0,0.0,0,,1
20140423,1398182400000,,,,,0,0.0,0.0,0,,1
20140424,1398268800000,,,,,0,0.0,0.0,0,,1
20140425,1398355200000,,,,,0,0.0,0.0,0,,1
20140428,1398614400000,,,,,0,0.0,0.0,0,,1
20140429,1398700800000,,,,,0,0.0,0.0,0,,1
20140430,1398787200000,,,,,0,0.0,0.0,0,,1
20140505,1399219200000,,,,,0,0.0,0.0,0,,1
20140506,1399305600000,,,,,0,0.0,0.0,0,,1
20140507,1399392000000,,,,,0,0.0,0.0,0,,1
20140508,1399478400000,,,,,0,0.0,0.0,0,,1
20140509,1399564800000,,,,,0,0.0,0.0,0,,1
20140512,1399824000000,,,,,0,0.0,0.0,0,,1
20140513,1399910400000,,,,,0,0.0,0.0,0,,1
20140514,1399996800000,,,,,0,0.0,0.0,0,,1
20140515,1400083200000,,,,,0,0.0,0.0,0,,1
20140516,1400169600000,,,,,0,0.0,0.0,0,,1
20140519,1400428800000,,,,,0,0.0,0.0,0,,1
20140520,1400515200000,,,,,0,0.0,0.0,0,,1
20140521,1400601600000,,,,,0,0.0,0.0,0,,1
20140522,1400688000000,,,,,0,0.0,0.0,0,,1
20140523,1400774400000,,,,,0,0.0,0.0,0,,1
20140526,1401033600000,,,,,0,0.0,0.0,0,,1
20140527,1401120000000,,,,,0,0.0,0.0,0,,1
20140528,1401206400000,,,,,0,0.0,0.0,0,,1
20140529,1401292800000,,,,,0,0.0,0.0,0,,1
20140530,1401379200000,,,,,0,0.0,0.0,0,,1
20140603,1401724800000,,,,,0,0.0,0.0,0,,1
20140604,1401811200000,,,,,0,0.0,0.0,0,,1
20140605,1401897600000,,,,,0,0.0,0.0,0,,1
20140606,1401984000000,,,,,0,0.0,0.0,0,,1
20140609,1402243200000,,,,,0,0.0,0.0,0,,1
20140610,1402329600000,,,,,0,0.0,0.0,0,,1
20140611,1402416000000,,,,,0,0.0,0.0,0,,1
20140612,1402502400000,,,,,0,0.0,0.0,0,,1
20140613,1402588800000,,,,,0,0.0,0.0,0,,1
20140616,1402848000000,,,,,0,0.0,0.0,0,,1
20140617,1402934400000,,,,,0,0.0,0.0,0,,1
20140618,1403020800000,,,,,0,0.0,0.0,0,,1
20140619,1403107200000,,,,,0,0.0,0.0,0,,1
20140620,1403193600000,,,,,0,0.0,0.0,0,,1
20140623,1403452800000,,,,,0,0.0,0.0,0,,1
20140624,1403539200000,,,,,0,0.0,0.0,0,,1
20140625,1403625600000,,,,,0,0.0,0.0,0,,1
20140626,1403712000000,,,,,0,0.0,0.0,0,,1
20140627,1403798400000,,,,,0,0.0,0.0,0,,1
20140630,1404057600000,,,,,0,0.0,0.0,0,,1
20140701,1404144000000,,,,,0,0.0,0.0,0,,1
20140702,1404230400000,,,,,0,0.0,0.0,0,,1
20140703,1404316800000,,,,,0,0.0,0.0,0,,1
20140704,1404403200000,,,,,0,0.0,0.0,0,,1
20140707,1404662400000,,,,,0,0.0,0.0,0,,1
20140708,1404748800000,,,,,0,0.0,0.0,0,,1
20140709,1404835200000,,,,,0,0.0,0.0,0,,1
20140710,1404921600000,,,,,0,0.0,0.0,0,,1
20140711,1405008000000,,,,,0,0.0,0.0,0,,1
20140714,1405267200000,,,,,0,0.0,0.0,0,,1
20140715,1405353600000,,,,,0,0.0,0.0,0,,1
20140716,1405440000000,,,,,0,0.0,0.0,0,,1
20140717,1405526400000,,,,,0,0.0,0.0,0,,1
20140718,1405612800000,,,,,0,0.0,0.0,0,,1
20140721,1405872000000,,,,,0,0.0,0.0,0,,1
20140722,1405958400000,,,,,0,0.0,0.0,0,,1
20140723,1406044800000,,,,,0,0.0,0.0,0,,1
20140724,1406131200000,,,,,0,0.0,0.0,0,,1
20140725,1406217600000,,,,,0,0.0,0.0,0,,1
20140728,1406476800000,,,,,0,0.0,0.0,0,,1
20140729,1406563200000,,,,,0,0.0,0.0,0,,1
20140730,1406649600000,,,,,0,0.0,0.0,0,,1
20140731,1406736000000,,,,,0,0.0,0.0,0,,1
20140801,1406822400000,,,,,0,0.0,0.0,0,,1
20140804,1407081600000,,,,,0,0.0,0.0,0,,1
20140805,1407168000000,,,,,0,0.0,0.0,0,,1
20140806,1407254400000,,,,,0,0.0,0.0,0,,1
20140807,1407340800000,,,,,0,0.0,0.0,0,,1
20140808,1407427200000,,,,,0,0.0,0.0,0,,1
20140811,1407686400000,,,,,0,0.0,0.0,0,,1
20140812,1407772800000,,,,,0,0.0,0.0,0,,1
20140813,1407859200000,,,,,0,0.0,0.0,0,,1
20140814,1407945600000,,,,,0,0.0,0.0,0,,1
20140815,1408032000000,,,,,0,0.0,0.0,0,,1
20140818,1408291200000,,,,,0,0.0,0.0,0,,1
20140819,1408377600000,,,,,0,0.0,0.0,0,,1
20140820,1408464000000,,,,,0,0.0,0.0,0,,1
20140821,1408550400000,,,,,0,0.0,0.0,0,,1
20140822,1408636800000,,,,,0,0.0,0.0,0,,1
20140825,1408896000000,,,,,0,0.0,0.0,0,,1
20140826,1408982400000,,,,,0,0.0,0.0,0,,1
20140827,1409068800000,,,,,0,0.0,0.0,0,,1
20140828,1409155200000,,,,,0,0.0,0.0,0,,1
20140829,1409241600000,,,,,0,0.0,0.0,0,,1
20140901,1409500800000,,,,,0,0.0,0.0,0,,1
20140902,1409587200000,,,,,0,0.0,0.0,0,,1
20140903,1409673600000,,,,,0,0.0,0.0,0,,1
20140904,1409760000000,,,,,0,0.0,0.0,0,,1
20140905,1409846400000,,,,,0,0.0,0.0,0,,1
20140909,1410192000000,,,,,0,0.0,0.0,0,,1
20140910,1410278400000,,,,,0,0.0,0.0,0,,1
20140911,1410364800000,,,,,0,0.0,0.0,0,,1
20140912,1410451200000,,,,,0,0.0,0.0,0,,1
20140915,1410710400000,,,,,0,0.0,0.0,0,,1
20140916,1410796800000,,,,,0,0.0,0.0,0,,1
20140917,1410883200000,,,,,0,0.0,0.0,0,,1
20140918,1410969600000,,,,,0,0.0,0.0,0,,1
20140919,1411056000000,,,,,0,0.0,0.0,0,,1
20140922,1411315200000,,,,,0,0.0,0.0,0,,1
20140923,1411401600000,,,,,0,0.0,0.0,0,,1
20140924,1411488000000,,,,,0,0.0,0.0,0,,1
20140925,1411574400000,,,,,0,0.0,0.0,0,,1
20140926,1411660800000,,,,,0,0.0,0.0,0,,1
20140929,1411920000000,,,,,0,0.0,0.0,0,,1
20140930,1412006400000,,,,,0,0.0,0.0,0,,1
20141008,1412697600000,,,,,0,0.0,0.0,0,,1
20141009,1412784000000,,,,,0,0.0,0.0,0,,1
20141010,1412870400000,,,,,0,0.0,0.0,0,,1
20141013,1413129600000,,,,,0,0.0,0.0,0,,1
20141014,1413216000000,,,,,0,0.0,0.0,0,,1
20141015,1413302400000,,,,,0,0.0,0.0,0,,1
20141016,1413388800000,,,,,0,0.0,0.0,0,,1
20141017,1413475200000,,,,,0,0.0,0.0,0,,1
20141020,1413734400000,,,,,0,0.0,0.0,0,,1
20141021,1413820800000,,,,,0,0.0,0.0,0,,1
20141022,1413907200000,,,,,0,0.0,0.0,0,,1
20141023,1413993600000,,,,,0,0.0,0.0,0,,1
20141024,1414080000000,,,,,0,0.0,0.0,0,,1
20141027,1414339200000,,,,,0,0.0,0.0,0,,1
20141028,1414425600000,,,,,0,0.0,0.0,0,,1
20141029,1414512000000,,,,,0,0.0,0.0,0,,1
20141030,1414598400000,,,,,0,0.0,0.0,0,,1
20141031,1414684800000,,,,,0,0.0,0.0,0,,1
20141103,1414944000000,,,,,0,0.0,0.0,0,,1
20141104,1415030400000,,,,,0,0.0,0.0,0,,1
20141105,1415116800000,,,,,0,0.0,0.0,0,,1
20141106,1415203200000,,,,,0,0.0,0.0,0,,1
20141107,1415289600000,,,,,0,0.0,0.0,0,,1
20141110,1415548800000,,,,,0,0.0,0.0,0,,1
20141111,1415635200000,,,,,0,0.0,0.0,0,,1
20141112,1415721600000,,,,,0,0.0,0.0,0,,1
20141113,1415808000000,,,,,0,0.0,0.0,0,,1
20141114,1415894400000,,,,,0,0.0,0.0,0,,1
20141117,1416153600000,,,,,0,0.0,0.0,0,,1
20141118,1416240000000,,,,,0,0.0,0.0,0,,1
20141119,1416326400000,,,,,0,0.0,0.0,0,,1
20141120,1416412800000,,,,,0,0.0,0.0,0,,1
20141121,1416499200000,,,,,0,0.0,0.0,0,,1
20141124,1416758400000,,,,,0,0.0,0.0,0,,1
20141125,1416844800000,,,,,0,0.0,0.0,0,,1
20141126,1416931200000,,,,,0,0.0,0.0,0,,1
20141127,1417017600000,,,,,0,0.0,0.0,0,,1
20141128,1417104000000,,,,,0,0.0,0.0,0,,1
20141201,1417363200000,,,,,0,0.0,0.0,0,,1
20141202,1417449600000,,,,,0,0.0,0.0,0,,1
20141203,1417536000000,,,,,0,0.0,0.0,0,,1
20141204,1417622400000,,,,,0,0.0,0.0,0,,1
20141205,1417708800000,,,,,0,0.0,0.0,0,,1
20141208,1417968000000,,,,,0,0.0,0.0,0,,1
20141209,1418054400000,,,,,0,0.0,0.0,0,,1
20141210,1418140800000,,,,,0,0.0,0.0,0,,1
20141211,1418227200000,,,,,0,0.0,0.0,0,,1
20141212,1418313600000,,,,,0,0.0,0.0,0,,1
20141215,1418572800000,,,,,0,0.0,0.0,0,,1
20141216,1418659200000,,,,,0,0.0,0.0,0,,1
20141217,1418745600000,,,,,0,0.0,0.0,0,,1
20141218,1418832000000,,,,,0,0.0,0.0,0,,1
20141219,1418918400000,,,,,0,0.0,0.0,0,,1
20141222,1419177600000,,,,,0,0.0,0.0,0,,1
20141223,1419264000000,,,,,0,0.0,0.0,0,,1
20141224,1419350400000,,,,,0,0.0,0.0,0,,1
20141225,1419436800000,,,,,0,0.0,0.0,0,,1
20141226,1419523200000,,,,,0,0.0,0.0,0,,1
20141229,1419782400000,,,,,0,0.0,0.0,0,,1
20141230,1419868800000,,,,,0,0.0,0.0,0,,1
20141231,1419955200000,,,,,0,0.0,0.0,0,,1
20150105,1420387200000,,,,,0,0.0,0.0,0,,1
20150106,1420473600000,,,,,0,0.0,0.0,0,,1
20150107,1420560000000,,,,,0,0.0,0.0,0,,1
20150108,1420646400000,,,,,0,0.0,0.0,0,,1
20150109,1420732800000,,,,,0,0.0,0.0,0,,1
20150112,1420992000000,,,,,0,0.0,0.0,0,,1
20150113,1421078400000,,,,,0,0.0,0.0,0,,1
20150114,1421164800000,,,,,0,0.0,0.0,0,,1
20150115,1421251200000,,,,,0,0.0,0.0,0,,1
20150116,1421337600000,,,,,0,0.0,0.0,0,,1
20150119,1421596800000,,,,,0,0.0,0.0,0,,1
20150120,1421683200000,,,,,0,0.0,0.0,0,,1
20150121,1421769600000,,,,,0,0.0,0.0,0,,1
20150122,1421856000000,,,,,0,0.0,0.0,0,,1
20150123,1421942400000,,,,,0,0.0,0.0,0,,1
20150126,1422201600000,,,,,0,0.0,0.0,0,,1
20150127,1422288000000,,,,,0,0.0,0.0,0,,1
20150128,1422374400000,,,,,0,0.0,0.0,0,,1
20150129,1422460800000,,,,,0,0.0,0.0,0,,1
20150130,1422547200000,,,,,0,0.0,0.0,0,,1
20150202,1422806400000,,,,,0,0.0,0.0,0,,1
20150203,1422892800000,,,,,0,0.0,0.0,0,,1
20150204,1422979200000,,,,,0,0.0,0.0,0,,1
20150205,1423065600000,,,,,0,0.0,0.0,0,,1
20150206,1423152000000,,,,,0,0.0,0.0,0,,1
20150209,1423411200000,,,,,0,0.0,0.0,0,,1
20150210,1423497600000,,,,,0,0.0,0.0,0,,1
20150211,1423584000000,,,,,0,0.0,0.0,0,,1
20150212,1423670400000,,,,,0,0.0,0.0,0,,1
20150213,1423756800000,,,,,0,0.0,0.0,0,,1
20150216,1424016000000,,,,,0,0.0,0.0,0,,1
20150217,1424102400000,,,,,0,0.0,0.0,0,,1
20150225,1424793600000,,,,,0,0.0,0.0,0,,1
20150226,1424880000000,,,,,0,0.0,0.0,0,,1
20150227,1424966400000,,,,,0,0.0,0.0,0,,1
20150302,1425225600000,,,,,0,0.0,0.0,0,,1
20150303,1425312000000,,,,,0,0.0,0.0,0,,1
20150304,1425398400000,,,,,0,0.0,0.0,0,,1
20150305,1425484800000,,,,,0,0.0,0.0,0,,1
20150306,1425571200000,,,,,0,0.0,0.0,0,,1
20150309,1425830400000,,,,,0,0.0,0.0,0,,1
20150310,1425916800000,,,,,0,0.0,0.0,0,,1
20150311,1426003200000,,,,,0,0.0,0.0,0,,1
20150312,1426089600000,,,,,0,0.0,0.0,0,,1
20150313,1426176000000,,,,,0,0.0,0.0,0,,1
20150316,1426435200000,,,,,0,0.0,0.0,0,,1
20150317,1426521600000,,,,,0,0.0,0.0,0,,1
20150318,1426608000000,,,,,0,0.0,0.0,0,,1
20150319,1426694400000,,,,,0,0.0,0.0,0,,1
20150320,1426780800000,,,,,0,0.0,0.0,0,,1
20150323,1427040000000,,,,,0,0.0,0.0,0,,1
20150324,1427126400000,,,,,0,0.0,0.0,0,,1
20150325,1427212800000,,,,,0,0.0,0.0,0,,1
20150326,1427299200000,,,,,0,0.0,0.0,0,,1
20150327,1427385600000,,,,,0,0.0,0.0,0,,1
20150330,1427644800000,,,,,0,0.0,0.0,0,,1
20150331,1427731200000,,,,,0,0.0,0.0,0,,1
20150401,1427817600000,,,,,0,0.0,0.0,0,,1
20150402,1427904000000,,,,,0,0.0,0.0,0,,1
20150403,1427990400000,,,,,0,0.0,0.0,0,,1
20150407,1428336000000,,,,,0,0.0,0.0,0,,1
20150408,1428422400000,,,,,0,0.0,0.0,0,,1
20150409,1428508800000,,,,,0,0.0,0.0,0,,1
20150410,1428595200000,,,,,0,0.0,0.0,0,,1
20150413,1428854400000,,,,,0,0.0,0.0,0,,1
20150414,1428940800000,,,,,0,0.0,0.0,0,,1
20150415,1429027200000,,,,,0,0.0,0.0,0,,1
20150416,1429113600000,,,,,0,0.0,0.0,0,,1
20150417,1429200000000,,,,,0,0.0,0.0,0,,1
20150420,1429459200000,,,,,0,0.0,0.0,0,,1
20150421,1429545600000,,,,,0,0.0,0.0,0,,1
20150422,1429632000000,,,,,0,0.0,0.0,0,,1
20150423,1429718400000,,,,,0,0.0,0.0,0,,1
20150424,1429804800000,,,,,0,0.0,0.0,0,,1
20150427,1430064000000,,,,,0,0.0,0.0,0,,1
20150428,1430150400000,,,,,0,0.0,0.0,0,,1
20150429,1430236800000,,,,,0,0.0,0.0,0,,1
20150430,1430323200000,,,,,0,0.0,0.0,0,,1
20150504,1430668800000,,,,,0,0.0,0.0,0,,1
20150505,1430755200000,,,,,0,0.0,0.0,0,,1
20150506,1430841600000,,,,,0,0.0,0.0,0,,1
20150507,1430928000000,,,,,0,0.0,0.0,0,,1
20150508,1431014400000,,,,,0,0.0,0.0,0,,1
20150511,1431273600000,,,,,0,0.0,0.0,0,,1
20150512,1431360000000,,,,,0,0.0,0.0,0,,1
20150513,1431446400000,,,,,0,0.0,0.0,0,,1
20150514,1431532800000,,,,,0,0.0,0.0,0,,1
20150515,1431619200000,,,,,0,0.0,0.0,0,,1
20150518,1431878400000,,,,,0,0.0,0.0,0,,1
20150519,1431964800000,,,,,0,0.0,0.0,0,,1
20150520,1432051200000,,,,,0,0.0,0.0,0,,1
20150521,1432137600000,,,,,0,0.0,0.0,0,,1
20150522,1432224000000,,,,,0,0.0,0.0,0,,1
20150525,1432483200000,,,,,0,0.0,0.0,0,,1
20150526,1432569600000,,,,,0,0.0,0.0,0,,1
20150527,1432656000000,,,,,0,0.0,0.0,0,,1
20150528,1432742400000,,,,,0,0.0,0.0,0,,1
20150529,1432828800000,,,,,0,0.0,0.0,0,,1
20150601,1433088000000,,,,,0,0.0,0.0,0,,1
20150602,1433174400000,,,,,0,0.0,0.0,0,,1
20150603,1433260800000,,,,,0,0.0,0.0,0,,1
20150604,1433347200000,,,,,0,0.0,0.0,0,,1
20150605,1433433600000,,,,,0,0.0,0.0,0,,1
20150608,1433692800000,,,,,0,0.0,0.0,0,,1
20150609,1433779200000,,,,,0,0.0,0.0,0,,1
20150610,1433865600000,,,,,0,0.0,0.0,0,,1
20150611,1433952000000,,,,,0,0.0,0.0,0,,1
20150612,1434038400000,,,,,0,0.0,0.0,0,,1
20150615,1434297600000,,,,,0,0.0,0.0,0,,1
20150616,1434384000000,,,,,0,0.0,0.0,0,,1
20150617,1434470400000,,,,,0,0.0,0.0,0,,1
20150618,1434556800000,,,,,0,0.0,0.0,0,,1
20150619,1434643200000,,,,,0,0.0,0.0,0,,1
20150623,1434988800000,,,,,0,0.0,0.0,0,,1
20150624,1435075200000,,,,,0,0.0,0.0,0,,1
20150625,1435161600000,,,,,0,0.0,0.0,0,,1
20150626,1435248000000,,,,,0,0.0,0.0,0,,1
20150629,1435507200000,,,,,0,0.0,0.0,0,,1
20150630,1435593600000,,,,,0,0.0,0.0,0,,1
20150701,1435680000000,,,,,0,0.0,0.0,0,,1
20150702,1435766400000,,,,,0,0.0,0.0,0,,1
20150703,1435852800000,,,,,0,0.0,0.0,0,,1
20150706,1436112000000,,,,,0,0.0,0.0,0,,1
20150707,1436198400000,,,,,0,0.0,0.0,0,,1
20150708,1436284800000,,,,,0,0.0,0.0,0,,1
20150709,1436371200000,,,,,0,0.0,0.0,0,,1
20150710,1436457600000,,,,,0,0.0,0.0,0,,1
20150713,1436716800000,,,,,0,0.0,0.0,0,,1
20150714,1436803200000,,,,,0,0.0,0.0,0,,1
20150715,1436889600000,,,,,0,0.0,0.0,0,,1
20150716,1436976000000,,,,,0,0.0,0.0,0,,1
20150717,1437062400000,,,,,0,0.0,0.0,0,,1
20150720,1437321600000,,,,,0,0.0,0.0,0,,1
20150721,1437408000000,,,,,0,0.0,0.0,0,,1
20150722,1437494400000,,,,,0,0.0,0.0,0,,1
20150723,1437580800000,,,,,0,0.0,0.0,0,,1
20150724,1437667200000,,,,,0,0.0,0.0,0,,1
20150727,1437926400000,,,,,0,0.0,0.0,0,,1
20150728,1438012800000,,,,,0,0.0,0.0,0,,1
20150729,1438099200000,,,,,0,0.0,0.0,0,,1
20150730,1438185600000,,,,,0,0.0,0.0,0,,1
20150731,1438272000000,,,,,0,0.0,0.0,0,,1
20150803,1438531200000,,,,,0,0.0,0.0,0,,1
20150804,1438617600000,,,,,0,0.0,0.0,0,,1
20150805,1438704000000,,,,,0,0.0,0.0,0,,1
20150806,1438790400000,,,,,0,0.0,0.0,0,,1
20150807,1438876800000,,,,,0,0.0,0.0,0,,1
20150810,1439136000000,,,,,0,0.0,0.0,0,,1
20150811,1439222400000,,,,,0,0.0,0.0,0,,1
20150812,1439308800000,,,,,0,0.0,0.0,0,,1
20150813,1439395200000,,,,,0,0.0,0.0,0,,1
20150814,1439481600000,,,,,0,0.0,0.0,0,,1
20150817,1439740800000,,,,,0,0.0,0.0,0,,1
20150818,1439827200000,,,,,0,0.0,0.0,0,,1
20150819,1439913600000,,,,,0,0.0,0.0,0,,1
20150820,1440000000000,,,,,0,0.0,0.0,0,,1
20150821,1440086400000,,,,,0,0.0,0.0,0,,1
20150824,1440345600000,,,,,0,0.0,0.0,0,,1
20150825,1440432000000,,,,,0,0.0,0.0,0,,1
20150826,1440518400000,,,,,0,0.0,0.0,0,,1
20150827,1440604800000,,,,,0,0.0,0.0,0,,1
20150828,1440691200000,,,,,0,0.0,0.0,0,,1
20150831,1440950400000,,,,,0,0.0,0.0,0,,1
20150901,1441036800000,,,,,0,0.0,0.0,0,,1
20150902,1441123200000,,,,,0,0.0,0.0,0,,1
20150907,1441555200000,,,,,0,0.0,0.0,0,,1
20150908,1441641600000,,,,,0,0.0,0.0,0,,1
20150909,1441728000000,,,,,0,0.0,0.0,0,,1
20150910,1441814400000,,,,,0,0.0,0.0,0,,1
20150911,1441900800000,,,,,0,0.0,0.0,0,,1
20150914,1442160000000,,,,,0,0.0,0.0,0,,1
20150915,1442246400000,,,,,0,0.0,0.0,0,,1
20150916,1442332800000,,,,,0,0.0,0.0,0,,1
20150917,1442419200000,,,,,0,0.0,0.0,0,,1
20150918,1442505600000,,,,,0,0.0,0.0,0,,1
20150921,1442764800000,,,,,0,0.0,0.0,0,,1
20150922,1442851200000,,,,,0,0.0,0.0,0,,1
20150923,1442937600000,,,,,0,0.0,0.0,0,,1
20150924,1443024000000,,,,,0,0.0,0.0,0,,1
20150925,1443110400000,,,,,0,0.0,0.0,0,,1
20150928,1443369600000,,,,,0,0.0,0.0,0,,1
20150929,1443456000000,,,,,0,0.0,0.0,0,,1
20150930,1443542400000,,,,,0,0.0,0.0,0,,1
20151008,1444233600000,,,,,0,0.0,0.0,0,,1
20151009,1444320000000,,,,,0,0.0,0.0,0,,1
20151012,1444579200000,,,,,0,0.0,0.0,0,,1
20151013,1444665600000,,,,,0,0.0,0.0,0,,1
20151014,1444752000000,,,,,0,0.0,0.0,0,,1
20151015,1444838400000,,,,,0,0.0,0.0,0,,1
20151016,1444924800000,,,,,0,0.0,0.0,0,,1
20151019,1445184000000,,,,,0,0.0,0.0,0,,1
20151020,1445270400000,,,,,0,0.0,0.0,0,,1
20151021,1445356800000,,,,,0,0.0,0.0,0,,1
20151022,1445443200000,,,,,0,0.0,0.0,0,,1
20151023,1445529600000,,,,,0,0.0,0.0,0,,1
20151026,1445788800000,,,,,0,0.0,0.0,0,,1
20151027,1445875200000,,,,,0,0.0,0.0,0,,1
20151028,1445961600000,,,,,0,0.0,0.0,0,,1
20151029,1446048000000,,,,,0,0.0,0.0,0,,1
20151030,1446134400000,,,,,0,0.0,0.0,0,,1
20151102,1446393600000,,,,,0,0.0,0.0,0,,1
20151103,1446480000000,,,,,0,0.0,0.0,0,,1
20151104,1446566400000,,,,,0,0.0,0.0,0,,1
20151105,1446652800000,,,,,0,0.0,0.0,0,,1
20151106,1446739200000,,,,,0,0.0,0.0,0,,1
20151109,1446998400000,,,,,0,0.0,0.0,0,,1
20151110,1447084800000,,,,,0,0.0,0.0,0,,1
20151111,1447171200000,,,,,0,0.0,0.0,0,,1
20151112,1447257600000,,,,,0,0.0,0.0,0,,1
20151113,1447344000000,,,,,0,0.0,0.0,0,,1
20151116,1447603200000,,,,,0,0.0,0.0,0,,1
20151117,1447689600000,,,,,0,0.0,0.0,0,,1
20151118,1447776000000,,,,,0,0.0,0.0,0,,1
20151119,1447862400000,,,,,0,0.0,0.0,0,,1
20151120,1447948800000,,,,,0,0.0,0.0,0,,1
20151123,1448208000000,,,,,0,0.0,0.0,0,,1
20151124,1448294400000,,,,,0,0.0,0.0,0,,1
20151125,1448380800000,,,,,0,0.0,0.0,0,,1
20151126,1448467200000,,,,,0,0.0,0.0,0,,1
20151127,1448553600000,,,,,0,0.0,0.0,0,,1
20151130,1448812800000,,,,,0,0.0,0.0,0,,1
20151201,1448899200000,,,,,0,0.0,0.0,0,,1
20151202,1448985600000,,,,,0,0.0,0.0,0,,1
20151203,1449072000000,,,,,0,0.0,0.0,0,,1
20151204,1449158400000,,,,,0,0.0,0.0,0,,1
20151207,1449417600000,,,,,0,0.0,0.0,0,,1
20151208,1449504000000,,,,,0,0.0,0.0,0,,1
20151209,1449590400000,,,,,0,0.0,0.0,0,,1
20151210,1449676800000,,,,,0,0.0,0.0,0,,1
20151211,1449763200000,,,,,0,0.0,0.0,0,,1
20151214,1450022400000,,,,,0,0.0,0.0,0,,1
20151215,1450108800000,,,,,0,0.0,0.0,0,,1
20151216,1450195200000,,,,,0,0.0,0.0,0,,1
20151217,1450281600000,,,,,0,0.0,0.0,0,,1
20151218,1450368000000,,,,,0,0.0,0.0,0,,1
20151221,1450627200000,,,,,0,0.0,0.0,0,,1
20151222,1450713600000,,,,,0,0.0,0.0,0,,1
20151223,1450800000000,,,,,0,0.0,0.0,0,,1
20151224,1450886400000,,,,,0,0.0,0.0,0,,1
20151225,1450972800000,,,,,0,0.0,0.0,0,,1
20151228,1451232000000,,,,,0,0.0,0.0,0,,1
20151229,1451318400000,,,,,0,0.0,0.0,0,,1
20151230,1451404800000,,,,,0,0.0,0.0,0,,1
20151231,1451491200000,,,,,0,0.0,0.0,0,,1
20160104,1451836800000,,,,,0,0.0,0.0,0,,1
20160105,1451923200000,,,,,0,0.0,0.0,0,,1
20160106,1452009600000,,,,,0,0.0,0.0,0,,1
20160107,1452096000000,,,,,0,0.0,0.0,0,,1
20160108,1452182400000,,,,,0,0.0,0.0,0,,1
20160111,1452441600000,,,,,0,0.0,0.0,0,,1
20160112,1452528000000,,,,,0,0.0,0.0,0,,1
20160113,1452614400000,,,,,0,0.0,0.0,0,,1
20160114,1452700800000,,,,,0,0.0,0.0,0,,1
20160115,1452787200000,,,,,0,0.0,0.0,0,,1
20160118,1453046400000,,,,,0,0.0,0.0,0,,1
20160119,1453132800000,,,,,0,0.0,0.0,0,,1
20160120,1453219200000,,,,,0,0.0,0.0,0,,1
20160121,1453305600000,,,,,0,0.0,0.0,0,,1
20160122,1453392000000,,,,,0,0.0,0.0,0,,1
20160125,1453651200000,,,,,0,0.0,0.0,0,,1
20160126,1453737600000,,,,,0,0.0,0.0,0,,1
20160127,1453824000000,,,,,0,0.0,0.0,0,,1
20160128,1453910400000,,,,,0,0.0,0.0,0,,1
20160129,1453996800000,,,,,0,0.0,0.0,0,,1
20160201,1454256000000,,,,,0,0.0,0.0,0,,1
20160202,1454342400000,,,,,0,0.0,0.0,0,,1
20160203,1454428800000,,,,,0,0.0,0.0,0,,1
20160204,1454515200000,,,,,0,0.0,0.0,0,,1
20160205,1454601600000,,,,,0,0.0,0.0,0,,1
20160215,1455465600000,,,,,0,0.0,0.0,0,,1
20160216,1455552000000,,,,,0,0.0,0.0,0,,1
20160217,1455638400000,,,,,0,0.0,0.0,0,,1
20160218,1455724800000,,,,,0,0.0,0.0,0,,1
20160219,1455811200000,,,,,0,0.0,0.0,0,,1
20160222,1456070400000,,,,,0,0.0,0.0,0,,1
20160223,1456156800000,,,,,0,0.0,0.0,0,,1
20160224,1456243200000,,,,,0,0.0,0.0,0,,1
20160225,1456329600000,,,,,0,0.0,0.0,0,,1
20160226,1456416000000,,,,,0,0.0,0.0,0,,1
20160229,1456675200000,,,,,0,0.0,0.0,0,,1
20160301,1456761600000,,,,,0,0.0,0.0,0,,1
20160302,1456848000000,,,,,0,0.0,0.0,0,,1
20160303,1456934400000,,,,,0,0.0,0.0,0,,1
20160304,1457020800000,,,,,0,0.0,0.0,0,,1
20160307,1457280000000,,,,,0,0.0,0.0,0,,1
20160308,1457366400000,,,,,0,0.0,0.0,0,,1
20160309,1457452800000,,,,,0,0.0,0.0,0,,1
20160310,1457539200000,,,,,0,0.0,0.0,0,,1
20160311,1457625600000,,,,,0,0.0,0.0,0,,1
20160314,1457884800000,,,,,0,0.0,0.0,0,,1
20160315,1457971200000,,,,,0,0.0,0.0,0,,1
20160316,1458057600000,,,,,0,0.0,0.0,0,,1
20160317,1458144000000,,,,,0,0.0,0.0,0,,1
20160318,1458230400000,,,,,0,0.0,0.0,0,,1
20160321,1458489600000,,,,,0,0.0,0.0,0,,1
20160322,1458576000000,,,,,0,0.0,0.0,0,,1
20160323,1458662400000,,,,,0,0.0,0.0,0,,1
20160324,1458748800000,,,,,0,0.0,0.0,0,,1
20160325,1458835200000,,,,,0,0.0,0.0,0,,1
20160328,1459094400000,,,,,0,0.0,0.0,0,,1
20160329,1459180800000,,,,,0,0.0,0.0,0,,1
20160330,1459267200000,,,,,0,0.0,0.0,0,,1
20160331,1459353600000,,,,,0,0.0,0.0,0,,1
20160401,1459440000000,,,,,0,0.0,0.0,0,,1
20160405,1459785600000,,,,,0,0.0,0.0,0,,1
20160406,1459872000000,,,,,0,0.0,0.0,0,,1
20160407,1459958400000,,,,,0,0.0,0.0,0,,1
20160408,1460044800000,,,,,0,0.0,0.0,0,,1
20160411,1460304000000,,,,,0,0.0,0.0,0,,1
20160412,1460390400000,,,,,0,0.0,0.0,0,,1
20160413,1460476800000,,,,,0,0.0,0.0,0,,1
20160414,1460563200000,,,,,0,0.0,0.0,0,,1
20160415,1460649600000,,,,,0,0.0,0.0,0,,1
20160418,1460908800000,,,,,0,0.0,0.0,0,,1
20160419,1460995200000,,,,,0,0.0,0.0,0,,1
20160420,1461081600000,,,,,0,0.0,0.0,0,,1
20160421,1461168000000,,,,,0,0.0,0.0,0,,1
20160422,1461254400000,,,,,0,0.0,0.0,0,,1
20160425,1461513600000,,,,,0,0.0,0.0,0,,1
20160426,1461600000000,,,,,0,0.0,0.0,0,,1
20160427,1461686400000,,,,,0,0.0,0.0,0,,1
20160428,1461772800000,,,,,0,0.0,0.0,0,,1
20160429,1461859200000,,,,,0,0.0,0.0,0,,1
20160503,1462204800000,,,,,0,0.0,0.0,0,,1
20160504,1462291200000,,,,,0,0.0,0.0,0,,1
20160505,1462377600000,,,,,0,0.0,0.0,0,,1
20160506,1462464000000,,,,,0,0.0,0.0,0,,1
20160509,1462723200000,,,,,0,0.0,0.0,0,,1
20160510,1462809600000,,,,,0,0.0,0.0,0,,1
20160511,1462896000000,,,,,0,0.0,0.0,0,,1
20160512,1462982400000,,,,,0,0.0,0.0,0,,1
20160513,1463068800000,,,,,0,0.0,0.0,0,,1
20160516,1463328000000,,,,,0,0.0,0.0,0,,1
20160517,1463414400000,,,,,0,0.0,0.0,0,,1
20160518,1463500800000,,,,,0,0.0,0.0,0,,1
20160519,1463587200000,,,,,0,0.0,0.0,0,,1
20160520,1463673600000,,,,,0,0.0,0.0,0,,1
20160523,1463932800000,,,,,0,0.0,0.0,0,,1
20160524,1464019200000,,,,,0,0.0,0.0,0,,1
20160525,1464105600000,,,,,0,0.0,0.0,0,,1
20160526,1464192000000,,,,,0,0.0,0.0,0,,1
20160527,1464278400000,,,,,0,0.0,0.0,0,,1
20160530,1464537600000,,,,,0,0.0,0.0,0,,1
20160531,1464624000000,,,,,0,0.0,0.0,0,,1
20160601,1464710400000,,,,,0,0.0,0.0,0,,1
20160602,1464796800000,,,,,0,0.0,0.0,0,,1
20160603,1464883200000,,,,,0,0.0,0.0,0,,1
20160606,1465142400000,,,,,0,0.0,0.0,0,,1
20160607,1465228800000,,,,,0,0.0,0.0,0,,1
20160608,1465315200000,,,,,0,0.0,0.0,0,,1
20160613,1465747200000,,,,,0,0.0,0.0,0,,1
20160614,1465833600000,,,,,0,0.0,0.0,0,,1
20160615,1465920000000,,,,,0,0.0,0.0,0,,1
20160616,1466006400000,,,,,0,0.0,0.0,0,,1
20160617,1466092800000,,,,,0,0.0,0.0,0,,1
20160620,1466352000000,,,,,0,0.0,0.0,0,,1
20160621,1466438400000,,,,,0,0.0,0.0,0,,1
20160622,1466524800000,,,,,0,0.0,0.0,0,,1
20160623,1466611200000,,,,,0,0.0,0.0,0,,1
20160624,1466697600000,,,,,0,0.0,0.0,0,,1
20160627,1466956800000,,,,,0,0.0,0.0,0,,1
20160628,1467043200000,,,,,0,0.0,0.0,0,,1
20160629,1467129600000,,,,,0,0.0,0.0,0,,1
20160630,1467216000000,,,,,0,0.0,0.0,0,,1
20160701,1467302400000,,,,,0,0.0,0.0,0,,1
20160704,1467561600000,,,,,0,0.0,0.0,0,,1
20160705,1467648000000,,,,,0,0.0,0.0,0,,1
20160706,1467734400000,,,,,0,0.0,0.0,0,,1
20160707,1467820800000,,,,,0,0.0,0.0,0,,1
20160708,1467907200000,,,,,0,0.0,0.0,0,,1
20160711,1468166400000,,,,,0,0.0,0.0,0,,1
20160712,1468252800000,,,,,0,0.0,0.0,0,,1
20160713,1468339200000,,,,,0,0.0,0.0,0,,1
20160714,1468425600000,,,,,0,0.0,0.0,0,,1
20160715,1468512000000,,,,,0,0.0,0.0,0,,1
20160718,1468771200000,,,,,0,0.0,0.0,0,,1
20160719,1468857600000,,,,,0,0.0,0.0,0,,1
20160720,1468944000000,,,,,0,0.0,0.0,0,,1
20160721,1469030400000,,,,,0,0.0,0.0,0,,1
20160722,1469116800000,,,,,0,0.0,0.0,0,,1
20160725,1469376000000,,,,,0,0.0,0.0,0,,1
20160726,1469462400000,,,,,0,0.0,0.0,0,,1
20160727,1469548800000,,,,,0,0.0,0.0,0,,1
20160728,1469635200000,,,,,0,0.0,0.0,0,,1
20160729,1469721600000,,,,,0,0.0,0.0,0,,1
20160801,1469980800000,,,,,0,0.0,0.0,0,,1
20160802,1470067200000,,,,,0,0.0,0.0,0,,1
20160803,1470153600000,,,,,0,0.0,0.0,0,,1
20160804,1470240000000,,,,,0,0.0,0.0,0,,1
20160805,1470326400000,,,,,0,0.0,0.0,0,,1
20160808,1470585600000,,,,,0,0.0,0.0,0,,1
20160809,1470672000000,,,,,0,0.0,0.0,0,,1
20160810,1470758400000,,,,,0,0.0,0.0,0,,1
20160811,1470844800000,,,,,0,0.0,0.0,0,,1
20160812,1470931200000,,,,,0,0.0,0.0,0,,1
20160815,1471190400000,,,,,0,0.0,0.0,0,,1
20160816,1471276800000,,,,,0,0.0,0.0,0,,1
20160817,1471363200000,,,,,0,0.0,0.0,0,,1
20160818,1471449600000,,,,,0,0.0,0.0,0,,1
20160819,1471536000000,,,,,0,0.0,0.0,0,,1
20160822,1471795200000,,,,,0,0.0,0.0,0,,1
20160823,1471881600000,,,,,0,0.0,0.0,0,,1
20160824,1471968000000,,,,,0,0.0,0.0,0,,1
20160825,1472054400000,,,,,0,0.0,0.0,0,,1
20160826,1472140800000,,,,,0,0.0,0.0,0,,1
20160829,1472400000000,,,,,0,0.0,0.0,0,,1
20160830,1472486400000,,,,,0,0.0,0.0,0,,1
20160831,1472572800000,,,,,0,0.0,0.0,0,,1
20160901,1472659200000,,,,,0,0.0,0.0,0,,1
20160902,1472745600000,,,,,0,0.0,0.0,0,,1
20160905,1473004800000,,,,,0,0.0,0.0,0,,1
20160906,1473091200000,,,,,0,0.0,0.0,0,,1
20160907,1473177600000,,,,,0,0.0,0.0,0,,1
20160908,1473264000000,,,,,0,0.0,0.0,0,,1
20160909,1473350400000,,,,,0,0.0,0.0,0,,1
20160912,1473609600000,,,,,0,0.0,0.0,0,,1
20160913,1473696000000,,,,,0,0.0,0.0,0,,1
20160914,1473782400000,,,,,0,0.0,0.0,0,,1
20160919,1474214400000,,,,,0,0.0,0.0,0,,1
20160920,1474300800000,,,,,0,0.0,0.0,0,,1
20160921,1474387200000,,,,,0,0.0,0.0,0,,1
20160922,1474473600000,,,,,0,0.0,0.0,0,,1
20160923,1474560000000,,,,,0,0.0,0.0,0,,1
20160926,1474819200000,,,,,0,0.0,0.0,0,,1
20160927,1474905600000,,,,,0,0.0,0.0,0,,1
20160928,1474992000000,,,,,0,0.0,0.0,0,,1
20160929,1475078400000,,,,,0,0.0,0.0,0,,1
20160930,1475164800000,,,,,0,0.0,0.0,0,,1
20161010,1476028800000,,,,,0,0.0,0.0,0,,1
20161011,1476115200000,,,,,0,0.0,0.0,0,,1
20161012,1476201600000,,,,,0,0.0,0.0,0,,1
20161013,1476288000000,,,,,0,0.0,0.0,0,,1
20161014,1476374400000,,,,,0,0.0,0.0,0,,1
20161017,1476633600000,,,,,0,0.0,0.0,0,,1
20161018,1476720000000,,,,,0,0.0,0.0,0,,1
20161019,1476806400000,,,,,0,0.0,0.0,0,,1
20161020,1476892800000,,,,,0,0.0,0.0,0,,1
20161021,1476979200000,,,,,0,0.0,0.0,0,,1
20161024,1477238400000,,,,,0,0.0,0.0,0,,1
20161025,1477324800000,,,,,0,0.0,0.0,0,,1
20161026,1477411200000,,,,,0,0.0,0.0,0,,1
20161027,1477497600000,,,,,0,0.0,0.0,0,,1
20161028,1477584000000,,,,,0,0.0,0.0,0,,1
20161031,1477843200000,,,,,0,0.0,0.0,0,,1
20161101,1477929600000,,,,,0,0.0,0.0,0,,1
20161102,1478016000000,,,,,0,0.0,0.0,0,,1
20161103,1478102400000,,,,,0,0.0,0.0,0,,1
20161104,1478188800000,,,,,0,0.0,0.0,0,,1
20161107,1478448000000,,,,,0,0.0,0.0,0,,1
20161108,1478534400000,,,,,0,0.0,0.0,0,,1
20161109,1478620800000,,,,,0,0.0,0.0,0,,1
20161110,1478707200000,,,,,0,0.0,0.0,0,,1
20161111,1478793600000,,,,,0,0.0,0.0,0,,1
20161114,1479052800000,,,,,0,0.0,0.0,0,,1
20161115,1479139200000,,,,,0,0.0,0.0,0,,1
20161116,1479225600000,,,,,0,0.0,0.0,0,,1
20161117,1479312000000,,,,,0,0.0,0.0,0,,1
20161118,1479398400000,,,,,0,0.0,0.0,0,,1
20161121,1479657600000,,,,,0,0.0,0.0,0,,1
20161122,1479744000000,,,,,0,0.0,0.0,0,,1
20161123,1479830400000,,,,,0,0.0,0.0,0,,1
20161124,1479916800000,,,,,0,0.0,0.0,0,,1
20161125,1480003200000,,,,,0,0.0,0.0,0,,1
20161128,1480262400000,,,,,0,0.0,0.0,0,,1
20161129,1480348800000,,,,,0,0.0,0.0,0,,1
20161130,1480435200000,,,,,0,0.0,0.0,0,,1
20161201,1480521600000,,,,,0,0.0,0.0,0,,1
20161202,1480608000000,,,,,0,0.0,0.0,0,,1
20161205,1480867200000,,,,,0,0.0,0.0,0,,1
20161206,1480953600000,,,,,0,0.0,0.0,0,,1
20161207,1481040000000,,,,,0,0.0,0.0,0,,1
20161208,1481126400000,,,,,0,0.0,0.0,0,,1
20161209,1481212800000,,,,,0,0.0,0.0,0,,1
20161212,1481472000000,,,,,0,0.0,0.0,0,,1
20161213,1481558400000,,,,,0,0.0,0.0,0,,1
20161214,1481644800000,,,,,0,0.0,0.0,0,,1
20161215,1481731200000,,,,,0,0.0,0.0,0,,1
20161216,1481817600000,,,,,0,0.0,0.0,0,,1
20161219,1482076800000,,,,,0,0.0,0.0,0,,1
20161220,1482163200000,26.75,32.1,26.75,32.1,53,168260.0,0.0,0,22.29,0
20161221,1482249600000,35.31,35.31,35.31,35.31,20,70620.0,0.0,0,32.1,0
20161222,1482336000000,38.84,38.84,38.84,38.84,28,109451.0,0.0,0,35.31,0
20161223,1482422400000,42.72,42.72,42.72,42.72,19,81168.0,0.0,0,38.839999999999996,0
20161226,1482681600000,46.99,46.99,46.99,46.99,69,324231.0,0.0,0,42.72,0
20161227,1482768000000,51.69,51.69,51.69,51.69,63,325647.0,0.0,0,46.989999999999995,0
20161228,1482854400000,56.86,56.86,56.86,56.86,55,312730.0,0.0,0,51.69,0
20161229,1482940800000,62.55,62.55,61.0,62.55,19340,120633390.0,0.0,0,56.86,0
20161230,1483027200000,64.0,66.99000000000001,62.800000000000004,63.900000000000006,95134,617059022.0,0.0,0,62.550000000000004,0
20170103,1483372800000,61.81,66.3,60.38,64.16,66473,419331675.00000006,0.0,0,63.900000000000006,0
20170104,1483459200000,63.03,63.800000000000004,62.1,62.5,53903,338990810.0,0.0,0,64.16,0
20170105,1483545600000,63.21,63.989999999999995,61.51,61.51,45320,284385118.0,0.0,0,62.5,0
20170106,1483632000000,60.61,60.660000000000004,57.81,57.85,42384,250637149.00000003,0.0,0,61.510000000000005,0
20170109,1483891200000,56.199999999999996,58.949999999999996,56.15,57.839999999999996,24034,138575405.0,0.0,0,57.85,0
20170110,1483977600000,57.82,59.06,56.6,57.0,18590,108064959.0,0.0,0,57.84,0
20170111,1484064000000,56.6,57.44,54.9,54.92,21293,119387327.0,0.0,0,57.0,0
20170112,1484150400000,54.800000000000004,55.59,53.1,53.410000000000004,21396,116345541.0,0.0,0,54.92,0
20170113,1484236800000,53.410000000000004,53.940000000000005,50.45,50.6,27864,144374688.99999997,0.0,0,53.410000000000004,0
20170116,1484496000000,50.0,51.38,47.43,49.58,28302,141222581.99999997,0.0,0,50.6,0
20170117,1484582400000,49.11,52.480000000000004,47.49,51.39,28937,145629007.0,0.0,0,49.58,0
20170118,1484668800000,50.8,51.0,49.22,49.36,18296,91655525.0,0.0,0,51.39,0
20170119,1484755200000,48.800000000000004,50.28,47.71,49.4,17312,85216757.0,0.0,0,49.36,0
20170120,1484841600000,48.82,51.66,48.82,51.04,20211,102769415.00000001,0.0,0,49.4,0
20170123,1485100800000,51.0,52.400000000000006,50.52,51.63,15972,82796922.0,0.0,0,51.040000000000006,0
20170124,1485187200000,51.59,51.6,49.57,49.7,18830,94775467.00000001,0.0,0,51.63,0
20170125,1485273600000,49.64,51.31,49.13,50.95,14170,71641410.00000001,0.0,0,49.7,0
20170126,1485360000000,51.06,51.480000000000004,50.550000000000004,51.38,12808,65474813.00000001,0.0,0,50.95,0
20170203,1486051200000,51.46,51.46,50.35,50.64,9297,47231819.0,0.0,0,51.38,0
20170206,1486310400000,51.79,53.48,51.33,53.18,24857,130386397.0,0.0,0,50.64,0
20170207,1486396800000,53.00000000000001,53.2,52.050000000000004,52.50000000000001,17517,92094205.00000001,0.0,0,53.18000000000001,0
20170208,1486483200000,52.449999999999996,54.29,52.19,54.0,22002,117645042.0,0.0,0,52.5,0
20170209,1486569600000,53.8,54.55,53.5,54.0,20707,112003101.99999999,0.0,0,54.0,0
20170210,1486656000000,53.9,53.98,52.5,52.68,17348,92219764.99999999,0.0,0,54.0,0
20170213,1486915200000,52.86000000000001,55.370000000000005,52.300000000000004,54.470000000000006,22361,121163358.00000001,0.0,0,52.68000000000001,0
20170214,1487001600000,54.3,54.94,54.18,54.5,15328,83593667.0,0.0,0,54.47,0
20170215,1487088000000,54.39,56.13,54.31,54.800000000000004,28076,155153264.0,0.0,0,54.5,0
20170216,1487174400000,54.6,54.67,53.730000000000004,54.34,17087,92491055.0,0.0,0,54.800000000000004,0
20170217,1487260800000,54.03,54.9,52.25,52.52,20892,111393500.0,0.0,0,54.34,0
20170220,1487520000000,52.550000000000004,52.550000000000004,50.2,51.7,16044,82341849.0,0.0,0,52.52,0
20170221,1487606400000,51.7,53.18,51.7,52.870000000000005,12486,65737954.0,0.0,0,51.7,0
20170222,1487692800000,52.65,53.9,52.65,53.08,11777,62708551.0,0.0,0,52.87,0
20170223,1487779200000,53.260000000000005,54.660000000000004,52.730000000000004,54.36000000000001,18200,98060769.0,0.0,0,53.080000000000005,0
20170224,1487865600000,54.3,56.01,54.04,55.58,23979,132596391.99999999,0.0,0,54.36,0
20170227,1488124800000,55.260000000000005,56.68,54.88,54.980000000000004,20014,111559636.0,0.0,0,55.580000000000005,0
20170228,1488211200000,54.7,56.300000000000004,54.7,56.13,18564,103073698.0,0.0,0,54.980000000000004,0
20170301,1488297600000,55.87,57.28,55.71,55.730000000000004,21619,121894837.0,0.0,0,56.13,0
20170302,1488384000000,55.900000000000006,56.300000000000004,55.38,55.6,16588,92626435.0,0.0,0,55.730000000000004,0
20170303,1488470400000,55.13,56.260000000000005,54.800000000000004,56.14000000000001,15708,87506443.0,0.0,0,55.6,0
20170306,1488729600000,55.82,57.480000000000004,55.82,57.34,18873,107585252.99999999,0.0,0,56.14,0
20170307,1488816000000,57.37,58.489999999999995,56.69,58.15,21649,124592491.00000001,0.0,0,57.339999999999996,0
20170308,1488902400000,58.0,58.37,57.01,57.629999999999995,16790,96964017.0,0.0,0,58.15,0
20170309,1488988800000,57.480000000000004,57.52,56.45,56.93,14487,82382250.0,0.0,0,57.63,0
20170310,1489075200000,56.99,58.2,56.620000000000005,57.900000000000006,19070,109615066.00000001,0.0,0,56.93000000000001,0
20170313,1489334400000,57.76,58.629999999999995,57.08,58.53,18569,107718110.0,0.0,0,57.9,0
20170314,1489420800000,58.46000000000001,58.970000000000006,58.120000000000005,58.470000000000006,19969,116814556.0,0.0,0,58.53,0
20170315,1489507200000,58.01,58.68,57.69,58.66,16363,95330726.0,0.0,0,58.47,0
20170316,1489593600000,58.910000000000004,60.77,58.910000000000004,60.160000000000004,25032,150460176.0,0.0,0,58.660000000000004,0
20170317,1489680000000,60.33,61.29,58.71,58.82,25508,153200586.0,0.0,0,60.160000000000004,0
20170320,1489939200000,58.15,63.26,58.15,62.87,32235,198448175.0,0.0,0,58.82,0
20170321,1490025600000,62.93,68.87,62.57,67.61,43219,284712390.0,0.0,0,62.87,0
20170322,1490112000000,67.0,69.97999999999999,65.66,67.81,41185,280237778.0,0.0,0,67.61,0
20170323,1490198400000,68.0,71.47999999999999,66.05,69.3,42870,296296846.0,0.0,0,67.81,0
20170324,1490284800000,68.61999999999999,69.74,67.3,68.36,25980,177517705.0,0.0,0,69.3,0
20170327,1490544000000,68.88,69.0,65.88,66.55,28998,193580067.0,0.0,0,68.36,0
20170328,1490630400000,64.7,65.8,62.01,62.699999999999996,44404,283241487.00000006,0.0,0,66.55,0
20170329,1490716800000,63.95,65.59,62.1,62.1,36061,231246992.00000003,0.0,0,62.7,0
20170330,1490803200000,61.09,63.34,60.2,61.61,28520,176755663.0,0.0,0,62.1,0
20170331,1490889600000,61.220000000000006,63.18000000000001,60.800000000000004,62.650000000000006,22516,139922968.99999997,0.0,0,61.61000000000001,0
20170405,1491321600000,62.519999999999996,64.48,61.58,64.24,22227,140812423.0,0.0,0,62.65,0
20170406,1491408000000,64.0,64.8,63.01,63.199999999999996,19458,124287219.0,0.0,0,64.24,0
20170407,1491494400000,63.06,64.16,60.56,60.690000000000005,24662,153845044.0,0.0,0,63.2,0
20170410,1491753600000,60.56,60.56,55.9,56.05,25921,149385688.0,0.0,0,60.69,0
20170411,1491840000000,56.5,57.98,55.9,57.699999999999996,16553,94173370.0,0.0,0,56.05,0
20170412,1491926400000,57.3,57.71,56.5,56.5,11116,63422782.0,0.0,0,57.7,0
20170413,1492012800000,56.49,57.629999999999995,56.4,56.75,9761,55787367.0,0.0,0,56.5,0
20170414,1492099200000,56.46,57.43,56.0,56.74,10207,58023633.00000001,0.0,0,56.75,0
20170417,1492358400000,55.5,55.5,53.9,54.37,11868,64742786.0,0.0,0,56.739999999999995,0
20170418,1492444800000,54.57000000000001,55.150000000000006,53.050000000000004,53.35,9687,52538729.0,0.0,0,54.370000000000005,0
20170419,1492531200000,53.800000000000004,55.27,52.870000000000005,55.2,13279,72203626.0,0.0,0,53.35,0
20170420,1492617600000,54.940000000000005,55.580000000000005,53.480000000000004,54.36000000000001,12895,70407594.99999999,0.0,0,55.2,0
20170421,1492704000000,54.69,54.96,54.08,54.42,7653,41778207.0,0.0,0,54.36,0
20170424,1492963200000,54.0,55.08,53.01,54.68,10626,57575801.0,0.0,0,54.419999999999995,0
20170425,1493049600000,54.5,55.85,54.5,55.7,9981,55373456.0,0.0,0,54.68,0
20170426,1493136000000,55.74,56.8,55.47,56.69,9548,53684535.0,0.0,0,55.699999999999996,0
20170427,1493222400000,56.800000000000004,59.580000000000005,55.77,58.0,20530,117966784.00000001,0.0,0,56.690000000000005,0
20170428,1493308800000,58.06,60.47,58.06,60.0,18846,112159996.0,0.0,0,58.0,0
20170502,1493654400000,60.160000000000004,60.45,59.1,60.15,9670,57854362.0,0.0,0,60.0,0
20170503,1493740800000,59.81,60.35,59.18,60.32,11293,67504672.0,0.0,0,60.15,0
20170504,1493827200000,59.89,60.25,58.77,58.82,8857,52870425.0,0.0,0,60.32,0
20170505,1493913600000,58.77,60.38,58.300000000000004,59.11000000000001,11493,68491314.00000001,0.0,0,58.82000000000001,0
20170508,1494172800000,58.49,60.900000000000006,58.45,59.63,14305,85987077.0,0.0,0,59.11,0
20170509,1494259200000,59.5,61.93,59.15,61.699999999999996,16739,101544443.0,0.0,0,59.629999999999995,0
20170510,1494345600000,61.38,61.81,60.0,60.01,14982,91801947.0,0.0,0,61.7,0
20170511,1494432000000,59.650000000000006,62.53,58.7,62.39,19889,120634913.00000001,0.0,0,60.010000000000005,0
20170512,1494518400000,62.0,62.46,61.43,62.1,15797,97859297.0,0.0,0,62.39,0
20170515,1494777600000,61.3,62.0,59.5,59.55,14562,87864665.00000001,0.0,0,61.88,0
20170516,1494864000000,59.550000000000004,61.580000000000005,59.02,61.5,13893,83872324.0,0.0,0,59.550000000000004,0
20170517,1494950400000,61.3,62.53,60.65,60.9,15110,93151620.0,0.0,0,61.5,0
20170518,1495036800000,60.03,61.300000000000004,59.7,59.85,8983,54266196.0,0.0,0,60.900000000000006,0
20170519,1495123200000,59.93,60.300000000000004,57.1,57.800000000000004,12908,76098383.00000001,0.0,0,59.85,0
20170522,1495382400000,57.5,57.9,54.01,54.4,16166,90246110.0,0.0,0,57.8,0
20170523,1495468800000,54.3,54.91,52.01,52.449999999999996,10377,55468952.99999999,0.0,0,54.4,0
20170524,1495555200000,52.15,53.65,52.15,53.44,7880,41889570.99999999,0.0,0,52.449999999999996,0
20170525,1495641600000,53.18,54.19,51.75,53.92,8744,46279886.0,0.0,0,53.44,0
20170526,1495728000000,53.41,55.25,53.4,54.89,9026,49287999.0,0.0,0,53.92,0
20170531,1496160000000,56.800000000000004,57.50000000000001,55.050000000000004,55.31,13266,75195842.0,0.0,0,54.89000000000001,0
20170601,1496246400000,55.0,55.0,52.7,52.85,9897,53392940.0,0.0,0,55.31,0
20170602,1496332800000,52.7,55.33,52.5,55.27,9965,53973042.00000001,0.0,0,52.85,0
20170605,1496592000000,56.0,57.129999999999995,55.47,56.3,10642,59888794.0,0.0,0,55.269999999999996,0
20170606,1496678400000,56.07,56.64,55.6,56.4,5880,33047486.0,0.0,0,56.300000000000004,0
20170607,1496764800000,56.4,58.699999999999996,56.33,58.36,13083,75739312.0,0.0,0,56.4,0
20170608,1496851200000,58.290000000000006,59.550000000000004,57.910000000000004,58.27,15119,88746035.0,0.0,0,58.36000000000001,0
20170609,1496937600000,57.99,58.64,57.5,58.32,8688,50407725.0,0.0,0,58.27,0
20170612,1497196800000,57.879999999999995,57.879999999999995,55.58,56.04,12226,68804104.0,0.0,0,58.32,0
20170613,1497283200000,56.1,58.1,55.95,57.57,11090,63277406.00000001,0.0,0,56.040000000000006,0
20170614,1497369600000,57.57,58.989999999999995,56.58,58.37,12596,72886440.0,0.0,0,57.57,0
20170615,1497456000000,58.050000000000004,59.760000000000005,58.050000000000004,58.61000000000001,11970,70868257.0,0.0,0,58.370000000000005,0
20170616,1497542400000,58.6,59.2,57.800000000000004,58.080000000000005,8175,47649801.0,0.0,0,58.61000000000001,0
20170619,1497801600000,58.21,58.760000000000005,57.88,58.35,7675,44652863.0,0.0,0,58.080000000000005,0
20170620,1497888000000,58.48,59.19,57.93,57.95,8473,49543528.0,0.0,0,58.35,0
20170621,1497974400000,57.95,58.2,57.1,58.08,6146,35497656.0,0.0,0,57.95,0
20170622,1498060800000,58.02,58.34,56.88,56.900000000000006,9366,53792783.99999999,0.0,0,58.080000000000005,0
20170623,1498147200000,57.65,57.65,54.85,56.27,10757,60212754.0,0.0,0,56.9,0
20170626,1498406400000,56.27,56.86,55.31,56.79,7536,42351650.0,0.0,0,56.27,0
20170627,1498492800000,56.75,57.980000000000004,56.6,56.79,7513,43072384.0,0.0,0,56.79,0
20170628,1498579200000,56.4,57.0,55.33,56.019999999999996,5872,32864780.999999996,0.0,0,56.79,0
20170629,1498665600000,56.02,56.86000000000001,55.800000000000004,56.74,4946,27962585.0,0.0,0,56.02,0
20170630,1498752000000,56.67,61.0,56.34,60.050000000000004,27017,159788435.00000003,0.0,0,56.74,0
20170703,1499011200000,59.76,60.66,59.25,60.38,15657,93982568.0,0.0,0,60.05,0
20170704,1499097600000,60.010000000000005,60.85,59.42,60.260000000000005,10990,65956155.00000001,0.0,0,60.38,0
20170705,1499184000000,60.16,60.75,59.75,60.47,12250,73891050.0,0.0,0,60.26,0
20170706,1499270400000,60.46,60.949999999999996,59.15,59.99,12729,76508431.00000001,0.0,0,60.47,0
20170707,1499356800000,64.88,65.99,64.1,65.99,40160,264509800.00000003,0.0,0,59.989999999999995,0
20170710,1499616000000,64.01,66.97,63.57,63.6,44820,292086636.99999994,0.0,0,65.99,0
20170711,1499702400000,64.0,64.59,60.300000000000004,60.650000000000006,30094,186235935.0,0.0,0,63.6,0
20170712,1499788800000,61.03,62.28,59.5,61.99,20650,125830996.0,0.0,0,60.65,0
20170713,1499875200000,61.290000000000006,62.50000000000001,60.370000000000005,61.06,16874,103473113.0,0.0,0,61.99,0
20170714,1499961600000,60.18,60.8,58.83,58.93,22106,131772898.0,0.0,0,61.059999999999995,0
20170717,1500220800000,58.400000000000006,58.400000000000006,53.300000000000004,53.300000000000004,24667,135521415.0,0.0,0,58.93000000000001,0
20170718,1500307200000,52.980000000000004,55.28,52.980000000000004,54.71,12129,65814901.0,0.0,0,53.300000000000004,0
20170719,1500393600000,54.02,55.72,53.53,55.550000000000004,12704,69552676.0,0.0,0,54.71,0
20170720,1500480000000,55.45,56.550000000000004,54.6,54.77,12286,68060012.0,0.0,0,55.550000000000004,0
20170721,1500566400000,54.6,55.25,54.0,54.14,7066,38504905.0,0.0,0,54.77,0
20170724,1500825600000,53.61000000000001,55.800000000000004,53.09,55.7,10495,57344612.00000001,0.0,0,54.14,0
20170725,1500912000000,55.52,55.99,55.1,55.5,7356,40794243.0,0.0,0,55.7,0
20170726,1500998400000,55.480000000000004,55.99,55.06,55.35,7392,41068438.0,0.0,0,55.5,0
20170727,1501084800000,55.26,58.379999999999995,55.15,57.36,17951,102355258.99999999,0.0,0,55.35,0
20170728,1501171200000,57.1,57.5,56.06,56.34,11346,64259758.00000001,0.0,0,57.36,0
20170731,1501430400000,56.19,56.88,55.5,56.49,9447,53144460.0,0.0,0,56.34,0
20170801,1501516800000,56.19,56.93,56.01,56.55,8435,47715157.0,0.0,0,56.489999999999995,0
20170802,1501603200000,56.68,56.69,54.71,54.74,9559,53185769.00000001,0.0,0,56.550000000000004,0
20170803,1501689600000,54.58,56.14,54.58,55.18,6753,37446829.0,0.0,0,54.739999999999995,0
20170804,1501776000000,55.05,55.28,54.19,54.19,6408,34985860.0,0.0,0,55.18,0
20170807,1502035200000,54.54,55.74,54.54,55.269999999999996,5947,32878878.0,0.0,0,54.19,0
20170808,1502121600000,54.56,55.58,54.5,55.12,7328,40330936.0,0.0,0,55.27,0
20170809,1502208000000,55.300000000000004,55.540000000000006,55.02,55.42,5877,32506096.0,0.0,0,55.120000000000005,0
20170810,1502294400000,55.410000000000004,55.88,54.2,54.49,7047,38713937.0,0.0,0,55.42,0
20170811,1502380800000,54.0,54.78,53.81,54.07,6761,36683657.0,0.0,0,54.49,0
20170814,1502640000000,54.07,54.92,54.07,54.92,8201,44847535.0,0.0,0,54.07,0
20170815,1502726400000,55.21,56.720000000000006,55.2,56.45,12893,72219241.00000001,0.0,0,54.92,0
20170816,1502812800000,56.300000000000004,57.84,55.88,57.75,14122,80714112.0,0.0,0,56.45,0
20170817,1502899200000,57.760000000000005,58.28,55.910000000000004,56.330000000000005,17626,100091429.99999999,0.0,0,57.75000000000001,0
20170818,1502985600000,55.4,55.4,54.36,54.64,15940,87509616.00000001,0.0,0,56.33,0
20170821,1503244800000,54.6,55.42,54.49,55.35,6467,35606158.0,0.0,0,54.64,0
20170822,1503331200000,55.28,55.35,54.75,54.84,7549,41480223.99999999,0.0,0,55.35,0
20170823,1503417600000,54.99,55.2,54.11,54.6,6365,34727337.99999999,0.0,0,54.839999999999996,0
20170824,1503504000000,54.75,55.32,54.11,54.2,8853,48374767.00000001,0.0,0,54.6,0
20170825,1503590400000,54.18000000000001,55.120000000000005,54.120000000000005,54.940000000000005,6666,36491503.0,0.0,0,54.2,0
20170828,1503849600000,55.050000000000004,56.56,55.050000000000004,56.25000000000001,12750,71425288.0,0.0,0,54.940000000000005,0
20170829,1503936000000,56.00000000000001,57.150000000000006,55.800000000000004,56.510000000000005,14553,82207674.0,0.0,0,56.25000000000001,0
20170830,1504022400000,56.34,56.620000000000005,55.800000000000004,56.120000000000005,9074,50971050.99999999,0.0,0,56.510000000000005,0
20170831,1504108800000,56.02,57.970000000000006,56.02,57.68000000000001,16937,96934851.0,0.0,0,56.120000000000005,0
20170901,1504195200000,58.45,59.38,57.5,57.89,20308,118588463.0,0.0,0,57.68,0
20170904,1504454400000,58.0,58.99,57.78,58.39,11865,69183189.0,0.0,0,57.89,0
20170905,1504540800000,58.47,58.47,57.58,58.0,9375,54280293.0,0.0,0,58.39,0
20170906,1504627200000,57.940000000000005,59.18,57.6,58.74,9981,58464179.00000001,0.0,0,58.0,0
20170907,1504713600000,58.74,59.25,58.21,58.21,11280,66257088.0,0.0,0,58.74,0
20170908,1504800000000,58.0,59.05,57.75,58.95,11033,64426800.0,0.0,0,58.21,0
20170911,1505059200000,59.1,60.56,59.1,59.99,13305,79882862.00000001,0.0,0,58.95,0
20170912,1505145600000,59.800000000000004,60.120000000000005,58.31,58.580000000000005,12072,71366433.0,0.0,0,59.99,0
20170913,1505232000000,58.35,59.25,58.35,59.2,6431,37802359.0,0.0,0,58.58,0
20170914,1505318400000,59.300000000000004,59.79,58.71,58.79,7326,43323206.00000001,0.0,0,59.2,0
20170915,1505404800000,58.5,59.13,58.35,58.550000000000004,6637,38947503.0,0.0,0,58.79,0
20170918,1505664000000,58.6,58.75,58.06,58.6,6750,39404549.0,0.0,0,58.550000000000004,0
20170919,1505750400000,58.67,59.800000000000004,58.45,58.82,8888,52594966.0,0.0,0,58.6,0
20170920,1505836800000,58.5,59.49,58.43,59.23,7454,43986194.00000001,0.0,0,58.82,0
20170921,1505923200000,59.14,60.3,59.14,59.21,12273,73437689.0,0.0,0,59.230000000000004,0
20170922,1506009600000,59.040000000000006,61.1,58.550000000000004,61.06,14183,85309443.0,0.0,0,59.21,0
20170925,1506268800000,60.78,61.550000000000004,59.71,59.85,10756,65081174.0,0.0,0,61.06,0
20170926,1506355200000,59.980000000000004,60.14,57.77,58.36000000000001,10627,62467639.0,0.0,0,59.85,0
20170927,1506441600000,58.39,59.47,58.08,59.15,6505,38387281.0,0.0,0,58.36,0
20170928,1506528000000,58.81,60.2,58.81,59.95,7369,44042558.0,0.0,0,59.150000000000006,0
20170929,1506614400000,60.15,60.379999999999995,59.69,60.3,6563,39454614.0,0.0,0,59.949999999999996,0
20171009,1507478400000,61.18000000000001,61.470000000000006,60.300000000000004,60.85,10340,62866896.00000001,0.0,0,60.300000000000004,0
20171010,1507564800000,60.690000000000005,61.93,60.35,61.550000000000004,9938,60891342.99999999,0.0,0,60.85,0
20171011,1507651200000,61.52,62.44,60.28,60.36,11371,69485330.0,0.0,0,61.550000000000004,0
20171012,1507737600000,60.5,61.36000000000001,60.02,60.13,8396,50989177.0,0.0,0,60.36000000000001,0
20171013,1507824000000,58.94,58.94,57.04,57.199999999999996,28111,161691570.0,0.0,0,60.129999999999995,0
20171016,1508083200000,57.11000000000001,57.39,54.800000000000004,55.00000000000001,15791,88165593.0,0.0,0,57.2,0
20171017,1508169600000,54.99,55.78,54.81,55.53,8226,45604610.0,0.0,0,55.0,0
20171018,1508256000000,55.53,55.660000000000004,54.56,55.0,6791,37503107.99999999,0.0,0,55.53,0
20171019,1508342400000,54.95,55.2,54.59,55.050000000000004,5025,27600823.0,0.0,0,55.0,0
20171020,1508428800000,54.77,55.660000000000004,54.77,55.580000000000005,4696,25947035.0,0.0,0,55.050000000000004,0
20171023,1508688000000,55.58,56.0,55.32,55.71,6158,34340838.0,0.0,0,55.58,0
20171024,1508774400000,55.71,55.9,54.6,55.14,7282,40194090.00000001,0.0,0,55.71,0
20171025,1508860800000,55.15,56.47,54.92,56.4,10534,58974792.0,0.0,0,55.14,0
20171026,1508947200000,56.39,56.93,56.02,56.5,8456,47795530.0,0.0,0,56.400000000000006,0
20171027,1509033600000,56.419999999999995,56.9,55.76,55.91,9074,51062960.0,0.0,0,56.5,0
20171030,1509292800000,55.49,56.620000000000005,54.71,55.95,9637,53754928.0,0.0,0,55.910000000000004,0
20171031,1509379200000,55.949999999999996,56.78,55.33,56.739999999999995,9444,53095888.0,0.0,0,55.949999999999996,0
20171101,1509465600000,56.53,57.480000000000004,56.53,57.01,11697,66772291.0,0.0,0,56.74,0
20171102,1509552000000,56.73,58.42,56.65,57.19,15394,89045554.0,0.0,0,57.01,0
20171103,1509638400000,56.980000000000004,56.980000000000004,56.06,56.39,10608,59959188.0,0.0,0,57.190000000000005,0
20171106,1509897600000,56.949999999999996,56.99,56.15,56.82,5895,33374386.000000004,0.0,0,56.39,0
20171107,1509984000000,56.72,56.76,55.32,55.93,10171,56805679.00000001,0.0,0,56.82,0
20171108,1510070400000,55.74,56.41,55.72,55.83,7904,44266582.00000001,0.0,0,55.93,0
20171109,1510156800000,55.71000000000001,55.89000000000001,54.870000000000005,55.34,9544,52781344.0,0.0,0,55.830000000000005,0
20171110,1510243200000,55.34,56.330000000000005,54.910000000000004,55.81,10095,56388913.0,0.0,0,55.34,0
20171113,1510502400000,56.49,57.86,55.89,57.65,16303,92751283.0,0.0,0,55.81,0
20171114,1510588800000,57.59,58.800000000000004,56.800000000000004,57.050000000000004,18110,104559718.99999999,0.0,0,57.650000000000006,0
20171115,1510675200000,57.0,58.12,56.39,57.97,11780,67321318.99999999,0.0,0,57.05,0
20171116,1510761600000,57.5,58.22,56.4,56.55,11239,64264885.0,0.0,0,57.97,0
20171117,1510848000000,56.96,56.96,50.9,50.93,21814,115730839.0,0.0,0,56.55,0
20171120,1511107200000,51.41,51.87,50.0,51.68,10476,53586830.0,0.0,0,50.93,0
20171121,1511193600000,51.14,51.379999999999995,48.83,50.04,12062,60457346.0,0.0,0,51.68,0
20171122,1511280000000,49.519999999999996,50.39,48.69,49.699999999999996,8574,42471995.99999999,0.0,0,50.04,0
20171123,1511366400000,49.5,49.5,48.01,48.4,8483,41358124.0,0.0,0,49.699999999999996,0
20171124,1511452800000,48.46,49.300000000000004,47.88,49.04,7633,37022334.0,0.0,0,48.400000000000006,0
20171127,1511712000000,48.5,48.78,47.36,47.7,7066,33806848.0,0.0,0,49.04,0
20171128,1511798400000,48.18,48.98,47.75,48.9,6235,30168496.0,0.0,0,47.7,0
20171129,1511884800000,49.16,49.16,47.47,48.449999999999996,6762,32559682.000000004,0.0,0,48.9,0
20171130,1511971200000,48.9,49.36,48.0,49.23,7147,34942276.0,0.0,0,48.45,0
20171201,1512057600000,49.25000000000001,50.00000000000001,48.910000000000004,48.95,7871,38744493.0,0.0,0,49.230000000000004,0
20171204,1512316800000,46.63,46.63,44.06,44.09,23819,106660249.0,0.0,0,48.95,0
20171205,1512403200000,44.28,44.28,42.42,43.75,10466,45144058.0,0.0,0,44.09,0
20171206,1512489600000,43.44,44.98,43.11,44.36,7367,32544363.0,0.0,0,43.75,0
20171207,1512576000000,44.62,44.62,43.64,44.2,5766,25314557.0,0.0,0,44.36,0
20171208,1512662400000,43.72,44.36,43.72,43.8,12989,57052600.00000001,0.0,0,44.199999999999996,0
20171211,1512921600000,43.9,43.9,42.9,42.99,12639,54588672.0,0.0,0,43.8,0
20171212,1513008000000,42.92,42.92,40.7,40.790000000000006,14710,61276787.99999999,0.0,0,42.99,0
20171213,1513094400000,40.31,41.12,40.14,41.0,6753,27546152.0,0.0,0,40.79,0
20171214,1513180800000,41.0,41.43,40.38,41.080000000000005,6482,26456596.0,0.0,0,41.0,0
20171215,1513267200000,40.74,41.46,40.6,41.09,6570,27016903.000000004,0.0,0,41.08,0
20171218,1513526400000,40.910000000000004,40.95,39.88,40.14,5995,24186759.0,0.0,0,41.09,0
20171219,1513612800000,40.1,40.67,39.910000000000004,40.43000000000001,4989,20142776.0,0.0,0,40.14,0
20171220,1513699200000,40.230000000000004,41.34,40.230000000000004,40.6,8472,34704345.0,0.0,0,40.43000000000001,0
20171221,1513785600000,39.01,39.449999999999996,38.26,38.61,14505,56154261.0,0.0,0,40.599999999999994,0
20171222,1513872000000,38.33,38.85,38.1,38.61,5867,22629870.0,0.0,0,38.61,0
20171225,1514131200000,38.62,38.83,37.37,37.75,5812,22101358.000000004,0.0,0,38.61,0
20171226,1514217600000,37.38,38.81,37.38,38.690000000000005,5937,22834342.0,0.0,0,37.75,0
20171227,1514304000000,38.69,39.0,38.47,38.5,4633,17952969.0,0.0,0,38.69,0
20171228,1514390400000,38.62,39.3,38.32,39.06,5166,20154715.000000004,0.0,0,38.5,0
20171229,1514476800000,39.29,39.66,38.79,39.63,5191,20384579.000000004,0.0,0,39.06,0
20180102,1514822400000,39.63,40.18,39.0,40.01,6140,24365965.0,0.0,0,39.63,0
20180103,1514908800000,40.14,40.14,39.18,39.8,5905,23427098.000000004,0.0,0,40.01,0
20180104,1514995200000,39.809999999999995,40.099999999999994,39.62,39.839999999999996,4227,16808287.0,0.0,0,39.8,0
20180105,1515081600000,39.809999999999995,39.96,39.65,39.74,3066,12192376.0,0.0,0,39.839999999999996,0
20180108,1515340800000,39.69,39.699999999999996,39.22,39.519999999999996,4348,17130448.0,0.0,0,39.74,0
20180109,1515427200000,39.580000000000005,40.440000000000005,39.31,40.21,7050,28200320.0,0.0,0,39.52,0
20180110,1515513600000,40.29,40.75,39.6,40.22,6669,26821377.0,0.0,0,40.21,0
20180111,1515600000000,39.92,40.660000000000004,39.85,40.61,5472,22093413.0,0.0,0,40.22,0
20180112,1515686400000,40.6,40.6,40.0,40.11,4943,19901207.0,0.0,0,40.61,0
20180115,1515945600000,39.660000000000004,40.040000000000006,38.980000000000004,39.040000000000006,5801,22906204.0,0.0,0,40.11000000000001,0
20180116,1516032000000,39.47,39.980000000000004,39.1,39.85,7029,27925022.000000004,0.0,0,39.04,0
20180117,1516118400000,39.78,40.3,39.33,40.08,10275,40977582.0,0.0,0,39.85,0
20180118,1516204800000,40.08,41.48,40.0,41.26,13358,54621708.00000001,0.0,0,40.08,0
20180119,1516291200000,41.28,41.28,40.6,40.74,9158,37420722.0,0.0,0,41.26,0
20180122,1516550400000,40.47,40.53,39.0,40.13,6519,26057450.999999996,0.0,0,40.74,0
20180123,1516636800000,39.92,40.480000000000004,39.800000000000004,40.00000000000001,4326,17366709.0,0.0,0,40.13,0
20180124,1516723200000,39.82,41.2,39.77,41.050000000000004,7489,30494084.0,0.0,0,40.0,0
20180125,1516809600000,41.3,41.63,40.75,40.76,7312,30069365.0,0.0,0,41.05,0
20180126,1516896000000,42.0,44.6,42.0,42.28,19319,83308725.0,0.0,0,40.76,0
20180129,1517155200000,42.03,43.88,42.03,43.57,16930,73014778.0,0.0,0,42.28,0
20180130,1517241600000,43.0,43.5,41.45,42.25,12347,52210470.0,0.0,0,43.57,0
20180131,1517328000000,42.0,42.75,41.0,41.08,10067,42281570.0,0.0,0,42.25,0
20180201,1517414400000,41.11,42.800000000000004,41.1,41.46,12434,52181458.00000001,0.0,0,41.08,0
20180202,1517500800000,41.35,41.45,37.31,39.2,12899,50171339.0,0.0,0,41.46,0
20180205,1517760000000,38.5,38.6,37.58,37.9,6042,22968935.0,0.0,0,39.199999999999996,0
20180206,1517846400000,37.089999999999996,37.29,36.01,36.01,6530,23959032.999999996,0.0,0,37.9,0
20180207,1517932800000,37.18,37.3,35.75,36.57,5982,21901154.0,0.0,0,36.01,0
20180208,1518019200000,36.71,37.29,36.58,36.879999999999995,3895,14404728.000000002,0.0,0,36.57,0
20180209,1518105600000,35.99,36.39,35.7,36.13,4921,17755414.0,0.0,0,36.88,0
20180212,1518364800000,36.63,37.8,36.5,37.56,5001,18690424.0,0.0,0,36.13,0
20180213,1518451200000,37.2,37.7,37.160000000000004,37.45,3739,13993397.000000002,0.0,0,37.56,0
20180214,1518537600000,37.28,37.9,37.21,37.88,2946,11081804.0,0.0,0,37.45,0
20180222,1519228800000,37.980000000000004,38.28,37.7,38.21,3458,13170807.999999998,0.0,0,37.88,0
20180223,1519315200000,38.199999999999996,38.43,37.87,38.309999999999995,3033,11577637.0,0.0,0,38.21,0
20180226,1519574400000,40.4,40.4,39.0,39.5,6958,27493175.0,0.0,0,38.31,0
20180227,1519660800000,39.580000000000005,40.690000000000005,39.38,40.5,6605,26429410.999999996,0.0,0,39.5,0
20180228,1519747200000,40.16,40.39,39.5,40.03,4596,18415673.0,0.0,0,40.5,0
20180301,1519833600000,39.71,40.86,39.7,40.720000000000006,4470,18096726.0,0.0,0,40.03,0
20180302,1519920000000,40.4,40.97,40.36,40.8,3962,16128522.0,0.0,0,40.72,0
20180305,1520179200000,40.81,41.7,40.81,41.7,5329,21982099.0,0.0,0,40.800000000000004,0
20180306,1520265600000,41.699999999999996,41.71,41.01,41.269999999999996,5858,24207353.0,0.0,0,41.699999999999996,0
20180307,1520352000000,41.29,41.56,41.11,41.19,4211,17399117.0,0.0,0,41.269999999999996,0
20180308,1520438400000,41.31,41.690000000000005,41.160000000000004,41.650000000000006,4323,17912172.000000004,0.0,0,41.190000000000005,0
20180309,1520524800000,41.8,44.51,41.64,43.93,12252,53045574.0,0.0,0,41.65,0
20180312,1520784000000,44.1,45.72,44.1,44.4,11378,51038931.0,0.0,0,43.93,0
20180313,1520870400000,44.2,44.68,43.7,43.7,5797,25630527.0,0.0,0,44.400000000000006,0
20180314,1520956800000,43.84,45.470000000000006,43.660000000000004,44.00000000000001,6798,30272552.000000004,0.0,0,43.7,0
20180315,1521043200000,43.51,44.379999999999995,41.4,42.41,8434,35948550.0,0.0,0,44.0,0
20180316,1521129600000,42.67,44.85,42.32,44.38,10403,45938127.0,0.0,0,42.410000000000004,0
20180319,1521388800000,44.010000000000005,45.38,43.38,44.620000000000005,8631,38564904.0,0.0,0,44.38,0
20180320,1521475200000,44.34,45.18,44.21,44.800000000000004,5717,25558431.0,0.0,0,44.62,0
20180321,1521561600000,44.809999999999995,45.779999999999994,44.62,44.8,9966,45076911.0,0.0,0,44.8,0
20180322,1521648000000,44.81,45.400000000000006,44.7,45.010000000000005,6817,30727550.000000004,0.0,0,44.800000000000004,0
20180323,1521734400000,43.300000000000004,43.75,40.6,41.300000000000004,13119,55678614.0,0.0,0,45.010000000000005,0
20180326,1521993600000,41.09,44.190000000000005,41.050000000000004,43.970000000000006,11979,51630630.00000001,0.0,0,41.300000000000004,0
20180327,1522080000000,44.870000000000005,46.0,44.24,46.0,12416,56107047.99999999,0.0,0,43.97,0
20180328,1522166400000,45.51,47.5,45.15,46.62,13890,64679765.00000001,0.0,0,46.0,0
20180329,1522252800000,46.769999999999996,46.769999999999996,43.4,44.04,24859,111047111.0,0.0,0,46.62,0
20180330,1522339200000,39.7,42.74,39.660000000000004,41.7,35555,144990087.0,0.0,0,44.040000000000006,0
20180402,1522598400000,42.6,43.44,41.58,41.73,21565,91577070.0,0.0,0,41.699999999999996,0
20180403,1522684800000,40.080000000000005,40.760000000000005,39.800000000000004,40.57000000000001,12850,51832928.0,0.0,0,41.730000000000004,0
20180404,1522771200000,40.900000000000006,41.370000000000005,40.300000000000004,40.440000000000005,9576,39076375.00000001,0.0,0,40.57000000000001,0
20180409,1523203200000,40.300000000000004,40.650000000000006,39.480000000000004,40.540000000000006,8274,33174463.0,0.0,0,40.440000000000005,0
20180410,1523289600000,40.540000000000006,40.660000000000004,39.7,40.17,6634,26666007.000000004,0.0,0,40.540000000000006,0
20180411,1523376000000,40.32,40.95,40.1,40.730000000000004,7585,30845854.000000004,0.0,0,40.17,0
20180412,1523462400000,40.59,41.49,40.31,41.160000000000004,7860,32231140.000000004,0.0,0,40.730000000000004,0
20180413,1523548800000,41.21,41.45,40.410000000000004,40.52,5894,24077372.0,0.0,0,41.160000000000004,0
20180416,1523808000000,39.9,40.489999999999995,39.58,39.71,5218,20806865.0,0.0,0,40.519999999999996,0
20180417,1523894400000,39.5,39.97,38.01,38.169999999999995,6610,25796841.999999996,0.0,0,39.71,0
20180418,1523980800000,38.940000000000005,38.940000000000005,37.45,38.830000000000005,5712,21911385.000000004,0.0,0,38.17,0
20180419,1524067200000,38.830000000000005,38.96,38.31,38.31,5093,19731133.0,0.0,0,38.830000000000005,0
20180420,1524153600000,38.32,38.690000000000005,36.88,37.0,5211,19661884.0,0.0,0,38.31,0
20180423,1524412800000,37.2,37.57,36.95,37.28,5605,20896849.0,0.0,0,37.0,0
20180424,1524499200000,37.269999999999996,38.58,37.11,38.49,5081,19415832.000000004,0.0,0,37.28,0
20180425,1524585600000,38.39,38.910000000000004,38.21,38.58,5247,20231093.0,0.0,0,38.49,0
20180426,1524672000000,38.52,38.800000000000004,38.21,38.21,4492,17289814.0,0.0,0,38.58,0
20180427,1524758400000,38.21,39.49,38.21,39.1,6751,26400892.0,0.0,0,38.21,0
20180502,1525190400000,39.2,40.25,39.2,39.64,5749,22920439.0,0.0,0,39.1,0
20180503,1525276800000,39.64,41.35,39.64,41.27,10837,43951874.0,0.0,0,39.64,0
20180504,1525363200000,41.03,41.19,40.4,40.65,5616,22911394.000000004,0.0,0,41.269999999999996,0
20180507,1525622400000,41.0,41.690000000000005,40.85,40.95,7526,31057458.0,0.0,0,40.65,0
20180508,1525708800000,40.95,41.16,40.36,40.5,7381,29964911.0,0.0,0,40.95,0
20180509,1525795200000,40.5,40.79,40.35,40.5,5240,21231293.0,0.0,0,40.5,0
20180510,1525881600000,40.89,41.800000000000004,40.7,41.5,9332,38695598.0,0.0,0,40.5,0
20180511,1525968000000,41.36,41.58,40.04,40.44,8104,33276567.0,0.0,0,41.18,0
20180514,1526227200000,40.449999999999996,41.0,40.29,40.6,3902,15839040.000000002,0.0,0,40.44,0
20180515,1526313600000,40.28,40.56,39.730000000000004,40.480000000000004,5711,22947831.0,0.0,0,40.6,0
20180516,1526400000000,40.2,40.45,39.85,40.01,4678,18710344.0,0.0,0,40.480000000000004,0
20180517,1526486400000,39.9,40.17,39.89,40.0,2816,11264111.0,0.0,0,40.01,0
20180518,1526572800000,40.160000000000004,41.19,40.14,40.96,6406,26140309.0,0.0,0,40.0,0
20180521,1526832000000,41.2,42.38,40.82,42.25,10885,45566715.00000001,0.0,0,40.96,0
20180522,1526918400000,42.089999999999996,42.62,41.86,42.25,8162,34506266.0,0.0,0,42.25,0
20180523,1527004800000,42.22,43.190000000000005,41.92,42.42,9107,38843509.0,0.0,0,42.25,0
20180524,1527091200000,42.89,43.43,42.35,42.86,8911,38319063.0,0.0,0,42.42,0
20180525,1527177600000,42.75,43.68,42.75,43.21,8738,37915108.0,0.0,0,42.86,0
20180528,1527436800000,43.480000000000004,43.480000000000004,42.300000000000004,42.790000000000006,8025,34442221.0,0.0,0,43.21,0
20180529,1527523200000,43.08,43.1,42.08,42.23,5257,22328854.0,0.0,0,42.79,0
20180530,1527609600000,42.15,42.15,39.01,39.01,8017,32495062.0,0.0,0,42.23,0
20180531,1527696000000,39.660000000000004,40.36000000000001,39.230000000000004,40.040000000000006,4775,19106875.0,0.0,0,39.010000000000005,0
20180601,1527782400000,39.62,44.0,39.62,42.099999999999994,14819,63188031.0,0.0,0,40.04,0
20180604,1528041600000,41.9,43.25,41.72,41.949999999999996,6361,26963523.0,0.0,0,42.1,0
20180605,1528128000000,42.230000000000004,43.220000000000006,42.230000000000004,42.900000000000006,7215,30861819.000000004,0.0,0,41.95,0
20180606,1528214400000,42.96,43.25,42.51,43.239999999999995,5679,24350051.0,0.0,0,42.9,0
20180607,1528300800000,43.23,43.39,42.4,42.589999999999996,5497,23552168.999999996,0.0,0,43.24,0
20180608,1528387200000,42.150000000000006,42.6,41.38,42.0,4962,20784384.000000004,0.0,0,42.59,0
20180611,1528646400000,41.62,42.37,41.62,42.01,2386,10007139.999999998,0.0,0,42.0,0
20180612,1528732800000,41.82,42.26,40.18,41.81,5071,21007835.0,0.0,0,42.01,0
20180613,1528819200000,41.78,41.78,40.5,40.73,3562,14619096.999999998,0.0,0,41.81,0
20180614,1528905600000,40.89,41.43,40.58,41.199999999999996,3667,15103392.0,0.0,0,40.73,0
20180615,1528992000000,41.2,41.480000000000004,39.2,39.59,5411,21697299.0,0.0,0,41.2,0
20180619,1529337600000,39.46,39.46,36.67,37.4,6039,22824011.0,0.0,0,39.59,0
20180620,1529424000000,37.42,38.36,37.03,37.92,3750,14165879.0,0.0,0,37.4,0
20180621,1529510400000,37.08,38.35,37.0,37.0,3910,14650985.0,0.0,0,37.92,0
20180622,1529596800000,36.97,38.15,36.46,37.68,3470,13036509.0,0.0,0,37.0,0
20180625,1529856000000,38.01,38.72,37.71,38.09,3371,12897867.0,0.0,0,37.68,0
20180626,1529942400000,38.300000000000004,38.93,37.38,38.720000000000006,3178,12280530.000000002,0.0,0,38.09,0
20180627,1530028800000,38.75,39.4,38.21,38.43,3019,11722967.0,0.0,0,38.72,0
20180628,1530115200000,38.2,39.1,38.03,38.06,2653,10220671.0,0.0,0,38.43,0
20180629,1530201600000,38.300000000000004,39.1,38.13,39.080000000000005,3373,13061274.000000002,0.0,0,38.06,0
20180702,1530460800000,39.0,39.370000000000005,38.17,38.410000000000004,3222,12495090.0,0.0,0,39.08,0
20180703,1530547200000,38.690000000000005,38.93000000000001,37.800000000000004,38.88,3869,14892200.0,0.0,0,38.410000000000004,0
20180704,1530633600000,38.75,38.75,37.7,37.900000000000006,3250,12368129.0,0.0,0,38.88,0
20180705,1530720000000,37.9,38.839999999999996,37.61,38.47,5874,22583187.000000004,0.0,0,37.9,0
20180706,1530806400000,38.300000000000004,40.14,38.27,39.900000000000006,8290,32644100.0,0.0,0,38.470000000000006,0
20180709,1531065600000,40.0,40.95,39.6,40.5,4295,17230197.0,0.0,0,39.9,0
20180710,1531152000000,40.220000000000006,40.89,40.02,40.480000000000004,3137,12671957.000000002,0.0,0,40.5,0
20180711,1531238400000,40.15,40.15,38.35,38.67,4824,18896169.0,0.0,0,40.480000000000004,0
20180712,1531324800000,38.67,40.22,38.67,40.22,4400,17515070.0,0.0,0,38.67,0
20180713,1531411200000,39.9,39.9,38.51,38.54,10168,39623690.0,0.0,0,40.22,0
20180716,1531670400000,38.580000000000005,39.34,38.02,39.14,5740,22265739.0,0.0,0,38.540000000000006,0
20180717,1531756800000,38.9,39.339999999999996,38.69,38.96,3190,12406604.0,0.0,0,39.14,0
20180718,1531843200000,39.07,39.34,38.71,38.800000000000004,3354,13085296.0,0.0,0,38.96,0
20180719,1531929600000,39.18,39.18,37.96,38.18,3176,12169783.0,0.0,0,38.800000000000004,0
20180720,1532016000000,38.370000000000005,38.580000000000005,37.95,38.550000000000004,2961,11333906.0,0.0,0,38.18,0
20180723,1532275200000,38.36,38.870000000000005,38.31,38.63,3846,14824561.0,0.0,0,38.550000000000004,0
20180724,1532361600000,38.63,39.29,38.53,39.17,4062,15871262.999999998,0.0,0,38.63,0
20180725,1532448000000,39.17,39.39,39.0,39.2,3950,15495911.0,0.0,0,39.17,0
20180726,1532534400000,39.199999999999996,39.33,38.4,38.49,3616,14009025.0,0.0,0,39.199999999999996,0
20180727,1532620800000,38.27,38.6,38.27,38.32,2385,9155762.0,0.0,0,38.49,0
20180730,1532880000000,38.22,38.47,37.79,37.85,3747,14269050.0,0.0,0,38.32,0
20180731,1532966400000,37.980000000000004,38.160000000000004,37.71,37.88,1673,6335721.0,0.0,0,37.85,0
20180801,1533052800000,37.81,38.32000000000001,37.730000000000004,37.760000000000005,1989,7543306.000000001,0.0,0,37.88,0
20180802,1533139200000,37.02,37.54,35.6,36.690000000000005,3791,13883338.0,0.0,0,37.760000000000005,0
20180803,1533225600000,36.58,36.7,35.0,35.68,3347,12039812.0,0.0,0,36.69,0
20180806,1533484800000,35.21,35.510000000000005,34.06,34.150000000000006,3861,13391835.0,0.0,0,35.68,0
20180807,1533571200000,34.400000000000006,34.75,33.81,34.72,3792,13051783.0,0.0,0,34.150000000000006,0
20180808,1533657600000,34.72,34.73,33.05,33.39,4136,14094400.0,0.0,0,34.72,0
20180809,1533744000000,33.58,34.4,33.3,34.099999999999994,3486,11875187.0,0.0,0,33.39,0
20180810,1533830400000,34.02,34.300000000000004,33.6,33.95,3344,11366908.0,0.0,0,34.1,0
20180813,1534089600000,33.980000000000004,34.160000000000004,33.35,34.09,2638,8883771.0,0.0,0,33.95,0
20180814,1534176000000,34.300000000000004,34.300000000000004,33.81,34.150000000000006,2144,7296879.000000001,0.0,0,34.09,0
20180815,1534262400000,33.970000000000006,34.14,33.52,33.63,1976,6689698.000000001,0.0,0,34.150000000000006,0
20180816,1534348800000,33.120000000000005,33.59,32.28,32.29,6110,20102563.0,0.0,0,33.63,0
20180817,1534435200000,32.5,32.69,31.69,31.740000000000002,3468,11200538.0,0.0,0,32.29,0
20180820,1534694400000,32.0,32.45,31.060000000000002,32.300000000000004,3261,10343470.0,0.0,0,31.740000000000002,0
20180821,1534780800000,32.01,32.85,31.86,32.69,2812,9104717.0,0.0,0,32.3,0
20180822,1534867200000,32.339999999999996,32.83,32.33,32.58,2273,7419288.0,0.0,0,32.69,0
20180823,1534953600000,32.75000000000001,33.34,32.230000000000004,33.34,2968,9761145.0,0.0,0,32.580000000000005,0
20180824,1535040000000,33.28,34.25,33.13,34.21,3732,12602074.0,0.0,0,33.34,0
20180827,1535299200000,34.05,34.949999999999996,34.05,34.879999999999995,3404,11799909.0,0.0,0,34.209999999999994,0
20180828,1535385600000,35.25000000000001,35.25000000000001,34.550000000000004,34.980000000000004,4332,15104148.0,0.0,0,34.88,0
20180829,1535472000000,34.6,35.1,34.6,35.04,4921,17170817.0,0.0,0,34.980000000000004,0
20180830,1535558400000,35.1,35.1,34.56,34.81,2766,9630904.0,0.0,0,35.04,0
20180831,1535644800000,35.0,35.24,34.31,34.800000000000004,2529,8831916.0,0.0,0,34.81,0
20180903,1535904000000,34.980000000000004,35.11,34.46,35.03,2751,9570448.0,0.0,0,34.800000000000004,0
20180904,1535990400000,35.260000000000005,35.690000000000005,34.81,35.34,2612,9258354.0,0.0,0,35.03,0
20180905,1536076800000,35.6,36.39,35.1,35.6,4838,17393810.0,0.0,0,35.34,0
20180906,1536163200000,35.3,35.86,34.9,35.11,2447,8668560.0,0.0,0,35.6,0
20180907,1536249600000,35.650000000000006,36.2,35.2,36.06,4762,17040170.0,0.0,0,35.11,0
20180910,1536508800000,36.05,36.05,34.68,34.93,2718,9610562.0,0.0,0,36.06,0
20180911,1536595200000,34.95,35.39,34.6,34.77,4125,14421130.0,0.0,0,34.93,0
20180912,1536681600000,34.85,35.1,34.51,34.8,2337,8147861.000000001,0.0,0,34.769999999999996,0
20180913,1536768000000,34.980000000000004,35.0,34.53,35.0,1959,6825602.0,0.0,0,34.800000000000004,0
20180914,1536854400000,35.0,35.14,34.58,34.69,1664,5794365.0,0.0,0,35.0,0
20180917,1537113600000,34.690000000000005,34.690000000000005,33.2,33.220000000000006,2450,8245362.0,0.0,0,34.690000000000005,0
20180918,1537200000000,33.32,33.839999999999996,32.9,33.76,3075,10304118.0,0.0,0,33.22,0
20180919,1537286400000,34.0,34.64,33.75,34.49,2465,8422096.0,0.0,0,33.76,0
20180920,1537372800000,34.5,34.62,34.01,34.1,1943,6662610.0,0.0,0,34.489999999999995,0
20180921,1537459200000,34.449999999999996,34.879999999999995,33.97,34.75,2077,7148575.0,0.0,0,34.1,0
20180925,1537804800000,34.74,34.74,34.31,34.370000000000005,1702,5870398.0,0.0,0,34.75,0
20180926,1537891200000,34.59,34.99,34.25,34.48,2181,7547944.999999999,0.0,0,34.37,0
20180927,1537977600000,34.48,34.77,33.68,33.69,2511,8568294.999999998,0.0,0,34.48,0
20180928,1538064000000,33.559999999999995,34.08,33.33,33.97,2660,8984095.0,0.0,0,33.69,0
20181008,1538928000000,33.5,33.540000000000006,32.84,32.900000000000006,2705,8987930.0,0.0,0,33.970000000000006,0
20181009,1539014400000,32.55,34.0,32.55,32.839999999999996,2110,6955878.0,0.0,0,32.9,0
20181010,1539100800000,32.74,33.39,32.74,33.18,2235,7416157.0,0.0,0,32.84,0
20181011,1539187200000,32.0,32.44,30.68,31.07,5269,16530722.999999998,0.0,0,33.18,0
20181012,1539273600000,31.82,33.38,31.26,33.07,6875,22460829.0,0.0,0,31.07,0
20181015,1539532800000,33.33,33.739999999999995,33.01,33.41,3699,12322526.000000002,0.0,0,33.07,0
20181016,1539619200000,33.05,34.489999999999995,33.01,34.059999999999995,5657,19152678.0,0.0,0,33.41,0
20181017,1539705600000,34.449999999999996,34.65,32.51,33.339999999999996,6083,20340030.0,0.0,0,34.059999999999995,0
20181018,1539792000000,33.34,33.34,32.5,32.63,3801,12478285.999999998,0.0,0,33.34,0
20181019,1539878400000,32.01,33.489999999999995,32.01,33.37,3569,11809507.0,0.0,0,32.629999999999995,0
20181022,1540137600000,33.5,35.52,33.5,34.92,7250,25110472.0,0.0,0,33.37,0
20181023,1540224000000,34.68,36.2,34.68,35.66,10545,37660324.00000001,0.0,0,34.92,0
20181024,1540310400000,35.4,36.36,35.25,35.7,6276,22498927.999999996,0.0,0,35.66,0
20181025,1540396800000,35.0,36.24,34.6,36.24,6944,24777460.999999996,0.0,0,35.7,0
20181026,1540483200000,36.36,36.38,35.75,36.14,5343,19260827.0,0.0,0,36.24,0
20181029,1540742400000,35.900000000000006,36.57,35.52,36.57,5823,21000987.000000004,0.0,0,36.14,0
20181030,1540828800000,36.57,36.57,35.2,35.870000000000005,7712,27726724.000000004,0.0,0,36.57,0
20181031,1540915200000,36.04,37.04,35.72,36.9,7460,27396113.000000004,0.0,0,35.87,0
20181101,1541001600000,37.01,37.35,36.71,36.910000000000004,7249,26847272.999999996,0.0,0,36.9,0
20181102,1541088000000,36.92,38.67,36.92,38.4,9845,37353894.0,0.0,0,36.910000000000004,0
20181105,1541347200000,38.4,39.09,37.75,38.12,7509,28863013.000000004,0.0,0,38.4,0
20181106,1541433600000,37.96,37.96,36.93,37.1,8621,32061510.000000004,0.0,0,38.12,0
20181107,1541520000000,37.42,38.78,37.29,37.73,9533,36352830.0,0.0,0,37.1,0
20181108,1541606400000,37.93000000000001,38.1,37.230000000000004,37.300000000000004,5845,22051642.0,0.0,0,37.730000000000004,0
20181109,1541692800000,37.06,37.7,37.0,37.63,3761,14064138.0,0.0,0,37.3,0
20181112,1541952000000,37.62,39.39,37.0,39.25,11878,45821537.0,0.0,0,37.63,0
20181113,1542038400000,38.86,39.38,38.67,39.010000000000005,8316,32497558.999999996,0.0,0,39.25,0
20181114,1542124800000,39.02,39.28,38.050000000000004,38.14000000000001,7756,29971450.000000004,0.0,0,39.010000000000005,0
20181115,1542211200000,39.15,41.379999999999995,38.9,40.12,24839,99428347.00000001,0.0,0,38.14,0
20181116,1542297600000,40.17,41.61,40.17,40.81,21062,86378219.0,0.0,0,40.120000000000005,0
20181119,1542556800000,40.53,41.28,40.21,41.2,12471,50784549.00000001,0.0,0,40.81,0
20181120,1542643200000,40.85,42.5,40.52,41.300000000000004,16986,70388970.0,0.0,0,41.2,0
20181121,1542729600000,40.800000000000004,42.300000000000004,40.42,42.300000000000004,16978,70507042.0,0.0,0,41.300000000000004,0
20181122,1542816000000,43.300000000000004,43.56,41.63,42.2,17597,74964190.0,0.0,0,42.300000000000004,0
20181123,1542902400000,41.980000000000004,43.28,41.300000000000004,42.220000000000006,17991,76319342.0,0.0,0,42.2,0
20181126,1543161600000,41.0,41.29,38.61,38.91,27935,111463083.0,0.0,0,42.22,0
20181127,1543248000000,38.85,40.0,38.85,39.75,11970,47270355.0,0.0,0,38.910000000000004,0
20181128,1543334400000,39.900000000000006,41.84,39.45,41.440000000000005,16039,65362112.00000001,0.0,0,39.75,0
20181129,1543420800000,41.510000000000005,41.800000000000004,40.13,40.35,11824,48647915.00000001,0.0,0,41.440000000000005,0
20181130,1543507200000,40.230000000000004,43.550000000000004,40.1,42.82,19601,83055365.0,0.0,0,40.35,0
20181203,1543766400000,43.98,44.37,42.4,42.61,21712,93277699.0,0.0,0,42.82,0
20181204,1543852800000,42.67,42.78,41.89,42.36,11956,50435138.0,0.0,0,42.61,0
20181205,1543939200000,41.660000000000004,42.28,41.06,42.11,12127,50635210.0,0.0,0,42.36,0
20181206,1544025600000,41.98,41.98,39.86,40.43,15357,62610472.0,0.0,0,42.11,0
20181207,1544112000000,40.49,40.83,39.93,40.69,6341,25640131.0,0.0,0,40.43,0
20181210,1544371200000,40.02,41.95,40.02,41.7,12435,51500088.00000001,0.0,0,40.690000000000005,0
20181211,1544457600000,41.93,42.35,41.31,41.95,8215,34459031.0,0.0,0,41.7,0
20181212,1544544000000,42.05,42.26,41.18,41.49,5469,22743185.0,0.0,0,41.95,0
20181213,1544630400000,41.49,42.28,41.11,41.51,5278,22041653.0,0.0,0,41.49,0
20181214,1544716800000,41.31,41.88,40.5,40.6,8247,34019710.0,0.0,0,41.51,0
20181217,1544976000000,40.6,40.92,39.32,39.9,8808,35036638.0,0.0,0,40.6,0
20181218,1545062400000,39.82,40.1,39.03,39.68,8155,32207472.999999996,0.0,0,39.9,0
20181219,1545148800000,39.800000000000004,39.89,39.2,39.660000000000004,4837,19129808.000000004,0.0,0,39.68,0
20181220,1545235200000,39.589999999999996,40.76,39.26,40.68,9545,38294279.0,0.0,0,39.66,0
20181221,1545321600000,40.73,41.85,40.65,41.79,11956,49474218.0,0.0,0,40.68,0
20181224,1545580800000,41.86000000000001,43.300000000000004,41.34,42.540000000000006,12064,51469847.0,0.0,0,41.790000000000006,0
20181225,1545667200000,42.61,43.28,41.76,42.93,10401,44212364.0,0.0,0,42.54,0
20181226,1545753600000,43.3,43.33,42.44,42.949999999999996,8283,35573930.0,0.0,0,42.93,0
20181227,1545840000000,42.96,43.5,41.9,42.699999999999996,8966,38211301.0,0.0,0,42.949999999999996,0
20181228,1545926400000,42.59,42.800000000000004,41.92,42.800000000000004,7118,30164750.000000004,0.0,0,42.7,0
20190102,1546358400000,42.65,43.48,42.0,43.19,7062,30308091.000000004,0.0,0,42.8,0
20190103,1546444800000,43.35,45.0,43.0,43.2,16128,71109060.0,0.0,0,43.19,0
20190104,1546531200000,40.88,42.980000000000004,40.300000000000004,42.1,17506,73263771.0,0.0,0,43.2,0
20190107,1546790400000,42.15,44.44,42.11,44.1,11631,50839571.0,0.0,0,42.1,0
20190108,1546876800000,44.2,44.78,43.13,43.29,11646,51038878.0,0.0,0,44.1,0
20190109,1546963200000,43.46,44.34,43.46,43.980000000000004,9050,39817002.0,0.0,0,43.29,0
20190110,1547049600000,43.63,44.5,42.61,42.99,10900,47578002.0,0.0,0,43.98,0
20190111,1547136000000,43.17,43.99,42.61,43.53,8372,36152518.0,0.0,0,42.99,0
20190114,1547395200000,43.36000000000001,45.34,43.300000000000004,45.00000000000001,13574,60728350.0,0.0,0,43.53,0
20190115,1547481600000,45.04,45.67,44.57,45.05,8316,37520351.0,0.0,0,45.0,0
20190116,1547568000000,44.78,44.980000000000004,44.13,44.5,7756,34555768.00000001,0.0,0,45.050000000000004,0
20190117,1547654400000,44.48,44.78,43.5,43.57,5606,24839031.000000004,0.0,0,44.5,0
20190118,1547740800000,43.88,45.88,43.82,45.88,12749,57670711.0,0.0,0,43.57,0
20190121,1548000000000,47.989999999999995,50.47,47.08,50.47,32564,159871833.99999997,0.0,0,45.879999999999995,0
20190122,1548086400000,50.59,51.86,50.45,50.77,30601,156522621.0,0.0,0,50.470000000000006,0
20190123,1548172800000,51.050000000000004,53.93000000000001,51.02,52.440000000000005,34489,181524847.0,0.0,0,50.77,0
20190124,1548259200000,53.21,53.769999999999996,51.9,52.379999999999995,22135,116438674.99999999,0.0,0,52.44,0
20190125,1548345600000,52.36,54.77,52.13,53.470000000000006,21793,117029864.0,0.0,0,52.38,0
20190128,1548604800000,54.25,54.480000000000004,52.6,53.77,16791,89809194.99999999,0.0,0,53.47,0
20190129,1548691200000,53.900000000000006,55.25,52.7,54.150000000000006,17907,96475415.0,0.0,0,53.77,0
20190130,1548777600000,53.550000000000004,54.6,53.2,53.2,11475,61726829.0,0.0,0,54.150000000000006,0
20190131,1548864000000,53.25,55.9,53.1,54.7,17773,97302237.99999999,0.0,0,53.2,0
20190201,1548950400000,54.92,55.17,54.11,55.13,11567,63297083.0,0.0,0,54.7,0
20190211,1549814400000,55.5,55.5,54.5,55.0,20652,113084216.0,0.0,0,55.13,0
20190212,1549900800000,55.49,56.2,53.92,54.36,23973,131162629.0,0.0,0,55.0,0
20190213,1549987200000,54.470000000000006,54.6,52.52,53.300000000000004,35216,187574146.0,0.0,0,54.36000000000001,0
20190214,1550073600000,51.5,52.55,51.01,52.1,32047,165863093.00000003,0.0,0,53.3,0
20190215,1550160000000,51.86000000000001,52.870000000000005,51.660000000000004,51.7,15086,78794480.00000001,0.0,0,52.1,0
20190218,1550419200000,51.7,53.93,51.7,53.800000000000004,21498,114402314.00000001,0.0,0,51.7,0
20190219,1550505600000,53.989999999999995,54.18,53.01,53.33,12516,66918618.0,0.0,0,53.8,0
20190220,1550592000000,53.580000000000005,53.6,48.800000000000004,49.74,43628,220031051.0,0.0,0,53.330000000000005,0
20190221,1550678400000,49.2,52.050000000000004,49.2,51.300000000000004,27568,140273561.0,0.0,0,49.74,0
20190222,1550764800000,50.95,51.650000000000006,50.02,50.660000000000004,17282,87836917.0,0.0,0,51.300000000000004,0
20190225,1551024000000,51.2,52.68,51.2,52.540000000000006,19077,99105640.0,0.0,0,50.660000000000004,0
20190226,1551110400000,52.4,52.58,51.32,51.7,14012,72847534.0,0.0,0,52.54,0
20190227,1551196800000,52.4,56.8,52.4,55.96,30794,169945436.0,0.0,0,51.699999999999996,0
20190228,1551283200000,56.49,56.49,53.71,54.28,20183,110366189.00000001,0.0,0,55.96,0
20190301,1551369600000,54.13,55.75,54.13,55.63,15789,87021160.00000001,0.0,0,54.28,0
20190304,1551628800000,56.300000000000004,57.99,55.45,56.1,19744,111292994.0,0.0,0,55.63,0
20190305,1551715200000,55.7,57.38,55.7,56.99,10832,61414908.0,0.0,0,56.1,0
20190306,1551801600000,56.7,57.35,55.88,56.88,14302,80836373.0,0.0,0,56.99,0
20190307,1551888000000,56.5,57.2,55.75,56.07,10940,61773838.0,0.0,0,56.88,0
20190308,1551974400000,55.77,58.800000000000004,55.050000000000004,57.06,20040,114453750.0,0.0,0,56.07000000000001,0
20190311,1552233600000,57.51,62.77,57.21,62.160000000000004,19250,117500956.0,0.0,0,57.06,0
20190312,1552320000000,61.12,63.36,59.25,60.73,19194,117318963.0,0.0,0,62.16,0
20190313,1552406400000,60.75,62.49,59.45,60.0,15142,92773664.00000001,0.0,0,60.730000000000004,0
20190314,1552492800000,59.61,63.32,59.61,60.68,16127,99305071.00000001,0.0,0,60.0,0
20190315,1552579200000,60.56,64.55,60.5,62.68,19731,123050426.0,0.0,0,60.68,0
20190318,1552838400000,63.0,65.4,62.68,65.28,18177,117119738.00000001,0.0,0,62.68,0
20190319,1552924800000,64.9,65.03,63.410000000000004,63.830000000000005,14874,95346983.00000001,0.0,0,65.28,0
20190320,1553011200000,64.39,66.6,63.89,65.67,18108,117863204.0,0.0,0,63.83,0
20190321,1553097600000,66.0,66.35000000000001,59.2,61.17,35880,221258096.0,0.0,0,65.67,0
20190322,1553184000000,65.0,67.28999999999999,64.02,67.28999999999999,46337,305951577.0,0.0,0,61.169999999999995,0
20190325,1553443200000,65.94000000000001,67.29,65.04,65.80000000000001,25767,170401694.0,0.0,0,67.29,0
20190326,1553529600000,65.5,65.5,61.35,61.86,28342,179383592.0,0.0,0,65.8,0
20190327,1553616000000,62.14,62.699999999999996,60.58,61.94,23719,145877955.0,0.0,0,61.86,0
20190328,1553702400000,61.940000000000005,62.940000000000005,61.300000000000004,61.46,14071,87332086.00000001,0.0,0,61.940000000000005,0
20190329,1553788800000,60.98,63.589999999999996,60.08,63.309999999999995,20015,123580884.0,0.0,0,61.46,0
20190401,1554048000000,63.0,67.3,62.82,67.3,21245,139451933.0,0.0,0,63.31,0
20190402,1554134400000,67.59,67.7,64.75,65.85,16244,107478758.0,0.0,0,67.3,0
20190403,1554220800000,66.0,66.87,65.0,65.8,12103,79777147.0,0.0,0,65.85,0
20190404,1554307200000,66.66,68.67999999999999,65.63,66.19,19491,130957203.99999999,0.0,0,65.8,0
20190408,1554652800000,68.80000000000001,71.4,66.21000000000001,67.55000000000001,34896,240278440.0,0.0,0,66.19000000000001,0
20190409,1554739200000,67.5,67.55000000000001,61.300000000000004,64.08,27785,177645585.0,0.0,0,67.55000000000001,0
20190410,1554825600000,63.35,64.4,62.53,62.7,14578,92211165.0,0.0,0,64.08,0
20190411,1554912000000,62.8,63.18,60.51,61.0,15214,93665306.00000001,0.0,0,62.699999999999996,0
20190412,1554998400000,61.0,61.8,60.33,61.43,10358,63300897.0,0.0,0,61.0,0
20190415,1555257600000,62.25,64.0,60.45,61.03,16969,106094886.0,0.0,0,61.43,0
20190416,1555344000000,61.00000000000001,62.38,60.550000000000004,62.28,8480,52286295.99999999,0.0,0,61.03,0
20190417,1555430400000,62.010000000000005,62.50000000000001,61.300000000000004,61.64000000000001,13139,81281672.0,0.0,0,62.28,0
20190418,1555516800000,61.61,61.79,60.22,60.8,10194,62041518.99999999,0.0,0,61.64,0
20190419,1555603200000,60.82000000000001,63.50000000000001,60.550000000000004,63.50000000000001,20546,127919110.0,0.0,0,60.800000000000004,0
20190422,1555862400000,63.010000000000005,64.7,62.02,62.24,13576,85889593.0,0.0,0,63.5,0
20190423,1555948800000,62.230000000000004,62.550000000000004,61.550000000000004,62.2,10185,63118968.00000001,0.0,0,62.24,0
20190424,1556035200000,62.24,62.78,61.15,62.629999999999995,7801,48365989.00000001,0.0,0,62.199999999999996,0
20190425,1556121600000,63.0,63.25,61.74,61.78,10068,62761961.00000001,0.0,0,62.63,0
20190426,1556208000000,61.46,63.2,61.35,61.78,11671,72612463.0,0.0,0,61.78,0
20190429,1556467200000,63.0,65.74,62.0,64.36,20549,131102819.00000001,0.0,0,61.78,0
20190430,1556553600000,63.88,64.68,62.43,63.18,14430,91646673.00000001,0.0,0,64.36,0
20190506,1557072000000,61.9,61.9,56.86,56.86,20418,120968392.0,0.0,0,63.18,0
20190507,1557158400000,57.61,59.800000000000004,55.06,56.72,16046,92659005.0,0.0,0,56.86,0
20190508,1557244800000,30.0,31.48,29.04,30.439999999999998,19598,60121885.00000001,0.0,0,31.07,0
20190509,1557331200000,29.81,32.5,29.5,31.67,23096,72542422.0,0.0,0,30.44,0
20190510,1557417600000,31.810000000000002,32.18,30.23,32.05,25401,80084993.00000001,0.0,0,31.67,0
20190513,1557676800000,31.51,31.59,29.75,30.18,30762,93567015.0,0.0,0,32.05,0
20190514,1557763200000,29.750000000000004,30.450000000000003,29.560000000000002,29.930000000000003,15667,47148114.0,0.0,0,30.180000000000003,0
20190515,1557849600000,30.16,30.63,30.11,30.37,15124,45854169.00000001,0.0,0,29.93,0
20190516,1557936000000,30.37,31.85,29.78,31.14,35561,109393336.0,0.0,0,30.37,0
20190517,1558022400000,31.38,31.47,29.16,29.22,32326,97497782.0,0.0,0,31.14,0
20190520,1558281600000,29.099999999999998,29.45,27.22,28.15,21478,60200841.0,0.0,0,29.22,0
20190521,1558368000000,28.130000000000003,29.610000000000003,28.1,29.220000000000002,19302,55944234.00000001,0.0,0,28.150000000000002,0
20190522,1558454400000,29.25,29.82,29.01,29.270000000000003,13878,40684222.0,0.0,0,29.220000000000002,0
20190523,1558540800000,29.009999999999998,29.009999999999998,27.52,27.69,21560,60606793.0,0.0,0,29.27,0
20190524,1558627200000,27.900000000000002,28.290000000000003,27.28,27.400000000000002,18253,50727255.0,0.0,0,27.69,0
20190527,1558886400000,27.75,28.16,27.1,27.89,21144,58506126.0,0.0,0,27.400000000000002,0
20190528,1558972800000,28.03,28.87,27.93,28.25,25176,71713352.0,0.0,0,27.89,0
20190529,1559059200000,28.110000000000003,28.520000000000003,27.900000000000002,28.070000000000004,25862,72745855.0,0.0,0,28.250000000000004,0
20190530,1559145600000,27.8,28.12,27.150000000000002,27.55,20132,55409310.0,0.0,0,28.070000000000004,0
20190531,1559232000000,27.6,27.94,26.71,26.78,25302,68961109.0,0.0,0,27.55,0
20190603,1559491200000,26.930000000000003,27.76,26.740000000000002,26.900000000000002,31588,86191370.99999999,0.0,0,26.78,0
20190604,1559577600000,26.77,26.86,26.04,26.169999999999998,21361,56353513.00000001,0.0,0,26.9,0
20190605,1559664000000,26.32,26.990000000000002,26.32,26.54,18215,48562407.00000001,0.0,0,26.17,0
20190606,1559750400000,26.61,26.78,25.5,25.75,21638,56251212.99999999,0.0,0,26.54,0
20190610,1560096000000,25.75,26.17,25.44,25.700000000000003,20316,52481619.0,0.0,0,25.75,0
20190611,1560182400000,25.71,26.880000000000003,25.62,26.650000000000002,29334,77225328.00000001,0.0,0,25.7,0
20190612,1560268800000,26.75,26.810000000000002,25.87,26.03,22619,59576100.0,0.0,0,26.650000000000002,0
20190613,1560355200000,25.99,28.45,25.91,28.09,53053,145320332.0,0.0,0,26.03,0
20190614,1560441600000,28.090000000000003,28.430000000000003,27.400000000000002,27.76,38162,106629213.0,0.0,0,28.090000000000003,0
20190617,1560700800000,27.44,28.01,26.82,27.11,29642,81045470.00000001,0.0,0,27.76,0
20190618,1560787200000,27.23,27.840000000000003,26.92,27.700000000000003,21258,58289605.00000001,0.0,0,27.110000000000003,0
20190619,1560873600000,28.2,28.76,27.89,28.35,45900,129410618.0,0.0,0,27.7,0
20190620,1560960000000,28.110000000000003,28.450000000000003,27.6,28.25,37676,105832638.0,0.0,0,28.35,0
20190621,1561046400000,28.25,28.89,28.14,28.52,33809,96329321.0,0.0,0,28.25,0
20190624,1561305600000,28.400000000000002,28.55,28.03,28.34,21292,60065633.00000001,0.0,0,28.52,0
20190625,1561392000000,28.21,28.560000000000002,27.35,27.560000000000002,20932,58229200.99999999,0.0,0,28.34,0
20190626,1561478400000,27.4,29.05,27.36,28.91,42753,121918514.00000001,0.0,0,27.56,0
20190627,1561564800000,28.91,29.09,28.51,28.880000000000003,34907,100566891.99999999,0.0,0,28.91,0
20190628,1561651200000,28.88,29.38,28.32,28.56,24651,71099426.00000001,0.0,0,28.88,0
20190701,1561910400000,29.27,30.290000000000003,28.78,30.1,41417,122042764.0,0.0,0,28.560000000000002,0
20190702,1561996800000,29.8,30.490000000000002,29.67,30.0,32773,98267207.00000001,0.0,0,30.1,0
20190703,1562083200000,30.0,30.0,29.18,29.23,26766,79022960.0,0.0,0,30.0,0
20190704,1562169600000,29.34,29.75,29.11,29.669999999999998,22374,65855079.00000001,0.0,0,29.23,0
20190705,1562256000000,29.180000000000003,29.42,28.810000000000002,29.03,23198,67483851.0,0.0,0,29.67,0
20190708,1562515200000,28.81,28.94,26.41,27.03,36113,99109589.0,0.0,0,29.03,0
20190709,1562601600000,27.1,27.75,27.1,27.6,28130,77246272.0,0.0,0,27.03,0
20190710,1562688000000,27.45,28.259999999999998,27.22,27.349999999999998,20999,58271029.0,0.0,0,27.599999999999998,0
20190711,1562774400000,27.580000000000002,27.810000000000002,26.810000000000002,27.05,19558,53458526.0,0.0,0,27.35,0
20190712,1562860800000,24.35,24.520000000000003,24.35,24.35,32868,80062267.0,0.0,0,27.05,0
20190715,1563120000000,23.560000000000002,25.17,22.71,24.89,76559,182577106.0,0.0,0,24.35,0
20190716,1563206400000,24.900000000000002,24.98,24.28,24.740000000000002,31060,76665576.00000001,0.0,0,24.89,0
20190717,1563292800000,24.98,25.450000000000003,24.67,24.770000000000003,27864,69646334.0,0.0,0,24.740000000000002,0
20190718,1563379200000,24.7,24.990000000000002,23.91,23.98,23469,57280158.0,0.0,0,24.77,0
20190719,1563465600000,24.19,26.38,24.0,26.38,51613,132314956.0,0.0,0,23.98,0
20190722,1563724800000,26.5,26.8,25.45,25.61,48180,125427548.0,0.0,0,26.38,0
20190723,1563811200000,26.240000000000002,26.240000000000002,24.64,25.310000000000002,47318,119000480.0,0.0,0,25.61,0
20190724,1563897600000,25.220000000000002,25.810000000000002,24.87,25.35,38219,96995883.0,0.0,0,25.310000000000002,0
20190725,1563984000000,25.500000000000004,27.400000000000002,25.400000000000002,26.85,49564,132303813.99999999,0.0,0,25.35,0
20190726,1564070400000,26.5,27.2,26.5,26.95,24659,66225094.0,0.0,0,26.85,0
20190729,1564329600000,27.02,27.2,26.16,26.41,25743,68189674.0,0.0,0,26.95,0
20190730,1564416000000,26.419999999999998,27.11,26.29,26.52,20412,54657401.0,0.0,0,26.41,0
20190731,1564502400000,26.34,26.9,26.13,26.349999999999998,17767,47034480.00000001,0.0,0,26.52,0
20190801,1564588800000,26.540000000000003,27.340000000000003,26.080000000000002,27.200000000000003,31046,83266275.0,0.0,0,26.35,0
20190802,1564675200000,26.69,28.09,26.3,28.04,37195,101188151.0,0.0,0,27.2,0
20190805,1564934400000,27.810000000000002,27.92,27.21,27.28,23467,64413567.00000001,0.0,0,28.04,0
20190806,1565020800000,26.47,26.72,25.68,25.81,28849,75142436.00000001,0.0,0,27.28,0
20190807,1565107200000,26.07,26.17,24.55,24.76,28212,71454693.0,0.0,0,25.810000000000002,0
20190808,1565193600000,25.0,26.17,24.75,25.87,29506,75824073.0,0.0,15,24.76,0
20190809,1565280000000,26.1,26.180000000000003,24.650000000000002,24.790000000000003,30334,76612166.00000001,0.0,15,25.87,0
20190812,1565539200000,25.09,25.66,24.35,24.860000000000003,26307,65327766.0,0.0,15,24.790000000000003,0
20190813,1565625600000,24.3,24.84,23.39,23.85,42691,102251627.0,0.0,15,24.86,0
20190814,1565712000000,24.2,25.599999999999998,24.2,24.75,48165,119518185.0,0.0,15,23.849999999999998,0
20190815,1565798400000,24.189999999999998,24.47,23.86,24.37,28236,68055148.0,0.0,15,24.75,0
20190816,1565884800000,24.41,24.68,24.2,24.47,21945,53746662.00000001,0.0,15,24.37,0
20190819,1566144000000,24.770000000000003,25.380000000000003,24.650000000000002,25.380000000000003,35316,88497964.00000001,0.0,15,24.470000000000002,0
20190820,1566230400000,25.35,25.35,24.39,24.47,51868,128803719.00000001,0.0,15,25.38,0
20190821,1566316800000,24.630000000000003,24.700000000000003,24.060000000000002,24.26,35254,85375912.00000001,0.0,15,24.470000000000002,0
20190822,1566403200000,24.19,24.26,23.82,24.09,21383,51405195.00000001,0.0,15,24.26,0
20190823,1566489600000,24.250000000000004,24.26,23.830000000000002,23.900000000000002,19479,46760160.0,0.0,15,24.090000000000003,0
20190826,1566748800000,23.29,23.919999999999998,23.13,23.52,19672,46128872.0,0.0,15,23.9,0
20190827,1566835200000,23.689999999999998,23.86,23.47,23.66,28000,66291515.0,0.0,15,23.52,0
20190828,1566921600000,23.46,23.680000000000003,23.150000000000002,23.450000000000003,20672,48249976.0,0.0,15,23.660000000000004,0
20190829,1567008000000,23.54,23.580000000000002,22.98,23.04,19633,45612649.00000001,0.0,15,23.45,0
20190830,1567094400000,23.180000000000003,23.46,22.830000000000002,22.930000000000003,20709,48033041.0,0.0,15,23.040000000000003,0
20190902,1567353600000,22.88,23.439999999999998,22.7,23.41,19464,45044690.0,0.0,15,22.93,0
20190903,1567440000000,23.380000000000003,23.6,23.12,23.400000000000002,18047,42103757.0,0.0,15,23.41,0
20190904,1567526400000,23.310000000000002,23.45,23.12,23.39,19206,44716169.0,0.0,15,23.400000000000002,0
20190905,1567612800000,23.53,24.51,23.53,24.11,44510,107630958.00000001,0.0,15,23.39,0
20190906,1567699200000,23.99,24.299999999999997,23.97,24.2,23093,55655487.0,0.0,15,24.11,0
20190909,1567958400000,24.18,24.6,23.48,24.44,51419,122955082.00000001,0.0,15,24.2,0
20190910,1568044800000,24.380000000000003,24.66,24.1,24.240000000000002,28126,68373329.0,0.0,15,24.44,0
20190911,1568131200000,24.330000000000002,24.330000000000002,23.78,23.82,22472,54080319.0,0.0,15,24.240000000000002,0
20190912,1568217600000,23.92,24.27,23.91,24.2,18180,43873886.00000001,0.0,15,23.82,0
20190916,1568563200000,24.44,24.44,24.02,24.22,18187,44031138.0,0.0,15,24.2,0
20190917,1568649600000,24.22,24.22,23.54,23.7,22065,52522439.0,0.0,15,24.22,0
20190918,1568736000000,23.84,23.86,23.57,23.8,10303,24459798.0,0.0,15,23.7,0
20190919,1568822400000,23.830000000000002,24.360000000000003,23.740000000000002,24.360000000000003,21265,51253314.00000001,0.0,15,23.8,0
20190920,1568908800000,24.450000000000003,24.470000000000002,24.060000000000002,24.14,16633,40240355.00000001,0.0,15,24.360000000000003,0
20190923,1569168000000,24.19,24.19,23.48,23.59,21236,50239813.00000001,0.0,15,24.14,0
20190924,1569254400000,23.63,23.73,23.38,23.38,16608,39113685.0,0.0,15,23.59,0
20190925,1569340800000,23.36,23.36,22.93,23.23,17011,39412169.0,0.0,15,23.38,0
20190926,1569427200000,23.38,23.900000000000002,23.23,23.7,23636,55829074.00000001,0.0,15,23.23,0
20190927,1569513600000,23.88,23.88,23.41,23.56,11838,27969068.0,0.0,15,23.7,0
20190930,1569772800000,23.38,23.64,22.97,23.16,12595,29312860.0,0.0,15,23.56,0
20191008,1570464000000,23.01,23.39,22.830000000000002,22.91,9843,22653798.000000004,0.0,15,23.16,0
20191009,1570550400000,22.91,23.07,22.81,23.049999999999997,8289,19017877.0,0.0,15,22.91,0
20191010,1570636800000,23.13,25.36,23.05,25.130000000000003,73223,180295808.0,0.0,15,23.05,0
20191011,1570723200000,25.0,26.2,24.72,25.59,72935,186200584.00000003,0.0,15,25.13,0
20191014,1570982400000,25.98,26.97,25.05,26.45,57019,148762511.0,0.0,15,25.59,0
20191015,1571068800000,25.6,27.17,25.51,26.3,76203,201332710.0,0.0,15,26.450000000000003,0
20191016,1571155200000,25.96,26.37,25.7,25.96,29537,76822061.0,0.0,15,26.3,0
20191017,1571241600000,26.150000000000002,26.7,26.05,26.18,21591,56810074.0,0.0,15,25.96,0
20191018,1571328000000,26.48,27.59,26.3,27.1,44135,119372651.0,0.0,15,26.18,0
20191021,1571587200000,26.82,27.64,26.2,26.63,35017,94075123.00000001,0.0,15,27.099999999999998,0
20191022,1571673600000,26.67,26.8,26.25,26.59,21514,57053742.00000001,0.0,15,26.63,0
20191023,1571760000000,26.59,26.79,25.98,26.34,21139,55405067.00000001,0.0,15,26.59,0
20191024,1571846400000,26.320000000000004,26.320000000000004,25.400000000000002,25.680000000000003,16823,43331525.0,0.0,15,26.340000000000003,0
20191025,1571932800000,25.980000000000004,26.790000000000003,25.810000000000002,26.39,29775,78722217.0,0.0,15,25.680000000000003,0
20191028,1572192000000,26.39,26.79,26.21,26.6,16065,42684547.0,0.0,15,26.39,0
20191029,1572278400000,26.560000000000002,26.62,25.580000000000002,25.67,17626,45858442.0,0.0,15,26.6,0
20191030,1572364800000,25.8,26.1,24.900000000000002,25.12,24481,61812305.0,0.0,15,25.67,0
20191031,1572451200000,25.080000000000002,25.490000000000002,24.94,25.25,12691,32038586.0,0.0,15,25.12,0
20191101,1572537600000,25.19,25.5,24.71,25.2,13314,33404930.000000004,0.0,15,25.25,0
20191104,1572796800000,25.26,25.88,24.73,24.92,29406,74399632.0,0.0,15,25.2,0
20191105,1572883200000,24.81,27.41,24.79,27.41,58317,153856176.0,0.0,15,24.919999999999998,0
20191106,1572969600000,27.38,28.14,26.89,27.900000000000002,66741,183949748.0,0.0,15,27.41,0
20191107,1573056000000,27.849999999999998,28.11,27.36,27.71,34838,96457773.0,0.0,15,27.9,0
20191108,1573142400000,28.0,29.6,27.43,28.8,60414,172471549.0,0.0,15,27.71,0
20191111,1573401600000,28.39,28.99,27.45,27.72,37208,104545213.0,0.0,15,28.8,0
20191112,1573488000000,27.500000000000004,27.970000000000002,27.080000000000002,27.76,20530,56579558.0,0.0,15,27.720000000000002,0
20191113,1573574400000,27.52,28.080000000000002,27.41,27.54,16500,45630095.0,0.0,15,27.76,0
20191114,1573660800000,27.64,28.86,27.36,28.66,35156,99309359.0,0.0,15,27.54,0
20191115,1573747200000,28.3,29.189999999999998,28.13,28.4,25412,72856228.0,0.0,15,28.66,0
20191118,1574006400000,28.3,29.65,27.41,29.4,30762,89366560.0,0.0,15,28.4,0
20191119,1574092800000,29.150000000000002,29.94,29.01,29.400000000000002,22892,67222508.0,0.0,15,29.400000000000002,0
20191120,1574179200000,29.580000000000002,29.590000000000003,28.51,28.51,24903,72099592.0,0.0,15,29.400000000000002,0
20191121,1574265600000,28.53,28.880000000000003,28.03,28.28,15529,44050193.99999999,0.0,15,28.51,0
20191122,1574352000000,28.36,29.4,28.29,28.39,25292,73004575.00000001,0.0,15,28.279999999999998,0
20191125,1574611200000,28.580000000000002,29.25,28.57,28.93,20317,58847771.00000001,0.0,15,28.39,0
20191126,1574697600000,28.8,29.94,28.8,29.76,30370,89853761.0,0.0,15,28.93,0
20191127,1574784000000,29.66,30.76,29.3,30.6,35025,106468397.0,0.0,15,29.76,0
20191128,1574870400000,30.4,30.65,29.41,29.57,29465,87688432.00000001,0.0,15,30.6,0
20191129,1574956800000,29.21,30.18,29.21,29.7,16718,49554083.00000001,0.0,15,29.57,0
20191202,1575216000000,29.560000000000002,29.85,27.71,27.93,29424,84398652.0,0.0,15,29.7,0
20191203,1575302400000,27.900000000000002,30.720000000000002,27.87,30.01,52781,156777197.00000003,0.0,15,27.93,0
20191204,1575388800000,29.58,29.849999999999998,28.04,29.46,53311,154069456.0,0.0,15,30.009999999999998,0
20191205,1575475200000,28.99,28.99,28.13,28.54,36751,104673870.0,0.0,15,29.46,0
20191206,1575561600000,28.330000000000002,28.6,27.6,27.6,35780,99536322.0,0.0,15,28.540000000000003,0
20191209,1575820800000,27.78,27.81,26.75,27.21,38201,104108272.0,0.0,15,27.6,0
20191210,1575907200000,26.94,27.65,26.91,27.48,24962,68238930.0,0.0,15,27.21,0
20191211,1575993600000,27.3,27.82,27.29,27.34,19853,54561589.0,0.0,15,27.48,0
20191212,1576080000000,27.4,27.41,26.86,27.14,18670,50507061.00000001,0.0,15,27.34,0
20191213,1576166400000,27.31,27.68,26.93,27.419999999999998,25978,70894159.0,0.0,15,27.14,0
20191216,1576425600000,27.42,27.94,27.1,27.73,31800,87412678.0,0.0,15,27.42,0
20191217,1576512000000,27.68,27.84,27.1,27.57,40862,112286525.0,0.0,15,27.73,0
20191218,1576598400000,27.49,27.57,26.7,26.72,38578,104765607.0,0.0,15,27.57,0
20191219,1576684800000,26.750000000000004,27.250000000000004,26.400000000000002,27.090000000000003,35708,96023844.99999999,0.0,15,26.720000000000002,0
20191220,1576771200000,27.24,28.16,27.04,27.91,50669,140758025.0,0.0,15,27.09,0
20191223,1577030400000,28.3,29.47,28.16,28.49,60846,175388942.0,0.0,15,27.91,0
20191224,1577116800000,28.6,28.790000000000003,28.240000000000002,28.610000000000003,29929,85223603.0,0.0,15,28.490000000000002,0
20191225,1577203200000,28.520000000000003,28.55,27.85,28.19,39282,110670211.0,0.0,15,28.610000000000003,0
20191226,1577289600000,28.19,28.98,27.98,28.85,34249,97360318.0,0.0,15,28.19,0
20191227,1577376000000,28.860000000000003,29.05,28.060000000000002,28.130000000000003,23960,68447947.0,0.0,15,28.85,0
20191230,1577635200000,28.01,28.3,26.810000000000002,27.900000000000002,27254,75334555.0,0.0,15,28.130000000000003,0
20191231,1577721600000,27.78,28.05,27.39,27.650000000000002,22745,62853845.0,0.0,15,27.900000000000002,0
20200102,1577894400000,27.75,28.3,27.6,28.1,29492,82487991.00000001,0.0,15,27.650000000000002,0
20200103,1577980800000,27.6,27.87,26.400000000000002,27.430000000000003,70209,190632840.00000003,0.0,15,28.1,0
20200106,1578240000000,27.32,27.64,26.98,27.04,29355,80013540.00000001,0.0,15,27.43,0
20200107,1578326400000,27.25,27.59,26.8,27.42,31845,86603560.0,0.0,15,27.04,0
20200108,1578412800000,27.480000000000004,27.490000000000002,26.560000000000002,26.67,28338,76332093.0,0.0,15,27.42,0
20200109,1578499200000,26.88,27.25,26.7,27.099999999999998,26364,71018300.0,0.0,15,26.669999999999998,0
20200110,1578585600000,27.200000000000003,27.87,26.76,27.71,32074,87553894.0,0.0,15,27.1,0
20200113,1578844800000,27.5,28.46,27.21,28.25,33227,92966104.0,0.0,15,27.71,0
20200114,1578931200000,28.040000000000003,28.450000000000003,27.810000000000002,27.860000000000003,26163,73456200.0,0.0,15,28.250000000000004,0
20200115,1579017600000,27.86,28.29,27.54,28.25,20362,57038908.0,0.0,15,27.86,0
20200116,1579104000000,28.18,28.35,27.91,28.21,12213,34283075.0,0.0,15,28.25,0
20200117,1579190400000,28.16,28.470000000000002,27.71,28.2,19388,54456100.0,0.0,15,28.21,0
20200120,1579449600000,28.080000000000002,28.69,28.07,28.54,21756,61972353.0,0.0,15,28.2,0
20200121,1579536000000,28.59,29.03,28.0,28.89,27686,79196695.0,0.0,15,28.54,0
20200122,1579622400000,28.330000000000002,28.62,27.91,28.330000000000002,20752,58680776.00000001,0.0,15,28.89,0
20200123,1579708800000,28.42,28.42,25.85,26.400000000000002,31750,85858363.0,0.0,15,28.330000000000002,0
20200203,1580659200000,23.76,23.76,23.76,23.76,6078,14441328.0,0.0,15,26.400000000000002,0
20200204,1580745600000,21.8,23.48,21.8,23.32,32055,73866135.0,0.0,15,23.76,0
20200205,1580832000000,23.5,24.57,23.5,23.88,19115,46080078.0,0.0,15,23.32,0
20200206,1580918400000,24.28,24.49,23.86,24.31,16826,40934372.0,0.0,15,23.88,0
20200207,1581004800000,24.43,24.6,23.71,24.09,16147,38885571.99999999,0.0,15,24.310000000000002,0
20200210,1581264000000,23.86,25.47,23.27,25.18,36813,89778637.0,0.0,15,24.09,0
20200211,1581350400000,25.16,26.15,24.72,25.72,30116,76392167.00000001,0.0,15,25.18,0
20200212,1581436800000,25.700000000000003,26.28,25.330000000000002,25.720000000000002,19039,49134200.00000001,0.0,15,25.720000000000002,0
20200213,1581523200000,26.01,27.6,26.01,26.680000000000003,36462,98354861.0,0.0,15,25.720000000000002,0
20200214,1581609600000,26.43,27.299999999999997,26.13,26.9,31206,83118261.0,0.0,15,26.68,0
20200217,1581868800000,27.8,28.49,27.77,28.37,51254,144348141.0,0.0,15,26.9,0
20200218,1581955200000,27.8,27.8,26.84,27.21,48511,131588122.0,0.0,15,28.37,0
20200219,1582041600000,27.000000000000004,27.03,26.400000000000002,26.520000000000003,28396,75530834.0,0.0,15,27.21,0
20200220,1582128000000,26.53,26.94,26.16,26.52,28411,75030946.0,0.0,15,26.52,0
20200221,1582214400000,26.4,27.04,26.22,26.9,34440,91793155.0,0.0,15,26.52,0
20200224,1582473600000,26.950000000000003,27.080000000000002,26.330000000000002,26.82,23509,63019752.0,0.0,15,26.900000000000002,0
20200225,1582560000000,25.9,26.59,25.7,26.09,26150,68401573.0,0.0,15,26.82,0
20200226,1582646400000,25.810000000000002,26.53,25.71,25.87,23072,60316247.0,0.0,15,26.09,0
20200227,1582732800000,25.86,26.22,25.82,25.94,10995,28624770.0,0.0,15,25.87,0
20200228,1582819200000,25.400000000000002,25.560000000000002,24.44,24.44,21109,52808234.0,0.0,15,25.94,0
20200302,1583078400000,24.51,25.8,24.51,25.41,14367,36428479.00000001,0.0,15,24.44,0
20200303,1583164800000,25.82,26.53,25.7,26.08,19127,49958548.0,0.0,15,25.41,0
20200304,1583251200000,25.89,26.98,25.8,26.93,25760,68498503.0,0.0,15,26.080000000000002,0
20200305,1583337600000,26.95,28.54,26.75,27.7,38982,107459354.0,0.0,15,26.93,0
20200306,1583424000000,28.1,29.09,28.1,28.44,39920,114460239.0,0.0,15,27.700000000000003,0
20200309,1583683200000,27.95,29.28,27.5,28.4,34387,97030765.0,0.0,15,28.44,0
20200310,1583769600000,28.06,29.0,27.02,28.27,25635,71576174.00000001,0.0,15,28.4,0
20200311,1583856000000,28.5,28.88,28.09,28.26,21168,60156087.00000001,0.0,15,28.27,0
20200312,1583942400000,28.0,28.0,26.88,27.05,17009,46322478.0,0.0,15,28.259999999999998,0
20200313,1584028800000,25.6,26.900000000000002,25.26,26.340000000000003,19896,51826634.00000001,0.0,15,27.05,0
20200316,1584288000000,26.400000000000002,26.5,24.01,24.080000000000002,35389,88861168.0,0.0,15,26.340000000000003,0
20200317,1584374400000,24.3,24.6,22.43,23.61,31009,72001421.00000001,0.0,15,24.08,0
20200318,1584460800000,23.89,24.57,23.3,23.720000000000002,19565,46991129.0,0.0,15,23.61,0
20200319,1584547200000,23.63,24.330000000000002,22.64,23.44,26746,62219816.0,0.0,15,23.72,0
20200320,1584633600000,24.2,25.78,24.16,25.78,43346,110538809.0,0.0,15,23.44,0
20200323,1584892800000,25.25,26.8,25.02,25.74,44948,117383701.0,0.0,15,25.78,0
20200324,1584979200000,26.35,27.23,25.73,26.990000000000002,27192,72203958.0,0.0,15,25.740000000000002,0
20200325,1585065600000,27.6,27.6,26.52,27.07,22304,60232736.0,0.0,15,26.99,0
20200326,1585152000000,27.180000000000003,28.040000000000003,26.810000000000002,27.720000000000002,27514,76075784.0,0.0,15,27.070000000000004,0
20200327,1585238400000,28.040000000000003,28.090000000000003,27.400000000000002,27.51,22639,62735963.0,0.0,15,27.720000000000002,0
20200330,1585497600000,27.520000000000003,27.740000000000002,26.490000000000002,27.51,14235,38766775.0,0.0,15,27.51,0
20200331,1585584000000,27.740000000000002,28.28,27.23,28.05,19381,54103007.0,0.0,15,27.51,0
20200401,1585670400000,27.83,28.1,26.75,26.84,22050,59856305.0,0.0,15,28.05,0
20200402,1585756800000,26.900000000000002,27.380000000000003,26.35,27.270000000000003,14398,38874548.0,0.0,15,26.84,0
20200403,1585843200000,27.28,28.180000000000003,26.990000000000002,27.290000000000003,19942,55314144.00000001,0.0,15,27.270000000000003,0
20200407,1586188800000,27.900000000000002,28.93,27.76,28.6,27413,77942463.0,0.0,15,27.290000000000003,0
20200408,1586275200000,28.73,28.93,27.8,27.95,19177,54163551.00000001,0.0,15,28.6,0
20200409,1586361600000,28.09,28.490000000000002,27.71,28.48,16699,46951939.0,0.0,15,27.95,0
20200410,1586448000000,28.220000000000002,28.39,27.28,27.650000000000002,14344,39810180.0,0.0,15,28.48,0
20200413,1586707200000,27.650000000000002,29.980000000000004,27.650000000000002,29.660000000000004,53711,158075364.0,0.0,15,27.650000000000002,0
20200414,1586793600000,29.61,30.65,29.43,30.37,45260,136674048.0,0.0,15,29.66,0
20200415,1586880000000,30.360000000000003,30.53,29.44,29.55,24988,74886426.0,0.0,15,30.37,0
20200416,1586966400000,29.590000000000003,29.970000000000002,29.060000000000002,29.28,17444,51255985.0,0.0,15,29.55,0
20200417,1587052800000,29.5,29.94,28.51,28.59,21420,62000287.00000001,0.0,15,29.28,0
20200420,1587312000000,28.599999999999998,30.09,28.29,29.83,26886,78986134.00000001,0.0,15,28.59,0
20200421,1587398400000,29.82,30.349999999999998,29.45,30.07,19602,58481756.0,0.0,15,29.83,0
20200422,1587484800000,30.6,33.08,30.6,33.07,63476,204755591.0,0.0,15,30.07,0
20200423,1587571200000,32.50000000000001,33.690000000000005,32.160000000000004,32.67,49612,163182708.0,0.0,15,33.07,0
20200424,1587657600000,32.7,33.300000000000004,31.92,32.190000000000005,31810,103388593.0,0.0,15,32.370000000000005,0
20200427,1587916800000,32.31,32.940000000000005,31.990000000000002,32.300000000000004,19632,63479557.0,0.0,15,32.190000000000005,0
20200428,1588003200000,31.98,31.990000000000002,29.3,30.880000000000003,46146,142505956.0,0.0,15,32.3,0
20200429,1588089600000,30.880000000000003,32.15,30.42,31.200000000000003,36465,113972030.00000001,0.0,15,30.880000000000003,0
20200430,1588176000000,31.5,31.560000000000002,30.55,30.71,23763,73529829.0,0.0,15,31.2,0
20200506,1588694400000,30.21,30.900000000000002,29.900000000000002,30.3,19689,59691783.00000001,0.0,15,30.71,0
20200507,1588780800000,30.3,31.98,30.12,30.76,31693,98223752.0,0.0,15,30.3,0
20200508,1588867200000,30.71,31.200000000000003,30.26,30.900000000000002,34173,104834890.00000001,0.0,15,30.76,0
20200511,1589126400000,31.18,32.37,31.05,31.650000000000002,37271,118302100.99999999,0.0,15,30.900000000000002,0
20200512,1589212800000,31.52,31.88,31.18,31.75,16311,51428646.00000001,0.0,15,31.65,0
20200513,1589299200000,31.51,31.76,30.830000000000002,31.340000000000003,20784,64835592.0,0.0,15,31.750000000000004,0
20200514,1589385600000,31.07,31.200000000000003,30.67,30.740000000000002,13832,42778374.0,0.0,15,31.340000000000003,0
20200515,1589472000000,30.84,31.1,29.8,29.84,24866,74879443.0,0.0,15,30.740000000000002,0
20200518,1589731200000,29.84,29.84,28.88,28.88,25816,75499732.0,0.0,15,29.84,0
20200519,1589817600000,29.200000000000003,29.450000000000003,29.01,29.270000000000003,14419,42149391.0,0.0,15,28.880000000000003,0
20200520,1589904000000,29.26,29.450000000000003,28.51,28.85,10722,31087287.0,0.0,15,29.270000000000003,0
20200521,1589990400000,28.86,29.37,28.68,28.8,12184,35212860.0,0.0,15,28.85,0
20200522,1590076800000,28.740000000000002,28.86,28.07,28.28,12460,35399280.00000001,0.0,15,28.8,0
20200525,1590336000000,28.16,28.45,27.72,27.95,11121,31085164.0,0.0,15,28.279999999999998,0
20200526,1590422400000,28.3,28.8,28.09,28.64,12919,36767593.0,0.0,15,27.95,0
20200527,1590508800000,28.7,29.35,28.57,28.73,14758,42734033.0,0.0,15,28.64,0
20200528,1590595200000,28.89,29.1,27.57,28.0,18381,51723690.0,0.0,15,28.73,0
20200529,1590681600000,28.25,28.26,27.5,28.18,23012,63982337.0,0.0,15,28.0,0
20200601,1590940800000,28.430000000000003,31.0,28.42,31.0,52164,158554379.0,0.0,15,28.180000000000003,0
20200602,1591027200000,31.46,32.2,30.66,31.8,41892,131449416.0,0.0,15,31.0,0
20200603,1591113600000,32.17,34.5,31.8,33.93,50364,168614072.0,0.0,15,31.8,0
20200604,1591200000000,33.93,34.93,33.6,34.11,31021,106137037.0,0.0,15,33.93,0
20200605,1591286400000,34.53,34.53,33.1,33.620000000000005,28312,95331851.0,0.0,15,34.11,0
20200608,1591545600000,33.83,34.480000000000004,32.6,33.59,26581,89656989.00000001,0.0,15,33.620000000000005,0
20200609,1591632000000,34.0,35.800000000000004,33.63,34.480000000000004,41090,143116016.00000003,0.0,15,33.59,0
20200610,1591718400000,34.769999999999996,35.76,34.4,35.379999999999995,21976,77310586.0,0.0,15,34.48,0
20200611,1591804800000,35.3,35.64,34.32,35.03,15814,55299576.00000001,0.0,15,35.38,0
20200612,1591891200000,34.98,36.05,34.0,35.81,26277,92125443.0,0.0,15,35.03,0
20200615,1592150400000,35.34,37.36000000000001,35.34,36.45,27277,99243152.99999999,0.0,15,35.81,0
20200616,1592236800000,36.8,37.78,36.11,37.25,19293,71226559.0,0.0,15,36.45,0
20200617,1592323200000,37.550000000000004,38.09,36.63,37.35,14512,54111508.0,0.0,15,37.25,0
20200618,1592409600000,37.35,38.25,36.76,37.339999999999996,19678,73412024.0,0.0,15,37.35,0
20200619,1592496000000,37.2,37.550000000000004,36.81,37.2,22615,83892515.0,0.0,15,37.34,0
20200622,1592755200000,37.42,38.43,36.67,36.9,13271,49298142.00000001,0.0,15,37.2,0
20200623,1592841600000,37.04,37.58,36.68,37.05,11864,44052890.0,0.0,15,36.9,0
20200624,1592928000000,37.2,38.050000000000004,36.71,36.95,13323,49667228.99999999,0.0,15,37.050000000000004,0
20200629,1593360000000,37.38,38.88,36.61,37.98,23748,89915948.0,0.0,15,36.95,0
20200630,1593446400000,38.1,40.370000000000005,38.1,39.49,22893,90160759.0,0.0,15,37.980000000000004,0
20200701,1593532800000,39.49,40.66,38.9,39.91,20096,79543362.00000001,0.0,15,39.49,0
20200702,1593619200000,39.89,40.24,39.230000000000004,39.800000000000004,16250,64470522.0,0.0,15,39.910000000000004,0
20200703,1593705600000,39.88,41.800000000000004,39.42,41.7,17773,72750462.0,0.0,15,39.800000000000004,0
20200706,1593964800000,42.08,43.35,40.36,40.93,32038,133459467.0,0.0,15,41.7,0
20200707,1594051200000,41.48,41.78,38.83,40.629999999999995,46816,186315156.0,0.0,15,40.93,0
20200708,1594137600000,40.0,42.94,39.85,42.19,29891,123743215.0,0.0,15,40.63,0
20200709,1594224000000,42.19,43.88,42.0,43.85,26453,114169558.00000001,0.0,15,42.19,0
20200710,1594310400000,43.870000000000005,45.85,43.28,44.82,22917,102276021.00000001,0.0,15,43.85,0
20200713,1594569600000,44.800000000000004,45.93,44.24,45.2,21774,98265826.0,0.0,15,44.82,0
20200714,1594656000000,44.64,47.88,43.660000000000004,47.36000000000001,32033,146699029.99999997,0.0,15,45.2,0
20200715,1594742400000,47.7,48.09,45.7,46.7,25089,117186533.0,0.0,15,47.36,0
20200716,1594828800000,47.02,48.35,44.49,44.550000000000004,21092,97514235.0,0.0,15,46.7,0
20200717,1594915200000,44.1,46.50000000000001,42.550000000000004,45.61000000000001,24654,111215888.0,0.0,15,44.550000000000004,0
20200720,1595174400000,46.580000000000005,47.84,45.050000000000004,45.84,30073,139037582.00000003,0.0,15,45.61000000000001,0
20200721,1595260800000,45.84,46.94,45.57,46.67,13687,63323682.0,0.0,15,45.84,0
20200722,1595347200000,46.88,49.51,45.46,45.97,25670,121316111.0,0.0,15,46.67,0
20200723,1595433600000,45.410000000000004,47.35,44.82,45.67,22685,104242921.99999999,0.0,15,45.97,0
20200724,1595520000000,45.67,46.47,43.86,44.72,19966,89809014.0,0.0,15,45.67,0
20200727,1595779200000,46.0,49.010000000000005,45.2,46.18,60582,285410006.0,0.0,15,44.720000000000006,0
20200728,1595865600000,47.42,48.5,45.61,48.43,39463,186695111.0,0.0,15,46.18,0
20200729,1595952000000,49.34,52.800000000000004,48.52,52.400000000000006,57926,297971368.0,0.0,15,48.43,0
20200730,1596038400000,52.510000000000005,52.81,50.81,51.59,38829,200772535.00000003,0.0,15,52.400000000000006,0
20200731,1596124800000,51.6,53.68,50.9,51.699999999999996,33984,176920018.00000003,0.0,15,51.589999999999996,0
20200803,1596384000000,52.38,54.6,51.64,51.95,35904,188613216.00000003,0.0,15,51.7,0
20200804,1596470400000,51.970000000000006,52.88,51.02,51.7,21540,111294223.0,0.0,15,51.95,0
20200805,1596556800000,51.68,52.61,50.99,51.660000000000004,21270,109838856.00000001,0.0,15,51.7,0
20200806,1596643200000,51.199999999999996,52.0,48.26,49.989999999999995,41326,205854552.0,0.0,15,51.66,0
20200807,1596729600000,49.85,53.2,47.5,48.56,33289,165286727.0,0.0,15,49.99,0
20200810,1596988800000,48.9,49.44,45.08,49.0,41470,195591191.0,0.0,15,48.559999999999995,0
20200811,1597075200000,48.879999999999995,48.879999999999995,45.87,46.0,26962,127029470.0,0.0,15,49.0,0
20200812,1597161600000,46.0,48.17,43.9,45.01,30041,136526279.0,0.0,15,46.0,0
20200813,1597248000000,45.18,46.66,44.61,46.13,14445,65922421.00000001,0.0,15,45.01,0
20200814,1597334400000,45.78,48.8,45.65,48.47,20808,99057967.0,0.0,15,46.129999999999995,0
20200817,1597593600000,48.24,49.260000000000005,47.6,47.99,16861,81322483.00000001,0.0,15,48.47,0
20200818,1597680000000,48.61,51.78,47.61,50.2,25992,130195054.0,0.0,15,47.99,0
20200819,1597766400000,50.300000000000004,50.99,48.71,48.800000000000004,14539,72416530.0,0.0,15,50.2,0
20200820,1597852800000,48.4,49.01,46.18,46.71,13743,65131481.0,0.0,15,48.8,0
20200821,1597939200000,46.93,49.550000000000004,46.53,47.33,16017,76118890.00000001,0.0,15,46.71,0
20200824,1598198400000,47.0,48.74,46.22,48.28,13528,64217138.0,0.0,15,47.33,0
20200825,1598284800000,48.38,50.06,47.88,48.1,16123,79416892.99999999,0.0,15,48.28,0
20200826,1598371200000,48.41,48.62,45.68,46.15,16892,79057260.00000001,0.0,15,48.1,0
20200827,1598457600000,46.150000000000006,46.93000000000001,45.84,46.730000000000004,7548,35111093.0,0.0,15,46.150000000000006,0
20200828,1598544000000,46.3,47.83,46.0,47.41,9527,44847487.0,0.0,15,46.73,0
20200831,1598803200000,47.129999999999995,49.629999999999995,47.01,48.41,17186,83032657.0,0.0,15,47.41,0
20200901,1598889600000,47.589999999999996,50.35,47.58,49.85,17447,86237479.0,0.0,15,48.41,0
20200902,1598976000000,50.269999999999996,51.36,48.58,49.199999999999996,14530,72399440.00000001,0.0,15,49.85,0
20200903,1599062400000,49.21,50.7,47.95,48.64,14330,70727137.0,0.0,15,49.2,0
20200904,1599148800000,47.660000000000004,49.19,47.21,48.7,10904,52462070.00000001,0.0,15,48.64,0
20200907,1599408000000,48.21,51.2,48.21,48.85,22713,113393111.0,0.0,15,48.7,0
20200908,1599494400000,49.11,49.96,47.0,47.29,19617,94995171.00000001,0.0,15,48.85,0
20200909,1599580800000,47.28,47.580000000000005,43.550000000000004,44.540000000000006,25343,114419393.0,0.0,15,47.290000000000006,0
20200910,1599667200000,44.41,45.36,42.0,42.71,12273,54038062.0,0.0,15,44.54,0
20200911,1599753600000,41.71,43.88,41.71,43.550000000000004,10260,44359360.0,0.0,15,42.71,0
20200914,1600012800000,43.56,44.230000000000004,42.49,43.49,10150,43868840.0,0.0,15,43.550000000000004,0
20200915,1600099200000,44.43,44.43,42.29,43.66,8138,35049534.99999999,0.0,15,43.49,0
20200916,1600185600000,43.66,44.0,42.61,43.18,6482,27917879.000000004,0.0,15,43.66,0
20200917,1600272000000,43.14,45.0,42.63,44.550000000000004,12737,56129245.00000001,0.0,15,43.18,0
20200918,1600358400000,44.14,45.8,44.14,44.93,7423,33467867.0,0.0,15,44.55,0
20200921,1600617600000,44.78,44.99,43.36,43.6,8494,37301766.0,0.0,15,44.93,0
20200922,1600704000000,43.51,43.51,42.0,42.49,17091,72874041.0,0.0,15,43.6,0
20200923,1600790400000,42.58,43.339999999999996,42.11,42.39,11909,50756881.0,0.0,15,42.49,0
20200924,1600876800000,41.9,41.96,39.53,39.92,32515,130909762.00000001,0.0,15,42.39,0
20200925,1600963200000,40.46,40.94,39.62,39.98,17447,70264077.0,0.0,15,39.919999999999995,0
20200928,1601222400000,40.36000000000001,41.49,39.800000000000004,40.06,13085,52847740.0,0.0,15,39.980000000000004,0
20200929,1601308800000,40.47,41.38,39.18,40.74,13527,55226259.0,0.0,15,40.06,0
20200930,1601395200000,41.3,41.78,40.75,41.38,13308,54905275.0,0.0,15,40.74,0
20201009,1602172800000,41.95,42.75,40.88,41.300000000000004,15307,63718059.0,0.0,15,41.38,0
20201012,1602432000000,41.5,41.5,39.33,40.17,51563,206412164.0,0.0,15,41.3,0
20201013,1602518400000,40.14,40.150000000000006,38.81,39.400000000000006,30269,118909308.0,0.0,15,40.17,0
20201014,1602604800000,39.480000000000004,39.77,37.980000000000004,38.07000000000001,43610,168146217.0,0.0,15,39.400000000000006,0
20201015,1602691200000,38.09,38.4,37.07,37.29,24793,93872311.00000001,0.0,15,38.07,0
20201016,1602777600000,37.5,37.660000000000004,36.71,37.08,22128,81895184.0,0.0,15,37.29,0
20201019,1603036800000,37.5,37.56,35.84,35.980000000000004,37368,135857958.0,0.0,15,37.080000000000005,0
20201020,1603123200000,36.0,36.32,35.54,35.98,32377,116418628.0,0.0,15,35.98,0
20201021,1603209600000,36.13,36.58,35.54,36.4,28115,101558414.00000001,0.0,15,35.98,0
20201022,1603296000000,35.220000000000006,37.75000000000001,33.980000000000004,36.900000000000006,87261,317453037.0,0.0,15,36.400000000000006,0
20201023,1603382400000,36.92,37.620000000000005,36.13,36.800000000000004,37196,137256406.0,0.0,15,36.900000000000006,0
20201026,1603641600000,36.13,39.06,35.800000000000004,37.59,50654,191867997.0,0.0,15,36.800000000000004,0
20201027,1603728000000,38.00000000000001,38.43000000000001,36.910000000000004,38.2,29810,112937154.0,0.0,15,37.59,0
20201028,1603814400000,38.199999999999996,38.599999999999994,37.44,37.599999999999994,28753,109057912.0,0.0,15,38.199999999999996,0
20201029,1603900800000,37.120000000000005,38.24,36.78,37.1,26983,101106921.99999999,0.0,15,37.6,0
20201030,1603987200000,37.1,37.4,36.01,36.32,24737,90812995.0,0.0,15,37.1,0
20201102,1604246400000,36.82,38.3,36.51,37.82,28065,104966180.0,0.0,15,36.32,0
20201103,1604332800000,38.34,38.34,36.88,37.24,24002,89624809.0,0.0,15,37.82,0
20201104,1604419200000,37.230000000000004,37.31,36.2,36.6,19604,71714847.99999999,0.0,15,37.24,0
20201105,1604505600000,36.84,37.5,36.13,36.77,18638,68501205.0,0.0,15,36.6,0
20201106,1604592000000,36.910000000000004,37.0,34.96,35.1,27485,98155014.0,0.0,15,36.77,0
20201109,1604851200000,35.11,37.6,35.11,37.269999999999996,36552,134804538.0,0.0,15,35.1,0
20201110,1604937600000,37.650000000000006,37.81,36.52,36.720000000000006,23530,87395278.0,0.0,15,37.27,0
20201111,1605024000000,36.65,37.0,35.69,35.989999999999995,15446,55884848.0,0.0,15,36.72,0
20201112,1605110400000,35.72,37.0,35.58,36.42,18453,67039764.0,0.0,15,35.989999999999995,0
20201113,1605196800000,36.42,37.1,36.17,36.53,13578,49707050.0,0.0,15,36.42,0
20201116,1605456000000,36.7,38.25,35.95,37.57,30757,114675059.0,0.0,15,36.53,0
20201117,1605542400000,37.59,38.480000000000004,36.21,36.58,33940,127011563.00000001,0.0,15,37.57,0
20201118,1605628800000,36.5,37.09,35.52,35.81,24356,87950631.0,0.0,15,36.580000000000005,0
20201119,1605715200000,35.86,36.14,35.5,35.91,16944,60632526.0,0.0,15,35.81,0
20201120,1605801600000,35.73,35.91,35.5,35.7,11839,42228852.0,0.0,15,35.91,0
20201123,1606060800000,35.980000000000004,39.230000000000004,35.550000000000004,37.980000000000004,42405,159071513.00000003,0.0,15,35.7,0
20201124,1606147200000,38.39,38.6,37.22,37.81,20348,76530507.0,0.0,15,37.98,0
20201125,1606233600000,37.79,38.85,37.35,37.99,28505,108448369.0,0.0,15,37.81,0
20201126,1606320000000,38.0,40.63,37.6,39.22,41093,160525000.0,0.0,15,37.99,0
20201127,1606406400000,39.2,39.97,38.75,39.85,31454,124447687.00000001,0.0,15,39.22,0
20201130,1606665600000,39.58,40.59,38.82,39.87,27572,109807126.00000001,0.0,15,39.85,0
20201201,1606752000000,39.50000000000001,40.190000000000005,38.410000000000004,39.050000000000004,30129,117577734.0,0.0,15,39.870000000000005,0
20201202,1606838400000,38.85,40.47,38.65,40.15,23468,93708484.0,0.0,15,39.05,0
20201203,1606924800000,40.25000000000001,40.38,39.230000000000004,39.400000000000006,12859,50895397.0,0.0,15,40.150000000000006,0
20201204,1607011200000,39.4,39.84,38.78,39.18,11953,46895316.0,0.0,15,39.4,0
20201207,1607270400000,39.010000000000005,41.5,38.45,40.410000000000004,27660,110463426.0,0.0,15,39.18,0
20201208,1607356800000,39.980000000000004,40.290000000000006,39.52,40.160000000000004,16432,65582723.0,0.0,15,40.410000000000004,0
20201209,1607443200000,40.190000000000005,40.68,38.6,38.88,12729,50262571.0,0.0,15,40.160000000000004,0
20201210,1607529600000,38.65,39.199999999999996,38.22,38.83,8095,31381198.0,0.0,15,38.879999999999995,0
20201211,1607616000000,39.06,39.17,36.53,37.06,16922,63229374.0,0.0,15,38.83,0
20201214,1607875200000,37.050000000000004,37.5,36.2,37.07,10633,39179729.99999999,0.0,15,37.06,0
20201215,1607961600000,37.08,37.63,36.5,36.77,9426,34809440.0,0.0,15,37.07,0
20201216,1608048000000,36.55,37.05,36.11,36.68,7259,26560786.0,0.0,15,36.769999999999996,0
20201217,1608134400000,36.33,36.949999999999996,36.01,36.8,9594,34903668.0,0.0,15,36.68,0
20201218,1608220800000,36.5,36.88,36.29,36.41,6507,23731253.0,0.0,15,36.8,0
20201221,1608480000000,36.25,37.45,35.88,37.0,14716,53955512.99999999,0.0,15,36.410000000000004,0
20201222,1608566400000,36.720000000000006,36.89000000000001,35.050000000000004,35.75000000000001,22529,80882504.0,0.0,15,37.00000000000001,0
20201223,1608652800000,35.5,37.15,35.5,36.9,12957,47301934.0,0.0,15,35.75,0
20201224,1608739200000,36.9,37.77,36.67,37.120000000000005,13363,49835579.99999999,0.0,15,36.9,0
20201225,1608825600000,37.42,37.83,36.5,37.7,11880,44244104.0,0.0,15,37.12,0
20201228,1609084800000,37.410000000000004,38.81,37.410000000000004,38.13,13648,52083341.0,0.0,15,37.7,0
20201229,1609171200000,38.010000000000005,38.93,37.67,37.93,10968,42084081.0,0.0,15,38.13,0
20201230,1609257600000,38.00000000000001,38.900000000000006,37.910000000000004,38.52,13201,50762906.99999999,0.0,15,37.93000000000001,0
20201231,1609344000000,38.5,38.5,36.75,38.4,26851,101470914.99999999,0.0,15,38.52,0
20210104,1609689600000,38.480000000000004,39.56,37.78,38.980000000000004,30687,118532425.0,0.0,15,38.4,0
20210105,1609776000000,38.0,39.25,37.2,39.2,32854,126014291.00000001,0.0,15,38.980000000000004,0
20210106,1609862400000,39.02,39.53,36.42,37.690000000000005,30078,114487625.00000001,0.0,15,39.2,0
20210107,1609948800000,37.64,37.83,35.85,36.04,21910,79884533.0,0.0,15,37.690000000000005,0
20210108,1610035200000,36.13,36.67,35.0,35.9,17876,64207336.0,0.0,15,36.04,0
20210111,1610294400000,36.15,36.68,35.72,36.28,15745,56854486.00000001,0.0,15,35.9,0
20210112,1610380800000,36.0,37.1,35.5,36.54,11465,41859367.0,0.0,15,36.28,0
20210113,1610467200000,36.550000000000004,36.84,34.800000000000004,34.800000000000004,15511,54943137.0,0.0,15,36.540000000000006,0
20210114,1610553600000,34.61,34.65,31.85,33.0,32639,107172381.99999999,0.0,15,34.800000000000004,0
20210115,1610640000000,32.79,34.2,32.6,33.85,10841,36608680.0,0.0,15,33.0,0
20210118,1610899200000,33.84,36.56,33.64,36.51,18544,65959097.0,0.0,15,33.85,0
20210119,1610985600000,36.51,37.48,35.4,35.47,16244,59098616.0,0.0,15,36.51,0
20210120,1611072000000,35.43,36.13,35.17,35.38,10132,35989957.0,0.0,15,35.47,0
20210121,1611158400000,35.33,36.99,35.11,36.4,11829,42706300.0,0.0,15,35.38,0
20210122,1611244800000,36.4,36.98,35.65,35.98,9194,33167520.0,0.0,15,36.4,0
20210125,1611504000000,35.800000000000004,36.25,34.17,35.13,17789,61981236.00000001,0.0,15,35.980000000000004,0
20210126,1611590400000,35.8,35.8,33.87,33.879999999999995,12513,42788381.0,0.0,15,35.129999999999995,0
20210127,1611676800000,33.879999999999995,34.65,33.37,34.129999999999995,11803,40195724.0,0.0,15,33.879999999999995,0
20210128,1611763200000,34.0,34.18,33.07,33.160000000000004,6705,22425028.999999996,0.0,15,34.13,0
20210129,1611849600000,33.33,33.6,32.0,32.5,13325,43700708.0,0.0,15,33.16,0
20210201,1612108800000,32.2,34.6,31.93,34.13,9593,32175083.000000004,0.0,15,32.5,0
20210202,1612195200000,34.38,36.2,33.92,36.13,16170,57359842.00000001,0.0,15,34.13,0
20210203,1612281600000,35.88,36.38,35.61,35.86,8214,29516121.0,0.0,15,36.13,0
20210204,1612368000000,35.85,35.85,34.0,34.83,12845,44685089.0,0.0,15,35.86,0
20210205,1612454400000,34.71,35.2,33.88,34.0,9071,31354975.000000004,0.0,15,34.830000000000005,0
20210208,1612713600000,33.910000000000004,34.1,32.7,33.300000000000004,12886,42967059.00000001,0.0,15,34.0,0
20210209,1612800000000,33.32,34.7,32.85,34.25,12764,43278358.0,0.0,15,33.300000000000004,0
20210210,1612886400000,33.910000000000004,35.800000000000004,33.56,35.14,22436,78346878.0,0.0,15,34.25,0
20210218,1613577600000,35.96,35.96,34.800000000000004,35.120000000000005,11186,39422347.0,0.0,15,35.14000000000001,0
20210219,1613664000000,34.910000000000004,37.830000000000005,34.7,37.82,18883,68551007.0,0.0,15,35.120000000000005,0
20210222,1613923200000,38.0,40.8,36.37,37.559999999999995,58487,225770863.0,0.0,15,37.82,0
20210223,1614009600000,37.2,38.650000000000006,36.38,37.21,29069,109572757.0,0.0,15,37.56,0
20210224,1614096000000,37.010000000000005,37.38,35.88,36.6,24669,90155412.0,0.0,15,37.21,0
20210225,1614182400000,36.68,37.11,35.78,36.06,17919,65066779.0,0.0,15,36.6,0
20210226,1614268800000,35.67,35.97,34.57,34.59,14666,51555400.0,0.0,15,36.06,0
20210301,1614528000000,34.35,35.07,34.0,35.05,15936,55224036.00000001,0.0,15,34.59,0
20210302,1614614400000,35.050000000000004,35.50000000000001,34.410000000000004,34.650000000000006,14751,51312038.0,0.0,15,35.050000000000004,0
20210303,1614700800000,34.650000000000006,35.68,34.63,35.38,10941,38557896.0,0.0,15,34.650000000000006,0
20210304,1614787200000,35.38,35.49,33.88,34.85,16038,55432623.0,0.0,15,35.38,0
20210305,1614873600000,34.61,34.83,34.21,34.38,12264,42228973.0,0.0,15,34.85,0
20210308,1615132800000,34.5,35.15,33.8,34.04,13105,44870877.00000001,0.0,15,34.379999999999995,0
20210309,1615219200000,34.04,34.89,33.12,33.15,24497,83506202.0,0.0,15,34.04,0
20210310,1615305600000,33.1,33.370000000000005,31.470000000000002,32.2,23357,76059404.0,0.0,15,33.150000000000006,0
20210311,1615392000000,32.01,32.67,31.62,32.53,9811,31722821.0,0.0,15,32.2,0
20210312,1615478400000,32.41,33.849999999999994,32.37,33.29,9427,31297554.0,0.0,15,32.529999999999994,0
20210315,1615737600000,33.25,34.36,33.01,34.269999999999996,16003,54407119.0,0.0,15,33.29,0
20210316,1615824000000,34.17,34.36,33.31,33.46,8679,29298097.000000004,0.0,15,34.27,0
20210317,1615910400000,33.59,34.29,33.32,34.12,8872,30144892.0,0.0,15,33.46,0
20210318,1615996800000,33.81,34.34,33.63,33.93,4499,15284224.0,0.0,15,34.120000000000005,0
20210319,1616083200000,33.82,34.19,32.8,32.97,9155,30406231.999999996,0.0,15,33.93,0
20210322,1616342400000,33.07,34.980000000000004,33.06,34.900000000000006,15260,51947530.0,0.0,15,32.97,0
20210323,1616428800000,34.88,35.33,34.6,34.96,11706,40996570.0,0.0,15,34.9,0
20210324,1616515200000,34.81,35.1,33.92,34.64,7987,27575673.0,0.0,15,34.96,0
20210325,1616601600000,34.410000000000004,35.2,34.410000000000004,34.84,5600,19561810.0,0.0,15,34.64,0
20210326,1616688000000,34.61,36.33,34.61,35.55,11883,42327934.0,0.0,15,34.839999999999996,0
20210329,1616947200000,36.2,36.2,34.550000000000004,35.00000000000001,7675,26889215.0,0.0,15,35.550000000000004,0
20210330,1617033600000,34.900000000000006,36.080000000000005,34.45,35.830000000000005,8764,31152830.0,0.0,15,35.0,0
20210331,1617120000000,36.5,37.5,36.5,36.8,15859,58522303.0,0.0,15,35.83,0
20210401,1617206400000,36.81,37.45,36.57,36.88,11499,42732341.0,0.0,15,36.8,0
20210402,1617292800000,37.51,37.6,36.72,37.0,6083,22611706.999999996,0.0,15,36.879999999999995,0
20210406,1617638400000,37.48,37.48,36.44,36.55,8243,30297108.000000004,0.0,15,37.0,0
20210407,1617724800000,36.629999999999995,37.21,36.47,37.19,9435,34849273.0,0.0,15,36.55,0
20210408,1617811200000,36.910000000000004,38.2,36.71,38.0,12382,46832269.0,0.0,15,37.19,0
20210409,1617897600000,37.97,39.09,37.71,38.45,14101,54416708.99999999,0.0,15,38.0,0
20210412,1618156800000,38.45,38.87,37.39,37.660000000000004,10813,41087252.0,0.0,15,38.45,0
20210413,1618243200000,37.84,38.1,36.910000000000004,37.35,8160,30597941.000000004,0.0,15,37.660000000000004,0
20210414,1618329600000,37.3,37.69,36.57,36.93,10478,38702395.0,0.0,15,37.35,0
20210415,1618416000000,36.980000000000004,38.63,36.89,38.480000000000004,11784,44752123.00000001,0.0,15,36.93,0
20210416,1618502400000,38.46,40.080000000000005,38.24,39.32,11432,44910295.00000001,0.0,15,38.480000000000004,0
20210419,1618761600000,39.41,40.48,39.0,39.66,9446,37663843.0,0.0,15,39.32,0
20210420,1618848000000,39.65,40.37,38.47,39.33,9203,36507013.0,0.0,15,39.66,0
20210421,1618934400000,39.33,39.800000000000004,39.1,39.31,5237,20637453.000000004,0.0,15,39.33,0
20210422,1619020800000,39.4,40.06,38.22,38.5,13888,53715146.0,0.0,15,39.31,0
20210423,1619107200000,38.31,39.4,38.25,39.01,6075,23699541.0,0.0,15,38.5,0
20210426,1619366400000,38.910000000000004,41.120000000000005,38.910000000000004,40.650000000000006,11129,45203259.0,0.0,15,39.010000000000005,0
20210427,1619452800000,40.4,41.2,40.18,40.94,11362,46328310.00000001,0.0,15,40.65,0
20210428,1619539200000,40.870000000000005,41.56,40.2,40.81,12015,49301833.00000001,0.0,15,40.940000000000005,0
20210429,1619625600000,40.82,42.42,40.47,41.65,10055,41658781.99999999,0.0,15,40.81,0
20210430,1619712000000,41.65,42.68,40.76,42.6,10866,45738827.0,0.0,15,41.65,0
20210506,1620230400000,42.800000000000004,43.480000000000004,42.35,43.39,8124,35009316.99999999,0.0,15,42.6,0
20210507,1620316800000,43.6,43.6,41.1,42.25,15570,65902929.00000001,0.0,15,43.39,0
20210510,1620576000000,42.44,42.89,41.61,42.28,8661,36564158.0,0.0,15,42.25,0
20210511,1620662400000,41.89000000000001,44.440000000000005,41.800000000000004,43.760000000000005,12683,55155289.0,0.0,15,42.28,0
20210512,1620748800000,44.67,44.67,43.01,43.669999999999995,6350,27646846.0,0.0,15,43.76,0
20210513,1620835200000,43.220000000000006,44.13,42.7,43.5,5041,21855808.0,0.0,15,43.67,0
20210514,1620921600000,43.800000000000004,45.13,43.53,44.04,7092,31485994.0,0.0,15,43.5,0
20210517,1621180800000,44.04,44.11,40.99,41.75,19425,82214398.0,0.0,15,44.04,0
20210518,1621267200000,41.89,43.35,41.89,42.81,8733,37351343.0,0.0,15,41.75,0
20210519,1621353600000,43.0,43.19,41.62,41.91,7200,30298601.0,0.0,15,42.809999999999995,0
20210520,1621440000000,41.56,42.480000000000004,39.89,40.33,15474,62997483.0,0.0,15,41.910000000000004,0
20210521,1621526400000,26.38,27.599999999999998,26.2,27.28,19169,51567495.0,0.0,15,26.62,0
20210524,1621785600000,27.29,27.57,26.47,26.99,15097,40501292.0,0.0,15,27.279999999999998,0
20210525,1621872000000,27.12,27.82,26.7,27.52,11128,30602667.0,0.0,15,26.99,0
20210526,1621958400000,27.58,28.49,27.13,27.38,13211,36668784.00000001,0.0,15,27.52,0
20210527,1622044800000,27.400000000000002,27.55,27.01,27.430000000000003,9559,26067504.0,0.0,15,27.380000000000003,0
20210528,1622131200000,27.650000000000002,27.660000000000004,26.150000000000002,26.410000000000004,15360,41053345.0,0.0,15,27.430000000000003,0
20210531,1622390400000,26.700000000000003,26.880000000000003,25.62,26.150000000000002,19866,51897330.0,0.0,15,26.41,0
20210601,1622476800000,26.18,26.35,25.62,26.060000000000002,19642,50929891.00000001,0.0,15,26.150000000000002,0
20210602,1622563200000,25.900000000000002,26.240000000000002,25.46,25.73,14616,37739235.0,0.0,15,26.060000000000002,0
20210603,1622649600000,25.72,25.99,25.18,25.35,11415,29112115.0,0.0,15,25.73,0
20210604,1622736000000,25.34,25.71,25.03,25.060000000000002,7523,18928476.0,0.0,15,25.35,0
20210607,1622995200000,25.000000000000004,26.580000000000002,24.810000000000002,26.160000000000004,22028,56991590.0,0.0,15,25.060000000000002,0
20210608,1623081600000,26.22,26.36,25.72,25.759999999999998,9723,25250934.0,0.0,15,26.16,0
20210609,1623168000000,25.650000000000002,26.01,25.310000000000002,25.500000000000004,9105,23295888.0,0.0,15,25.76,0
20210610,1623254400000,25.32,25.63,25.0,25.01,15429,38925675.99999999,0.0,15,25.5,0
20210611,1623340800000,25.020000000000003,25.250000000000004,23.990000000000002,24.200000000000003,16997,41524450.0,0.0,15,25.01,0
20210615,1623686400000,24.18,24.45,23.48,24.1,14973,35808459.99999999,0.0,15,24.2,0
20210616,1623772800000,24.060000000000002,24.35,23.650000000000002,23.76,8958,21479599.0,0.0,15,24.1,0
20210617,1623859200000,23.84,23.93,23.54,23.7,7075,16752438.0,0.0,15,23.759999999999998,0
20210618,1623945600000,23.86,23.86,22.86,23.24,21343,49321177.0,0.0,15,23.7,0
20210621,1624204800000,23.23,23.87,23.0,23.17,21600,50405909.0,0.0,15,23.24,0
20210622,1624291200000,23.49,24.279999999999998,23.22,24.02,16973,40626372.0,0.0,15,23.169999999999998,0
20210623,1624377600000,24.080000000000002,25.09,23.91,24.78,16829,41487199.99999999,0.0,15,24.02,0
20210624,1624464000000,24.98,24.98,24.21,24.240000000000002,10906,26686910.0,0.0,15,24.78,0
20210625,1624550400000,24.32,24.96,24.16,24.76,10719,26456008.0,0.0,15,24.24,0
20210628,1624809600000,24.66,24.69,24.0,24.03,11281,27267481.0,0.0,15,24.76,0
20210629,1624896000000,23.96,24.78,23.8,24.46,12334,30108183.000000004,0.0,15,24.03,0
20210630,1624982400000,24.3,24.55,24.150000000000002,24.360000000000003,9538,23276016.0,0.0,15,24.46,0
20210701,1625068800000,24.54,24.62,24.0,24.0,9592,23314911.0,0.0,15,24.36,0
20210702,1625155200000,24.2,24.2,23.18,23.52,11718,27618885.0,0.0,15,24.0,0
20210705,1625414400000,23.46,23.63,22.38,22.49,17199,39162133.0,0.0,15,23.52,0
20210706,1625500800000,22.53,22.94,22.0,22.66,16746,37715251.0,0.0,15,22.49,0
20210707,1625587200000,22.560000000000002,22.650000000000002,22.26,22.400000000000002,12113,27134462.0,0.0,15,22.66,0
20210708,1625673600000,22.349999999999998,22.419999999999998,21.86,22.0,9619,21258775.0,0.0,15,22.4,0
20210709,1625760000000,21.98,22.080000000000002,21.51,21.75,13979,30328618.999999996,0.0,15,22.0,0
20210712,1626019200000,22.04,22.29,21.66,21.72,19369,42356091.0,0.0,15,21.75,0
20210713,1626105600000,21.779999999999998,21.869999999999997,21.31,21.61,21522,46362887.0,0.0,15,21.72,0
20210714,1626192000000,21.71,22.580000000000002,21.580000000000002,22.250000000000004,39662,87931033.0,0.0,15,21.610000000000003,0
20210715,1626278400000,22.07,22.08,20.56,20.669999999999998,49366,103739243.00000001,0.0,15,22.25,0
20210716,1626364800000,20.520000000000003,21.380000000000003,20.42,21.19,23699,49998035.0,0.0,15,20.67,0
20210719,1626624000000,21.15,21.47,20.81,20.83,23902,50289638.00000001,0.0,15,21.189999999999998,0
20210720,1626710400000,20.81,21.099999999999998,20.52,20.68,13941,28947764.0,0.0,15,20.83,0
20210721,1626796800000,20.7,21.09,20.48,20.73,16390,33975060.0,0.0,15,20.68,0
20210722,1626883200000,20.94,21.25,20.46,20.990000000000002,28317,59239045.0,0.0,15,20.73,0
20210723,1626969600000,20.99,21.11,20.38,20.459999999999997,16763,34696825.0,0.0,15,20.99,0
20210726,1627228800000,20.42,20.560000000000002,19.3,19.59,17573,34620919.0,0.0,15,20.46,0
20210727,1627315200000,19.7,21.0,19.52,20.22,24150,49193667.0,0.0,15,19.59,0
20210728,1627401600000,20.1,20.47,19.32,19.56,19339,38058255.00000001,0.0,15,20.22,0
20210729,1627488000000,19.73,21.47,19.73,21.01,29507,61545129.0,0.0,15,19.56,0
20210730,1627574400000,21.0,22.05,20.68,21.82,30082,64641323.99999999,0.0,15,21.009999999999998,0
20210802,1627833600000,21.83,22.5,21.06,22.16,29637,64496916.0,0.0,15,21.82,0
20210803,1627920000000,21.910000000000004,22.490000000000002,21.740000000000002,21.89,21567,47768673.00000001,0.0,15,22.160000000000004,0
20210804,1628006400000,21.89,22.24,21.43,21.89,21038,45943271.0,0.0,15,21.89,0
20210805,1628092800000,21.8,21.97,21.41,21.67,14784,31993074.0,0.0,15,21.89,0
20210806,1628179200000,21.66,22.99,21.31,22.59,27239,60236691.99999999,0.0,15,21.669999999999998,0
20210809,1628438400000,22.77,23.58,22.41,23.34,26684,61112541.00000001,0.0,15,22.59,0
20210810,1628524800000,23.1,23.380000000000003,22.71,22.900000000000002,19412,44637195.0,0.0,15,23.34,0
20210811,1628611200000,22.98,23.3,22.44,22.75,14837,33900293.0,0.0,15,22.900000000000002,0
20210812,1628697600000,22.52,23.11,22.52,23.02,13022,29813564.0,0.0,15,22.75,0
20210813,1628784000000,22.950000000000003,23.62,22.650000000000002,23.500000000000004,19469,45385618.0,0.0,15,23.020000000000003,0
20210816,1629043200000,23.790000000000003,25.21,23.6,24.44,40362,99276515.0,0.0,15,23.5,0
20210817,1629129600000,24.05,24.26,22.8,22.94,28846,67229796.99999999,0.0,15,24.44,0
20210818,1629216000000,22.79,23.3,22.48,23.09,12640,28858016.0,0.0,15,22.94,0
20210819,1629302400000,22.95,23.35,22.5,22.55,14215,32376895.000000004,0.0,15,23.09,0
20210820,1629388800000,22.42,23.1,22.19,22.400000000000002,12423,27959403.0,0.0,15,22.55,0
20210823,1629648000000,22.549999999999997,23.02,22.22,22.84,8265,18825891.000000004,0.0,15,22.4,0
20210824,1629734400000,23.0,23.51,22.78,23.28,13576,31466668.999999996,0.0,15,22.84,0
20210825,1629820800000,23.27,23.27,22.66,22.8,12430,28405153.0,0.0,15,23.28,0
20210826,1629907200000,21.200000000000003,22.3,19.67,21.8,66955,137802869.00000003,0.0,15,22.8,0
20210827,1629993600000,21.07,21.66,20.44,20.52,25360,52909127.99999999,0.0,15,21.8,0
20210830,1630252800000,20.310000000000002,20.720000000000002,19.92,20.130000000000003,17216,34981971.0,0.0,15,20.520000000000003,0
20210831,1630339200000,20.09,20.32,19.66,20.11,17173,34422868.0,0.0,15,20.13,0
20210901,1630425600000,20.110000000000003,21.39,19.580000000000002,21.39,25470,51917099.0,0.0,15,20.110000000000003,0
20210902,1630512000000,21.12,21.32,20.6,20.98,23558,49255561.0,0.0,15,21.39,0
20210903,1630598400000,20.869999999999997,22.349999999999998,20.81,22.0,25309,55197505.0,0.0,15,20.98,0
20210906,1630857600000,22.01,23.220000000000002,22.01,22.82,19908,45296897.00000001,0.0,15,22.0,0
20210907,1630944000000,23.05,24.4,22.61,23.8,29882,69902038.0,0.0,15,22.82,0
20210908,1631030400000,23.52,23.94,22.78,23.36,23398,54484803.0,0.0,15,23.8,0
20210909,1631116800000,23.07,24.330000000000002,23.03,23.37,14551,34178120.0,0.0,15,23.36,0
20210910,1631203200000,23.48,23.48,22.5,22.53,17769,40403537.0,0.0,15,23.37,0
20210913,1631462400000,22.540000000000003,23.240000000000002,22.400000000000002,23.000000000000004,11466,26325723.0,0.0,15,22.53,0
20210914,1631548800000,23.18,24.86,22.57,24.43,41359,99753889.00000001,0.0,15,23.0,0
20210915,1631635200000,24.320000000000004,24.500000000000004,23.900000000000002,24.200000000000003,18524,44778918.0,0.0,15,24.430000000000003,0
20210916,1631721600000,24.0,24.970000000000002,23.62,23.78,21832,53070323.99999999,0.0,15,24.2,0
20210917,1631808000000,23.85,24.0,22.66,23.06,21295,49302197.00000001,0.0,15,23.78,0
20210922,1632240000000,22.8,23.82,22.8,23.07,17588,40974256.0,0.0,15,23.060000000000002,0
20210923,1632326400000,23.21,23.48,22.16,22.5,22493,50981852.0,0.0,15,23.07,0
20210924,1632412800000,22.41,22.560000000000002,21.1,21.150000000000002,18288,39454518.99999999,0.0,15,22.5,0
20210927,1632672000000,21.11,21.41,20.18,20.8,17368,36050059.0,0.0,15,21.15,0
20210928,1632758400000,20.79,20.8,20.29,20.48,10598,21669902.000000004,0.0,15,20.8,0
20210929,1632844800000,20.42,20.64,20.01,20.020000000000003,9390,18922970.000000004,0.0,15,20.48,0
20210930,1632931200000,20.03,20.51,20.01,20.09,11313,22870688.999999996,0.0,15,20.020000000000003,0
20211008,1633622400000,20.150000000000002,21.73,20.1,21.200000000000003,21591,45386005.0,0.0,15,20.09,0
20211011,1633881600000,21.2,21.4,20.77,21.31,7738,16356899.0,0.0,15,21.2,0
20211012,1633968000000,21.37,21.490000000000002,21.12,21.43,5566,11853365.000000002,0.0,15,21.310000000000002,0
20211013,1634054400000,21.590000000000003,21.590000000000003,20.51,20.720000000000002,11208,23331602.0,0.0,15,21.430000000000003,0
20211014,1634140800000,20.62,21.27,20.62,20.92,5148,10779952.0,0.0,15,20.720000000000002,0
20211015,1634227200000,20.849999999999998,21.849999999999998,20.22,20.33,17422,36511214.0,0.0,15,20.919999999999998,0
20211018,1634486400000,20.2,20.8,20.2,20.71,6140,12583930.0,0.0,15,20.33,0
20211019,1634572800000,20.950000000000003,21.360000000000003,20.67,21.330000000000002,10170,21377707.0,0.0,15,20.71,0
20211020,1634659200000,21.150000000000002,21.520000000000003,20.990000000000002,21.03,9558,20316837.0,0.0,15,21.330000000000002,0
20211021,1634745600000,20.810000000000002,22.23,20.8,21.21,19728,42389694.0,0.0,15,21.03,0
20211022,1634832000000,21.59,22.580000000000002,21.39,21.55,26692,58623004.00000001,0.0,15,21.21,0
20211025,1635091200000,21.41,21.95,20.0,21.95,27332,57745907.0,0.0,15,21.55,0
20211026,1635177600000,21.73,22.2,21.14,21.21,15949,34352523.0,0.0,15,21.95,0
20211027,1635264000000,21.15,21.26,20.5,20.76,9393,19490114.0,0.0,15,21.21,0
20211028,1635350400000,20.68,20.85,19.3,19.310000000000002,28537,56706268.0,0.0,15,20.76,0
20211029,1635436800000,19.47,19.59,18.18,19.0,39542,73593049.00000001,0.0,15,19.31,0
20211101,1635696000000,18.95,20.38,18.77,20.2,21689,42982482.0,0.0,15,19.0,0
20211102,1635782400000,19.93,20.3,19.61,19.73,14348,28558622.999999996,0.0,15,20.2,0
20211103,1635868800000,19.61,20.75,19.61,20.65,16030,32588935.000000004,0.0,15,19.73,0
20211104,1635955200000,20.89,20.89,20.53,20.650000000000002,7553,15611687.0,0.0,15,20.650000000000002,0
20211105,1636041600000,20.51,21.12,20.51,20.76,10440,21829716.0,0.0,15,20.650000000000002,0
20211108,1636300800000,20.610000000000003,21.35,20.6,20.900000000000002,9234,19387129.0,0.0,15,20.76,0
20211109,1636387200000,21.3,21.35,20.82,21.01,6512,13725439.000000002,0.0,15,20.9,0
20211110,1636473600000,20.810000000000002,21.12,20.580000000000002,20.89,8716,18130783.0,0.0,15,21.01,0
20211111,1636560000000,20.64,20.96,20.62,20.8,5628,11713465.0,0.0,15,20.89,0
20211112,1636646400000,20.61,21.349999999999998,20.38,21.18,12741,26578164.0,0.0,15,20.8,0
20211115,1636905600000,21.169999999999998,22.38,21.11,22.32,26788,59033428.0,0.0,15,21.18,0
20211116,1636992000000,22.55,22.55,21.79,21.9,9469,20917100.0,0.0,15,22.32,0
20211117,1637078400000,21.71,21.98,21.57,21.64,8770,19064239.0,0.0,15,21.9,0
20211118,1637164800000,21.68,22.39,21.35,21.990000000000002,12966,28535316.0,0.0,15,21.64,0
20211119,1637251200000,21.85,22.3,21.650000000000002,21.950000000000003,9280,20353344.0,0.0,15,21.990000000000002,0
20211122,1637510400000,22.1,22.95,21.82,22.8,19971,45046046.0,0.0,15,21.95,0
20211123,1637596800000,22.8,23.17,22.400000000000002,22.53,11281,25597999.0,0.0,15,22.8,0
20211124,1637683200000,22.5,23.44,22.39,23.240000000000002,17325,39813818.0,0.0,15,22.53,0
20211125,1637769600000,23.4,24.05,23.11,23.65,23780,56232666.0,0.0,15,23.24,0
20211126,1637856000000,23.65,24.41,23.25,24.39,32436,77925354.0,0.0,15,23.65,0
20211129,1638115200000,23.990000000000002,25.78,23.8,25.68,60459,152633783.0,0.0,15,24.39,0
20211130,1638201600000,25.89,25.89,24.6,25.020000000000003,37437,93778926.0,0.0,15,25.68,0
20211201,1638288000000,24.83,25.0,24.2,24.259999999999998,21485,52515723.0,0.0,15,25.02,0
20211202,1638374400000,24.14,24.490000000000002,23.400000000000002,23.580000000000002,19700,46794525.0,0.0,15,24.26,0
20211203,1638460800000,23.580000000000002,23.790000000000003,23.12,23.36,13923,32562226.999999996,0.0,15,23.580000000000002,0
20211206,1638720000000,23.37,24.52,23.0,24.3,29290,70176632.00000001,0.0,15,23.36,0
20211207,1638806400000,24.3,24.369999999999997,23.38,23.98,18601,44326776.0,0.0,15,24.3,0
20211208,1638892800000,23.98,24.110000000000003,23.51,23.71,11612,27525172.0,0.0,15,23.98,0
20211209,1638979200000,23.79,24.080000000000002,23.39,23.46,15161,35835773.00000001,0.0,15,23.71,0
20211210,1639065600000,23.4,23.66,23.07,23.09,9900,23036850.0,0.0,15,23.46,0
20211213,1639324800000,23.180000000000003,23.85,22.990000000000002,23.64,15224,35756988.0,0.0,15,23.090000000000003,0
20211214,1639411200000,23.45,23.79,22.22,22.59,33207,75385398.0,0.0,15,23.64,0
20211215,1639497600000,22.59,22.68,22.27,22.36,12763,28594906.0,0.0,15,22.59,0
20211216,1639584000000,22.48,22.68,22.2,22.64,7897,17775483.0,0.0,15,22.36,0
20211217,1639670400000,22.43,23.16,22.13,22.23,13194,29670946.0,0.0,15,22.64,0
20211220,1639929600000,22.560000000000002,22.560000000000002,21.87,21.91,12423,27328543.0,0.0,15,22.23,0
20211221,1640016000000,21.869999999999997,22.25,21.72,22.24,7980,17524947.0,0.0,15,21.91,0
20211222,1640102400000,22.24,23.11,22.2,22.55,13415,30500229.0,0.0,15,22.24,0
20211223,1640188800000,22.59,22.84,22.22,22.32,9829,22041353.0,0.0,15,22.549999999999997,0
20211224,1640275200000,22.26,22.52,20.82,21.19,22652,48445778.0,0.0,15,22.32,0
20211227,1640534400000,21.3,22.04,21.04,21.849999999999998,13375,29023055.0,0.0,15,21.189999999999998,0
20211228,1640620800000,21.900000000000002,22.69,21.8,22.560000000000002,14508,32384007.000000004,0.0,15,21.85,0
20211229,1640707200000,22.41,23.05,22.07,22.67,14555,32975962.0,0.0,15,22.56,0
20211230,1640793600000,22.580000000000002,22.92,22.39,22.5,8886,20077256.0,0.0,15,22.67,0
20211231,1640880000000,22.51,22.69,22.35,22.450000000000003,6727,15148023.999999998,0.0,15,22.5,0
20220104,1641225600000,22.41,23.44,22.41,23.3,23089,53419515.0,0.0,15,22.45,0
20220105,1641312000000,23.31,23.49,22.61,23.189999999999998,14609,33707961.0,0.0,15,23.3,0
20220106,1641398400000,23.3,23.77,22.68,23.72,17540,40983537.0,0.0,15,23.19,0
20220107,1641484800000,23.67,23.8,22.94,22.94,12085,28277607.000000004,0.0,15,23.720000000000002,0
20220110,1641744000000,22.94,23.990000000000002,22.91,23.69,15540,36866652.00000001,0.0,15,22.94,0
20220111,1641830400000,23.689999999999998,23.98,23.45,23.56,10323,24409513.0,0.0,15,23.689999999999998,0
20220112,1641916800000,23.47,23.76,23.23,23.400000000000002,10117,23761157.0,0.0,15,23.56,0
20220113,1642003200000,23.45,23.55,22.77,22.86,9698,22420945.0,0.0,15,23.4,0
20220114,1642089600000,22.88,23.34,22.56,22.77,7629,17511054.0,0.0,15,22.86,0
20220117,1642348800000,22.75,24.25,22.7,24.02,25111,59358512.0,0.0,15,22.77,0
20220118,1642435200000,24.02,24.25,23.61,24.0,21576,51659716.99999999,0.0,15,24.02,0
20220119,1642521600000,23.98,24.080000000000002,23.48,24.02,15674,37242897.00000001,0.0,15,24.0,0
20220120,1642608000000,24.2,24.2,23.05,23.27,23648,55249443.0,0.0,15,24.02,0
20220121,1642694400000,23.02,23.44,22.66,22.99,9338,21493622.999999996,0.0,15,23.27,0
20220124,1642953600000,22.99,23.24,22.5,22.55,10724,24502165.000000004,0.0,15,22.99,0
20220125,1643040000000,22.490000000000002,22.8,21.400000000000002,21.490000000000002,13219,28998587.0,0.0,15,22.55,0
20220126,1643126400000,21.97,21.97,21.18,21.39,11249,24138103.000000004,0.0,15,21.49,0
20220127,1643212800000,21.31,21.75,20.52,20.7,12810,26805727.999999996,0.0,15,21.39,0
20220128,1643299200000,21.23,21.5,20.57,21.39,8792,18583087.0,0.0,15,20.7,0
20220207,1644163200000,21.400000000000002,22.200000000000003,21.400000000000002,22.150000000000002,9546,20847772.0,0.0,15,21.39,0
20220208,1644249600000,22.13,22.43,21.86,22.349999999999998,6730,14974544.0,0.0,15,22.15,0
20220209,1644336000000,22.34,22.470000000000002,21.96,22.220000000000002,10939,24198613.0,0.0,15,22.35,0
20220210,1644422400000,22.410000000000004,22.410000000000004,21.740000000000002,22.020000000000003,6842,15015074.0,0.0,15,22.220000000000002,0
20220211,1644508800000,22.08,22.17,21.5,21.74,6561,14279823.0,0.0,15,22.02,0
20220214,1644768000000,21.61,21.9,21.41,21.84,4858,10545824.0,0.0,15,21.74,0
20220215,1644854400000,21.96,21.96,21.3,21.45,5440,11689729.0,0.0,15,21.84,0
20220216,1644940800000,21.55,21.81,21.38,21.509999999999998,3946,8495434.0,0.0,15,21.45,0
20220217,1645027200000,21.39,21.69,21.25,21.42,5173,11119175.0,0.0,15,21.51,0
20220218,1645113600000,21.400000000000002,21.78,21.330000000000002,21.71,4664,10059778.0,0.0,15,21.42,0
20220221,1645372800000,21.720000000000002,21.970000000000002,21.51,21.700000000000003,4708,10228105.0,0.0,15,21.71,0
20220222,1645459200000,21.48,21.790000000000003,21.26,21.46,7516,16137885.999999998,0.0,15,21.700000000000003,0
20220223,1645545600000,21.46,22.07,21.46,21.75,9255,20152631.0,0.0,15,21.46,0
20220224,1645632000000,21.75,22.04,20.71,21.26,18876,40603907.99999999,0.0,15,21.75,0
20220225,1645718400000,21.02,21.54,21.02,21.19,6139,13065297.0,0.0,15,21.259999999999998,0
20220228,1645977600000,21.19,21.990000000000002,20.66,21.95,12420,26822624.0,0.0,15,21.19,0
20220301,1646064000000,21.75,22.06,21.54,21.65,8366,18194259.0,0.0,15,21.95,0
20220302,1646150400000,21.7,21.7,21.04,21.18,9258,19729167.0,0.0,15,21.65,0
20220303,1646236800000,21.28,21.49,20.77,21.06,12431,26207960.0,0.0,15,21.18,0
20220304,1646323200000,20.970000000000002,21.080000000000002,20.400000000000002,20.55,14903,30883411.0,0.0,15,21.060000000000002,0
20220307,1646582400000,20.55,20.8,20.14,20.18,10906,22231471.0,0.0,15,20.55,0
20220308,1646668800000,20.5,20.58,19.79,20.029999999999998,11806,23855551.0,0.0,15,20.18,0
20220309,1646755200000,20.03,20.53,19.0,20.35,16165,32126549.000000004,0.0,15,20.03,0
20220310,1646841600000,20.5,21.18,20.18,20.71,13849,28612165.000000004,0.0,15,20.35,0
20220311,1646928000000,20.67,21.09,20.21,20.720000000000002,11518,23879931.000000004,0.0,15,20.71,0
20220314,1647187200000,20.72,20.72,20.16,20.16,6418,13073617.000000002,0.0,15,20.72,0
20220315,1647273600000,20.01,20.09,19.25,19.25,9478,18681345.0,0.0,15,20.16,0
20220316,1647360000000,19.26,19.39,17.0,19.11,39959,72489042.0,0.0,15,19.25,0
20220317,1647446400000,18.8,19.6,18.6,19.0,15799,30141002.000000004,0.0,15,19.110000000000003,0
20220318,1647532800000,18.810000000000002,19.35,18.8,19.03,6393,12205555.0,0.0,15,19.0,0
20220321,1647792000000,19.19,19.34,18.8,19.17,4387,8373211.0,0.0,15,19.03,0
20220322,1647878400000,18.910000000000004,19.400000000000002,18.740000000000002,19.19,5711,10891591.0,0.0,15,19.17,0
20220323,1647964800000,19.22,19.36,19.09,19.19,2071,3974587.0000000005,0.0,15,19.19,0
20220324,1648051200000,19.130000000000003,19.360000000000003,18.900000000000002,19.090000000000003,4367,8349498.0,0.0,15,19.19,0
20220325,1648137600000,19.18,19.56,19.0,19.15,5220,10068837.0,0.0,15,19.09,0
20220328,1648396800000,19.53,19.53,18.75,19.03,6424,12206980.0,0.0,15,19.15,0
20220329,1648483200000,19.05,19.37,18.7,19.0,7856,14967182.0,0.0,15,19.029999999999998,0
20220330,1648569600000,19.0,19.16,18.51,19.1,12021,22654214.0,0.0,15,19.0,0
20220331,1648656000000,21.55,22.92,21.12,21.62,57056,125067517.00000001,0.0,15,19.1,0
20220401,1648742400000,21.8,25.88,21.63,24.56,86941,204744458.0,0.0,15,21.619999999999997,0
20220406,1649174400000,24.0,27.88,22.91,26.0,85996,210582587.0,0.0,15,24.56,0
20220407,1649260800000,25.880000000000003,27.0,24.51,24.860000000000003,70073,179083056.0,0.0,15,26.0,0
20220408,1649347200000,24.86,27.560000000000002,24.37,26.400000000000002,80403,210169453.0,0.0,15,24.86,0
20220411,1649606400000,26.4,27.95,25.27,25.66,70510,186754946.0,0.0,15,26.4,0
20220412,1649692800000,25.55,26.17,24.310000000000002,25.130000000000003,63024,157861913.0,0.0,15,25.660000000000004,0
20220413,1649779200000,24.95,25.29,24.05,24.38,43944,107876518.0,0.0,15,25.130000000000003,0
20220414,1649865600000,24.25,24.87,23.8,24.35,32646,79445616.0,0.0,15,24.38,0
20220415,1649952000000,24.12,24.47,23.5,23.67,26846,64202791.99999999,0.0,15,24.35,0
20220418,1650211200000,23.75,24.3,23.01,24.17,20907,50075017.0,0.0,15,23.67,0
20220419,1650297600000,23.82,27.18,23.81,27.18,67515,174484049.99999997,0.0,15,24.169999999999998,0
20220420,1650384000000,26.61,27.56,26.0,26.5,56305,149476775.00000003,0.0,15,27.18,0
20220421,1650470400000,25.82,26.400000000000002,24.6,25.3,44780,113297355.0,0.0,15,26.5,0
20220422,1650556800000,25.45,25.5,24.11,24.65,34795,85924199.0,0.0,15,25.3,0
20220425,1650816000000,23.75,25.68,23.52,24.98,37447,92889428.00000001,0.0,15,24.65,0
20220426,1650902400000,25.0,27.53,25.0,27.13,74722,197630717.0,0.0,15,24.98,0
20220427,1650988800000,26.01,27.88,24.82,27.77,68383,181767059.0,0.0,15,27.13,0
20220428,1651075200000,27.1,27.46,26.240000000000002,27.19,42797,114736530.0,0.0,15,27.770000000000003,0
20220429,1651161600000,26.41,28.18,26.41,28.18,61091,169118358.99999997,0.0,15,27.19,0
20220505,1651680000000,28.39,30.580000000000002,27.080000000000002,27.67,76473,220142497.0,0.0,15,28.180000000000003,0
20220506,1651766400000,26.02,27.96,25.0,27.93,54274,144523965.00000003,0.0,15,27.67,0
20220509,1652025600000,27.2,29.5,27.0,27.6,52963,149548418.0,0.0,15,27.93,0
20220510,1652112000000,27.150000000000002,28.89,27.1,28.76,58452,165979994.0,0.0,15,27.6,0
20220511,1652198400000,29.12,29.37,27.26,27.330000000000002,66826,186823095.0,0.0,15,28.76,0
20220512,1652284800000,26.87,27.4,25.91,26.4,46677,124294048.99999999,0.0,15,27.33,0
20220513,1652371200000,26.419999999999998,27.75,26.13,26.77,38659,104307746.00000001,0.0,15,26.4,0
20220516,1652630400000,26.779999999999998,28.18,26.38,27.49,48914,134551762.0,0.0,15,26.77,0
20220517,1652716800000,17.990000000000002,18.060000000000002,16.35,16.96,67823,115469796.00000001,0.0,15,18.130000000000003,0
20220518,1652803200000,16.87,18.380000000000003,16.85,18.14,79307,139990483.0,0.0,15,16.96,0
20220519,1652889600000,17.810000000000002,18.810000000000002,17.6,18.75,86054,157763573.99999997,0.0,15,18.14,0
20220520,1652976000000,18.7,18.7,17.61,17.82,84110,151937756.00000003,0.0,15,18.75,0
20220523,1653235200000,17.8,18.7,17.38,18.52,78280,142505825.0,0.0,15,17.82,0
20220524,1653321600000,18.45,18.64,17.36,17.4,58368,105296504.0,0.0,15,18.52,0
20220525,1653408000000,17.41,17.900000000000002,17.17,17.8,48560,85344655.00000001,0.0,15,17.400000000000002,0
20220526,1653494400000,17.709999999999997,17.74,16.97,17.16,47751,82518214.0,0.0,15,17.799999999999997,0
20220527,1653580800000,17.16,17.93,17.1,17.520000000000003,42302,74503665.0,0.0,15,17.16,0
20220530,1653840000000,17.8,17.939999999999998,17.2,17.77,34670,60954652.0,0.0,15,17.52,0
20220531,1653926400000,17.77,18.81,17.47,18.34,62864,115251910.99999999,0.0,15,17.77,0
20220601,1654012800000,18.35,18.560000000000002,17.55,17.76,47736,85344773.00000001,0.0,15,18.34,0
20220602,1654099200000,17.720000000000002,18.01,17.44,17.700000000000003,30121,53410301.99999999,0.0,15,17.76,0
20220606,1654444800000,17.54,17.91,17.21,17.77,46601,81651706.0,0.0,15,17.7,0
20220607,1654531200000,17.689999999999998,18.099999999999998,17.13,17.39,37510,65541781.0,0.0,15,17.77,0
20220608,1654617600000,17.44,18.19,17.12,17.84,60606,107667352.00000001,0.0,15,17.39,0
20220609,1654704000000,17.5,17.509999999999998,16.7,17.25,57474,98405962.00000001,0.0,15,17.84,0
20220610,1654790400000,17.25,18.479999999999997,16.9,18.27,90842,163802575.0,0.0,15,17.25,0
20220613,1655049600000,18.27,18.91,18.0,18.81,78954,146581768.0,0.0,15,18.27,0
20220614,1655136000000,18.509999999999998,19.18,18.45,19.029999999999998,67662,127735474.0,0.0,15,18.81,0
20220615,1655222400000,19.03,19.2,18.3,18.37,61388,113817480.0,0.0,15,19.03,0
20220616,1655308800000,18.4,18.66,18.04,18.29,50702,93049400.00000001,0.0,15,18.369999999999997,0
20220617,1655395200000,18.12,18.78,18.07,18.61,40747,75336829.0,0.0,15,18.29,0
20220620,1655654400000,18.599999999999998,18.88,18.13,18.34,43155,79263077.0,0.0,15,18.61,0
20220621,1655740800000,18.34,18.34,17.48,17.75,40766,72621029.0,0.0,15,18.34,0
20220622,1655827200000,17.720000000000002,17.82,17.35,17.39,25060,43983171.0,0.0,15,17.75,0
20220623,1655913600000,17.39,17.71,17.11,17.64,28281,49169362.0,0.0,15,17.39,0
20220624,1656000000000,17.700000000000003,17.73,17.400000000000002,17.650000000000002,34259,60167972.00000001,0.0,15,17.64,0
20220627,1656259200000,17.590000000000003,17.880000000000003,17.400000000000002,17.430000000000003,30532,53687373.0,0.0,15,17.650000000000002,0
20220628,1656345600000,17.48,19.480000000000004,17.240000000000002,19.480000000000004,100896,188186745.0,0.0,15,17.430000000000003,0
20220629,1656432000000,19.32,21.12,19.0,20.35,125782,251655254.99999997,0.0,15,19.48,0
20220630,1656518400000,20.5,20.700000000000003,19.85,20.200000000000003,77101,155844397.0,0.0,15,20.35,0
20220701,1656604800000,20.11,20.45,19.88,20.189999999999998,62175,125638637.0,0.0,15,20.2,0
20220704,1656864000000,20.2,20.6,19.77,20.349999999999998,58509,117774418.0,0.0,15,20.19,0
20220705,1656950400000,20.3,20.990000000000002,19.85,20.3,60728,123658403.99999999,0.0,15,20.35,0
20220706,1657036800000,20.18,20.3,19.68,19.88,42935,85638167.0,0.0,15,20.3,0
20220707,1657123200000,20.08,20.08,19.52,19.56,32279,63557553.00000001,0.0,15,19.88,0
20220708,1657209600000,19.6,19.89,19.080000000000002,19.14,31862,61582976.0,0.0,15,19.560000000000002,0
20220711,1657468800000,19.2,19.2,17.95,18.06,50798,93386494.0,0.0,15,19.14,0
20220712,1657555200000,18.240000000000002,18.25,17.26,17.28,45858,80294651.0,0.0,15,18.060000000000002,0
20220713,1657641600000,17.33,17.52,17.13,17.3,28584,49499756.00000001,0.0,15,17.279999999999998,0
20220714,1657728000000,17.3,17.62,17.18,17.47,19744,34410633.0,0.0,15,17.3,0
20220715,1657814400000,17.42,17.490000000000002,16.62,16.650000000000002,51232,86864727.00000001,0.0,15,17.470000000000002,0
20220718,1658073600000,16.689999999999998,17.08,16.63,16.959999999999997,31434,53021146.00000001,0.0,15,16.65,0
20220719,1658160000000,16.959999999999997,17.18,16.65,17.04,30531,51829527.0,0.0,15,16.959999999999997,0
20220720,1658246400000,16.96,17.25,16.85,17.09,25337,43236151.0,0.0,15,17.040000000000003,0
20220721,1658332800000,17.080000000000002,17.18,16.8,16.82,22559,38379853.0,0.0,15,17.09,0
20220722,1658419200000,16.87,17.06,16.34,16.57,29242,48537376.0,0.0,15,16.82,0
20220725,1658678400000,16.6,16.88,16.5,16.82,24734,41350563.0,0.0,15,16.57,0
20220726,1658764800000,16.75,17.09,16.31,17.049999999999997,26280,44009594.0,0.0,15,16.82,0
20220727,1658851200000,16.9,17.23,16.77,17.19,23556,40116095.0,0.0,15,17.05,0
20220728,1658937600000,17.2,17.45,17.04,17.11,21659,37249618.0,0.0,15,17.189999999999998,0
20220729,1659024000000,17.020000000000003,17.270000000000003,16.740000000000002,17.020000000000003,19672,33404127.0,0.0,15,17.110000000000003,0
20220801,1659283200000,17.020000000000003,17.28,16.6,17.19,26315,44647717.0,0.0,15,17.020000000000003,0
20220802,1659369600000,17.099999999999998,17.099999999999998,16.15,16.369999999999997,32151,53167917.0,0.0,15,17.189999999999998,0
20220803,1659456000000,16.36,17.189999999999998,16.36,16.71,32122,54390145.0,0.0,15,16.37,0
20220804,1659542400000,16.8,17.2,16.61,17.15,22832,38827763.99999999,0.0,15,16.71,0
20220805,1659628800000,17.16,17.27,16.96,17.21,19251,32938482.0,0.0,15,17.150000000000002,0
20220808,1659888000000,17.180000000000003,18.020000000000003,17.01,17.94,34782,61811783.99999999,0.0,15,17.21,0
20220809,1659974400000,17.93,18.06,17.73,17.97,34857,62504307.0,0.0,15,17.94,0
20220810,1660060800000,17.93,18.880000000000003,17.85,18.62,51557,95861472.0,0.0,15,17.970000000000002,0
20220811,1660147200000,18.62,19.07,18.5,18.66,41198,76869879.0,0.0,15,18.62,0
20220812,1660233600000,18.51,19.130000000000003,18.51,18.67,31281,58880062.0,0.0,15,18.66,0
20220815,1660492800000,18.700000000000003,19.150000000000002,18.400000000000002,19.000000000000004,30106,56827452.0,0.0,15,18.67,0
20220816,1660579200000,19.02,19.89,19.02,19.49,43007,84404103.0,0.0,15,19.0,0
20220817,1660665600000,19.5,19.71,19.05,19.67,39442,76455150.0,0.0,15,19.490000000000002,0
20220818,1660752000000,18.96,19.080000000000002,18.32,18.95,49663,93372846.0,0.0,15,19.67,0
20220819,1660838400000,18.970000000000002,19.580000000000002,18.76,18.87,50727,96534823.0,0.0,15,18.950000000000003,0
20220822,1661097600000,18.7,19.52,18.5,18.88,64391,122716964.0,0.0,15,18.87,0
20220823,1661184000000,19.090000000000003,19.150000000000002,18.580000000000002,18.89,31748,59614297.00000001,0.0,15,18.880000000000003,0
20220824,1661270400000,19.04,19.259999999999998,18.29,18.349999999999998,31263,58181619.99999999,0.0,15,18.89,0
20220825,1661356800000,18.5,18.669999999999998,17.7,18.08,24304,43752085.0,0.0,15,18.349999999999998,0
20220826,1661443200000,18.080000000000002,18.66,17.94,18.12,25840,47287504.0,0.0,15,18.080000000000002,0
20220829,1661702400000,17.810000000000002,18.75,17.8,18.48,28177,51933445.0,0.0,15,18.12,0
20220830,1661788800000,18.48,18.48,17.85,18.0,18564,33512295.000000004,0.0,15,18.48,0
20220831,1661875200000,18.19,18.19,17.35,17.520000000000003,36615,64243284.00000001,0.0,15,18.0,0
20220901,1661961600000,17.599999999999998,17.89,17.27,17.37,14966,26193543.0,0.0,15,17.52,0
20220902,1662048000000,17.54,17.580000000000002,17.21,17.25,13553,23485222.0,0.0,15,17.37,0
20220905,1662307200000,17.3,17.55,17.02,17.41,18628,32138665.0,0.0,15,17.25,0
20220906,1662393600000,17.6,18.180000000000003,17.26,17.76,36460,65129077.0,0.0,15,17.41,0
20220907,1662480000000,17.759999999999998,17.759999999999998,17.18,17.31,21938,38191033.0,0.0,15,17.759999999999998,0
20220908,1662566400000,17.3,17.32,16.91,16.92,21080,35897627.0,0.0,15,17.31,0
20220909,1662652800000,16.970000000000002,17.42,16.85,17.360000000000003,23602,40380600.00000001,0.0,15,16.92,0
20220913,1662998400000,17.38,17.939999999999998,17.2,17.36,59279,103282415.0,0.0,15,17.36,0
20220914,1663084800000,17.240000000000002,17.29,16.73,17.05,25053,42424856.0,0.0,15,17.36,0
20220915,1663171200000,16.96,17.16,16.41,16.8,29848,49901092.0,0.0,15,17.05,0
20220916,1663257600000,16.8,17.17,16.51,16.8,23761,40058499.0,0.0,15,16.8,0
20220919,1663516800000,16.98,17.53,16.580000000000002,17.200000000000003,36578,62987117.00000001,0.0,15,16.8,0
20220920,1663603200000,17.32,18.05,17.23,17.900000000000002,35523,63075279.00000001,0.0,15,17.2,0
20220921,1663689600000,17.720000000000002,18.35,17.650000000000002,18.19,27758,50233522.99999999,0.0,15,17.900000000000002,0
20220922,1663776000000,18.19,18.45,17.93,18.31,29168,53154696.00000001,0.0,15,18.19,0
20220923,1663862400000,18.39,18.4,18.02,18.13,30302,55087040.0,0.0,15,18.31,0
20220926,1664121600000,18.39,18.39,17.69,17.950000000000003,27994,50478017.0,0.0,15,18.130000000000003,0
20220927,1664208000000,17.98,18.209999999999997,17.81,17.99,11774,21172673.000000004,0.0,15,17.95,0
20220928,1664294400000,17.950000000000003,18.12,17.44,17.700000000000003,26753,47455080.00000001,0.0,15,17.990000000000002,0
20220929,1664380800000,17.88,18.36,17.73,18.2,26749,48461766.0,0.0,15,17.7,0
20220930,1664467200000,18.18,18.43,17.85,17.93,29667,53893360.00000001,0.0,15,18.200000000000003,0
20221010,1665331200000,17.900000000000002,18.34,17.6,17.860000000000003,21259,38378985.0,0.0,15,17.93,0
20221011,1665417600000,17.919999999999998,19.259999999999998,17.81,19.099999999999998,55442,104169776.0,0.0,15,17.86,0
20221012,1665504000000,19.07,19.330000000000002,18.8,19.29,42518,81034971.0,0.0,15,19.1,0
20221013,1665590400000,19.29,20.19,18.91,20.18,60142,118541539.99999999,0.0,15,19.29,0
20221014,1665676800000,20.15,20.48,19.66,20.28,49549,99495014.0,0.0,15,20.18,0
20221017,1665936000000,19.94,20.700000000000003,19.900000000000002,20.580000000000002,33319,67781137.0,0.0,15,20.28,0
20221018,1666022400000,20.57,21.64,20.22,21.049999999999997,53493,112666959.00000001,0.0,15,20.58,0
20221019,1666108800000,20.91,21.88,20.88,21.689999999999998,49871,106896309.00000001,0.0,15,21.05,0
20221020,1666195200000,21.77,21.82,21.2,21.599999999999998,38098,81850676.00000001,0.0,15,21.689999999999998,0
20221021,1666281600000,21.470000000000002,21.970000000000002,21.3,21.94,31484,68130523.0,0.0,15,21.6,0
20221024,1666540800000,22.08,22.599999999999998,21.22,21.27,61308,132474816.0,0.0,15,21.939999999999998,0
20221025,1666627200000,21.19,22.26,21.1,22.080000000000002,56755,123586283.00000001,0.0,15,21.270000000000003,0
20221026,1666713600000,23.650000000000002,24.94,23.3,24.130000000000003,158147,380543409.0,0.0,15,22.080000000000002,0
20221027,1666800000000,24.860000000000003,24.89,23.35,23.540000000000003,87275,207721877.0,0.0,15,24.130000000000003,0
20221028,1666886400000,23.5,24.169999999999998,23.2,23.56,73550,174337533.0,0.0,15,23.54,0
20221031,1667145600000,23.53,23.6,22.6,22.84,67174,154184328.0,0.0,15,23.560000000000002,0
20221101,1667232000000,22.89,23.65,22.66,23.31,43275,100654359.0,0.0,15,22.84,0
20221102,1667318400000,23.0,23.41,22.72,22.939999999999998,34148,78730038.0,0.0,15,23.31,0
20221103,1667404800000,22.830000000000002,23.88,22.57,23.38,30334,70891227.0,0.0,15,22.94,0
20221104,1667491200000,23.39,23.970000000000002,23.05,23.330000000000002,35231,82870751.0,0.0,15,23.38,0
20221107,1667750400000,23.77,24.349999999999998,23.2,23.33,42600,101254816.0,0.0,15,23.33,0
20221108,1667836800000,23.43,23.5,22.87,23.35,19999,46292335.0,0.0,15,23.330000000000002,0
20221109,1667923200000,23.23,23.83,23.0,23.6,19811,46568041.0,0.0,15,23.35,0
20221110,1668009600000,23.6,23.650000000000002,22.8,23.04,21920,50529069.0,0.0,15,23.6,0
20221111,1668096000000,23.500000000000004,23.69,22.580000000000002,22.6,21596,49557110.0,0.0,15,23.040000000000003,0
20221114,1668355200000,22.6,23.47,22.3,22.580000000000002,34643,78848806.0,0.0,15,22.6,0
20221115,1668441600000,22.580000000000002,22.94,22.21,22.75,30399,68573825.00000001,0.0,15,22.580000000000002,0
20221116,1668528000000,22.99,22.99,22.11,22.4,17859,39823870.0,0.0,15,22.75,0
20221117,1668614400000,22.26,22.830000000000002,22.240000000000002,22.750000000000004,16552,37365453.0,0.0,15,22.400000000000002,0
20221118,1668700800000,22.740000000000002,23.39,22.46,22.64,17917,41057432.00000001,0.0,15,22.75,0
20221121,1668960000000,22.64,23.49,22.18,23.04,24071,55099881.00000001,0.0,15,22.64,0
20221122,1669046400000,23.04,23.27,22.32,22.330000000000002,18746,42535710.00000001,0.0,15,23.04,0
20221123,1669132800000,22.45,22.689999999999998,21.97,22.64,20102,45000661.0,0.0,15,22.33,0
20221124,1669219200000,22.509999999999998,23.32,22.31,23.099999999999998,17598,40485084.0,0.0,15,22.639999999999997,0
20221125,1669305600000,22.87,23.16,22.0,22.17,16702,37451666.0,0.0,15,23.1,0
20221128,1669564800000,21.27,22.259999999999998,21.27,21.81,26504,57658826.0,0.0,15,22.169999999999998,0
20221129,1669651200000,21.95,22.16,21.43,21.47,20700,44831333.0,0.0,15,21.81,0
20221130,1669737600000,21.47,21.68,21.27,21.46,16554,35491234.99999999,0.0,15,21.47,0
20221201,1669824000000,21.700000000000003,22.450000000000003,21.400000000000002,21.71,24379,53250383.0,0.0,15,21.46,0
20221202,1669910400000,21.91,22.189999999999998,21.61,21.7,12766,27943472.0,0.0,15,21.71,0
20221205,1670169600000,21.81,22.48,21.36,21.4,17346,37676634.00000001,0.0,15,21.7,0
20221206,1670256000000,21.71,21.71,21.03,21.36,14684,31283280.0,0.0,15,21.400000000000002,0
20221207,1670342400000,21.259999999999998,21.66,21.2,21.36,11396,24350469.0,0.0,15,21.36,0
20221208,1670428800000,21.310000000000002,21.78,21.150000000000002,21.400000000000002,15384,32986060.0,0.0,15,21.360000000000003,0
20221209,1670515200000,21.46,21.68,21.21,21.35,11219,23979160.0,0.0,15,21.400000000000002,0
20221212,1670774400000,21.33,21.69,21.0,21.61,20160,43272766.99999999,0.0,15,21.35,0
20221213,1670860800000,21.220000000000002,21.62,21.03,21.240000000000002,14466,30732343.0,0.0,15,21.61,0
20221214,1670947200000,21.28,21.98,20.98,21.1,21466,45649189.0,0.0,15,21.240000000000002,0
20221215,1671033600000,21.23,21.23,20.64,21.02,12109,25294255.0,0.0,15,21.1,0
20221216,1671120000000,21.01,21.380000000000003,20.71,21.18,13987,29535608.0,0.0,15,21.02,0
20221219,1671379200000,21.080000000000002,21.240000000000002,20.64,20.7,18728,39044998.0,0.0,15,21.18,0
20221220,1671465600000,20.610000000000003,20.85,20.26,20.69,13811,28555684.0,0.0,15,20.700000000000003,0
20221221,1671552000000,20.81,21.29,20.5,20.99,15473,32449030.0,0.0,15,20.69,0
20221222,1671638400000,21.17,21.26,20.3,20.580000000000002,19188,39709815.0,0.0,15,20.990000000000002,0
20221223,1671724800000,20.31,20.88,20.29,20.7,11144,23036904.0,0.0,15,20.58,0
20221226,1671984000000,21.110000000000003,21.16,20.51,20.680000000000003,17567,36410390.00000001,0.0,15,20.700000000000003,0
20221227,1672070400000,20.89,21.130000000000003,20.400000000000002,20.69,18858,38980952.0,0.0,15,20.680000000000003,0
20221228,1672156800000,20.69,20.830000000000002,20.330000000000002,20.48,13738,28144831.0,0.0,15,20.69,0
20221229,1672243200000,20.64,21.14,20.5,21.0,26579,55629103.0,0.0,15,20.48,0
20221230,1672329600000,20.95,21.91,20.75,21.87,28559,61524054.0,0.0,15,21.0,0
20230103,1672675200000,21.73,22.270000000000003,21.240000000000002,21.92,36273,78861078.0,0.0,15,21.87,0
20230104,1672761600000,21.78,21.85,21.35,21.580000000000002,29510,63633473.00000001,0.0,15,21.92,0
20230105,1672848000000,21.6,21.99,21.43,21.63,24375,52865075.0,0.0,15,21.58,0
20230106,1672934400000,21.61,22.4,21.56,22.22,30929,68286874.0,0.0,15,21.63,0
20230109,1673193600000,22.23,22.580000000000002,21.96,22.05,24246,53629645.0,0.0,15,22.220000000000002,0
20230110,1673280000000,22.380000000000003,22.400000000000002,21.6,22.0,17115,37536080.00000001,0.0,15,22.05,0
20230111,1673366400000,22.17,22.450000000000003,21.85,22.130000000000003,17657,39182711.99999999,0.0,15,22.0,0
20230112,1673452800000,22.13,22.42,22.0,22.4,14840,33088136.000000004,0.0,15,22.13,0
20230113,1673539200000,22.41,22.5,22.0,22.19,17965,39875343.0,0.0,15,22.4,0
20230116,1673798400000,22.130000000000003,23.270000000000003,22.1,22.64,26751,60904006.99999999,0.0,15,22.19,0
20230117,1673884800000,22.51,22.8,22.37,22.67,10884,24596854.0,0.0,15,22.64,0
20230118,1673971200000,22.48,22.83,22.0,22.28,18207,40669062.0,0.0,15,22.67,0
20230119,1674057600000,22.28,22.740000000000002,22.21,22.67,11664,26254168.0,0.0,15,22.28,0
20230120,1674144000000,22.6,22.810000000000002,22.35,22.560000000000002,14532,32741728.0,0.0,15,22.67,0
20230130,1675008000000,22.700000000000003,22.91,21.92,22.150000000000002,30221,67165782.99999999,0.0,15,22.560000000000002,0
20230131,1675094400000,22.599999999999998,22.66,21.56,21.599999999999998,44032,96014793.0,0.0,15,22.15,0
20230201,1675180800000,21.759999999999998,21.98,20.86,21.099999999999998,67647,143843544.0,0.0,15,21.599999999999998,0
20230202,1675267200000,21.09,21.22,20.89,21.21,34097,71825646.0,0.0,15,21.1,0
20230203,1675353600000,21.18,21.21,20.16,20.62,66069,135593534.00000003,0.0,15,21.21,0
20230206,1675612800000,20.490000000000002,20.85,20.32,20.44,44610,91551266.00000001,0.0,15,20.62,0
20230207,1675699200000,20.43,20.55,20.16,20.4,32037,64944457.0,0.0,15,20.44,0
20230208,1675785600000,20.310000000000002,20.5,20.3,20.46,26682,54435644.0,0.0,15,20.400000000000002,0
20230209,1675872000000,20.400000000000002,20.56,20.23,20.48,26366,53836762.00000001,0.0,15,20.46,0
20230210,1675958400000,20.48,20.880000000000003,20.37,20.580000000000002,36560,75274275.0,0.0,15,20.48,0
20230213,1676217600000,20.580000000000002,21.39,20.51,21.28,53461,112411495.0,0.0,15,20.580000000000002,0
20230214,1676304000000,21.25,21.34,20.95,21.07,27072,57070649.00000001,0.0,15,21.279999999999998,0
20230215,1676390400000,21.03,21.14,20.71,20.76,22820,47584937.0,0.0,15,21.07,0
20230216,1676476800000,20.830000000000002,20.880000000000003,20.01,20.180000000000003,31983,65449613.0,0.0,15,20.76,0
20230217,1676563200000,20.2,20.3,19.71,19.87,36234,72330443.00000001,0.0,15,20.18,0
20230220,1676822400000,19.93,20.18,19.71,20.130000000000003,33319,66340888.99999999,0.0,15,19.87,0
20230221,1676908800000,20.13,20.45,20.05,20.3,23808,48274868.0,0.0,15,20.13,0
20230222,1676995200000,20.31,20.369999999999997,20.04,20.11,17231,34755442.0,0.0,15,20.3,0
20230223,1677081600000,20.27,20.32,20.06,20.099999999999998,11792,23796649.0,0.0,15,20.11,0
20230224,1677168000000,20.16,20.28,19.92,20.17,12923,25975950.0,0.0,15,20.1,0
20230227,1677427200000,20.17,20.340000000000003,19.92,20.25,14585,29431822.0,0.0,15,20.17,0
20230228,1677513600000,20.130000000000003,20.28,19.85,20.130000000000003,21572,43185863.0,0.0,15,20.25,0
20230301,1677600000000,20.150000000000002,20.25,19.96,20.21,21315,42856583.0,0.0,15,20.130000000000003,0
20230302,1677686400000,20.21,20.270000000000003,19.900000000000002,19.990000000000002,17592,35250546.00000001,0.0,15,20.21,0
20230303,1677772800000,20.0,20.0,19.77,19.81,18586,36891864.00000001,0.0,15,19.99,0
20230306,1678032000000,19.8,20.180000000000003,19.740000000000002,20.12,18865,37677278.0,0.0,15,19.810000000000002,0
20230307,1678118400000,20.12,20.22,19.66,19.69,17612,35117786.0,0.0,15,20.12,0
20230308,1678204800000,19.65,19.759999999999998,19.45,19.55,16663,32586141.0,0.0,15,19.689999999999998,0
20230309,1678291200000,19.61,19.69,19.48,19.51,10963,21458143.0,0.0,15,19.55,0
20230310,1678377600000,19.49,19.58,19.27,19.32,12143,23478649.0,0.0,15,19.509999999999998,0
20230313,1678636800000,19.2,19.42,19.0,19.36,14851,28637533.999999996,0.0,15,19.32,0
20230314,1678723200000,19.46,19.46,18.91,19.11,13615,26030653.000000004,0.0,15,19.36,0
20230315,1678809600000,19.169999999999998,19.57,19.09,19.47,16415,31927879.0,0.0,15,19.11,0
20230316,1678896000000,19.400000000000002,19.740000000000002,19.19,19.200000000000003,15261,29694261.000000004,0.0,15,19.470000000000002,0
20230317,1678982400000,19.4,19.439999999999998,19.13,19.18,14039,27016359.000000004,0.0,15,19.2,0
20230320,1679241600000,19.13,19.330000000000002,18.91,19.17,18710,35653310.0,0.0,15,19.18,0
20230321,1679328000000,19.240000000000002,19.25,19.03,19.1,14937,28575812.000000004,0.0,15,19.17,0
20230322,1679414400000,19.150000000000002,19.28,19.05,19.18,17126,32874331.0,0.0,15,19.1,0
20230323,1679500800000,19.18,19.23,18.72,18.89,24628,46561872.0,0.0,15,19.18,0
20230324,1679587200000,18.930000000000003,19.05,18.42,18.46,28369,52718623.0,0.0,15,18.89,0
20230327,1679846400000,18.430000000000003,18.450000000000003,18.17,18.200000000000003,29947,54695768.0,0.0,15,18.46,0
20230328,1679932800000,18.209999999999997,18.65,18.13,18.31,25423,46756648.0,0.0,15,18.2,0
20230329,1680019200000,18.31,18.5,17.97,18.02,26402,47806167.0,0.0,15,18.31,0
20230330,1680105600000,18.67,19.28,18.32,18.580000000000002,86418,161773620.00000003,0.0,15,18.02,0
20230331,1680192000000,18.349999999999998,18.95,18.31,18.5,43924,81785451.0,0.0,15,18.58,0
20230403,1680451200000,18.47,18.51,18.07,18.11,46412,84363611.0,0.0,15,18.5,0
20230404,1680537600000,18.12,18.19,17.71,17.87,32805,58720956.0,0.0,15,18.11,0
20230406,1680710400000,17.88,18.33,17.88,18.3,26758,48656156.0,0.0,15,17.869999999999997,0
20230407,1680796800000,18.23,18.89,18.17,18.87,33043,61701932.0,0.0,15,18.3,0
20230410,1681056000000,18.860000000000003,19.1,18.6,18.810000000000002,23814,44845308.0,0.0,15,18.87,0
20230411,1681142400000,18.95,18.95,18.55,18.900000000000002,19161,35992061.00000001,0.0,15,18.810000000000002,0
20230412,1681228800000,19.0,19.05,18.61,18.81,19866,37317711.99999999,0.0,15,18.9,0
20230413,1681315200000,18.78,18.78,18.39,18.400000000000002,17415,32262806.0,0.0,15,18.810000000000002,0
20230414,1681401600000,18.44,18.7,18.41,18.53,18458,34296921.0,0.0,15,18.4,0
20230417,1681660800000,18.5,18.62,18.16,18.31,25913,47534458.0,0.0,15,18.53,0
20230418,1681747200000,18.4,18.55,18.13,18.529999999999998,25578,47098564.0,0.0,15,18.31,0
20230419,1681833600000,18.51,18.580000000000002,18.19,18.44,23513,43101727.0,0.0,15,18.53,0
20230420,1681920000000,18.47,18.49,18.0,18.15,18788,34125107.0,0.0,15,18.44,0
20230421,1682006400000,18.18,18.37,17.78,17.790000000000003,21252,38229869.00000001,0.0,15,18.150000000000002,0
20230424,1682265600000,17.78,18.080000000000002,17.51,17.880000000000003,19958,35611414.0,0.0,15,17.790000000000003,0
20230425,1682352000000,17.7,17.96,17.05,17.650000000000002,34136,59647552.0,0.0,15,17.880000000000003,0
20230426,1682438400000,17.66,17.990000000000002,17.51,17.85,20716,36995246.0,0.0,15,17.650000000000002,0
20230427,1682524800000,17.64,17.95,17.54,17.779999999999998,17368,30906956.000000004,0.0,15,17.849999999999998,0
20230428,1682611200000,17.85,17.990000000000002,17.21,17.59,30379,53134594.0,0.0,15,17.78,0
20230504,1683129600000,17.259999999999998,17.48,17.04,17.15,21736,37339325.0,0.0,15,17.59,0
20230505,1683216000000,17.06,17.14,16.77,16.91,18325,30932279.0,0.0,15,17.15,0
20230508,1683475200000,16.86,17.29,16.86,17.189999999999998,16392,28058292.000000004,0.0,15,16.91,0
20230509,1683561600000,17.17,17.27,16.73,16.740000000000002,16581,27968347.0,0.0,15,17.19,0
20230510,1683648000000,16.73,16.94,16.71,16.82,8381,14087006.0,0.0,15,16.740000000000002,0
20230511,1683734400000,16.86,17.16,16.65,16.91,10540,17840406.0,0.0,15,16.82,0
20230512,1683820800000,16.91,17.04,16.73,16.73,8784,14821299.000000002,0.0,15,16.91,0
20230515,1684080000000,16.7,17.04,16.7,17.04,11850,20010556.0,0.0,15,16.73,0
20230516,1684166400000,17.13,17.31,16.93,16.99,17681,30204485.0,0.0,15,17.04,0
20230517,1684252800000,17.03,17.13,16.93,17.1,8528,14545859.0,0.0,15,16.99,0
20230518,1684339200000,17.18,17.220000000000002,16.8,16.98,13576,23029381.0,0.0,15,17.1,0
20230519,1684425600000,16.930000000000003,17.05,16.580000000000002,17.05,14331,24200453.000000004,0.0,15,16.98,0
20230522,1684684800000,11.100000000000001,11.41,10.97,11.360000000000001,29512,33243949.0,0.0,15,11.15,0
20230523,1684771200000,11.389999999999999,11.58,11.27,11.299999999999999,28391,32361804.0,0.0,15,11.36,0
20230524,1684857600000,11.11,11.44,11.11,11.35,21831,24670183.0,0.0,15,11.299999999999999,0
20230525,1684944000000,11.26,11.389999999999999,11.1,11.27,19151,21503144.0,0.0,15,11.35,0
20230526,1685030400000,11.25,11.34,11.09,11.22,14829,16583033.0,0.0,15,11.27,0
20230529,1685289600000,11.22,11.34,11.07,11.11,24448,27346449.000000004,0.0,15,11.22,0
20230530,1685376000000,11.11,11.2,11.02,11.17,17917,19933457.000000004,0.0,15,11.11,0
20230531,1685462400000,11.120000000000001,11.200000000000001,10.98,11.02,20884,23065201.0,0.0,15,11.17,0
20230601,1685548800000,10.97,11.090000000000002,10.96,10.98,20708,22810861.000000004,0.0,15,11.020000000000001,0
20230602,1685635200000,10.97,11.15,10.92,11.09,24520,27090487.0,0.0,15,10.98,0
20230605,1685894400000,11.15,11.15,10.99,11.07,16878,18665979.0,0.0,15,11.09,0
20230606,1685980800000,11.07,11.07,10.59,10.6,43923,47071301.0,0.0,15,11.07,0
20230607,1686067200000,10.69,10.69,10.36,10.399999999999999,18823,19715254.0,0.0,15,10.6,0
20230608,1686153600000,10.45,10.52,10.35,10.4,13575,14148434.0,0.0,15,10.4,0
20230609,1686240000000,10.42,10.53,10.1,10.15,33441,34232485.00000001,0.0,15,10.4,0
20230612,1686499200000,10.200000000000001,10.270000000000001,10.13,10.200000000000001,25285,25768692.0,0.0,15,10.15,0
20230613,1686585600000,10.200000000000001,10.25,10.07,10.09,22348,22618959.0,0.0,15,10.200000000000001,0
20230614,1686672000000,10.090000000000002,10.190000000000001,9.96,9.96,25912,25983715.000000004,0.0,15,10.090000000000002,0
20230615,1686758400000,9.950000000000001,10.21,9.88,10.180000000000001,38384,38649709.0,0.0,15,9.96,0
20230616,1686844800000,10.190000000000001,10.200000000000001,10.040000000000001,10.120000000000001,23183,23469109.000000004,0.0,15,10.180000000000001,0
20230619,1687104000000,10.180000000000001,10.33,10.05,10.16,28958,29404892.999999996,0.0,15,10.120000000000001,0
20230620,1687190400000,10.16,10.17,10.01,10.01,17741,17880706.999999996,0.0,15,10.16,0
20230621,1687276800000,10.03,10.1,9.86,9.87,19848,19768655.0,0.0,15,10.01,0
20230626,1687708800000,9.86,9.9,9.66,9.81,27441,26853149.0,0.0,15,9.870000000000001,0
20230627,1687795200000,9.870000000000001,10.15,9.8,10.14,32999,33210323.0,0.0,15,9.81,0
20230628,1687881600000,10.11,10.16,10.01,10.11,19126,19302554.0,0.0,15,10.14,0
20230629,1687968000000,10.120000000000001,10.270000000000001,10.040000000000001,10.23,20371,20788407.0,0.0,15,10.110000000000001,0
20230630,1688054400000,10.280000000000001,10.46,10.23,10.38,32518,33677166.0,0.0,15,10.23,0
20230703,1688313600000,10.459999999999999,10.53,10.36,10.399999999999999,26605,27741026.0,0.0,15,10.379999999999999,0
20230704,1688400000000,10.450000000000001,10.450000000000001,10.31,10.38,16056,16620294.0,0.0,15,10.4,0
20230705,1688486400000,10.36,10.48,10.32,10.43,18114,18890732.0,0.0,15,10.38,0
20230706,1688572800000,10.47,10.47,10.3,10.33,11344,11744700.0,0.0,15,10.430000000000001,0
20230707,1688659200000,10.34,10.399999999999999,10.28,10.309999999999999,8625,8912268.0,0.0,15,10.33,0
20230710,1688918400000,10.44,10.44,10.25,10.29,35555,36665428.0,0.0,15,10.31,0
20230711,1689004800000,10.29,10.459999999999999,10.27,10.44,23882,24792394.0,0.0,15,10.29,0
20230712,1689091200000,10.479999999999999,10.559999999999999,10.36,10.44,21035,22035653.0,0.0,15,10.44,0
20230713,1689177600000,10.41,10.67,10.41,10.52,22657,23875844.999999996,0.0,15,10.44,0
20230714,1689264000000,10.510000000000002,10.58,10.38,10.450000000000001,19722,20603447.0,0.0,15,10.520000000000001,0
20230717,1689523200000,10.66,10.76,10.28,10.34,43207,45161600.0,0.0,15,10.45,0
20230718,1689609600000,10.39,10.65,10.3,10.520000000000001,49620,51978698.0,0.0,15,10.34,0
20230719,1689696000000,10.45,10.52,10.28,10.34,25588,26513296.0,0.0,15,10.52,0
20230720,1689782400000,10.33,10.790000000000001,10.33,10.65,85507,90814099.00000001,0.0,15,10.34,0
20230721,1689868800000,10.6,11.139999999999999,10.52,11.08,131561,144013264.0,0.0,15,10.65,0
20230724,1690128000000,11.05,11.450000000000001,10.950000000000001,11.190000000000001,129103,144308800.0,0.0,15,11.080000000000002,0
20230725,1690214400000,11.01,11.19,10.84,11.04,84914,93066311.0,0.0,15,11.19,0
20230726,1690300800000,11.040000000000001,11.45,10.91,11.370000000000001,104852,118012526.99999999,0.0,15,11.040000000000001,0
20230727,1690387200000,11.260000000000002,11.4,10.950000000000001,11.160000000000002,85121,95079942.0,0.0,15,11.370000000000001,0
20230728,1690473600000,11.09,11.17,10.98,11.09,36986,40970367.0,0.0,15,11.16,0
20230731,1690732800000,11.1,11.22,11.0,11.05,40634,45007054.00000001,0.0,15,11.09,0
20230801,1690819200000,11.08,11.120000000000001,10.82,10.99,36594,40092734.99999999,0.0,15,11.05,0
20230802,1690905600000,10.95,11.11,10.86,10.969999999999999,23402,25662062.0,0.0,15,10.99,0
20230803,1690992000000,10.91,11.06,10.88,10.96,18407,20203153.0,0.0,15,10.97,0
20230804,1691078400000,11.01,11.040000000000001,10.83,10.83,23115,25187162.0,0.0,15,10.96,0
20230807,1691337600000,10.860000000000001,10.870000000000001,10.700000000000001,10.830000000000002,18210,19615466.0,0.0,15,10.830000000000002,0
20230808,1691424000000,10.78,10.82,10.68,10.7,19572,20976279.0,0.0,15,10.83,0
20230809,1691510400000,10.700000000000001,10.75,10.57,10.64,12188,12983677.999999998,0.0,15,10.700000000000001,0
20230810,1691596800000,10.71,11.25,10.64,11.24,61502,68042867.0,0.0,15,10.64,0
20230811,1691683200000,11.25,11.28,10.85,10.87,39360,43382750.0,0.0,15,11.24,0
20230814,1691942400000,10.79,11.08,10.76,11.01,27602,30232034.0,0.0,15,10.87,0
20230815,1692028800000,11.010000000000002,11.13,10.870000000000001,10.9,21566,23628907.0,0.0,15,11.010000000000002,0
20230816,1692115200000,10.860000000000001,10.96,10.65,10.67,21937,23537815.0,0.0,15,10.9,0
20230817,1692201600000,10.6,10.6,10.31,10.520000000000001,22597,23676529.0,0.0,15,10.67,0
20230818,1692288000000,10.510000000000002,10.590000000000002,10.200000000000001,10.200000000000001,20932,21670651.999999996,0.0,15,10.520000000000001,0
20230821,1692547200000,10.17,10.39,10.13,10.13,15624,15949019.000000002,0.0,15,10.200000000000001,0
20230822,1692633600000,10.120000000000001,10.270000000000001,9.96,10.180000000000001,16980,17129115.000000004,0.0,15,10.13,0
20230823,1692720000000,10.170000000000002,10.180000000000001,9.96,9.97,14624,14660441.000000002,0.0,15,10.180000000000001,0
20230824,1692806400000,10.1,10.73,10.1,10.56,55123,57626914.00000001,0.0,15,9.969999999999999,0
20230825,1692892800000,10.580000000000002,10.920000000000002,10.370000000000001,10.420000000000002,34604,36665980.0,0.0,15,10.56,0
20230828,1693152000000,10.9,11.05,10.24,10.31,35106,37060293.0,0.0,15,10.42,0
20230829,1693238400000,10.26,10.69,10.24,10.64,31800,33515498.0,0.0,15,10.31,0
20230830,1693324800000,10.629999999999999,10.83,10.51,10.68,26939,28799731.999999996,0.0,15,10.64,0
20230831,1693411200000,10.67,10.72,10.5,10.71,20042,21248277.0,0.0,15,10.68,0
20230901,1693497600000,10.69,10.799999999999999,10.61,10.799999999999999,18598,19998620.0,0.0,15,10.709999999999999,0
20230904,1693756800000,10.8,10.920000000000002,10.71,10.88,20754,22489125.0,0.0,15,10.8,0
20230905,1693843200000,10.82,10.9,10.74,10.88,18085,19601849.0,0.0,15,10.88,0
20230906,1693929600000,10.82,10.9,10.77,10.87,23679,25696514.0,0.0,15,10.879999999999999,0
20230907,1694016000000,10.870000000000001,10.93,10.65,10.71,32695,35281323.0,0.0,15,10.870000000000001,0
20230908,1694102400000,10.77,10.79,10.6,10.629999999999999,19084,20368928.0,0.0,15,10.709999999999999,0
20230911,1694361600000,10.629999999999999,10.889999999999999,10.6,10.85,26853,28968718.000000004,0.0,15,10.629999999999999,0
20230912,1694448000000,10.850000000000001,10.88,10.71,10.82,12470,13458447.0,0.0,15,10.850000000000001,0
20230913,1694534400000,10.83,10.899999999999999,10.61,10.719999999999999,19031,20399958.000000004,0.0,15,10.82,0
20230914,1694620800000,10.719999999999999,10.85,10.6,10.66,18242,19516565.000000004,0.0,15,10.719999999999999,0
20230915,1694707200000,10.709999999999999,10.76,10.51,10.59,25935,27519230.0,0.0,15,10.66,0
20230918,1694966400000,10.530000000000001,10.71,10.450000000000001,10.63,17450,18509392.0,0.0,15,10.590000000000002,0
20230919,1695052800000,10.66,10.700000000000001,10.540000000000001,10.620000000000001,16604,17620264.0,0.0,15,10.63,0
20230920,1695139200000,10.530000000000001,10.64,10.38,10.41,19763,20726894.999999996,0.0,15,10.620000000000001,0
20230921,1695225600000,10.49,10.49,10.11,10.2,44852,45772707.99999999,0.0,15,10.41,0
20230922,1695312000000,10.3,10.41,10.15,10.39,42353,43541356.0,0.0,15,10.200000000000001,0
20230925,1695571200000,10.4,10.5,10.24,10.38,33072,34317930.0,0.0,15,10.39,0
20230926,1695657600000,10.3,10.4,10.21,10.270000000000001,21197,21802575.0,0.0,15,10.38,0
20230927,1695744000000,10.299999999999999,10.48,10.18,10.25,33238,34275352.0,0.0,15,10.27,0
20230928,1695830400000,10.25,10.379999999999999,10.1,10.139999999999999,44908,45726041.0,0.0,15,10.25,0
20231009,1696780800000,10.1,10.18,10.02,10.07,24247,24429591.0,0.0,15,10.139999999999999,0
20231010,1696867200000,10.059999999999999,10.2,10.03,10.069999999999999,21387,21579905.000000004,0.0,15,10.069999999999999,0
20231011,1696953600000,10.12,10.23,10.09,10.129999999999999,27967,28409062.000000004,0.0,15,10.07,0
20231012,1697040000000,10.12,10.37,10.08,10.35,24962,25599481.0,0.0,15,10.13,0
20231013,1697126400000,10.3,10.34,10.17,10.2,19838,20281580.0,0.0,15,10.35,0
20231016,1697385600000,10.190000000000001,10.33,10.06,10.110000000000001,28052,28527473.0,0.0,15,10.200000000000001,0
20231017,1697472000000,10.09,10.16,10.03,10.129999999999999,16916,17071940.0,0.0,15,10.11,0
20231018,1697558400000,10.14,10.16,9.91,9.93,18838,18805627.0,0.0,15,10.13,0
20231019,1697644800000,9.930000000000001,9.99,9.790000000000001,9.81,14422,14224119.0,0.0,15,9.930000000000001,0
20231020,1697731200000,9.81,9.84,9.6,9.629999999999999,24793,24071346.0,0.0,15,9.81,0
20231023,1697990400000,9.469999999999999,9.469999999999999,8.18,8.36,167384,140617283.0,0.0,15,9.629999999999999,0
20231024,1698076800000,8.23,8.32,7.95,8.13,169127,136727365.99999997,0.0,15,8.36,0
20231025,1698163200000,8.1,8.26,7.91,7.97,137745,110811748.0,0.0,15,8.13,0
20231026,1698249600000,7.949999999999999,7.949999999999999,7.68,7.75,128826,99800507.0,0.0,15,7.97,0
20231027,1698336000000,7.73,7.96,7.62,7.92,128199,99662739.0,0.0,15,7.75,0
20231030,1698595200000,7.88,8.040000000000001,7.83,8.01,83094,66137606.00000001,0.0,15,7.92,0
20231031,1698681600000,8.0,8.16,7.98,8.08,63462,51109743.0,0.0,15,8.01,0
20231101,1698768000000,8.07,8.129999999999999,8.01,8.12,46173,37290787.0,0.0,15,8.08,0
20231102,1698854400000,8.16,8.29,8.1,8.12,68582,56016049.0,0.0,15,8.12,0
20231103,1698940800000,8.12,8.4,8.08,8.3,66141,54783708.0,0.0,15,8.12,0
20231106,1699200000000,8.31,8.46,8.25,8.45,52025,43534278.0,0.0,15,8.3,0
20231107,1699286400000,8.379999999999999,8.45,8.26,8.4,47698,39869329.0,0.0,15,8.45,0
20231108,1699372800000,8.41,8.41,8.27,8.36,49799,41498198.0,0.0,15,8.4,0
20231109,1699459200000,8.35,8.450000000000001,8.32,8.35,38086,31919957.0,0.0,15,8.36,0
20231110,1699545600000,8.299999999999999,8.42,8.27,8.379999999999999,28629,23928900.0,0.0,15,8.35,0
20231113,1699804800000,8.39,8.43,8.26,8.379999999999999,36273,30252513.0,0.0,15,8.379999999999999,0
20231114,1699891200000,8.4,8.41,8.32,8.36,24187,20221654.0,0.0,15,8.38,0
20231115,1699977600000,8.4,8.510000000000002,8.370000000000001,8.48,42839,36188414.0,0.0,15,8.360000000000001,0
20231116,1700064000000,8.43,8.48,8.33,8.34,33235,27827561.000000004,0.0,15,8.48,0
20231117,1700150400000,8.32,8.46,8.290000000000001,8.450000000000001,29256,24585076.0,0.0,15,8.340000000000002,0
20231120,1700409600000,8.510000000000002,8.55,8.38,8.540000000000001,35252,29875007.999999996,0.0,15,8.450000000000001,0
20231121,1700496000000,8.540000000000001,8.63,8.46,8.48,31825,27237794.0,0.0,15,8.540000000000001,0
20231122,1700582400000,8.459999999999999,8.52,8.35,8.379999999999999,38459,32375558.000000004,0.0,15,8.48,0
20231123,1700668800000,8.34,8.48,8.33,8.47,31692,26636199.000000004,0.0,15,8.38,0
20231124,1700755200000,8.43,8.52,8.32,8.34,31663,26516289.999999996,0.0,15,8.47,0
20231127,1701014400000,8.31,8.42,8.26,8.31,26054,21652328.000000004,0.0,15,8.34,0
20231128,1701100800000,8.32,8.41,8.27,8.41,33466,27956158.0,0.0,15,8.309999999999999,0
20231129,1701187200000,8.39,8.45,8.26,8.26,34143,28423347.0,0.0,15,8.41,0
20231130,1701273600000,8.27,8.31,8.15,8.21,30312,24872551.0,0.0,15,8.26,0
20231201,1701360000000,8.190000000000001,8.250000000000002,8.120000000000001,8.16,31540,25751219.000000004,0.0,15,8.21,0
20231204,1701619200000,8.13,8.180000000000001,8.040000000000001,8.07,35693,28888803.0,0.0,15,8.16,0
20231205,1701705600000,8.09,8.09,7.91,7.91,34031,27180115.0,0.0,15,8.07,0
20231206,1701792000000,7.96,8.11,7.88,8.04,38290,30742071.000000004,0.0,15,7.91,0
20231207,1701878400000,8.05,8.05,7.87,7.9,31068,24604984.0,0.0,15,8.040000000000001,0
20231208,1701964800000,7.92,7.99,7.78,7.8,26345,20679128.0,0.0,15,7.9,0
20231211,1702224000000,7.78,7.840000000000001,7.640000000000001,7.800000000000001,41070,31882268.0,0.0,15,7.800000000000001,0
20231212,1702310400000,7.78,7.84,7.63,7.82,53881,41522673.0,0.0,15,7.8,0
20231213,1702396800000,7.75,7.8,7.67,7.7,44932,34753636.0,0.0,15,7.82,0
20231214,1702483200000,7.7,7.9,7.7,7.78,46709,36495141.0,0.0,15,7.7,0
20231215,1702569600000,7.81,7.89,7.72,7.75,57969,45125594.00000001,0.0,15,7.779999999999999,0
20231218,1702828800000,7.74,7.74,7.5200000000000005,7.53,49348,37477397.0,0.0,15,7.750000000000001,0
20231219,1702915200000,7.51,7.609999999999999,7.51,7.6,31691,23961856.0,0.0,15,7.529999999999999,0
20231220,1703001600000,7.6000000000000005,7.73,7.5200000000000005,7.5200000000000005,32164,24512956.0,0.0,15,7.6000000000000005,0
20231221,1703088000000,7.5200000000000005,7.62,7.41,7.6000000000000005,30826,23216023.0,0.0,15,7.5200000000000005,0
20231222,1703174400000,7.63,7.7,7.47,7.51,45489,34292217.0,0.0,15,7.6,0
20231225,1703433600000,7.52,7.52,7.3,7.38,46443,34250735.0,0.0,15,7.51,0
20231226,1703520000000,7.38,7.45,7.3,7.33,33120,24388148.0,0.0,15,7.38,0
20231227,1703606400000,7.32,7.380000000000001,7.23,7.36,26510,19396009.0,0.0,15,7.33,0
20231228,1703692800000,7.3500000000000005,7.630000000000001,7.3100000000000005,7.6000000000000005,59013,44444587.0,0.0,15,7.36,0
20231229,1703779200000,7.55,7.67,7.54,7.64,37888,28808636.0,0.0,15,7.6,0
20240102,1704124800000,7.640000000000001,7.760000000000001,7.57,7.680000000000001,41208,31653929.0,0.0,15,7.640000000000001,0
20240103,1704211200000,7.670000000000001,7.7700000000000005,7.6000000000000005,7.710000000000001,42636,32771635.000000004,0.0,15,7.680000000000001,0
20240104,1704297600000,7.72,7.72,7.59,7.67,26481,20255891.0,0.0,15,7.71,0
20240105,1704384000000,7.640000000000001,7.7,7.49,7.53,34607,26210992.0,0.0,15,7.67,0
20240108,1704643200000,7.53,7.54,7.32,7.33,35249,26131783.000000004,0.0,15,7.53,0
20240109,1704729600000,7.34,7.57,7.3,7.4799999999999995,45544,33937359.0,0.0,15,7.33,0
20240110,1704816000000,7.46,7.6000000000000005,7.37,7.42,43643,32681697.0,0.0,15,7.48,0
20240111,1704902400000,7.42,7.58,7.38,7.53,38660,28885805.0,0.0,15,7.42,0
20240112,1704988800000,7.53,7.710000000000001,7.48,7.48,42208,32010310.999999996,0.0,15,7.53,0
20240115,1705248000000,7.48,7.540000000000001,7.390000000000001,7.460000000000001,26957,20111145.999999996,0.0,15,7.48,0
20240116,1705334400000,7.45,7.49,7.2700000000000005,7.390000000000001,33952,25015891.999999996,0.0,15,7.460000000000001,0
20240117,1705420800000,7.380000000000001,7.390000000000001,7.15,7.16,42739,31043101.999999996,0.0,15,7.390000000000001,0
20240118,1705507200000,7.11,7.15,6.86,7.0200000000000005,57616,40290895.0,0.0,15,7.16,0
20240119,1705593600000,7.07,7.17,6.96,6.99,34079,24047424.000000004,0.0,15,7.02,0
20240122,1705852800000,6.930000000000001,7.07,6.53,6.59,52909,35838761.00000001,0.0,15,6.99,0
20240123,1705939200000,6.59,6.65,6.41,6.59,46329,30275806.0,0.0,15,6.59,0
20240124,1706025600000,6.63,6.7,6.38,6.65,45283,29693074.999999996,0.0,15,6.59,0
20240125,1706112000000,6.69,6.880000000000001,6.61,6.840000000000001,77573,52589023.0,0.0,15,6.65,0
20240126,1706198400000,6.8,6.95,6.79,6.81,52663,36158974.0,0.0,15,6.84,0
20240129,1706457600000,6.83,6.86,6.5200000000000005,6.54,56279,37537304.0,0.0,15,6.8100000000000005,0
20240130,1706544000000,6.39,6.56,6.26,6.29,71038,45328825.0,0.0,15,6.54,0
20240131,1706630400000,6.25,6.3,5.93,5.97,67678,41111351.99999999,0.0,15,6.29,0
20240201,1706716800000,5.970000000000001,6.0,5.73,5.79,76500,44662538.0,0.0,15,5.970000000000001,0
20240202,1706803200000,5.8,5.93,5.33,5.5600000000000005,76157,42819350.0,0.0,15,5.79,0
20240205,1707062400000,5.470000000000001,5.5200000000000005,4.91,5.2,128016,65743929.0,0.0,15,5.5600000000000005,0
20240206,1707148800000,5.1,5.49,5.01,5.31,128664,66948911.00000001,0.0,15,5.2,0
20240207,1707235200000,5.2299999999999995,5.46,5.14,5.2299999999999995,128584,67977941.0,0.0,15,5.31,0
20240208,1707321600000,5.24,5.79,5.15,5.710000000000001,104627,56973473.0,0.0,15,5.23,0
20240219,1708272000000,5.8100000000000005,6.0,5.66,5.8500000000000005,101332,59297943.00000001,0.0,15,5.71,0
20240220,1708358400000,5.81,5.83,5.71,5.79,71059,40974523.0,0.0,15,5.85,0
20240221,1708444800000,5.72,6.28,5.7,6.09,158784,96966582.0,0.0,15,5.79,0
20240222,1708531200000,6.01,6.18,6.01,6.13,82045,49929658.0,0.0,15,6.09,0
20240223,1708617600000,6.13,6.32,6.09,6.32,93792,58266669.00000001,0.0,15,6.13,0
20240226,1708876800000,6.32,6.47,6.21,6.35,81517,51620499.00000001,0.0,15,6.32,0
20240227,1708963200000,6.3100000000000005,6.5,6.24,6.5,69876,44746153.0,0.0,15,6.3500000000000005,0
20240228,1709049600000,6.4799999999999995,6.64,6.05,6.05,120310,76450904.00000001,0.0,15,6.5,0
20240229,1709136000000,6.01,6.22,5.96,6.22,110958,67621529.0,0.0,15,6.05,0
20240301,1709222400000,6.250000000000001,6.2700000000000005,6.0600000000000005,6.170000000000001,74764,45976025.0,0.0,15,6.220000000000001,0
20240304,1709481600000,6.18,6.23,6.0,6.11,67853,41193668.0,0.0,15,6.17,0
20240305,1709568000000,6.1000000000000005,6.1000000000000005,5.9,5.930000000000001,61248,36567372.0,0.0,15,6.11,0
20240306,1709654400000,5.89,6.07,5.87,6.0,49187,29388532.0,0.0,15,5.93,0
20240307,1709740800000,6.0200000000000005,6.1000000000000005,5.95,5.96,52614,31745784.0,0.0,15,6.0,0
20240308,1709827200000,5.96,6.17,5.92,6.03,67091,40495948.0,0.0,15,5.96,0
20240311,1710086400000,6.0,6.11,5.98,6.11,75447,45685986.0,0.0,15,6.03,0
20240312,1710172800000,6.1,6.1899999999999995,6.05,6.18,79615,48782278.99999999,0.0,15,6.109999999999999,0
20240313,1710259200000,6.2,6.25,6.08,6.18,74322,45699915.0,0.0,15,6.18,0
20240314,1710345600000,6.15,6.21,6.03,6.1000000000000005,75784,46425382.0,0.0,15,6.180000000000001,0
20240315,1710432000000,6.1,6.24,6.05,6.24,84094,51742552.00000001,0.0,15,6.1,0
20240318,1710691200000,6.260000000000001,6.32,6.15,6.3100000000000005,105136,65572621.00000001,0.0,15,6.24,0
20240319,1710777600000,6.279999999999999,6.41,6.26,6.37,102644,65123575.0,0.0,15,6.31,0
20240320,1710864000000,6.37,6.420000000000001,6.3100000000000005,6.390000000000001,66242,42237467.0,0.0,15,6.37,0
20240321,1710950400000,6.420000000000001,6.460000000000001,6.3100000000000005,6.380000000000001,84504,53937064.0,0.0,15,6.390000000000001,0
20240322,1711036800000,6.38,6.3999999999999995,6.18,6.18,93794,58564706.0,0.0,15,6.38,0
20240325,1711296000000,6.15,6.2,6.0,6.0,68954,41930508.0,0.0,15,6.18,0
20240326,1711382400000,6.01,6.08,5.88,6.06,55040,33003885.0,0.0,15,6.0,0
20240327,1711468800000,6.05,6.1000000000000005,5.87,5.88,69059,41445632.0,0.0,15,6.0600000000000005,0
20240328,1711555200000,5.88,6.050000000000001,5.82,5.930000000000001,63638,37895946.0,0.0,15,5.88,0
20240329,1711641600000,5.93,6.02,5.93,6.02,36456,21756628.0,0.0,15,5.93,0
20240401,1711900800000,5.989999999999999,6.2299999999999995,5.97,6.21,72368,44241489.00000001,0.0,15,6.02,0
20240402,1711987200000,6.2,6.41,6.16,6.4,113941,72172969.0,0.0,15,6.21,0
20240403,1712073600000,6.41,6.48,6.28,6.4,95799,61074191.00000001,0.0,15,6.4,0
20240408,1712505600000,6.35,6.41,6.09,6.12,78699,48977742.00000001,0.0,15,6.3999999999999995,0
20240409,1712592000000,6.11,6.4,6.1000000000000005,6.380000000000001,84652,53178377.0,0.0,15,6.12,0
20240410,1712678400000,6.41,6.48,6.25,6.31,87383,55253789.0,0.0,15,6.38,0
20240411,1712764800000,6.26,6.39,6.21,6.29,114019,71934259.00000001,0.0,15,6.31,0
20240412,1712851200000,6.29,6.3100000000000005,6.08,6.14,85218,52473457.00000001,0.0,15,6.29,0
20240415,1713110400000,6.11,6.14,5.71,5.82,118947,69933639.0,0.0,15,6.14,0
20240416,1713196800000,5.779999999999999,5.779999999999999,5.3,5.33,97208,52848298.0,0.0,15,5.82,0
20240417,1713283200000,5.42,5.8100000000000005,5.4,5.8100000000000005,90454,51142004.99999999,0.0,15,5.33,0
20240418,1713369600000,5.85,6.1,5.76,5.87,110333,65750619.0,0.0,15,5.81,0
20240419,1713456000000,5.779999999999999,6.09,5.68,6.09,109941,65360824.00000001,0.0,15,5.87,0
20240422,1713715200000,6.03,6.260000000000001,5.94,6.210000000000001,125849,77062284.0,0.0,15,6.090000000000001,0
20240423,1713801600000,6.18,6.31,6.13,6.27,102682,63882168.0,0.0,15,6.21,0
20240424,1713888000000,5.9,5.98,5.6000000000000005,5.86,169801,99083747.0,0.0,15,6.2700000000000005,0
20240425,1713974400000,5.86,6.23,5.8100000000000005,6.03,110141,66829132.00000001,0.0,15,5.86,0
20240426,1714060800000,6.0600000000000005,6.0600000000000005,5.83,5.92,117132,68932094.0,0.0,15,6.03,0
20240429,1714320000000,5.91,6.010000000000001,5.8500000000000005,5.960000000000001,72041,42839906.99999999,0.0,15,5.920000000000001,0
20240430,1714406400000,5.9799999999999995,6.05,5.92,5.9799999999999995,52186,31243187.0,0.0,15,5.96,0
20240506,1714924800000,6.02,6.29,6.0,6.29,113728,70568639.0,0.0,15,5.98,0
20240507,1715011200000,6.29,6.42,6.24,6.41,98458,62184114.0,0.0,15,6.29,0
20240508,1715097600000,6.4,6.59,6.29,6.37,121911,78382410.0,0.0,15,6.41,0
20240509,1715184000000,6.38,6.5,6.36,6.37,78006,50001494.00000001,0.0,15,6.37,0
20240510,1715270400000,6.37,6.75,6.36,6.550000000000001,163654,106874590.0,0.0,15,6.37,0
20240513,1715529600000,6.460000000000001,6.460000000000001,6.23,6.3500000000000005,110893,70417505.0,0.0,15,6.550000000000001,0
20240514,1715616000000,6.4,6.420000000000001,6.19,6.23,83018,51998200.00000001,0.0,15,6.3500000000000005,0
20240515,1715702400000,6.22,6.32,6.12,6.22,55640,34598204.0,0.0,15,6.23,0
20240516,1715788800000,6.2,6.3,6.17,6.21,42321,26398757.0,0.0,15,6.22,0
20240517,1715875200000,6.21,6.34,6.17,6.27,57677,35990216.0,0.0,15,6.21,0
20240520,1716134400000,6.279999999999999,6.43,6.26,6.29,86906,54923602.00000001,0.0,15,6.27,0
20240521,1716220800000,6.260000000000001,6.2700000000000005,6.07,6.09,78237,47934886.0,0.0,15,6.29,0
20240522,1716307200000,6.0,6.1000000000000005,5.98,6.03,41900,25269623.0,0.0,15,5.970000000000001,0
20240523,1716393600000,6.02,6.02,5.88,5.8999999999999995,46900,27749582.0,0.0,15,6.03,0
20240524,1716480000000,5.8999999999999995,5.99,5.88,5.8999999999999995,30838,18316332.0,0.0,15,5.8999999999999995,0
20240527,1716739200000,5.9,6.010000000000001,5.82,5.99,49150,29070378.0,0.0,15,5.9,0
20240528,1716825600000,5.9799999999999995,6.01,5.89,5.909999999999999,34628,20546442.0,0.0,15,5.989999999999999,0
20240529,1716912000000,5.89,6.18,5.87,6.140000000000001,77787,47217693.0,0.0,15,5.91,0
20240530,1716998400000,6.140000000000001,6.340000000000001,6.11,6.180000000000001,72203,44906420.0,0.0,15,6.140000000000001,0
20240531,1717084800000,6.140000000000001,6.17,5.95,6.0,72171,43468782.00000001,0.0,15,6.180000000000001,0
20240603,1717344000000,5.9799999999999995,6.0,5.72,5.84,65642,38170890.0,0.0,15,6.0,0
20240604,1717430400000,5.819999999999999,5.85,5.72,5.85,29073,16804515.0,0.0,15,5.84,0
20240605,1717516800000,5.8,5.8999999999999995,5.72,5.7299999999999995,29967,17365317.0,0.0,15,5.85,0
20240606,1717603200000,5.720000000000001,5.78,5.49,5.65,64850,36412948.0,0.0,15,5.73,0
20240607,1717689600000,5.74,5.9,5.69,5.880000000000001,40606,23541587.0,0.0,15,5.65,0
20240611,1718035200000,5.83,5.97,5.72,5.92,35097,20627587.000000004,0.0,15,5.88,0
20240612,1718121600000,5.89,6.06,5.84,6.03,41862,24910327.0,0.0,15,5.92,0
20240613,1718208000000,6.0200000000000005,6.03,5.91,5.98,31362,18736229.0,0.0,15,6.03,0
20240614,1718294400000,6.0,6.08,5.93,6.0,31866,19157630.000000004,0.0,15,5.9799999999999995,0
20240617,1718553600000,5.9799999999999995,6.02,5.88,5.99,30780,18348276.0,0.0,15,6.0,0
20240618,1718640000000,5.97,6.13,5.92,6.1,48039,29121608.999999996,0.0,15,5.99,0
20240619,1718726400000,6.069999999999999,6.16,6.05,6.109999999999999,29836,18242435.0,0.0,15,6.1,0
20240620,1718812800000,6.08,6.239999999999999,5.93,5.949999999999999,37933,23084558.0,0.0,15,6.109999999999999,0
20240621,1718899200000,5.909999999999999,6.449999999999999,5.89,6.319999999999999,188260,118074437.0,0.0,15,5.949999999999999,0
20240624,1719158400000,6.2,6.49,6.2,6.34,128337,80921191.0,0.0,15,6.32,0
20240625,1719244800000,6.300000000000001,6.95,6.2700000000000005,6.790000000000001,233449,155353009.0,0.0,15,6.340000000000001,0
20240626,1719331200000,6.68,6.8999999999999995,6.55,6.78,170100,113884746.0,0.0,15,6.79,0
20240627,1719417600000,6.66,6.69,6.45,6.54,120119,78520404.0,0.0,15,6.78,0
20240628,1719504000000,6.49,6.65,6.42,6.64,98913,64752321.0,0.0,15,6.54,0
20240701,1719763200000,6.62,7.290000000000001,6.5200000000000005,7.08,199143,137591210.0,0.0,15,6.640000000000001,0
20240702,1719849600000,7.090000000000001,7.48,6.8100000000000005,6.83,203578,144388802.0,0.0,15,7.08,0
20240703,1719936000000,6.8,7.0,6.66,6.8100000000000005,102076,69432410.0,0.0,15,6.83,0
20240704,1720022400000,6.78,6.970000000000001,6.53,6.53,104278,69543360.0,0.0,15,6.8100000000000005,0
20240705,1720108800000,6.45,6.630000000000001,6.36,6.5600000000000005,93045,60463828.0,0.0,15,6.53,0
20240708,1720368000000,6.680000000000001,6.75,6.45,6.5200000000000005,66052,43392675.0,0.0,15,6.5600000000000005,0
20240709,1720454400000,6.48,6.55,6.25,6.51,73140,46687290.99999999,0.0,15,6.52,0
20240710,1720540800000,6.4399999999999995,6.71,6.34,6.38,82552,53922685.0,0.0,15,6.51,0
20240711,1720627200000,6.41,6.66,6.390000000000001,6.49,96132,62773055.0,0.0,15,6.380000000000001,0
20240712,1720713600000,6.460000000000001,6.460000000000001,6.2700000000000005,6.340000000000001,67296,42720029.00000001,0.0,15,6.49,0
20240715,1720972800000,6.33,6.37,6.17,6.21,47232,29395282.0,0.0,15,6.34,0
20240716,1721059200000,6.21,6.21,6.01,6.1,52139,31720080.0,0.0,15,6.21,0
20240717,1721145600000,6.05,6.22,6.05,6.069999999999999,45582,27967005.999999996,0.0,15,6.1,0
20240718,1721232000000,6.1000000000000005,6.12,5.91,6.09,44669,26862649.0,0.0,15,6.07,0
20240719,1721318400000,6.15,6.21,6.04,6.19,30061,18489223.0,0.0,15,6.09,0
20240722,1721577600000,6.19,6.19,6.0,6.05,46972,28464375.0,0.0,15,6.19,0
20240723,1721664000000,6.04,6.1,5.75,5.76,66035,38915678.0,0.0,15,6.05,0
20240724,1721750400000,5.800000000000001,5.830000000000001,5.6000000000000005,5.6000000000000005,43829,24830597.0,0.0,15,5.760000000000001,0
20240725,1721836800000,5.58,5.72,5.5,5.64,46001,25765200.999999996,0.0,15,5.6,0
20240726,1721923200000,5.61,5.7700000000000005,5.61,5.760000000000001,33012,18829997.0,0.0,15,5.640000000000001,0
20240729,1722182400000,5.720000000000001,5.86,5.65,5.73,22537,12943145.0,0.0,15,5.760000000000001,0
20240730,1722268800000,5.73,5.800000000000001,5.61,5.760000000000001,46941,26680870.000000004,0.0,15,5.73,0
20240731,1722355200000,5.7700000000000005,6.0,5.7,5.96,49539,29190461.0,0.0,15,5.76,0
20240801,1722441600000,5.949999999999999,6.05,5.89,5.93,28268,16801474.0,0.0,15,5.96,0
20240802,1722528000000,5.91,5.96,5.8,5.87,32950,19394160.0,0.0,15,5.93,0
20240805,1722787200000,5.84,5.88,5.66,5.68,32099,18481884.0,0.0,15,5.87,0
20240806,1722873600000,5.75,5.83,5.73,5.82,25644,14816290.999999998,0.0,15,5.680000000000001,0
20240807,1722960000000,5.8,5.95,5.72,5.87,26388,15428416.0,0.0,15,5.819999999999999,0
20240808,1723046400000,5.82,5.91,5.79,5.9,17585,10304768.0,0.0,15,5.87,0
20240809,1723132800000,5.93,6.02,5.84,5.87,22292,13178221.0,0.0,15,5.8999999999999995,0
20240812,1723392000000,5.86,5.86,5.7700000000000005,5.8500000000000005,11090,6443524.000000001,0.0,15,5.87,0
20240813,1723478400000,5.9,5.94,5.79,5.87,15421,9049590.0,0.0,15,5.85,0
20240814,1723564800000,5.9,5.9,5.75,5.75,20401,11850994.0,0.0,15,5.87,0
20240815,1723651200000,5.68,5.83,5.68,5.779999999999999,17869,10301718.0,0.0,15,5.75,0
20240816,1723737600000,5.800000000000001,5.8100000000000005,5.73,5.78,13825,7972489.0,0.0,15,5.78,0
20240819,1723996800000,5.78,5.9,5.75,5.85,25050,14620707.0,0.0,15,5.78,0
20240820,1724083200000,5.8500000000000005,5.86,5.66,5.7,20196,11619808.0,0.0,15,5.8500000000000005,0
20240821,1724169600000,5.66,5.760000000000001,5.61,5.69,22523,12853090.0,0.0,15,5.7,0
20240822,1724256000000,5.65,5.76,5.62,5.63,31111,17666868.0,0.0,15,5.69,0
20240823,1724342400000,5.6000000000000005,5.7,5.5200000000000005,5.630000000000001,40844,22875649.0,0.0,15,5.630000000000001,0
20240826,1724601600000,5.6499999999999995,5.7299999999999995,5.59,5.63,27280,15388243.000000002,0.0,15,5.63,0
20240827,1724688000000,5.6,5.66,5.54,5.55,18148,10129880.999999998,0.0,15,5.63,0
20240828,1724774400000,5.55,5.6000000000000005,5.49,5.54,19812,10994142.000000002,0.0,15,5.55,0
20240829,1724860800000,5.51,5.6,5.42,5.54,36987,20447717.000000004,0.0,15,5.54,0
20240830,1724947200000,5.550000000000001,5.800000000000001,5.5200000000000005,5.65,56905,32301575.000000004,0.0,15,5.54,0
20240902,1725206400000,5.65,5.78,5.65,5.66,36994,21114581.0,0.0,15,5.65,0
20240903,1725292800000,5.680000000000001,5.82,5.65,5.82,36166,20877463.0,0.0,15,5.66,0
20240904,1725379200000,5.8100000000000005,5.8500000000000005,5.69,5.71,44840,25903244.000000004,0.0,15,5.82,0
20240905,1725465600000,5.71,5.8100000000000005,5.65,5.7,27084,15424605.000000002,0.0,15,5.71,0
20240906,1725552000000,5.69,5.7,5.53,5.55,25374,14220782.0,0.0,15,5.7,0
20240909,1725811200000,5.51,5.58,5.5,5.54,18182,10072170.999999998,0.0,15,5.55,0
20240910,1725897600000,5.569999999999999,5.569999999999999,5.43,5.52,27310,14989671.000000002,0.0,15,5.54,0
20240911,1725984000000,5.5200000000000005,5.55,5.45,5.46,15829,8693716.0,0.0,15,5.5200000000000005,0
20240912,1726070400000,5.49,5.54,5.42,5.46,21702,11861817.0,0.0,15,5.46,0
20240913,1726156800000,5.4799999999999995,5.6,5.39,5.47,32946,17945708.0,0.0,15,5.46,0
20240918,1726588800000,5.4399999999999995,5.45,5.13,5.25,51924,27156433.0,0.0,15,5.47,0
20240919,1726675200000,5.26,5.47,5.25,5.42,38129,20486945.000000004,0.0,15,5.25,0
20240920,1726761600000,5.4399999999999995,5.58,5.34,5.49,34368,18643890.0,0.0,15,5.42,0
20240923,1727020800000,5.5,5.5,5.4,5.41,22837,12397678.0,0.0,15,5.49,0
20240924,1727107200000,5.46,5.61,5.42,5.56,49549,27259594.0,0.0,15,5.41,0
20240925,1727193600000,5.61,5.69,5.54,5.56,56267,31631501.999999996,0.0,15,5.56,0
20240926,1727280000000,5.550000000000001,5.750000000000001,5.5200000000000005,5.74,58310,32855241.0,0.0,15,5.5600000000000005,0
20240927,1727366400000,5.84,6.25,5.78,6.07,126264,75884589.0,0.0,15,5.74,0
20240930,1727625600000,6.33,6.93,6.16,6.88,185384,121426694.00000001,0.0,15,6.07,0
20241008,1728316800000,8.0,8.01,6.97,7.35,258232,191327959.0,0.0,15,6.88,0
20241009,1728403200000,7.1000000000000005,7.1000000000000005,6.53,6.5600000000000005,148039,100791965.0,0.0,15,7.3500000000000005,0
20241010,1728489600000,6.7,6.84,6.45,6.58,93202,62215383.0,0.0,15,6.5600000000000005,0
20241011,1728576000000,6.58,6.66,6.25,6.33,73263,47093449.0,0.0,15,6.58,0
20241014,1728835200000,6.32,6.44,6.24,6.41,63105,40155987.0,0.0,15,6.33,0
20241015,1728921600000,6.42,6.4799999999999995,6.3,6.31,56139,35876081.99999999,0.0,15,6.41,0
20241016,1729008000000,6.24,6.340000000000001,6.15,6.23,57539,35957955.99999999,0.0,15,6.3100000000000005,0
20241017,1729094400000,6.24,6.3500000000000005,6.15,6.16,53564,33524687.0,0.0,15,6.23,0
20241018,1729180800000,6.12,6.41,6.11,6.300000000000001,95693,59734340.0,0.0,15,6.16,0
20241021,1729440000000,6.31,6.43,6.26,6.33,72299,45832129.0,0.0,15,6.3,0
20241022,1729526400000,6.3500000000000005,6.61,6.32,6.5600000000000005,93235,60125169.00000001,0.0,15,6.33,0
20241023,1729612800000,6.53,6.59,6.45,6.53,77698,50580013.0,0.0,15,6.5600000000000005,0
20241024,1729699200000,6.48,6.59,6.45,6.53,52056,33960983.0,0.0,15,6.53,0
20241025,1729785600000,6.42,6.58,6.36,6.550000000000001,94362,61247005.0,0.0,15,6.53,0
20241028,1730044800000,6.58,6.7299999999999995,6.51,6.7,102069,67619950.0,0.0,15,6.55,0
20241029,1730131200000,6.65,6.78,6.32,6.37,120071,77726191.0,0.0,15,6.7,0
20241030,1730217600000,6.3100000000000005,6.41,6.16,6.25,79886,50055920.0,0.0,15,6.37,0
20241031,1730304000000,6.25,6.3500000000000005,6.2,6.25,77701,48619470.0,0.0,15,6.25,0
20241101,1730390400000,6.27,6.29,6.0,6.02,95813,58463791.0,0.0,15,6.25,0
20241104,1730649600000,6.0,6.25,5.99,6.15,88333,53889397.0,0.0,15,6.0200000000000005,0
20241105,1730736000000,6.15,6.24,6.11,6.220000000000001,121897,75380895.0,0.0,15,6.15,0
20241106,1730822400000,6.22,6.3,6.16,6.25,103366,64597895.00000001,0.0,15,6.22,0
20241107,1730908800000,6.21,6.48,6.19,6.45,141833,90594184.0,0.0,15,6.25,0
20241108,1730995200000,6.54,6.59,6.33,6.36,162331,104360818.0,0.0,15,6.45,0
20241111,1731254400000,6.3100000000000005,6.49,6.3100000000000005,6.49,154958,99328132.0,0.0,15,6.36,0
20241112,1731340800000,6.5200000000000005,6.7700000000000005,6.49,6.55,240818,159644418.99999997,0.0,15,6.49,0
20241113,1731427200000,6.54,6.640000000000001,6.41,6.63,161148,105591462.0,0.0,15,6.55,0
20241114,1731513600000,6.630000000000001,6.75,6.44,6.49,155875,103005020.0,0.0,15,6.630000000000001,0
20241115,1731600000000,6.46,6.83,6.44,6.82,315199,210685026.0,0.0,15,6.49,0
20241118,1731859200000,7.01,7.1,6.55,6.7299999999999995,343086,234474739.00000003,0.0,15,6.82,0
20241119,1731945600000,6.6000000000000005,6.63,6.28,6.61,250821,161972236.00000003,0.0,15,6.73,0
20241120,1732032000000,6.51,6.95,6.46,6.95,328989,222148484.0,0.0,15,6.61,0
20241121,1732118400000,6.94,7.37,6.83,7.2700000000000005,407854,288207694.0,0.0,15,6.95,0
20241122,1732204800000,7.1899999999999995,7.2,6.71,6.74,292806,203094576.0,0.0,15,7.27,0
20241125,1732464000000,6.76,6.88,6.62,6.8,154167,103909182.0,0.0,15,6.74,0
20241126,1732550400000,6.75,6.76,6.55,6.58,143326,95369745.0,0.0,15,6.8,0
20241127,1732636800000,6.5200000000000005,6.62,6.28,6.62,142427,91746609.0,0.0,15,6.58,0
20241128,1732723200000,6.57,6.78,6.5600000000000005,6.65,131565,87903061.0,0.0,15,6.62,0
20241129,1732809600000,6.62,6.78,6.6000000000000005,6.710000000000001,119460,79982888.0,0.0,15,6.65,0
20241202,1733068800000,6.75,6.82,6.69,6.8100000000000005,142437,96344371.00000001,0.0,15,6.71,0
20241203,1733155200000,6.81,7.09,6.72,7.09,216174,149280846.00000003,0.0,15,6.81,0
20241204,1733241600000,7.010000000000001,7.010000000000001,6.7700000000000005,6.800000000000001,156137,107509442.00000001,0.0,15,7.090000000000001,0
20241205,1733328000000,6.76,6.95,6.76,6.87,103790,71294967.00000001,0.0,15,6.8,0
20241206,1733414400000,6.85,7.26,6.8,7.14,250367,177593865.0,0.0,15,6.87,0
20241209,1733673600000,7.12,7.26,7.04,7.1,154715,110359147.0,0.0,15,7.14,0
20241210,1733760000000,7.3,7.33,7.01,7.06,165607,117833960.0,0.0,15,7.1,0
20241211,1733846400000,7.03,7.09,6.96,7.0,148170,104016721.0,0.0,15,7.06,0
20241212,1733932800000,7.0,7.0200000000000005,6.87,7.0,136218,94725390.0,0.0,15,7.0,0
20241213,1734019200000,6.9799999999999995,6.9799999999999995,6.76,6.779999999999999,121020,82901888.00000001,0.0,15,7.0,0
20241216,1734278400000,6.779999999999999,6.91,6.76,6.819999999999999,81771,55950214.00000001,0.0,15,6.779999999999999,0
20241217,1734364800000,6.8100000000000005,6.84,6.58,6.61,91034,60755408.00000001,0.0,15,6.82,0
20241218,1734451200000,6.62,6.66,6.5200000000000005,6.630000000000001,73843,48784952.0,0.0,15,6.61,0
20241219,1734537600000,6.57,6.63,6.46,6.57,72018,47025865.0,0.0,15,6.63,0
20241220,1734624000000,6.5600000000000005,6.750000000000001,6.5200000000000005,6.680000000000001,104027,69229988.0,0.0,15,6.57,0
20241223,1734883200000,6.7,6.7,6.32,6.3500000000000005,96138,62252948.0,0.0,15,6.680000000000001,0
20241224,1734969600000,6.37,6.44,6.28,6.41,61852,39362661.0,0.0,15,6.3500000000000005,0
20241225,1735056000000,6.4,6.4,6.140000000000001,6.220000000000001,91148,56694365.0,0.0,15,6.41,0
20241226,1735142400000,6.22,6.28,6.16,6.18,68152,42416688.0,0.0,15,6.22,0
20241227,1735228800000,6.19,6.3500000000000005,6.16,6.3,81239,51138762.0,0.0,15,6.18,0
20241230,1735488000000,6.22,6.27,6.13,6.2,61547,38123673.0,0.0,15,6.3,0
20241231,1735574400000,6.2,6.23,6.0600000000000005,6.07,68403,41955683.0,0.0,15,6.2,0
20250102,1735747200000,6.0600000000000005,6.140000000000001,5.9,5.95,67065,40420523.0,0.0,15,6.07,0
20250103,1735833600000,5.970000000000001,5.98,5.73,5.74,70921,41550122.0,0.0,15,5.95,0
20250106,1736092800000,5.77,5.84,5.59,5.76,67186,38658718.0,0.0,15,5.74,0
20250107,1736179200000,5.76,5.86,5.67,5.85,64891,37451594.0,0.0,15,5.76,0
20250108,1736265600000,5.82,5.8500000000000005,5.61,5.760000000000001,76931,44095713.0,0.0,15,5.8500000000000005,0
20250109,1736352000000,5.75,5.93,5.72,5.819999999999999,70343,40737215.00000001,0.0,15,5.76,0
20250110,1736438400000,5.78,5.95,5.67,5.71,101107,58380908.00000001,0.0,15,5.82,0
20250113,1736697600000,5.550000000000001,5.840000000000001,5.5200000000000005,5.82,72056,41315603.0,0.0,15,5.710000000000001,0
20250114,1736784000000,5.83,5.99,5.83,5.98,101390,60202719.0,0.0,15,5.82,0
20250115,1736870400000,5.99,5.99,5.84,5.859999999999999,70083,41275338.0,0.0,15,5.9799999999999995,0
20250116,1736956800000,5.890000000000001,5.96,5.78,5.8100000000000005,80576,47268545.0,0.0,15,5.86,0
20250117,1737043200000,5.8100000000000005,5.8100000000000005,5.7,5.76,74583,42903664.0,0.0,15,5.8100000000000005,0
20250120,1737302400000,5.79,5.819999999999999,5.72,5.779999999999999,71869,41556261.0,0.0,15,5.76,0
20250121,1737388800000,5.78,5.82,5.62,5.68,88754,50363011.0,0.0,15,5.78,0
20250122,1737475200000,5.68,5.8,5.62,5.71,73772,42228077.0,0.0,15,5.68,0
20250123,1737561600000,5.72,5.92,5.72,5.8,112269,65483740.0,0.0,15,5.71,0
20250124,1737648000000,5.8,5.85,5.75,5.79,53809,31124810.0,0.0,15,5.8,0
20250127,1737907200000,5.8,5.9799999999999995,5.8,5.92,97769,57684565.00000001,0.0,15,5.79,0
20250205,1738684800000,5.930000000000001,5.99,5.78,5.84,104644,61521085.00000001,0.0,15,5.92,0
20250206,1738771200000,5.84,5.85,5.75,5.84,116850,67815442.0,0.0,15,5.84,0
20250207,1738857600000,5.83,6.0,5.82,5.94,116034,68570829.0,0.0,15,5.84,0
20250210,1739116800000,5.93,6.15,5.91,6.13,126419,76215218.0,0.0,15,5.94,0
20250211,1739203200000,6.14,6.22,6.08,6.14,94633,58245673.0,0.0,15,6.13,0
20250212,1739289600000,6.12,6.180000000000001,6.0600000000000005,6.130000000000001,59752,36562363.0,0.0,15,6.140000000000001,0
20250213,1739376000000,6.1000000000000005,6.23,6.1000000000000005,6.15,60070,36991800.0,0.0,15,6.130000000000001,0
20250214,1739462400000,6.15,6.170000000000001,6.0600000000000005,6.130000000000001,55417,33912797.0,0.0,15,6.15,0
20250217,1739721600000,6.1499999999999995,6.1899999999999995,6.09,6.18,67145,41313445.00000001,0.0,15,6.13,0
20250218,1739808000000,6.170000000000001,6.3500000000000005,6.0200000000000005,6.0600000000000005,96645,59774386.00000001,0.0,15,6.180000000000001,0
20250219,1739894400000,6.069999999999999,6.21,6.01,6.1899999999999995,79796,48741424.0,0.0,15,6.06,0
20250220,1739980800000,6.18,6.28,6.13,6.2,48224,29905939.0,0.0,15,6.1899999999999995,0
20250221,1740067200000,6.16,6.2,6.1000000000000005,6.11,67982,41646290.0,0.0,15,6.2,0
20250224,1740326400000,6.13,6.25,6.13,6.18,68807,42634233.0,0.0,15,6.11,0
20250225,1740412800000,6.14,6.18,6.05,6.109999999999999,54655,33479411.000000004,0.0,15,6.18,0
20250226,1740499200000,6.12,6.220000000000001,6.1000000000000005,6.19,66910,41324923.0,0.0,15,6.11,0
20250227,1740585600000,6.220000000000001,6.220000000000001,6.07,6.16,57005,35001450.00000001,0.0,15,6.19,0
20250228,1740672000000,6.17,6.22,6.05,6.08,78928,48413241.0,0.0,15,6.16,0
20250303,1740931200000,6.130000000000001,6.220000000000001,6.0600000000000005,6.170000000000001,89242,55082740.00000001,0.0,15,6.08,0
20250304,1741017600000,6.12,6.180000000000001,6.11,6.15,50484,30989783.000000004,0.0,15,6.17,0
20250305,1741104000000,6.130000000000001,6.15,5.98,6.03,71440,43098580.99999999,0.0,15,6.15,0
20250306,1741190400000,6.04,6.1,6.0,6.04,56446,34174473.0,0.0,15,6.03,0
20250307,1741276800000,6.04,6.12,6.01,6.06,54954,33365008.0,0.0,15,6.04,0
20250310,1741536000000,6.05,6.16,6.05,6.16,63024,38610623.0,0.0,15,6.06,0
20250311,1741622400000,6.12,6.17,6.07,6.17,50499,30881505.0,0.0,15,6.16,0
20250312,1741708800000,6.17,6.29,6.15,6.2700000000000005,97343,60745892.00000001,0.0,15,6.17,0
20250313,1741795200000,6.26,6.28,6.08,6.18,77057,47450197.0,0.0,15,6.2700000000000005,0
20250314,1741881600000,6.16,6.29,6.12,6.28,73229,45558599.99999999,0.0,15,6.18,0
20250317,1742140800000,6.3,6.36,6.28,6.3100000000000005,66025,41685745.0,0.0,15,6.28,0
20250318,1742227200000,6.31,6.36,6.29,6.34,48342,30580971.0,0.0,15,6.31,0
20250319,1742313600000,6.3100000000000005,6.36,6.24,6.2700000000000005,59852,37656586.0,0.0,15,6.34,0
20250320,1742400000000,6.23,6.33,6.23,6.300000000000001,43360,27255927.0,0.0,15,6.2700000000000005,0
20250321,1742486400000,6.28,6.36,6.2,6.25,52302,32820601.0,0.0,15,6.3,0
20250324,1742745600000,6.199999999999999,6.239999999999999,5.93,6.069999999999999,107068,64937369.00000001,0.0,15,6.25,0
20250325,1742832000000,6.05,6.28,6.03,6.2700000000000005,89722,55307275.0,0.0,15,6.07,0
20250326,1742918400000,6.26,6.49,6.22,6.41,127616,81394161.00000001,0.0,15,6.27,0
20250327,1743004800000,6.4,6.5200000000000005,6.3500000000000005,6.460000000000001,113687,73305430.00000001,0.0,15,6.41,0
20250328,1743091200000,6.45,6.45,6.16,6.16,103415,64825546.00000001,0.0,15,6.46,0
20250331,1743350400000,6.11,6.1899999999999995,5.88,5.99,100604,60392607.0,0.0,15,6.16,0
20250401,1743436800000,6.0,6.36,5.99,6.3100000000000005,150106,93822244.0,0.0,15,5.99,0
20250402,1743523200000,6.279999999999999,6.63,6.22,6.49,173033,111241099.99999999,0.0,15,6.31,0
20250403,1743609600000,6.43,6.66,6.38,6.4399999999999995,155521,100743165.0,0.0,15,6.49,0
20250407,1743955200000,6.11,6.25,5.5200000000000005,5.7,231954,137944331.0,0.0,15,6.44,0
20250408,1744041600000,5.78,6.08,5.7700000000000005,5.890000000000001,175981,103754172.0,0.0,15,5.7,0
20250409,1744128000000,5.82,5.98,5.33,5.92,189698,107972141.0,0.0,15,5.890000000000001,0
20250410,1744214400000,5.96,6.12,5.94,5.95,131582,79289563.0,0.0,15,5.920000000000001,0
20250411,1744300800000,5.92,6.11,5.87,5.88,109660,65568759.00000001,0.0,15,5.95,0
20250414,1744560000000,6.08,6.340000000000001,6.0200000000000005,6.090000000000001,138460,84605942.00000001,0.0,15,5.880000000000001,0
20250415,1744646400000,6.13,6.16,5.97,6.01,97901,59047171.0,0.0,15,6.09,0
20250416,1744732800000,6.01,6.01,5.67,5.78,120658,69911522.0,0.0,15,6.01,0
20250417,1744819200000,5.72,5.99,5.71,5.82,99286,58098415.0,0.0,15,5.78,0
20250418,1744905600000,5.79,5.83,5.69,5.75,66323,38091664.0,0.0,15,5.82,0
20250421,1745164800000,5.75,5.95,5.69,5.890000000000001,97314,57006080.99999999,0.0,15,5.75,0
20250422,1745251200000,5.89,6.4799999999999995,5.89,6.34,300088,186682561.00000003,0.0,15,5.89,0
20250423,1745337600000,6.32,6.38,6.17,6.2,221751,138625235.00000003,0.0,15,6.34,0
20250424,1745424000000,6.1,6.2,5.88,6.0,191342,114921947.0,0.0,15,6.2,0
20250425,1745510400000,5.9799999999999995,5.9799999999999995,5.8,5.81,144529,84749427.0,0.0,15,6.0,0
20250428,1745769600000,5.800000000000001,5.8100000000000005,5.5600000000000005,5.710000000000001,132285,74658874.00000001,0.0,15,5.8100000000000005,0
20250429,1745856000000,5.68,5.9,5.67,5.77,99379,57579718.0,0.0,15,5.71,0
20250430,1745942400000,5.77,5.83,5.71,5.72,90008,51867193.0,0.0,15,5.77,0
20250506,1746460800000,5.74,5.970000000000001,5.74,5.95,91895,54210869.00000001,0.0,15,5.720000000000001,0
20250507,1746547200000,6.02,6.13,5.96,6.06,94423,56775727.0,0.0,15,5.95,0
20250508,1746633600000,6.05,6.13,5.97,6.13,91714,55693884.0,0.0,15,6.06,0
20250509,1746720000000,6.11,6.15,6.0,6.05,66087,40052473.0,0.0,15,6.13,0
20250512,1746979200000,6.04,6.1,6.01,6.06,51830,31343520.999999996,0.0,15,6.05,0
20250513,1747065600000,6.090000000000001,6.19,6.0600000000000005,6.130000000000001,90110,55191338.0,0.0,15,6.0600000000000005,0
20250514,1747152000000,6.11,6.140000000000001,6.03,6.07,66041,40093520.0,0.0,15,6.13,0
20250515,1747238400000,6.05,6.11,5.99,6.03,58557,35335144.00000001,0.0,15,6.07,0
20250516,1747324800000,5.96,6.16,5.92,6.11,123484,74884549.99999999,0.0,15,5.9799999999999995,0
20250519,1747584000000,6.130000000000001,6.130000000000001,5.94,6.11,92499,56004208.0,0.0,15,6.11,0
20250520,1747670400000,6.11,6.12,6.04,6.09,83361,50647646.0,0.0,15,6.11,0
20250521,1747756800000,6.07,6.12,6.03,6.04,72917,44208580.0,0.0,15,6.09,0
20250522,1747843200000,6.0200000000000005,6.0600000000000005,5.87,5.89,113180,67207880.0,0.0,15,6.04,0
20250523,1747929600000,5.89,6.06,5.89,5.93,93627,56181065.0,0.0,15,5.89,0
20250526,1748188800000,5.93,6.04,5.89,5.93,61599,36701088.0,0.0,15,5.93,0
20250527,1748275200000,5.93,7.12,5.88,7.12,734419,491401540.00000006,0.0,15,5.93,0
20250528,1748361600000,8.01,8.49,7.29,7.74,1564755,1242106156.0,0.0,15,7.12,0
20250529,1748448000000,6.96,7.49,6.96,7.21,1226267,877309574.0000001,0.0,15,7.74,0
20250530,1748534400000,6.96,7.0,6.53,6.5600000000000005,846204,563948305.0000001,0.0,15,7.21,0
20250603,1748880000000,6.6,6.65,6.5,6.65,519533,342824703.0,0.0,15,6.56,0
20250604,1748966400000,6.63,6.63,6.43,6.5,485987,315127598.99999994,0.0,15,6.6499999999999995,0
20250605,1749052800000,6.58,6.960000000000001,6.48,6.74,816254,549993653.0,0.0,15,6.5,0
20250606,1749139200000,6.75,7.2,6.65,6.98,868473,604850172.0,0.0,15,6.74,0
20250609,1749398400000,6.85,7.28,6.83,7.08,718410,507951796.0,0.0,15,6.98,0
20250610,1749484800000,7.050000000000001,7.23,6.8500000000000005,6.94,685964,482274950.00000006,0.0,15,7.080000000000001,0
20250611,1749571200000,6.94,7.0200000000000005,6.7700000000000005,6.82,424416,290348688.0,0.0,15,6.94,0
20250612,1749657600000,6.800000000000001,7.48,6.73,7.25,819716,585212255.0,0.0,15,6.82,0
20250613,1749744000000,7.1000000000000005,7.25,6.86,6.91,506911,354674537.99999994,0.0,15,7.25,0
20250616,1750003200000,6.8500000000000005,6.930000000000001,6.73,6.880000000000001,293414,201347886.99999997,0.0,15,6.91,0
20250617,1750089600000,6.88,7.4799999999999995,6.8,7.37,852455,616836260.0,0.0,15,6.88,0
20250618,1750176000000,7.340000000000001,7.49,7.0200000000000005,7.04,637569,458704619.0,0.0,15,7.37,0
20250619,1750262400000,7.0200000000000005,7.380000000000001,6.8500000000000005,6.91,513986,359925792.99999994,0.0,15,7.040000000000001,0
20250620,1750348800000,6.85,6.85,6.46,6.46,439862,290080030.0,0.0,15,6.91,0
20250623,1750608000000,6.47,6.7,6.42,6.68,302259,199510638.0,0.0,15,6.46,0
20250624,1750694400000,6.680000000000001,6.74,6.61,6.720000000000001,269601,180472998.00000003,0.0,15,6.680000000000001,0
20250625,1750780800000,6.73,6.75,6.5,6.6,330677,217883400.0,0.0,15,6.72,0
20250626,1750867200000,6.62,6.760000000000001,6.53,6.54,286116,189191300.0,0.0,15,6.6000000000000005,0
20250627,1750953600000,6.54,6.59,6.51,6.54,190242,124626785.0,0.0,15,6.54,0
20250630,1751212800000,6.54,6.57,6.5,6.56,157414,102921553.0,0.0,15,6.54,0
20250701,1751299200000,6.57,6.82,6.54,6.72,379314,253900319.99999997,0.0,15,6.56,0
20250702,1751385600000,6.720000000000001,6.8100000000000005,6.61,6.67,233079,155792857.0,0.0,15,6.720000000000001,0
20250703,1751472000000,6.66,6.760000000000001,6.57,6.71,251014,167343706.0,0.0,15,6.67,0
20250704,1751558400000,6.68,6.7,6.5,6.52,269529,177016514.0,0.0,15,6.71,0
20250707,1751817600000,6.4799999999999995,6.6,6.46,6.57,162117,106279717.0,0.0,15,6.52,0
20250708,1751904000000,6.58,6.680000000000001,6.57,6.640000000000001,190374,126035671.0,0.0,15,6.57,0
20250709,1751990400000,6.63,6.7,6.54,6.61,236307,156305092.0,0.0,15,6.64,0
20250710,1752076800000,6.61,6.66,6.58,6.62,143952,95188027.0,0.0,15,6.61,0
20250711,1752163200000,6.62,6.62,6.51,6.569999999999999,172531,113157037.0,0.0,15,6.62,0
20250714,1752422400000,6.54,6.59,6.53,6.58,109892,72101785.0,0.0,15,6.57,0
20250715,1752508800000,6.57,6.58,6.36,6.42,180042,115879988.00000001,0.0,15,6.58,0
20250716,1752595200000,6.430000000000001,6.510000000000001,6.4,6.5,115604,74901093.0,0.0,15,6.42,0
20250717,1752681600000,6.5,6.52,6.46,6.51,94508,61382305.0,0.0,15,6.5,0
20250718,1752768000000,6.529999999999999,6.6899999999999995,6.51,6.6899999999999995,240879,159416636.0,0.0,15,6.51,0
20250721,1753027200000,6.75,6.76,6.66,6.7,235889,157881857.0,0.0,15,6.69,0
20250722,1753113600000,6.71,6.74,6.62,6.74,180749,121011228.0,0.0,15,6.7,0
20250723,1753200000000,6.8100000000000005,6.99,6.7700000000000005,6.9,402434,276592445.0,0.0,15,6.74,0
20250724,1753286400000,7.010000000000001,7.1000000000000005,6.82,6.96,352102,244212832.0,0.0,15,6.9,0
20250725,1753372800000,6.97,7.2,6.92,6.96,356598,251563590.0,0.0,15,6.96,0
20250728,1753632000000,7.2,7.380000000000001,7.1000000000000005,7.28,523935,378835422.0,0.0,15,6.960000000000001,0
20250729,1753718400000,7.27,7.27,6.92,7.08,360211,253547360.00000003,0.0,15,7.28,0
20250730,1753804800000,7.09,7.16,6.93,7.02,245563,172759831.00000003,0.0,15,7.08,0
20250731,1753891200000,7.0200000000000005,7.03,6.86,6.88,189588,131342438.0,0.0,15,7.0200000000000005,0
20250801,1753977600000,6.93,7.08,6.88,6.91,172657,120617265.0,0.0,15,6.88,0
20250804,1754236800000,6.92,6.9399999999999995,6.8,6.93,135316,93125932.0,0.0,15,6.91,0
20250805,1754323200000,6.95,7.0,6.87,6.95,140097,97027518.0,0.0,15,6.93,0
20250806,1754409600000,6.93,6.95,6.87,6.89,112504,77557293.0,0.0,15,6.95,0
20250807,1754496000000,6.91,6.96,6.84,6.85,109855,75519206.0,0.0,15,6.89,0
20250808,1754582400000,6.88,6.88,6.79,6.86,119754,81778628.0,0.0,15,6.85,0
20250811,1754841600000,6.87,6.95,6.82,6.930000000000001,120034,82865570.99999999,0.0,15,6.86,0
20250812,1754928000000,6.93,6.95,6.83,6.87,110461,75965460.0,0.0,15,6.93,0
20250813,1755014400000,6.8999999999999995,6.8999999999999995,6.8,6.84,115223,78796924.0,0.0,15,6.87,0
20250814,1755100800000,6.85,6.9,6.71,6.74,148736,101177678.00000001,0.0,15,6.84,0
20250815,1755187200000,6.75,6.800000000000001,6.73,6.78,106914,72309305.0,0.0,15,6.74,0
20250818,1755446400000,6.8,6.8999999999999995,6.76,6.87,141028,96681347.99999999,0.0,15,6.779999999999999,0
20250819,1755532800000,6.87,6.94,6.83,6.92,126310,87101545.0,0.0,15,6.87,0
20250820,1755619200000,6.9,6.99,6.87,6.98,128847,89588766.00000001,0.0,15,6.92,0
20250821,1755705600000,6.98,7.11,6.95,7.04,190764,133995239.00000001,0.0,15,6.98,0
20250822,1755792000000,7.03,7.04,6.87,6.92,151772,105151233.0,0.0,15,7.04,0
20250825,1756051200000,6.95,6.9799999999999995,6.88,6.93,131097,90781940.0,0.0,15,6.92,0
20250826,1756137600000,6.86,7.03,6.8100000000000005,6.94,209195,145251673.99999997,0.0,15,6.930000000000001,0
20250827,1756224000000,6.92,6.94,6.58,6.58,270510,182862303.0,0.0,15,6.94,0
20250828,1756310400000,6.5600000000000005,6.65,6.3100000000000005,6.53,181577,117602983.0,0.0,15,6.58,0
20250829,1756396800000,6.5,6.54,6.41,6.42,106067,68628966.0,0.0,15,6.53,0
20250901,1756656000000,6.42,6.58,6.4,6.54,117218,76394018.0,0.0,15,6.42,0
20250902,1756742400000,6.54,6.54,6.34,6.43,116714,74919029.00000001,0.0,15,6.54,0
20250903,1756828800000,6.41,6.46,6.22,6.239999999999999,115497,72859226.0,0.0,15,6.43,0
20250904,1756915200000,6.24,6.4,6.24,6.3,129721,82141242.0,0.0,15,6.24,0
20250905,1757001600000,6.3500000000000005,6.380000000000001,6.2700000000000005,6.380000000000001,88636,56128209.0,0.0,15,6.300000000000001,0
20250908,1757260800000,6.38,6.53,6.36,6.5200000000000005,107231,69479010.0,0.0,15,6.38,0
20250909,1757347200000,6.5200000000000005,6.5600000000000005,6.4,6.44,83043,53780782.0,0.0,15,6.5200000000000005,0
20250910,1757433600000,6.45,6.47,6.34,6.39,75652,48312281.0,0.0,15,6.4399999999999995,0
20250911,1757520000000,6.390000000000001,6.460000000000001,6.3100000000000005,6.45,77337,49369346.0,0.0,15,6.390000000000001,0
20250912,1757606400000,6.46,6.84,6.36,6.74,287365,189452520.0,0.0,15,6.45,0
20250915,1757865600000,6.760000000000001,7.470000000000001,6.73,7.170000000000001,732286,519000600.00000006,0.0,15,6.74,0
20250916,1757952000000,7.34,7.99,7.33,7.85,833072,637828713.9999999,0.0,15,7.17,0
20250917,1758038400000,7.54,7.72,7.13,7.2,567776,415981814.00000006,0.0,15,7.85,0
20250918,1758124800000,7.2,7.23,6.82,6.9,456297,319629893.00000006,0.0,15,7.2,0
20250919,1758211200000,6.92,6.95,6.7,6.73,245558,166338101.0,0.0,15,6.9,0
20250922,1758470400000,6.71,6.71,6.57,6.63,167292,110770029.00000001,0.0,15,6.73,0
20250923,1758556800000,6.640000000000001,6.65,6.37,6.5200000000000005,231316,149922680.99999997,0.0,15,6.63,0
20250924,1758643200000,6.49,6.58,6.46,6.53,141929,92544180.0,0.0,15,6.52,0
20250925,1758729600000,6.5,6.56,6.42,6.42,155012,100389163.00000001,0.0,15,6.53,0
20250926,1758816000000,6.4,6.65,6.37,6.5200000000000005,215995,141790864.0,0.0,15,6.42,0
20250929,1759075200000,6.53,6.65,6.38,6.58,173326,113304162.0,0.0,15,6.52,0
20250930,1759161600000,6.57,6.62,6.54,6.54,121497,79747071.0,0.0,15,6.58,0
20251009,1759939200000,6.56,6.57,6.42,6.49,144421,93315929.0,0.0,15,6.54,0
20251010,1760025600000,6.48,6.680000000000001,6.45,6.62,193089,127306636.0,0.0,15,6.49,0
20251013,1760284800000,6.4,6.58,6.32,6.5600000000000005,143710,93312414.00000001,0.0,15,6.62,0
20251014,1760371200000,6.58,6.68,6.47,6.5,122842,80677022.0,0.0,15,6.56,0
20251015,1760457600000,6.5200000000000005,6.61,6.49,6.55,97376,63714833.0,0.0,15,6.5,0
20251016,1760544000000,6.529999999999999,6.56,6.43,6.449999999999999,96877,62849573.99999999,0.0,15,6.55,0
20251017,1760630400000,6.430000000000001,6.5200000000000005,6.32,6.33,118570,76212658.0,0.0,15,6.45,0
20251020,1760889600000,6.4,6.45,6.36,6.44,72373,46417899.0,0.0,15,6.33,0
20251021,1760976000000,6.4399999999999995,6.54,6.38,6.54,82298,53346661.0,0.0,15,6.4399999999999995,0
20251022,1761062400000,6.5,6.59,6.49,6.51,73587,48120102.0,0.0,15,6.54,0
20251023,1761148800000,6.5,6.6000000000000005,6.49,6.6000000000000005,87732,57391443.00000001,0.0,15,6.51,0
20251024,1761235200000,6.470000000000001,6.53,6.2700000000000005,6.28,276500,176071744.0,0.0,15,6.6000000000000005,0
20251027,1761494400000,6.3100000000000005,6.42,6.28,6.37,135662,86231724.0,0.0,15,6.28,0
20251028,1761580800000,6.359999999999999,6.51,6.34,6.4399999999999995,122622,78735886.0,0.0,15,6.37,0
20251029,1761667200000,6.430000000000001,6.46,6.32,6.38,84652,53829357.0,0.0,15,6.44,0
20251030,1761753600000,6.34,6.38,6.29,6.29,80884,51158050.00000001,0.0,15,6.38,0
20251031,1761840000000,6.31,6.4,6.29,6.38,84355,53696253.00000001,0.0,15,6.29,0
20251103,1762099200000,6.37,6.430000000000001,6.3500000000000005,6.420000000000001,81052,51869505.0,0.0,15,6.380000000000001,0
20251104,1762185600000,6.42,6.42,6.34,6.39,70600,45031980.0,0.0,15,6.42,0
20251105,1762272000000,6.33,6.48,6.33,6.47,96186,61826016.0,0.0,15,6.39,0
20251106,1762358400000,6.47,6.569999999999999,6.43,6.54,94306,61529397.0,0.0,15,6.47,0
20251107,1762444800000,6.54,6.63,6.51,6.59,97542,64237641.0,0.0,15,6.54,0
20251110,1762704000000,6.58,6.68,6.55,6.67,110490,73333673.0,0.0,15,6.59,0
20251111,1762790400000,6.67,6.71,6.62,6.69,82781,55210166.0,0.0,15,6.67,0
20251112,1762876800000,6.7,6.7,6.6000000000000005,6.640000000000001,93382,62042828.00000001,0.0,15,6.69,0
20251113,1762963200000,6.66,6.74,6.640000000000001,6.74,96147,64387541.0,0.0,15,6.640000000000001,0
20251114,1763049600000,6.7,6.78,6.7,6.71,96710,65223235.0,0.0,15,6.74,0
20251117,1763308800000,6.75,6.8100000000000005,6.7,6.72,79285,53441774.0,0.0,15,6.71,0
20251118,1763395200000,6.7,6.75,6.53,6.59,96910,63885574.00000001,0.0,15,6.720000000000001,0
20251119,1763481600000,6.59,6.6899999999999995,6.47,6.52,96732,63311111.0,0.0,15,6.59,0
20251120,1763568000000,6.53,6.57,6.42,6.45,75712,49046494.0,0.0,15,6.52,0
20251121,1763654400000,6.43,6.46,6.0,6.0,226918,139486535.0,0.0,15,6.45,0
20251124,1763913600000,6.069999999999999,6.12,5.97,6.05,124077,74862212.0,0.0,15,6.0,0
20251125,1764000000000,6.07,6.15,6.03,6.11,103654,63266188.0,0.0,15,6.05,0
20251126,1764086400000,6.14,6.17,6.0,6.01,103592,62951434.00000001,0.0,15,6.11,0
20251127,1764172800000,6.0,6.11,5.98,6.07,79080,47988000.00000001,0.0,15,6.010000000000001,0
20251128,1764259200000,6.0600000000000005,6.15,6.03,6.15,70472,43059903.00000001,0.0,15,6.07,0
20251201,1764518400000,6.15,6.19,6.1000000000000005,6.11,82385,50598804.0,0.0,15,6.15,0
20251202,1764604800000,6.12,6.16,6.04,6.13,74613,45586628.0,0.0,15,6.11,0
20251203,1764691200000,6.11,6.16,6.07,6.1000000000000005,66841,40797608.99999999,0.0,15,6.13,0
20251204,1764777600000,6.08,6.11,5.98,6.0,75039,45230451.0,0.0,15,6.1000000000000005,0
20251205,1764864000000,6.01,6.1000000000000005,5.95,6.1000000000000005,62446,37725519.00000001,0.0,15,6.0,0
20251208,1765123200000,6.11,6.15,6.07,6.09,67413,41070243.0,0.0,15,6.1000000000000005,0
20251209,1765209600000,6.07,6.08,5.99,6.0200000000000005,68676,41434814.99999999,0.0,15,6.09,0
20251210,1765296000000,6.0,6.01,5.92,5.9399999999999995,87381,52011361.0,0.0,15,6.02,0
20251211,1765382400000,5.94,5.94,5.78,5.79,96819,56491600.00000001,0.0,15,5.94,0
20251212,1765468800000,5.82,5.84,5.71,5.7299999999999995,74331,42928813.0,0.0,15,5.79,0
20251215,1765728000000,5.720000000000001,5.800000000000001,5.69,5.760000000000001,51069,29398775.0,0.0,15,5.73,0
20251216,1765814400000,5.76,5.77,5.67,5.72,59835,34155526.00000001,0.0,15,5.76,0
20251217,1765900800000,5.72,5.75,5.63,5.71,66006,37487100.00000001,0.0,15,5.72,0
20251218,1765987200000,5.6899999999999995,5.83,5.68,5.81,77107,44703576.0,0.0,15,5.71,0
20251219,1766073600000,5.819999999999999,5.92,5.8,5.89,57661,33832899.0,0.0,15,5.81,0
20251222,1766332800000,5.930000000000001,5.94,5.86,5.87,40516,23884245.0,0.0,15,5.890000000000001,0
20251223,1766419200000,5.86,5.9,5.82,5.88,39050,22879869.0,0.0,15,5.87,0
20251224,1766505600000,5.91,5.95,5.84,5.92,45537,26918531.0,0.0,15,5.88,0
20251225,1766592000000,5.93,5.9799999999999995,5.88,5.96,55190,32733119.0,0.0,15,5.92,0
20251226,1766678400000,5.96,5.9799999999999995,5.88,5.8999999999999995,50394,29863188.0,0.0,15,5.96,0
20251229,1766937600000,5.890000000000001,5.9,5.82,5.86,52242,30602830.999999996,0.0,15,5.9,0
20251230,1767024000000,5.8500000000000005,5.91,5.7700000000000005,5.8500000000000005,59304,34651972.99999999,0.0,15,5.86,0
20251231,1767110400000,5.8500000000000005,5.86,5.7700000000000005,5.83,52097,30296766.0,0.0,15,5.8500000000000005,0
20260105,1767542400000,5.84,5.95,5.83,5.9,67506,39798272.00000001,0.0,15,5.83,0
20260106,1767628800000,5.91,5.970000000000001,5.9,5.930000000000001,69206,41078585.0,0.0,15,5.9,0
20260107,1767715200000,5.92,5.93,5.84,5.85,64296,37790991.0,0.0,15,5.93,0
20260108,1767801600000,5.84,5.96,5.83,5.95,74670,44106827.00000001,0.0,15,5.85,0
20260109,1767888000000,5.95,5.970000000000001,5.9,5.96,87087,51719088.0,0.0,15,5.95,0
20260112,1768147200000,5.970000000000001,6.03,5.94,6.0200000000000005,80367,48192637.00000001,0.0,15,5.96,0
20260113,1768233600000,6.0,6.11,5.99,6.01,102757,62216708.0,0.0,15,6.0200000000000005,0
20260114,1768320000000,6.01,6.09,5.91,6.0,117276,70512509.0,0.0,15,6.01,0
20260115,1768406400000,5.97,6.09,5.96,6.04,83212,50181446.0,0.0,15,6.0,0
20260116,1768492800000,6.05,6.06,5.93,5.96,91823,54849417.0,0.0,15,6.04,0
20260119,1768752000000,5.949999999999999,6.109999999999999,5.93,6.09,105576,63864732.0,0.0,15,5.96,0
20260120,1768838400000,6.1,6.18,6.08,6.15,111557,68543529.99999999,0.0,15,6.09,0
20260121,1768924800000,6.18,6.1899999999999995,6.09,6.18,76666,47092986.0,0.0,15,6.1499999999999995,0
20260122,1769011200000,6.16,6.3500000000000005,6.12,6.29,141441,88433834.0,0.0,15,6.18,0
20260123,1769097600000,6.29,7.15,6.28,6.98,692318,472023735.00000006,0.0,15,6.29,0
20260126,1769356800000,6.95,7.0600000000000005,6.83,6.98,409799,284960801.0,0.0,15,6.98,0
20260127,1769443200000,6.949999999999999,7.02,6.68,6.8,221114,149994472.0,0.0,15,6.9799999999999995,0
20260128,1769529600000,6.819999999999999,6.87,6.72,6.819999999999999,143645,97619973.0,0.0,15,6.8,0
20260129,1769616000000,6.7700000000000005,6.830000000000001,6.6000000000000005,6.69,156635,105117308.00000001,0.0,15,6.82,0
20260130,1769702400000,6.67,6.7,6.46,6.62,178806,117370434.0,0.0,15,6.69,0
20260202,1769961600000,6.550000000000001,6.61,6.32,6.33,154906,99783483.0,0.0,15,6.62,0
20260203,1770048000000,6.4,6.58,6.2700000000000005,6.550000000000001,177591,114439177.0,0.0,15,6.33,0
20260204,1770134400000,6.55,6.65,6.46,6.53,109368,71543922.00000001,0.0,15,6.55,0
20260205,1770220800000,6.51,6.569999999999999,6.43,6.4399999999999995,81079,52686679.0,0.0,15,6.529999999999999,0
20260206,1770307200000,6.49,6.82,6.41,6.59,216181,143564707.0,0.0,15,6.44,0
20260209,1770566400000,6.640000000000001,6.74,6.57,6.69,122748,81778176.0,0.0,15,6.59,0
20260210,1770652800000,6.7,6.8500000000000005,6.6000000000000005,6.74,127543,85694161.0,0.0,15,6.69,0
20260211,1770739200000,6.72,7.22,6.72,6.9399999999999995,354289,249332396.0,0.0,15,6.739999999999999,0
20260212,1770825600000,6.880000000000001,6.890000000000001,6.69,6.760000000000001,244191,166245984.99999997,0.0,15,6.94,0
20260213,1770912000000,6.76,6.82,6.62,6.63,136835,91869366.0,0.0,15,6.76,0
20260224,1771862400000,6.7,7.04,6.7,6.970000000000001,175238,120836769.0,0.0,15,6.63,0
20260225,1771948800000,7.04,7.1,6.93,6.989999999999999,155483,109080375.99999999,0.0,15,6.97,0
20260226,1772035200000,7.0200000000000005,7.03,6.82,6.88,113267,78066169.00000001,0.0,15,6.99,0
20260227,1772121600000,6.94,7.050000000000001,6.8500000000000005,7.010000000000001,134615,93735998.0,0.0,15,6.880000000000001,0
20260302,1772380800000,6.930000000000001,6.99,6.7,6.86,135171,92464634.0,0.0,15,7.01,0
20260303,1772467200000,6.84,6.92,6.59,6.59,128939,86754176.0,0.0,15,6.859999999999999,0
20260304,1772553600000,6.53,6.79,6.41,6.72,123977,83023118.0,0.0,15,6.59,0
20260305,1772640000000,6.91,6.92,6.68,6.75,99411,67261423.0,0.0,15,6.72,0
20260306,1772726400000,6.8,7.2,6.67,7.16,283182,200090562.0,0.0,15,6.75,0
20260309,1772985600000,7.09,7.1899999999999995,6.88,6.92,193726,134870642.0,0.0,15,7.16,0
20260310,1773072000000,6.95,6.97,6.84,6.88,125960,86668285.00000001,0.0,15,6.92,0
20260311,1773158400000,6.9,6.930000000000001,6.7700000000000005,6.91,120033,82405934.0,0.0,15,6.880000000000001,0
20260312,1773244800000,6.92,7.1899999999999995,6.92,6.93,285345,201091919.00000003,0.0,15,6.91,0
20260313,1773331200000,6.970000000000001,7.16,6.9,6.95,267215,188065009.0,0.0,15,6.930000000000001,0
20260316,1773590400000,6.98,7.11,6.69,6.760000000000001,179388,123232921.0,0.0,15,6.95,0
20260317,1773676800000,6.790000000000001,6.890000000000001,6.6000000000000005,6.62,125451,84307498.0,0.0,15,6.760000000000001,0
20260318,1773763200000,6.62,6.74,6.53,6.71,91421,60649720.0,0.0,15,6.62,0
20260319,1773849600000,6.65,6.78,6.42,6.46,131653,86195161.0,0.0,15,6.71,0
20260320,1773936000000,6.53,6.53,6.19,6.2,130504,82367193.0,0.0,15,6.460000000000001,0
20260323,1774195200000,6.08,6.1000000000000005,5.65,5.71,203602,119888178.99999999,0.0,15,6.2,0
20260324,1774281600000,5.81,5.87,5.59,5.859999999999999,204669,117245656.0,0.0,15,5.71,0
20260325,1774368000000,5.86,6.33,5.86,6.180000000000001,246083,151895358.0,0.0,15,5.86,0
20260326,1774454400000,6.23,6.29,5.91,6.0,164898,99991967.0,0.0,15,6.18,0
20260327,1774540800000,5.92,6.220000000000001,5.9,6.19,149712,91727968.0,0.0,15,6.0,0
20260330,1774800000000,6.180000000000001,6.330000000000001,6.1000000000000005,6.2700000000000005,151995,95075192.0,0.0,15,6.19,0
20260331,1774886400000,6.28,6.340000000000001,6.1000000000000005,6.12,119874,74265760.0,0.0,15,6.2700000000000005,0
20260401,1774972800000,6.23,6.26,6.12,6.2,89354,55227648.0,0.0,15,6.12,0
20260402,1775059200000,6.19,6.24,6.1000000000000005,6.170000000000001,100195,61838224.0,0.0,15,6.2,0
20260403,1775145600000,6.21,6.21,5.89,5.93,127367,76056812.0,0.0,15,6.17,0
20260407,1775491200000,5.94,6.3500000000000005,5.9,6.33,161525,100350609.0,0.0,15,5.930000000000001,0
20260408,1775577600000,6.37,6.390000000000001,6.24,6.33,159783,101019029.99999999,0.0,15,6.33,0
20260409,1775664000000,6.32,6.49,6.25,6.3,126567,80548415.0,0.0,15,6.33,0
20260410,1775750400000,6.31,6.3999999999999995,6.26,6.29,105891,67081112.0,0.0,15,6.3,0
20260413,1776009600000,6.300000000000001,6.32,6.140000000000001,6.2,99222,61556562.0,0.0,15,6.290000000000001,0
20260414,1776096000000,6.210000000000001,6.24,6.0600000000000005,6.15,96566,58995371.99999999,0.0,15,6.2,0
20260415,1776182400000,6.15,6.19,6.04,6.07,93806,57081213.0,0.0,15,6.15,0
20260416,1776268800000,6.06,6.14,5.97,6.109999999999999,94132,56971869.0,0.0,15,6.069999999999999,0
20260417,1776355200000,6.08,6.17,5.95,6.0200000000000005,104714,63156414.00000001,0.0,15,6.11,0
20260420,1776614400000,6.03,6.22,5.96,6.17,137912,83972630.0,0.0,15,6.02,0
20260421,1776700800000,6.17,6.25,6.09,6.16,134682,82832917.0,0.0,15,6.17,0
20260422,1776787200000,6.180000000000001,6.180000000000001,6.03,6.12,118923,72283965.0,0.0,15,6.16,0
20260423,1776873600000,6.1,6.18,6.04,6.14,92636,56612208.0,0.0,15,6.12,0
20260424,1776960000000,6.41,6.890000000000001,6.390000000000001,6.750000000000001,475672,318459286.00000006,0.0,15,6.140000000000001,0
20260427,1777219200000,6.69,6.82,6.58,6.79,295781,198399994.0,0.0,15,6.75,0
20260428,1777305600000,6.760000000000001,6.8100000000000005,6.61,6.65,165089,110187751.00000001,0.0,15,6.79,0
20260429,1777392000000,6.6,6.75,6.58,6.7,147959,99076830.0,0.0,15,6.65,0
20260430,1777478400000,6.69,6.830000000000001,6.640000000000001,6.680000000000001,115316,77436665.00000001,0.0,15,6.7,0
20260506,1777996800000,6.71,6.800000000000001,6.65,6.79,168205,113566283.0,0.0,15,6.680000000000001,0
20260507,1778083200000,6.800000000000001,6.840000000000001,6.5600000000000005,6.61,134906,89519297.0,0.0,15,6.790000000000001,0
20260508,1778169600000,6.61,6.67,6.58,6.66,101766,67348855.0,0.0,15,6.61,0
20260511,1778428800000,6.65,7.0200000000000005,6.61,6.87,221031,150962053.0,0.0,15,6.66,0
20260512,1778515200000,6.87,6.880000000000001,6.65,6.73,114602,77305251.0,0.0,15,6.87,0
20260513,1778601600000,6.73,6.83,6.66,6.76,106906,72101506.0,0.0,15,6.73,0
20260514,1778688000000,6.76,6.92,6.75,6.83,152660,104356748.0,0.0,15,6.76,0
20260515,1778774400000,6.819999999999999,7.0,6.68,6.9799999999999995,252185,173005957.99999997,0.0,15,6.83,0
20260518,1779033600000,6.890000000000001,6.99,6.65,6.87,259903,175978667.0,0.0,15,6.98,0
20260519,1779120000000,6.880000000000001,6.920000000000001,6.7700000000000005,6.86,161324,110294658.00000001,0.0,15,6.87,0
20260520,1779206400000,6.85,6.859999999999999,6.72,6.76,114176,77280638.0,0.0,15,6.859999999999999,0
20260521,1779292800000,6.76,6.84,6.43,6.4399999999999995,159054,105309457.99999999,0.0,15,6.76,0
20260522,1779379200000,6.53,6.68,6.37,6.63,129271,84833612.0,0.0,15,6.44,0
20260525,1779638400000,6.63,6.65,6.37,6.49,131722,85432445.0,0.0,15,6.63,0
20260526,1779724800000,6.48,6.52,6.25,6.34,93272,59390280.0,0.0,15,6.49,0
