date,time,open,high,low,close,volume,amount,settelementPrice,openInterest,preClose,suspendFlag
20120718,1342540800000,,,,,0,0.0,0.0,0,,1
20120719,1342627200000,,,,,0,0.0,0.0,0,,1
20120720,1342713600000,,,,,0,0.0,0.0,0,,1
20120723,1342972800000,,,,,0,0.0,0.0,0,,1
20120724,1343059200000,,,,,0,0.0,0.0,0,,1
20120725,1343145600000,,,,,0,0.0,0.0,0,,1
20120726,1343232000000,,,,,0,0.0,0.0,0,,1
20120727,1343318400000,,,,,0,0.0,0.0,0,,1
20120730,1343577600000,,,,,0,0.0,0.0,0,,1
20120731,1343664000000,,,,,0,0.0,0.0,0,,1
20120801,1343750400000,,,,,0,0.0,0.0,0,,1
20120802,1343836800000,,,,,0,0.0,0.0,0,,1
20120803,1343923200000,,,,,0,0.0,0.0,0,,1
20120806,1344182400000,,,,,0,0.0,0.0,0,,1
20120807,1344268800000,,,,,0,0.0,0.0,0,,1
20120808,1344355200000,,,,,0,0.0,0.0,0,,1
20120809,1344441600000,,,,,0,0.0,0.0,0,,1
20120810,1344528000000,,,,,0,0.0,0.0,0,,1
20120813,1344787200000,,,,,0,0.0,0.0,0,,1
20120814,1344873600000,,,,,0,0.0,0.0,0,,1
20120815,1344960000000,,,,,0,0.0,0.0,0,,1
20120816,1345046400000,,,,,0,0.0,0.0,0,,1
20120817,1345132800000,,,,,0,0.0,0.0,0,,1
20120820,1345392000000,,,,,0,0.0,0.0,0,,1
20120821,1345478400000,,,,,0,0.0,0.0,0,,1
20120822,1345564800000,,,,,0,0.0,0.0,0,,1
20120823,1345651200000,,,,,0,0.0,0.0,0,,1
20120824,1345737600000,,,,,0,0.0,0.0,0,,1
20120827,1345996800000,,,,,0,0.0,0.0,0,,1
20120828,1346083200000,,,,,0,0.0,0.0,0,,1
20120829,1346169600000,,,,,0,0.0,0.0,0,,1
20120830,1346256000000,,,,,0,0.0,0.0,0,,1
20120831,1346342400000,,,,,0,0.0,0.0,0,,1
20120903,1346601600000,,,,,0,0.0,0.0,0,,1
20120904,1346688000000,,,,,0,0.0,0.0,0,,1
20120905,1346774400000,,,,,0,0.0,0.0,0,,1
20120906,1346860800000,,,,,0,0.0,0.0,0,,1
20120907,1346947200000,,,,,0,0.0,0.0,0,,1
20120910,1347206400000,,,,,0,0.0,0.0,0,,1
20120911,1347292800000,,,,,0,0.0,0.0,0,,1
20120912,1347379200000,,,,,0,0.0,0.0,0,,1
20120913,1347465600000,,,,,0,0.0,0.0,0,,1
20120914,1347552000000,,,,,0,0.0,0.0,0,,1
20120917,1347811200000,,,,,0,0.0,0.0,0,,1
20120918,1347897600000,,,,,0,0.0,0.0,0,,1
20120919,1347984000000,,,,,0,0.0,0.0,0,,1
20120920,1348070400000,,,,,0,0.0,0.0,0,,1
20120921,1348156800000,,,,,0,0.0,0.0,0,,1
20120924,1348416000000,,,,,0,0.0,0.0,0,,1
20120925,1348502400000,,,,,0,0.0,0.0,0,,1
20120926,1348588800000,,,,,0,0.0,0.0,0,,1
20120927,1348675200000,,,,,0,0.0,0.0,0,,1
20120928,1348761600000,,,,,0,0.0,0.0,0,,1
20121008,1349625600000,,,,,0,0.0,0.0,0,,1
20121009,1349712000000,,,,,0,0.0,0.0,0,,1
20121010,1349798400000,,,,,0,0.0,0.0,0,,1
20121011,1349884800000,,,,,0,0.0,0.0,0,,1
20121012,1349971200000,,,,,0,0.0,0.0,0,,1
20121015,1350230400000,,,,,0,0.0,0.0,0,,1
20121016,1350316800000,,,,,0,0.0,0.0,0,,1
20121017,1350403200000,,,,,0,0.0,0.0,0,,1
20121018,1350489600000,,,,,0,0.0,0.0,0,,1
20121019,1350576000000,,,,,0,0.0,0.0,0,,1
20121022,1350835200000,,,,,0,0.0,0.0,0,,1
20121023,1350921600000,,,,,0,0.0,0.0,0,,1
20121024,1351008000000,,,,,0,0.0,0.0,0,,1
20121025,1351094400000,,,,,0,0.0,0.0,0,,1
20121026,1351180800000,,,,,0,0.0,0.0,0,,1
20121029,1351440000000,,,,,0,0.0,0.0,0,,1
20121030,1351526400000,,,,,0,0.0,0.0,0,,1
20121031,1351612800000,,,,,0,0.0,0.0,0,,1
20121101,1351699200000,,,,,0,0.0,0.0,0,,1
20121102,1351785600000,,,,,0,0.0,0.0,0,,1
20121105,1352044800000,,,,,0,0.0,0.0,0,,1
20121106,1352131200000,,,,,0,0.0,0.0,0,,1
20121107,1352217600000,,,,,0,0.0,0.0,0,,1
20121108,1352304000000,,,,,0,0.0,0.0,0,,1
20121109,1352390400000,,,,,0,0.0,0.0,0,,1
20121112,1352649600000,,,,,0,0.0,0.0,0,,1
20121113,1352736000000,,,,,0,0.0,0.0,0,,1
20121114,1352822400000,,,,,0,0.0,0.0,0,,1
20121115,1352908800000,,,,,0,0.0,0.0,0,,1
20121116,1352995200000,,,,,0,0.0,0.0,0,,1
20121119,1353254400000,,,,,0,0.0,0.0,0,,1
20121120,1353340800000,,,,,0,0.0,0.0,0,,1
20121121,1353427200000,,,,,0,0.0,0.0,0,,1
20121122,1353513600000,,,,,0,0.0,0.0,0,,1
20121123,1353600000000,,,,,0,0.0,0.0,0,,1
20121126,1353859200000,,,,,0,0.0,0.0,0,,1
20121127,1353945600000,,,,,0,0.0,0.0,0,,1
20121128,1354032000000,,,,,0,0.0,0.0,0,,1
20121129,1354118400000,,,,,0,0.0,0.0,0,,1
20121130,1354204800000,,,,,0,0.0,0.0,0,,1
20121203,1354464000000,,,,,0,0.0,0.0,0,,1
20121204,1354550400000,,,,,0,0.0,0.0,0,,1
20121205,1354636800000,,,,,0,0.0,0.0,0,,1
20121206,1354723200000,,,,,0,0.0,0.0,0,,1
20121207,1354809600000,,,,,0,0.0,0.0,0,,1
20121210,1355068800000,,,,,0,0.0,0.0,0,,1
20121211,1355155200000,,,,,0,0.0,0.0,0,,1
20121212,1355241600000,,,,,0,0.0,0.0,0,,1
20121213,1355328000000,,,,,0,0.0,0.0,0,,1
20121214,1355414400000,,,,,0,0.0,0.0,0,,1
20121217,1355673600000,,,,,0,0.0,0.0,0,,1
20121218,1355760000000,,,,,0,0.0,0.0,0,,1
20121219,1355846400000,,,,,0,0.0,0.0,0,,1
20121220,1355932800000,,,,,0,0.0,0.0,0,,1
20121221,1356019200000,,,,,0,0.0,0.0,0,,1
20121224,1356278400000,,,,,0,0.0,0.0,0,,1
20121225,1356364800000,,,,,0,0.0,0.0,0,,1
20121226,1356451200000,,,,,0,0.0,0.0,0,,1
20121227,1356537600000,,,,,0,0.0,0.0,0,,1
20121228,1356624000000,,,,,0,0.0,0.0,0,,1
20121231,1356883200000,,,,,0,0.0,0.0,0,,1
20130104,1357228800000,,,,,0,0.0,0.0,0,,1
20130107,1357488000000,,,,,0,0.0,0.0,0,,1
20130108,1357574400000,,,,,0,0.0,0.0,0,,1
20130109,1357660800000,,,,,0,0.0,0.0,0,,1
20130110,1357747200000,,,,,0,0.0,0.0,0,,1
20130111,1357833600000,,,,,0,0.0,0.0,0,,1
20130114,1358092800000,,,,,0,0.0,0.0,0,,1
20130115,1358179200000,,,,,0,0.0,0.0,0,,1
20130116,1358265600000,,,,,0,0.0,0.0,0,,1
20130117,1358352000000,,,,,0,0.0,0.0,0,,1
20130118,1358438400000,,,,,0,0.0,0.0,0,,1
20130121,1358697600000,,,,,0,0.0,0.0,0,,1
20130122,1358784000000,,,,,0,0.0,0.0,0,,1
20130123,1358870400000,,,,,0,0.0,0.0,0,,1
20130124,1358956800000,,,,,0,0.0,0.0,0,,1
20130125,1359043200000,,,,,0,0.0,0.0,0,,1
20130128,1359302400000,,,,,0,0.0,0.0,0,,1
20130129,1359388800000,,,,,0,0.0,0.0,0,,1
20130130,1359475200000,,,,,0,0.0,0.0,0,,1
20130131,1359561600000,,,,,0,0.0,0.0,0,,1
20130201,1359648000000,,,,,0,0.0,0.0,0,,1
20130204,1359907200000,,,,,0,0.0,0.0,0,,1
20130205,1359993600000,,,,,0,0.0,0.0,0,,1
20130206,1360080000000,,,,,0,0.0,0.0,0,,1
20130207,1360166400000,,,,,0,0.0,0.0,0,,1
20130208,1360252800000,,,,,0,0.0,0.0,0,,1
20130218,1361116800000,,,,,0,0.0,0.0,0,,1
20130219,1361203200000,,,,,0,0.0,0.0,0,,1
20130220,1361289600000,,,,,0,0.0,0.0,0,,1
20130221,1361376000000,,,,,0,0.0,0.0,0,,1
20130222,1361462400000,,,,,0,0.0,0.0,0,,1
20130225,1361721600000,,,,,0,0.0,0.0,0,,1
20130226,1361808000000,,,,,0,0.0,0.0,0,,1
20130227,1361894400000,,,,,0,0.0,0.0,0,,1
20130228,1361980800000,,,,,0,0.0,0.0,0,,1
20130301,1362067200000,,,,,0,0.0,0.0,0,,1
20130304,1362326400000,,,,,0,0.0,0.0,0,,1
20130305,1362412800000,,,,,0,0.0,0.0,0,,1
20130306,1362499200000,,,,,0,0.0,0.0,0,,1
20130307,1362585600000,,,,,0,0.0,0.0,0,,1
20130308,1362672000000,,,,,0,0.0,0.0,0,,1
20130311,1362931200000,,,,,0,0.0,0.0,0,,1
20130312,1363017600000,,,,,0,0.0,0.0,0,,1
20130313,1363104000000,,,,,0,0.0,0.0,0,,1
20130314,1363190400000,,,,,0,0.0,0.0,0,,1
20130315,1363276800000,,,,,0,0.0,0.0,0,,1
20130318,1363536000000,,,,,0,0.0,0.0,0,,1
20130319,1363622400000,,,,,0,0.0,0.0,0,,1
20130320,1363708800000,,,,,0,0.0,0.0,0,,1
20130321,1363795200000,,,,,0,0.0,0.0,0,,1
20130322,1363881600000,,,,,0,0.0,0.0,0,,1
20130325,1364140800000,,,,,0,0.0,0.0,0,,1
20130326,1364227200000,,,,,0,0.0,0.0,0,,1
20130327,1364313600000,,,,,0,0.0,0.0,0,,1
20130328,1364400000000,,,,,0,0.0,0.0,0,,1
20130329,1364486400000,,,,,0,0.0,0.0,0,,1
20130401,1364745600000,,,,,0,0.0,0.0,0,,1
20130402,1364832000000,,,,,0,0.0,0.0,0,,1
20130403,1364918400000,,,,,0,0.0,0.0,0,,1
20130408,1365350400000,,,,,0,0.0,0.0,0,,1
20130409,1365436800000,,,,,0,0.0,0.0,0,,1
20130410,1365523200000,,,,,0,0.0,0.0,0,,1
20130411,1365609600000,,,,,0,0.0,0.0,0,,1
20130412,1365696000000,,,,,0,0.0,0.0,0,,1
20130415,1365955200000,,,,,0,0.0,0.0,0,,1
20130416,1366041600000,,,,,0,0.0,0.0,0,,1
20130417,1366128000000,,,,,0,0.0,0.0,0,,1
20130418,1366214400000,,,,,0,0.0,0.0,0,,1
20130419,1366300800000,,,,,0,0.0,0.0,0,,1
20130422,1366560000000,,,,,0,0.0,0.0,0,,1
20130423,1366646400000,,,,,0,0.0,0.0,0,,1
20130424,1366732800000,,,,,0,0.0,0.0,0,,1
20130425,1366819200000,,,,,0,0.0,0.0,0,,1
20130426,1366905600000,,,,,0,0.0,0.0,0,,1
20130502,1367424000000,,,,,0,0.0,0.0,0,,1
20130503,1367510400000,,,,,0,0.0,0.0,0,,1
20130506,1367769600000,,,,,0,0.0,0.0,0,,1
20130507,1367856000000,,,,,0,0.0,0.0,0,,1
20130508,1367942400000,,,,,0,0.0,0.0,0,,1
20130509,1368028800000,,,,,0,0.0,0.0,0,,1
20130510,1368115200000,,,,,0,0.0,0.0,0,,1
20130513,1368374400000,,,,,0,0.0,0.0,0,,1
20130514,1368460800000,,,,,0,0.0,0.0,0,,1
20130515,1368547200000,,,,,0,0.0,0.0,0,,1
20130516,1368633600000,,,,,0,0.0,0.0,0,,1
20130517,1368720000000,,,,,0,0.0,0.0,0,,1
20130520,1368979200000,,,,,0,0.0,0.0,0,,1
20130521,1369065600000,,,,,0,0.0,0.0,0,,1
20130522,1369152000000,,,,,0,0.0,0.0,0,,1
20130523,1369238400000,,,,,0,0.0,0.0,0,,1
20130524,1369324800000,,,,,0,0.0,0.0,0,,1
20130527,1369584000000,,,,,0,0.0,0.0,0,,1
20130528,1369670400000,,,,,0,0.0,0.0,0,,1
20130529,1369756800000,,,,,0,0.0,0.0,0,,1
20130530,1369843200000,,,,,0,0.0,0.0,0,,1
20130531,1369929600000,,,,,0,0.0,0.0,0,,1
20130603,1370188800000,,,,,0,0.0,0.0,0,,1
20130604,1370275200000,,,,,0,0.0,0.0,0,,1
20130605,1370361600000,,,,,0,0.0,0.0,0,,1
20130606,1370448000000,,,,,0,0.0,0.0,0,,1
20130607,1370534400000,,,,,0,0.0,0.0,0,,1
20130613,1371052800000,,,,,0,0.0,0.0,0,,1
20130614,1371139200000,,,,,0,0.0,0.0,0,,1
20130617,1371398400000,,,,,0,0.0,0.0,0,,1
20130618,1371484800000,,,,,0,0.0,0.0,0,,1
20130619,1371571200000,,,,,0,0.0,0.0,0,,1
20130620,1371657600000,,,,,0,0.0,0.0,0,,1
20130621,1371744000000,,,,,0,0.0,0.0,0,,1
20130624,1372003200000,,,,,0,0.0,0.0,0,,1
20130625,1372089600000,,,,,0,0.0,0.0,0,,1
20130626,1372176000000,,,,,0,0.0,0.0,0,,1
20130627,1372262400000,,,,,0,0.0,0.0,0,,1
20130628,1372348800000,,,,,0,0.0,0.0,0,,1
20130701,1372608000000,,,,,0,0.0,0.0,0,,1
20130702,1372694400000,,,,,0,0.0,0.0,0,,1
20130703,1372780800000,,,,,0,0.0,0.0,0,,1
20130704,1372867200000,,,,,0,0.0,0.0,0,,1
20130705,1372953600000,,,,,0,0.0,0.0,0,,1
20130708,1373212800000,,,,,0,0.0,0.0,0,,1
20130709,1373299200000,,,,,0,0.0,0.0,0,,1
20130710,1373385600000,,,,,0,0.0,0.0,0,,1
20130711,1373472000000,,,,,0,0.0,0.0,0,,1
20130712,1373558400000,,,,,0,0.0,0.0,0,,1
20130715,1373817600000,,,,,0,0.0,0.0,0,,1
20130716,1373904000000,,,,,0,0.0,0.0,0,,1
20130717,1373990400000,,,,,0,0.0,0.0,0,,1
20130718,1374076800000,,,,,0,0.0,0.0,0,,1
20130719,1374163200000,,,,,0,0.0,0.0,0,,1
20130722,1374422400000,,,,,0,0.0,0.0,0,,1
20130723,1374508800000,,,,,0,0.0,0.0,0,,1
20130724,1374595200000,,,,,0,0.0,0.0,0,,1
20130725,1374681600000,,,,,0,0.0,0.0,0,,1
20130726,1374768000000,,,,,0,0.0,0.0,0,,1
20130729,1375027200000,,,,,0,0.0,0.0,0,,1
20130730,1375113600000,,,,,0,0.0,0.0,0,,1
20130731,1375200000000,,,,,0,0.0,0.0,0,,1
20130801,1375286400000,,,,,0,0.0,0.0,0,,1
20130802,1375372800000,,,,,0,0.0,0.0,0,,1
20130805,1375632000000,,,,,0,0.0,0.0,0,,1
20130806,1375718400000,,,,,0,0.0,0.0,0,,1
20130807,1375804800000,,,,,0,0.0,0.0,0,,1
20130808,1375891200000,,,,,0,0.0,0.0,0,,1
20130809,1375977600000,,,,,0,0.0,0.0,0,,1
20130812,1376236800000,,,,,0,0.0,0.0,0,,1
20130813,1376323200000,,,,,0,0.0,0.0,0,,1
20130814,1376409600000,,,,,0,0.0,0.0,0,,1
20130815,1376496000000,,,,,0,0.0,0.0,0,,1
20130816,1376582400000,,,,,0,0.0,0.0,0,,1
20130819,1376841600000,,,,,0,0.0,0.0,0,,1
20130820,1376928000000,,,,,0,0.0,0.0,0,,1
20130821,1377014400000,,,,,0,0.0,0.0,0,,1
20130822,1377100800000,,,,,0,0.0,0.0,0,,1
20130823,1377187200000,,,,,0,0.0,0.0,0,,1
20130826,1377446400000,,,,,0,0.0,0.0,0,,1
20130827,1377532800000,,,,,0,0.0,0.0,0,,1
20130828,1377619200000,,,,,0,0.0,0.0,0,,1
20130829,1377705600000,,,,,0,0.0,0.0,0,,1
20130830,1377792000000,,,,,0,0.0,0.0,0,,1
20130902,1378051200000,,,,,0,0.0,0.0,0,,1
20130903,1378137600000,,,,,0,0.0,0.0,0,,1
20130904,1378224000000,,,,,0,0.0,0.0,0,,1
20130905,1378310400000,,,,,0,0.0,0.0,0,,1
20130906,1378396800000,,,,,0,0.0,0.0,0,,1
20130909,1378656000000,,,,,0,0.0,0.0,0,,1
20130910,1378742400000,,,,,0,0.0,0.0,0,,1
20130911,1378828800000,,,,,0,0.0,0.0,0,,1
20130912,1378915200000,,,,,0,0.0,0.0,0,,1
20130913,1379001600000,,,,,0,0.0,0.0,0,,1
20130916,1379260800000,,,,,0,0.0,0.0,0,,1
20130917,1379347200000,,,,,0,0.0,0.0,0,,1
20130918,1379433600000,,,,,0,0.0,0.0,0,,1
20130923,1379865600000,,,,,0,0.0,0.0,0,,1
20130924,1379952000000,,,,,0,0.0,0.0,0,,1
20130925,1380038400000,,,,,0,0.0,0.0,0,,1
20130926,1380124800000,,,,,0,0.0,0.0,0,,1
20130927,1380211200000,,,,,0,0.0,0.0,0,,1
20130930,1380470400000,,,,,0,0.0,0.0,0,,1
20131008,1381161600000,,,,,0,0.0,0.0,0,,1
20131009,1381248000000,,,,,0,0.0,0.0,0,,1
20131010,1381334400000,,,,,0,0.0,0.0,0,,1
20131011,1381420800000,,,,,0,0.0,0.0,0,,1
20131014,1381680000000,,,,,0,0.0,0.0,0,,1
20131015,1381766400000,,,,,0,0.0,0.0,0,,1
20131016,1381852800000,,,,,0,0.0,0.0,0,,1
20131017,1381939200000,,,,,0,0.0,0.0,0,,1
20131018,1382025600000,,,,,0,0.0,0.0,0,,1
20131021,1382284800000,,,,,0,0.0,0.0,0,,1
20131022,1382371200000,,,,,0,0.0,0.0,0,,1
20131023,1382457600000,,,,,0,0.0,0.0,0,,1
20131024,1382544000000,,,,,0,0.0,0.0,0,,1
20131025,1382630400000,,,,,0,0.0,0.0,0,,1
20131028,1382889600000,,,,,0,0.0,0.0,0,,1
20131029,1382976000000,,,,,0,0.0,0.0,0,,1
20131030,1383062400000,,,,,0,0.0,0.0,0,,1
20131031,1383148800000,,,,,0,0.0,0.0,0,,1
20131101,1383235200000,,,,,0,0.0,0.0,0,,1
20131104,1383494400000,,,,,0,0.0,0.0,0,,1
20131105,1383580800000,,,,,0,0.0,0.0,0,,1
20131106,1383667200000,,,,,0,0.0,0.0,0,,1
20131107,1383753600000,,,,,0,0.0,0.0,0,,1
20131108,1383840000000,,,,,0,0.0,0.0,0,,1
20131111,1384099200000,,,,,0,0.0,0.0,0,,1
20131112,1384185600000,,,,,0,0.0,0.0,0,,1
20131113,1384272000000,,,,,0,0.0,0.0,0,,1
20131114,1384358400000,,,,,0,0.0,0.0,0,,1
20131115,1384444800000,,,,,0,0.0,0.0,0,,1
20131118,1384704000000,,,,,0,0.0,0.0,0,,1
20131119,1384790400000,,,,,0,0.0,0.0,0,,1
20131120,1384876800000,,,,,0,0.0,0.0,0,,1
20131121,1384963200000,,,,,0,0.0,0.0,0,,1
20131122,1385049600000,,,,,0,0.0,0.0,0,,1
20131125,1385308800000,,,,,0,0.0,0.0,0,,1
20131126,1385395200000,,,,,0,0.0,0.0,0,,1
20131127,1385481600000,,,,,0,0.0,0.0,0,,1
20131128,1385568000000,,,,,0,0.0,0.0,0,,1
20131129,1385654400000,,,,,0,0.0,0.0,0,,1
20131202,1385913600000,,,,,0,0.0,0.0,0,,1
20131203,1386000000000,,,,,0,0.0,0.0,0,,1
20131204,1386086400000,,,,,0,0.0,0.0,0,,1
20131205,1386172800000,,,,,0,0.0,0.0,0,,1
20131206,1386259200000,,,,,0,0.0,0.0,0,,1
20131209,1386518400000,,,,,0,0.0,0.0,0,,1
20131210,1386604800000,,,,,0,0.0,0.0,0,,1
20131211,1386691200000,,,,,0,0.0,0.0,0,,1
20131212,1386777600000,,,,,0,0.0,0.0,0,,1
20131213,1386864000000,,,,,0,0.0,0.0,0,,1
20131216,1387123200000,,,,,0,0.0,0.0,0,,1
20131217,1387209600000,,,,,0,0.0,0.0,0,,1
20131218,1387296000000,,,,,0,0.0,0.0,0,,1
20131219,1387382400000,,,,,0,0.0,0.0,0,,1
20131220,1387468800000,,,,,0,0.0,0.0,0,,1
20131223,1387728000000,,,,,0,0.0,0.0,0,,1
20131224,1387814400000,,,,,0,0.0,0.0,0,,1
20131225,1387900800000,,,,,0,0.0,0.0,0,,1
20131226,1387987200000,,,,,0,0.0,0.0,0,,1
20131227,1388073600000,,,,,0,0.0,0.0,0,,1
20131230,1388332800000,,,,,0,0.0,0.0,0,,1
20131231,1388419200000,,,,,0,0.0,0.0,0,,1
20140102,1388592000000,,,,,0,0.0,0.0,0,,1
20140103,1388678400000,,,,,0,0.0,0.0,0,,1
20140106,1388937600000,,,,,0,0.0,0.0,0,,1
20140107,1389024000000,,,,,0,0.0,0.0,0,,1
20140108,1389110400000,,,,,0,0.0,0.0,0,,1
20140109,1389196800000,,,,,0,0.0,0.0,0,,1
20140110,1389283200000,,,,,0,0.0,0.0,0,,1
20140113,1389542400000,,,,,0,0.0,0.0,0,,1
20140114,1389628800000,,,,,0,0.0,0.0,0,,1
20140115,1389715200000,,,,,0,0.0,0.0,0,,1
20140116,1389801600000,,,,,0,0.0,0.0,0,,1
20140117,1389888000000,,,,,0,0.0,0.0,0,,1
20140120,1390147200000,,,,,0,0.0,0.0,0,,1
20140121,1390233600000,,,,,0,0.0,0.0,0,,1
20140122,1390320000000,,,,,0,0.0,0.0,0,,1
20140123,1390406400000,,,,,0,0.0,0.0,0,,1
20140124,1390492800000,,,,,0,0.0,0.0,0,,1
20140127,1390752000000,,,,,0,0.0,0.0,0,,1
20140128,1390838400000,,,,,0,0.0,0.0,0,,1
20140129,1390924800000,,,,,0,0.0,0.0,0,,1
20140130,1391011200000,,,,,0,0.0,0.0,0,,1
20140207,1391702400000,,,,,0,0.0,0.0,0,,1
20140210,1391961600000,,,,,0,0.0,0.0,0,,1
20140211,1392048000000,,,,,0,0.0,0.0,0,,1
20140212,1392134400000,,,,,0,0.0,0.0,0,,1
20140213,1392220800000,,,,,0,0.0,0.0,0,,1
20140214,1392307200000,,,,,0,0.0,0.0,0,,1
20140217,1392566400000,,,,,0,0.0,0.0,0,,1
20140218,1392652800000,,,,,0,0.0,0.0,0,,1
20140219,1392739200000,,,,,0,0.0,0.0,0,,1
20140220,1392825600000,,,,,0,0.0,0.0,0,,1
20140221,1392912000000,,,,,0,0.0,0.0,0,,1
20140224,1393171200000,,,,,0,0.0,0.0,0,,1
20140225,1393257600000,,,,,0,0.0,0.0,0,,1
20140226,1393344000000,,,,,0,0.0,0.0,0,,1
20140227,1393430400000,,,,,0,0.0,0.0,0,,1
20140228,1393516800000,,,,,0,0.0,0.0,0,,1
20140303,1393776000000,,,,,0,0.0,0.0,0,,1
20140304,1393862400000,,,,,0,0.0,0.0,0,,1
20140305,1393948800000,,,,,0,0.0,0.0,0,,1
20140306,1394035200000,,,,,0,0.0,0.0,0,,1
20140307,1394121600000,,,,,0,0.0,0.0,0,,1
20140310,1394380800000,,,,,0,0.0,0.0,0,,1
20140311,1394467200000,,,,,0,0.0,0.0,0,,1
20140312,1394553600000,,,,,0,0.0,0.0,0,,1
20140313,1394640000000,,,,,0,0.0,0.0,0,,1
20140314,1394726400000,,,,,0,0.0,0.0,0,,1
20140317,1394985600000,,,,,0,0.0,0.0,0,,1
20140318,1395072000000,,,,,0,0.0,0.0,0,,1
20140319,1395158400000,,,,,0,0.0,0.0,0,,1
20140320,1395244800000,,,,,0,0.0,0.0,0,,1
20140321,1395331200000,,,,,0,0.0,0.0,0,,1
20140324,1395590400000,,,,,0,0.0,0.0,0,,1
20140325,1395676800000,,,,,0,0.0,0.0,0,,1
20140326,1395763200000,,,,,0,0.0,0.0,0,,1
20140327,1395849600000,,,,,0,0.0,0.0,0,,1
20140328,1395936000000,,,,,0,0.0,0.0,0,,1
20140331,1396195200000,,,,,0,0.0,0.0,0,,1
20140401,1396281600000,,,,,0,0.0,0.0,0,,1
20140402,1396368000000,,,,,0,0.0,0.0,0,,1
20140403,1396454400000,,,,,0,0.0,0.0,0,,1
20140404,1396540800000,,,,,0,0.0,0.0,0,,1
20140408,1396886400000,,,,,0,0.0,0.0,0,,1
20140409,1396972800000,,,,,0,0.0,0.0,0,,1
20140410,1397059200000,,,,,0,0.0,0.0,0,,1
20140411,1397145600000,,,,,0,0.0,0.0,0,,1
20140414,1397404800000,,,,,0,0.0,0.0,0,,1
20140415,1397491200000,,,,,0,0.0,0.0,0,,1
20140416,1397577600000,,,,,0,0.0,0.0,0,,1
20140417,1397664000000,,,,,0,0.0,0.0,0,,1
20140418,1397750400000,,,,,0,0.0,0.0,0,,1
20140421,1398009600000,,,,,0,0.0,0.0,0,,1
20140422,1398096000000,,,,,0,0.0,0.0,0,,1
20140423,1398182400000,,,,,0,0.0,0.0,0,,1
20140424,1398268800000,,,,,0,0.0,0.0,0,,1
20140425,1398355200000,,,,,0,0.0,0.0,0,,1
20140428,1398614400000,,,,,0,0.0,0.0,0,,1
20140429,1398700800000,,,,,0,0.0,0.0,0,,1
20140430,1398787200000,,,,,0,0.0,0.0,0,,1
20140505,1399219200000,,,,,0,0.0,0.0,0,,1
20140506,1399305600000,,,,,0,0.0,0.0,0,,1
20140507,1399392000000,,,,,0,0.0,0.0,0,,1
20140508,1399478400000,,,,,0,0.0,0.0,0,,1
20140509,1399564800000,,,,,0,0.0,0.0,0,,1
20140512,1399824000000,,,,,0,0.0,0.0,0,,1
20140513,1399910400000,,,,,0,0.0,0.0,0,,1
20140514,1399996800000,,,,,0,0.0,0.0,0,,1
20140515,1400083200000,,,,,0,0.0,0.0,0,,1
20140516,1400169600000,,,,,0,0.0,0.0,0,,1
20140519,1400428800000,,,,,0,0.0,0.0,0,,1
20140520,1400515200000,,,,,0,0.0,0.0,0,,1
20140521,1400601600000,,,,,0,0.0,0.0,0,,1
20140522,1400688000000,,,,,0,0.0,0.0,0,,1
20140523,1400774400000,,,,,0,0.0,0.0,0,,1
20140526,1401033600000,,,,,0,0.0,0.0,0,,1
20140527,1401120000000,,,,,0,0.0,0.0,0,,1
20140528,1401206400000,,,,,0,0.0,0.0,0,,1
20140529,1401292800000,,,,,0,0.0,0.0,0,,1
20140530,1401379200000,,,,,0,0.0,0.0,0,,1
20140603,1401724800000,,,,,0,0.0,0.0,0,,1
20140604,1401811200000,,,,,0,0.0,0.0,0,,1
20140605,1401897600000,,,,,0,0.0,0.0,0,,1
20140606,1401984000000,,,,,0,0.0,0.0,0,,1
20140609,1402243200000,,,,,0,0.0,0.0,0,,1
20140610,1402329600000,,,,,0,0.0,0.0,0,,1
20140611,1402416000000,,,,,0,0.0,0.0,0,,1
20140612,1402502400000,,,,,0,0.0,0.0,0,,1
20140613,1402588800000,,,,,0,0.0,0.0,0,,1
20140616,1402848000000,,,,,0,0.0,0.0,0,,1
20140617,1402934400000,,,,,0,0.0,0.0,0,,1
20140618,1403020800000,,,,,0,0.0,0.0,0,,1
20140619,1403107200000,,,,,0,0.0,0.0,0,,1
20140620,1403193600000,,,,,0,0.0,0.0,0,,1
20140623,1403452800000,,,,,0,0.0,0.0,0,,1
20140624,1403539200000,,,,,0,0.0,0.0,0,,1
20140625,1403625600000,,,,,0,0.0,0.0,0,,1
20140626,1403712000000,,,,,0,0.0,0.0,0,,1
20140627,1403798400000,,,,,0,0.0,0.0,0,,1
20140630,1404057600000,,,,,0,0.0,0.0,0,,1
20140701,1404144000000,,,,,0,0.0,0.0,0,,1
20140702,1404230400000,,,,,0,0.0,0.0,0,,1
20140703,1404316800000,,,,,0,0.0,0.0,0,,1
20140704,1404403200000,,,,,0,0.0,0.0,0,,1
20140707,1404662400000,,,,,0,0.0,0.0,0,,1
20140708,1404748800000,,,,,0,0.0,0.0,0,,1
20140709,1404835200000,,,,,0,0.0,0.0,0,,1
20140710,1404921600000,,,,,0,0.0,0.0,0,,1
20140711,1405008000000,,,,,0,0.0,0.0,0,,1
20140714,1405267200000,,,,,0,0.0,0.0,0,,1
20140715,1405353600000,,,,,0,0.0,0.0,0,,1
20140716,1405440000000,,,,,0,0.0,0.0,0,,1
20140717,1405526400000,,,,,0,0.0,0.0,0,,1
20140718,1405612800000,,,,,0,0.0,0.0,0,,1
20140721,1405872000000,,,,,0,0.0,0.0,0,,1
20140722,1405958400000,,,,,0,0.0,0.0,0,,1
20140723,1406044800000,,,,,0,0.0,0.0,0,,1
20140724,1406131200000,,,,,0,0.0,0.0,0,,1
20140725,1406217600000,,,,,0,0.0,0.0,0,,1
20140728,1406476800000,,,,,0,0.0,0.0,0,,1
20140729,1406563200000,,,,,0,0.0,0.0,0,,1
20140730,1406649600000,,,,,0,0.0,0.0,0,,1
20140731,1406736000000,,,,,0,0.0,0.0,0,,1
20140801,1406822400000,,,,,0,0.0,0.0,0,,1
20140804,1407081600000,,,,,0,0.0,0.0,0,,1
20140805,1407168000000,,,,,0,0.0,0.0,0,,1
20140806,1407254400000,,,,,0,0.0,0.0,0,,1
20140807,1407340800000,,,,,0,0.0,0.0,0,,1
20140808,1407427200000,,,,,0,0.0,0.0,0,,1
20140811,1407686400000,,,,,0,0.0,0.0,0,,1
20140812,1407772800000,,,,,0,0.0,0.0,0,,1
20140813,1407859200000,,,,,0,0.0,0.0,0,,1
20140814,1407945600000,,,,,0,0.0,0.0,0,,1
20140815,1408032000000,,,,,0,0.0,0.0,0,,1
20140818,1408291200000,,,,,0,0.0,0.0,0,,1
20140819,1408377600000,,,,,0,0.0,0.0,0,,1
20140820,1408464000000,,,,,0,0.0,0.0,0,,1
20140821,1408550400000,,,,,0,0.0,0.0,0,,1
20140822,1408636800000,,,,,0,0.0,0.0,0,,1
20140825,1408896000000,,,,,0,0.0,0.0,0,,1
20140826,1408982400000,,,,,0,0.0,0.0,0,,1
20140827,1409068800000,,,,,0,0.0,0.0,0,,1
20140828,1409155200000,,,,,0,0.0,0.0,0,,1
20140829,1409241600000,,,,,0,0.0,0.0,0,,1
20140901,1409500800000,,,,,0,0.0,0.0,0,,1
20140902,1409587200000,,,,,0,0.0,0.0,0,,1
20140903,1409673600000,,,,,0,0.0,0.0,0,,1
20140904,1409760000000,,,,,0,0.0,0.0,0,,1
20140905,1409846400000,,,,,0,0.0,0.0,0,,1
20140909,1410192000000,,,,,0,0.0,0.0,0,,1
20140910,1410278400000,,,,,0,0.0,0.0,0,,1
20140911,1410364800000,,,,,0,0.0,0.0,0,,1
20140912,1410451200000,,,,,0,0.0,0.0,0,,1
20140915,1410710400000,,,,,0,0.0,0.0,0,,1
20140916,1410796800000,,,,,0,0.0,0.0,0,,1
20140917,1410883200000,,,,,0,0.0,0.0,0,,1
20140918,1410969600000,,,,,0,0.0,0.0,0,,1
20140919,1411056000000,,,,,0,0.0,0.0,0,,1
20140922,1411315200000,,,,,0,0.0,0.0,0,,1
20140923,1411401600000,,,,,0,0.0,0.0,0,,1
20140924,1411488000000,,,,,0,0.0,0.0,0,,1
20140925,1411574400000,,,,,0,0.0,0.0,0,,1
20140926,1411660800000,,,,,0,0.0,0.0,0,,1
20140929,1411920000000,,,,,0,0.0,0.0,0,,1
20140930,1412006400000,,,,,0,0.0,0.0,0,,1
20141008,1412697600000,,,,,0,0.0,0.0,0,,1
20141009,1412784000000,,,,,0,0.0,0.0,0,,1
20141010,1412870400000,,,,,0,0.0,0.0,0,,1
20141013,1413129600000,,,,,0,0.0,0.0,0,,1
20141014,1413216000000,,,,,0,0.0,0.0,0,,1
20141015,1413302400000,,,,,0,0.0,0.0,0,,1
20141016,1413388800000,,,,,0,0.0,0.0,0,,1
20141017,1413475200000,,,,,0,0.0,0.0,0,,1
20141020,1413734400000,,,,,0,0.0,0.0,0,,1
20141021,1413820800000,,,,,0,0.0,0.0,0,,1
20141022,1413907200000,,,,,0,0.0,0.0,0,,1
20141023,1413993600000,,,,,0,0.0,0.0,0,,1
20141024,1414080000000,,,,,0,0.0,0.0,0,,1
20141027,1414339200000,,,,,0,0.0,0.0,0,,1
20141028,1414425600000,,,,,0,0.0,0.0,0,,1
20141029,1414512000000,,,,,0,0.0,0.0,0,,1
20141030,1414598400000,,,,,0,0.0,0.0,0,,1
20141031,1414684800000,,,,,0,0.0,0.0,0,,1
20141103,1414944000000,,,,,0,0.0,0.0,0,,1
20141104,1415030400000,,,,,0,0.0,0.0,0,,1
20141105,1415116800000,,,,,0,0.0,0.0,0,,1
20141106,1415203200000,,,,,0,0.0,0.0,0,,1
20141107,1415289600000,,,,,0,0.0,0.0,0,,1
20141110,1415548800000,,,,,0,0.0,0.0,0,,1
20141111,1415635200000,,,,,0,0.0,0.0,0,,1
20141112,1415721600000,,,,,0,0.0,0.0,0,,1
20141113,1415808000000,,,,,0,0.0,0.0,0,,1
20141114,1415894400000,,,,,0,0.0,0.0,0,,1
20141117,1416153600000,,,,,0,0.0,0.0,0,,1
20141118,1416240000000,,,,,0,0.0,0.0,0,,1
20141119,1416326400000,,,,,0,0.0,0.0,0,,1
20141120,1416412800000,,,,,0,0.0,0.0,0,,1
20141121,1416499200000,,,,,0,0.0,0.0,0,,1
20141124,1416758400000,,,,,0,0.0,0.0,0,,1
20141125,1416844800000,,,,,0,0.0,0.0,0,,1
20141126,1416931200000,,,,,0,0.0,0.0,0,,1
20141127,1417017600000,,,,,0,0.0,0.0,0,,1
20141128,1417104000000,,,,,0,0.0,0.0,0,,1
20141201,1417363200000,,,,,0,0.0,0.0,0,,1
20141202,1417449600000,,,,,0,0.0,0.0,0,,1
20141203,1417536000000,,,,,0,0.0,0.0,0,,1
20141204,1417622400000,,,,,0,0.0,0.0,0,,1
20141205,1417708800000,,,,,0,0.0,0.0,0,,1
20141208,1417968000000,,,,,0,0.0,0.0,0,,1
20141209,1418054400000,,,,,0,0.0,0.0,0,,1
20141210,1418140800000,,,,,0,0.0,0.0,0,,1
20141211,1418227200000,,,,,0,0.0,0.0,0,,1
20141212,1418313600000,,,,,0,0.0,0.0,0,,1
20141215,1418572800000,,,,,0,0.0,0.0,0,,1
20141216,1418659200000,,,,,0,0.0,0.0,0,,1
20141217,1418745600000,,,,,0,0.0,0.0,0,,1
20141218,1418832000000,,,,,0,0.0,0.0,0,,1
20141219,1418918400000,,,,,0,0.0,0.0,0,,1
20141222,1419177600000,,,,,0,0.0,0.0,0,,1
20141223,1419264000000,,,,,0,0.0,0.0,0,,1
20141224,1419350400000,,,,,0,0.0,0.0,0,,1
20141225,1419436800000,,,,,0,0.0,0.0,0,,1
20141226,1419523200000,,,,,0,0.0,0.0,0,,1
20141229,1419782400000,,,,,0,0.0,0.0,0,,1
20141230,1419868800000,,,,,0,0.0,0.0,0,,1
20141231,1419955200000,,,,,0,0.0,0.0,0,,1
20150105,1420387200000,,,,,0,0.0,0.0,0,,1
20150106,1420473600000,,,,,0,0.0,0.0,0,,1
20150107,1420560000000,,,,,0,0.0,0.0,0,,1
20150108,1420646400000,,,,,0,0.0,0.0,0,,1
20150109,1420732800000,,,,,0,0.0,0.0,0,,1
20150112,1420992000000,,,,,0,0.0,0.0,0,,1
20150113,1421078400000,,,,,0,0.0,0.0,0,,1
20150114,1421164800000,,,,,0,0.0,0.0,0,,1
20150115,1421251200000,,,,,0,0.0,0.0,0,,1
20150116,1421337600000,,,,,0,0.0,0.0,0,,1
20150119,1421596800000,,,,,0,0.0,0.0,0,,1
20150120,1421683200000,,,,,0,0.0,0.0,0,,1
20150121,1421769600000,,,,,0,0.0,0.0,0,,1
20150122,1421856000000,,,,,0,0.0,0.0,0,,1
20150123,1421942400000,,,,,0,0.0,0.0,0,,1
20150126,1422201600000,,,,,0,0.0,0.0,0,,1
20150127,1422288000000,,,,,0,0.0,0.0,0,,1
20150128,1422374400000,,,,,0,0.0,0.0,0,,1
20150129,1422460800000,,,,,0,0.0,0.0,0,,1
20150130,1422547200000,,,,,0,0.0,0.0,0,,1
20150202,1422806400000,,,,,0,0.0,0.0,0,,1
20150203,1422892800000,,,,,0,0.0,0.0,0,,1
20150204,1422979200000,,,,,0,0.0,0.0,0,,1
20150205,1423065600000,,,,,0,0.0,0.0,0,,1
20150206,1423152000000,,,,,0,0.0,0.0,0,,1
20150209,1423411200000,,,,,0,0.0,0.0,0,,1
20150210,1423497600000,,,,,0,0.0,0.0,0,,1
20150211,1423584000000,,,,,0,0.0,0.0,0,,1
20150212,1423670400000,,,,,0,0.0,0.0,0,,1
20150213,1423756800000,,,,,0,0.0,0.0,0,,1
20150216,1424016000000,,,,,0,0.0,0.0,0,,1
20150217,1424102400000,,,,,0,0.0,0.0,0,,1
20150225,1424793600000,,,,,0,0.0,0.0,0,,1
20150226,1424880000000,,,,,0,0.0,0.0,0,,1
20150227,1424966400000,,,,,0,0.0,0.0,0,,1
20150302,1425225600000,,,,,0,0.0,0.0,0,,1
20150303,1425312000000,,,,,0,0.0,0.0,0,,1
20150304,1425398400000,,,,,0,0.0,0.0,0,,1
20150305,1425484800000,,,,,0,0.0,0.0,0,,1
20150306,1425571200000,,,,,0,0.0,0.0,0,,1
20150309,1425830400000,,,,,0,0.0,0.0,0,,1
20150310,1425916800000,,,,,0,0.0,0.0,0,,1
20150311,1426003200000,,,,,0,0.0,0.0,0,,1
20150312,1426089600000,,,,,0,0.0,0.0,0,,1
20150313,1426176000000,,,,,0,0.0,0.0,0,,1
20150316,1426435200000,,,,,0,0.0,0.0,0,,1
20150317,1426521600000,,,,,0,0.0,0.0,0,,1
20150318,1426608000000,,,,,0,0.0,0.0,0,,1
20150319,1426694400000,,,,,0,0.0,0.0,0,,1
20150320,1426780800000,,,,,0,0.0,0.0,0,,1
20150323,1427040000000,,,,,0,0.0,0.0,0,,1
20150324,1427126400000,,,,,0,0.0,0.0,0,,1
20150325,1427212800000,,,,,0,0.0,0.0,0,,1
20150326,1427299200000,,,,,0,0.0,0.0,0,,1
20150327,1427385600000,,,,,0,0.0,0.0,0,,1
20150330,1427644800000,,,,,0,0.0,0.0,0,,1
20150331,1427731200000,,,,,0,0.0,0.0,0,,1
20150401,1427817600000,,,,,0,0.0,0.0,0,,1
20150402,1427904000000,,,,,0,0.0,0.0,0,,1
20150403,1427990400000,,,,,0,0.0,0.0,0,,1
20150407,1428336000000,,,,,0,0.0,0.0,0,,1
20150408,1428422400000,,,,,0,0.0,0.0,0,,1
20150409,1428508800000,,,,,0,0.0,0.0,0,,1
20150410,1428595200000,,,,,0,0.0,0.0,0,,1
20150413,1428854400000,,,,,0,0.0,0.0,0,,1
20150414,1428940800000,,,,,0,0.0,0.0,0,,1
20150415,1429027200000,,,,,0,0.0,0.0,0,,1
20150416,1429113600000,,,,,0,0.0,0.0,0,,1
20150417,1429200000000,,,,,0,0.0,0.0,0,,1
20150420,1429459200000,,,,,0,0.0,0.0,0,,1
20150421,1429545600000,,,,,0,0.0,0.0,0,,1
20150422,1429632000000,,,,,0,0.0,0.0,0,,1
20150423,1429718400000,,,,,0,0.0,0.0,0,,1
20150424,1429804800000,,,,,0,0.0,0.0,0,,1
20150427,1430064000000,,,,,0,0.0,0.0,0,,1
20150428,1430150400000,,,,,0,0.0,0.0,0,,1
20150429,1430236800000,,,,,0,0.0,0.0,0,,1
20150430,1430323200000,,,,,0,0.0,0.0,0,,1
20150504,1430668800000,,,,,0,0.0,0.0,0,,1
20150505,1430755200000,,,,,0,0.0,0.0,0,,1
20150506,1430841600000,,,,,0,0.0,0.0,0,,1
20150507,1430928000000,,,,,0,0.0,0.0,0,,1
20150508,1431014400000,,,,,0,0.0,0.0,0,,1
20150511,1431273600000,,,,,0,0.0,0.0,0,,1
20150512,1431360000000,,,,,0,0.0,0.0,0,,1
20150513,1431446400000,,,,,0,0.0,0.0,0,,1
20150514,1431532800000,,,,,0,0.0,0.0,0,,1
20150515,1431619200000,,,,,0,0.0,0.0,0,,1
20150518,1431878400000,,,,,0,0.0,0.0,0,,1
20150519,1431964800000,,,,,0,0.0,0.0,0,,1
20150520,1432051200000,,,,,0,0.0,0.0,0,,1
20150521,1432137600000,,,,,0,0.0,0.0,0,,1
20150522,1432224000000,,,,,0,0.0,0.0,0,,1
20150525,1432483200000,,,,,0,0.0,0.0,0,,1
20150526,1432569600000,,,,,0,0.0,0.0,0,,1
20150527,1432656000000,,,,,0,0.0,0.0,0,,1
20150528,1432742400000,,,,,0,0.0,0.0,0,,1
20150529,1432828800000,,,,,0,0.0,0.0,0,,1
20150601,1433088000000,,,,,0,0.0,0.0,0,,1
20150602,1433174400000,,,,,0,0.0,0.0,0,,1
20150603,1433260800000,,,,,0,0.0,0.0,0,,1
20150604,1433347200000,,,,,0,0.0,0.0,0,,1
20150605,1433433600000,,,,,0,0.0,0.0,0,,1
20150608,1433692800000,,,,,0,0.0,0.0,0,,1
20150609,1433779200000,,,,,0,0.0,0.0,0,,1
20150610,1433865600000,,,,,0,0.0,0.0,0,,1
20150611,1433952000000,,,,,0,0.0,0.0,0,,1
20150612,1434038400000,,,,,0,0.0,0.0,0,,1
20150615,1434297600000,,,,,0,0.0,0.0,0,,1
20150616,1434384000000,,,,,0,0.0,0.0,0,,1
20150617,1434470400000,,,,,0,0.0,0.0,0,,1
20150618,1434556800000,,,,,0,0.0,0.0,0,,1
20150619,1434643200000,,,,,0,0.0,0.0,0,,1
20150623,1434988800000,,,,,0,0.0,0.0,0,,1
20150624,1435075200000,,,,,0,0.0,0.0,0,,1
20150625,1435161600000,,,,,0,0.0,0.0,0,,1
20150626,1435248000000,,,,,0,0.0,0.0,0,,1
20150629,1435507200000,,,,,0,0.0,0.0,0,,1
20150630,1435593600000,,,,,0,0.0,0.0,0,,1
20150701,1435680000000,,,,,0,0.0,0.0,0,,1
20150702,1435766400000,,,,,0,0.0,0.0,0,,1
20150703,1435852800000,,,,,0,0.0,0.0,0,,1
20150706,1436112000000,,,,,0,0.0,0.0,0,,1
20150707,1436198400000,,,,,0,0.0,0.0,0,,1
20150708,1436284800000,,,,,0,0.0,0.0,0,,1
20150709,1436371200000,,,,,0,0.0,0.0,0,,1
20150710,1436457600000,,,,,0,0.0,0.0,0,,1
20150713,1436716800000,,,,,0,0.0,0.0,0,,1
20150714,1436803200000,,,,,0,0.0,0.0,0,,1
20150715,1436889600000,,,,,0,0.0,0.0,0,,1
20150716,1436976000000,,,,,0,0.0,0.0,0,,1
20150717,1437062400000,,,,,0,0.0,0.0,0,,1
20150720,1437321600000,,,,,0,0.0,0.0,0,,1
20150721,1437408000000,,,,,0,0.0,0.0,0,,1
20150722,1437494400000,,,,,0,0.0,0.0,0,,1
20150723,1437580800000,,,,,0,0.0,0.0,0,,1
20150724,1437667200000,,,,,0,0.0,0.0,0,,1
20150727,1437926400000,,,,,0,0.0,0.0,0,,1
20150728,1438012800000,,,,,0,0.0,0.0,0,,1
20150729,1438099200000,,,,,0,0.0,0.0,0,,1
20150730,1438185600000,,,,,0,0.0,0.0,0,,1
20150731,1438272000000,,,,,0,0.0,0.0,0,,1
20150803,1438531200000,,,,,0,0.0,0.0,0,,1
20150804,1438617600000,,,,,0,0.0,0.0,0,,1
20150805,1438704000000,,,,,0,0.0,0.0,0,,1
20150806,1438790400000,,,,,0,0.0,0.0,0,,1
20150807,1438876800000,,,,,0,0.0,0.0,0,,1
20150810,1439136000000,,,,,0,0.0,0.0,0,,1
20150811,1439222400000,,,,,0,0.0,0.0,0,,1
20150812,1439308800000,,,,,0,0.0,0.0,0,,1
20150813,1439395200000,,,,,0,0.0,0.0,0,,1
20150814,1439481600000,,,,,0,0.0,0.0,0,,1
20150817,1439740800000,,,,,0,0.0,0.0,0,,1
20150818,1439827200000,,,,,0,0.0,0.0,0,,1
20150819,1439913600000,,,,,0,0.0,0.0,0,,1
20150820,1440000000000,,,,,0,0.0,0.0,0,,1
20150821,1440086400000,,,,,0,0.0,0.0,0,,1
20150824,1440345600000,,,,,0,0.0,0.0,0,,1
20150825,1440432000000,,,,,0,0.0,0.0,0,,1
20150826,1440518400000,,,,,0,0.0,0.0,0,,1
20150827,1440604800000,,,,,0,0.0,0.0,0,,1
20150828,1440691200000,,,,,0,0.0,0.0,0,,1
20150831,1440950400000,,,,,0,0.0,0.0,0,,1
20150901,1441036800000,,,,,0,0.0,0.0,0,,1
20150902,1441123200000,,,,,0,0.0,0.0,0,,1
20150907,1441555200000,,,,,0,0.0,0.0,0,,1
20150908,1441641600000,,,,,0,0.0,0.0,0,,1
20150909,1441728000000,,,,,0,0.0,0.0,0,,1
20150910,1441814400000,,,,,0,0.0,0.0,0,,1
20150911,1441900800000,,,,,0,0.0,0.0,0,,1
20150914,1442160000000,,,,,0,0.0,0.0,0,,1
20150915,1442246400000,,,,,0,0.0,0.0,0,,1
20150916,1442332800000,,,,,0,0.0,0.0,0,,1
20150917,1442419200000,,,,,0,0.0,0.0,0,,1
20150918,1442505600000,,,,,0,0.0,0.0,0,,1
20150921,1442764800000,,,,,0,0.0,0.0,0,,1
20150922,1442851200000,,,,,0,0.0,0.0,0,,1
20150923,1442937600000,,,,,0,0.0,0.0,0,,1
20150924,1443024000000,,,,,0,0.0,0.0,0,,1
20150925,1443110400000,,,,,0,0.0,0.0,0,,1
20150928,1443369600000,,,,,0,0.0,0.0,0,,1
20150929,1443456000000,,,,,0,0.0,0.0,0,,1
20150930,1443542400000,,,,,0,0.0,0.0,0,,1
20151008,1444233600000,,,,,0,0.0,0.0,0,,1
20151009,1444320000000,,,,,0,0.0,0.0,0,,1
20151012,1444579200000,,,,,0,0.0,0.0,0,,1
20151013,1444665600000,,,,,0,0.0,0.0,0,,1
20151014,1444752000000,,,,,0,0.0,0.0,0,,1
20151015,1444838400000,,,,,0,0.0,0.0,0,,1
20151016,1444924800000,,,,,0,0.0,0.0,0,,1
20151019,1445184000000,,,,,0,0.0,0.0,0,,1
20151020,1445270400000,,,,,0,0.0,0.0,0,,1
20151021,1445356800000,,,,,0,0.0,0.0,0,,1
20151022,1445443200000,,,,,0,0.0,0.0,0,,1
20151023,1445529600000,,,,,0,0.0,0.0,0,,1
20151026,1445788800000,,,,,0,0.0,0.0,0,,1
20151027,1445875200000,,,,,0,0.0,0.0,0,,1
20151028,1445961600000,,,,,0,0.0,0.0,0,,1
20151029,1446048000000,,,,,0,0.0,0.0,0,,1
20151030,1446134400000,,,,,0,0.0,0.0,0,,1
20151102,1446393600000,,,,,0,0.0,0.0,0,,1
20151103,1446480000000,,,,,0,0.0,0.0,0,,1
20151104,1446566400000,,,,,0,0.0,0.0,0,,1
20151105,1446652800000,,,,,0,0.0,0.0,0,,1
20151106,1446739200000,,,,,0,0.0,0.0,0,,1
20151109,1446998400000,,,,,0,0.0,0.0,0,,1
20151110,1447084800000,,,,,0,0.0,0.0,0,,1
20151111,1447171200000,,,,,0,0.0,0.0,0,,1
20151112,1447257600000,,,,,0,0.0,0.0,0,,1
20151113,1447344000000,,,,,0,0.0,0.0,0,,1
20151116,1447603200000,,,,,0,0.0,0.0,0,,1
20151117,1447689600000,,,,,0,0.0,0.0,0,,1
20151118,1447776000000,,,,,0,0.0,0.0,0,,1
20151119,1447862400000,,,,,0,0.0,0.0,0,,1
20151120,1447948800000,,,,,0,0.0,0.0,0,,1
20151123,1448208000000,,,,,0,0.0,0.0,0,,1
20151124,1448294400000,,,,,0,0.0,0.0,0,,1
20151125,1448380800000,,,,,0,0.0,0.0,0,,1
20151126,1448467200000,,,,,0,0.0,0.0,0,,1
20151127,1448553600000,,,,,0,0.0,0.0,0,,1
20151130,1448812800000,,,,,0,0.0,0.0,0,,1
20151201,1448899200000,,,,,0,0.0,0.0,0,,1
20151202,1448985600000,,,,,0,0.0,0.0,0,,1
20151203,1449072000000,,,,,0,0.0,0.0,0,,1
20151204,1449158400000,,,,,0,0.0,0.0,0,,1
20151207,1449417600000,,,,,0,0.0,0.0,0,,1
20151208,1449504000000,,,,,0,0.0,0.0,0,,1
20151209,1449590400000,,,,,0,0.0,0.0,0,,1
20151210,1449676800000,,,,,0,0.0,0.0,0,,1
20151211,1449763200000,,,,,0,0.0,0.0,0,,1
20151214,1450022400000,,,,,0,0.0,0.0,0,,1
20151215,1450108800000,,,,,0,0.0,0.0,0,,1
20151216,1450195200000,,,,,0,0.0,0.0,0,,1
20151217,1450281600000,,,,,0,0.0,0.0,0,,1
20151218,1450368000000,,,,,0,0.0,0.0,0,,1
20151221,1450627200000,,,,,0,0.0,0.0,0,,1
20151222,1450713600000,,,,,0,0.0,0.0,0,,1
20151223,1450800000000,,,,,0,0.0,0.0,0,,1
20151224,1450886400000,,,,,0,0.0,0.0,0,,1
20151225,1450972800000,,,,,0,0.0,0.0,0,,1
20151228,1451232000000,,,,,0,0.0,0.0,0,,1
20151229,1451318400000,,,,,0,0.0,0.0,0,,1
20151230,1451404800000,,,,,0,0.0,0.0,0,,1
20151231,1451491200000,,,,,0,0.0,0.0,0,,1
20160104,1451836800000,,,,,0,0.0,0.0,0,,1
20160105,1451923200000,,,,,0,0.0,0.0,0,,1
20160106,1452009600000,,,,,0,0.0,0.0,0,,1
20160107,1452096000000,,,,,0,0.0,0.0,0,,1
20160108,1452182400000,,,,,0,0.0,0.0,0,,1
20160111,1452441600000,,,,,0,0.0,0.0,0,,1
20160112,1452528000000,,,,,0,0.0,0.0,0,,1
20160113,1452614400000,,,,,0,0.0,0.0,0,,1
20160114,1452700800000,,,,,0,0.0,0.0,0,,1
20160115,1452787200000,,,,,0,0.0,0.0,0,,1
20160118,1453046400000,,,,,0,0.0,0.0,0,,1
20160119,1453132800000,,,,,0,0.0,0.0,0,,1
20160120,1453219200000,,,,,0,0.0,0.0,0,,1
20160121,1453305600000,,,,,0,0.0,0.0,0,,1
20160122,1453392000000,,,,,0,0.0,0.0,0,,1
20160125,1453651200000,,,,,0,0.0,0.0,0,,1
20160126,1453737600000,,,,,0,0.0,0.0,0,,1
20160127,1453824000000,,,,,0,0.0,0.0,0,,1
20160128,1453910400000,,,,,0,0.0,0.0,0,,1
20160129,1453996800000,,,,,0,0.0,0.0,0,,1
20160201,1454256000000,,,,,0,0.0,0.0,0,,1
20160202,1454342400000,,,,,0,0.0,0.0,0,,1
20160203,1454428800000,,,,,0,0.0,0.0,0,,1
20160204,1454515200000,,,,,0,0.0,0.0,0,,1
20160205,1454601600000,,,,,0,0.0,0.0,0,,1
20160215,1455465600000,,,,,0,0.0,0.0,0,,1
20160216,1455552000000,,,,,0,0.0,0.0,0,,1
20160217,1455638400000,,,,,0,0.0,0.0,0,,1
20160218,1455724800000,,,,,0,0.0,0.0,0,,1
20160219,1455811200000,,,,,0,0.0,0.0,0,,1
20160222,1456070400000,,,,,0,0.0,0.0,0,,1
20160223,1456156800000,,,,,0,0.0,0.0,0,,1
20160224,1456243200000,,,,,0,0.0,0.0,0,,1
20160225,1456329600000,,,,,0,0.0,0.0,0,,1
20160226,1456416000000,,,,,0,0.0,0.0,0,,1
20160229,1456675200000,,,,,0,0.0,0.0,0,,1
20160301,1456761600000,,,,,0,0.0,0.0,0,,1
20160302,1456848000000,,,,,0,0.0,0.0,0,,1
20160303,1456934400000,,,,,0,0.0,0.0,0,,1
20160304,1457020800000,,,,,0,0.0,0.0,0,,1
20160307,1457280000000,,,,,0,0.0,0.0,0,,1
20160308,1457366400000,,,,,0,0.0,0.0,0,,1
20160309,1457452800000,,,,,0,0.0,0.0,0,,1
20160310,1457539200000,,,,,0,0.0,0.0,0,,1
20160311,1457625600000,,,,,0,0.0,0.0,0,,1
20160314,1457884800000,,,,,0,0.0,0.0,0,,1
20160315,1457971200000,,,,,0,0.0,0.0,0,,1
20160316,1458057600000,,,,,0,0.0,0.0,0,,1
20160317,1458144000000,,,,,0,0.0,0.0,0,,1
20160318,1458230400000,,,,,0,0.0,0.0,0,,1
20160321,1458489600000,,,,,0,0.0,0.0,0,,1
20160322,1458576000000,,,,,0,0.0,0.0,0,,1
20160323,1458662400000,,,,,0,0.0,0.0,0,,1
20160324,1458748800000,,,,,0,0.0,0.0,0,,1
20160325,1458835200000,,,,,0,0.0,0.0,0,,1
20160328,1459094400000,,,,,0,0.0,0.0,0,,1
20160329,1459180800000,,,,,0,0.0,0.0,0,,1
20160330,1459267200000,,,,,0,0.0,0.0,0,,1
20160331,1459353600000,,,,,0,0.0,0.0,0,,1
20160401,1459440000000,,,,,0,0.0,0.0,0,,1
20160405,1459785600000,,,,,0,0.0,0.0,0,,1
20160406,1459872000000,,,,,0,0.0,0.0,0,,1
20160407,1459958400000,,,,,0,0.0,0.0,0,,1
20160408,1460044800000,,,,,0,0.0,0.0,0,,1
20160411,1460304000000,,,,,0,0.0,0.0,0,,1
20160412,1460390400000,,,,,0,0.0,0.0,0,,1
20160413,1460476800000,,,,,0,0.0,0.0,0,,1
20160414,1460563200000,,,,,0,0.0,0.0,0,,1
20160415,1460649600000,,,,,0,0.0,0.0,0,,1
20160418,1460908800000,,,,,0,0.0,0.0,0,,1
20160419,1460995200000,,,,,0,0.0,0.0,0,,1
20160420,1461081600000,,,,,0,0.0,0.0,0,,1
20160421,1461168000000,,,,,0,0.0,0.0,0,,1
20160422,1461254400000,,,,,0,0.0,0.0,0,,1
20160425,1461513600000,,,,,0,0.0,0.0,0,,1
20160426,1461600000000,,,,,0,0.0,0.0,0,,1
20160427,1461686400000,,,,,0,0.0,0.0,0,,1
20160428,1461772800000,,,,,0,0.0,0.0,0,,1
20160429,1461859200000,,,,,0,0.0,0.0,0,,1
20160503,1462204800000,,,,,0,0.0,0.0,0,,1
20160504,1462291200000,,,,,0,0.0,0.0,0,,1
20160505,1462377600000,,,,,0,0.0,0.0,0,,1
20160506,1462464000000,,,,,0,0.0,0.0,0,,1
20160509,1462723200000,,,,,0,0.0,0.0,0,,1
20160510,1462809600000,,,,,0,0.0,0.0,0,,1
20160511,1462896000000,,,,,0,0.0,0.0,0,,1
20160512,1462982400000,,,,,0,0.0,0.0,0,,1
20160513,1463068800000,,,,,0,0.0,0.0,0,,1
20160516,1463328000000,,,,,0,0.0,0.0,0,,1
20160517,1463414400000,,,,,0,0.0,0.0,0,,1
20160518,1463500800000,,,,,0,0.0,0.0,0,,1
20160519,1463587200000,,,,,0,0.0,0.0,0,,1
20160520,1463673600000,,,,,0,0.0,0.0,0,,1
20160523,1463932800000,,,,,0,0.0,0.0,0,,1
20160524,1464019200000,,,,,0,0.0,0.0,0,,1
20160525,1464105600000,,,,,0,0.0,0.0,0,,1
20160526,1464192000000,,,,,0,0.0,0.0,0,,1
20160527,1464278400000,,,,,0,0.0,0.0,0,,1
20160530,1464537600000,,,,,0,0.0,0.0,0,,1
20160531,1464624000000,,,,,0,0.0,0.0,0,,1
20160601,1464710400000,,,,,0,0.0,0.0,0,,1
20160602,1464796800000,,,,,0,0.0,0.0,0,,1
20160603,1464883200000,,,,,0,0.0,0.0,0,,1
20160606,1465142400000,,,,,0,0.0,0.0,0,,1
20160607,1465228800000,,,,,0,0.0,0.0,0,,1
20160608,1465315200000,,,,,0,0.0,0.0,0,,1
20160613,1465747200000,,,,,0,0.0,0.0,0,,1
20160614,1465833600000,,,,,0,0.0,0.0,0,,1
20160615,1465920000000,,,,,0,0.0,0.0,0,,1
20160616,1466006400000,,,,,0,0.0,0.0,0,,1
20160617,1466092800000,,,,,0,0.0,0.0,0,,1
20160620,1466352000000,,,,,0,0.0,0.0,0,,1
20160621,1466438400000,,,,,0,0.0,0.0,0,,1
20160622,1466524800000,,,,,0,0.0,0.0,0,,1
20160623,1466611200000,,,,,0,0.0,0.0,0,,1
20160624,1466697600000,,,,,0,0.0,0.0,0,,1
20160627,1466956800000,,,,,0,0.0,0.0,0,,1
20160628,1467043200000,,,,,0,0.0,0.0,0,,1
20160629,1467129600000,,,,,0,0.0,0.0,0,,1
20160630,1467216000000,,,,,0,0.0,0.0,0,,1
20160701,1467302400000,,,,,0,0.0,0.0,0,,1
20160704,1467561600000,,,,,0,0.0,0.0,0,,1
20160705,1467648000000,,,,,0,0.0,0.0,0,,1
20160706,1467734400000,,,,,0,0.0,0.0,0,,1
20160707,1467820800000,,,,,0,0.0,0.0,0,,1
20160708,1467907200000,,,,,0,0.0,0.0,0,,1
20160711,1468166400000,,,,,0,0.0,0.0,0,,1
20160712,1468252800000,,,,,0,0.0,0.0,0,,1
20160713,1468339200000,,,,,0,0.0,0.0,0,,1
20160714,1468425600000,,,,,0,0.0,0.0,0,,1
20160715,1468512000000,,,,,0,0.0,0.0,0,,1
20160718,1468771200000,,,,,0,0.0,0.0,0,,1
20160719,1468857600000,,,,,0,0.0,0.0,0,,1
20160720,1468944000000,,,,,0,0.0,0.0,0,,1
20160721,1469030400000,,,,,0,0.0,0.0,0,,1
20160722,1469116800000,,,,,0,0.0,0.0,0,,1
20160725,1469376000000,,,,,0,0.0,0.0,0,,1
20160726,1469462400000,,,,,0,0.0,0.0,0,,1
20160727,1469548800000,,,,,0,0.0,0.0,0,,1
20160728,1469635200000,,,,,0,0.0,0.0,0,,1
20160729,1469721600000,,,,,0,0.0,0.0,0,,1
20160801,1469980800000,,,,,0,0.0,0.0,0,,1
20160802,1470067200000,,,,,0,0.0,0.0,0,,1
20160803,1470153600000,,,,,0,0.0,0.0,0,,1
20160804,1470240000000,,,,,0,0.0,0.0,0,,1
20160805,1470326400000,,,,,0,0.0,0.0,0,,1
20160808,1470585600000,,,,,0,0.0,0.0,0,,1
20160809,1470672000000,,,,,0,0.0,0.0,0,,1
20160810,1470758400000,,,,,0,0.0,0.0,0,,1
20160811,1470844800000,,,,,0,0.0,0.0,0,,1
20160812,1470931200000,,,,,0,0.0,0.0,0,,1
20160815,1471190400000,,,,,0,0.0,0.0,0,,1
20160816,1471276800000,,,,,0,0.0,0.0,0,,1
20160817,1471363200000,,,,,0,0.0,0.0,0,,1
20160818,1471449600000,,,,,0,0.0,0.0,0,,1
20160819,1471536000000,,,,,0,0.0,0.0,0,,1
20160822,1471795200000,,,,,0,0.0,0.0,0,,1
20160823,1471881600000,,,,,0,0.0,0.0,0,,1
20160824,1471968000000,,,,,0,0.0,0.0,0,,1
20160825,1472054400000,,,,,0,0.0,0.0,0,,1
20160826,1472140800000,,,,,0,0.0,0.0,0,,1
20160829,1472400000000,,,,,0,0.0,0.0,0,,1
20160830,1472486400000,,,,,0,0.0,0.0,0,,1
20160831,1472572800000,,,,,0,0.0,0.0,0,,1
20160901,1472659200000,,,,,0,0.0,0.0,0,,1
20160902,1472745600000,,,,,0,0.0,0.0,0,,1
20160905,1473004800000,,,,,0,0.0,0.0,0,,1
20160906,1473091200000,,,,,0,0.0,0.0,0,,1
20160907,1473177600000,,,,,0,0.0,0.0,0,,1
20160908,1473264000000,,,,,0,0.0,0.0,0,,1
20160909,1473350400000,,,,,0,0.0,0.0,0,,1
20160912,1473609600000,,,,,0,0.0,0.0,0,,1
20160913,1473696000000,,,,,0,0.0,0.0,0,,1
20160914,1473782400000,,,,,0,0.0,0.0,0,,1
20160919,1474214400000,,,,,0,0.0,0.0,0,,1
20160920,1474300800000,,,,,0,0.0,0.0,0,,1
20160921,1474387200000,,,,,0,0.0,0.0,0,,1
20160922,1474473600000,,,,,0,0.0,0.0,0,,1
20160923,1474560000000,,,,,0,0.0,0.0,0,,1
20160926,1474819200000,,,,,0,0.0,0.0,0,,1
20160927,1474905600000,,,,,0,0.0,0.0,0,,1
20160928,1474992000000,,,,,0,0.0,0.0,0,,1
20160929,1475078400000,,,,,0,0.0,0.0,0,,1
20160930,1475164800000,,,,,0,0.0,0.0,0,,1
20161010,1476028800000,,,,,0,0.0,0.0,0,,1
20161011,1476115200000,,,,,0,0.0,0.0,0,,1
20161012,1476201600000,,,,,0,0.0,0.0,0,,1
20161013,1476288000000,,,,,0,0.0,0.0,0,,1
20161014,1476374400000,,,,,0,0.0,0.0,0,,1
20161017,1476633600000,,,,,0,0.0,0.0,0,,1
20161018,1476720000000,,,,,0,0.0,0.0,0,,1
20161019,1476806400000,,,,,0,0.0,0.0,0,,1
20161020,1476892800000,,,,,0,0.0,0.0,0,,1
20161021,1476979200000,,,,,0,0.0,0.0,0,,1
20161024,1477238400000,,,,,0,0.0,0.0,0,,1
20161025,1477324800000,,,,,0,0.0,0.0,0,,1
20161026,1477411200000,,,,,0,0.0,0.0,0,,1
20161027,1477497600000,,,,,0,0.0,0.0,0,,1
20161028,1477584000000,,,,,0,0.0,0.0,0,,1
20161031,1477843200000,,,,,0,0.0,0.0,0,,1
20161101,1477929600000,,,,,0,0.0,0.0,0,,1
20161102,1478016000000,,,,,0,0.0,0.0,0,,1
20161103,1478102400000,,,,,0,0.0,0.0,0,,1
20161104,1478188800000,,,,,0,0.0,0.0,0,,1
20161107,1478448000000,,,,,0,0.0,0.0,0,,1
20161108,1478534400000,,,,,0,0.0,0.0,0,,1
20161109,1478620800000,,,,,0,0.0,0.0,0,,1
20161110,1478707200000,,,,,0,0.0,0.0,0,,1
20161111,1478793600000,,,,,0,0.0,0.0,0,,1
20161114,1479052800000,,,,,0,0.0,0.0,0,,1
20161115,1479139200000,,,,,0,0.0,0.0,0,,1
20161116,1479225600000,,,,,0,0.0,0.0,0,,1
20161117,1479312000000,,,,,0,0.0,0.0,0,,1
20161118,1479398400000,,,,,0,0.0,0.0,0,,1
20161121,1479657600000,,,,,0,0.0,0.0,0,,1
20161122,1479744000000,,,,,0,0.0,0.0,0,,1
20161123,1479830400000,,,,,0,0.0,0.0,0,,1
20161124,1479916800000,,,,,0,0.0,0.0,0,,1
20161125,1480003200000,,,,,0,0.0,0.0,0,,1
20161128,1480262400000,,,,,0,0.0,0.0,0,,1
20161129,1480348800000,,,,,0,0.0,0.0,0,,1
20161130,1480435200000,,,,,0,0.0,0.0,0,,1
20161201,1480521600000,,,,,0,0.0,0.0,0,,1
20161202,1480608000000,,,,,0,0.0,0.0,0,,1
20161205,1480867200000,,,,,0,0.0,0.0,0,,1
20161206,1480953600000,,,,,0,0.0,0.0,0,,1
20161207,1481040000000,,,,,0,0.0,0.0,0,,1
20161208,1481126400000,,,,,0,0.0,0.0,0,,1
20161209,1481212800000,,,,,0,0.0,0.0,0,,1
20161212,1481472000000,,,,,0,0.0,0.0,0,,1
20161213,1481558400000,,,,,0,0.0,0.0,0,,1
20161214,1481644800000,,,,,0,0.0,0.0,0,,1
20161215,1481731200000,,,,,0,0.0,0.0,0,,1
20161216,1481817600000,,,,,0,0.0,0.0,0,,1
20161219,1482076800000,,,,,0,0.0,0.0,0,,1
20161220,1482163200000,,,,,0,0.0,0.0,0,,1
20161221,1482249600000,,,,,0,0.0,0.0,0,,1
20161222,1482336000000,,,,,0,0.0,0.0,0,,1
20161223,1482422400000,,,,,0,0.0,0.0,0,,1
20161226,1482681600000,,,,,0,0.0,0.0,0,,1
20161227,1482768000000,,,,,0,0.0,0.0,0,,1
20161228,1482854400000,,,,,0,0.0,0.0,0,,1
20161229,1482940800000,,,,,0,0.0,0.0,0,,1
20161230,1483027200000,,,,,0,0.0,0.0,0,,1
20170103,1483372800000,,,,,0,0.0,0.0,0,,1
20170104,1483459200000,,,,,0,0.0,0.0,0,,1
20170105,1483545600000,,,,,0,0.0,0.0,0,,1
20170106,1483632000000,,,,,0,0.0,0.0,0,,1
20170109,1483891200000,,,,,0,0.0,0.0,0,,1
20170110,1483977600000,,,,,0,0.0,0.0,0,,1
20170111,1484064000000,,,,,0,0.0,0.0,0,,1
20170112,1484150400000,,,,,0,0.0,0.0,0,,1
20170113,1484236800000,,,,,0,0.0,0.0,0,,1
20170116,1484496000000,,,,,0,0.0,0.0,0,,1
20170117,1484582400000,,,,,0,0.0,0.0,0,,1
20170118,1484668800000,,,,,0,0.0,0.0,0,,1
20170119,1484755200000,,,,,0,0.0,0.0,0,,1
20170120,1484841600000,,,,,0,0.0,0.0,0,,1
20170123,1485100800000,,,,,0,0.0,0.0,0,,1
20170124,1485187200000,,,,,0,0.0,0.0,0,,1
20170125,1485273600000,,,,,0,0.0,0.0,0,,1
20170126,1485360000000,,,,,0,0.0,0.0,0,,1
20170203,1486051200000,,,,,0,0.0,0.0,0,,1
20170206,1486310400000,,,,,0,0.0,0.0,0,,1
20170207,1486396800000,,,,,0,0.0,0.0,0,,1
20170208,1486483200000,,,,,0,0.0,0.0,0,,1
20170209,1486569600000,,,,,0,0.0,0.0,0,,1
20170210,1486656000000,,,,,0,0.0,0.0,0,,1
20170213,1486915200000,,,,,0,0.0,0.0,0,,1
20170214,1487001600000,,,,,0,0.0,0.0,0,,1
20170215,1487088000000,,,,,0,0.0,0.0,0,,1
20170216,1487174400000,,,,,0,0.0,0.0,0,,1
20170217,1487260800000,,,,,0,0.0,0.0,0,,1
20170220,1487520000000,,,,,0,0.0,0.0,0,,1
20170221,1487606400000,,,,,0,0.0,0.0,0,,1
20170222,1487692800000,,,,,0,0.0,0.0,0,,1
20170223,1487779200000,,,,,0,0.0,0.0,0,,1
20170224,1487865600000,,,,,0,0.0,0.0,0,,1
20170227,1488124800000,,,,,0,0.0,0.0,0,,1
20170228,1488211200000,,,,,0,0.0,0.0,0,,1
20170301,1488297600000,,,,,0,0.0,0.0,0,,1
20170302,1488384000000,,,,,0,0.0,0.0,0,,1
20170303,1488470400000,,,,,0,0.0,0.0,0,,1
20170306,1488729600000,,,,,0,0.0,0.0,0,,1
20170307,1488816000000,,,,,0,0.0,0.0,0,,1
20170308,1488902400000,,,,,0,0.0,0.0,0,,1
20170309,1488988800000,,,,,0,0.0,0.0,0,,1
20170310,1489075200000,,,,,0,0.0,0.0,0,,1
20170313,1489334400000,,,,,0,0.0,0.0,0,,1
20170314,1489420800000,,,,,0,0.0,0.0,0,,1
20170315,1489507200000,,,,,0,0.0,0.0,0,,1
20170316,1489593600000,,,,,0,0.0,0.0,0,,1
20170317,1489680000000,,,,,0,0.0,0.0,0,,1
20170320,1489939200000,,,,,0,0.0,0.0,0,,1
20170321,1490025600000,,,,,0,0.0,0.0,0,,1
20170322,1490112000000,,,,,0,0.0,0.0,0,,1
20170323,1490198400000,,,,,0,0.0,0.0,0,,1
20170324,1490284800000,,,,,0,0.0,0.0,0,,1
20170327,1490544000000,,,,,0,0.0,0.0,0,,1
20170328,1490630400000,,,,,0,0.0,0.0,0,,1
20170329,1490716800000,,,,,0,0.0,0.0,0,,1
20170330,1490803200000,,,,,0,0.0,0.0,0,,1
20170331,1490889600000,,,,,0,0.0,0.0,0,,1
20170405,1491321600000,,,,,0,0.0,0.0,0,,1
20170406,1491408000000,,,,,0,0.0,0.0,0,,1
20170407,1491494400000,,,,,0,0.0,0.0,0,,1
20170410,1491753600000,,,,,0,0.0,0.0,0,,1
20170411,1491840000000,,,,,0,0.0,0.0,0,,1
20170412,1491926400000,,,,,0,0.0,0.0,0,,1
20170413,1492012800000,,,,,0,0.0,0.0,0,,1
20170414,1492099200000,,,,,0,0.0,0.0,0,,1
20170417,1492358400000,,,,,0,0.0,0.0,0,,1
20170418,1492444800000,,,,,0,0.0,0.0,0,,1
20170419,1492531200000,,,,,0,0.0,0.0,0,,1
20170420,1492617600000,,,,,0,0.0,0.0,0,,1
20170421,1492704000000,47.65,51.98,47.65,51.98,63,325309.0,0.0,0,36.099999999999994,0
20170424,1492963200000,57.18,57.18,57.18,57.18,51,291618.0,0.0,0,51.98,0
20170425,1493049600000,62.9,62.9,62.9,62.9,25,157250.0,0.0,0,57.18,0
20170426,1493136000000,69.19,69.19,69.19,69.19,44,304436.0,0.0,0,62.9,0
20170427,1493222400000,76.11,76.11,76.11,76.11,76,578436.0,0.0,0,69.19,0
20170428,1493308800000,83.72,83.72,83.72,83.72,215,1799980.0,0.0,0,76.11,0
20170502,1493654400000,92.09,92.09,92.09,92.09,481,4435514.000000001,0.0,0,83.72,0
20170503,1493740800000,101.3,101.3,101.3,101.3,535,5419550.000000001,0.0,0,92.09,0
20170504,1493827200000,111.43,111.43,107.0,111.43,72386,797166926.0,0.0,0,101.3,0
20170505,1493913600000,109.89,113.0,101.0,101.0,64820,701746201.0,0.0,0,111.43,0
20170508,1494172800000,98.97,100.94,94.3,94.7,37267,363859996.0,0.0,0,101.0,0
20170509,1494259200000,94.3,98.3,94.3,96.82,31458,303691045.0,0.0,0,94.7,0
20170510,1494345600000,96.79,97.39,90.0,90.1,36591,343290765.0,0.0,0,96.82,0
20170511,1494432000000,89.55,93.4,89.06,92.95,23536,214953579.00000003,0.0,0,90.10000000000001,0
20170512,1494518400000,92.0,93.76,90.22,93.6,20183,185818190.0,0.0,0,92.95,0
20170515,1494777600000,95.0,100.87,93.33,98.67999999999999,30176,289918134.0,0.0,0,93.6,0
20170516,1494864000000,97.4,103.9,95.0,102.61,24513,243086812.0,0.0,0,98.68,0
20170517,1494950400000,102.97,104.99,101.3,101.6,14754,151360140.99999997,0.0,0,102.61,0
20170518,1495036800000,100.11,103.0,98.88,100.14999999999999,13204,133432147.0,0.0,0,101.6,0
20170519,1495123200000,100.60000000000001,105.49000000000001,100.60000000000001,102.80000000000001,15218,156638246.0,0.0,0,100.15,0
20170522,1495382400000,103.99,105.52,99.39,100.9,18434,188218349.0,0.0,0,102.8,0
20170523,1495468800000,100.02,101.9,92.5,94.0,22152,212991511.0,0.0,0,100.9,0
20170524,1495555200000,93.60000000000001,99.29,93.60000000000001,98.67000000000002,21377,206982849.0,0.0,0,94.00000000000001,0
20170525,1495641600000,98.83,105.85,96.61,104.78,28934,292221151.0,0.0,0,98.67,0
20170526,1495728000000,103.98,104.9,100.60000000000001,104.59,19460,200334286.0,0.0,0,104.78,0
20170531,1496160000000,107.18,112.56,100.5,100.87,27727,296122648.0,0.0,0,104.59,0
20170601,1496246400000,97.39,100.9,96.5,97.1,18470,180768568.0,0.0,0,100.87,0
20170602,1496332800000,96.5,105.25,95.16,103.8,21783,217647386.0,0.0,0,97.1,0
20170605,1496592000000,105.5,108.19999999999999,102.88,106.8,23021,243058947.0,0.0,0,103.8,0
20170606,1496678400000,104.8,106.47999999999999,102.88,104.81,14800,154746848.0,0.0,0,106.8,0
20170607,1496764800000,104.89999999999999,115.28999999999999,104.41,115.28999999999999,27432,302911129.0,0.0,0,104.81,0
20170608,1496851200000,116.0,117.49000000000001,103.76,103.76,55722,608168413.0,0.0,0,115.29,0
20170609,1496937600000,99.0,101.92,98.08,100.89999999999999,33433,333282505.99999994,0.0,0,103.75999999999999,0
20170612,1497196800000,98.79,99.98,95.0,95.01,22752,221914801.0,0.0,0,100.9,0
20170613,1497283200000,95.5,99.99,95.5,98.77,17171,168481211.0,0.0,0,95.01,0
20170614,1497369600000,98.0,99.96,96.0,98.98,18094,177309277.0,0.0,0,98.77,0
20170615,1497456000000,98.5,102.88,98.5,100.7,15991,162149382.0,0.0,0,98.98,0
20170616,1497542400000,100.01,101.5,98.78,99.79,10950,109251278.0,0.0,0,100.7,0
20170619,1497801600000,99.53999999999999,101.45,98.3,99.28,8222,81918953.0,0.0,0,99.78999999999999,0
20170620,1497888000000,99.9,101.29,96.39,96.81,15765,154577147.00000003,0.0,0,99.28,0
20170621,1497974400000,96.52,97.99,96.11,97.36,8353,81154904.0,0.0,0,96.81,0
20170622,1498060800000,96.72,97.4,93.58,93.89,16577,157794320.0,0.0,0,97.36,0
20170623,1498147200000,93.72,94.9,90.5,92.69,12859,119224853.0,0.0,0,93.89,0
20170626,1498406400000,93.38,95.89999999999999,92.99,95.77,10082,95808848.00000001,0.0,0,92.69,0
20170627,1498492800000,95.05000000000001,96.88000000000001,94.9,95.19000000000001,8142,77956637.00000001,0.0,0,95.77000000000001,0
20170628,1498579200000,95.0,95.0,92.58,93.1,7627,71173705.99999999,0.0,0,95.19,0
20170629,1498665600000,93.11000000000001,93.79,91.68,92.89,5132,47696724.0,0.0,0,93.10000000000001,0
20170630,1498752000000,92.5,95.3,91.77,94.0,10248,96219321.0,0.0,0,92.58999999999999,0
20170703,1499011200000,94.0,95.39999999999999,93.55,95.25,8089,76779320.0,0.0,0,94.0,0
20170704,1499097600000,95.21000000000001,96.0,93.81,94.35000000000001,6992,66119084.0,0.0,0,95.25,0
20170705,1499184000000,94.4,95.45,93.85000000000001,95.25000000000001,8024,75984259.0,0.0,0,94.35000000000001,0
20170706,1499270400000,95.0,95.42,92.19,93.48,11842,111099944.0,0.0,0,95.25,0
20170707,1499356800000,93.88,97.84,93.47,97.51,19885,191883580.0,0.0,0,93.48,0
20170710,1499616000000,96.02000000000001,96.85000000000001,93.01,93.30000000000001,12548,118731343.0,0.0,0,97.51,0
20170711,1499702400000,93.29,93.64,91.01,91.60000000000001,8907,82080201.0,0.0,0,93.30000000000001,0
20170712,1499788800000,91.43,92.47,89.9,92.45,8118,73903053.00000001,0.0,0,91.60000000000001,0
20170713,1499875200000,92.06,93.8,90.8,93.38,7362,67973680.00000001,0.0,0,92.45,0
20170714,1499961600000,93.42999999999999,93.42999999999999,87.8,88.21,16681,149424006.0,0.0,0,93.38,0
20170717,1500220800000,86.66,86.66,79.98,80.03,16768,138881644.0,0.0,0,88.21000000000001,0
20170718,1500307200000,80.60000000000001,81.39,78.54,80.45,9064,72536141.0,0.0,0,80.03,0
20170719,1500393600000,79.5,80.0,77.2,79.12,9491,74605585.0,0.0,0,80.45,0
20170720,1500480000000,78.34,80.75,78.34,78.5,7361,58622290.0,0.0,0,79.12,0
20170721,1500566400000,78.49000000000001,79.26,77.35000000000001,77.57000000000001,5144,40210738.99999999,0.0,0,78.50000000000001,0
20170724,1500825600000,76.88,78.78999999999999,75.02,78.39,6379,49133838.0,0.0,0,77.57,0
20170725,1500912000000,78.0,79.6,77.53,78.53,4868,38260526.0,0.0,0,78.39,0
20170726,1500998400000,78.2,79.48,77.65,77.95,5991,47017729.0,0.0,0,78.53,0
20170727,1501084800000,78.00000000000001,81.88000000000001,77.10000000000001,81.36000000000001,11570,92603608.0,0.0,0,77.95,0
20170728,1501171200000,80.99,82.47,78.78,78.9,10208,81508195.0,0.0,0,81.36,0
20170731,1501430400000,78.84,78.96000000000001,77.48,77.89,9744,76289366.0,0.0,0,78.9,0
20170801,1501516800000,77.94,78.47,76.8,78.14999999999999,7323,56806433.00000001,0.0,0,77.89,0
20170802,1501603200000,78.14,79.38,77.42,77.83,6571,51647451.00000001,0.0,0,78.15,0
20170803,1501689600000,77.54,80.2,77.10000000000001,78.30000000000001,6647,52421120.0,0.0,0,77.83000000000001,0
20170804,1501776000000,78.28999999999999,78.74,76.8,76.89,5243,40751970.0,0.0,0,78.3,0
20170807,1502035200000,77.08,78.99,77.08,77.87,4068,31831385.0,0.0,0,76.89,0
20170808,1502121600000,77.9,78.53,76.4,78.09,5026,39015849.0,0.0,0,77.87,0
20170809,1502208000000,78.11,78.38,77.5,77.85,4012,31242893.999999996,0.0,0,78.09,0
20170810,1502294400000,77.51,78.29,76.5,76.66,4294,33200086.0,0.0,0,77.85,0
20170811,1502380800000,76.05,76.39,74.61,74.67,4569,34545451.99999999,0.0,0,76.66,0
20170814,1502640000000,74.69,77.33,74.69,76.89999999999999,5300,40533421.0,0.0,0,74.67,0
20170815,1502726400000,77.97000000000001,77.97000000000001,76.32000000000001,77.34,3470,26775060.000000004,0.0,0,76.9,0
20170816,1502812800000,77.60000000000001,80.5,76.81,79.8,10286,81938231.0,0.0,0,77.34,0
20170817,1502899200000,79.13,80.97999999999999,78.66,79.91,8329,66567293.0,0.0,0,79.8,0
20170818,1502985600000,79.2,85.25,78.86,82.3,16494,135438514.0,0.0,0,79.91,0
20170821,1503244800000,82.49,84.36,81.91,83.88,10197,85309566.0,0.0,0,82.3,0
20170822,1503331200000,83.02,84.1,82.69,82.89999999999999,7585,63144401.00000001,0.0,0,83.88,0
20170823,1503417600000,82.7,83.67,81.60000000000001,82.7,5885,48697966.00000001,0.0,0,82.9,0
20170824,1503504000000,82.83,86.2,82.2,84.55,14172,119905528.0,0.0,0,82.7,0
20170825,1503590400000,83.29,84.96000000000001,83.01,84.60000000000001,7166,60332859.0,0.0,0,84.55000000000001,0
20170828,1503849600000,85.28,89.68,85.28,87.93,13493,118242341.00000001,0.0,0,84.6,0
20170829,1503936000000,88.01,88.96000000000001,86.71000000000001,86.9,11205,98274856.99999999,0.0,0,87.93,0
20170830,1504022400000,86.0,87.77,84.55,84.91,9183,78809469.0,0.0,0,86.89999999999999,0
20170831,1504108800000,84.91,91.17999999999999,84.91,89.8,14834,131377458.0,0.0,0,84.91,0
20170901,1504195200000,89.61,90.88,88.06,89.9,9434,84473449.00000001,0.0,0,89.8,0
20170904,1504454400000,89.9,91.55000000000001,88.18,88.66000000000001,8058,72316369.0,0.0,0,89.9,0
20170905,1504540800000,88.18,90.5,88.15,90.27000000000001,7131,63783774.00000001,0.0,0,88.66000000000001,0
20170906,1504627200000,90.27000000000001,91.98,89.01,90.9,7379,67099470.0,0.0,0,90.27000000000001,0
20170907,1504713600000,91.92,92.17999999999999,90.02,90.5,9034,82538024.0,0.0,0,90.89999999999999,0
20170908,1504800000000,90.39999999999999,98.89,90.02,93.39,20615,194460891.00000003,0.0,0,90.5,0
20170911,1505059200000,94.10000000000001,94.59,91.7,94.47,10128,94489404.0,0.0,0,93.39,0
20170912,1505145600000,94.01,94.46000000000001,90.82000000000001,91.13000000000001,10060,93136870.0,0.0,0,94.47000000000001,0
20170913,1505232000000,91.10000000000001,92.5,90.7,92.0,6284,57546646.0,0.0,0,91.13000000000001,0
20170914,1505318400000,91.92,97.99,91.58,94.75,15243,145517069.00000003,0.0,0,92.0,0
20170915,1505404800000,93.98,94.77,90.5,90.85,9474,87385540.0,0.0,0,94.75,0
20170918,1505664000000,90.02000000000001,92.96000000000001,89.12,91.7,6852,62435687.0,0.0,0,90.85000000000001,0
20170919,1505750400000,91.49000000000001,93.50000000000001,91.35000000000001,92.81,5501,50767240.0,0.0,0,91.7,0
20170920,1505836800000,92.69000000000001,93.49000000000001,91.60000000000001,93.25000000000001,6126,56820312.99999999,0.0,0,92.81,0
20170921,1505923200000,93.06,94.18,91.28,91.6,6806,63153119.0,0.0,0,93.25,0
20170922,1506009600000,90.87,90.99000000000001,88.35000000000001,89.75000000000001,8027,72188715.99999999,0.0,0,91.60000000000001,0
20170925,1506268800000,89.9,91.36,89.17,89.75,6352,57483181.0,0.0,0,89.75,0
20170926,1506355200000,89.99000000000001,90.34,86.32000000000001,87.31,7509,65965309.00000001,0.0,0,89.75000000000001,0
20170927,1506441600000,87.14,90.49,87.14,89.4,5825,51974111.0,0.0,0,87.31,0
20170928,1506528000000,89.65,95.75000000000001,89.21000000000001,92.59,14608,135857202.0,0.0,0,89.4,0
20170929,1506614400000,93.00000000000001,93.93,92.60000000000001,93.10000000000001,4681,43559769.0,0.0,0,92.59,0
20171009,1507478400000,95.05,95.22,92.63,92.85,5141,48037181.00000001,0.0,0,93.1,0
20171010,1507564800000,93.45,97.44,93.03,96.65,10732,102863981.0,0.0,0,92.85,0
20171011,1507651200000,96.6,98.19,94.28,94.68,8896,85580377.00000001,0.0,0,96.65,0
20171012,1507737600000,94.17,95.98,92.60000000000001,93.91000000000001,6998,65974237.0,0.0,0,94.68,0
20171013,1507824000000,93.99000000000001,99.4,93.2,97.05,15260,147872531.0,0.0,0,93.91,0
20171016,1508083200000,96.5,99.44,94.3,98.0,16415,159167153.0,0.0,0,97.05,0
20171017,1508169600000,97.19000000000001,101.99000000000001,96.21000000000001,99.56,11456,114051155.0,0.0,0,98.00000000000001,0
20171018,1508256000000,99.2,100.37,97.0,97.5,10769,105893994.99999999,0.0,0,99.56,0
20171019,1508342400000,97.25999999999999,102.02,96.8,101.6,13920,140048589.00000003,0.0,0,97.5,0
20171020,1508428800000,101.88,102.58,100.0,102.0,8259,83540602.0,0.0,0,101.6,0
20171023,1508688000000,102.19,102.55,100.2,101.68,7324,74223184.99999999,0.0,0,102.0,0
20171024,1508774400000,100.9,104.0,99.2,100.5,9025,91475662.0,0.0,0,101.68,0
20171025,1508860800000,100.16,103.33,98.89,103.0,9761,99544779.0,0.0,0,100.5,0
20171026,1508947200000,102.5,104.01,102.0,102.66,6734,69221831.0,0.0,0,103.0,0
20171027,1509033600000,102.66000000000001,104.95,100.51,102.01,10387,106801783.0,0.0,0,102.66000000000001,0
20171030,1509292800000,101.11,101.31,97.52,99.49,9606,95730257.0,0.0,0,102.00999999999999,0
20171031,1509379200000,99.08,104.44,99.08,103.88,12480,127379383.99999999,0.0,0,99.49,0
20171101,1509465600000,103.59,105.38000000000001,102.4,103.12,13037,135164874.00000003,0.0,0,103.88000000000001,0
20171102,1509552000000,102.93,107.75,102.89,103.18,19832,208572356.0,0.0,0,103.12,0
20171103,1509638400000,102.18,102.18,93.0,98.52,16881,167652474.0,0.0,0,103.18,0
20171106,1509897600000,99.68,101.8,97.53,101.0,10039,100134665.0,0.0,0,98.52,0
20171107,1509984000000,100.28,102.47,98.58,102.2,9966,99840586.0,0.0,0,101.0,0
20171108,1510070400000,102.26,104.16,101.53,103.26,9973,102764996.0,0.0,0,102.2,0
20171109,1510156800000,103.03,104.5,102.3,103.5,7639,79141077.0,0.0,0,103.25999999999999,0
20171110,1510243200000,103.8,108.28,103.8,107.6,17801,189589402.99999997,0.0,0,103.5,0
20171113,1510502400000,107.27,112.25999999999999,107.27,109.53,17272,189808784.0,0.0,0,107.6,0
20171114,1510588800000,108.8,110.97,105.28,105.5,17629,191056772.0,0.0,0,109.53,0
20171115,1510675200000,106.22,111.0,104.02,111.0,17560,188194735.0,0.0,0,105.5,0
20171116,1510761600000,109.72999999999999,112.63,106.52,106.7,20508,224490006.0,0.0,0,111.0,0
20171117,1510848000000,106.10000000000001,106.94,100.2,101.86,18885,195574588.99999997,0.0,0,106.7,0
20171120,1511107200000,103.99,112.05,100.5,112.05,23221,250376967.0,0.0,0,101.86,0
20171121,1511193600000,111.79,112.8,107.0,110.87,18876,207944689.0,0.0,0,112.05,0
20171122,1511280000000,110.9,120.5,109.04,117.30000000000001,24454,282077090.99999994,0.0,0,110.87,0
20171123,1511366400000,115.07000000000001,116.76,109.60000000000001,111.01,18562,210106215.00000003,0.0,0,117.30000000000001,0
20171124,1511452800000,109.9,119.80000000000001,109.51,114.79,21167,245900293.0,0.0,0,111.01,0
20171127,1511712000000,113.98,113.98,103.31,103.31,21176,226131740.99999997,0.0,0,114.79,0
20171128,1511798400000,101.0,105.89,101.0,105.51,11616,121027031.0,0.0,0,103.31,0
20171129,1511884800000,105.5,105.5,99.01,102.69000000000001,14469,146952433.0,0.0,0,105.51,0
20171130,1511971200000,102.5,104.67,102.03,102.88,6946,71726604.00000001,0.0,0,102.69,0
20171201,1512057600000,102.58,105.8,102.5,104.6,6615,69349273.00000001,0.0,0,102.88,0
20171204,1512316800000,103.0,103.0,94.14,94.14,16840,162136967.0,0.0,0,104.6,0
20171205,1512403200000,92.31,93.94,88.28,89.42,14153,129008002.0,0.0,0,94.14,0
20171206,1512489600000,90.0,92.7,89.5,92.31,8130,74008128.0,0.0,0,89.42,0
20171207,1512576000000,92.0,95.28,91.38,93.69,6464,60850913.00000001,0.0,0,92.31,0
20171208,1512662400000,93.25,95.95,93.25,94.88,5109,48550788.00000001,0.0,0,93.69,0
20171211,1512921600000,94.8,95.8,93.36,94.0,6802,64347073.0,0.0,0,94.88,0
20171212,1513008000000,94.49,94.7,92.69,92.78,6024,56355318.00000001,0.0,0,94.0,0
20171213,1513094400000,92.97,93.98,92.55,93.73,3319,30961310.999999996,0.0,0,92.78,0
20171214,1513180800000,93.66,95.33,93.0,94.95,4638,43690281.00000001,0.0,0,93.73,0
20171215,1513267200000,94.92,95.39999999999999,92.66,92.72,4923,46236729.00000001,0.0,0,94.95,0
20171218,1513526400000,92.7,93.39,88.31,89.0,7459,67543377.0,0.0,0,92.72,0
20171219,1513612800000,88.60000000000001,90.43,88.60000000000001,89.93,3713,33333400.000000004,0.0,0,89.00000000000001,0
20171220,1513699200000,90.37,91.5,89.33,89.98,3817,34573279.0,0.0,0,89.92999999999999,0
20171221,1513785600000,89.15,91.07,86.5,89.65,7334,65328170.00000001,0.0,0,89.98,0
20171222,1513872000000,88.5,91.25,88.3,89.83,5498,49586592.0,0.0,0,89.64999999999999,0
20171225,1514131200000,89.85,90.49,86.0,88.21,6135,53863590.0,0.0,0,89.83,0
20171226,1514217600000,87.91,92.5,87.5,91.38,8122,73803679.0,0.0,0,88.21,0
20171227,1514304000000,91.0,91.6,90.03,90.1,4882,44237019.0,0.0,0,91.38,0
20171228,1514390400000,89.85000000000001,91.91000000000001,89.62,90.80000000000001,5665,51564650.0,0.0,0,90.10000000000001,0
20171229,1514476800000,92.0,92.88,91.02,91.75999999999999,5093,46833572.0,0.0,0,90.8,0
20180102,1514822400000,91.51,91.92,90.68,91.58000000000001,4300,39237024.0,0.0,0,91.76,0
20180103,1514908800000,91.56,92.17999999999999,91.02,91.25999999999999,4168,38147411.0,0.0,0,91.58,0
20180104,1514995200000,90.97000000000001,91.48,89.21000000000001,89.72000000000001,5684,51360377.0,0.0,0,91.26,0
20180105,1515081600000,89.73,91.85000000000001,89.73,91.41000000000001,7502,68412636.0,0.0,0,89.72,0
20180108,1515340800000,91.41000000000001,91.41000000000001,87.37,89.5,8446,74851679.0,0.0,0,91.41000000000001,0
20180109,1515427200000,88.7,89.87,88.69,88.89,3378,30162557.0,0.0,0,89.5,0
20180110,1515513600000,88.77,89.45,86.91,87.64999999999999,4799,42119743.00000001,0.0,0,88.89,0
20180111,1515600000000,87.8,89.24,86.99,88.53,3890,34415056.0,0.0,0,87.64999999999999,0
20180112,1515686400000,88.47,92.19,87.86,90.86,8550,77676890.0,0.0,0,88.53,0
20180115,1515945600000,89.88,90.0,86.36,86.85,7611,66851160.0,0.0,0,90.86,0
20180116,1516032000000,88.7,90.8,88.0,89.57,6458,57981962.99999999,0.0,0,86.85,0
20180117,1516118400000,89.08000000000001,95.58000000000001,88.9,93.51,10408,96294917.0,0.0,0,89.57000000000001,0
20180118,1516204800000,93.03,94.8,92.99,93.50999999999999,5795,54290624.0,0.0,0,93.50999999999999,0
20180119,1516291200000,93.11,95.79,93.06,93.95,6153,58191064.00000001,0.0,0,93.51,0
20180122,1516550400000,94.11,97.34,93.0,96.56,8973,86033358.0,0.0,0,93.95,0
20180123,1516636800000,95.58,97.0,93.62,94.15,8370,79554368.0,0.0,0,96.56,0
20180124,1516723200000,94.14,96.21,93.11,94.86,6760,64266288.99999999,0.0,0,94.15,0
20180125,1516809600000,94.37,96.95,93.60000000000001,93.69000000000001,6910,65877528.00000001,0.0,0,94.86000000000001,0
20180126,1516896000000,93.69,95.08,93.2,94.14,3817,35878777.00000001,0.0,0,93.69,0
20180129,1517155200000,94.0,94.0,89.5,90.01,8860,80429547.00000001,0.0,0,94.14,0
20180130,1517241600000,89.97,91.47,89.7,90.11,3226,29131508.999999996,0.0,0,90.01,0
20180131,1517328000000,89.35,89.92,87.88,87.88,4760,42153096.0,0.0,0,90.11,0
20180201,1517414400000,88.2,89.04,86.71000000000001,87.18,4376,38569937.0,0.0,0,87.88000000000001,0
20180202,1517500800000,87.0,87.08,82.81,84.9,5824,49338996.0,0.0,0,87.18,0
20180205,1517760000000,82.56,84.0,81.2,81.99000000000001,2852,23672011.0,0.0,0,84.9,0
20180206,1517846400000,80.01,83.28,77.89,78.1,4458,35820321.99999999,0.0,0,81.99,0
20180207,1517932800000,80.88,81.5,77.8,80.63,4434,35537279.00000001,0.0,0,78.1,0
20180208,1518019200000,80.13000000000001,83.2,79.57000000000001,82.59,2883,23739371.000000004,0.0,0,80.63000000000001,0
20180209,1518105600000,80.55,83.60000000000001,80.31,82.38,3551,29184767.0,0.0,0,82.59,0
20180212,1518364800000,83.39999999999999,85.84,82.8,85.7,3024,25630880.000000004,0.0,0,82.38,0
20180213,1518451200000,86.01,86.2,84.2,84.3,2593,21982015.0,0.0,0,85.7,0
20180214,1518537600000,83.56,84.60000000000001,83.56,84.28,1713,14385864.999999998,0.0,0,84.3,0
20180222,1519228800000,84.5,85.65,84.28,84.75,2193,18603041.0,0.0,0,84.28,0
20180223,1519315200000,84.75,84.8,83.0,83.76,2489,20827029.0,0.0,0,84.75,0
20180226,1519574400000,84.7,87.55000000000001,84.12,87.08,4883,42006159.0,0.0,0,83.76,0
20180227,1519660800000,87.2,89.3,87.17,88.73,6344,56164674.00000001,0.0,0,87.08,0
20180228,1519747200000,88.13,91.0,87.28,89.31,4629,41544907.0,0.0,0,88.73,0
20180301,1519833600000,88.8,91.54,88.0,91.0,3928,35527051.0,0.0,0,89.31,0
20180302,1519920000000,90.10000000000001,93.93,90.10000000000001,90.80000000000001,6010,55334658.0,0.0,0,91.00000000000001,0
20180305,1520179200000,91.17999999999999,93.25,90.91,93.22,4386,40410112.0,0.0,0,90.8,0
20180306,1520265600000,93.22,95.82,92.11,93.3,7108,67044693.0,0.0,0,93.22,0
20180307,1520352000000,92.71000000000001,96.30000000000001,92.71000000000001,95.80000000000001,6440,61344565.00000001,0.0,0,93.30000000000001,0
20180308,1520438400000,96.27,101.43,95.7,100.4,13515,133884124.00000001,0.0,0,95.8,0
20180309,1520524800000,99.77,100.85000000000001,97.7,100.04,9262,91813476.0,0.0,0,100.4,0
20180312,1520784000000,99.99,101.21,98.13,100.05,8240,82301907.0,0.0,0,100.03999999999999,0
20180313,1520870400000,99.77000000000001,99.77000000000001,97.57000000000001,98.10000000000001,5578,55004492.00000001,0.0,0,100.05000000000001,0
20180314,1520956800000,97.3,101.42999999999999,97.3,98.50999999999999,6706,66948671.00000001,0.0,0,98.1,0
20180315,1521043200000,97.8,99.43,94.53,98.59,6894,66974351.0,0.0,0,98.51,0
20180316,1521129600000,98.01,101.02,97.5,99.4,6092,60699135.0,0.0,0,98.59,0
20180319,1521388800000,99.7,104.88,99.0,104.38,10707,110159702.00000001,0.0,0,99.4,0
20180320,1521475200000,102.99,107.5,102.53,103.2,12729,133719502.00000001,0.0,0,104.38,0
20180321,1521561600000,103.77,104.48,99.0,99.48,8449,86113993.99999999,0.0,0,103.2,0
20180322,1521648000000,98.5,101.44,98.5,98.8,6067,60692171.00000001,0.0,0,99.48,0
20180323,1521734400000,96.18,101.4,92.2,94.5,10371,100774020.0,0.0,0,98.8,0
20180326,1521993600000,95.03,103.95,94.5,103.95,15268,154658772.0,0.0,0,94.5,0
20180327,1522080000000,105.21000000000001,108.19,103.81,106.68,15100,159665445.0,0.0,0,103.95,0
20180328,1522166400000,105.0,112.6,104.88,106.92999999999999,14282,155051589.0,0.0,0,106.67999999999999,0
20180329,1522252800000,106.47,110.55,103.8,105.55,8622,91667304.0,0.0,0,106.92999999999999,0
20180330,1522339200000,106.17,109.8,106.0,107.97,8820,95487140.0,0.0,0,105.55,0
20180402,1522598400000,108.01,112.7,106.0,109.99,11451,125764882.0,0.0,0,107.97,0
20180403,1522684800000,108.27,111.11,106.55,110.1,8663,94243177.0,0.0,0,109.99,0
20180404,1522771200000,110.00000000000001,112.4,104.71000000000001,105.00000000000001,10065,108295182.0,0.0,0,110.10000000000001,0
20180409,1523203200000,105.1,108.19,103.3,106.23,6762,71828446.0,0.0,0,105.0,0
20180410,1523289600000,101.0,101.85000000000001,95.62,99.92,19864,195988649.0,0.0,0,106.23,0
20180411,1523376000000,99.83000000000001,103.58000000000001,97.57000000000001,100.94000000000001,10806,108798719.0,0.0,0,99.92,0
20180412,1523462400000,100.2,104.44000000000001,99.9,103.76,10301,105290256.0,0.0,0,100.94000000000001,0
20180413,1523548800000,104.04,104.32,100.0,101.3,6852,69678258.0,0.0,0,103.76,0
20180416,1523808000000,100.55,101.0,98.13,100.6,5373,53507527.0,0.0,0,101.3,0
20180417,1523894400000,100.06,103.27,99.78,99.78,8348,84949147.00000001,0.0,0,100.6,0
20180418,1523980800000,99.91,99.99,94.58,98.59,8456,81760267.00000001,0.0,0,99.78,0
20180419,1524067200000,98.38,100.66,96.52,96.83999999999999,7308,71863366.0,0.0,0,98.58999999999999,0
20180420,1524153600000,97.00999999999999,99.0,95.52,96.3,5636,54786807.0,0.0,0,96.83999999999999,0
20180423,1524412800000,95.8,96.95,92.31,94.94,4713,44911214.0,0.0,0,96.3,0
20180424,1524499200000,94.2,98.58,94.2,98.5,5532,54033265.0,0.0,0,94.94,0
20180425,1524585600000,98.00000000000001,103.89000000000001,97.99000000000001,100.80000000000001,7386,75143890.0,0.0,0,98.50000000000001,0
20180426,1524672000000,100.2,103.5,99.0,100.01,6597,67168273.0,0.0,0,100.8,0
20180427,1524758400000,99.99000000000001,105.10000000000001,99.99000000000001,104.2,9497,98283956.0,0.0,0,100.01,0
20180502,1525190400000,103.1,105.98,102.0,103.14,6734,69928625.0,0.0,0,104.2,0
20180503,1525276800000,102.5,105.88,102.5,105.16,7153,74443251.0,0.0,0,103.14,0
20180504,1525363200000,104.86999999999999,105.35,103.16,103.59,4325,45012292.0,0.0,0,105.16,0
20180507,1525622400000,103.97000000000001,108.25,103.68,107.88000000000001,7754,82712837.0,0.0,0,103.59,0
20180508,1525708800000,107.2,107.8,103.5,103.89,7380,77557415.99999999,0.0,0,107.88,0
20180509,1525795200000,103.92,105.45,103.52,104.0,4445,46385512.00000001,0.0,0,103.89,0
20180510,1525881600000,103.8,104.73,102.5,104.01,4922,50905229.0,0.0,0,104.0,0
20180511,1525968000000,104.94,106.94,99.5,100.2,7904,82024836.0,0.0,0,104.01,0
20180514,1526227200000,100.0,101.6,98.55,100.59,4636,46401847.0,0.0,0,100.2,0
20180515,1526313600000,100.95,102.01,99.36,101.63,3915,39503228.0,0.0,0,100.59,0
20180516,1526400000000,100.69,104.39,100.48,103.24000000000001,5578,57368066.0,0.0,0,101.63000000000001,0
20180517,1526486400000,102.60000000000001,103.88,100.31,100.8,4081,41369023.0,0.0,0,103.24000000000001,0
20180518,1526572800000,100.6,101.5,99.8,100.86,3263,32848903.0,0.0,0,100.8,0
20180521,1526832000000,101.92999999999999,104.58,101.02,104.2,5894,60677342.0,0.0,0,100.86,0
20180522,1526918400000,102.69000000000001,103.34,101.60000000000001,103.00000000000001,5272,54093174.99999999,0.0,0,104.2,0
20180523,1527004800000,103.17,108.9,103.17,106.99000000000001,11512,123165020.0,0.0,0,103.0,0
20180524,1527091200000,106.5,113.5,106.5,110.0,13071,145067474.00000003,0.0,0,106.99,0
20180525,1527177600000,110.2,112.79,109.01,110.35000000000001,9300,103222238.0,0.0,0,110.0,0
20180528,1527436800000,110.68,111.89,108.56,111.18,7580,83826308.99999999,0.0,0,110.35000000000001,0
20180529,1527523200000,73.86,74.86,67.0,67.3,11985,86974797.0,0.0,0,73.85,0
20180530,1527609600000,66.0,72.5,66.0,69.29,16123,112185692.99999999,0.0,0,67.3,0
20180531,1527696000000,69.99,71.7,69.0,70.7,12054,85053810.0,0.0,0,69.29,0
20180601,1527782400000,70.02,72.67999999999999,64.08,66.33,12066,82020465.99999999,0.0,0,70.7,0
20180604,1528041600000,66.56,67.65,63.1,63.72,9708,63009870.0,0.0,0,66.33,0
20180605,1528128000000,63.71,67.5,63.71,67.0,12368,81856797.00000001,0.0,0,63.72,0
20180606,1528214400000,67.69999999999999,69.3,67.1,68.47999999999999,8580,58497875.0,0.0,0,67.0,0
20180607,1528300800000,68.53,70.19000000000001,67.21000000000001,69.58000000000001,7262,49935737.00000001,0.0,0,68.48,0
20180608,1528387200000,70.05,70.19,67.52,69.74,7050,48364706.0,0.0,0,69.58,0
20180611,1528646400000,69.3,69.3,64.2,65.11,13526,89528374.99999999,0.0,0,69.74000000000001,0
20180612,1528732800000,65.11,65.94,63.51,65.64999999999999,7128,46235026.0,0.0,0,65.11,0
20180613,1528819200000,64.8,65.87,62.9,63.07,8835,56594308.00000001,0.0,0,65.65,0
20180614,1528905600000,63.300000000000004,64.19,60.1,61.300000000000004,7592,47247906.0,0.0,0,63.07,0
20180615,1528992000000,62.04,62.04,59.17,60.31,7335,44594438.00000001,0.0,0,61.300000000000004,0
20180619,1529337600000,59.5,60.87,57.19,57.739999999999995,9912,58432434.00000001,0.0,0,60.309999999999995,0
20180620,1529424000000,58.300000000000004,61.96,58.02,61.28,7727,46577634.0,0.0,0,57.74,0
20180621,1529510400000,61.21,61.879999999999995,59.22,59.99,6386,38531467.0,0.0,0,61.28,0
20180622,1529596800000,59.99,61.98,59.11,60.28,5577,33768381.0,0.0,0,59.99,0
20180625,1529856000000,60.9,61.48,60.01,60.55,5918,36077282.0,0.0,0,60.28,0
20180626,1529942400000,58.28,60.39,58.1,60.300000000000004,7978,47363425.0,0.0,0,60.550000000000004,0
20180627,1530028800000,60.25,60.93,58.03,58.480000000000004,6430,37969365.0,0.0,0,60.300000000000004,0
20180628,1530115200000,58.480000000000004,59.38,56.6,56.82,3887,22586992.999999996,0.0,0,58.480000000000004,0
20180629,1530201600000,57.06,59.79,57.06,59.7,4892,28824597.0,0.0,0,56.82,0
20180702,1530460800000,59.36,61.800000000000004,58.88,60.120000000000005,7914,47913119.0,0.0,0,59.7,0
20180703,1530547200000,60.400000000000006,61.1,57.2,59.940000000000005,10279,60577615.00000001,0.0,0,60.120000000000005,0
20180704,1530633600000,59.71000000000001,59.78,57.800000000000004,58.220000000000006,7551,44250026.00000001,0.0,0,59.940000000000005,0
20180705,1530720000000,58.65,58.65,56.71,56.800000000000004,3565,20503371.0,0.0,0,58.22,0
20180706,1530806400000,57.300000000000004,57.790000000000006,54.2,55.080000000000005,11806,65838501.0,0.0,0,56.800000000000004,0
20180709,1531065600000,55.7,56.480000000000004,54.550000000000004,56.330000000000005,10095,56393781.0,0.0,0,55.080000000000005,0
20180710,1531152000000,56.6,56.93,52.53,54.15,20696,112007800.0,0.0,0,56.33,0
20180711,1531238400000,52.980000000000004,53.35,51.7,52.63,13447,70448950.0,0.0,0,54.150000000000006,0
20180712,1531324800000,52.63,54.900000000000006,52.63,54.25,15827,85754320.00000001,0.0,0,52.63,0
20180713,1531411200000,53.910000000000004,56.77,53.120000000000005,56.300000000000004,17528,97446686.0,0.0,0,54.25000000000001,0
20180716,1531670400000,55.5,56.26,55.11,55.7,10043,55848247.0,0.0,0,56.3,0
20180717,1531756800000,55.760000000000005,56.830000000000005,55.31,56.36,9066,50967206.0,0.0,0,55.7,0
20180718,1531843200000,56.370000000000005,56.760000000000005,54.800000000000004,54.81,7521,41751193.0,0.0,0,56.36000000000001,0
20180719,1531929600000,54.48,55.44,53.11,54.08,6636,36193703.0,0.0,0,54.81,0
20180720,1532016000000,53.8,54.55,53.15,54.12,6007,32337425.0,0.0,0,54.08,0
20180723,1532275200000,52.91,53.35,49.79,51.04,16165,83069076.0,0.0,0,54.12,0
20180724,1532361600000,51.0,52.18,50.11,52.089999999999996,11995,61535566.0,0.0,0,51.04,0
20180725,1532448000000,51.99,52.57,51.53,51.67,8147,42294512.0,0.0,0,52.09,0
20180726,1532534400000,51.97,52.26,51.39,51.82,5775,29929170.0,0.0,0,51.67,0
20180727,1532620800000,51.87,51.87,50.57,51.27,5942,30497047.000000004,0.0,0,51.82,0
20180730,1532880000000,51.27,51.470000000000006,48.2,49.25,9260,46048315.0,0.0,0,51.27,0
20180731,1532966400000,49.24,50.1,48.910000000000004,49.6,5030,24946427.000000004,0.0,0,49.25000000000001,0
20180801,1533052800000,49.61000000000001,49.970000000000006,48.27,48.35,5935,29198090.000000004,0.0,0,49.6,0
20180802,1533139200000,48.410000000000004,48.59,45.03,47.47,9626,45153275.00000001,0.0,0,48.35,0
20180803,1533225600000,47.480000000000004,47.89,45.71,45.87,4351,20468191.0,0.0,0,47.47,0
20180806,1533484800000,45.980000000000004,46.400000000000006,45.09,45.910000000000004,4475,20550462.0,0.0,0,45.870000000000005,0
20180807,1533571200000,45.9,46.96,45.72,46.71,4389,20393476.0,0.0,0,45.91,0
20180808,1533657600000,46.72,47.29,45.19,45.199999999999996,3480,16049813.000000002,0.0,0,46.71,0
20180809,1533744000000,45.1,47.19,44.78,46.92,4469,20771377.0,0.0,0,45.2,0
20180810,1533830400000,46.66,48.739999999999995,46.65,48.0,6073,29021063.0,0.0,0,46.92,0
20180813,1534089600000,47.18,47.64,46.28,47.58,5365,25169484.0,0.0,0,48.0,0
20180814,1534176000000,47.49,47.93000000000001,46.300000000000004,46.39000000000001,4707,22021974.0,0.0,0,47.580000000000005,0
20180815,1534262400000,46.39,46.92,45.77,46.0,4389,20321684.0,0.0,0,46.39,0
20180816,1534348800000,45.599999999999994,45.599999999999994,43.44,44.32,8662,38519758.00000001,0.0,0,46.0,0
20180817,1534435200000,44.330000000000005,44.970000000000006,41.660000000000004,41.910000000000004,11949,50950833.00000001,0.0,0,44.32000000000001,0
20180820,1534694400000,41.93,42.760000000000005,41.24,42.42,4220,17688354.0,0.0,0,41.910000000000004,0
20180821,1534780800000,42.44,42.96,41.68,42.79,6219,26396268.000000004,0.0,0,42.42,0
20180822,1534867200000,42.6,43.199999999999996,42.4,42.8,4185,17903622.0,0.0,0,42.79,0
20180823,1534953600000,42.800000000000004,43.95,42.71,43.83,4916,21390954.0,0.0,0,42.800000000000004,0
20180824,1535040000000,43.32,43.75,42.7,43.2,3395,14706443.0,0.0,0,43.830000000000005,0
20180827,1535299200000,43.04,44.61,42.57,44.24,9861,42953697.0,0.0,0,43.2,0
20180828,1535385600000,44.01,44.98,44.01,44.3,7142,31782162.0,0.0,0,44.239999999999995,0
20180829,1535472000000,44.06,45.300000000000004,44.06,44.72,5306,23793499.000000004,0.0,0,44.300000000000004,0
20180830,1535558400000,44.96,44.96,43.46,43.61,3562,15688611.0,0.0,0,44.72,0
20180831,1535644800000,43.370000000000005,43.86,42.7,42.900000000000006,3371,14617669.0,0.0,0,43.61,0
20180903,1535904000000,41.89,43.14,41.89,42.77,5236,22249995.0,0.0,0,42.9,0
20180904,1535990400000,42.84,44.99,42.77,44.290000000000006,8763,38693865.0,0.0,0,42.77,0
20180905,1536076800000,44.6,45.17,43.82,44.21,6729,30031588.000000004,0.0,0,44.29,0
20180906,1536163200000,44.400000000000006,44.75000000000001,43.300000000000004,44.27,5379,23760072.999999996,0.0,0,44.21,0
20180907,1536249600000,44.050000000000004,45.00000000000001,44.050000000000004,44.220000000000006,5518,24569059.0,0.0,0,44.27,0
20180910,1536508800000,44.510000000000005,44.510000000000005,42.06,42.120000000000005,5019,21510158.0,0.0,0,44.22,0
20180911,1536595200000,42.1,43.56,42.1,43.54,4489,19298757.0,0.0,0,42.120000000000005,0
20180912,1536681600000,43.559999999999995,44.01,42.37,42.849999999999994,5081,22000086.000000004,0.0,0,43.54,0
20180913,1536768000000,43.27,43.620000000000005,41.300000000000004,41.75000000000001,8975,37751564.0,0.0,0,42.85,0
20180914,1536854400000,41.71,41.89,39.7,40.0,8916,36359531.0,0.0,0,41.75,0
20180917,1537113600000,39.99,40.36,39.54,39.85,4577,18271973.0,0.0,0,40.0,0
20180918,1537200000000,39.21,40.16,38.86,40.04,5199,20537199.0,0.0,0,39.85,0
20180919,1537286400000,39.82,40.76,39.32,40.3,6285,25163535.000000004,0.0,0,40.04,0
20180920,1537372800000,40.43,40.53,39.4,39.53,4828,19230626.0,0.0,0,40.3,0
20180921,1537459200000,39.339999999999996,40.5,39.22,40.44,6679,26685510.000000004,0.0,0,39.53,0
20180925,1537804800000,40.42,40.96,39.71,40.26,4386,17721895.0,0.0,0,40.44,0
20180926,1537891200000,40.26,40.85,40.11,40.49,4528,18370661.0,0.0,0,40.26,0
20180927,1537977600000,40.6,41.88,40.300000000000004,40.68000000000001,7507,30797242.000000004,0.0,0,40.49,0
20180928,1538064000000,40.300000000000004,41.480000000000004,40.300000000000004,41.480000000000004,6800,27923585.0,0.0,0,40.68000000000001,0
20181008,1538928000000,40.739999999999995,40.87,39.58,39.629999999999995,5592,22567366.0,0.0,0,41.48,0
20181009,1539014400000,39.6,40.25,39.5,39.87,2974,11860362.0,0.0,0,39.63,0
20181010,1539100800000,39.88,40.25000000000001,39.550000000000004,39.870000000000005,3001,11986261.0,0.0,0,39.870000000000005,0
20181011,1539187200000,38.78,38.800000000000004,35.88,36.050000000000004,8289,30845639.0,0.0,0,39.870000000000005,0
20181012,1539273600000,36.6,38.95,36.410000000000004,37.580000000000005,9666,36251581.0,0.0,0,36.050000000000004,0
20181015,1539532800000,37.71,41.24,37.71,40.160000000000004,13473,54026582.99999999,0.0,0,37.58,0
20181016,1539619200000,40.87,41.43,39.25,39.71,9951,40135959.0,0.0,0,40.16,0
20181017,1539705600000,40.510000000000005,40.790000000000006,38.52,39.11000000000001,11786,46363566.0,0.0,0,39.71,0
20181018,1539792000000,38.58,39.230000000000004,36.42,36.65,13858,52305133.0,0.0,0,39.11,0
20181019,1539878400000,36.28,40.32,36.1,40.32,10117,38984995.0,0.0,0,36.65,0
20181022,1540137600000,42.0,44.35,41.31,44.35,27144,117579099.0,0.0,0,40.32,0
20181023,1540224000000,44.010000000000005,45.5,43.7,44.74,21404,95712948.0,0.0,0,44.35,0
20181024,1540310400000,44.0,44.940000000000005,43.13,43.88,13689,60449344.00000001,0.0,0,44.74,0
20181025,1540396800000,43.08,47.5,42.78,45.72,18679,84778661.0,0.0,0,43.88,0
20181026,1540483200000,45.800000000000004,46.760000000000005,44.52,45.92,14147,64365887.0,0.0,0,45.720000000000006,0
20181029,1540742400000,45.28,45.57,43.2,44.25,11513,50919945.0,0.0,0,45.92,0
20181030,1540828800000,44.43000000000001,47.290000000000006,43.34,45.85,14368,65323005.0,0.0,0,44.25,0
20181031,1540915200000,45.74,47.660000000000004,45.550000000000004,45.7,15240,71245396.00000001,0.0,0,45.85,0
20181101,1541001600000,45.53,47.27,45.5,45.95,11025,51048876.0,0.0,0,45.7,0
20181102,1541088000000,46.800000000000004,48.49,46.6,47.47,18503,87531390.0,0.0,0,45.95,0
20181105,1541347200000,47.300000000000004,47.660000000000004,45.31,46.150000000000006,14096,65495996.0,0.0,0,47.47,0
20181106,1541433600000,45.81,46.32000000000001,43.800000000000004,45.81,14020,63073295.00000001,0.0,0,46.150000000000006,0
20181107,1541520000000,45.41,46.28,44.5,44.61,14037,63514240.0,0.0,0,45.81,0
20181108,1541606400000,45.0,46.66,45.0,45.46,15922,73087468.0,0.0,0,44.61,0
20181109,1541692800000,44.74,46.160000000000004,44.74,44.89,6783,30714385.0,0.0,0,45.46,0
20181112,1541952000000,44.82,46.95,44.21,46.89,21458,98683790.00000001,0.0,0,44.89,0
20181113,1542038400000,46.1,47.89,46.1,46.74,16349,76875850.0,0.0,0,46.89,0
20181114,1542124800000,46.65,48.58,46.4,47.879999999999995,19103,91623715.0,0.0,0,46.74,0
20181115,1542211200000,49.88,51.42,48.1,50.34,28748,143158467.0,0.0,0,47.88,0
20181116,1542297600000,50.0,50.3,48.83,49.39,19189,95152775.00000001,0.0,0,50.339999999999996,0
20181119,1542556800000,49.47,49.47,48.58,48.73,10581,51724032.0,0.0,0,49.39,0
20181120,1542643200000,47.96000000000001,47.96000000000001,46.050000000000004,46.11000000000001,14646,68900240.00000001,0.0,0,48.730000000000004,0
20181121,1542729600000,45.58,46.71,44.6,46.45,15985,72633770.0,0.0,0,46.11,0
20181122,1542816000000,46.08,46.53,44.92,45.61,10519,48177381.0,0.0,0,46.45,0
20181123,1542902400000,45.300000000000004,46.28,44.2,44.34,11041,49903576.0,0.0,0,45.61,0
20181126,1543161600000,44.0,44.59,43.0,43.4,9966,43486929.0,0.0,0,44.34,0
20181127,1543248000000,43.11,43.870000000000005,42.95,43.010000000000005,7910,34295555.0,0.0,0,43.400000000000006,0
20181128,1543334400000,43.330000000000005,44.980000000000004,43.02,44.800000000000004,14361,63584433.0,0.0,0,43.010000000000005,0
20181129,1543420800000,44.800000000000004,45.25,42.6,42.74,12864,56969603.00000001,0.0,0,44.800000000000004,0
20181130,1543507200000,42.300000000000004,45.50000000000001,42.300000000000004,45.010000000000005,11597,50915513.0,0.0,0,42.74,0
20181203,1543766400000,45.8,46.5,45.33,46.28,13475,62087578.0,0.0,0,45.01,0
20181204,1543852800000,45.99,46.64,45.47,46.5,6791,31424415.999999996,0.0,0,46.28,0
20181205,1543939200000,45.58,47.8,45.51,47.4,15979,75033615.99999999,0.0,0,46.5,0
20181206,1544025600000,47.00000000000001,47.34,45.300000000000004,46.7,13246,61651317.00000001,0.0,0,47.400000000000006,0
20181207,1544112000000,46.37,46.98,45.22,45.76,5838,26700876.0,0.0,0,46.699999999999996,0
20181210,1544371200000,45.22,45.800000000000004,44.6,44.690000000000005,5224,23605735.0,0.0,0,45.76,0
20181211,1544457600000,44.81,45.79,44.81,45.35,4636,21055344.0,0.0,0,44.690000000000005,0
20181212,1544544000000,45.89,45.89,44.910000000000004,45.190000000000005,4176,18986162.0,0.0,0,45.35,0
20181213,1544630400000,45.21,45.8,44.86,44.99,5937,26909388.000000004,0.0,0,45.19,0
20181214,1544716800000,43.660000000000004,43.660000000000004,41.2,41.7,16070,68246809.0,0.0,0,44.99,0
20181217,1544976000000,41.0,41.45,40.11,41.06,11045,45118163.00000001,0.0,0,41.7,0
20181218,1545062400000,40.69,41.68,40.69,41.4,8092,33309320.0,0.0,0,41.059999999999995,0
20181219,1545148800000,41.419999999999995,41.66,39.19,39.55,9426,37728122.0,0.0,0,41.4,0
20181220,1545235200000,39.830000000000005,40.1,39.300000000000004,39.96,7250,28827388.0,0.0,0,39.550000000000004,0
20181221,1545321600000,39.93,40.38,39.42,39.910000000000004,6446,25761570.0,0.0,0,39.96,0
20181224,1545580800000,39.61000000000001,40.2,38.800000000000004,39.43000000000001,11519,45489044.0,0.0,0,39.910000000000004,0
20181225,1545667200000,38.61,38.64,36.7,38.160000000000004,16526,62386135.99999999,0.0,0,39.43,0
20181226,1545753600000,37.980000000000004,38.88,37.980000000000004,38.440000000000005,8393,32385808.000000004,0.0,0,38.160000000000004,0
20181227,1545840000000,39.03,39.18,37.5,37.69,6930,26653730.0,0.0,0,38.44,0
20181228,1545926400000,37.870000000000005,38.17,37.300000000000004,37.86000000000001,6845,25862436.0,0.0,0,37.690000000000005,0
20190102,1546358400000,37.93,38.13,35.88,36.11,11275,41221884.0,0.0,0,37.86,0
20190103,1546444800000,36.4,37.17,36.1,36.88,7884,28972897.0,0.0,0,36.11,0
20190104,1546531200000,36.480000000000004,38.06,35.81,37.870000000000005,10074,37667926.0,0.0,0,36.88,0
20190107,1546790400000,37.9,38.5,37.62,37.97,9382,35587345.00000001,0.0,0,37.87,0
20190108,1546876800000,37.86000000000001,37.910000000000004,36.910000000000004,37.150000000000006,9186,34259421.0,0.0,0,37.970000000000006,0
20190109,1546963200000,37.300000000000004,38.14,37.17,37.5,9258,34933936.0,0.0,0,37.15,0
20190110,1547049600000,37.36,37.49,36.82,36.85,6848,25478156.0,0.0,0,37.5,0
20190111,1547136000000,36.66,37.239999999999995,36.62,36.989999999999995,6234,23040855.0,0.0,0,36.849999999999994,0
20190114,1547395200000,37.00000000000001,37.470000000000006,36.660000000000004,36.86000000000001,6427,23756875.0,0.0,0,36.99,0
20190115,1547481600000,36.739999999999995,37.25,36.51,37.23,6430,23764198.0,0.0,0,36.86,0
20190116,1547568000000,37.23,37.989999999999995,37.08,37.4,11674,43737699.00000001,0.0,0,37.23,0
20190117,1547654400000,37.36000000000001,37.36000000000001,36.550000000000004,36.550000000000004,6730,24839526.999999996,0.0,0,37.400000000000006,0
20190118,1547740800000,36.6,37.300000000000004,36.56,37.22,7828,28929813.0,0.0,0,36.550000000000004,0
20190121,1548000000000,37.37,38.29,37.25,37.81,13539,51206862.0,0.0,0,37.22,0
20190122,1548086400000,37.51,38.269999999999996,37.51,37.93,9291,35223408.0,0.0,0,37.809999999999995,0
20190123,1548172800000,37.690000000000005,37.690000000000005,36.85,37.2,8515,31670721.000000004,0.0,0,37.93,0
20190124,1548259200000,37.04,37.48,36.75,37.23,9450,35043165.0,0.0,0,37.2,0
20190125,1548345600000,36.470000000000006,36.470000000000006,35.410000000000004,35.410000000000004,17773,63917108.0,0.0,0,37.230000000000004,0
20190128,1548604800000,35.48,35.81,35.32,35.5,9557,34005018.00000001,0.0,0,35.410000000000004,0
20190129,1548691200000,35.480000000000004,35.54,33.82,34.13,12356,42588494.0,0.0,0,35.5,0
20190130,1548777600000,33.85,34.29,33.61,33.61,8770,29791984.0,0.0,0,34.13,0
20190131,1548864000000,33.71,34.529999999999994,33.62,34.22,8231,28176064.0,0.0,0,33.61,0
20190201,1548950400000,34.22,35.300000000000004,34.21,35.2,7478,26117482.000000004,0.0,0,34.22,0
20190211,1549814400000,35.26,36.18,35.0,36.14,6812,24375973.000000004,0.0,0,35.2,0
20190212,1549900800000,36.2,37.38,36.2,36.95,13373,49424733.99999999,0.0,0,36.14,0
20190213,1549987200000,36.95,37.99,36.84,37.71,13476,50592473.0,0.0,0,36.95,0
20190214,1550073600000,37.900000000000006,38.14,37.230000000000004,37.74,10441,39415307.0,0.0,0,37.71,0
20190215,1550160000000,37.92,38.26,37.72,37.9,7981,30316717.0,0.0,0,37.74,0
20190218,1550419200000,38.08,39.4,38.01,39.239999999999995,10655,41348880.0,0.0,0,37.9,0
20190219,1550505600000,39.3,39.4,38.12,38.89,15085,58373160.99999999,0.0,0,39.239999999999995,0
20190220,1550592000000,38.75,38.910000000000004,37.52,38.18,15471,58806788.0,0.0,0,38.89,0
20190221,1550678400000,38.410000000000004,38.9,37.78,38.120000000000005,12940,49655073.0,0.0,0,38.18,0
20190222,1550764800000,37.89,38.92,37.83,38.879999999999995,10893,41847113.0,0.0,0,38.12,0
20190225,1551024000000,39.01,40.85,39.0,40.76,19884,79574979.0,0.0,0,38.88,0
20190226,1551110400000,40.7,42.5,39.96,41.1,24415,101477055.00000001,0.0,0,40.76,0
20190227,1551196800000,41.0,41.8,40.51,40.9,13903,57085967.0,0.0,0,41.1,0
20190228,1551283200000,40.9,42.55,40.9,41.75,14852,62199316.0,0.0,0,40.9,0
20190301,1551369600000,42.01,42.49,41.5,42.05,10627,44612062.0,0.0,0,41.75,0
20190304,1551628800000,42.33,43.34,41.92,42.38,20244,86532254.0,0.0,0,42.050000000000004,0
20190305,1551715200000,42.3,43.09,42.0,43.05,16027,68160320.0,0.0,0,42.38,0
20190306,1551801600000,43.06,43.58,42.42,42.99,17613,75350132.0,0.0,0,43.050000000000004,0
20190307,1551888000000,42.99,43.88,42.32,43.55,22959,98879939.0,0.0,0,42.99,0
20190308,1551974400000,42.769999999999996,43.23,41.36,41.43,21818,92587217.0,0.0,0,43.55,0
20190311,1552233600000,41.45,43.43,41.45,43.400000000000006,20535,87798371.0,0.0,0,41.43,0
20190312,1552320000000,43.89,45.69,43.5,45.08,29813,133387239.0,0.0,0,43.4,0
20190313,1552406400000,44.910000000000004,46.39,43.6,44.21,22918,103511520.0,0.0,0,45.08,0
20190314,1552492800000,44.15,44.88,42.36,42.99,16269,70415612.0,0.0,0,44.21,0
20190315,1552579200000,43.29,43.88,42.82,43.48,10712,46482501.00000001,0.0,0,42.99,0
20190318,1552838400000,43.8,44.93,43.08,44.879999999999995,14528,64268949.0,0.0,0,43.48,0
20190319,1552924800000,45.0,45.38,44.2,44.52,12741,56898287.0,0.0,0,44.88,0
20190320,1553011200000,44.400000000000006,45.14,44.02,45.1,13974,62455764.00000001,0.0,0,44.52,0
20190321,1553097600000,45.17,46.31,44.800000000000004,45.790000000000006,18675,84988760.0,0.0,0,45.1,0
20190322,1553184000000,45.7,45.99,44.71,45.72,13248,60105074.0,0.0,0,45.79,0
20190325,1553443200000,44.980000000000004,45.6,44.550000000000004,44.56,11993,53849558.00000001,0.0,0,45.720000000000006,0
20190326,1553529600000,44.47,44.8,42.5,42.7,11717,51058213.0,0.0,0,44.56,0
20190327,1553616000000,43.02,43.300000000000004,42.550000000000004,43.13,11629,49968983.00000001,0.0,0,42.7,0
20190328,1553702400000,43.080000000000005,43.57000000000001,41.800000000000004,41.800000000000004,8900,38174182.0,0.0,0,43.13,0
20190329,1553788800000,42.370000000000005,44.47,41.6,44.21,18030,77755451.00000001,0.0,0,41.800000000000004,0
20190401,1554048000000,44.13,45.5,44.13,45.190000000000005,15419,69352839.0,0.0,0,44.21,0
20190402,1554134400000,45.300000000000004,46.09,44.85,45.32,14873,67621369.0,0.0,0,45.190000000000005,0
20190403,1554220800000,45.32,48.260000000000005,45.13,46.89,24596,115256290.0,0.0,0,45.32,0
20190404,1554307200000,46.85,46.86,46.0,46.38,13418,62199288.0,0.0,0,46.89,0
20190408,1554652800000,46.510000000000005,46.78,45.2,45.96,13136,60259424.00000001,0.0,0,46.38,0
20190409,1554739200000,45.94,45.94,44.86,45.88,11179,50809364.0,0.0,0,45.96,0
20190410,1554825600000,45.839999999999996,47.18,45.04,45.94,14179,65658011.99999999,0.0,0,45.88,0
20190411,1554912000000,45.599999999999994,46.19,43.69,43.73,17311,77227863.0,0.0,0,45.94,0
20190412,1554998400000,43.85,44.38,43.11,43.99,9252,40497261.0,0.0,0,43.73,0
20190415,1555257600000,44.25,44.769999999999996,43.4,43.42,10878,48037548.0,0.0,0,43.99,0
20190416,1555344000000,43.120000000000005,44.160000000000004,42.7,44.02,9196,39956880.0,0.0,0,43.42,0
20190417,1555430400000,44.040000000000006,44.75000000000001,43.800000000000004,44.50000000000001,8084,35765110.00000001,0.0,0,44.02,0
20190418,1555516800000,44.5,44.68,44.07,44.18,7366,32663022.999999996,0.0,0,44.5,0
20190419,1555603200000,44.5,45.26,43.78,45.02,11821,52958308.0,0.0,0,44.18,0
20190422,1555862400000,45.06,45.7,44.85,45.22,12663,57302511.00000001,0.0,0,45.02,0
20190423,1555948800000,45.18,45.18,43.0,43.49,10677,46900935.0,0.0,0,45.22,0
20190424,1556035200000,43.38,44.43,43.38,44.300000000000004,7794,34272732.0,0.0,0,43.49,0
20190425,1556121600000,43.07,43.489999999999995,41.51,41.58,20504,87067686.0,0.0,0,44.3,0
20190426,1556208000000,41.6,42.1,40.86,41.25,11043,45731204.0,0.0,0,41.58,0
20190429,1556467200000,41.7,42.76,41.5,41.8,14034,59043341.00000001,0.0,0,41.25,0
20190430,1556553600000,41.69,42.69,41.69,42.0,6458,27273268.999999996,0.0,0,41.8,0
20190506,1557072000000,40.86000000000001,41.050000000000004,37.800000000000004,38.7,16763,66300686.99999999,0.0,0,42.00000000000001,0
20190507,1557158400000,39.19,40.88,38.86,39.99,10749,42823308.0,0.0,0,38.7,0
20190508,1557244800000,39.4,40.660000000000004,39.35,40.29,9677,38792721.0,0.0,0,39.99,0
20190509,1557331200000,40.0,40.51,39.51,39.989999999999995,5369,21540724.0,0.0,0,40.29,0
20190510,1557417600000,40.3,41.28,39.83,41.23,7497,30526208.0,0.0,0,39.989999999999995,0
20190513,1557676800000,40.830000000000005,41.67,40.7,41.52,5077,20888709.0,0.0,0,41.230000000000004,0
20190514,1557763200000,40.78,41.96,40.71,41.45,5665,23503913.0,0.0,0,41.52,0
20190515,1557849600000,41.620000000000005,42.25,41.45,41.6,5027,21011438.0,0.0,0,41.45,0
20190516,1557936000000,41.2,41.900000000000006,41.2,41.42,5302,22024981.0,0.0,0,41.6,0
20190517,1558022400000,41.55,41.739999999999995,40.08,40.33,6367,25977746.0,0.0,0,41.42,0
20190520,1558281600000,40.290000000000006,40.50000000000001,39.550000000000004,39.96,4990,19923818.0,0.0,0,40.330000000000005,0
20190521,1558368000000,39.9,41.19,39.78,40.76,6205,25181061.000000004,0.0,0,39.96,0
20190522,1558454400000,40.839999999999996,40.839999999999996,40.11,40.21,4339,17526000.0,0.0,0,40.76,0
20190523,1558540800000,39.86,39.91,39.01,39.18,4764,18804772.0,0.0,0,40.21,0
20190524,1558627200000,38.99,39.470000000000006,38.88,39.17,3063,11987612.0,0.0,0,39.18,0
20190527,1558886400000,39.17,40.49,38.71,40.27,5347,21206160.0,0.0,0,39.17,0
20190528,1558972800000,40.36000000000001,40.99,40.050000000000004,40.230000000000004,6551,26579989.0,0.0,0,40.27,0
20190529,1559059200000,40.35,40.800000000000004,40.1,40.43,2486,10060573.0,0.0,0,40.230000000000004,0
20190530,1559145600000,40.260000000000005,40.43000000000001,39.160000000000004,40.00000000000001,4741,18840501.000000004,0.0,0,40.43000000000001,0
20190531,1559232000000,39.95,40.78,39.71,40.300000000000004,5599,22565266.0,0.0,0,40.0,0
20190603,1559491200000,40.379999999999995,40.85,39.58,40.04,3638,14601901.000000002,0.0,0,40.3,0
20190604,1559577600000,40.05,40.05,39.25,39.5,3066,12130359.0,0.0,0,40.04,0
20190605,1559664000000,39.71,40.07000000000001,38.730000000000004,38.93000000000001,5822,22858155.0,0.0,0,39.50000000000001,0
20190606,1559750400000,38.93,39.089999999999996,38.01,38.12,3520,13553824.0,0.0,0,38.93,0
20190610,1560096000000,38.17,38.57,38.03,38.35,2487,9541723.0,0.0,0,38.120000000000005,0
20190611,1560182400000,38.230000000000004,39.550000000000004,38.230000000000004,39.550000000000004,4134,16131302.000000002,0.0,0,38.35,0
20190612,1560268800000,39.26,39.54,39.21,39.230000000000004,2319,9124355.0,0.0,0,39.550000000000004,0
20190613,1560355200000,39.02,40.300000000000004,39.02,40.09,4493,17868852.0,0.0,0,39.230000000000004,0
20190614,1560441600000,40.17,40.58,39.75,39.98,4936,19861055.0,0.0,0,40.09,0
20190617,1560700800000,39.83,40.16,39.22,39.85,3008,11948868.0,0.0,0,39.98,0
20190618,1560787200000,40.35,40.35,39.42,39.93,2081,8314467.0,0.0,0,39.85,0
20190619,1560873600000,40.5,40.89,40.17,40.370000000000005,4554,18452319.0,0.0,0,39.93,0
20190620,1560960000000,40.3,41.23,40.0,40.98,5199,21184959.0,0.0,0,40.37,0
20190621,1561046400000,41.15,41.949999999999996,41.15,41.589999999999996,5281,22032250.000000004,0.0,0,40.98,0
20190624,1561305600000,41.589999999999996,41.589999999999996,40.87,40.98,4753,19551459.0,0.0,0,41.589999999999996,0
20190625,1561392000000,41.01,41.19,40.21,40.58,2999,12174796.0,0.0,0,40.980000000000004,0
20190626,1561478400000,40.58,41.03,40.21,40.9,3236,13196807.0,0.0,0,40.58,0
20190627,1561564800000,40.96,41.39,40.88,41.080000000000005,5211,21460308.0,0.0,0,40.900000000000006,0
20190628,1561651200000,41.12,41.12,39.89,40.39,4819,19416835.0,0.0,0,41.08,0
20190701,1561910400000,40.88,42.29,40.88,42.25,11328,47324646.0,0.0,0,40.39,0
20190702,1561996800000,42.25000000000001,42.440000000000005,41.730000000000004,42.2,5513,23210098.0,0.0,0,42.25000000000001,0
20190703,1562083200000,42.16,42.42,41.5,41.83,5910,24802458.000000004,0.0,0,42.2,0
20190704,1562169600000,41.83,42.17,41.18,41.44,4713,19634162.0,0.0,0,41.83,0
20190705,1562256000000,41.440000000000005,42.18,41.31,41.97,4585,19149830.0,0.0,0,41.440000000000005,0
20190708,1562515200000,42.0,42.0,40.58,41.0,6680,27405298.0,0.0,0,41.97,0
20190709,1562601600000,41.0,41.3,40.68,41.07,3493,14359456.0,0.0,0,41.0,0
20190710,1562688000000,40.78,41.19,40.0,40.2,4466,18102286.0,0.0,0,41.07,0
20190711,1562774400000,39.870000000000005,40.2,38.1,38.39,14187,55269050.0,0.0,0,40.2,0
20190712,1562860800000,38.38,38.4,37.82,37.9,8323,31666418.0,0.0,0,38.09,0
20190715,1563120000000,37.900000000000006,38.27,37.160000000000004,37.940000000000005,9344,35187206.0,0.0,0,37.900000000000006,0
20190716,1563206400000,38.2,39.27,38.1,38.51,10326,39862897.00000001,0.0,0,37.940000000000005,0
20190717,1563292800000,38.17,38.7,38.160000000000004,38.480000000000004,6772,25957932.0,0.0,0,38.510000000000005,0
20190718,1563379200000,38.129999999999995,38.15,37.51,37.519999999999996,6677,25163261.999999996,0.0,0,38.48,0
20190719,1563465600000,37.5,37.98,37.33,37.489999999999995,5812,21894017.0,0.0,0,37.519999999999996,0
20190722,1563724800000,37.63,37.68,36.5,36.72,6185,22836718.0,0.0,0,37.49,0
20190723,1563811200000,36.75,37.49,36.7,37.28,5053,18765606.0,0.0,0,36.720000000000006,0
20190724,1563897600000,37.11,37.96,37.11,37.76,5265,19865029.999999996,0.0,0,37.28,0
20190725,1563984000000,37.62,38.269999999999996,37.62,38.18,5703,21695261.0,0.0,0,37.76,0
20190726,1564070400000,38.1,38.28,37.85,38.1,3168,12052073.0,0.0,0,38.18,0
20190729,1564329600000,37.760000000000005,38.36,37.74,38.25,2943,11216872.0,0.0,0,38.1,0
20190730,1564416000000,38.18000000000001,38.7,38.09,38.290000000000006,3921,15056913.0,0.0,0,38.25,0
20190731,1564502400000,38.300000000000004,38.38,37.81,38.120000000000005,3201,12225062.999999998,0.0,0,38.29,0
20190801,1564588800000,38.06,38.65,37.64,38.5,5428,20810175.000000004,0.0,0,38.12,0
20190802,1564675200000,37.5,38.25,37.5,37.91,4088,15492183.0,0.0,0,38.5,0
20190805,1564934400000,37.95,38.190000000000005,37.230000000000004,37.49,4709,17759911.0,0.0,0,37.910000000000004,0
20190806,1565020800000,36.839999999999996,37.75,36.54,37.589999999999996,6690,24780891.0,0.0,0,37.49,0
20190807,1565107200000,37.99,38.01,37.15,37.18,3940,14789316.0,0.0,0,37.589999999999996,0
20190808,1565193600000,37.29,37.51,36.58,36.87,3970,14657015.0,0.0,15,37.18,0
20190809,1565280000000,37.11000000000001,37.35,36.300000000000004,36.370000000000005,4456,16416373.0,0.0,15,36.870000000000005,0
20190812,1565539200000,36.35,37.17,36.35,37.1,2470,9079212.999999998,0.0,15,36.370000000000005,0
20190813,1565625600000,36.72,36.8,36.43,36.61,2473,9047614.0,0.0,15,37.1,0
20190814,1565712000000,37.1,37.13,36.86,37.0,3618,13395990.0,0.0,15,36.61,0
20190815,1565798400000,36.45,38.07,36.45,37.830000000000005,6845,25625074.000000004,0.0,15,37.0,0
20190816,1565884800000,37.879999999999995,39.01,37.65,38.65,9910,38200853.00000001,0.0,15,37.83,0
20190819,1566144000000,38.6,39.7,38.160000000000004,39.50000000000001,11102,43382789.0,0.0,15,38.650000000000006,0
20190820,1566230400000,39.7,40.64,39.53,39.84,9089,36328099.0,0.0,15,39.5,0
20190821,1566316800000,39.74,39.81,39.18,39.25,6945,27387440.0,0.0,15,39.839999999999996,0
20190822,1566403200000,39.4,40.15,39.03,40.06,8664,34321515.0,0.0,15,39.25,0
20190823,1566489600000,39.75,40.64,39.56,39.940000000000005,7486,30037005.0,0.0,15,40.06,0
20190826,1566748800000,39.190000000000005,40.480000000000004,39.160000000000004,40.07,8017,31979198.0,0.0,15,39.940000000000005,0
20190827,1566835200000,40.29,41.58,40.11,40.8,11831,48296827.0,0.0,15,40.07,0
20190828,1566921600000,40.85,40.85,39.81,39.99,7508,30091553.999999996,0.0,15,40.800000000000004,0
20190829,1567008000000,39.94,40.25,39.54,39.8,5027,20073605.0,0.0,15,39.99,0
20190830,1567094400000,39.81,40.050000000000004,38.52,38.88,10005,39291734.0,0.0,15,39.800000000000004,0
20190902,1567353600000,38.900000000000006,39.760000000000005,38.660000000000004,39.550000000000004,5298,20880198.000000004,0.0,15,38.88,0
20190903,1567440000000,39.550000000000004,40.190000000000005,39.410000000000004,39.92,6858,27281355.0,0.0,15,39.550000000000004,0
20190904,1567526400000,39.74,40.25,39.4,40.1,6255,24954058.0,0.0,15,39.92,0
20190905,1567612800000,39.92,41.08,39.92,40.89,10538,42933389.99999999,0.0,15,40.1,0
20190906,1567699200000,40.900000000000006,41.31,40.730000000000004,41.31,6019,24707618.0,0.0,15,40.89,0
20190909,1567958400000,41.5,41.72,41.06,41.53,7720,31925845.000000004,0.0,15,41.31,0
20190910,1568044800000,41.65,42.489999999999995,41.33,41.489999999999995,8032,33628900.0,0.0,15,41.53,0
20190911,1568131200000,41.739999999999995,42.449999999999996,41.51,41.809999999999995,8162,34339620.00000001,0.0,15,41.489999999999995,0
20190912,1568217600000,41.78,42.29,41.24,41.67,7309,30357079.0,0.0,15,41.81,0
20190916,1568563200000,41.900000000000006,42.2,41.52,41.81,5469,22923482.0,0.0,15,41.67,0
20190917,1568649600000,41.71,41.88,40.31,40.72,9359,38276225.0,0.0,15,41.81,0
20190918,1568736000000,40.72,41.36,40.72,40.8,3953,16198301.0,0.0,15,40.72,0
20190919,1568822400000,41.19,41.19,40.4,40.87,7364,29952811.0,0.0,15,40.8,0
20190920,1568908800000,40.72,41.99,40.68,41.38,9779,40584442.0,0.0,15,40.87,0
20190923,1569168000000,41.160000000000004,43.39,41.06,43.010000000000005,21663,92358530.0,0.0,15,41.38,0
20190924,1569254400000,43.12,44.18,43.08,43.18,18410,80030091.0,0.0,15,43.01,0
20190925,1569340800000,42.9,43.45,42.61,42.88,15392,66121361.00000001,0.0,15,43.18,0
20190926,1569427200000,42.88,43.2,41.21,41.32,13773,57492151.0,0.0,15,42.88,0
20190927,1569513600000,41.37,41.69,40.5,40.69,12516,51249051.99999999,0.0,15,41.32,0
20190930,1569772800000,40.650000000000006,41.050000000000004,40.31,40.400000000000006,5262,21416011.0,0.0,15,40.690000000000005,0
20191008,1570464000000,40.43,41.1,39.72,39.78,6055,24448264.0,0.0,15,40.4,0
20191009,1570550400000,39.86,40.35,39.6,40.22,4552,18192208.000000004,0.0,15,39.78,0
20191010,1570636800000,40.21,41.1,40.2,41.02,8202,33377249.999999996,0.0,15,40.220000000000006,0
20191011,1570723200000,41.5,42.7,40.96,42.5,15196,63938925.0,0.0,15,41.02,0
20191014,1570982400000,42.73,43.44,42.62,43.08,13995,60149163.00000001,0.0,15,42.5,0
20191015,1571068800000,43.1,44.38,42.63,43.6,17971,78765004.0,0.0,15,43.080000000000005,0
20191016,1571155200000,43.93,45.59,43.52,44.17,22374,99730239.0,0.0,15,43.6,0
20191017,1571241600000,44.13,45.11,43.96,44.57,12827,57124804.0,0.0,15,44.17,0
20191018,1571328000000,44.78,45.68,44.33,44.69,14784,66604710.0,0.0,15,44.57,0
20191021,1571587200000,44.78,46.22,43.58,44.55,18906,84637066.0,0.0,15,44.69,0
20191022,1571673600000,45.04,45.6,44.15,44.71,18037,80897450.00000001,0.0,15,44.55,0
20191023,1571760000000,45.0,45.99,44.52,44.78,13135,59233347.0,0.0,15,44.71,0
20191024,1571846400000,44.69,44.879999999999995,43.15,44.39,12999,57451878.0,0.0,15,44.78,0
20191025,1571932800000,44.39,44.88,43.6,44.550000000000004,9692,43027952.0,0.0,15,44.39,0
20191028,1572192000000,44.38,44.46,43.24,43.96,13550,59451702.0,0.0,15,44.550000000000004,0
20191029,1572278400000,43.99,45.68,43.81,44.11,13648,60641096.99999999,0.0,15,43.96,0
20191030,1572364800000,43.98,44.75,43.51,44.36,10660,46991434.00000001,0.0,15,44.11,0
20191031,1572451200000,44.6,46.14,43.99,45.81,20347,92230787.0,0.0,15,44.36,0
20191101,1572537600000,45.5,45.73,43.43,43.55,28666,126393752.0,0.0,15,45.81,0
20191104,1572796800000,43.61,43.85,42.71,43.46,15448,66997759.99999999,0.0,15,43.550000000000004,0
20191105,1572883200000,43.47,43.94,43.18,43.74,12467,54384172.0,0.0,15,43.46,0
20191106,1572969600000,43.580000000000005,44.230000000000004,42.45,42.660000000000004,14729,63586452.0,0.0,15,43.74,0
20191107,1573056000000,42.75,43.12,42.4,42.79,9678,41313834.0,0.0,15,42.66,0
20191108,1573142400000,43.18,44.44,42.53,44.35,19052,83559894.0,0.0,15,42.79,0
20191111,1573401600000,44.03,44.290000000000006,43.050000000000004,43.790000000000006,14279,62321791.99999999,0.0,15,44.35,0
20191112,1573488000000,43.81,43.81,42.53,42.85,10126,43437567.0,0.0,15,43.79,0
20191113,1573574400000,42.97,42.97,42.0,42.27,10022,42543702.0,0.0,15,42.85,0
20191114,1573660800000,42.02,43.440000000000005,42.02,43.13,10252,43977410.0,0.0,15,42.27,0
20191115,1573747200000,43.080000000000005,43.830000000000005,42.910000000000004,43.080000000000005,10916,47414068.0,0.0,15,43.13,0
20191118,1574006400000,42.77,47.39,42.77,47.39,56881,264540639.00000003,0.0,15,43.080000000000005,0
20191119,1574092800000,46.470000000000006,47.45,45.800000000000004,46.400000000000006,53646,249024041.00000003,0.0,15,47.39000000000001,0
20191120,1574179200000,46.41,47.06,45.4,45.46,35368,162946333.0,0.0,15,46.4,0
20191121,1574265600000,45.080000000000005,45.35,44.34,45.0,20025,89826103.0,0.0,15,45.46,0
20191122,1574352000000,44.91,45.44,42.82,43.21,26308,116219190.99999999,0.0,15,45.0,0
20191125,1574611200000,43.150000000000006,43.43000000000001,41.52,41.650000000000006,19854,83714883.0,0.0,15,43.21,0
20191126,1574697600000,41.669999999999995,42.0,41.37,41.71,8640,36086583.0,0.0,15,41.65,0
20191127,1574784000000,41.71,41.93000000000001,41.230000000000004,41.89,8498,35387836.0,0.0,15,41.71,0
20191128,1574870400000,41.84,42.85,41.6,42.35,11787,50003433.0,0.0,15,41.89,0
20191129,1574956800000,41.35,41.35,40.4,40.64,16835,68730625.0,0.0,15,42.35,0
20191202,1575216000000,40.64,41.05,39.86,40.1,10951,44128871.0,0.0,15,40.64,0
20191203,1575302400000,39.98,40.379999999999995,39.76,40.36,5313,21285831.000000004,0.0,15,40.1,0
20191204,1575388800000,40.15,40.56,39.92,40.300000000000004,5611,22602440.0,0.0,15,40.36,0
20191205,1575475200000,40.32,40.74,40.21,40.61,8399,34060466.99999999,0.0,15,40.300000000000004,0
20191206,1575561600000,40.580000000000005,40.790000000000006,40.2,40.7,7256,29399197.0,0.0,15,40.61,0
20191209,1575820800000,40.690000000000005,40.720000000000006,39.730000000000004,39.800000000000004,11326,45186728.0,0.0,15,40.7,0
20191210,1575907200000,39.75,39.96,39.25,39.91,8943,35489130.00000001,0.0,15,39.8,0
20191211,1575993600000,39.79,40.22,39.76,39.91,7241,28938723.0,0.0,15,39.91,0
20191212,1576080000000,40.05,40.05,38.86,38.91,13079,51399465.0,0.0,15,39.91,0
20191213,1576166400000,39.13,39.62,39.11,39.589999999999996,10324,40707435.00000001,0.0,15,38.91,0
20191216,1576425600000,39.58,40.57,39.58,40.43,12418,49973672.00000001,0.0,15,39.589999999999996,0
20191217,1576512000000,40.4,41.08,40.17,40.9,15178,61659604.0,0.0,15,40.43,0
20191218,1576598400000,40.89,40.89,40.4,40.6,11858,48127879.0,0.0,15,40.9,0
20191219,1576684800000,40.6,41.46,40.5,41.08,11089,45432311.0,0.0,15,40.6,0
20191220,1576771200000,41.08,41.18,40.32,40.34,7908,32197663.0,0.0,15,41.08,0
20191223,1577030400000,40.29,40.29,39.71,39.74,8175,32651891.0,0.0,15,40.34,0
20191224,1577116800000,39.72,40.51,39.69,40.37,5272,21185776.999999996,0.0,15,39.739999999999995,0
20191225,1577203200000,40.24,40.69,40.0,40.51,6263,25321898.0,0.0,15,40.37,0
20191226,1577289600000,40.49,40.82,40.2,40.6,6741,27309810.999999996,0.0,15,40.510000000000005,0
20191227,1577376000000,40.58,40.99,40.25,40.35,7710,31328616.000000004,0.0,15,40.6,0
20191230,1577635200000,40.160000000000004,40.58,39.82,40.47,5803,23365121.0,0.0,15,40.35,0
20191231,1577721600000,40.370000000000005,41.39,40.31,41.17,13126,53998089.0,0.0,15,40.47,0
20200102,1577894400000,41.269999999999996,41.89,40.83,41.75,13051,54135126.0,0.0,15,41.17,0
20200103,1577980800000,41.66,41.99,41.22,41.589999999999996,10814,44952797.0,0.0,15,41.75,0
20200106,1578240000000,41.51,41.95,41.1,41.51,14067,58524417.00000001,0.0,15,41.59,0
20200107,1578326400000,41.59,42.5,41.53,42.27,14225,59776710.0,0.0,15,41.51,0
20200108,1578412800000,42.03,42.03,41.300000000000004,41.480000000000004,11516,47975589.99999999,0.0,15,42.27,0
20200109,1578499200000,41.62,43.3,41.62,43.16,21122,90524676.0,0.0,15,41.48,0
20200110,1578585600000,43.0,44.13,42.71,43.99,15225,66251410.0,0.0,15,43.160000000000004,0
20200113,1578844800000,43.989999999999995,44.55,43.62,44.199999999999996,12660,55932837.00000001,0.0,15,43.989999999999995,0
20200114,1578931200000,44.2,45.150000000000006,43.81,44.75,14451,64434223.99999999,0.0,15,44.2,0
20200115,1579017600000,44.68,45.379999999999995,44.51,45.32,10212,46025253.00000001,0.0,15,44.75,0
20200116,1579104000000,45.18,45.39,44.0,44.63,9912,44355847.0,0.0,15,45.32,0
20200117,1579190400000,44.7,45.5,44.6,44.77,9372,42219026.0,0.0,15,44.63,0
20200120,1579449600000,45.040000000000006,46.0,44.02,45.300000000000004,16708,75094457.00000001,0.0,15,44.77,0
20200121,1579536000000,45.2,46.290000000000006,44.38,44.81,16604,74968880.0,0.0,15,45.300000000000004,0
20200122,1579622400000,45.089999999999996,45.089999999999996,43.51,44.199999999999996,18067,79651653.0,0.0,15,44.809999999999995,0
20200123,1579708800000,44.63,45.71,43.0,44.63,24081,107616287.0,0.0,15,44.2,0
20200203,1580659200000,47.0,49.09,45.0,49.09,88377,426240464.0,0.0,15,44.63,0
20200204,1580745600000,47.71,49.18,44.18,47.7,71239,333773384.0,0.0,15,49.09,0
20200205,1580832000000,47.4,49.519999999999996,45.86,49.519999999999996,62121,294876679.0,0.0,15,47.7,0
20200206,1580918400000,48.970000000000006,51.86,48.02,48.89,65906,330910036.00000006,0.0,15,49.52,0
20200207,1581004800000,48.25,48.480000000000004,45.7,46.68,50144,236448676.0,0.0,15,48.89,0
20200210,1581264000000,46.3,46.51,45.26,45.82,27843,127398409.0,0.0,15,46.68,0
20200211,1581350400000,45.89,46.050000000000004,43.95,44.660000000000004,28714,128392915.0,0.0,15,45.82,0
20200212,1581436800000,44.27,45.1,44.27,44.830000000000005,20009,89428826.0,0.0,15,44.660000000000004,0
20200213,1581523200000,45.160000000000004,45.160000000000004,43.49,43.92,20303,89633494.0,0.0,15,44.830000000000005,0
20200214,1581609600000,43.800000000000004,45.1,43.53,44.09,17267,76849969.0,0.0,15,43.92,0
20200217,1581868800000,44.15,45.65,44.15,45.57,20745,93636982.0,0.0,15,44.089999999999996,0
20200218,1581955200000,45.73,46.9,45.25,46.89,25179,116248568.0,0.0,15,45.57,0
20200219,1582041600000,46.87,46.88,45.25,45.6,19169,88397290.99999999,0.0,15,46.89,0
20200220,1582128000000,45.6,46.3,45.08,46.0,17406,79735814.0,0.0,15,45.6,0
20200221,1582214400000,45.98,46.23,45.51,45.6,17770,81292182.00000001,0.0,15,46.0,0
20200224,1582473600000,45.0,46.35,44.82,46.33,24561,112532348.0,0.0,15,45.6,0
20200225,1582560000000,47.99,50.21,46.5,49.75,55743,268380151.00000003,0.0,15,46.33,0
20200226,1582646400000,49.57,49.57,47.04,47.29,31074,149671180.0,0.0,15,49.75,0
20200227,1582732800000,47.440000000000005,48.88,47.1,48.1,22629,108556833.0,0.0,15,47.29,0
20200228,1582819200000,46.69,48.97,46.5,47.38,29933,143023759.0,0.0,15,48.1,0
20200302,1583078400000,47.1,49.980000000000004,47.06,49.5,27624,135214488.0,0.0,15,47.38,0
20200303,1583164800000,50.57,50.57,48.9,49.0,31770,158464749.0,0.0,15,49.5,0
20200304,1583251200000,48.89,49.76,48.4,49.19,18142,88809256.00000001,0.0,15,49.0,0
20200305,1583337600000,49.510000000000005,51.010000000000005,49.17,51.010000000000005,26831,134262551.0,0.0,15,49.190000000000005,0
20200306,1583424000000,50.660000000000004,53.35,50.63,51.6,27435,142778383.0,0.0,15,51.010000000000005,0
20200309,1583683200000,51.3,52.6,50.39,52.0,30855,158831440.0,0.0,15,51.6,0
20200310,1583769600000,51.33,51.78,47.78,50.0,32612,161231667.0,0.0,15,52.0,0
20200311,1583856000000,50.02,50.470000000000006,48.84,49.14,22175,109911894.0,0.0,15,50.0,0
20200312,1583942400000,48.15,48.74,46.42,46.800000000000004,19745,93712704.00000001,0.0,15,49.14,0
20200313,1584028800000,44.61000000000001,46.010000000000005,44.230000000000004,45.71,20847,94001106.0,0.0,15,46.800000000000004,0
20200316,1584288000000,46.1,46.830000000000005,42.660000000000004,43.11000000000001,21582,97300760.0,0.0,15,45.71,0
20200317,1584374400000,43.54,43.73,41.5,42.49,13845,58837499.00000001,0.0,15,43.11,0
20200318,1584460800000,42.980000000000004,43.99,42.38,42.38,15779,68185036.0,0.0,15,42.49,0
20200319,1584547200000,42.1,42.97,41.68,42.76,11840,50184015.00000001,0.0,15,42.38,0
20200320,1584633600000,43.2,44.150000000000006,42.800000000000004,44.00000000000001,11655,50726866.0,0.0,15,42.760000000000005,0
20200323,1584892800000,42.43,43.260000000000005,41.81,41.89,15599,65935465.0,0.0,15,44.0,0
20200324,1584979200000,42.6,42.86000000000001,41.77,42.49,11626,49176832.0,0.0,15,41.89,0
20200325,1585065600000,43.28,43.8,43.01,43.46,16447,71343098.0,0.0,15,42.489999999999995,0
20200326,1585152000000,43.39000000000001,45.49,43.050000000000004,44.93000000000001,22697,101450385.0,0.0,15,43.46,0
20200327,1585238400000,45.63,46.0,44.13,44.34,12842,57816564.00000001,0.0,15,44.93,0
20200330,1585497600000,45.0,46.05,43.9,44.9,21031,94727049.00000001,0.0,15,44.339999999999996,0
20200331,1585584000000,44.34,44.72,43.25,43.43,13462,58782315.00000001,0.0,15,44.9,0
20200401,1585670400000,43.06,43.68000000000001,42.800000000000004,42.95,8884,38307146.00000001,0.0,15,43.43000000000001,0
20200402,1585756800000,43.0,43.42,42.46,43.42,10430,44678173.0,0.0,15,42.95,0
20200403,1585843200000,43.3,44.29,43.04,43.88,9967,43701845.00000001,0.0,15,43.42,0
20200407,1586188800000,44.43,44.949999999999996,44.01,44.8,11848,52829328.00000001,0.0,15,43.879999999999995,0
20200408,1586275200000,44.7,45.13,44.25,44.78,8912,39845608.00000001,0.0,15,44.8,0
20200409,1586361600000,45.080000000000005,45.980000000000004,44.800000000000004,45.660000000000004,15932,72476364.0,0.0,15,44.78,0
20200410,1586448000000,43.0,43.7,41.09,41.09,51942,218028670.99999997,0.0,15,45.660000000000004,0
20200413,1586707200000,40.5,40.65,39.89,40.25,14940,60085448.0,0.0,15,41.09,0
20200414,1586793600000,40.38,40.81,40.1,40.68,9545,38673679.0,0.0,15,40.25,0
20200415,1586880000000,40.75,41.91,40.5,41.68,14512,60176773.0,0.0,15,40.68,0
20200416,1586966400000,41.6,44.6,41.42,44.370000000000005,34520,149794032.99999997,0.0,15,41.68,0
20200417,1587052800000,44.1,44.68,42.9,43.0,26625,116595961.0,0.0,15,44.37,0
20200420,1587312000000,43.9,47.300000000000004,43.6,47.300000000000004,51550,240479818.0,0.0,15,43.0,0
20200421,1587398400000,46.77,47.3,45.0,45.81,49897,230437102.0,0.0,15,47.3,0
20200422,1587484800000,45.8,45.8,44.01,45.089999999999996,23933,107327885.0,0.0,15,45.809999999999995,0
20200423,1587571200000,47.199999999999996,48.11,46.01,46.55,49698,234280499.0,0.0,15,45.089999999999996,0
20200424,1587657600000,47.17,47.17,44.550000000000004,44.93000000000001,27546,125607632.0,0.0,15,46.550000000000004,0
20200427,1587916800000,43.50000000000001,44.00000000000001,42.050000000000004,42.61000000000001,31550,135689424.0,0.0,15,44.93000000000001,0
20200428,1588003200000,42.2,42.23,40.0,40.92,28557,116944313.0,0.0,15,42.61,0
20200429,1588089600000,41.620000000000005,42.7,41.59,42.53,19713,83103880.0,0.0,15,40.92,0
20200430,1588176000000,42.28,42.4,41.5,41.94,11480,48221245.0,0.0,15,42.53,0
20200506,1588694400000,41.99,42.88,41.24,42.7,11474,48275393.0,0.0,15,41.940000000000005,0
20200507,1588780800000,42.56,44.51,42.36,44.19,19578,85585783.0,0.0,15,42.7,0
20200508,1588867200000,44.18,46.47,44.18,45.9,24173,109257339.00000001,0.0,15,44.19,0
20200511,1589126400000,46.1,46.47,45.18,45.91,15369,70559137.0,0.0,15,45.9,0
20200512,1589212800000,44.82,46.71,44.78,46.550000000000004,18319,84205336.0,0.0,15,45.910000000000004,0
20200513,1589299200000,46.230000000000004,47.17,45.800000000000004,46.86000000000001,15861,74118672.0,0.0,15,46.550000000000004,0
20200514,1589385600000,46.85,46.85,46.09,46.46,11284,52456973.0,0.0,15,46.86000000000001,0
20200515,1589472000000,46.8,46.95,46.0,46.12,9172,42556309.0,0.0,15,46.46,0
20200518,1589731200000,46.12,46.48,45.33,45.55,10196,46887263.0,0.0,15,46.12,0
20200519,1589817600000,46.1,46.949999999999996,45.4,46.69,15819,73202251.0,0.0,15,45.55,0
20200520,1589904000000,47.62,51.36,47.62,50.5,62644,316194552.0,0.0,15,46.69,0
20200521,1589990400000,50.49,52.65,49.89,51.0,41225,212026758.0,0.0,15,50.5,0
20200522,1590076800000,50.68,51.19,49.0,49.96,20779,104202421.0,0.0,15,51.0,0
20200525,1590336000000,50.74,50.74,47.89,49.17,17965,87719047.0,0.0,15,49.96,0
20200526,1590422400000,48.87,49.64,48.29,48.75,17825,87028938.0,0.0,15,49.17,0
20200527,1590508800000,48.8,49.06,46.54,46.71,21208,100347698.00000001,0.0,15,48.75,0
20200528,1590595200000,46.75,47.22,44.83,45.78,15936,72832210.00000001,0.0,15,46.71,0
20200529,1590681600000,45.78,46.74,45.17,46.5,13950,64460544.0,0.0,15,45.78,0
20200601,1590940800000,46.65,47.349999999999994,46.12,46.61,23370,109315440.00000001,0.0,15,46.5,0
20200602,1591027200000,47.06,47.06,45.15,45.91,20046,92010393.0,0.0,15,46.61,0
20200603,1591113600000,45.95,48.400000000000006,45.95,47.5,25066,119050962.0,0.0,15,45.910000000000004,0
20200604,1591200000000,47.03,48.22,46.5,47.7,14612,69387094.0,0.0,15,47.5,0
20200605,1591286400000,47.540000000000006,47.64000000000001,46.800000000000004,47.120000000000005,7935,37388703.0,0.0,15,47.7,0
20200608,1591545600000,47.12,47.480000000000004,46.14,46.6,11739,54706854.0,0.0,15,47.12,0
20200609,1591632000000,46.5,49.0,46.5,48.37,15941,76491391.0,0.0,15,46.6,0
20200610,1591718400000,48.47,49.68,48.03,49.5,13313,65595082.99999999,0.0,15,48.370000000000005,0
20200611,1591804800000,49.720000000000006,49.910000000000004,48.800000000000004,49.300000000000004,14335,70495970.0,0.0,15,49.50000000000001,0
20200612,1591891200000,48.910000000000004,51.28,48.57,51.01,19871,100150425.00000001,0.0,15,49.3,0
20200615,1592150400000,52.2,54.43000000000001,51.300000000000004,53.510000000000005,29325,154724867.0,0.0,15,51.010000000000005,0
20200616,1592236800000,53.18,54.16,53.0,53.65,19450,104212515.0,0.0,15,53.51,0
20200617,1592323200000,53.38,55.379999999999995,53.04,54.089999999999996,17871,96739508.00000001,0.0,15,53.65,0
20200618,1592409600000,54.480000000000004,55.18,51.57,52.36,20173,106218487.00000001,0.0,15,54.09,0
20200619,1592496000000,52.81,53.35,52.0,52.25,14544,76596945.0,0.0,15,52.36,0
20200622,1592755200000,52.42,53.34,51.02,51.39,18097,93703118.0,0.0,15,52.25,0
20200623,1592841600000,51.57,52.300000000000004,51.17,51.800000000000004,14820,76672148.0,0.0,15,51.39,0
20200624,1592928000000,52.160000000000004,52.81,51.02,51.68,10599,54615840.00000001,0.0,15,51.800000000000004,0
20200629,1593360000000,51.97,52.66,51.44,52.3,13922,72520987.0,0.0,15,51.68,0
20200630,1593446400000,52.300000000000004,53.21,51.6,51.92,15030,78776257.00000001,0.0,15,52.300000000000004,0
20200701,1593532800000,52.1,54.95,51.050000000000004,51.21,28383,150096193.0,0.0,15,51.92,0
20200702,1593619200000,51.05,52.7,50.54,50.81,23705,121404143.00000001,0.0,15,51.21,0
20200703,1593705600000,51.03,51.59,49.7,51.150000000000006,16256,82631554.0,0.0,15,50.81,0
20200706,1593964800000,51.16,52.24,51.0,51.99,20332,105040347.0,0.0,15,51.15,0
20200707,1594051200000,51.83,53.93,51.83,53.059999999999995,19107,101214935.0,0.0,15,51.989999999999995,0
20200708,1594137600000,52.88,53.79,52.6,53.09,15285,80947888.0,0.0,15,53.06,0
20200709,1594224000000,53.25000000000001,56.400000000000006,52.730000000000004,55.870000000000005,31106,168675507.0,0.0,15,53.09,0
20200710,1594310400000,55.72,57.77,55.0,56.61,25170,142484987.00000003,0.0,15,55.87,0
20200713,1594569600000,57.02,58.88,56.81,58.1,20314,117556984.00000001,0.0,15,56.61,0
20200714,1594656000000,58.089999999999996,59.15,55.86,56.64,28182,161642090.99999997,0.0,15,57.7,0
20200715,1594742400000,56.690000000000005,57.46,54.88,55.32,22393,125851850.00000001,0.0,15,56.64,0
20200716,1594828800000,55.739999999999995,55.879999999999995,52.19,52.199999999999996,19500,105701756.0,0.0,15,55.32,0
20200717,1594915200000,52.65,53.93,51.83,53.129999999999995,17445,92383911.0,0.0,15,52.199999999999996,0
20200720,1595174400000,53.93000000000001,54.300000000000004,51.480000000000004,52.800000000000004,15633,82504171.0,0.0,15,53.13,0
20200721,1595260800000,52.9,54.199999999999996,52.9,53.629999999999995,13614,72829701.0,0.0,15,52.8,0
20200722,1595347200000,53.68,55.12,53.36,54.73,15059,82148632.0,0.0,15,53.63,0
20200723,1595433600000,54.800000000000004,55.300000000000004,53.2,54.900000000000006,21755,118049810.0,0.0,15,54.730000000000004,0
20200724,1595520000000,54.5,56.82,52.2,52.57,22996,124315949.0,0.0,15,54.900000000000006,0
20200727,1595779200000,52.120000000000005,53.470000000000006,51.370000000000005,52.50000000000001,13293,69616663.0,0.0,15,52.57000000000001,0
20200728,1595865600000,52.900000000000006,53.31,51.02,51.660000000000004,14484,74928115.0,0.0,15,52.5,0
20200729,1595952000000,51.77,53.68,51.38,53.64,21852,115518648.00000001,0.0,15,51.660000000000004,0
20200730,1596038400000,53.74,56.86,53.36,55.089999999999996,30264,166913050.0,0.0,15,53.64,0
20200731,1596124800000,55.22,55.96,54.0,55.56,17230,94882258.00000001,0.0,15,55.09,0
20200803,1596384000000,55.51,57.559999999999995,55.01,57.309999999999995,22442,127330211.00000001,0.0,15,55.559999999999995,0
20200804,1596470400000,57.11,58.0,55.6,56.33,15378,87675960.0,0.0,15,57.31,0
20200805,1596556800000,56.15,59.489999999999995,55.69,58.0,22421,130024100.00000001,0.0,15,56.33,0
20200806,1596643200000,58.080000000000005,59.400000000000006,57.160000000000004,57.24,16619,96453982.0,0.0,15,58.00000000000001,0
20200807,1596729600000,57.2,58.48,54.61,56.36,16648,93512103.0,0.0,15,57.24,0
20200810,1596988800000,56.41,56.56,55.0,55.7,8446,46923687.00000001,0.0,15,56.36,0
20200811,1597075200000,55.95,55.95,53.31,53.410000000000004,11180,61089801.0,0.0,15,55.7,0
20200812,1597161600000,53.599999999999994,53.98,51.94,53.8,12481,65814005.0,0.0,15,53.41,0
20200813,1597248000000,53.970000000000006,54.080000000000005,52.620000000000005,52.77,8633,45910154.99999999,0.0,15,53.800000000000004,0
20200814,1597334400000,52.68,53.309999999999995,52.01,52.64,6685,35087674.99999999,0.0,15,52.769999999999996,0
20200817,1597593600000,52.440000000000005,53.5,52.1,53.33,8355,44168280.0,0.0,15,52.64,0
20200818,1597680000000,53.18,54.7,53.18,53.5,10350,55905650.0,0.0,15,53.33,0
20200819,1597766400000,53.97,53.97,51.4,51.54,9504,49716386.00000001,0.0,15,53.5,0
20200820,1597852800000,51.5,52.47,50.35,51.38,7375,38067624.0,0.0,15,51.54,0
20200821,1597939200000,56.52,56.52,55.800000000000004,56.52,15396,86937196.0,0.0,15,51.38,0
20200824,1598198400000,57.5,62.0,57.47,59.44,43332,258295541.0,0.0,15,56.519999999999996,0
20200825,1598284800000,58.76,61.33,58.76,60.5,28277,170273575.0,0.0,15,59.44,0
20200826,1598371200000,60.120000000000005,68.88,59.52,64.18,41929,269276350.0,0.0,15,60.5,0
20200827,1598457600000,64.39,67.05,61.61,63.12,37663,240119779.0,0.0,15,64.17999999999999,0
20200828,1598544000000,63.0,65.41,62.11,63.75,21642,137541981.0,0.0,15,63.12,0
20200831,1598803200000,63.76,65.4,63.1,64.0,17959,115645595.0,0.0,15,63.75,0
20200901,1598889600000,64.0,67.45,64.0,65.08,19911,129980682.00000001,0.0,15,64.0,0
20200902,1598976000000,64.86,66.28,64.0,64.27,21303,138299751.0,0.0,15,65.08,0
20200903,1599062400000,63.9,65.0,63.08,63.699999999999996,15436,99075184.0,0.0,15,64.27,0
20200904,1599148800000,62.74,62.75,61.49,62.580000000000005,14727,91374813.00000001,0.0,15,63.7,0
20200907,1599408000000,62.25000000000001,63.2,60.230000000000004,60.38,17483,107446669.00000001,0.0,15,62.580000000000005,0
20200908,1599494400000,60.29,61.3,59.22,60.3,12208,73404444.0,0.0,15,60.379999999999995,0
20200909,1599580800000,60.0,60.7,56.910000000000004,57.18000000000001,15987,93340376.00000001,0.0,15,60.300000000000004,0
20200910,1599667200000,57.28,58.32,55.2,56.010000000000005,14680,82969815.0,0.0,15,57.18,0
20200911,1599753600000,56.010000000000005,57.980000000000004,55.730000000000004,57.67,11958,68197369.0,0.0,15,56.010000000000005,0
20200914,1600012800000,57.7,58.27,56.28,57.35,9617,55001142.0,0.0,15,57.67,0
20200915,1600099200000,57.910000000000004,58.1,56.6,57.1,9740,55844687.0,0.0,15,57.35,0
20200916,1600185600000,57.5,58.4,55.86,56.33,8632,49038760.0,0.0,15,57.1,0
20200917,1600272000000,56.31,57.33,55.36,56.51,9120,51452825.0,0.0,15,56.33,0
20200918,1600358400000,56.52,57.150000000000006,55.88,57.010000000000005,8695,49260263.0,0.0,15,56.510000000000005,0
20200921,1600617600000,57.44,58.08,56.4,57.769999999999996,10623,60875563.0,0.0,15,57.01,0
20200922,1600704000000,57.49,59.290000000000006,56.13,56.5,16638,95648157.0,0.0,15,57.77,0
20200923,1600790400000,56.14,58.5,55.7,57.510000000000005,13587,78007128.0,0.0,15,56.5,0
20200924,1600876800000,56.64000000000001,57.31,55.300000000000004,55.300000000000004,12121,68008543.0,0.0,15,57.510000000000005,0
20200925,1600963200000,54.76,56.5,54.75,55.69,9559,53415931.0,0.0,15,55.3,0
20200928,1601222400000,55.470000000000006,57.290000000000006,54.980000000000004,55.1,9505,53414926.0,0.0,15,55.690000000000005,0
20200929,1601308800000,55.6,56.25,54.71,55.5,5744,31789650.0,0.0,15,55.1,0
20200930,1601395200000,55.51,57.1,55.36,56.38,7364,41508943.0,0.0,15,55.5,0
20201009,1602172800000,56.66,57.5,56.5,57.1,7539,42920958.00000001,0.0,15,56.38,0
20201012,1602432000000,57.290000000000006,58.78,57.2,58.43,9035,52428384.0,0.0,15,57.1,0
20201013,1602518400000,60.15,64.8,60.11,60.64,28387,176057755.0,0.0,15,58.43,0
20201014,1602604800000,60.019999999999996,62.44,59.08,61.17,17793,108497656.0,0.0,15,60.64,0
20201015,1602691200000,61.21,61.59,58.88,59.010000000000005,11836,70711996.0,0.0,15,61.17,0
20201016,1602777600000,59.7,60.45,58.53,60.17,9302,55319487.99999999,0.0,15,59.01,0
20201019,1603036800000,59.99,60.78,57.910000000000004,58.510000000000005,8289,49057972.00000001,0.0,15,60.17,0
20201020,1603123200000,58.53,59.400000000000006,58.06,59.14,6624,38926936.99999999,0.0,15,58.510000000000005,0
20201021,1603209600000,59.01,60.29,58.36,59.4,7726,45813311.00000001,0.0,15,59.14,0
20201022,1603296000000,59.010000000000005,59.480000000000004,57.7,58.7,6899,40413500.0,0.0,15,59.400000000000006,0
20201023,1603382400000,58.99,59.470000000000006,57.2,57.36,7574,44019005.0,0.0,15,58.7,0
20201026,1603641600000,58.5,60.660000000000004,57.56,60.660000000000004,15667,93126482.0,0.0,15,57.36,0
20201027,1603728000000,60.01,62.28,60.0,61.79,15157,93344931.0,0.0,15,60.66,0
20201028,1603814400000,61.49,62.79,60.6,60.85,10042,61560496.0,0.0,15,61.79,0
20201029,1603900800000,60.63,62.800000000000004,60.300000000000004,61.21,16991,104966243.0,0.0,15,60.85,0
20201030,1603987200000,60.800000000000004,62.47,60.21,61.22,13578,83118777.0,0.0,15,61.21,0
20201102,1604246400000,60.900000000000006,63.2,60.370000000000005,62.50000000000001,15577,96702151.00000001,0.0,15,61.220000000000006,0
20201103,1604332800000,62.300000000000004,64.15,61.300000000000004,63.68000000000001,15285,96397380.0,0.0,15,62.50000000000001,0
20201104,1604419200000,62.74,63.66,61.5,62.15,14371,89291026.00000001,0.0,15,63.68,0
20201105,1604505600000,62.36,63.080000000000005,61.38,62.6,9341,58079311.99999999,0.0,15,62.150000000000006,0
20201106,1604592000000,62.6,62.6,60.800000000000004,61.85,8056,49482400.00000001,0.0,15,62.6,0
20201109,1604851200000,62.040000000000006,64.33,61.050000000000004,63.690000000000005,13617,85143604.00000001,0.0,15,61.85,0
20201110,1604937600000,63.68,63.68,60.76,60.79,15204,93788158.0,0.0,15,63.69,0
20201111,1605024000000,60.46000000000001,61.50000000000001,59.620000000000005,59.81,7315,44176095.00000001,0.0,15,60.790000000000006,0
20201112,1605110400000,59.99,60.49,59.120000000000005,59.6,4409,26327792.000000004,0.0,15,59.81,0
20201113,1605196800000,59.370000000000005,60.22,59.03,59.33,7926,47281113.0,0.0,15,59.6,0
20201116,1605456000000,59.37,60.0,58.58,59.28,8883,52540938.0,0.0,15,59.33,0
20201117,1605542400000,59.17,59.17,55.85,56.46,16471,93756158.0,0.0,15,59.28,0
20201118,1605628800000,56.8,56.9,55.0,55.7,8881,49470585.0,0.0,15,56.46,0
20201119,1605715200000,55.06,56.28,54.88,55.6,5456,30316132.000000004,0.0,15,55.7,0
20201120,1605801600000,55.59,56.56,54.35,54.5,9247,50824345.0,0.0,15,55.6,0
20201123,1606060800000,54.81,54.81,53.5,54.2,7506,40515723.0,0.0,15,54.5,0
20201124,1606147200000,54.0,54.69,53.51,54.3,6764,36535328.00000001,0.0,15,54.199999999999996,0
20201125,1606233600000,53.9,54.35,52.07,53.0,8260,43752070.0,0.0,15,54.3,0
20201126,1606320000000,53.010000000000005,53.650000000000006,52.300000000000004,52.68000000000001,3460,18233083.0,0.0,15,53.00000000000001,0
20201127,1606406400000,52.86,53.45,52.21,53.15,3577,18937193.0,0.0,15,52.68,0
20201130,1606665600000,53.160000000000004,54.470000000000006,52.660000000000004,54.42,6869,36836990.0,0.0,15,53.150000000000006,0
20201201,1606752000000,54.01,55.18,53.71,54.47,5793,31663588.0,0.0,15,54.42,0
20201202,1606838400000,54.45,54.45,52.82,53.0,8196,43740808.0,0.0,15,54.47,0
20201203,1606924800000,53.0,53.64,52.71,53.01,8790,46769891.00000001,0.0,15,53.0,0
20201204,1607011200000,53.01,53.8,52.69,53.489999999999995,6880,36624062.0,0.0,15,53.01,0
20201207,1607270400000,53.50000000000001,53.940000000000005,52.800000000000004,53.27,6082,32423344.0,0.0,15,53.49,0
20201208,1607356800000,53.55,53.64,53.0,53.27,4921,26229740.0,0.0,15,53.27,0
20201209,1607443200000,53.269999999999996,53.75,52.4,52.559999999999995,5784,30629847.000000004,0.0,15,53.269999999999996,0
20201210,1607529600000,52.51,52.87,51.58,51.93,5621,29226482.0,0.0,15,52.559999999999995,0
20201211,1607616000000,51.68,53.45,51.03,53.2,9162,47973230.0,0.0,15,51.93,0
20201214,1607875200000,53.29,53.489999999999995,52.51,53.25,5077,26901340.0,0.0,15,53.199999999999996,0
20201215,1607961600000,55.22,59.089999999999996,55.22,57.08,27891,159847679.0,0.0,15,53.25,0
20201216,1608048000000,57.120000000000005,57.14,55.35,56.15,13390,75095540.0,0.0,15,57.08,0
20201217,1608134400000,55.78,57.410000000000004,55.78,56.9,9149,51988894.99999999,0.0,15,56.15,0
20201218,1608220800000,56.85,57.98,56.5,57.65,8712,49982834.0,0.0,15,56.9,0
20201221,1608480000000,57.410000000000004,58.42,57.03,57.95,7835,45343952.0,0.0,15,57.65,0
20201222,1608566400000,57.95,60.77,57.39,58.43,13550,80336677.0,0.0,15,57.95,0
20201223,1608652800000,58.3,58.61,56.29,58.13,10020,57800707.0,0.0,15,58.43,0
20201224,1608739200000,57.6,58.18,56.5,57.0,5844,33300944.999999996,0.0,15,58.13,0
20201225,1608825600000,56.6,57.010000000000005,55.88,56.7,6185,34876530.0,0.0,15,57.0,0
20201228,1609084800000,56.72,57.17,55.1,57.0,12933,72718011.00000001,0.0,15,56.7,0
20201229,1609171200000,57.1,58.25,55.82,57.03,6431,36634352.00000001,0.0,15,57.0,0
20201230,1609257600000,57.0,57.550000000000004,56.24,57.06,4342,24613654.000000004,0.0,15,57.03,0
20201231,1609344000000,57.06,57.89,56.410000000000004,57.400000000000006,7322,41634987.0,0.0,15,57.06,0
20210104,1609689600000,56.89,57.94,56.22,56.949999999999996,7366,41945704.0,0.0,15,57.4,0
20210105,1609776000000,57.0,60.5,56.89,59.76,15239,90715414.0,0.0,15,56.95,0
20210106,1609862400000,59.800000000000004,59.800000000000004,56.49,57.0,15405,88745974.00000001,0.0,15,59.760000000000005,0
20210107,1609948800000,56.790000000000006,57.03,52.800000000000004,54.160000000000004,20766,112747671.99999999,0.0,15,57.00000000000001,0
20210108,1610035200000,53.190000000000005,55.410000000000004,52.300000000000004,54.49,9261,49851537.0,0.0,15,54.160000000000004,0
20210111,1610294400000,54.99,55.49,53.0,53.65,11301,60844668.00000001,0.0,15,54.49,0
20210112,1610380800000,53.01,53.620000000000005,52.1,52.56,7628,40152958.0,0.0,15,53.65,0
20210113,1610467200000,52.510000000000005,52.52,50.620000000000005,51.7,9547,48817045.0,0.0,15,52.56,0
20210114,1610553600000,51.68,51.97,50.07,51.7,6216,31664922.0,0.0,15,51.7,0
20210115,1610640000000,51.5,51.690000000000005,50.67,51.15,5176,26459817.0,0.0,15,51.7,0
20210118,1610899200000,50.89,51.6,50.68,51.03,6100,31232804.0,0.0,15,51.15,0
20210119,1610985600000,51.03,52.88,50.68,52.55,8995,46847876.0,0.0,15,51.03,0
20210120,1611072000000,52.96,53.330000000000005,51.800000000000004,53.190000000000005,6007,31696944.0,0.0,15,52.550000000000004,0
20210121,1611158400000,53.99,56.800000000000004,53.63,53.71,11523,63200061.00000001,0.0,15,53.190000000000005,0
20210122,1611244800000,53.03,55.99,52.2,55.96,16132,88512653.0,0.0,15,53.71,0
20210125,1611504000000,55.96000000000001,56.18000000000001,52.800000000000004,52.900000000000006,14380,77352623.0,0.0,15,55.96000000000001,0
20210126,1611590400000,52.0,53.18000000000001,51.52,51.900000000000006,7684,40080470.0,0.0,15,52.900000000000006,0
20210127,1611676800000,51.900000000000006,52.07,51.13,51.31,4560,23527261.000000004,0.0,15,51.900000000000006,0
20210128,1611763200000,51.230000000000004,51.72,50.35,50.36,3952,20239072.0,0.0,15,51.31,0
20210129,1611849600000,50.89,50.89,47.1,48.14,14634,71273306.0,0.0,15,50.36,0
20210201,1612108800000,48.02,48.660000000000004,47.550000000000004,48.27,4141,19977579.0,0.0,15,48.14000000000001,0
20210202,1612195200000,48.300000000000004,49.300000000000004,47.300000000000004,49.1,4172,20296845.999999996,0.0,15,48.27,0
20210203,1612281600000,48.99,49.5,47.89,48.6,5002,24401011.0,0.0,15,49.1,0
20210204,1612368000000,48.57,49.01,46.68,47.2,9252,43882654.0,0.0,15,48.6,0
20210205,1612454400000,47.21,48.26,46.64,46.85,4598,21841821.0,0.0,15,47.2,0
20210208,1612713600000,46.36,47.31,46.11,46.93,3825,17915847.0,0.0,15,46.85,0
20210209,1612800000000,46.39,49.15,46.39,48.64,4861,23538323.0,0.0,15,46.93,0
20210210,1612886400000,48.46,52.18,48.01,51.14,10388,52729156.0,0.0,15,48.64,0
20210218,1613577600000,51.92,51.92,50.28,50.480000000000004,5714,29141185.0,0.0,15,51.14,0
20210219,1613664000000,50.790000000000006,54.790000000000006,50.410000000000004,54.330000000000005,13442,71925247.0,0.0,15,50.480000000000004,0
20210222,1613923200000,54.33,56.35,54.0,55.49,14970,83044985.00000001,0.0,15,54.33,0
20210223,1614009600000,55.50000000000001,59.43000000000001,54.800000000000004,57.67,18707,107882528.0,0.0,15,55.49,0
20210224,1614096000000,57.58,59.05,57.22,57.56,10233,59355695.0,0.0,15,57.67,0
20210225,1614182400000,57.64,59.43,57.64,58.03,9061,53094109.0,0.0,15,57.56,0
20210226,1614268800000,58.07,59.69,57.57,59.07,10679,63074972.00000001,0.0,15,58.03,0
20210301,1614528000000,60.09,66.86,60.0,65.52,25067,161673471.0,0.0,15,59.07,0
20210302,1614614400000,64.7,66.55,64.0,65.51,13347,86921629.0,0.0,15,65.52,0
20210303,1614700800000,66.27,67.8,65.7,66.98,13601,90582721.0,0.0,15,65.51,0
20210304,1614787200000,66.66,68.67999999999999,66.05,66.61999999999999,12292,82729184.0,0.0,15,66.98,0
20210305,1614873600000,65.97999999999999,67.8,65.38,65.38,17722,117928602.0,0.0,15,66.61999999999999,0
20210308,1615132800000,65.8,68.38000000000001,62.660000000000004,64.3,29068,189277860.0,0.0,15,65.38000000000001,0
20210309,1615219200000,63.96,65.68,60.0,62.27,14741,92342570.0,0.0,15,64.3,0
20210310,1615305600000,62.8,63.589999999999996,61.01,62.83,11036,69022656.0,0.0,15,62.269999999999996,0
20210311,1615392000000,62.69,63.379999999999995,60.9,61.47,18640,114926248.0,0.0,15,62.83,0
20210312,1615478400000,61.9,62.52,60.99,61.35,7991,49126371.0,0.0,15,61.47,0
20210315,1615737600000,60.92,63.800000000000004,60.92,62.13,15914,99131842.00000001,0.0,15,61.35,0
20210316,1615824000000,62.3,62.349999999999994,61.19,61.46,4233,26079390.999999996,0.0,15,62.129999999999995,0
20210317,1615910400000,61.13,61.99,60.46,61.800000000000004,4261,26147883.0,0.0,15,61.46,0
20210318,1615996800000,61.800000000000004,63.13,61.21,61.4,7853,48728991.0,0.0,15,61.800000000000004,0
20210319,1616083200000,61.48,62.8,60.68,61.66,6868,42279603.00000001,0.0,15,61.4,0
20210322,1616342400000,61.69,62.46,61.04,61.3,5404,33274495.0,0.0,15,61.66,0
20210323,1616428800000,61.16,61.75,60.68,61.74,4692,28707238.0,0.0,15,61.3,0
20210324,1616515200000,61.17,61.76,59.5,60.0,7412,44611165.0,0.0,15,61.74,0
20210325,1616601600000,59.88,60.62,59.11,60.07,4901,29419149.0,0.0,15,60.0,0
20210326,1616688000000,59.99,60.74,59.120000000000005,60.1,3763,22569808.0,0.0,15,60.07000000000001,0
20210329,1616947200000,60.080000000000005,61.5,59.99,60.45,4466,27093418.0,0.0,15,60.1,0
20210330,1617033600000,60.01,60.53,59.6,59.63,3601,21586633.999999996,0.0,15,60.45,0
20210331,1617120000000,59.410000000000004,59.980000000000004,58.800000000000004,59.75000000000001,4013,23834454.0,0.0,15,59.63,0
20210401,1617206400000,59.7,60.150000000000006,59.300000000000004,59.790000000000006,2908,17380437.0,0.0,15,59.75000000000001,0
20210402,1617292800000,59.8,60.28,58.58,58.67,6381,37701165.0,0.0,15,59.79,0
20210406,1617638400000,58.8,63.0,58.4,61.11,13356,81199965.00000001,0.0,15,58.67,0
20210407,1617724800000,61.43,61.690000000000005,60.35,60.99,7268,44297073.00000001,0.0,15,61.11,0
20210408,1617811200000,65.18,66.0,61.620000000000005,63.07000000000001,24179,153345682.0,0.0,15,60.99,0
20210409,1617897600000,63.0,63.65,61.03,61.08,17102,105497779.0,0.0,15,63.07,0
20210412,1618156800000,61.08,61.55,58.0,58.06,16428,97212083.0,0.0,15,61.08,0
20210413,1618243200000,57.72,58.57,56.85,57.33,9209,53078590.0,0.0,15,58.06,0
20210414,1618329600000,57.39,57.900000000000006,55.63,55.92,11221,63339991.0,0.0,15,57.330000000000005,0
20210415,1618416000000,55.910000000000004,56.660000000000004,55.2,55.550000000000004,6688,37308237.0,0.0,15,55.92,0
20210416,1618502400000,55.690000000000005,56.25000000000001,54.910000000000004,55.99,8650,48047119.0,0.0,15,55.550000000000004,0
20210419,1618761600000,55.63,56.510000000000005,54.49,56.400000000000006,13502,74821677.0,0.0,15,55.99,0
20210420,1618848000000,56.080000000000005,57.870000000000005,54.99,56.31,9939,56501101.0,0.0,15,56.4,0
20210421,1618934400000,56.27,56.6,54.99,55.5,9506,52722051.0,0.0,15,56.31,0
20210422,1619020800000,55.5,57.3,55.0,57.28,8300,46608263.0,0.0,15,55.5,0
20210423,1619107200000,57.1,58.22,56.0,57.8,10905,62143264.0,0.0,15,57.28,0
20210426,1619366400000,59.0,63.5,59.0,62.28,26367,161811573.0,0.0,15,57.8,0
20210427,1619452800000,62.35,65.56,62.0,64.78,21953,140469709.0,0.0,15,62.28,0
20210428,1619539200000,64.78,67.1,63.9,66.85,20556,135232934.0,0.0,15,64.78,0
20210429,1619625600000,66.87,68.13,66.11,67.07,16782,112738019.0,0.0,15,66.85,0
20210430,1619712000000,68.0,68.0,66.6,67.80999999999999,13360,90216590.99999999,0.0,15,67.07,0
20210506,1620230400000,69.7,72.79,69.01,71.95,24481,174698517.0,0.0,15,67.81,0
20210507,1620316800000,71.37,72.13,67.56,67.56,15665,108441966.0,0.0,15,71.95,0
20210510,1620576000000,67.60000000000001,68.68,65.06,65.7,15604,104008632.99999999,0.0,15,67.56,0
20210511,1620662400000,65.99000000000001,68.68,65.71000000000001,68.09,13622,92328326.0,0.0,15,65.7,0
20210512,1620748800000,67.35,68.35,66.19,68.03,9060,61167602.00000001,0.0,15,68.09,0
20210513,1620835200000,68.25,69.94,66.5,68.75,12058,82711219.0,0.0,15,68.03,0
20210514,1620921600000,69.0,70.66,68.0,69.96,17368,120832700.00000001,0.0,15,68.75,0
20210517,1621180800000,69.83,69.83,67.5,68.71,9261,63579549.0,0.0,15,69.96,0
20210518,1621267200000,68.50999999999999,69.28,66.8,68.8,10347,70551143.0,0.0,15,68.71,0
20210519,1621353600000,69.25999999999999,70.98,68.8,69.27,9243,64724203.00000001,0.0,15,68.8,0
20210520,1621440000000,69.39000000000001,71.47000000000001,67.71000000000001,71.05000000000001,12418,87546278.00000001,0.0,15,69.27000000000001,0
20210521,1621526400000,71.74000000000001,71.74000000000001,70.21000000000001,70.80000000000001,9895,70169132.0,0.0,15,71.05000000000001,0
20210524,1621785600000,70.95,71.39,69.2,69.71000000000001,8367,58436559.0,0.0,15,70.8,0
20210525,1621872000000,68.0,69.48,65.18,68.60000000000001,18651,126768583.0,0.0,15,69.71000000000001,0
20210526,1621958400000,69.19,75.72,68.31,74.39,20275,146672288.0,0.0,15,68.60000000000001,0
20210527,1622044800000,74.27,77.28,73.83,76.8,15560,118469009.99999999,0.0,15,74.39,0
20210528,1622131200000,77.11,77.8,75.52,76.28,10638,81480934.0,0.0,15,76.8,0
20210531,1622390400000,77.08,77.08,75.01,76.0,9721,73822697.0,0.0,15,76.28,0
20210601,1622476800000,79.1,79.1,75.8,76.64999999999999,13127,101368023.0,0.0,15,76.0,0
20210602,1622563200000,75.86,76.36,72.74,72.74,16576,122140705.99999999,0.0,15,76.64999999999999,0
20210603,1622649600000,72.68,73.4,71.15,71.57000000000001,7705,55812575.0,0.0,15,72.74000000000001,0
20210604,1622736000000,71.55000000000001,72.95,71.12,71.87,6755,48644823.0,0.0,15,71.57000000000001,0
20210607,1622995200000,72.7,72.7,69.69,71.03,7456,52897129.0,0.0,15,71.87,0
20210608,1623081600000,71.5,72.64999999999999,70.69,72.31,8613,61896972.0,0.0,15,71.03,0
20210609,1623168000000,73.8,75.96000000000001,73.2,74.85000000000001,16138,120934517.99999999,0.0,15,72.31,0
20210610,1623254400000,74.12,75.38,71.33,71.89999999999999,15159,110005159.0,0.0,15,74.85,0
20210611,1623340800000,71.55,73.21000000000001,70.78,71.31,8445,60721270.0,0.0,15,71.9,0
20210615,1623686400000,71.12,71.97,70.22,71.0,7795,55464066.00000001,0.0,15,71.31,0
20210616,1623772800000,70.81,72.00000000000001,68.96000000000001,69.24000000000001,7061,49530230.0,0.0,15,71.00000000000001,0
20210617,1623859200000,69.48,70.28,68.68,69.46000000000001,6877,47689843.99999999,0.0,15,69.24000000000001,0
20210618,1623945600000,69.88000000000001,71.36,69.54,70.2,9976,70111978.00000001,0.0,15,69.46000000000001,0
20210621,1624204800000,69.9,77.30000000000001,69.46000000000001,77.2,19742,146932902.0,0.0,15,70.2,0
20210622,1624291200000,77.88,86.3,76.36,86.05,29953,246576860.00000003,0.0,15,77.2,0
20210623,1624377600000,86.0,86.87,83.7,85.55,20212,172177269.0,0.0,15,86.05,0
20210624,1624464000000,86.0,88.42999999999999,84.02,85.05,16135,138366121.99999997,0.0,15,85.55,0
20210625,1624550400000,85.71,85.89,81.72,82.71,16629,138644183.99999997,0.0,15,85.05,0
20210628,1624809600000,83.12,88.10000000000001,83.12,86.28,14991,129072235.99999999,0.0,15,82.71000000000001,0
20210629,1624896000000,86.01,86.79,84.35000000000001,86.30000000000001,11506,98696278.0,0.0,15,86.28000000000002,0
20210630,1624982400000,85.83999999999999,90.44999999999999,85.49,85.80999999999999,13397,117696193.0,0.0,15,86.3,0
20210701,1625068800000,85.77,86.66,84.3,84.3,11073,94771334.0,0.0,15,85.81,0
20210702,1625155200000,84.21000000000001,85.5,80.87,81.23,15794,130110579.0,0.0,15,84.30000000000001,0
20210705,1625414400000,81.32,83.5,80.0,81.4,10314,84191859.0,0.0,15,81.23,0
20210706,1625500800000,81.36,82.37,78.22,79.3,10817,85998138.0,0.0,15,81.4,0
20210707,1625587200000,78.03,84.45,78.03,83.27,13243,108757568.0,0.0,15,79.3,0
20210708,1625673600000,83.3,83.82000000000001,79.03,79.24,13426,107980894.99999999,0.0,15,83.27,0
20210709,1625760000000,79.11,79.60000000000001,77.37,78.30000000000001,7374,57732093.0,0.0,15,79.24000000000001,0
20210712,1626019200000,78.5,80.78999999999999,77.83,80.01,11872,94358627.0,0.0,15,78.3,0
20210713,1626105600000,80.21000000000001,80.27000000000001,77.2,77.73,10275,80334053.0,0.0,15,80.01,0
20210714,1626192000000,78.03,80.2,76.59,79.3,10585,83598767.0,0.0,15,77.33,0
20210715,1626278400000,79.41,80.48,77.0,78.4,10808,84071421.99999999,0.0,15,79.3,0
20210716,1626364800000,78.23,78.60000000000001,74.2,74.8,12657,95829169.0,0.0,15,78.4,0
20210719,1626624000000,74.0,77.38000000000001,73.68,76.47000000000001,10424,79198519.0,0.0,15,74.80000000000001,0
20210720,1626710400000,76.26,77.00000000000001,74.82000000000001,76.59,5957,45254036.0,0.0,15,76.47000000000001,0
20210721,1626796800000,76.5,78.2,75.37,77.9,7492,57922175.0,0.0,15,76.59,0
20210722,1626883200000,77.99,78.59,73.86,74.17999999999999,15391,116295099.0,0.0,15,77.9,0
20210723,1626969600000,73.8,74.17999999999999,70.3,71.6,12835,92327114.99999999,0.0,15,74.17999999999999,0
20210726,1627228800000,71.25,72.08000000000001,67.26,68.7,14642,101081731.00000001,0.0,15,71.60000000000001,0
20210727,1627315200000,67.87,67.89,63.0,63.02,23361,151867028.0,0.0,15,68.7,0
20210728,1627401600000,62.81,63.81,60.82,63.47,14360,90000614.0,0.0,15,63.02,0
20210729,1627488000000,64.0,65.49,62.51,63.23,11603,74004915.0,0.0,15,63.47,0
20210730,1627574400000,63.09,65.22,61.77,64.32000000000001,13454,85668563.0,0.0,15,63.230000000000004,0
20210802,1627833600000,66.52000000000001,67.41,62.730000000000004,64.5,13751,88775256.0,0.0,15,64.32000000000001,0
20210803,1627920000000,64.48,72.96000000000001,63.06,70.59,31884,220953355.00000003,0.0,15,64.5,0
20210804,1628006400000,69.77,69.77,66.36,68.1,27493,186182429.0,0.0,15,70.59,0
20210805,1628092800000,67.8,69.75,66.66,66.67999999999999,16362,110925448.0,0.0,15,68.1,0
20210806,1628179200000,66.69,66.73,62.53,63.33,19328,123105735.0,0.0,15,66.68,0
20210809,1628438400000,62.35,65.88,62.35,65.2,12306,79893391.0,0.0,15,63.33,0
20210810,1628524800000,65.0,66.2,64.23,65.38000000000001,9305,60608053.99999999,0.0,15,65.2,0
20210811,1628611200000,65.38,65.5,63.9,64.67,7892,51026478.0,0.0,15,65.38,0
20210812,1628697600000,65.41,65.78,63.0,63.46,10772,68901476.0,0.0,15,64.67,0
20210813,1628784000000,63.46,64.01,62.2,63.53,8362,52863872.00000001,0.0,15,63.46,0
20210816,1629043200000,63.92,66.47,63.59,65.76,14905,97422469.0,0.0,15,63.53,0
20210817,1629129600000,65.8,66.0,61.5,61.97,14193,89868231.00000001,0.0,15,65.76,0
20210818,1629216000000,61.84,63.85,61.59,63.81,8722,55078421.0,0.0,15,61.970000000000006,0
20210819,1629302400000,63.81,64.4,62.620000000000005,62.84,6739,42550059.0,0.0,15,63.81,0
20210820,1629388800000,62.7,62.7,54.120000000000005,55.00000000000001,41444,235664395.0,0.0,15,62.84,0
20210823,1629648000000,58.99,66.0,58.0,66.0,48889,302924571.0,0.0,15,55.0,0
20210824,1629734400000,66.0,66.54,60.43,61.1,51135,320553285.0,0.0,15,66.0,0
20210825,1629820800000,60.980000000000004,63.6,59.620000000000005,61.86000000000001,32182,199670624.0,0.0,15,61.1,0
20210826,1629907200000,61.86,61.87,59.36,59.7,24132,145050450.0,0.0,15,61.86,0
20210827,1629993600000,59.46,60.02,57.1,57.76,25183,146427059.0,0.0,15,59.7,0
20210830,1630252800000,57.7,57.98,55.79,56.51,22832,129486468.0,0.0,15,57.76,0
20210831,1630339200000,56.86,58.49,55.75,56.05,18040,102529283.00000001,0.0,15,56.51,0
20210901,1630425600000,56.0,57.33,54.33,56.86,22460,125097767.0,0.0,15,56.05,0
20210902,1630512000000,56.2,56.78,54.800000000000004,55.14000000000001,18780,103976036.0,0.0,15,56.86000000000001,0
20210903,1630598400000,55.1,58.940000000000005,55.06,57.68,26535,152003925.0,0.0,15,55.14,0
20210906,1630857600000,57.32,59.79,57.32,59.5,24055,141852721.0,0.0,15,57.68,0
20210907,1630944000000,59.17,63.58,59.17,63.49,33743,209016739.0,0.0,15,59.5,0
20210908,1631030400000,63.1,64.25,62.0,63.4,22140,139560124.00000003,0.0,15,63.49,0
20210909,1631116800000,63.379999999999995,66.52,62.4,65.03999999999999,24308,156884623.0,0.0,15,63.4,0
20210910,1631203200000,65.88,66.94,63.33,63.9,27608,177838612.0,0.0,15,65.03999999999999,0
20210913,1631462400000,64.09,65.95,63.02,63.910000000000004,21135,136683373.0,0.0,15,63.900000000000006,0
20210914,1631548800000,63.82000000000001,65.5,63.120000000000005,64.21000000000001,18531,118936253.0,0.0,15,63.910000000000004,0
20210915,1631635200000,63.379999999999995,63.93,61.72,62.81,19730,123917295.0,0.0,15,64.21,0
20210916,1631721600000,34.93,36.5,34.36,34.81,34340,121598211.0,0.0,15,34.89,0
20210917,1631808000000,34.99,35.39,32.6,33.7,51182,173039759.0,0.0,15,34.81,0
20210922,1632240000000,33.24,39.800000000000004,33.230000000000004,36.760000000000005,72958,270446458.0,0.0,15,33.7,0
20210923,1632326400000,35.50000000000001,35.95,34.300000000000004,34.540000000000006,62008,217021696.00000003,0.0,15,36.760000000000005,0
20210924,1632412800000,34.54,37.85,33.81,37.160000000000004,78651,287747836.0,0.0,15,34.54,0
20210927,1632672000000,37.85,40.5,36.4,39.64,93819,365016884.0,0.0,15,37.16,0
20210928,1632758400000,39.24,39.39,37.64,38.6,54233,209233464.0,0.0,15,39.64,0
20210929,1632844800000,38.03,38.61000000000001,35.59,35.78,47438,174275459.0,0.0,15,38.6,0
20210930,1632931200000,36.1,37.52,35.800000000000004,36.580000000000005,32796,120936943.0,0.0,15,35.78,0
20211008,1633622400000,36.580000000000005,37.32,35.27,36.1,40102,144081868.0,0.0,15,36.580000000000005,0
20211011,1633881600000,35.800000000000004,36.300000000000004,34.7,34.89,29879,105564048.0,0.0,15,36.1,0
20211012,1633968000000,34.510000000000005,35.34,32.95,33.14,41491,140616202.0,0.0,15,34.89,0
20211013,1634054400000,33.12,33.8,33.0,33.72,22370,74788375.00000001,0.0,15,33.14,0
20211014,1634140800000,33.53,33.67,32.63,32.980000000000004,25984,85731426.0,0.0,15,33.720000000000006,0
20211015,1634227200000,32.8,33.03,31.8,32.04,24689,79497839.0,0.0,15,32.980000000000004,0
20211018,1634486400000,32.08,32.72,31.580000000000002,32.18,19042,60899897.00000001,0.0,15,32.04,0
20211019,1634572800000,32.17,33.440000000000005,31.720000000000002,33.25,27275,89524995.0,0.0,15,32.18,0
20211020,1634659200000,33.23,33.4,32.0,32.53,22634,73311664.0,0.0,15,33.25,0
20211021,1634745600000,32.53,32.64,31.91,32.02,16593,53382538.0,0.0,15,32.53,0
20211022,1634832000000,32.25,32.36,31.61,31.86,13893,44255214.0,0.0,15,32.019999999999996,0
20211025,1635091200000,31.860000000000003,32.38,31.720000000000002,32.230000000000004,12482,39988509.00000001,0.0,15,31.860000000000003,0
20211026,1635177600000,32.39,33.79,32.15,33.699999999999996,34629,115114085.0,0.0,15,32.23,0
20211027,1635264000000,32.0,32.0,28.11,29.49,92492,269895419.0,0.0,15,33.7,0
20211028,1635350400000,28.6,28.81,28.18,28.32,29512,83844695.0,0.0,15,29.49,0
20211029,1635436800000,28.45,28.5,27.7,28.02,24326,68380241.0,0.0,15,28.32,0
20211101,1635696000000,27.770000000000003,28.35,27.6,28.290000000000003,20584,57683865.0,0.0,15,28.020000000000003,0
20211102,1635782400000,27.970000000000002,28.330000000000002,26.740000000000002,27.05,29586,81504465.00000001,0.0,15,28.290000000000003,0
20211103,1635868800000,27.39,28.35,27.18,27.87,24521,68678086.0,0.0,15,27.05,0
20211104,1635955200000,27.92,28.310000000000002,27.48,28.1,20801,57886839.0,0.0,15,27.87,0
20211105,1636041600000,28.39,28.66,28.09,28.31,21608,61327722.0,0.0,15,28.1,0
20211108,1636300800000,28.02,28.27,27.48,28.14,15402,42849546.00000001,0.0,15,28.310000000000002,0
20211109,1636387200000,27.96,28.35,27.6,27.810000000000002,19674,54825451.00000001,0.0,15,28.14,0
20211110,1636473600000,27.81,28.0,26.97,27.779999999999998,18874,51824902.00000001,0.0,15,27.81,0
20211111,1636560000000,27.7,28.08,27.52,28.0,15771,43955921.00000001,0.0,15,27.78,0
20211112,1636646400000,27.990000000000002,28.220000000000002,27.8,28.080000000000002,13366,37373775.0,0.0,15,28.0,0
20211115,1636905600000,28.070000000000004,29.490000000000002,28.060000000000002,29.330000000000002,33162,96715951.0,0.0,15,28.080000000000002,0
20211116,1636992000000,29.46,29.46,28.830000000000002,28.85,21196,61562352.0,0.0,15,29.330000000000002,0
20211117,1637078400000,28.93,30.18,28.93,29.33,33624,99397457.00000001,0.0,15,28.85,0
20211118,1637164800000,29.25,29.32,28.6,28.6,19126,55255128.0,0.0,15,29.330000000000002,0
20211119,1637251200000,28.61,29.05,28.54,28.939999999999998,13038,37549762.0,0.0,15,28.599999999999998,0
20211122,1637510400000,29.020000000000003,29.42,28.51,28.930000000000003,14921,43044023.0,0.0,15,28.94,0
20211123,1637596800000,29.150000000000002,30.150000000000002,28.900000000000002,30.1,33443,99179623.0,0.0,15,28.930000000000003,0
20211124,1637683200000,29.950000000000003,30.880000000000003,29.580000000000002,30.660000000000004,33346,101285613.0,0.0,15,30.1,0
20211125,1637769600000,30.74,31.5,30.29,31.29,34565,106807912.0,0.0,15,30.66,0
20211126,1637856000000,31.59,31.6,30.5,30.68,29729,91717898.00000001,0.0,15,31.29,0
20211129,1638115200000,31.34,32.32,30.93,31.31,39015,123013611.00000001,0.0,15,30.68,0
20211130,1638201600000,31.41,31.55,30.21,31.470000000000002,37064,114172093.0,0.0,15,31.310000000000002,0
20211201,1638288000000,31.12,31.12,30.580000000000002,30.580000000000002,24975,76894965.0,0.0,15,31.470000000000002,0
20211202,1638374400000,30.700000000000003,34.86,30.580000000000002,32.36,85946,283053852.0,0.0,15,30.580000000000002,0
20211203,1638460800000,31.8,32.29,31.55,32.1,39586,126093158.0,0.0,15,32.36,0
20211206,1638720000000,31.8,31.88,30.5,30.65,32305,100140621.0,0.0,15,32.1,0
20211207,1638806400000,30.650000000000002,30.96,30.14,30.29,16771,50946898.00000001,0.0,15,30.650000000000002,0
20211208,1638892800000,30.5,30.95,30.25,30.51,14554,44427226.0,0.0,15,30.29,0
20211209,1638979200000,30.66,31.73,30.46,31.36,28392,88816641.00000001,0.0,15,30.51,0
20211210,1639065600000,31.03,31.53,30.78,31.14,18146,56336201.0,0.0,15,31.36,0
20211213,1639324800000,31.14,31.290000000000003,30.76,30.87,15959,49379668.0,0.0,15,31.14,0
20211214,1639411200000,31.020000000000003,31.720000000000002,30.900000000000002,31.360000000000003,23618,74089496.00000001,0.0,15,30.87,0
20211215,1639497600000,31.380000000000003,31.42,30.53,30.66,23152,71403788.0,0.0,15,31.36,0
20211216,1639584000000,30.54,30.81,29.95,30.2,19914,60133067.0,0.0,15,30.66,0
20211217,1639670400000,30.08,30.2,29.54,29.84,18272,54501847.0,0.0,15,30.2,0
20211220,1639929600000,29.7,31.2,29.7,30.59,26437,81011896.0,0.0,15,29.84,0
20211221,1640016000000,30.500000000000004,30.660000000000004,29.810000000000002,30.110000000000003,17808,53638605.00000001,0.0,15,30.590000000000003,0
20211222,1640102400000,30.439999999999998,30.45,29.88,30.08,11373,34178705.0,0.0,15,30.11,0
20211223,1640188800000,29.900000000000002,30.310000000000002,29.400000000000002,29.790000000000003,16692,49425625.00000001,0.0,15,30.080000000000002,0
20211224,1640275200000,29.77,30.28,29.25,30.1,18108,53954303.0,0.0,15,29.79,0
20211227,1640534400000,30.11,30.7,29.66,30.59,20053,60870520.0,0.0,15,30.1,0
20211228,1640620800000,30.64,32.09,30.400000000000002,31.540000000000003,38131,120146342.0,0.0,15,30.590000000000003,0
20211229,1640707200000,31.52,32.49,31.16,31.8,38401,122881681.0,0.0,15,31.54,0
20211230,1640793600000,31.88,32.0,31.23,31.650000000000002,24966,78868853.0,0.0,15,31.8,0
20211231,1640880000000,31.69,32.230000000000004,31.6,31.71,23142,73818658.00000001,0.0,15,31.650000000000002,0
20220104,1641225600000,32.1,32.68,31.36,31.41,29754,94690908.0,0.0,15,31.71,0
20220105,1641312000000,31.31,31.68,30.02,30.45,27010,82829920.0,0.0,15,31.41,0
20220106,1641398400000,30.29,31.5,30.2,31.5,21689,67145973.0,0.0,15,30.45,0
20220107,1641484800000,31.68,33.19,31.05,32.160000000000004,50573,163134428.0,0.0,15,31.5,0
20220110,1641744000000,32.6,38.58,32.6,38.57,180155,653111108.0,0.0,15,32.160000000000004,0
20220111,1641830400000,37.99,41.85,36.0,37.98,203274,780567630.0,0.0,15,38.57,0
20220112,1641916800000,37.22,40.33,36.58,39.199999999999996,157227,610048487.0,0.0,15,37.98,0
20220113,1642003200000,38.510000000000005,40.400000000000006,37.2,37.870000000000005,129402,499724658.99999994,0.0,15,39.2,0
20220114,1642089600000,37.68,42.68,36.89,40.05,183978,726830564.0,0.0,15,37.87,0
20220117,1642348800000,39.300000000000004,39.96,37.28,39.0,116547,450089726.0,0.0,15,40.050000000000004,0
20220118,1642435200000,38.35,38.36,33.9,34.01,131695,464553886.0,0.0,15,39.0,0
20220119,1642521600000,33.5,35.03,33.33,34.42,54710,187382994.00000003,0.0,15,34.01,0
20220120,1642608000000,34.4,35.160000000000004,32.96,33.230000000000004,61211,208234330.0,0.0,15,34.42,0
20220121,1642694400000,33.25,33.63,31.95,32.28,56312,183227650.0,0.0,15,33.23,0
20220124,1642953600000,31.68,32.1,30.94,31.110000000000003,51061,160421283.0,0.0,15,32.28,0
20220125,1643040000000,31.0,31.09,28.87,29.02,49682,147781524.0,0.0,15,31.11,0
20220126,1643126400000,28.77,29.64,28.18,28.509999999999998,36745,105258239.0,0.0,15,29.02,0
20220127,1643212800000,28.67,29.13,27.5,27.57,32767,92577330.0,0.0,15,28.51,0
20220128,1643299200000,27.77,28.3,27.14,27.740000000000002,25837,71819505.0,0.0,15,27.57,0
20220207,1644163200000,28.21,28.36,27.48,27.990000000000002,21728,60820864.0,0.0,15,27.740000000000002,0
20220208,1644249600000,28.169999999999998,28.65,27.63,28.34,26794,75649218.0,0.0,15,27.99,0
20220209,1644336000000,28.5,28.91,28.02,28.7,28815,82280908.00000001,0.0,15,28.34,0
20220210,1644422400000,28.65,29.05,28.38,28.47,24589,70557751.0,0.0,15,28.7,0
20220211,1644508800000,28.16,28.2,26.86,26.95,39762,108623765.0,0.0,15,28.47,0
20220214,1644768000000,26.88,27.45,26.68,27.09,19643,53409154.0,0.0,15,26.95,0
20220215,1644854400000,27.200000000000003,27.520000000000003,26.650000000000002,27.500000000000004,19605,53377395.0,0.0,15,27.090000000000003,0
20220216,1644940800000,27.75,28.1,27.3,27.7,24576,68006614.0,0.0,15,27.5,0
20220217,1645027200000,27.69,27.740000000000002,27.240000000000002,27.270000000000003,23014,63055971.0,0.0,15,27.700000000000003,0
20220218,1645113600000,27.000000000000004,27.78,26.830000000000002,27.55,33467,91435545.0,0.0,15,27.270000000000003,0
20220221,1645372800000,27.560000000000002,29.060000000000002,27.310000000000002,28.570000000000004,47506,133582946.0,0.0,15,27.55,0
20220222,1645459200000,28.200000000000003,28.240000000000002,27.310000000000002,27.660000000000004,30968,85496847.0,0.0,15,28.570000000000004,0
20220223,1645545600000,27.51,28.07,27.51,27.900000000000002,22750,63428103.0,0.0,15,27.66,0
20220224,1645632000000,27.71,28.41,26.71,27.21,35867,98897660.0,0.0,15,27.900000000000002,0
20220225,1645718400000,27.5,28.27,27.5,28.24,43464,121902083.0,0.0,15,27.21,0
20220228,1645977600000,28.39,28.85,27.6,28.740000000000002,44193,125754314.0,0.0,15,28.240000000000002,0
20220301,1646064000000,28.75,28.790000000000003,28.1,28.380000000000003,28958,82261148.99999999,0.0,15,28.740000000000002,0
20220302,1646150400000,28.1,28.990000000000002,27.96,28.720000000000002,31798,90706538.00000001,0.0,15,28.380000000000003,0
20220303,1646236800000,28.72,29.29,28.5,28.74,32127,92761656.99999999,0.0,15,28.72,0
20220304,1646323200000,28.5,29.380000000000003,28.35,28.650000000000002,31836,92289730.0,0.0,15,28.740000000000002,0
20220307,1646582400000,28.6,29.0,27.98,28.03,29983,85441486.0,0.0,15,28.650000000000002,0
20220308,1646668800000,28.240000000000002,28.28,26.48,26.51,32856,89013769.0,0.0,15,28.03,0
20220309,1646755200000,26.73,26.81,24.75,25.6,32665,84208788.00000001,0.0,15,26.51,0
20220310,1646841600000,26.0,29.89,26.0,29.08,79977,224190066.99999997,0.0,15,25.6,0
20220311,1646928000000,28.560000000000002,31.900000000000002,28.3,30.85,116898,352775635.0,0.0,15,29.080000000000002,0
20220314,1647187200000,32.0,32.9,30.01,30.01,101206,315598055.0,0.0,15,30.85,0
20220315,1647273600000,29.450000000000003,31.950000000000003,29.150000000000002,30.19,92942,283811797.0,0.0,15,30.01,0
20220316,1647360000000,30.19,30.880000000000003,27.51,28.71,91421,264065551.0,0.0,15,30.19,0
20220317,1647446400000,28.85,30.47,28.8,29.1,71356,211460205.00000003,0.0,15,28.71,0
20220318,1647532800000,28.75,30.22,28.61,29.66,60212,178253178.0,0.0,15,29.099999999999998,0
20220321,1647792000000,29.680000000000003,30.42,28.900000000000002,29.490000000000002,54232,160472996.00000003,0.0,15,29.660000000000004,0
20220322,1647878400000,29.200000000000003,29.21,27.650000000000002,27.73,60609,170167392.00000003,0.0,15,29.490000000000002,0
20220323,1647964800000,27.730000000000004,28.080000000000002,27.310000000000002,27.730000000000004,36836,102289365.0,0.0,15,27.730000000000004,0
20220324,1648051200000,27.580000000000002,28.16,26.8,27.86,40341,110778499.00000001,0.0,15,27.73,0
20220325,1648137600000,27.71,28.0,26.8,26.830000000000002,34374,93729426.0,0.0,15,27.86,0
20220328,1648396800000,26.98,27.400000000000002,26.44,26.6,28150,75492716.0,0.0,15,26.830000000000002,0
20220329,1648483200000,26.85,28.000000000000004,26.650000000000002,27.240000000000002,44953,123324011.0,0.0,15,26.6,0
20220330,1648569600000,28.5,29.9,28.48,29.32,85743,250072583.00000003,0.0,15,27.240000000000002,0
20220331,1648656000000,28.82,29.9,28.41,28.41,70964,206800032.0,0.0,15,29.32,0
20220401,1648742400000,27.96,27.96,27.2,27.4,42926,118078175.0,0.0,15,28.41,0
20220406,1649174400000,27.6,28.27,27.41,27.73,36862,102662899.0,0.0,15,27.4,0
20220407,1649260800000,27.610000000000003,27.8,26.6,26.6,34137,92325459.0,0.0,15,27.73,0
20220408,1649347200000,26.55,26.790000000000003,25.44,25.880000000000003,30967,80169730.00000001,0.0,15,26.6,0
20220411,1649606400000,25.53,26.5,25.19,25.360000000000003,26771,68980369.0,0.0,15,25.880000000000003,0
20220412,1649692800000,25.540000000000003,26.0,24.76,25.650000000000002,28193,71284781.0,0.0,15,25.360000000000003,0
20220413,1649779200000,25.5,25.7,24.86,24.93,22893,57430510.0,0.0,15,25.65,0
20220414,1649865600000,24.93,26.25,24.8,25.85,37934,97296656.0,0.0,15,24.93,0
20220415,1649952000000,25.46,25.83,24.77,24.83,30430,76417268.0,0.0,15,25.85,0
20220418,1650211200000,24.82,24.98,24.05,24.810000000000002,16883,41588250.0,0.0,15,24.830000000000002,0
20220419,1650297600000,24.88,24.970000000000002,24.3,24.5,16648,40958792.0,0.0,15,24.810000000000002,0
20220420,1650384000000,24.51,24.67,23.580000000000002,23.720000000000002,22189,53341972.00000001,0.0,15,24.500000000000004,0
20220421,1650470400000,23.5,23.72,22.56,22.669999999999998,25991,59841380.0,0.0,15,23.72,0
20220422,1650556800000,22.650000000000002,22.650000000000002,21.89,22.46,17453,38825017.0,0.0,15,22.67,0
20220425,1650816000000,21.240000000000002,21.240000000000002,19.150000000000002,19.19,43507,87690898.0,0.0,15,22.46,0
20220426,1650902400000,19.47,20.45,19.23,19.73,39534,78458472.00000001,0.0,15,19.19,0
20220427,1650988800000,19.450000000000003,20.17,19.03,20.07,23817,46625133.0,0.0,15,19.73,0
20220428,1651075200000,19.79,19.9,19.0,19.25,18018,34945148.0,0.0,15,20.07,0
20220429,1651161600000,18.98,19.98,18.98,19.84,18303,36031022.0,0.0,15,19.25,0
20220505,1651680000000,19.71,20.92,19.59,20.59,23075,47415485.0,0.0,15,19.84,0
20220506,1651766400000,20.099999999999998,20.95,20.06,20.88,21546,44565365.00000001,0.0,15,20.59,0
20220509,1652025600000,21.04,21.84,20.72,21.5,27626,59027795.0,0.0,15,20.88,0
20220510,1652112000000,21.1,21.56,20.93,21.45,21228,45170584.0,0.0,15,21.5,0
20220511,1652198400000,21.46,21.95,21.18,21.18,22228,48093854.0,0.0,15,21.45,0
20220512,1652284800000,20.98,21.82,20.89,21.68,19397,41903050.0,0.0,15,21.18,0
20220513,1652371200000,22.28,24.93,22.28,23.05,47418,111097084.0,0.0,15,21.68,0
20220516,1652630400000,23.0,23.03,21.7,21.96,32380,72419341.0,0.0,15,23.05,0
20220517,1652716800000,21.82,21.950000000000003,21.1,21.35,20661,44131198.0,0.0,15,21.96,0
20220518,1652803200000,21.380000000000003,21.69,21.21,21.55,13040,28039134.0,0.0,15,21.35,0
20220519,1652889600000,21.14,21.5,21.12,21.45,9469,20174679.0,0.0,15,21.55,0
20220520,1652976000000,21.62,22.040000000000003,21.53,21.91,15948,34767220.99999999,0.0,15,21.450000000000003,0
20220523,1653235200000,22.270000000000003,22.44,21.900000000000002,22.180000000000003,13014,28831908.000000004,0.0,15,21.910000000000004,0
20220524,1653321600000,22.08,22.08,20.59,20.73,18560,39490636.0,0.0,15,21.93,0
20220525,1653408000000,20.700000000000003,21.080000000000002,20.51,20.98,9510,19871668.0,0.0,15,20.73,0
20220526,1653494400000,21.250000000000004,21.310000000000002,20.490000000000002,20.950000000000003,12183,25426908.0,0.0,15,20.98,0
20220527,1653580800000,21.09,21.23,20.61,20.7,10885,22678302.0,0.0,15,20.95,0
20220530,1653840000000,20.6,20.89,20.46,20.79,9538,19763616.999999996,0.0,15,20.7,0
20220531,1653926400000,21.0,21.150000000000002,20.46,21.130000000000003,11217,23385566.0,0.0,15,20.79,0
20220601,1654012800000,21.51,21.980000000000004,21.150000000000002,21.540000000000003,20040,43237790.00000001,0.0,15,21.130000000000003,0
20220602,1654099200000,21.53,21.53,21.09,21.38,13363,28443838.0,0.0,15,21.54,0
20220606,1654444800000,21.68,21.84,21.39,21.78,15532,33646123.0,0.0,15,21.38,0
20220607,1654531200000,21.78,22.12,21.55,22.09,20032,43742934.0,0.0,15,21.78,0
20220608,1654617600000,21.84,21.94,21.21,21.67,17434,37668302.0,0.0,15,22.09,0
20220609,1654704000000,21.41,21.57,20.76,20.89,15755,33307421.000000004,0.0,15,21.67,0
20220610,1654790400000,20.66,22.05,20.59,21.48,20883,44682380.0,0.0,15,20.89,0
20220613,1655049600000,21.34,21.68,21.22,21.599999999999998,13467,28943291.000000004,0.0,15,21.48,0
20220614,1655136000000,21.59,21.59,20.72,21.41,13354,28219258.0,0.0,15,21.599999999999998,0
20220615,1655222400000,21.41,21.78,21.23,21.5,16671,35949474.0,0.0,15,21.41,0
20220616,1655308800000,21.450000000000003,21.96,21.35,21.720000000000002,16394,35747134.0,0.0,15,21.5,0
20220617,1655395200000,21.689999999999998,21.939999999999998,21.29,21.86,15626,33873174.99999999,0.0,15,21.72,0
20220620,1655654400000,21.96,22.580000000000002,21.82,22.36,21225,47152422.0,0.0,15,21.86,0
20220621,1655740800000,22.700000000000003,22.700000000000003,21.990000000000002,22.220000000000002,17269,38472081.0,0.0,15,22.360000000000003,0
20220622,1655827200000,22.220000000000002,22.46,21.900000000000002,21.92,12677,28088708.999999996,0.0,15,22.220000000000002,0
20220623,1655913600000,21.93,22.3,21.86,22.29,16715,36965265.0,0.0,15,21.919999999999998,0
20220624,1656000000000,22.29,22.55,22.05,22.41,18815,42085960.0,0.0,15,22.29,0
20220627,1656259200000,22.8,23.150000000000002,22.330000000000002,22.44,18560,42008379.0,0.0,15,22.41,0
20220628,1656345600000,22.44,22.770000000000003,22.150000000000002,22.570000000000004,14561,32713648.0,0.0,15,22.44,0
20220629,1656432000000,22.680000000000003,23.01,22.240000000000002,22.32,19298,43695397.0,0.0,15,22.57,0
20220630,1656518400000,22.349999999999998,23.0,22.27,22.68,19299,43878242.0,0.0,15,22.32,0
20220701,1656604800000,22.68,23.76,22.62,23.12,32170,74728502.0,0.0,15,22.68,0
20220704,1656864000000,23.560000000000002,24.5,23.1,24.17,45309,108315279.0,0.0,15,23.12,0
20220705,1656950400000,23.86,23.900000000000002,23.05,23.27,31054,72611632.00000001,0.0,15,24.17,0
20220706,1657036800000,23.240000000000002,23.500000000000004,22.740000000000002,22.900000000000002,20435,46961088.99999999,0.0,15,23.270000000000003,0
20220707,1657123200000,22.94,23.1,22.28,22.450000000000003,20280,45656576.00000001,0.0,15,22.900000000000002,0
20220708,1657209600000,22.48,23.07,22.48,22.71,17495,39854918.00000001,0.0,15,22.45,0
20220711,1657468800000,22.500000000000004,23.1,22.400000000000002,22.830000000000002,14564,33231677.000000004,0.0,15,22.71,0
20220712,1657555200000,22.83,22.83,21.5,21.51,21640,47491998.0,0.0,15,22.83,0
20220713,1657641600000,21.49,21.77,21.36,21.52,9809,21088303.0,0.0,15,21.509999999999998,0
20220714,1657728000000,21.68,22.03,21.5,21.72,11977,26128084.0,0.0,15,21.52,0
20220715,1657814400000,21.779999999999998,21.779999999999998,21.06,21.09,12485,26635648.0,0.0,15,21.72,0
20220718,1658073600000,21.0,21.52,21.0,21.48,9978,21293613.0,0.0,15,21.09,0
20220719,1658160000000,21.490000000000002,21.8,21.32,21.63,10553,22756223.0,0.0,15,21.48,0
20220720,1658246400000,21.71,21.96,21.55,21.900000000000002,9686,21120320.0,0.0,15,21.63,0
20220721,1658332800000,21.98,22.1,21.59,21.62,9613,20919837.999999996,0.0,15,21.9,0
20220722,1658419200000,21.57,21.740000000000002,21.080000000000002,21.37,10279,21972829.000000004,0.0,15,21.62,0
20220725,1658678400000,22.099999999999998,22.99,21.61,22.84,46510,104077311.0,0.0,15,21.37,0
20220726,1658764800000,22.5,22.779999999999998,21.81,22.32,31030,68628711.0,0.0,15,22.84,0
20220727,1658851200000,22.24,23.39,22.06,22.74,30047,67998651.0,0.0,15,22.32,0
20220728,1658937600000,22.64,22.85,22.42,22.5,21119,47713857.0,0.0,15,22.740000000000002,0
20220729,1659024000000,22.700000000000003,22.700000000000003,21.76,21.900000000000002,15901,35205234.0,0.0,15,22.5,0
20220801,1659283200000,21.860000000000003,21.990000000000002,21.400000000000002,21.94,10367,22652878.0,0.0,15,21.900000000000002,0
20220802,1659369600000,22.1,22.1,20.3,20.59,24374,50680735.0,0.0,15,21.94,0
20220803,1659456000000,20.66,21.04,20.29,20.31,11415,23643540.0,0.0,15,20.59,0
20220804,1659542400000,20.51,20.97,20.48,20.88,10629,22074357.000000004,0.0,15,20.31,0
20220805,1659628800000,20.869999999999997,21.299999999999997,20.81,21.22,9335,19691508.0,0.0,15,20.88,0
20220808,1659888000000,21.2,21.61,21.13,21.4,9170,19625135.0,0.0,15,21.22,0
20220809,1659974400000,21.55,21.55,21.03,21.290000000000003,9384,19941696.0,0.0,15,21.400000000000002,0
20220810,1660060800000,21.21,21.340000000000003,20.900000000000002,21.080000000000002,7483,15779536.0,0.0,15,21.290000000000003,0
20220811,1660147200000,21.080000000000002,21.500000000000004,21.080000000000002,21.430000000000003,9803,20947010.0,0.0,15,21.080000000000002,0
20220812,1660233600000,21.5,21.5,21.23,21.36,7056,15066073.0,0.0,15,21.43,0
20220815,1660492800000,21.360000000000003,21.470000000000002,21.01,21.25,8221,17412977.000000004,0.0,15,21.360000000000003,0
20220816,1660579200000,21.27,21.44,21.12,21.150000000000002,7273,15443630.0,0.0,15,21.25,0
20220817,1660665600000,21.45,21.55,21.05,21.14,10459,22187075.000000004,0.0,15,21.150000000000002,0
20220818,1660752000000,21.130000000000003,21.130000000000003,20.67,20.89,10880,22619139.0,0.0,15,21.14,0
20220819,1660838400000,21.02,21.09,20.63,20.65,9282,19300099.0,0.0,15,20.89,0
20220822,1661097600000,20.75,22.65,20.68,21.87,45140,98953239.00000001,0.0,15,20.65,0
20220823,1661184000000,21.77,22.45,21.38,21.55,19777,42631029.0,0.0,15,21.869999999999997,0
20220824,1661270400000,21.560000000000002,21.8,20.8,20.92,19113,40736895.0,0.0,15,21.55,0
20220825,1661356800000,20.93,21.18,20.41,20.72,15960,32941587.999999996,0.0,15,20.92,0
20220826,1661443200000,20.9,21.12,20.5,20.65,11121,23003884.0,0.0,15,20.72,0
20220829,1661702400000,20.46,20.59,20.1,20.48,9060,18428879.000000004,0.0,15,20.650000000000002,0
20220830,1661788800000,20.4,20.97,20.38,20.86,10567,21902060.0,0.0,15,20.48,0
20220831,1661875200000,20.63,21.09,20.5,20.78,10845,22536572.0,0.0,15,20.86,0
20220901,1661961600000,20.660000000000004,21.270000000000003,20.650000000000002,21.000000000000004,13795,28968125.000000004,0.0,15,20.78,0
20220902,1662048000000,21.029999999999998,21.27,20.79,21.0,8771,18398043.0,0.0,15,21.0,0
20220905,1662307200000,21.05,21.330000000000002,20.67,20.770000000000003,9905,20749281.0,0.0,15,21.0,0
20220906,1662393600000,20.779999999999998,20.93,20.54,20.779999999999998,8901,18389194.000000004,0.0,15,20.77,0
20220907,1662480000000,20.8,20.860000000000003,20.6,20.78,7757,16086591.000000002,0.0,15,20.78,0
20220908,1662566400000,20.81,21.259999999999998,20.7,21.02,13934,29276328.0,0.0,15,20.779999999999998,0
20220909,1662652800000,20.95,21.4,20.84,21.38,14872,31583417.0,0.0,15,21.02,0
20220913,1662998400000,21.310000000000002,21.590000000000003,21.080000000000002,21.250000000000004,11244,23975606.0,0.0,15,21.380000000000003,0
20220914,1663084800000,20.9,21.05,20.59,20.97,10075,20999529.0,0.0,15,21.25,0
20220915,1663171200000,20.990000000000002,21.150000000000002,20.1,20.400000000000002,13686,28192036.0,0.0,15,20.970000000000002,0
20220916,1663257600000,20.4,20.4,19.68,19.72,13930,27881890.0,0.0,15,20.4,0
20220919,1663516800000,20.310000000000002,20.310000000000002,19.55,19.96,10709,21276760.0,0.0,15,19.720000000000002,0
20220920,1663603200000,19.87,20.07,19.82,20.02,7181,14333976.0,0.0,15,19.96,0
20220921,1663689600000,19.81,19.82,19.41,19.66,9530,18677958.0,0.0,15,20.02,0
20220922,1663776000000,19.590000000000003,19.69,19.17,19.25,9378,18197997.0,0.0,15,19.66,0
20220923,1663862400000,19.34,19.38,18.75,18.9,9305,17662274.0,0.0,15,19.25,0
20220926,1664121600000,18.62,19.0,18.6,18.71,7472,14052143.0,0.0,15,18.900000000000002,0
20220927,1664208000000,18.62,19.38,18.61,19.36,9757,18636780.000000004,0.0,15,18.71,0
20220928,1664294400000,19.18,19.87,19.18,19.48,12390,24292529.000000004,0.0,15,19.36,0
20220929,1664380800000,19.669999999999998,20.23,19.45,19.9,18084,36128826.0,0.0,15,19.48,0
20220930,1664467200000,19.7,20.5,19.7,20.14,16345,33072721.000000004,0.0,15,19.9,0
20221010,1665331200000,20.11,20.810000000000002,20.05,20.3,18230,37324467.0,0.0,15,20.14,0
20221011,1665417600000,20.68,20.68,19.72,20.0,12919,25711489.0,0.0,15,20.299999999999997,0
20221012,1665504000000,19.96,20.05,19.400000000000002,20.03,10733,21200482.0,0.0,15,20.000000000000004,0
20221013,1665590400000,20.01,20.73,19.990000000000002,20.540000000000003,15410,31587306.0,0.0,15,20.03,0
20221014,1665676800000,20.93,22.990000000000002,20.6,22.18,51623,114448576.0,0.0,15,20.540000000000003,0
20221017,1665936000000,21.96,22.680000000000003,21.900000000000002,22.400000000000002,33632,75414127.0,0.0,15,22.180000000000003,0
20221018,1666022400000,22.34,22.75,21.91,22.62,24895,55887270.00000001,0.0,15,22.4,0
20221019,1666108800000,22.490000000000002,22.63,21.98,22.2,22915,50998381.0,0.0,15,22.62,0
20221020,1666195200000,22.330000000000002,23.53,21.98,22.92,44768,102789964.0,0.0,15,22.2,0
20221021,1666281600000,22.62,23.28,22.42,22.650000000000002,23292,52937578.00000001,0.0,15,22.92,0
20221024,1666540800000,22.68,22.86,21.81,22.04,21988,48984608.99999999,0.0,15,22.65,0
20221025,1666627200000,21.91,22.26,21.17,21.540000000000003,17574,37874012.0,0.0,15,22.040000000000003,0
20221026,1666713600000,21.38,22.83,21.38,22.5,20390,45855893.0,0.0,15,21.54,0
20221027,1666800000000,22.61,22.84,22.23,22.56,17455,39304187.0,0.0,15,22.5,0
20221028,1666886400000,22.400000000000002,22.92,21.76,21.880000000000003,20343,45230047.00000001,0.0,15,22.560000000000002,0
20221031,1667145600000,21.7,23.3,21.66,23.0,38975,89034895.0,0.0,15,21.88,0
20221101,1667232000000,23.12,23.4,22.36,22.88,32295,73356656.0,0.0,15,23.0,0
20221102,1667318400000,22.6,23.48,22.6,22.950000000000003,33267,77077314.0,0.0,15,22.880000000000003,0
20221103,1667404800000,22.8,23.19,22.51,22.880000000000003,19933,45634702.0,0.0,15,22.950000000000003,0
20221104,1667491200000,22.880000000000003,23.25,22.67,22.950000000000003,19408,44428858.0,0.0,15,22.880000000000003,0
20221107,1667750400000,22.950000000000003,23.55,22.740000000000002,23.35,30118,69894143.0,0.0,15,22.950000000000003,0
20221108,1667836800000,23.200000000000003,23.720000000000002,22.53,23.64,30578,70748085.00000001,0.0,15,23.35,0
20221109,1667923200000,23.53,24.1,23.330000000000002,23.810000000000002,24033,57176421.0,0.0,15,23.64,0
20221110,1668009600000,23.64,24.45,23.2,23.33,31978,76311884.0,0.0,15,23.81,0
20221111,1668096000000,23.9,24.31,22.79,23.02,39805,94127554.00000001,0.0,15,23.33,0
20221114,1668355200000,23.0,23.96,22.7,23.7,28334,66670146.00000001,0.0,15,23.02,0
20221115,1668441600000,23.7,24.03,23.55,24.0,21835,52033903.0,0.0,15,23.7,0
20221116,1668528000000,23.94,24.1,23.6,23.76,13233,31508070.000000004,0.0,15,24.0,0
20221117,1668614400000,23.75,24.400000000000002,23.62,24.060000000000002,21407,51495081.0,0.0,15,23.76,0
20221118,1668700800000,24.060000000000002,24.790000000000003,24.060000000000002,24.400000000000002,27151,66494871.0,0.0,15,24.060000000000002,0
20221121,1668960000000,24.37,25.32,23.900000000000002,25.32,35034,87262180.00000001,0.0,15,24.400000000000002,0
20221122,1669046400000,25.110000000000003,25.3,23.67,23.85,34397,83843523.00000001,0.0,15,25.32,0
20221123,1669132800000,23.400000000000002,23.720000000000002,22.330000000000002,22.78,34393,78607254.0,0.0,15,23.85,0
20221124,1669219200000,22.71,23.470000000000002,22.71,23.41,24402,56738711.0,0.0,15,22.78,0
20221125,1669305600000,23.18,23.470000000000002,22.44,22.82,13767,31478658.000000004,0.0,15,23.41,0
20221128,1669564800000,22.67,23.11,22.0,22.25,19937,44897712.0,0.0,15,22.82,0
20221129,1669651200000,22.27,23.29,22.21,22.990000000000002,22271,51144880.0,0.0,15,22.25,0
20221130,1669737600000,23.08,23.44,22.68,22.98,16680,38342343.0,0.0,15,22.99,0
20221201,1669824000000,23.1,23.21,22.51,22.71,14211,32289278.000000004,0.0,15,22.98,0
20221202,1669910400000,22.650000000000002,23.070000000000004,22.650000000000002,22.89,12646,28937879.0,0.0,15,22.71,0
20221205,1670169600000,22.860000000000003,23.1,22.240000000000002,22.37,23538,52947533.0,0.0,15,22.89,0
20221206,1670256000000,22.450000000000003,22.450000000000003,21.900000000000002,21.950000000000003,19695,43547409.00000001,0.0,15,22.37,0
20221207,1670342400000,21.98,22.349999999999998,21.54,22.33,17149,37780484.0,0.0,15,21.95,0
20221208,1670428800000,22.349999999999998,22.64,22.11,22.48,18835,42187973.99999999,0.0,15,22.33,0
20221209,1670515200000,22.31,23.88,22.25,23.28,36465,84873752.00000001,0.0,15,22.48,0
20221212,1670774400000,23.38,24.06,23.29,23.98,31517,75005084.0,0.0,15,23.279999999999998,0
20221213,1670860800000,23.77,24.05,23.12,23.77,20044,47165986.0,0.0,15,23.98,0
20221214,1670947200000,23.419999999999998,23.78,22.7,22.759999999999998,19444,44755246.0,0.0,15,23.77,0
20221215,1671033600000,22.96,23.14,22.36,22.54,11156,25243087.0,0.0,15,22.759999999999998,0
20221216,1671120000000,22.32,22.77,22.31,22.49,10947,24692165.999999996,0.0,15,22.54,0
20221219,1671379200000,22.470000000000002,22.6,21.400000000000002,21.6,15049,32745665.000000004,0.0,15,22.490000000000002,0
20221220,1671465600000,21.599999999999998,21.75,21.11,21.509999999999998,11259,24132294.0,0.0,15,21.599999999999998,0
20221221,1671552000000,21.4,21.89,20.82,20.98,12725,26815477.0,0.0,15,21.51,0
20221222,1671638400000,21.130000000000003,21.26,20.42,20.55,9817,20362791.000000004,0.0,15,20.98,0
20221223,1671724800000,20.52,20.900000000000002,20.37,20.77,10394,21457840.0,0.0,15,20.55,0
20221226,1671984000000,20.950000000000003,21.180000000000003,20.740000000000002,21.01,11187,23483324.0,0.0,15,20.770000000000003,0
20221227,1672070400000,21.09,21.09,20.28,20.67,12241,25159557.999999996,0.0,15,21.01,0
20221228,1672156800000,20.6,20.8,20.400000000000002,20.590000000000003,8263,17000077.0,0.0,15,20.67,0
20221229,1672243200000,20.490000000000002,21.07,20.39,20.97,10715,22349603.0,0.0,15,20.59,0
20221230,1672329600000,21.060000000000002,21.12,20.78,20.790000000000003,7125,14878345.0,0.0,15,20.970000000000002,0
20230103,1672675200000,20.81,21.349999999999998,20.81,21.349999999999998,9378,19877787.0,0.0,15,20.79,0
20230104,1672761600000,21.27,21.74,21.18,21.5,11174,24026688.000000004,0.0,15,21.35,0
20230105,1672848000000,21.76,21.8,21.330000000000002,21.650000000000002,12195,26384978.0,0.0,15,21.500000000000004,0
20230106,1672934400000,21.65,21.65,21.34,21.36,8058,17305045.0,0.0,15,21.65,0
20230109,1673193600000,21.29,21.549999999999997,21.22,21.43,8738,18708389.0,0.0,15,21.36,0
20230110,1673280000000,21.630000000000003,21.76,21.1,21.650000000000002,10015,21436559.0,0.0,15,21.43,0
20230111,1673366400000,21.52,21.97,21.39,21.650000000000002,8948,19475393.0,0.0,15,21.650000000000002,0
20230112,1673452800000,21.61,21.95,21.41,21.63,7343,15925324.000000002,0.0,15,21.65,0
20230113,1673539200000,21.57,21.85,21.46,21.810000000000002,7628,16577432.0,0.0,15,21.630000000000003,0
20230116,1673798400000,21.779999999999998,22.5,21.72,22.31,14759,32933121.0,0.0,15,21.81,0
20230117,1673884800000,22.13,22.48,22.0,22.11,9778,21669216.0,0.0,15,22.31,0
20230118,1673971200000,22.23,22.43,21.93,22.25,9421,20862461.0,0.0,15,22.11,0
20230119,1674057600000,22.18,22.47,22.0,22.38,10721,23905010.000000004,0.0,15,22.25,0
20230120,1674144000000,22.77,22.77,22.28,22.42,9031,20303068.000000004,0.0,15,22.380000000000003,0
20230130,1675008000000,22.630000000000003,22.85,22.35,22.51,10131,22857388.000000004,0.0,15,22.42,0
20230131,1675094400000,22.560000000000002,22.790000000000003,22.19,22.39,10575,23708747.0,0.0,15,22.51,0
20230201,1675180800000,22.38,22.82,22.2,22.81,13438,30320452.0,0.0,15,22.39,0
20230202,1675267200000,22.990000000000002,23.180000000000003,22.650000000000002,22.910000000000004,13820,31650846.000000004,0.0,15,22.810000000000002,0
20230203,1675353600000,23.04,23.189999999999998,22.45,22.779999999999998,13057,29708687.999999996,0.0,15,22.91,0
20230206,1675612800000,22.700000000000003,22.92,22.6,22.78,10332,23489265.000000004,0.0,15,22.78,0
20230207,1675699200000,22.75,23.080000000000002,22.42,22.53,12094,27413360.0,0.0,15,22.78,0
20230208,1675785600000,22.6,23.400000000000002,22.490000000000002,23.180000000000003,25348,58676267.0,0.0,15,22.53,0
20230209,1675872000000,23.349999999999998,23.37,22.95,23.24,16755,38836217.0,0.0,15,23.18,0
20230210,1675958400000,23.3,23.520000000000003,23.240000000000002,23.46,10727,25115920.0,0.0,15,23.240000000000002,0
20230213,1676217600000,23.43,23.62,23.19,23.37,12216,28538302.0,0.0,15,23.46,0
20230214,1676304000000,23.39,23.58,23.2,23.37,8803,20569011.0,0.0,15,23.37,0
20230215,1676390400000,23.34,23.560000000000002,23.19,23.53,10769,25177626.0,0.0,15,23.37,0
20230216,1676476800000,23.360000000000003,23.790000000000003,22.85,23.0,18055,42126953.00000001,0.0,15,23.53,0
20230217,1676563200000,22.900000000000002,23.26,22.830000000000002,23.05,14592,33732344.00000001,0.0,15,23.000000000000004,0
20230220,1676822400000,22.930000000000003,23.400000000000002,22.650000000000002,23.240000000000002,12243,28139433.000000004,0.0,15,23.05,0
20230221,1676908800000,23.19,23.65,23.02,23.33,8034,18767104.0,0.0,15,23.24,0
20230222,1676995200000,23.18,23.43,23.11,23.4,7680,17909519.999999996,0.0,15,23.33,0
20230223,1677081600000,23.32,23.65,22.97,23.06,10625,24700339.0,0.0,15,23.4,0
20230224,1677168000000,23.080000000000002,23.200000000000003,22.92,22.990000000000002,6305,14527356.000000002,0.0,15,23.060000000000002,0
20230227,1677427200000,23.0,23.099999999999998,22.61,22.759999999999998,11638,26525779.999999996,0.0,15,22.99,0
20230228,1677513600000,22.76,23.520000000000003,22.740000000000002,23.400000000000002,11683,27160748.0,0.0,15,22.76,0
20230301,1677600000000,23.2,23.62,23.12,23.46,12611,29441224.0,0.0,15,23.400000000000002,0
20230302,1677686400000,23.42,23.6,23.23,23.41,9961,23360189.0,0.0,15,23.46,0
20230303,1677772800000,23.400000000000002,23.560000000000002,23.03,23.21,9541,22225847.0,0.0,15,23.41,0
20230306,1678032000000,23.2,23.35,22.91,22.97,10275,23699114.0,0.0,15,23.21,0
20230307,1678118400000,23.1,23.14,22.3,22.3,9501,21520947.0,0.0,15,22.970000000000002,0
20230308,1678204800000,22.3,22.59,22.2,22.36,9117,20423494.0,0.0,15,22.3,0
20230309,1678291200000,22.419999999999998,23.45,22.36,23.29,17914,41364976.00000001,0.0,15,22.36,0
20230310,1678377600000,23.3,24.03,22.78,23.62,27405,64810003.0,0.0,15,23.290000000000003,0
20230313,1678636800000,23.490000000000002,23.78,22.39,22.810000000000002,29144,66403750.0,0.0,15,23.62,0
20230314,1678723200000,22.81,22.89,21.81,22.299999999999997,21815,48676263.00000001,0.0,15,22.81,0
20230315,1678809600000,22.2,23.49,22.2,23.09,22478,52062283.0,0.0,15,22.3,0
20230316,1678896000000,22.8,23.34,22.6,22.880000000000003,13819,31767224.0,0.0,15,23.09,0
20230317,1678982400000,23.28,23.28,22.42,22.430000000000003,15607,35352718.0,0.0,15,22.880000000000003,0
20230320,1679241600000,22.57,22.57,21.62,21.91,17322,37954899.0,0.0,15,22.43,0
20230321,1679328000000,22.07,22.29,21.84,22.25,10494,23149513.0,0.0,15,21.91,0
20230322,1679414400000,22.45,23.94,22.39,23.19,30862,72227688.0,0.0,15,22.25,0
20230323,1679500800000,23.02,23.24,22.86,23.12,13602,31305023.000000004,0.0,15,23.189999999999998,0
20230324,1679587200000,23.31,23.65,22.81,23.029999999999998,17171,39869607.0,0.0,15,23.119999999999997,0
20230327,1679846400000,23.04,23.95,22.71,23.79,24660,58105284.0,0.0,15,23.03,0
20230328,1679932800000,23.78,24.57,23.57,24.0,36530,88308938.0,0.0,15,23.79,0
20230329,1680019200000,23.93,23.99,23.25,23.53,23801,55877661.99999999,0.0,15,24.0,0
20230330,1680105600000,23.5,23.92,23.23,23.580000000000002,14477,34090769.0,0.0,15,23.53,0
20230331,1680192000000,23.580000000000002,24.150000000000002,23.35,23.41,14205,33589776.0,0.0,15,23.580000000000002,0
20230403,1680451200000,23.28,23.73,23.16,23.32,18439,43056424.00000001,0.0,15,23.41,0
20230404,1680537600000,23.32,23.45,22.8,22.96,14695,33858638.00000001,0.0,15,23.32,0
20230406,1680710400000,22.95,23.849999999999998,22.95,23.79,23455,55199778.00000001,0.0,15,22.96,0
20230407,1680796800000,23.700000000000003,24.310000000000002,23.490000000000002,24.200000000000003,27816,66825063.00000001,0.0,15,23.790000000000003,0
20230410,1681056000000,24.18,24.48,23.72,24.18,26316,63627300.00000001,0.0,15,24.2,0
20230411,1681142400000,24.2,24.27,23.48,23.87,22167,52793067.00000001,0.0,15,24.18,0
20230412,1681228800000,23.95,24.13,23.7,23.8,13315,31803334.000000004,0.0,15,23.87,0
20230413,1681315200000,23.77,24.91,23.5,24.7,41821,102544626.0,0.0,15,23.8,0
20230414,1681401600000,24.6,25.080000000000002,24.310000000000002,24.590000000000003,28199,69491675.0,0.0,15,24.700000000000003,0
20230417,1681660800000,24.490000000000002,24.59,23.98,24.19,22508,54425435.00000001,0.0,15,24.59,0
20230418,1681747200000,24.18,24.279999999999998,23.72,23.93,15061,35958699.00000001,0.0,15,24.189999999999998,0
20230419,1681833600000,23.94,24.07,23.69,23.93,13859,33066353.0,0.0,15,23.93,0
20230420,1681920000000,23.8,23.89,23.2,23.3,17245,40324167.0,0.0,15,23.93,0
20230421,1682006400000,23.3,23.47,22.68,22.69,18897,43420723.0,0.0,15,23.3,0
20230424,1682265600000,22.810000000000002,22.810000000000002,21.3,21.55,31086,68335444.0,0.0,15,22.69,0
20230425,1682352000000,21.560000000000002,21.67,20.400000000000002,20.67,21520,44825182.0,0.0,15,21.55,0
20230426,1682438400000,20.7,21.32,20.7,21.07,14577,30818373.000000004,0.0,15,20.669999999999998,0
20230427,1682524800000,21.07,21.490000000000002,20.96,21.34,11642,24815362.0,0.0,15,21.07,0
20230428,1682611200000,21.34,21.87,21.19,21.73,13035,28211000.0,0.0,15,21.34,0
20230504,1683129600000,21.849999999999998,22.099999999999998,21.38,21.86,18589,40271941.00000001,0.0,15,21.73,0
20230505,1683216000000,21.799999999999997,21.959999999999997,21.31,21.419999999999998,9195,19818737.0,0.0,15,21.86,0
20230508,1683475200000,21.47,21.62,21.02,21.24,11853,25187928.0,0.0,15,21.419999999999998,0
20230509,1683561600000,21.24,21.24,20.86,20.86,10071,21127210.000000004,0.0,15,21.24,0
20230510,1683648000000,20.8,20.880000000000003,20.580000000000002,20.78,8825,18275271.0,0.0,15,20.860000000000003,0
20230511,1683734400000,20.88,21.08,20.7,20.87,7208,15047031.0,0.0,15,20.779999999999998,0
20230512,1683820800000,20.87,20.98,20.64,20.66,6087,12632312.0,0.0,15,20.87,0
20230515,1684080000000,20.55,21.0,20.46,20.93,8398,17398438.0,0.0,15,20.66,0
20230516,1684166400000,20.87,21.05,20.76,20.880000000000003,8756,18325993.0,0.0,15,20.930000000000003,0
20230517,1684252800000,20.96,21.17,20.71,21.14,7205,15117492.0,0.0,15,20.880000000000003,0
20230518,1684339200000,21.24,21.44,21.0,21.14,7753,16392753.0,0.0,15,21.14,0
20230519,1684425600000,21.14,21.39,21.1,21.35,8381,17830129.0,0.0,15,21.14,0
20230522,1684684800000,21.35,21.6,21.28,21.52,8245,17666704.000000004,0.0,15,21.35,0
20230523,1684771200000,21.52,21.54,21.2,21.259999999999998,7884,16857213.0,0.0,15,21.32,0
20230524,1684857600000,21.1,21.53,21.1,21.39,7977,17024415.0,0.0,15,21.26,0
20230525,1684944000000,21.39,21.39,20.900000000000002,21.23,7767,16424300.0,0.0,15,21.39,0
20230526,1685030400000,21.37,21.52,21.11,21.419999999999998,6576,14031329.0,0.0,15,21.23,0
20230529,1685289600000,21.860000000000003,21.860000000000003,21.150000000000002,21.380000000000003,9337,19945894.0,0.0,15,21.42,0
20230530,1685376000000,21.33,21.55,21.09,21.23,7696,16354952.000000002,0.0,15,21.38,0
20230531,1685462400000,21.17,21.53,21.17,21.23,9821,20962688.000000004,0.0,15,21.23,0
20230601,1685548800000,21.09,21.490000000000002,21.01,21.080000000000002,10891,23023219.0,0.0,15,21.23,0
20230602,1685635200000,21.09,21.28,20.96,21.1,9848,20795138.0,0.0,15,21.080000000000002,0
20230605,1685894400000,21.17,21.19,20.91,21.05,9298,19540569.0,0.0,15,21.1,0
20230606,1685980800000,21.1,21.11,20.46,20.53,10490,21770791.0,0.0,15,21.05,0
20230607,1686067200000,20.61,20.65,20.2,20.24,9489,19330458.0,0.0,15,20.529999999999998,0
20230608,1686153600000,20.23,20.37,19.900000000000002,20.14,11826,23775121.0,0.0,15,20.240000000000002,0
20230609,1686240000000,20.08,20.4,20.04,20.21,15697,31700928.0,0.0,15,20.14,0
20230612,1686499200000,20.29,20.41,19.79,20.38,14908,30022045.000000004,0.0,15,20.21,0
20230613,1686585600000,20.34,20.38,20.09,20.13,7586,15294410.0,0.0,15,20.38,0
20230614,1686672000000,20.080000000000002,20.21,19.94,20.130000000000003,6144,12339822.0,0.0,15,20.130000000000003,0
20230615,1686758400000,20.150000000000002,20.2,19.89,20.19,9663,19378618.999999996,0.0,15,20.13,0
20230616,1686844800000,20.09,20.35,20.09,20.3,9483,19199109.0,0.0,15,20.19,0
20230619,1687104000000,20.3,20.31,20.11,20.13,8140,16444877.0,0.0,15,20.3,0
20230620,1687190400000,20.11,20.23,19.87,19.94,8944,17852942.0,0.0,15,20.130000000000003,0
20230621,1687276800000,20.04,20.04,19.5,19.53,9187,18085779.000000004,0.0,15,19.94,0
20230626,1687708800000,19.69,19.69,19.18,19.31,7980,15438842.0,0.0,15,19.53,0
20230627,1687795200000,19.32,19.82,19.32,19.69,7861,15478157.0,0.0,15,19.31,0
20230628,1687881600000,19.69,19.86,19.39,19.560000000000002,6759,13221098.0,0.0,15,19.69,0
20230629,1687968000000,19.56,19.87,19.48,19.78,7959,15732798.0,0.0,15,19.56,0
20230630,1688054400000,19.970000000000002,20.380000000000003,19.78,20.17,11036,22276265.0,0.0,15,19.78,0
20230703,1688313600000,20.19,20.360000000000003,20.19,20.27,9726,19709182.0,0.0,15,20.17,0
20230704,1688400000000,20.270000000000003,20.360000000000003,20.1,20.25,7478,15122601.0,0.0,15,20.270000000000003,0
20230705,1688486400000,20.240000000000002,20.360000000000003,20.17,20.26,6525,13216368.0,0.0,15,20.25,0
20230706,1688572800000,20.26,20.26,19.94,19.990000000000002,7164,14372257.0,0.0,15,20.26,0
20230707,1688659200000,20.0,20.08,19.79,19.82,7390,14689158.0,0.0,15,19.99,0
20230710,1688918400000,20.01,20.180000000000003,19.900000000000002,20.020000000000003,8203,16419489.0,0.0,15,19.820000000000004,0
20230711,1689004800000,20.02,20.25,19.91,20.24,7496,15060095.000000002,0.0,15,20.02,0
20230712,1689091200000,20.3,20.330000000000002,19.85,19.87,6872,13798667.0,0.0,15,20.240000000000002,0
20230713,1689177600000,19.96,20.16,19.86,19.91,11691,23346148.0,0.0,15,19.87,0
20230714,1689264000000,19.919999999999998,20.04,19.81,19.83,10154,20221188.0,0.0,15,19.91,0
20230717,1689523200000,19.8,19.900000000000002,19.330000000000002,19.48,16188,31596138.0,0.0,15,19.830000000000002,0
20230718,1689609600000,19.470000000000002,19.78,19.46,19.630000000000003,10853,21278292.0,0.0,15,19.48,0
20230719,1689696000000,19.56,19.849999999999998,19.56,19.669999999999998,9106,17950973.0,0.0,15,19.63,0
20230720,1689782400000,19.660000000000004,19.76,19.490000000000002,19.500000000000004,13575,26634377.0,0.0,15,19.67,0
20230721,1689868800000,19.51,19.73,19.41,19.55,12622,24724028.0,0.0,15,19.5,0
20230724,1690128000000,19.56,19.84,19.47,19.709999999999997,11253,22148751.0,0.0,15,19.549999999999997,0
20230725,1690214400000,19.8,19.96,19.68,19.919999999999998,14597,28934019.0,0.0,15,19.71,0
20230726,1690300800000,19.99,20.21,19.93,19.96,14063,28204946.0,0.0,15,19.919999999999998,0
20230727,1690387200000,19.94,20.16,19.87,19.93,11261,22557512.0,0.0,15,19.96,0
20230728,1690473600000,19.81,20.099999999999998,19.72,20.09,11739,23392415.0,0.0,15,19.93,0
20230731,1690732800000,20.12,20.28,19.94,20.03,12644,25421573.0,0.0,15,20.09,0
20230801,1690819200000,19.95,20.169999999999998,19.88,19.95,10222,20436368.0,0.0,15,20.029999999999998,0
20230802,1690905600000,19.970000000000002,20.01,19.8,19.810000000000002,7165,14245092.000000002,0.0,15,19.95,0
20230803,1690992000000,19.82,20.55,19.68,20.31,25725,52169044.0,0.0,15,19.81,0
20230804,1691078400000,20.16,20.27,19.95,20.029999999999998,20312,40764581.0,0.0,15,20.31,0
20230807,1691337600000,19.94,19.94,19.41,19.44,18472,36090599.0,0.0,15,20.03,0
20230808,1691424000000,19.23,19.53,19.0,19.34,16470,31695388.0,0.0,15,19.44,0
20230809,1691510400000,19.340000000000003,19.880000000000003,19.240000000000002,19.700000000000003,19669,38636508.0,0.0,15,19.340000000000003,0
20230810,1691596800000,19.66,19.82,19.54,19.77,8553,16870583.0,0.0,15,19.7,0
20230811,1691683200000,19.84,20.2,19.73,19.77,19210,38403550.0,0.0,15,19.77,0
20230814,1691942400000,19.68,20.06,19.36,19.59,14004,27421302.999999996,0.0,15,19.77,0
20230815,1692028800000,19.56,19.8,19.36,19.57,11237,21957492.0,0.0,15,19.59,0
20230816,1692115200000,19.44,20.18,19.44,19.650000000000002,18132,36039277.99999999,0.0,15,19.57,0
20230817,1692201600000,19.509999999999998,19.75,19.22,19.66,12831,24979227.000000004,0.0,15,19.65,0
20230818,1692288000000,19.590000000000003,19.82,19.42,19.42,11895,23325303.0,0.0,15,19.66,0
20230821,1692547200000,18.95,18.95,17.81,17.99,45802,83377181.99999999,0.0,15,19.419999999999998,0
20230822,1692633600000,18.13,18.36,17.66,17.91,22318,40035756.0,0.0,15,17.99,0
20230823,1692720000000,17.990000000000002,18.04,17.71,17.73,13372,23889448.0,0.0,15,17.91,0
20230824,1692806400000,17.78,17.88,17.48,17.740000000000002,13240,23420593.0,0.0,15,17.73,0
20230825,1692892800000,17.73,18.01,17.490000000000002,17.55,13551,24005012.999999996,0.0,15,17.740000000000002,0
20230828,1693152000000,18.42,18.580000000000002,17.53,17.53,20625,37355078.0,0.0,15,17.55,0
20230829,1693238400000,17.55,18.42,17.55,18.400000000000002,19930,36224388.0,0.0,15,17.53,0
20230830,1693324800000,18.35,18.91,18.35,18.700000000000003,16563,31030346.0,0.0,15,18.400000000000002,0
20230831,1693411200000,18.74,18.84,18.5,18.76,11496,21451024.0,0.0,15,18.7,0
20230901,1693497600000,18.810000000000002,18.85,18.6,18.770000000000003,13055,24471167.0,0.0,15,18.76,0
20230904,1693756800000,18.830000000000002,18.98,18.580000000000002,18.680000000000003,11303,21131964.0,0.0,15,18.770000000000003,0
20230905,1693843200000,18.669999999999998,18.87,18.61,18.68,9126,17093282.0,0.0,15,18.68,0
20230906,1693929600000,18.64,18.77,18.5,18.63,10198,19025735.000000004,0.0,15,18.68,0
20230907,1694016000000,18.62,18.66,18.16,18.18,11977,21963516.0,0.0,15,18.63,0
20230908,1694102400000,18.189999999999998,18.4,18.13,18.24,8214,15012736.0,0.0,15,18.18,0
20230911,1694361600000,18.24,18.88,18.16,18.82,14878,27708256.000000004,0.0,15,18.24,0
20230912,1694448000000,18.88,19.38,18.75,19.21,16636,31772393.0,0.0,15,18.82,0
20230913,1694534400000,19.2,19.27,18.72,18.86,11232,21276123.0,0.0,15,19.209999999999997,0
20230914,1694620800000,18.87,19.099999999999998,18.77,18.95,10708,20275430.0,0.0,15,18.86,0
20230915,1694707200000,19.0,19.55,18.71,19.32,15333,29572642.000000004,0.0,15,18.95,0
20230918,1694966400000,19.32,19.529999999999998,19.22,19.39,11720,22701850.000000004,0.0,15,19.32,0
20230919,1695052800000,19.39,19.57,19.19,19.290000000000003,13463,26023201.0,0.0,15,19.39,0
20230920,1695139200000,19.29,19.48,19.13,19.22,10753,20746575.0,0.0,15,19.29,0
20230921,1695225600000,19.06,19.34,18.95,19.029999999999998,8619,16426558.0,0.0,15,19.22,0
20230922,1695312000000,19.03,19.330000000000002,18.8,19.240000000000002,12499,23805968.0,0.0,15,19.03,0
20230925,1695571200000,19.220000000000002,19.450000000000003,19.03,19.35,12286,23652013.0,0.0,15,19.240000000000002,0
20230926,1695657600000,19.38,19.38,19.05,19.080000000000002,8252,15820367.999999998,0.0,15,19.35,0
20230927,1695744000000,19.11,19.52,19.04,19.41,11882,22980180.0,0.0,15,19.08,0
20230928,1695830400000,19.44,19.490000000000002,19.23,19.3,8858,17102238.0,0.0,15,19.41,0
20231009,1696780800000,19.25,19.49,19.0,19.18,14568,27874147.0,0.0,15,19.3,0
20231010,1696867200000,19.270000000000003,19.290000000000003,18.85,18.92,11516,21927405.0,0.0,15,19.18,0
20231011,1696953600000,18.92,19.610000000000003,18.92,19.3,15406,29789677.0,0.0,15,18.92,0
20231012,1697040000000,19.35,19.65,19.16,19.34,12492,24221118.0,0.0,15,19.3,0
20231013,1697126400000,19.35,19.55,19.240000000000002,19.430000000000003,10409,20195928.0,0.0,15,19.340000000000003,0
20231016,1697385600000,19.439999999999998,19.68,19.13,19.189999999999998,8866,17108155.0,0.0,15,19.43,0
20231017,1697472000000,19.310000000000002,19.520000000000003,18.830000000000002,19.12,12073,22971277.0,0.0,15,19.19,0
20231018,1697558400000,19.12,19.180000000000003,18.490000000000002,18.53,10688,19979281.0,0.0,15,19.12,0
20231019,1697644800000,18.5,18.68,18.2,18.349999999999998,8953,16531546.0,0.0,15,18.529999999999998,0
20231020,1697731200000,18.31,18.65,18.07,18.12,9046,16504329.000000002,0.0,15,18.35,0
20231023,1697990400000,18.060000000000002,18.110000000000003,17.6,17.700000000000003,11988,21307792.0,0.0,15,18.12,0
20231024,1698076800000,17.84,18.12,17.55,18.03,14019,25059471.999999996,0.0,15,17.7,0
20231025,1698163200000,17.830000000000002,17.98,16.64,16.8,54117,91380617.0,0.0,15,18.03,0
20231026,1698249600000,16.6,16.6,15.96,16.36,35911,58225865.0,0.0,15,16.8,0
20231027,1698336000000,16.25,17.39,16.16,17.31,42365,71527396.0,0.0,15,16.36,0
20231030,1698595200000,17.27,17.88,17.2,17.8,30238,53467154.0,0.0,15,17.31,0
20231031,1698681600000,17.67,18.05,17.6,17.98,18154,32483045.0,0.0,15,17.8,0
20231101,1698768000000,17.970000000000002,18.150000000000002,17.78,18.07,15869,28634524.999999996,0.0,15,17.98,0
20231102,1698854400000,18.01,18.32,17.89,17.900000000000002,12777,23029092.999999996,0.0,15,18.07,0
20231103,1698940800000,17.95,18.14,17.88,17.98,9795,17636164.0,0.0,15,17.9,0
20231106,1699200000000,18.01,18.55,18.01,18.5,11844,21761651.0,0.0,15,17.98,0
20231107,1699286400000,18.48,18.490000000000002,18.26,18.380000000000003,9328,17163433.0,0.0,15,18.5,0
20231108,1699372800000,18.38,18.88,18.27,18.74,16750,31294845.0,0.0,15,18.38,0
20231109,1699459200000,18.76,18.94,18.330000000000002,18.53,12746,23709487.000000004,0.0,15,18.740000000000002,0
20231110,1699545600000,18.55,18.7,18.18,18.45,11036,20390384.0,0.0,15,18.53,0
20231113,1699804800000,18.6,18.78,18.44,18.610000000000003,14105,26186702.000000004,0.0,15,18.450000000000003,0
20231114,1699891200000,18.88,18.88,18.64,18.68,12465,23336015.0,0.0,15,18.61,0
20231115,1699977600000,18.79,18.849999999999998,18.38,18.459999999999997,13331,24682385.0,0.0,15,18.68,0
20231116,1700064000000,18.48,18.54,18.22,18.259999999999998,9031,16542048.000000002,0.0,15,18.459999999999997,0
20231117,1700150400000,18.29,18.92,18.07,18.88,17911,33393554.0,0.0,15,18.26,0
20231120,1700409600000,18.7,19.45,18.7,19.2,26003,49799879.00000001,0.0,15,18.88,0
20231121,1700496000000,19.200000000000003,19.53,19.03,19.12,18457,35631408.0,0.0,15,19.200000000000003,0
20231122,1700582400000,19.09,19.2,18.8,18.89,12718,24157916.0,0.0,15,19.12,0
20231123,1700668800000,18.880000000000003,19.18,18.85,19.01,12407,23547368.0,0.0,15,18.89,0
20231124,1700755200000,19.009999999999998,19.279999999999998,18.88,19.029999999999998,21610,41185187.0,0.0,15,19.009999999999998,0
20231127,1701014400000,19.169999999999998,19.169999999999998,18.47,18.68,23605,44322695.0,0.0,15,19.029999999999998,0
20231128,1701100800000,18.67,19.240000000000002,18.57,19.12,19825,37599779.0,0.0,15,18.68,0
20231129,1701187200000,18.99,19.22,18.86,18.89,13585,25859206.999999996,0.0,15,19.12,0
20231130,1701273600000,18.880000000000003,19.05,18.71,18.92,12178,22973952.0,0.0,15,18.89,0
20231201,1701360000000,18.89,19.130000000000003,18.87,19.02,14327,27206787.0,0.0,15,18.92,0
20231204,1701619200000,18.99,19.04,18.75,18.83,12051,22760250.0,0.0,15,19.02,0
20231205,1701705600000,18.849999999999998,18.97,18.61,18.61,11910,22330257.000000004,0.0,15,18.83,0
20231206,1701792000000,18.580000000000002,18.87,18.42,18.67,10087,18797541.0,0.0,15,18.610000000000003,0
20231207,1701878400000,18.580000000000002,18.930000000000003,18.400000000000002,18.53,12911,24079932.000000004,0.0,15,18.67,0
20231208,1701964800000,18.53,18.74,18.34,18.55,14917,27664133.000000004,0.0,15,18.53,0
20231211,1702224000000,18.470000000000002,18.5,18.01,18.23,20873,38064596.0,0.0,15,18.55,0
20231212,1702310400000,18.22,18.22,17.73,17.87,17319,30956941.0,0.0,15,18.23,0
20231213,1702396800000,17.86,18.14,17.71,17.87,12065,21719519.000000004,0.0,15,17.87,0
20231214,1702483200000,17.97,18.3,17.86,17.9,15985,28905293.0,0.0,15,17.87,0
20231215,1702569600000,17.92,18.02,17.64,17.78,9581,17039809.0,0.0,15,17.900000000000002,0
20231218,1702828800000,17.73,17.97,17.45,17.54,13808,24490940.0,0.0,15,17.779999999999998,0
20231219,1702915200000,17.57,17.77,17.47,17.689999999999998,10517,18515105.000000004,0.0,15,17.54,0
20231220,1703001600000,17.87,17.96,17.68,17.68,7510,13381077.000000002,0.0,15,17.69,0
20231221,1703088000000,17.63,17.82,17.25,17.75,10589,18562532.0,0.0,15,17.68,0
20231222,1703174400000,17.740000000000002,17.740000000000002,17.26,17.310000000000002,13587,23684495.0,0.0,15,17.75,0
20231225,1703433600000,17.3,17.430000000000003,17.080000000000002,17.250000000000004,12184,21001259.0,0.0,15,17.310000000000002,0
20231226,1703520000000,17.55,17.55,16.98,17.11,9456,16170316.000000002,0.0,15,17.25,0
20231227,1703606400000,17.15,17.22,16.9,17.07,10018,17050743.0,0.0,15,17.11,0
20231228,1703692800000,17.2,17.41,16.81,17.29,11881,20378977.0,0.0,15,17.07,0
20231229,1703779200000,17.35,17.67,17.25,17.65,9275,16254748.0,0.0,15,17.29,0
20240102,1704124800000,17.74,17.919999999999998,17.56,17.79,13062,23157140.0,0.0,15,17.65,0
20240103,1704211200000,17.93,18.02,17.54,17.65,10005,17749192.0,0.0,15,17.79,0
20240104,1704297600000,17.69,17.71,17.52,17.68,6428,11322707.0,0.0,15,17.65,0
20240105,1704384000000,17.64,17.700000000000003,17.150000000000002,17.220000000000002,11503,20061566.0,0.0,15,17.680000000000003,0
20240108,1704643200000,17.150000000000002,17.21,16.78,16.78,11981,20322344.0,0.0,15,17.220000000000002,0
20240109,1704729600000,16.79,17.16,16.79,16.919999999999998,10232,17370330.0,0.0,15,16.779999999999998,0
20240110,1704816000000,16.94,17.16,16.64,16.86,9645,16339870.0,0.0,15,16.92,0
20240111,1704902400000,16.91,17.19,16.76,17.16,8932,15167975.000000002,0.0,15,16.860000000000003,0
20240112,1704988800000,17.15,17.29,16.93,16.95,9122,15599676.0,0.0,15,17.16,0
20240115,1705248000000,16.939999999999998,17.05,16.7,16.87,9382,15816599.000000002,0.0,15,16.95,0
20240116,1705334400000,16.84,16.98,16.6,16.78,10797,18078040.999999996,0.0,15,16.87,0
20240117,1705420800000,16.709999999999997,16.95,16.38,16.39,10161,16910825.0,0.0,15,16.779999999999998,0
20240118,1705507200000,16.37,16.39,15.530000000000001,15.950000000000001,21328,33829070.0,0.0,15,16.39,0
20240119,1705593600000,15.96,16.1,15.73,15.77,10597,16848358.0,0.0,15,15.950000000000001,0
20240122,1705852800000,15.75,15.87,14.69,14.79,18693,28557689.0,0.0,15,15.77,0
20240123,1705939200000,14.780000000000001,14.96,14.32,14.6,18446,26870008.0,0.0,15,14.790000000000001,0
20240124,1706025600000,14.67,14.86,14.08,14.68,17893,25871273.0,0.0,15,14.6,0
20240125,1706112000000,14.78,15.56,14.67,15.47,21095,31916262.0,0.0,15,14.68,0
20240126,1706198400000,15.55,15.700000000000001,15.040000000000001,15.24,20300,31331085.0,0.0,15,15.47,0
20240129,1706457600000,15.24,15.420000000000002,14.63,14.63,16863,25165181.0,0.0,15,15.24,0
20240130,1706544000000,14.74,14.790000000000001,14.22,14.24,16502,24009007.0,0.0,15,14.63,0
20240131,1706630400000,14.26,14.26,13.11,13.229999999999999,22845,30948747.0,0.0,15,14.24,0
20240201,1706716800000,13.21,13.33,12.71,12.99,21670,28140544.0,0.0,15,13.23,0
20240202,1706803200000,12.92,13.32,11.84,12.28,28696,35785726.0,0.0,15,12.99,0
20240205,1707062400000,12.06,12.16,10.42,10.8,41155,45396615.00000001,0.0,15,12.28,0
20240206,1707148800000,10.549999999999999,11.48,9.94,11.129999999999999,38680,41204385.00000001,0.0,15,10.799999999999999,0
20240207,1707235200000,11.129999999999999,11.379999999999999,10.42,10.6,42632,46755044.0,0.0,15,11.129999999999999,0
20240208,1707321600000,10.790000000000001,12.200000000000001,10.4,12.030000000000001,50295,56586958.0,0.0,15,10.6,0
20240219,1708272000000,12.03,12.66,12.0,12.45,37961,46783301.0,0.0,15,12.03,0
20240220,1708358400000,12.23,12.73,12.18,12.69,21276,26705596.0,0.0,15,12.45,0
20240221,1708444800000,12.65,13.309999999999999,12.52,13.0,26090,33819931.99999999,0.0,15,12.69,0
20240222,1708531200000,12.89,13.26,12.82,13.14,18435,24110819.0,0.0,15,13.0,0
20240223,1708617600000,13.15,13.74,13.0,13.61,23510,31268546.999999996,0.0,15,13.14,0
20240226,1708876800000,13.65,14.290000000000001,13.49,13.89,24567,34236429.0,0.0,15,13.61,0
20240227,1708963200000,13.9,14.19,13.75,14.06,16837,23468614.0,0.0,15,13.89,0
20240228,1709049600000,14.06,14.38,12.89,12.91,43618,59290135.0,0.0,15,14.06,0
20240229,1709136000000,12.75,13.26,12.66,13.23,29244,38150127.0,0.0,15,12.91,0
20240301,1709222400000,13.250000000000002,13.33,13.040000000000001,13.190000000000001,20405,26937524.000000004,0.0,15,13.23,0
20240304,1709481600000,13.270000000000001,13.530000000000001,13.030000000000001,13.3,20658,27387033.0,0.0,15,13.190000000000001,0
20240305,1709568000000,13.28,13.28,12.93,13.02,16492,21576483.0,0.0,15,13.299999999999999,0
20240306,1709654400000,12.930000000000001,13.280000000000001,12.88,13.100000000000001,13761,17991532.0,0.0,15,13.020000000000001,0
20240307,1709740800000,13.13,13.280000000000001,12.96,12.96,15019,19683848.0,0.0,15,13.100000000000001,0
20240308,1709827200000,13.040000000000001,13.15,12.870000000000001,13.14,11766,15340026.0,0.0,15,12.96,0
20240311,1710086400000,13.290000000000001,13.870000000000001,13.16,13.69,27131,36759471.0,0.0,15,13.14,0
20240312,1710172800000,13.68,13.99,13.6,13.799999999999999,20276,27907066.0,0.0,15,13.69,0
20240313,1710259200000,13.83,13.92,13.6,13.82,13150,18102247.0,0.0,15,13.799999999999999,0
20240314,1710345600000,13.82,14.14,13.71,13.96,21905,30601549.0,0.0,15,13.82,0
20240315,1710432000000,13.8,14.030000000000001,13.620000000000001,13.830000000000002,22158,30512480.0,0.0,15,13.96,0
20240318,1710691200000,13.930000000000001,14.240000000000002,13.700000000000001,14.21,22209,31141034.0,0.0,15,13.830000000000002,0
20240319,1710777600000,14.18,14.35,14.11,14.2,17295,24609380.000000004,0.0,15,14.209999999999999,0
20240320,1710864000000,14.219999999999999,14.99,14.1,14.87,32446,47528344.0,0.0,15,14.2,0
20240321,1710950400000,14.799999999999999,14.879999999999999,14.61,14.7,20700,30454480.0,0.0,15,14.87,0
20240322,1711036800000,14.63,14.65,13.96,14.170000000000002,20450,29044286.0,0.0,15,14.700000000000001,0
20240325,1711296000000,14.010000000000002,14.23,13.63,13.67,18306,25551604.0,0.0,15,14.170000000000002,0
20240326,1711382400000,13.65,13.81,13.38,13.590000000000002,14581,19804649.0,0.0,15,13.67,0
20240327,1711468800000,13.58,15.600000000000001,13.48,14.030000000000001,62996,92512502.00000001,0.0,15,13.59,0
20240328,1711555200000,13.5,14.2,13.41,13.93,47125,65156245.0,0.0,15,14.03,0
20240329,1711641600000,13.92,14.07,13.65,14.02,26160,36257315.00000001,0.0,15,13.93,0
20240401,1711900800000,14.14,14.4,13.91,14.33,28546,40369304.99999999,0.0,15,14.02,0
20240402,1711987200000,14.38,14.38,14.06,14.17,18677,26441262.0,0.0,15,14.33,0
20240403,1712073600000,14.14,14.420000000000002,14.030000000000001,14.270000000000001,20641,29361127.0,0.0,15,14.170000000000002,0
20240408,1712505600000,14.170000000000002,14.190000000000001,13.530000000000001,13.540000000000001,23738,32880361.0,0.0,15,14.270000000000001,0
20240409,1712592000000,13.5,14.5,13.48,14.34,33145,46959374.0,0.0,15,13.540000000000001,0
20240410,1712678400000,14.27,14.48,13.84,13.959999999999999,19680,27637116.000000004,0.0,15,14.34,0
20240411,1712764800000,13.85,14.08,13.74,13.88,14494,20224210.0,0.0,15,13.96,0
20240412,1712851200000,13.8,14.08,13.63,13.67,11711,16122132.0,0.0,15,13.88,0
20240415,1713110400000,13.500000000000002,13.98,12.620000000000001,12.88,25626,33658362.99999999,0.0,15,13.670000000000002,0
20240416,1713196800000,12.74,12.79,11.86,11.86,21572,26130963.0,0.0,15,12.879999999999999,0
20240417,1713283200000,12.01,13.0,12.01,12.84,23552,29850844.000000004,0.0,15,11.86,0
20240418,1713369600000,12.85,12.92,12.42,12.73,16457,20920596.0,0.0,15,12.84,0
20240419,1713456000000,12.590000000000002,12.850000000000001,12.46,12.55,9736,12269062.0,0.0,15,12.73,0
20240422,1713715200000,12.49,13.040000000000001,12.23,12.96,16248,20674713.999999996,0.0,15,12.55,0
20240423,1713801600000,12.65,12.97,12.23,12.88,21196,26810478.0,0.0,15,12.96,0
20240424,1713888000000,12.8,13.270000000000001,12.700000000000001,13.260000000000002,13624,17886704.0,0.0,15,12.88,0
20240425,1713974400000,13.25,13.66,13.14,13.610000000000001,12654,17121443.0,0.0,15,13.26,0
20240426,1714060800000,13.5,13.82,13.48,13.73,19070,26045576.0,0.0,15,13.610000000000001,0
20240429,1714320000000,13.86,14.5,13.75,14.36,23073,32748165.000000004,0.0,15,13.73,0
20240430,1714406400000,14.38,14.55,14.25,14.39,15092,21751270.000000004,0.0,15,14.36,0
20240506,1714924800000,14.73,14.73,14.33,14.37,16446,23827684.0,0.0,15,14.39,0
20240507,1715011200000,14.5,14.59,14.34,14.5,14474,20924093.0,0.0,15,14.37,0
20240508,1715097600000,14.44,14.979999999999999,14.36,14.719999999999999,24853,36695397.0,0.0,15,14.5,0
20240509,1715184000000,14.68,15.0,14.56,14.83,19730,29264062.000000004,0.0,15,14.72,0
20240510,1715270400000,14.99,14.99,14.36,14.43,17398,25417038.0,0.0,15,14.83,0
20240513,1715529600000,14.42,14.42,13.89,13.98,18248,25655110.0,0.0,15,14.43,0
20240514,1715616000000,14.05,14.290000000000001,13.98,14.120000000000001,10978,15562181.0,0.0,15,13.98,0
20240515,1715702400000,14.12,14.13,13.83,13.86,13111,18294626.0,0.0,15,14.12,0
20240516,1715788800000,13.96,14.19,13.83,13.98,12168,17075168.0,0.0,15,13.86,0
20240517,1715875200000,13.98,14.1,13.85,14.049999999999999,12402,17309890.0,0.0,15,13.98,0
20240520,1716134400000,14.05,14.24,14.0,14.03,13900,19567424.0,0.0,15,14.05,0
20240521,1716220800000,13.99,14.000000000000002,13.620000000000001,13.700000000000001,16744,23054561.0,0.0,15,14.030000000000001,0
20240522,1716307200000,14.200000000000001,15.65,14.15,14.57,78375,115930816.0,0.0,15,13.700000000000001,0
20240523,1716393600000,14.120000000000001,14.39,13.200000000000001,13.280000000000001,61390,83526787.0,0.0,15,14.420000000000002,0
20240524,1716480000000,13.28,13.379999999999999,12.93,12.99,26954,35310200.00000001,0.0,15,13.28,0
20240527,1716739200000,12.85,13.040000000000001,12.66,13.03,20402,26215849.0,0.0,15,12.99,0
20240528,1716825600000,12.910000000000002,13.13,12.780000000000001,12.98,16752,21784598.0,0.0,15,13.030000000000001,0
20240529,1716912000000,12.8,13.24,12.8,13.08,15590,20420330.0,0.0,15,12.98,0
20240530,1716998400000,13.03,13.29,12.94,13.049999999999999,13872,18199963.0,0.0,15,13.08,0
20240531,1717084800000,13.04,13.32,13.02,13.27,15350,20208464.0,0.0,15,13.049999999999999,0
20240603,1717344000000,13.260000000000002,13.260000000000002,12.71,12.82,16734,21647360.000000004,0.0,15,13.270000000000001,0
20240604,1717430400000,12.770000000000001,12.770000000000001,12.200000000000001,12.46,16495,20509040.000000004,0.0,15,12.82,0
20240605,1717516800000,12.46,12.690000000000001,12.200000000000001,12.250000000000002,11634,14340462.0,0.0,15,12.46,0
20240606,1717603200000,12.24,12.31,11.38,11.58,27563,32248198.0,0.0,15,12.25,0
20240607,1717689600000,11.66,12.0,11.66,11.93,13848,16440952.0,0.0,15,11.58,0
20240611,1718035200000,11.94,12.1,11.6,12.04,11278,13398733.000000002,0.0,15,11.93,0
20240612,1718121600000,11.97,12.370000000000001,11.96,12.24,11406,13923989.0,0.0,15,12.040000000000001,0
20240613,1718208000000,12.260000000000002,12.360000000000001,12.13,12.260000000000002,11824,14488377.000000002,0.0,15,12.24,0
20240614,1718294400000,12.219999999999999,12.4,12.02,12.18,9440,11461955.000000002,0.0,15,12.26,0
20240617,1718553600000,12.0,12.08,11.83,11.88,10725,12790783.0,0.0,15,12.18,0
20240618,1718640000000,11.9,12.08,11.85,12.02,8852,10605634.999999998,0.0,15,11.879999999999999,0
20240619,1718726400000,12.020000000000001,12.23,11.870000000000001,11.97,9376,11263058.0,0.0,15,12.020000000000001,0
20240620,1718812800000,11.92,12.14,11.76,11.79,11476,13647124.000000002,0.0,15,11.97,0
20240621,1718899200000,11.68,11.93,11.6,11.84,6991,8258434.0,0.0,15,11.79,0
20240624,1719158400000,11.7,11.75,11.18,11.219999999999999,12703,14436927.0,0.0,15,11.84,0
20240625,1719244800000,11.2,11.44,11.11,11.26,10510,11855078.0,0.0,15,11.219999999999999,0
20240626,1719331200000,11.200000000000001,12.040000000000001,11.14,12.01,16172,18798862.0,0.0,15,11.26,0
20240627,1719417600000,11.91,12.170000000000002,11.71,11.780000000000001,13141,15715137.0,0.0,15,12.010000000000002,0
20240628,1719504000000,11.770000000000001,12.030000000000001,11.620000000000001,11.64,10101,11967755.0,0.0,15,11.780000000000001,0
20240701,1719763200000,11.65,11.85,11.4,11.81,9583,11150791.999999998,0.0,15,11.64,0
20240702,1719849600000,11.78,12.04,11.76,11.9,7381,8793190.0,0.0,15,11.81,0
20240703,1719936000000,11.9,11.99,11.700000000000001,11.73,6903,8159696.0,0.0,15,11.9,0
20240704,1720022400000,11.65,11.72,11.16,11.2,10568,11998110.000000002,0.0,15,11.73,0
20240705,1720108800000,11.12,11.66,11.01,11.629999999999999,9460,10792663.000000002,0.0,15,11.2,0
20240708,1720368000000,11.530000000000001,11.63,11.13,11.200000000000001,7531,8493755.000000002,0.0,15,11.63,0
20240709,1720454400000,11.200000000000001,11.370000000000001,10.82,11.22,10425,11575841.0,0.0,15,11.200000000000001,0
20240710,1720540800000,11.149999999999999,11.299999999999999,11.03,11.2,6698,7503812.000000001,0.0,15,11.219999999999999,0
20240711,1720627200000,11.39,11.89,11.25,11.7,12273,14228055.0,0.0,15,11.2,0
20240712,1720713600000,11.72,11.93,11.66,11.69,6953,8181862.0,0.0,15,11.7,0
20240715,1720972800000,11.6,11.63,11.25,11.31,7347,8345278.0,0.0,15,11.69,0
20240716,1721059200000,11.299999999999999,11.48,11.18,11.28,7824,8825219.0,0.0,15,11.31,0
20240717,1721145600000,11.26,11.36,11.07,11.26,6024,6769293.0,0.0,15,11.280000000000001,0
20240718,1721232000000,11.120000000000001,11.290000000000001,10.91,11.24,7349,8160834.999999999,0.0,15,11.26,0
20240719,1721318400000,11.2,11.41,11.09,11.29,5456,6147487.0,0.0,15,11.24,0
20240722,1721577600000,11.39,11.41,11.22,11.38,6379,7237705.999999999,0.0,15,11.290000000000001,0
20240723,1721664000000,11.360000000000001,11.360000000000001,11.06,11.08,11717,13150581.000000002,0.0,15,11.38,0
20240724,1721750400000,11.0,11.1,10.65,10.74,15130,16326157.0,0.0,15,11.08,0
20240725,1721836800000,10.72,11.040000000000001,10.65,10.860000000000001,10284,11150770.0,0.0,15,10.74,0
20240726,1721923200000,10.950000000000001,11.040000000000001,10.81,10.940000000000001,7393,8075852.0,0.0,15,10.860000000000001,0
20240729,1722182400000,10.99,11.020000000000001,10.81,10.91,7128,7778680.0,0.0,15,10.940000000000001,0
20240730,1722268800000,10.91,11.15,10.8,11.05,11171,12272641.000000002,0.0,15,10.91,0
20240731,1722355200000,11.0,11.5,10.94,11.5,10966,12418036.0,0.0,15,11.049999999999999,0
20240801,1722441600000,11.5,11.85,11.48,11.57,10455,12168788.0,0.0,15,11.5,0
20240802,1722528000000,11.56,11.9,11.3,11.57,13876,16270114.0,0.0,15,11.57,0
20240805,1722787200000,11.51,11.8,11.34,11.34,16831,19496736.0,0.0,15,11.57,0
20240806,1722873600000,11.35,11.719999999999999,11.35,11.69,12851,14941648.0,0.0,15,11.34,0
20240807,1722960000000,11.8,11.8,11.48,11.64,9516,11041310.999999998,0.0,15,11.690000000000001,0
20240808,1723046400000,11.61,11.799999999999999,11.6,11.7,11887,13917413.0,0.0,15,11.639999999999999,0
20240809,1723132800000,11.690000000000001,11.850000000000001,11.55,11.58,8957,10473881.000000002,0.0,15,11.700000000000001,0
20240812,1723392000000,11.73,12.16,11.68,11.969999999999999,28582,34268259.0,0.0,15,11.58,0
20240813,1723478400000,11.83,11.9,11.48,11.66,19752,22909166.0,0.0,15,11.97,0
20240814,1723564800000,11.55,11.64,11.48,11.59,12201,14101311.0,0.0,15,11.66,0
20240815,1723651200000,12.14,12.53,11.76,11.79,37230,44871394.0,0.0,15,11.59,0
20240816,1723737600000,11.82,14.15,11.65,14.15,99467,131854974.0,0.0,15,11.790000000000001,0
20240819,1723996800000,15.23,16.5,15.01,15.15,223056,350285969.0,0.0,15,14.15,0
20240820,1724083200000,13.48,15.19,13.34,13.92,158653,224313081.99999997,0.0,15,15.15,0
20240821,1724169600000,13.39,13.490000000000002,12.530000000000001,12.63,127445,163745628.0,0.0,15,13.920000000000002,0
20240822,1724256000000,12.93,13.129999999999999,11.93,12.15,90265,111840491.0,0.0,15,12.629999999999999,0
20240823,1724342400000,11.9,12.6,11.69,12.03,75498,91436941.0,0.0,15,12.15,0
20240826,1724601600000,11.700000000000001,11.72,11.06,11.47,81589,92593682.0,0.0,15,12.030000000000001,0
20240827,1724688000000,11.48,13.0,11.47,12.18,112359,138408615.0,0.0,15,11.47,0
20240828,1724774400000,11.879999999999999,12.5,11.52,11.77,84230,100248871.0,0.0,15,12.18,0
20240829,1724860800000,11.74,12.35,11.53,12.08,75029,89707675.0,0.0,15,11.77,0
20240830,1724947200000,12.040000000000001,12.46,12.030000000000001,12.31,70320,86480568.0,0.0,15,12.080000000000002,0
20240902,1725206400000,12.540000000000001,13.31,12.370000000000001,12.41,107224,136926638.0,0.0,15,12.31,0
20240903,1725292800000,12.22,13.3,12.06,12.83,109475,139094115.0,0.0,15,12.41,0
20240904,1725379200000,12.66,13.44,12.59,13.31,108242,141170400.00000003,0.0,15,12.83,0
20240905,1725465600000,13.000000000000002,13.280000000000001,12.780000000000001,12.870000000000001,76418,99050018.00000001,0.0,15,13.31,0
20240906,1725552000000,12.760000000000002,12.850000000000001,12.21,12.270000000000001,65038,80658591.0,0.0,15,12.870000000000001,0
20240909,1725811200000,12.3,14.22,12.280000000000001,13.170000000000002,142216,189318501.00000003,0.0,15,12.270000000000001,0
20240910,1725897600000,13.17,13.5,12.73,12.8,86618,112247535.00000001,0.0,15,13.17,0
20240911,1725984000000,12.84,13.0,12.6,12.7,57778,73792772.99999999,0.0,15,12.799999999999999,0
20240912,1726070400000,12.790000000000001,12.99,12.370000000000001,12.420000000000002,61909,78169614.00000001,0.0,15,12.700000000000001,0
20240913,1726156800000,12.290000000000001,12.51,12.15,12.18,44898,55186676.0,0.0,15,12.42,0
20240918,1726588800000,12.100000000000001,12.16,11.64,11.850000000000001,36769,43459836.0,0.0,15,12.18,0
20240919,1726675200000,11.899999999999999,12.129999999999999,11.78,12.02,31713,38043213.0,0.0,15,11.85,0
20240920,1726761600000,11.98,12.030000000000001,11.700000000000001,11.82,31536,37263465.0,0.0,15,12.020000000000001,0
20240923,1727020800000,11.81,11.88,11.58,11.65,25699,30061409.0,0.0,15,11.82,0
20240924,1727107200000,11.709999999999999,12.04,11.52,12.04,36321,42926973.0,0.0,15,11.65,0
20240925,1727193600000,12.090000000000002,12.47,12.040000000000001,12.360000000000001,54248,66762413.00000001,0.0,15,12.040000000000001,0
20240926,1727280000000,12.350000000000001,12.690000000000001,12.14,12.690000000000001,45231,56351428.00000001,0.0,15,12.360000000000001,0
20240927,1727366400000,12.88,13.870000000000001,12.8,13.510000000000002,81874,109161019.0,0.0,15,12.690000000000001,0
20240930,1727625600000,14.3,15.36,13.75,14.86,155079,228391542.0,0.0,15,13.51,0
20241008,1728316800000,17.67,17.68,15.280000000000001,16.330000000000002,168461,275089904.0,0.0,15,14.860000000000001,0
20241009,1728403200000,15.94,15.98,14.25,14.25,108505,162409648.0,0.0,15,16.33,0
20241010,1728489600000,14.46,15.73,14.46,14.89,89892,135831938.0,0.0,15,14.25,0
20241011,1728576000000,15.180000000000001,15.200000000000001,13.96,14.15,54546,78270183.00000001,0.0,15,14.89,0
20241014,1728835200000,14.15,14.72,13.88,14.680000000000001,49331,70632890.0,0.0,15,14.15,0
20241015,1728921600000,14.62,14.84,14.36,14.5,38924,56895599.0,0.0,15,14.68,0
20241016,1729008000000,14.31,14.780000000000001,14.21,14.49,34603,50247099.00000001,0.0,15,14.5,0
20241017,1729094400000,14.49,14.76,14.36,14.379999999999999,28466,41467259.00000001,0.0,15,14.49,0
20241018,1729180800000,14.33,14.98,14.23,14.64,53385,77821788.0,0.0,15,14.38,0
20241021,1729440000000,14.64,15.08,14.49,14.85,51403,75843284.0,0.0,15,14.64,0
20241022,1729526400000,14.8,15.55,14.790000000000001,15.250000000000002,64975,98656959.0,0.0,15,14.850000000000001,0
20241023,1729612800000,15.09,15.17,14.76,14.86,63051,94348922.0,0.0,15,15.25,0
20241024,1729699200000,14.81,15.280000000000001,14.790000000000001,14.88,47019,70567947.0,0.0,15,14.860000000000001,0
20241025,1729785600000,14.790000000000001,15.180000000000001,14.790000000000001,15.000000000000002,56516,84628002.0,0.0,15,14.88,0
20241028,1730044800000,15.120000000000001,15.3,14.91,15.25,54605,82533158.0,0.0,15,15.0,0
20241029,1730131200000,15.56,15.9,14.81,14.83,62072,94823724.0,0.0,15,15.25,0
20241030,1730217600000,14.700000000000001,14.88,14.24,14.39,49536,71839876.0,0.0,15,14.83,0
20241031,1730304000000,14.45,14.48,14.26,14.4,41112,59068945.0,0.0,15,14.39,0
20241101,1730390400000,14.35,14.4,13.76,13.87,43445,60760736.0,0.0,15,14.4,0
20241104,1730649600000,14.09,14.28,14.0,14.28,37156,52759067.0,0.0,15,13.87,0
20241105,1730736000000,14.31,14.66,14.24,14.56,47828,69384528.00000001,0.0,15,14.28,0
20241106,1730822400000,14.58,14.74,14.4,14.5,48375,70430460.0,0.0,15,14.56,0
20241107,1730908800000,14.45,14.91,14.33,14.88,59332,87443740.00000001,0.0,15,14.5,0
20241108,1730995200000,15.15,15.23,14.81,14.950000000000001,58301,87223971.0,0.0,15,14.88,0
20241111,1731254400000,14.89,15.120000000000001,14.780000000000001,15.090000000000002,56417,84471093.99999999,0.0,15,14.950000000000001,0
20241112,1731340800000,15.13,15.99,15.13,15.440000000000001,107467,167787305.0,0.0,15,15.090000000000002,0
20241113,1731427200000,16.99,18.53,16.86,18.53,90288,164165929.0,0.0,15,15.44,0
20241114,1731513600000,18.53,19.2,16.41,16.7,260943,456611084.99999994,0.0,15,18.53,0
20241115,1731600000000,16.36,17.76,16.14,16.580000000000002,194834,329645251.0,0.0,15,16.7,0
20241118,1731859200000,16.6,16.82,15.46,15.700000000000001,129827,206038040.0,0.0,15,16.580000000000002,0
20241119,1731945600000,15.8,16.5,15.700000000000001,16.21,104639,167762605.00000003,0.0,15,15.700000000000001,0
20241120,1732032000000,16.0,17.15,15.91,16.98,134299,222086915.0,0.0,15,16.21,0
20241121,1732118400000,16.8,17.23,16.45,16.65,100020,167368529.0,0.0,15,16.98,0
20241122,1732204800000,16.650000000000002,16.650000000000002,15.64,15.690000000000001,87460,140629155.0,0.0,15,16.650000000000002,0
20241125,1732464000000,15.77,16.28,15.65,16.0,53737,85400474.0,0.0,15,15.69,0
20241126,1732550400000,16.1,16.310000000000002,15.71,15.8,49632,79523837.0,0.0,15,16.0,0
20241127,1732636800000,15.7,15.94,15.17,15.91,50909,78970995.0,0.0,15,15.8,0
20241128,1732723200000,15.87,16.259999999999998,15.85,15.98,51943,83200926.00000001,0.0,15,15.91,0
20241129,1732809600000,15.98,16.14,15.64,16.01,53225,84844105.0,0.0,15,15.98,0
20241202,1733068800000,16.02,16.5,16.02,16.4,53333,86960335.00000001,0.0,15,16.009999999999998,0
20241203,1733155200000,16.36,16.369999999999997,16.06,16.29,47507,77007168.0,0.0,15,16.4,0
20241204,1733241600000,16.12,16.16,15.700000000000001,15.780000000000001,44982,71539548.0,0.0,15,16.290000000000003,0
20241205,1733328000000,15.79,15.98,15.75,15.92,31018,49314725.00000001,0.0,15,15.78,0
20241206,1733414400000,16.0,16.34,15.85,16.24,47159,75975745.0,0.0,15,15.92,0
20241209,1733673600000,16.35,16.82,16.240000000000002,16.46,77433,127859742.0,0.0,15,16.240000000000002,0
20241210,1733760000000,16.88,16.98,16.31,16.349999999999998,63871,105759854.0,0.0,15,16.459999999999997,0
20241211,1733846400000,16.35,16.98,16.35,16.630000000000003,57228,95261408.0,0.0,15,16.35,0
20241212,1733932800000,16.580000000000002,16.84,16.55,16.75,53332,89133692.00000001,0.0,15,16.63,0
20241213,1734019200000,16.58,16.669999999999998,16.2,16.25,45862,75239015.0,0.0,15,16.75,0
20241216,1734278400000,16.35,16.64,16.1,16.200000000000003,32426,52949510.0,0.0,15,16.25,0
20241217,1734364800000,16.169999999999998,16.2,15.26,15.35,50040,78021819.00000001,0.0,15,16.2,0
20241218,1734451200000,15.43,15.54,15.0,15.32,29738,45605150.0,0.0,15,15.35,0
20241219,1734537600000,15.32,15.47,15.05,15.280000000000001,29389,44734957.99999999,0.0,15,15.32,0
20241220,1734624000000,15.24,15.65,15.24,15.55,25540,39614264.00000001,0.0,15,15.28,0
20241223,1734883200000,15.500000000000002,15.65,14.700000000000001,14.81,38892,58631339.0,0.0,15,15.55,0
20241224,1734969600000,15.04,15.11,14.68,14.87,21967,32625135.000000004,0.0,15,14.81,0
20241225,1735056000000,15.139999999999999,15.33,14.44,14.559999999999999,35678,52752874.0,0.0,15,14.87,0
20241226,1735142400000,14.63,14.85,14.4,14.66,22634,33318729.0,0.0,15,14.56,0
20241227,1735228800000,14.660000000000002,14.990000000000002,14.530000000000001,14.770000000000001,23338,34575697.0,0.0,15,14.660000000000002,0
20241230,1735488000000,14.610000000000001,14.72,14.280000000000001,14.48,22487,32608663.0,0.0,15,14.770000000000001,0
20241231,1735574400000,14.530000000000001,14.68,14.06,14.120000000000001,24953,35761214.0,0.0,15,14.48,0
20250102,1735747200000,14.12,14.45,13.77,13.889999999999999,25294,35647673.0,0.0,15,14.12,0
20250103,1735833600000,13.950000000000001,14.0,13.39,13.39,29726,40661192.0,0.0,15,13.89,0
20250106,1736092800000,13.450000000000001,13.84,12.99,13.63,31486,42662403.0,0.0,15,13.39,0
20250107,1736179200000,13.62,13.83,13.35,13.69,25210,34160316.0,0.0,15,13.629999999999999,0
20250108,1736265600000,13.68,13.91,13.26,13.73,30375,41437927.0,0.0,15,13.69,0
20250109,1736352000000,13.610000000000001,14.96,13.48,14.22,56932,80831088.00000001,0.0,15,13.73,0
20250110,1736438400000,14.010000000000002,14.120000000000001,13.47,13.47,42397,58565472.0,0.0,15,14.22,0
20250113,1736697600000,13.27,13.459999999999999,13.01,13.39,23512,31213038.0,0.0,15,13.47,0
20250114,1736784000000,13.49,14.030000000000001,13.46,14.030000000000001,28870,39851701.0,0.0,15,13.39,0
20250115,1736870400000,14.0,14.08,13.8,13.870000000000001,19314,26832007.000000004,0.0,15,14.030000000000001,0
20250116,1736956800000,13.91,14.16,13.790000000000001,14.000000000000002,23282,32522987.999999996,0.0,15,13.870000000000001,0
20250117,1737043200000,13.930000000000001,13.97,13.780000000000001,13.9,15779,21913669.0,0.0,15,14.000000000000002,0
20250120,1737302400000,14.06,14.19,13.82,14.14,21042,29630759.0,0.0,15,13.9,0
20250121,1737388800000,14.19,14.28,13.83,14.0,18084,25300796.0,0.0,15,14.14,0
20250122,1737475200000,13.91,13.98,13.64,13.75,15490,21325319.0,0.0,15,14.0,0
20250123,1737561600000,13.81,14.07,13.790000000000001,13.8,20485,28608449.999999996,0.0,15,13.750000000000002,0
20250124,1737648000000,13.68,13.99,13.65,13.94,18483,25536897.0,0.0,15,13.8,0
20250127,1737907200000,13.96,14.24,13.81,13.91,18904,26561760.0,0.0,15,13.940000000000001,0
20250205,1738684800000,13.969999999999999,14.14,13.93,14.07,18986,26662464.000000004,0.0,15,13.91,0
20250206,1738771200000,14.0,14.209999999999999,13.84,14.19,31018,43588974.0,0.0,15,14.07,0
20250207,1738857600000,14.17,14.63,14.17,14.38,42420,61129580.99999999,0.0,15,14.19,0
20250210,1739116800000,14.38,14.950000000000001,14.38,14.89,61158,90141073.0,0.0,15,14.38,0
20250211,1739203200000,14.96,15.13,14.64,14.700000000000001,39806,58953428.0,0.0,15,14.89,0
20250212,1739289600000,14.700000000000001,14.930000000000001,14.55,14.680000000000001,35377,51949009.99999999,0.0,15,14.700000000000001,0
20250213,1739376000000,14.67,14.67,14.38,14.41,28038,40581147.0,0.0,15,14.680000000000001,0
20250214,1739462400000,14.38,15.360000000000001,14.38,15.21,94208,142138191.0,0.0,15,14.41,0
20250217,1739721600000,15.39,16.0,15.31,15.48,97540,152735422.99999997,0.0,15,15.21,0
20250218,1739808000000,15.99,16.2,15.02,15.1,85054,132619949.0,0.0,15,15.48,0
20250219,1739894400000,15.14,15.42,14.8,15.13,69681,105319369.0,0.0,15,15.100000000000001,0
20250220,1739980800000,15.149999999999999,15.709999999999999,15.11,15.219999999999999,62029,94985409.0,0.0,15,15.129999999999999,0
20250221,1740067200000,15.120000000000001,15.850000000000001,14.89,15.770000000000001,90721,138464035.0,0.0,15,15.22,0
20250224,1740326400000,15.530000000000001,15.65,15.06,15.17,82630,125834697.00000001,0.0,15,15.77,0
20250225,1740412800000,15.030000000000001,15.3,14.870000000000001,15.100000000000001,52552,79289652.0,0.0,15,15.170000000000002,0
20250226,1740499200000,15.15,15.2,14.91,15.02,54239,81366432.0,0.0,15,15.1,0
20250227,1740585600000,15.04,15.06,14.75,14.91,43524,64821822.00000001,0.0,15,15.02,0
20250228,1740672000000,14.9,14.950000000000001,14.4,14.42,40866,59820856.0,0.0,15,14.91,0
20250303,1740931200000,14.41,14.81,14.41,14.6,41838,61398989.99999999,0.0,15,14.42,0
20250304,1741017600000,14.500000000000002,15.200000000000001,14.450000000000001,15.100000000000001,53073,79174654.00000001,0.0,15,14.600000000000001,0
20250305,1741104000000,15.0,15.049999999999999,14.61,14.83,37913,55983987.0,0.0,15,15.1,0
20250306,1741190400000,14.91,15.43,14.83,15.33,61616,93633039.0,0.0,15,14.83,0
20250307,1741276800000,15.290000000000001,15.35,14.99,15.18,63544,96136492.0,0.0,15,15.33,0
20250310,1741536000000,15.55,15.91,15.3,15.450000000000001,72718,113124648.00000001,0.0,15,15.180000000000001,0
20250311,1741622400000,15.200000000000001,15.3,14.98,15.18,47616,71985494.0,0.0,15,15.450000000000001,0
20250312,1741708800000,15.180000000000001,15.280000000000001,15.05,15.120000000000001,33380,50509606.0,0.0,15,15.180000000000001,0
20250313,1741795200000,15.08,15.16,14.76,14.98,36828,55023463.0,0.0,15,15.12,0
20250314,1741881600000,15.16,15.84,15.13,15.690000000000001,96454,149789587.0,0.0,15,14.98,0
20250317,1742140800000,15.69,15.85,15.43,15.52,52250,81116483.0,0.0,15,15.69,0
20250318,1742227200000,15.56,15.620000000000001,15.41,15.49,28921,44803968.99999999,0.0,15,15.52,0
20250319,1742313600000,15.57,15.6,15.36,15.52,34737,53878069.0,0.0,15,15.49,0
20250320,1742400000000,15.58,15.58,15.32,15.42,27112,41752528.0,0.0,15,15.52,0
20250321,1742486400000,15.41,15.48,15.08,15.15,34318,52283553.0,0.0,15,15.42,0
20250324,1742745600000,15.120000000000001,15.21,14.33,14.64,41068,60523975.0,0.0,15,15.15,0
20250325,1742832000000,14.629999999999999,14.79,14.43,14.73,22400,32718173.0,0.0,15,14.64,0
20250326,1742918400000,14.65,14.889999999999999,14.6,14.82,16120,23888029.0,0.0,15,14.73,0
20250327,1743004800000,14.74,14.92,14.43,14.879999999999999,23579,34726536.0,0.0,15,14.82,0
20250328,1743091200000,14.88,15.08,14.65,14.67,25437,37836507.0,0.0,15,14.88,0
20250331,1743350400000,14.56,14.63,14.200000000000001,14.38,23738,34129864.0,0.0,15,14.670000000000002,0
20250401,1743436800000,14.4,15.200000000000001,14.4,14.98,52309,78526925.0,0.0,15,14.38,0
20250402,1743523200000,15.09,15.19,14.85,14.99,28687,43149126.0,0.0,15,14.98,0
20250403,1743609600000,14.99,15.190000000000001,14.700000000000001,14.860000000000001,25675,38364645.0,0.0,15,14.99,0
20250407,1743955200000,14.3,14.3,11.89,12.09,66415,85061605.99999999,0.0,15,14.860000000000001,0
20250408,1744041600000,12.17,12.879999999999999,12.17,12.459999999999999,45039,56100604.0,0.0,15,12.09,0
20250409,1744128000000,12.24,12.84,11.51,12.83,41400,50819082.0,0.0,15,12.459999999999999,0
20250410,1744214400000,13.02,13.33,13.02,13.129999999999999,32807,43286455.0,0.0,15,12.83,0
20250411,1744300800000,12.97,13.3,12.950000000000001,13.100000000000001,26247,34503698.00000001,0.0,15,13.13,0
20250414,1744560000000,13.270000000000001,13.48,13.22,13.33,21952,29272853.0,0.0,15,13.100000000000001,0
20250415,1744646400000,13.31,13.44,13.18,13.36,16507,21956497.0,0.0,15,13.33,0
20250416,1744732800000,13.37,13.38,12.75,12.97,25762,33512279.000000004,0.0,15,13.36,0
20250417,1744819200000,12.950000000000001,13.23,12.9,13.040000000000001,17405,22826495.000000004,0.0,15,12.97,0
20250418,1744905600000,13.02,13.33,12.9,13.02,18023,23516190.999999996,0.0,15,13.040000000000001,0
20250421,1745164800000,13.0,13.24,12.82,13.18,22062,28915769.0,0.0,15,13.02,0
20250422,1745251200000,13.18,13.37,13.1,13.28,21270,28164378.0,0.0,15,13.18,0
20250423,1745337600000,13.45,13.49,13.26,13.35,23276,31094905.999999996,0.0,15,13.28,0
20250424,1745424000000,13.3,13.520000000000001,13.120000000000001,13.22,19904,26511104.0,0.0,15,13.350000000000001,0
20250425,1745510400000,13.26,13.42,13.17,13.209999999999999,13759,18243831.0,0.0,15,13.22,0
20250428,1745769600000,13.13,13.4,12.780000000000001,13.06,31458,41088235.0,0.0,15,13.21,0
20250429,1745856000000,13.01,13.4,13.01,13.299999999999999,21244,28232531.0,0.0,15,13.06,0
20250430,1745942400000,13.3,13.56,13.3,13.49,20493,27640207.0,0.0,15,13.3,0
20250506,1746460800000,13.54,13.77,13.52,13.77,23920,32724532.0,0.0,15,13.49,0
20250507,1746547200000,13.84,13.98,13.73,13.85,24360,33692481.0,0.0,15,13.77,0
20250508,1746633600000,13.790000000000001,14.040000000000001,13.790000000000001,14.000000000000002,21421,29918675.0,0.0,15,13.850000000000001,0
20250509,1746720000000,14.04,14.22,13.75,13.81,18532,25668452.0,0.0,15,14.0,0
20250512,1746979200000,13.97,13.99,13.76,13.91,17962,24877266.0,0.0,15,13.81,0
20250513,1747065600000,14.0,14.08,13.83,13.93,19289,26919693.000000004,0.0,15,13.91,0
20250514,1747152000000,13.92,13.979999999999999,13.69,13.83,18235,25184878.0,0.0,15,13.93,0
20250515,1747238400000,13.81,13.91,13.71,13.840000000000002,14636,20253480.0,0.0,15,13.83,0
20250516,1747324800000,13.77,13.99,13.77,13.94,14543,20244218.0,0.0,15,13.84,0
20250519,1747584000000,13.96,14.08,13.81,14.05,16801,23483365.0,0.0,15,13.940000000000001,0
20250520,1747670400000,13.98,14.22,13.9,14.120000000000001,22460,31603109.0,0.0,15,13.9,0
20250521,1747756800000,14.06,14.200000000000001,13.96,14.030000000000001,18005,25303248.0,0.0,15,14.120000000000001,0
20250522,1747843200000,14.05,14.15,13.73,13.8,21998,30531673.000000004,0.0,15,14.030000000000001,0
20250523,1747929600000,13.860000000000001,14.21,13.81,13.870000000000001,24358,34127568.0,0.0,15,13.8,0
20250526,1748188800000,13.88,13.920000000000002,13.620000000000001,13.830000000000002,18527,25527126.0,0.0,15,13.870000000000001,0
20250527,1748275200000,13.81,14.07,13.73,14.02,20195,28144261.0,0.0,15,13.83,0
20250528,1748361600000,13.95,14.15,13.69,13.79,18629,25740042.0,0.0,15,14.02,0
20250529,1748448000000,13.790000000000001,14.190000000000001,13.700000000000001,14.190000000000001,25380,35690643.0,0.0,15,13.790000000000001,0
20250530,1748534400000,14.120000000000001,14.280000000000001,13.96,14.020000000000001,23534,33202144.0,0.0,15,14.190000000000001,0
20250603,1748880000000,13.770000000000001,14.24,13.72,14.190000000000001,29440,41649175.00000001,0.0,15,14.020000000000001,0
20250604,1748966400000,14.22,14.33,14.17,14.24,17094,24335889.0,0.0,15,14.19,0
20250605,1749052800000,14.250000000000002,14.260000000000002,14.030000000000001,14.180000000000001,21106,29802377.0,0.0,15,14.240000000000002,0
20250606,1749139200000,14.15,14.28,14.08,14.25,17328,24572081.0,0.0,15,14.18,0
20250609,1749398400000,14.31,14.48,14.200000000000001,14.440000000000001,23017,33181677.000000004,0.0,15,14.250000000000002,0
20250610,1749484800000,14.530000000000001,14.540000000000001,14.05,14.280000000000001,28210,40377589.0,0.0,15,14.440000000000001,0
20250611,1749571200000,14.28,14.5,14.26,14.35,22361,32157810.0,0.0,15,14.28,0
20250612,1749657600000,14.28,14.45,14.27,14.42,18013,25854567.0,0.0,15,14.35,0
20250613,1749744000000,14.36,14.65,14.07,14.16,24942,35611879.0,0.0,15,14.42,0
20250616,1750003200000,14.17,14.35,14.11,14.149999999999999,23973,34142224.00000001,0.0,15,14.16,0
20250617,1750089600000,14.19,14.84,14.19,14.299999999999999,58678,85193267.0,0.0,15,14.15,0
20250618,1750176000000,14.29,14.44,14.0,14.07,29989,42383924.0,0.0,15,14.3,0
20250619,1750262400000,14.02,14.139999999999999,13.61,13.709999999999999,27487,37992727.0,0.0,15,14.07,0
20250620,1750348800000,13.709999999999999,13.99,13.68,13.77,21975,30381743.0,0.0,15,13.709999999999999,0
20250623,1750608000000,13.6,14.14,13.6,14.08,23570,32843866.000000004,0.0,15,13.77,0
20250624,1750694400000,14.17,14.48,14.08,14.44,25974,37277092.0,0.0,15,14.08,0
20250625,1750780800000,14.490000000000002,14.580000000000002,14.280000000000001,14.490000000000002,21510,30992592.0,0.0,15,14.440000000000001,0
20250626,1750867200000,14.58,14.58,14.4,14.41,17684,25578196.0,0.0,15,14.49,0
20250627,1750953600000,14.450000000000001,14.540000000000001,14.38,14.46,16737,24194309.0,0.0,15,14.41,0
20250630,1751212800000,14.620000000000001,14.76,14.41,14.72,32327,47334596.0,0.0,15,14.46,0
20250701,1751299200000,14.73,14.94,14.59,14.87,31602,46696380.99999999,0.0,15,14.72,0
20250702,1751385600000,14.8,15.040000000000001,14.65,14.74,33599,49788487.00000001,0.0,15,14.870000000000001,0
20250703,1751472000000,14.8,14.9,14.66,14.870000000000001,24636,36502164.00000001,0.0,15,14.74,0
20250704,1751558400000,14.95,14.99,14.83,14.93,28253,42145670.00000001,0.0,15,14.87,0
20250707,1751817600000,14.860000000000001,15.100000000000001,14.790000000000001,14.89,27129,40437097.0,0.0,15,14.930000000000001,0
20250708,1751904000000,14.81,15.15,14.81,14.99,26255,39398056.0,0.0,15,14.89,0
20250709,1751990400000,14.99,15.49,14.88,15.24,63364,96415998.99999999,0.0,15,14.99,0
20250710,1752076800000,15.19,15.27,14.99,15.13,35535,53786331.0,0.0,15,15.24,0
20250711,1752163200000,15.129999999999999,15.27,15.01,15.14,27901,42311460.0,0.0,15,15.129999999999999,0
20250714,1752422400000,15.17,15.68,15.16,15.4,36982,57059116.0,0.0,15,15.14,0
20250715,1752508800000,15.31,15.65,14.98,15.64,43907,67442511.0,0.0,15,15.4,0
20250716,1752595200000,15.58,16.8,15.36,16.18,130774,210773823.0,0.0,15,15.639999999999999,0
20250717,1752681600000,15.98,17.15,15.85,16.85,176006,293349009.0,0.0,15,16.18,0
20250718,1752768000000,16.61,16.68,16.2,16.39,99606,162869071.0,0.0,15,16.849999999999998,0
20250721,1753027200000,16.4,17.2,16.09,16.86,120267,199585120.0,0.0,15,16.39,0
20250722,1753113600000,16.69,16.84,16.26,16.330000000000002,87253,143897692.0,0.0,15,16.860000000000003,0
20250723,1753200000000,16.33,17.44,16.0,17.26,165032,280021614.0,0.0,15,16.33,0
20250724,1753286400000,17.86,18.25,17.0,17.59,236584,418075313.0,0.0,15,17.26,0
20250725,1753372800000,17.41,18.09,17.1,17.150000000000002,156330,273353498.99999994,0.0,15,17.59,0
20250728,1753632000000,17.3,17.68,16.86,16.99,122342,209921392.0,0.0,15,17.15,0
20250729,1753718400000,17.080000000000002,17.110000000000003,16.51,16.830000000000002,93731,156850633.0,0.0,15,16.990000000000002,0
20250730,1753804800000,16.84,17.03,16.5,16.68,70675,118287649.0,0.0,15,16.83,0
20250731,1753891200000,16.68,17.55,16.64,16.96,132107,226534325.99999997,0.0,15,16.68,0
20250801,1753977600000,16.88,17.54,16.88,17.23,108600,187754892.0,0.0,15,16.959999999999997,0
20250804,1754236800000,17.07,18.23,16.71,18.080000000000002,138030,243164075.0,0.0,15,17.23,0
20250805,1754323200000,18.7,19.19,17.21,17.330000000000002,220885,395468278.0,0.0,15,18.080000000000002,0
20250806,1754409600000,17.2,17.59,16.71,16.84,139254,236687960.0,0.0,15,17.330000000000002,0
20250807,1754496000000,16.8,17.67,16.740000000000002,17.150000000000002,142806,246387168.0,0.0,15,16.840000000000003,0
20250808,1754582400000,17.080000000000002,17.75,16.8,17.29,118160,204186220.00000003,0.0,15,17.150000000000002,0
20250811,1754841600000,17.38,17.7,17.2,17.58,97565,170534955.0,0.0,15,17.29,0
20250812,1754928000000,17.59,17.9,17.29,17.41,74345,130685237.0,0.0,15,17.58,0
20250813,1755014400000,17.43,17.6,17.14,17.23,63507,109728297.0,0.0,15,17.41,0
20250814,1755100800000,17.37,20.3,17.25,19.1,310067,588066217.0,0.0,15,17.23,0
20250815,1755187200000,18.79,20.33,18.47,20.049999999999997,249001,482772673.00000006,0.0,15,19.099999999999998,0
20250818,1755446400000,19.7,19.9,19.11,19.24,165934,320903554.00000006,0.0,15,20.05,0
20250819,1755532800000,19.25,23.09,19.11,23.09,297639,644862173.0,0.0,15,19.24,0
20250820,1755619200000,23.1,26.080000000000002,21.8,24.810000000000002,351668,865329472.0000001,0.0,15,23.09,0
20250821,1755705600000,24.44,25.0,23.14,24.12,236496,570899120.0,0.0,15,24.810000000000002,0
20250822,1755792000000,23.66,26.89,23.32,25.97,263335,661248897.0,0.0,15,24.12,0
20250825,1756051200000,25.6,29.8,25.03,28.75,262659,715543362.0,0.0,15,25.970000000000002,0
20250826,1756137600000,27.75,32.8,27.5,31.3,324179,994883873.0,0.0,15,28.75,0
20250827,1756224000000,30.71,31.8,29.2,29.57,265518,809136396.0,0.0,15,31.3,0
20250828,1756310400000,29.490000000000002,29.880000000000003,26.6,27.970000000000002,263538,735201811.0,0.0,15,29.57,0
20250829,1756396800000,28.01,31.94,27.69,30.880000000000003,283047,853134945.0000001,0.0,15,27.970000000000002,0
20250901,1756656000000,29.89,30.900000000000002,28.12,28.5,234325,687361984.0,0.0,15,30.880000000000003,0
20250902,1756742400000,28.01,28.970000000000002,26.35,26.85,201562,550191287.0000001,0.0,15,28.5,0
20250903,1756828800000,27.900000000000002,29.900000000000002,27.3,27.52,213144,609867046.0,0.0,15,26.85,0
20250904,1756915200000,28.35,30.68,27.84,28.51,283572,826576877.0000001,0.0,15,27.52,0
20250905,1757001600000,26.64,27.5,24.36,27.12,245319,639277615.0,0.0,15,28.509999999999998,0
20250908,1757260800000,28.0,28.06,25.97,26.23,135511,360258727.0,0.0,15,27.119999999999997,0
20250909,1757347200000,26.160000000000004,26.480000000000004,23.400000000000002,24.180000000000003,167991,418697393.00000006,0.0,15,26.230000000000004,0
20250910,1757433600000,24.2,24.99,23.7,24.27,113997,275664256.0,0.0,15,24.18,0
20250911,1757520000000,23.76,25.1,23.05,24.830000000000002,137511,332070187.00000006,0.0,15,24.27,0
20250912,1757606400000,25.07,28.01,24.330000000000002,27.01,236776,621791764.0,0.0,15,24.830000000000002,0
20250915,1757865600000,26.87,27.150000000000002,26.1,26.84,125165,333105955.00000006,0.0,15,27.01,0
20250916,1757952000000,26.82,27.23,26.080000000000002,26.55,86144,228935922.0,0.0,15,26.840000000000003,0
20250917,1758038400000,26.480000000000004,26.660000000000004,24.400000000000002,24.55,168937,426138310.00000006,0.0,15,26.55,0
20250918,1758124800000,24.7,26.9,24.5,25.73,196208,508109048.0,0.0,15,24.55,0
20250919,1758211200000,25.73,25.95,23.7,24.22,143935,353313038.00000006,0.0,15,25.73,0
20250922,1758470400000,24.05,24.790000000000003,23.900000000000002,24.39,58997,143668146.0,0.0,15,24.220000000000002,0
20250923,1758556800000,24.39,24.39,23.0,23.73,85572,200510146.0,0.0,15,24.39,0
20250924,1758643200000,23.53,24.07,23.23,23.5,57303,134678543.0,0.0,15,23.73,0
20250925,1758729600000,23.680000000000003,23.700000000000003,22.76,22.830000000000002,67801,156463850.0,0.0,15,23.5,0
20250926,1758816000000,22.75,22.77,21.77,21.919999999999998,94064,208160514.99999997,0.0,15,22.83,0
20250929,1759075200000,21.99,22.37,21.52,22.07,55823,122636352.00000001,0.0,15,21.919999999999998,0
20250930,1759161600000,22.090000000000003,24.450000000000003,21.740000000000002,23.580000000000002,156889,365128599.00000006,0.0,15,22.07,0
20251009,1759939200000,24.12,24.290000000000003,23.42,23.720000000000002,95046,226069373.0,0.0,15,23.580000000000002,0
20251010,1760025600000,23.56,23.91,22.88,22.919999999999998,74064,171104283.99999997,0.0,15,23.72,0
20251013,1760284800000,22.000000000000004,23.5,21.830000000000002,23.21,67576,154704083.99999997,0.0,15,22.92,0
20251014,1760371200000,23.93,26.490000000000002,23.32,23.42,185389,458457558.0,0.0,15,23.21,0
20251015,1760457600000,23.65,26.88,23.31,25.849999999999998,294857,756242866.0,0.0,15,23.419999999999998,0
20251016,1760544000000,25.35,27.88,24.93,26.98,263272,704578882.0000001,0.0,15,25.85,0
20251017,1760630400000,27.53,30.0,27.3,28.18,262447,759147949.0000001,0.0,15,26.98,0
20251020,1760889600000,28.26,28.970000000000002,26.92,27.3,181996,506025947.0,0.0,15,28.180000000000003,0
20251021,1760976000000,27.400000000000002,28.5,26.6,26.75,162294,443663439.0,0.0,15,27.3,0
20251022,1761062400000,27.23,27.990000000000002,25.53,25.86,137718,361632154.00000006,0.0,15,26.75,0
20251023,1761148800000,25.85,27.46,24.0,24.26,181667,453986572.0,0.0,15,25.86,0
20251024,1761235200000,24.6,24.64,22.82,22.95,175680,410406609.0,0.0,15,24.26,0
20251027,1761494400000,22.96,24.080000000000002,22.900000000000002,23.590000000000003,157822,369156375.0,0.0,15,22.950000000000003,0
20251028,1761580800000,23.53,23.92,22.64,22.76,130979,302829716.0,0.0,15,23.59,0
20251029,1761667200000,22.8,22.98,22.44,22.57,81264,184274960.0,0.0,15,22.76,0
20251030,1761753600000,22.51,22.51,22.09,22.13,57852,128777651.0,0.0,15,22.57,0
20251031,1761840000000,22.23,25.0,22.23,24.080000000000002,236487,565203765.0,0.0,15,22.13,0
20251103,1762099200000,24.44,24.44,22.900000000000002,23.400000000000002,116721,272235176.0,0.0,15,24.080000000000002,0
20251104,1762185600000,23.400000000000002,23.42,22.53,22.73,78192,177936531.00000003,0.0,15,23.400000000000002,0
20251105,1762272000000,22.5,22.97,22.2,22.54,63570,143923310.00000003,0.0,15,22.73,0
20251106,1762358400000,22.46,22.570000000000004,21.900000000000002,21.96,87224,193062501.0,0.0,15,22.540000000000003,0
20251107,1762444800000,22.0,22.150000000000002,20.67,21.03,134785,286997508.0,0.0,15,21.96,0
20251110,1762704000000,20.9,21.63,20.82,21.27,77851,166133754.0,0.0,15,21.03,0
20251111,1762790400000,21.16,21.259999999999998,20.88,21.06,58507,123073685.00000001,0.0,15,21.27,0
20251112,1762876800000,21.1,21.62,20.900000000000002,21.1,79022,167568582.0,0.0,15,21.060000000000002,0
20251113,1762963200000,20.950000000000003,21.32,20.6,21.220000000000002,61704,129844257.0,0.0,15,21.1,0
20251114,1763049600000,21.099999999999998,21.849999999999998,21.06,21.369999999999997,84277,181367224.99999997,0.0,15,21.22,0
20251117,1763308800000,21.490000000000002,21.490000000000002,20.8,20.900000000000002,60912,127504971.0,0.0,15,21.37,0
20251118,1763395200000,20.93,21.020000000000003,20.35,20.520000000000003,61777,127062905.0,0.0,15,20.900000000000002,0
20251119,1763481600000,20.580000000000002,20.6,19.96,20.01,49980,100644538.0,0.0,15,20.52,0
20251120,1763568000000,20.0,20.26,19.66,19.8,38566,76531119.0,0.0,15,20.01,0
20251121,1763654400000,19.6,19.83,18.75,18.88,53903,103052619.0,0.0,15,19.8,0
20251124,1763913600000,19.000000000000004,19.55,18.990000000000002,19.51,43241,83410475.00000001,0.0,15,18.880000000000003,0
20251125,1764000000000,19.8,20.080000000000002,19.51,19.790000000000003,46717,92721289.0,0.0,15,19.51,0
20251126,1764086400000,19.69,20.25,19.48,19.51,57865,115048288.0,0.0,15,19.79,0
20251127,1764172800000,19.650000000000002,19.740000000000002,19.26,19.700000000000003,39804,77927228.0,0.0,15,19.51,0
20251128,1764259200000,19.7,19.7,19.23,19.7,37193,72572975.0,0.0,15,19.7,0
20251201,1764518400000,19.6,19.830000000000002,19.55,19.6,34706,68191372.0,0.0,15,19.7,0
20251202,1764604800000,19.580000000000002,19.580000000000002,19.17,19.200000000000003,33159,63950102.00000001,0.0,15,19.6,0
20251203,1764691200000,19.28,19.3,18.85,18.98,31879,60626495.00000001,0.0,15,19.200000000000003,0
20251204,1764777600000,18.98,19.040000000000003,18.44,18.53,50465,94029145.0,0.0,15,18.98,0
20251205,1764864000000,18.5,18.97,18.36,18.91,43787,81789756.0,0.0,15,18.53,0
20251208,1765123200000,18.92,19.28,18.900000000000002,19.05,37024,70675445.0,0.0,15,18.910000000000004,0
20251209,1765209600000,19.02,19.15,18.84,18.87,26907,50976350.0,0.0,15,19.05,0
20251210,1765296000000,18.770000000000003,18.950000000000003,18.6,18.71,26166,49025180.0,0.0,15,18.87,0
20251211,1765382400000,18.71,18.78,18.42,18.450000000000003,27988,51906836.0,0.0,15,18.71,0
20251212,1765468800000,18.619999999999997,18.689999999999998,18.38,18.419999999999998,29971,55453217.0,0.0,15,18.45,0
20251215,1765728000000,18.31,18.73,18.23,18.400000000000002,27398,50631481.0,0.0,15,18.42,0
20251216,1765814400000,18.57,18.57,18.06,18.2,27804,50602977.0,0.0,15,18.4,0
20251217,1765900800000,18.18,18.34,17.81,18.299999999999997,30756,55642782.0,0.0,15,18.2,0
20251218,1765987200000,18.259999999999998,18.98,18.2,18.599999999999998,43955,82101558.0,0.0,15,18.3,0
20251219,1766073600000,18.520000000000003,18.96,18.51,18.82,33980,63806495.0,0.0,15,18.6,0
20251222,1766332800000,18.82,19.15,18.7,18.89,32126,60669710.99999999,0.0,15,18.82,0
20251223,1766419200000,18.89,18.939999999999998,18.63,18.759999999999998,23929,44867999.99999999,0.0,15,18.89,0
20251224,1766505600000,18.64,18.87,18.64,18.830000000000002,24097,45304164.0,0.0,15,18.76,0
20251225,1766592000000,18.81,19.349999999999998,18.81,19.23,40169,76649080.0,0.0,15,18.83,0
20251226,1766678400000,19.21,19.25,18.66,18.77,41871,78987910.00000001,0.0,15,19.23,0
20251229,1766937600000,18.61,18.78,18.53,18.61,23855,44399537.0,0.0,15,18.77,0
20251230,1767024000000,18.52,18.65,18.32,18.42,24294,44866063.0,0.0,15,18.61,0
20251231,1767110400000,18.64,18.650000000000002,18.21,18.39,23571,43200816.00000001,0.0,15,18.42,0
20260105,1767542400000,18.509999999999998,19.72,18.38,19.689999999999998,91845,177863203.00000003,0.0,15,18.39,0
20260106,1767628800000,19.689999999999998,19.689999999999998,19.22,19.419999999999998,67440,130830126.0,0.0,15,19.689999999999998,0
20260107,1767715200000,19.38,19.52,19.18,19.21,47566,91730282.0,0.0,15,19.419999999999998,0
20260108,1767801600000,19.12,19.990000000000002,19.12,19.77,82368,162653637.0,0.0,15,19.21,0
20260109,1767888000000,19.73,20.4,19.61,20.349999999999998,98749,197356978.0,0.0,15,19.77,0
20260112,1768147200000,20.5,21.89,20.5,20.93,130528,274664318.0,0.0,15,20.35,0
20260113,1768233600000,21.5,22.87,21.01,21.94,263545,578472820.0000001,0.0,15,20.930000000000003,0
20260114,1768320000000,21.56,22.49,21.13,21.419999999999998,201500,441213622.0,0.0,15,21.939999999999998,0
20260115,1768406400000,21.07,21.39,20.52,20.64,102913,213786915.00000003,0.0,15,21.419999999999998,0
20260116,1768492800000,20.740000000000002,20.930000000000003,19.900000000000002,20.180000000000003,78346,158250798.0,0.0,15,20.64,0
20260119,1768752000000,20.0,20.080000000000002,19.8,20.01,45053,89870631.0,0.0,15,20.18,0
20260120,1768838400000,19.950000000000003,20.150000000000002,19.490000000000002,19.71,52367,103623104.99999999,0.0,15,20.01,0
20260121,1768924800000,19.560000000000002,20.330000000000002,19.37,19.98,47879,95621012.0,0.0,15,19.71,0
20260122,1769011200000,20.0,20.09,19.81,19.849999999999998,35736,71136477.00000001,0.0,15,19.98,0
20260123,1769097600000,20.02,20.24,19.88,20.2,41839,84206496.0,0.0,15,19.849999999999998,0
20260126,1769356800000,20.700000000000003,21.630000000000003,20.1,21.44,169493,355939544.0,0.0,15,20.200000000000003,0
20260127,1769443200000,20.8,20.85,19.1,20.6,140761,283377228.0,0.0,15,21.44,0
20260128,1769529600000,20.46,20.47,19.68,19.69,77689,154731794.0,0.0,15,20.6,0
20260129,1769616000000,19.53,19.75,19.11,19.14,55436,107208954.0,0.0,15,19.689999999999998,0
20260130,1769702400000,18.900000000000002,18.990000000000002,18.240000000000002,18.55,66477,123331388.0,0.0,15,19.14,0
20260202,1769961600000,18.43,18.79,18.25,18.31,35290,65530510.00000001,0.0,15,18.55,0
20260203,1770048000000,18.5,18.74,18.38,18.7,30662,56925747.0,0.0,15,18.31,0
20260204,1770134400000,18.69,18.76,18.42,18.62,25102,46694391.0,0.0,15,18.700000000000003,0
20260205,1770220800000,18.520000000000003,18.78,18.42,18.6,25178,46880624.00000001,0.0,15,18.62,0
20260206,1770307200000,18.43,18.87,18.43,18.669999999999998,27724,51911229.0,0.0,15,18.6,0
20260209,1770566400000,18.990000000000002,19.03,18.69,18.76,26208,49227050.99999999,0.0,15,18.67,0
20260210,1770652800000,18.88,18.96,18.7,18.8,22035,41534198.99999999,0.0,15,18.759999999999998,0
20260211,1770739200000,18.84,18.95,18.66,18.69,25433,47702022.00000001,0.0,15,18.8,0
20260212,1770825600000,18.85,18.85,18.5,18.64,22501,42014031.0,0.0,15,18.69,0
20260213,1770912000000,18.64,18.78,18.42,18.42,21939,40861807.0,0.0,15,18.64,0
20260224,1771862400000,18.650000000000002,18.650000000000002,18.42,18.62,18633,34572971.00000001,0.0,15,18.42,0
20260225,1771948800000,18.650000000000002,18.78,18.580000000000002,18.720000000000002,24498,45829508.0,0.0,15,18.62,0
20260226,1772035200000,18.78,18.8,18.27,18.349999999999998,35884,66049379.00000001,0.0,15,18.72,0
20260227,1772121600000,18.36,18.58,18.22,18.58,30959,56869235.00000001,0.0,15,18.349999999999998,0
20260302,1772380800000,18.4,18.4,17.52,17.75,46610,83211089.00000001,0.0,15,18.58,0
20260303,1772467200000,17.75,18.03,17.05,17.17,42567,74284881.00000001,0.0,15,17.75,0
20260304,1772553600000,16.970000000000002,17.19,16.78,16.92,36639,62129478.0,0.0,15,17.17,0
20260305,1772640000000,17.2,17.38,17.11,17.2,25342,43661055.0,0.0,15,16.919999999999998,0
20260306,1772726400000,17.250000000000004,17.73,17.150000000000002,17.700000000000003,30119,52956250.0,0.0,15,17.200000000000003,0
20260309,1772985600000,17.450000000000003,17.66,17.330000000000002,17.520000000000003,29259,51175834.00000001,0.0,15,17.700000000000003,0
20260310,1773072000000,17.650000000000002,17.970000000000002,17.6,17.950000000000003,23408,41836914.0,0.0,15,17.520000000000003,0
20260311,1773158400000,17.990000000000002,18.01,17.69,17.73,21324,37951925.0,0.0,15,17.950000000000003,0
20260312,1773244800000,17.740000000000002,17.790000000000003,17.42,17.490000000000002,17550,30832580.0,0.0,15,17.73,0
20260313,1773331200000,17.5,17.830000000000002,17.35,17.53,28123,49530091.0,0.0,15,17.490000000000002,0
20260316,1773590400000,17.57,17.69,17.35,17.470000000000002,20923,36584967.00000001,0.0,15,17.53,0
20260317,1773676800000,17.58,17.669999999999998,17.22,17.23,23286,40631877.00000001,0.0,15,17.47,0
20260318,1773763200000,17.240000000000002,17.6,17.17,17.580000000000002,18776,32671129.999999996,0.0,15,17.23,0
20260319,1773849600000,17.57,17.63,17.0,17.12,22165,38255052.00000001,0.0,15,17.58,0
20260320,1773936000000,17.15,17.33,16.4,16.419999999999998,29085,48737560.00000001,0.0,15,17.119999999999997,0
20260323,1774195200000,16.36,16.36,15.26,15.35,44688,70501812.0,0.0,15,16.419999999999998,0
20260324,1774281600000,15.84,16.1,15.3,16.1,44487,70264390.0,0.0,15,15.350000000000001,0
20260325,1774368000000,16.2,16.47,16.11,16.4,27887,45538574.0,0.0,15,16.099999999999998,0
20260326,1774454400000,16.39,16.52,15.89,15.97,22038,35523349.0,0.0,15,16.400000000000002,0
20260327,1774540800000,15.780000000000001,16.8,15.700000000000001,16.720000000000002,50411,83116635.0,0.0,15,15.97,0
20260330,1774800000000,16.6,16.880000000000003,16.490000000000002,16.740000000000002,31722,53060902.0,0.0,15,16.720000000000002,0
20260331,1774886400000,16.74,17.05,16.54,16.54,33607,56548382.0,0.0,15,16.74,0
20260401,1774972800000,16.75,17.330000000000002,16.6,17.28,44573,76372333.0,0.0,15,16.540000000000003,0
20260402,1775059200000,17.240000000000002,17.380000000000003,16.830000000000002,17.000000000000004,48589,83088430.0,0.0,15,17.28,0
20260403,1775145600000,16.87,17.150000000000002,16.3,16.3,41998,69309321.0,0.0,15,17.0,0
20260407,1775491200000,16.31,16.96,16.13,16.8,41868,69948525.0,0.0,15,16.3,0
20260408,1775577600000,16.979999999999997,17.279999999999998,16.9,17.189999999999998,34235,58641655.0,0.0,15,16.799999999999997,0
20260409,1775664000000,17.080000000000002,17.250000000000004,16.740000000000002,16.8,32775,55466842.0,0.0,15,17.19,0
20260410,1775750400000,16.9,17.27,16.81,16.98,26860,45829019.0,0.0,15,16.799999999999997,0
20260413,1776009600000,17.0,17.0,16.76,16.89,21887,36889941.0,0.0,15,16.98,0
20260414,1776096000000,16.94,17.04,16.66,16.93,24566,41266563.0,0.0,15,16.89,0
20260415,1776182400000,17.25,17.25,16.88,17.06,28427,48500489.99999999,0.0,15,16.93,0
20260416,1776268800000,17.060000000000002,17.150000000000002,16.78,17.12,24821,42215202.0,0.0,15,17.060000000000002,0
20260417,1776355200000,17.13,17.13,16.73,16.830000000000002,25920,43686361.0,0.0,15,17.12,0
20260420,1776614400000,16.8,16.96,16.71,16.86,24421,41093785.00000001,0.0,15,16.830000000000002,0
20260421,1776700800000,17.0,17.0,16.76,16.84,21918,36902381.0,0.0,15,16.860000000000003,0
20260422,1776787200000,16.82,16.84,16.65,16.77,24602,41128680.0,0.0,15,16.84,0
20260423,1776873600000,16.770000000000003,16.78,16.330000000000002,16.44,25368,41771684.0,0.0,15,16.770000000000003,0
20260424,1776960000000,16.4,16.77,16.18,16.7,21442,35453973.00000001,0.0,15,16.44,0
20260427,1777219200000,16.44,16.650000000000002,15.72,16.6,50569,81499780.0,0.0,15,16.7,0
20260428,1777305600000,16.52,16.630000000000003,15.96,16.12,39967,64838004.0,0.0,15,16.6,0
20260429,1777392000000,16.11,16.880000000000003,16.03,16.46,57037,94607522.0,0.0,15,16.12,0
20260430,1777478400000,16.459999999999997,16.7,16.31,16.509999999999998,32116,53027663.00000001,0.0,15,16.459999999999997,0
20260506,1777996800000,16.580000000000002,16.84,16.48,16.56,41678,69612761.0,0.0,15,16.51,0
20260507,1778083200000,16.64,16.65,16.41,16.46,34526,56931581.99999999,0.0,15,16.56,0
20260508,1778169600000,16.49,16.78,16.43,16.74,28947,48193146.00000001,0.0,15,16.46,0
20260511,1778428800000,16.78,17.25,16.73,17.25,56487,96020452.0,0.0,15,16.740000000000002,0
20260512,1778515200000,17.150000000000002,17.150000000000002,16.19,16.44,60544,100096881.0,0.0,15,17.25,0
20260513,1778601600000,16.439999999999998,16.47,16.15,16.18,28977,47050800.99999999,0.0,15,16.439999999999998,0
20260514,1778688000000,16.21,16.32,15.8,15.84,26930,43020845.00000001,0.0,15,16.18,0
20260515,1778774400000,15.84,15.99,15.55,15.66,28256,44663606.0,0.0,15,15.84,0
20260518,1779033600000,15.620000000000001,15.950000000000001,15.530000000000001,15.88,21227,33462953.000000004,0.0,15,15.660000000000002,0
20260519,1779120000000,15.99,16.13,15.69,15.879999999999999,18975,30118683.0,0.0,15,15.879999999999999,0
20260520,1779206400000,15.9,15.9,15.46,15.55,17681,27531609.0,0.0,15,15.88,0
20260521,1779292800000,15.58,15.73,15.1,15.1,24482,37805649.0,0.0,15,15.549999999999999,0
20260522,1779379200000,15.100000000000001,15.420000000000002,14.88,15.24,27504,41647809.0,0.0,15,15.100000000000001,0
20260525,1779638400000,15.260000000000002,15.530000000000001,14.88,14.950000000000001,24726,37322117.0,0.0,15,15.24,0
20260526,1779724800000,14.950000000000001,14.96,14.38,14.540000000000001,36472,53231597.00000001,0.0,15,14.850000000000001,0
