date,time,open,high,low,close,volume,amount,settelementPrice,openInterest,preClose,suspendFlag
20201015,1602691200000,,,,,0,0.0,0.0,0,,1
20201016,1602777600000,,,,,0,0.0,0.0,0,,1
20201019,1603036800000,,,,,0,0.0,0.0,0,,1
20201020,1603123200000,,,,,0,0.0,0.0,0,,1
20201021,1603209600000,,,,,0,0.0,0.0,0,,1
20201022,1603296000000,,,,,0,0.0,0.0,0,,1
20201023,1603382400000,,,,,0,0.0,0.0,0,,1
20201026,1603641600000,,,,,0,0.0,0.0,0,,1
20201027,1603728000000,,,,,0,0.0,0.0,0,,1
20201028,1603814400000,,,,,0,0.0,0.0,0,,1
20201029,1603900800000,,,,,0,0.0,0.0,0,,1
20201030,1603987200000,,,,,0,0.0,0.0,0,,1
20201102,1604246400000,,,,,0,0.0,0.0,0,,1
20201103,1604332800000,,,,,0,0.0,0.0,0,,1
20201104,1604419200000,,,,,0,0.0,0.0,0,,1
20201105,1604505600000,,,,,0,0.0,0.0,0,,1
20201106,1604592000000,,,,,0,0.0,0.0,0,,1
20201109,1604851200000,,,,,0,0.0,0.0,0,,1
20201110,1604937600000,,,,,0,0.0,0.0,0,,1
20201111,1605024000000,,,,,0,0.0,0.0,0,,1
20201112,1605110400000,,,,,0,0.0,0.0,0,,1
20201113,1605196800000,,,,,0,0.0,0.0,0,,1
20201116,1605456000000,,,,,0,0.0,0.0,0,,1
20201117,1605542400000,,,,,0,0.0,0.0,0,,1
20201118,1605628800000,,,,,0,0.0,0.0,0,,1
20201119,1605715200000,,,,,0,0.0,0.0,0,,1
20201120,1605801600000,,,,,0,0.0,0.0,0,,1
20201123,1606060800000,,,,,0,0.0,0.0,0,,1
20201124,1606147200000,,,,,0,0.0,0.0,0,,1
20201125,1606233600000,,,,,0,0.0,0.0,0,,1
20201126,1606320000000,,,,,0,0.0,0.0,0,,1
20201127,1606406400000,,,,,0,0.0,0.0,0,,1
20201130,1606665600000,,,,,0,0.0,0.0,0,,1
20201201,1606752000000,,,,,0,0.0,0.0,0,,1
20201202,1606838400000,,,,,0,0.0,0.0,0,,1
20201203,1606924800000,,,,,0,0.0,0.0,0,,1
20201204,1607011200000,,,,,0,0.0,0.0,0,,1
20201207,1607270400000,,,,,0,0.0,0.0,0,,1
20201208,1607356800000,,,,,0,0.0,0.0,0,,1
20201209,1607443200000,,,,,0,0.0,0.0,0,,1
20201210,1607529600000,,,,,0,0.0,0.0,0,,1
20201211,1607616000000,,,,,0,0.0,0.0,0,,1
20201214,1607875200000,,,,,0,0.0,0.0,0,,1
20201215,1607961600000,,,,,0,0.0,0.0,0,,1
20201216,1608048000000,,,,,0,0.0,0.0,0,,1
20201217,1608134400000,,,,,0,0.0,0.0,0,,1
20201218,1608220800000,,,,,0,0.0,0.0,0,,1
20201221,1608480000000,,,,,0,0.0,0.0,0,,1
20201222,1608566400000,,,,,0,0.0,0.0,0,,1
20201223,1608652800000,,,,,0,0.0,0.0,0,,1
20201224,1608739200000,,,,,0,0.0,0.0,0,,1
20201225,1608825600000,,,,,0,0.0,0.0,0,,1
20201228,1609084800000,,,,,0,0.0,0.0,0,,1
20201229,1609171200000,,,,,0,0.0,0.0,0,,1
20201230,1609257600000,,,,,0,0.0,0.0,0,,1
20201231,1609344000000,,,,,0,0.0,0.0,0,,1
20210104,1609689600000,,,,,0,0.0,0.0,0,,1
20210105,1609776000000,,,,,0,0.0,0.0,0,,1
20210106,1609862400000,,,,,0,0.0,0.0,0,,1
20210107,1609948800000,,,,,0,0.0,0.0,0,,1
20210108,1610035200000,,,,,0,0.0,0.0,0,,1
20210111,1610294400000,,,,,0,0.0,0.0,0,,1
20210112,1610380800000,,,,,0,0.0,0.0,0,,1
20210113,1610467200000,,,,,0,0.0,0.0,0,,1
20210114,1610553600000,,,,,0,0.0,0.0,0,,1
20210115,1610640000000,,,,,0,0.0,0.0,0,,1
20210118,1610899200000,,,,,0,0.0,0.0,0,,1
20210119,1610985600000,,,,,0,0.0,0.0,0,,1
20210120,1611072000000,,,,,0,0.0,0.0,0,,1
20210121,1611158400000,,,,,0,0.0,0.0,0,,1
20210122,1611244800000,,,,,0,0.0,0.0,0,,1
20210125,1611504000000,,,,,0,0.0,0.0,0,,1
20210126,1611590400000,,,,,0,0.0,0.0,0,,1
20210127,1611676800000,,,,,0,0.0,0.0,0,,1
20210128,1611763200000,,,,,0,0.0,0.0,0,,1
20210129,1611849600000,,,,,0,0.0,0.0,0,,1
20210201,1612108800000,,,,,0,0.0,0.0,0,,1
20210202,1612195200000,,,,,0,0.0,0.0,0,,1
20210203,1612281600000,,,,,0,0.0,0.0,0,,1
20210204,1612368000000,,,,,0,0.0,0.0,0,,1
20210205,1612454400000,,,,,0,0.0,0.0,0,,1
20210208,1612713600000,,,,,0,0.0,0.0,0,,1
20210209,1612800000000,,,,,0,0.0,0.0,0,,1
20210210,1612886400000,,,,,0,0.0,0.0,0,,1
20210218,1613577600000,,,,,0,0.0,0.0,0,,1
20210219,1613664000000,,,,,0,0.0,0.0,0,,1
20210222,1613923200000,,,,,0,0.0,0.0,0,,1
20210223,1614009600000,,,,,0,0.0,0.0,0,,1
20210224,1614096000000,,,,,0,0.0,0.0,0,,1
20210225,1614182400000,,,,,0,0.0,0.0,0,,1
20210226,1614268800000,,,,,0,0.0,0.0,0,,1
20210301,1614528000000,,,,,0,0.0,0.0,0,,1
20210302,1614614400000,,,,,0,0.0,0.0,0,,1
20210303,1614700800000,,,,,0,0.0,0.0,0,,1
20210304,1614787200000,,,,,0,0.0,0.0,0,,1
20210305,1614873600000,,,,,0,0.0,0.0,0,,1
20210308,1615132800000,,,,,0,0.0,0.0,0,,1
20210309,1615219200000,,,,,0,0.0,0.0,0,,1
20210310,1615305600000,,,,,0,0.0,0.0,0,,1
20210311,1615392000000,,,,,0,0.0,0.0,0,,1
20210312,1615478400000,,,,,0,0.0,0.0,0,,1
20210315,1615737600000,,,,,0,0.0,0.0,0,,1
20210316,1615824000000,,,,,0,0.0,0.0,0,,1
20210317,1615910400000,,,,,0,0.0,0.0,0,,1
20210318,1615996800000,,,,,0,0.0,0.0,0,,1
20210319,1616083200000,,,,,0,0.0,0.0,0,,1
20210322,1616342400000,,,,,0,0.0,0.0,0,,1
20210323,1616428800000,,,,,0,0.0,0.0,0,,1
20210324,1616515200000,,,,,0,0.0,0.0,0,,1
20210325,1616601600000,,,,,0,0.0,0.0,0,,1
20210326,1616688000000,,,,,0,0.0,0.0,0,,1
20210329,1616947200000,,,,,0,0.0,0.0,0,,1
20210330,1617033600000,,,,,0,0.0,0.0,0,,1
20210331,1617120000000,,,,,0,0.0,0.0,0,,1
20210401,1617206400000,,,,,0,0.0,0.0,0,,1
20210402,1617292800000,,,,,0,0.0,0.0,0,,1
20210406,1617638400000,,,,,0,0.0,0.0,0,,1
20210407,1617724800000,,,,,0,0.0,0.0,0,,1
20210408,1617811200000,,,,,0,0.0,0.0,0,,1
20210409,1617897600000,,,,,0,0.0,0.0,0,,1
20210412,1618156800000,,,,,0,0.0,0.0,0,,1
20210413,1618243200000,,,,,0,0.0,0.0,0,,1
20210414,1618329600000,,,,,0,0.0,0.0,0,,1
20210415,1618416000000,,,,,0,0.0,0.0,0,,1
20210416,1618502400000,,,,,0,0.0,0.0,0,,1
20210419,1618761600000,,,,,0,0.0,0.0,0,,1
20210420,1618848000000,,,,,0,0.0,0.0,0,,1
20210421,1618934400000,,,,,0,0.0,0.0,0,,1
20210422,1619020800000,,,,,0,0.0,0.0,0,,1
20210423,1619107200000,,,,,0,0.0,0.0,0,,1
20210426,1619366400000,,,,,0,0.0,0.0,0,,1
20210427,1619452800000,,,,,0,0.0,0.0,0,,1
20210428,1619539200000,,,,,0,0.0,0.0,0,,1
20210429,1619625600000,,,,,0,0.0,0.0,0,,1
20210430,1619712000000,,,,,0,0.0,0.0,0,,1
20210506,1620230400000,,,,,0,0.0,0.0,0,,1
20210507,1620316800000,,,,,0,0.0,0.0,0,,1
20210510,1620576000000,,,,,0,0.0,0.0,0,,1
20210511,1620662400000,,,,,0,0.0,0.0,0,,1
20210512,1620748800000,,,,,0,0.0,0.0,0,,1
20210513,1620835200000,,,,,0,0.0,0.0,0,,1
20210514,1620921600000,,,,,0,0.0,0.0,0,,1
20210517,1621180800000,,,,,0,0.0,0.0,0,,1
20210518,1621267200000,,,,,0,0.0,0.0,0,,1
20210519,1621353600000,,,,,0,0.0,0.0,0,,1
20210520,1621440000000,,,,,0,0.0,0.0,0,,1
20210521,1621526400000,,,,,0,0.0,0.0,0,,1
20210524,1621785600000,,,,,0,0.0,0.0,0,,1
20210525,1621872000000,,,,,0,0.0,0.0,0,,1
20210526,1621958400000,,,,,0,0.0,0.0,0,,1
20210527,1622044800000,,,,,0,0.0,0.0,0,,1
20210528,1622131200000,,,,,0,0.0,0.0,0,,1
20210531,1622390400000,,,,,0,0.0,0.0,0,,1
20210601,1622476800000,,,,,0,0.0,0.0,0,,1
20210602,1622563200000,,,,,0,0.0,0.0,0,,1
20210603,1622649600000,,,,,0,0.0,0.0,0,,1
20210604,1622736000000,,,,,0,0.0,0.0,0,,1
20210607,1622995200000,,,,,0,0.0,0.0,0,,1
20210608,1623081600000,,,,,0,0.0,0.0,0,,1
20210609,1623168000000,,,,,0,0.0,0.0,0,,1
20210610,1623254400000,,,,,0,0.0,0.0,0,,1
20210611,1623340800000,,,,,0,0.0,0.0,0,,1
20210615,1623686400000,,,,,0,0.0,0.0,0,,1
20210616,1623772800000,,,,,0,0.0,0.0,0,,1
20210617,1623859200000,,,,,0,0.0,0.0,0,,1
20210618,1623945600000,,,,,0,0.0,0.0,0,,1
20210621,1624204800000,,,,,0,0.0,0.0,0,,1
20210622,1624291200000,,,,,0,0.0,0.0,0,,1
20210623,1624377600000,,,,,0,0.0,0.0,0,,1
20210624,1624464000000,,,,,0,0.0,0.0,0,,1
20210625,1624550400000,,,,,0,0.0,0.0,0,,1
20210628,1624809600000,,,,,0,0.0,0.0,0,,1
20210629,1624896000000,,,,,0,0.0,0.0,0,,1
20210630,1624982400000,,,,,0,0.0,0.0,0,,1
20210701,1625068800000,,,,,0,0.0,0.0,0,,1
20210702,1625155200000,,,,,0,0.0,0.0,0,,1
20210705,1625414400000,,,,,0,0.0,0.0,0,,1
20210706,1625500800000,,,,,0,0.0,0.0,0,,1
20210707,1625587200000,,,,,0,0.0,0.0,0,,1
20210708,1625673600000,,,,,0,0.0,0.0,0,,1
20210709,1625760000000,,,,,0,0.0,0.0,0,,1
20210712,1626019200000,,,,,0,0.0,0.0,0,,1
20210713,1626105600000,,,,,0,0.0,0.0,0,,1
20210714,1626192000000,,,,,0,0.0,0.0,0,,1
20210715,1626278400000,,,,,0,0.0,0.0,0,,1
20210716,1626364800000,,,,,0,0.0,0.0,0,,1
20210719,1626624000000,,,,,0,0.0,0.0,0,,1
20210720,1626710400000,,,,,0,0.0,0.0,0,,1
20210721,1626796800000,,,,,0,0.0,0.0,0,,1
20210722,1626883200000,,,,,0,0.0,0.0,0,,1
20210723,1626969600000,,,,,0,0.0,0.0,0,,1
20210726,1627228800000,,,,,0,0.0,0.0,0,,1
20210727,1627315200000,,,,,0,0.0,0.0,0,,1
20210728,1627401600000,,,,,0,0.0,0.0,0,,1
20210729,1627488000000,,,,,0,0.0,0.0,0,,1
20210730,1627574400000,,,,,0,0.0,0.0,0,,1
20210802,1627833600000,,,,,0,0.0,0.0,0,,1
20210803,1627920000000,,,,,0,0.0,0.0,0,,1
20210804,1628006400000,,,,,0,0.0,0.0,0,,1
20210805,1628092800000,,,,,0,0.0,0.0,0,,1
20210806,1628179200000,,,,,0,0.0,0.0,0,,1
20210809,1628438400000,,,,,0,0.0,0.0,0,,1
20210810,1628524800000,,,,,0,0.0,0.0,0,,1
20210811,1628611200000,,,,,0,0.0,0.0,0,,1
20210812,1628697600000,,,,,0,0.0,0.0,0,,1
20210813,1628784000000,,,,,0,0.0,0.0,0,,1
20210816,1629043200000,,,,,0,0.0,0.0,0,,1
20210817,1629129600000,,,,,0,0.0,0.0,0,,1
20210818,1629216000000,,,,,0,0.0,0.0,0,,1
20210819,1629302400000,,,,,0,0.0,0.0,0,,1
20210820,1629388800000,,,,,0,0.0,0.0,0,,1
20210823,1629648000000,,,,,0,0.0,0.0,0,,1
20210824,1629734400000,,,,,0,0.0,0.0,0,,1
20210825,1629820800000,,,,,0,0.0,0.0,0,,1
20210826,1629907200000,,,,,0,0.0,0.0,0,,1
20210827,1629993600000,,,,,0,0.0,0.0,0,,1
20210830,1630252800000,,,,,0,0.0,0.0,0,,1
20210831,1630339200000,,,,,0,0.0,0.0,0,,1
20210901,1630425600000,,,,,0,0.0,0.0,0,,1
20210902,1630512000000,,,,,0,0.0,0.0,0,,1
20210903,1630598400000,,,,,0,0.0,0.0,0,,1
20210906,1630857600000,,,,,0,0.0,0.0,0,,1
20210907,1630944000000,,,,,0,0.0,0.0,0,,1
20210908,1631030400000,,,,,0,0.0,0.0,0,,1
20210909,1631116800000,,,,,0,0.0,0.0,0,,1
20210910,1631203200000,,,,,0,0.0,0.0,0,,1
20210913,1631462400000,,,,,0,0.0,0.0,0,,1
20210914,1631548800000,,,,,0,0.0,0.0,0,,1
20210915,1631635200000,,,,,0,0.0,0.0,0,,1
20210916,1631721600000,,,,,0,0.0,0.0,0,,1
20210917,1631808000000,,,,,0,0.0,0.0,0,,1
20210922,1632240000000,,,,,0,0.0,0.0,0,,1
20210923,1632326400000,,,,,0,0.0,0.0,0,,1
20210924,1632412800000,,,,,0,0.0,0.0,0,,1
20210927,1632672000000,,,,,0,0.0,0.0,0,,1
20210928,1632758400000,,,,,0,0.0,0.0,0,,1
20210929,1632844800000,,,,,0,0.0,0.0,0,,1
20210930,1632931200000,,,,,0,0.0,0.0,0,,1
20211008,1633622400000,,,,,0,0.0,0.0,0,,1
20211011,1633881600000,,,,,0,0.0,0.0,0,,1
20211012,1633968000000,,,,,0,0.0,0.0,0,,1
20211013,1634054400000,,,,,0,0.0,0.0,0,,1
20211014,1634140800000,,,,,0,0.0,0.0,0,,1
20211015,1634227200000,,,,,0,0.0,0.0,0,,1
20211018,1634486400000,,,,,0,0.0,0.0,0,,1
20211019,1634572800000,,,,,0,0.0,0.0,0,,1
20211020,1634659200000,,,,,0,0.0,0.0,0,,1
20211021,1634745600000,,,,,0,0.0,0.0,0,,1
20211022,1634832000000,,,,,0,0.0,0.0,0,,1
20211025,1635091200000,,,,,0,0.0,0.0,0,,1
20211026,1635177600000,,,,,0,0.0,0.0,0,,1
20211027,1635264000000,,,,,0,0.0,0.0,0,,1
20211028,1635350400000,,,,,0,0.0,0.0,0,,1
20211029,1635436800000,,,,,0,0.0,0.0,0,,1
20211101,1635696000000,,,,,0,0.0,0.0,0,,1
20211102,1635782400000,,,,,0,0.0,0.0,0,,1
20211103,1635868800000,,,,,0,0.0,0.0,0,,1
20211104,1635955200000,,,,,0,0.0,0.0,0,,1
20211105,1636041600000,,,,,0,0.0,0.0,0,,1
20211108,1636300800000,,,,,0,0.0,0.0,0,,1
20211109,1636387200000,,,,,0,0.0,0.0,0,,1
20211110,1636473600000,,,,,0,0.0,0.0,0,,1
20211111,1636560000000,,,,,0,0.0,0.0,0,,1
20211112,1636646400000,,,,,0,0.0,0.0,0,,1
20211115,1636905600000,,,,,0,0.0,0.0,0,,1
20211116,1636992000000,,,,,0,0.0,0.0,0,,1
20211117,1637078400000,,,,,0,0.0,0.0,0,,1
20211118,1637164800000,,,,,0,0.0,0.0,0,,1
20211119,1637251200000,,,,,0,0.0,0.0,0,,1
20211122,1637510400000,,,,,0,0.0,0.0,0,,1
20211123,1637596800000,,,,,0,0.0,0.0,0,,1
20211124,1637683200000,,,,,0,0.0,0.0,0,,1
20211125,1637769600000,,,,,0,0.0,0.0,0,,1
20211126,1637856000000,,,,,0,0.0,0.0,0,,1
20211129,1638115200000,,,,,0,0.0,0.0,0,,1
20211130,1638201600000,,,,,0,0.0,0.0,0,,1
20211201,1638288000000,,,,,0,0.0,0.0,0,,1
20211202,1638374400000,,,,,0,0.0,0.0,0,,1
20211203,1638460800000,,,,,0,0.0,0.0,0,,1
20211206,1638720000000,,,,,0,0.0,0.0,0,,1
20211207,1638806400000,,,,,0,0.0,0.0,0,,1
20211208,1638892800000,,,,,0,0.0,0.0,0,,1
20211209,1638979200000,,,,,0,0.0,0.0,0,,1
20211210,1639065600000,,,,,0,0.0,0.0,0,,1
20211213,1639324800000,,,,,0,0.0,0.0,0,,1
20211214,1639411200000,,,,,0,0.0,0.0,0,,1
20211215,1639497600000,,,,,0,0.0,0.0,0,,1
20211216,1639584000000,,,,,0,0.0,0.0,0,,1
20211217,1639670400000,,,,,0,0.0,0.0,0,,1
20211220,1639929600000,,,,,0,0.0,0.0,0,,1
20211221,1640016000000,,,,,0,0.0,0.0,0,,1
20211222,1640102400000,,,,,0,0.0,0.0,0,,1
20211223,1640188800000,,,,,0,0.0,0.0,0,,1
20211224,1640275200000,,,,,0,0.0,0.0,0,,1
20211227,1640534400000,,,,,0,0.0,0.0,0,,1
20211228,1640620800000,92.00000000000001,119.60000000000001,90.60000000000001,105.04,136153,1425384713.0,0.0,15,86.06,0
20211229,1640707200000,113.35,136.0,109.0,132.0,129545,1580611579.0,0.0,15,105.04,0
20211230,1640793600000,120.5,126.73,115.7,117.5,94923,1138226508.0,0.0,15,132.0,0
20211231,1640880000000,113.01,120.94,103.0,103.0,89457,985211973.0,0.0,15,117.5,0
20220104,1641225600000,100.01,101.11,93.0,93.5,68322,661444844.0,0.0,15,103.0,0
20220105,1641312000000,92.5,92.57000000000001,87.01,91.27000000000001,60132,539616790.0,0.0,15,93.5,0
20220106,1641398400000,89.6,93.14999999999999,88.8,92.61,38647,352150455.00000006,0.0,15,91.27,0
20220107,1641484800000,91.81,95.61,89.58,92.2,42661,395074944.0,0.0,15,92.61,0
20220110,1641744000000,90.6,96.1,89.72,93.67999999999999,34578,323553784.0,0.0,15,92.2,0
20220111,1641830400000,93.98,93.98,88.59,88.7,37193,337460144.0,0.0,15,93.68,0
20220112,1641916800000,87.97,90.64999999999999,87.88,89.41,24602,220400279.00000003,0.0,15,88.69999999999999,0
20220113,1642003200000,89.07,95.64,86.77,91.52,47350,429543306.0,0.0,15,89.41,0
20220114,1642089600000,90.0,96.82,88.77,96.6,56768,528526986.00000006,0.0,15,91.52,0
20220117,1642348800000,97.8,99.44,92.3,93.46,42696,406273844.00000006,0.0,15,96.6,0
20220118,1642435200000,92.45,93.0,88.9,89.30000000000001,30712,277014986.0,0.0,15,93.46000000000001,0
20220119,1642521600000,88.11,90.65,88.11,90.65,14980,134547121.0,0.0,15,89.3,0
20220120,1642608000000,91.0,94.31,89.36,92.07,30630,282016796.0,0.0,15,90.65,0
20220121,1642694400000,90.5,91.0,79.66,80.31,39362,336311044.0,0.0,15,92.07,0
20220124,1642953600000,79.80000000000001,79.80000000000001,77.60000000000001,77.85000000000001,15333,120456641.00000001,0.0,15,80.31,0
20220125,1643040000000,78.0,78.0,72.0,72.2,18562,137951308.0,0.0,15,77.85,0
20220126,1643126400000,72.2,73.85,71.5,72.6,11332,82541897.0,0.0,15,72.2,0
20220127,1643212800000,72.64999999999999,73.49,68.02,68.02,15918,111603399.00000001,0.0,15,72.6,0
20220128,1643299200000,68.60000000000001,70.43,68.60000000000001,69.37,10619,73744427.0,0.0,15,68.02000000000001,0
20220207,1644163200000,71.04,72.07000000000001,70.56,71.3,9353,66718533.0,0.0,15,69.37,0
20220208,1644249600000,71.01,72.24000000000001,70.65,72.22,8190,58667092.00000001,0.0,15,71.30000000000001,0
20220209,1644336000000,71.77,72.59,70.83,71.98,9237,66356588.00000001,0.0,15,72.22,0
20220210,1644422400000,72.2,72.27000000000001,70.10000000000001,70.25000000000001,10671,75556941.0,0.0,15,71.98,0
20220211,1644508800000,69.11000000000001,74.89000000000001,68.07000000000001,72.74000000000001,20443,146302469.0,0.0,15,70.25000000000001,0
20220214,1644768000000,73.92,73.95,70.61,71.1,14575,105273730.0,0.0,15,72.74,0
20220215,1644854400000,70.91000000000001,76.66000000000001,70.15,75.28,25349,187806647.0,0.0,15,71.10000000000001,0
20220216,1644940800000,74.58,80.78,74.23,79.58,27116,209150024.00000003,0.0,15,75.28,0
20220217,1645027200000,79.0,79.0,76.36,76.79,20533,158344159.0,0.0,15,79.58,0
20220218,1645113600000,76.0,78.3,74.83,76.91,14423,110525597.99999999,0.0,15,76.78999999999999,0
20220221,1645372800000,76.13000000000001,76.98,74.26,75.83,14423,108747450.99999999,0.0,15,76.91000000000001,0
20220222,1645459200000,76.28999999999999,79.28,75.33,76.0,15547,120035072.0,0.0,15,75.83,0
20220223,1645545600000,75.11,77.58,74.24,76.39999999999999,13452,102227204.00000001,0.0,15,76.0,0
20220224,1645632000000,76.0,79.9,74.5,75.04,25551,196549044.00000003,0.0,15,76.4,0
20220225,1645718400000,78.0,80.92,76.2,78.71000000000001,28377,222933487.0,0.0,15,75.04,0
20220228,1645977600000,77.99000000000001,79.35000000000001,76.68,76.82000000000001,16734,129513174.0,0.0,15,78.71000000000001,0
20220301,1646064000000,77.0,77.29,75.11,75.6,13010,98811965.0,0.0,15,76.82,0
20220302,1646150400000,76.5,76.5,74.98,76.17,9787,74135029.0,0.0,15,75.60000000000001,0
20220303,1646236800000,75.60000000000001,84.49000000000001,75.01,79.94,31616,252997232.00000003,0.0,15,76.17,0
20220304,1646323200000,80.60000000000001,92.5,79.31,87.54,67422,586151038.0,0.0,15,79.94,0
20220307,1646582400000,85.5,86.60000000000001,81.01,82.0,40999,340484202.0,0.0,15,87.54,0
20220308,1646668800000,81.97,82.05,73.2,73.31,34917,264725641.0,0.0,15,82.0,0
20220309,1646755200000,72.31,75.36,69.69,73.99,21384,155913335.0,0.0,15,73.31,0
20220310,1646841600000,76.55,78.25,74.5,76.71,24518,187253298.0,0.0,15,73.99,0
20220311,1646928000000,74.99000000000001,81.49000000000001,74.2,79.85000000000001,29078,226177414.00000003,0.0,15,76.71000000000001,0
20220314,1647187200000,82.4,85.83,78.0,81.8,43594,360715260.0,0.0,15,79.85,0
20220315,1647273600000,81.95,98.16,80.08,94.42,91497,830864369.0,0.0,15,81.8,0
20220316,1647360000000,89.7,90.79,81.01,86.09,73515,634031343.0,0.0,15,94.42,0
20220317,1647446400000,83.25999999999999,90.5,82.66,84.17999999999999,57050,494317089.0,0.0,15,86.09,0
20220318,1647532800000,83.5,86.15,82.06,85.13,38757,326997938.99999994,0.0,15,84.18,0
20220321,1647792000000,86.73,88.98,84.71000000000001,87.00000000000001,38453,334097955.0,0.0,15,85.13000000000001,0
20220322,1647878400000,86.92,86.92,80.38,80.39999999999999,33349,274671716.0,0.0,15,87.0,0
20220323,1647964800000,80.11000000000001,81.68,79.21000000000001,79.76,21022,168784863.0,0.0,15,80.4,0
20220324,1648051200000,78.80000000000001,82.38000000000001,76.79,80.87,22209,177025007.0,0.0,15,79.76,0
20220325,1648137600000,80.11,80.68,76.06,76.11,21561,168243339.0,0.0,15,80.87,0
20220328,1648396800000,76.93,78.34,74.53,75.03,11139,84524554.0,0.0,15,76.11,0
20220329,1648483200000,75.03,76.9,71.72,72.65,15532,115420605.0,0.0,15,75.03,0
20220330,1648569600000,72.88000000000001,75.89,72.34,75.05,15032,111760885.0,0.0,15,72.65,0
20220331,1648656000000,75.8,76.09,72.2,72.21000000000001,15386,113618834.00000001,0.0,15,75.05,0
20220401,1648742400000,72.09,73.89,71.5,72.6,10929,79277131.00000001,0.0,15,72.21,0
20220406,1649174400000,72.77,73.96000000000001,72.2,73.0,9352,68203051.99999999,0.0,15,72.60000000000001,0
20220407,1649260800000,72.98,72.98,69.35000000000001,69.57000000000001,13509,95314678.0,0.0,15,73.00000000000001,0
20220408,1649347200000,69.5,69.98,67.0,67.5,10761,73134015.0,0.0,15,69.57,0
20220411,1649606400000,66.83,69.4,66.06,67.01,8963,60208139.0,0.0,15,67.5,0
20220412,1649692800000,67.46,68.2,63.0,65.43,11543,75447815.00000001,0.0,15,67.01,0
20220413,1649779200000,65.43,66.0,62.02,62.190000000000005,10504,66242322.0,0.0,15,65.43,0
20220414,1649865600000,62.2,66.98,62.190000000000005,65.4,17471,114036172.00000001,0.0,15,62.190000000000005,0
20220415,1649952000000,64.86,66.68,63.6,63.75,13178,85052427.0,0.0,15,65.4,0
20220418,1650211200000,63.54,64.88,61.71,64.31,8974,57060425.0,0.0,15,63.75,0
20220419,1650297600000,63.82000000000001,64.7,61.980000000000004,62.45,7998,50577786.00000001,0.0,15,64.31,0
20220420,1650384000000,62.96,63.56,61.68,62.33,8482,53062279.0,0.0,15,62.45,0
20220421,1650470400000,61.75,62.02,57.85,58.4,11548,69097956.0,0.0,15,62.33,0
20220422,1650556800000,57.89,58.88,56.77,58.400000000000006,8977,51838128.99999999,0.0,15,58.400000000000006,0
20220425,1650816000000,57.760000000000005,57.760000000000005,51.800000000000004,52.09,16253,88442759.0,0.0,15,58.400000000000006,0
20220426,1650902400000,52.0,52.94,47.54,47.699999999999996,23031,114997831.0,0.0,15,52.089999999999996,0
20220427,1650988800000,46.28,50.230000000000004,46.0,49.9,17937,86493118.00000001,0.0,15,47.7,0
20220428,1651075200000,50.84,51.800000000000004,49.02,50.290000000000006,15012,75681057.0,0.0,15,49.900000000000006,0
20220429,1651161600000,51.88,52.5,50.82,52.05,12232,63446521.00000001,0.0,15,50.29,0
20220505,1651680000000,52.0,54.8,51.76,54.4,12027,65049538.0,0.0,15,52.05,0
20220506,1651766400000,52.900000000000006,55.03,52.550000000000004,53.400000000000006,10730,57775406.0,0.0,15,54.400000000000006,0
20220509,1652025600000,53.5,55.900000000000006,52.45,54.980000000000004,13642,74837761.00000001,0.0,15,53.400000000000006,0
20220510,1652112000000,54.2,55.400000000000006,54.120000000000005,54.88,12141,66494279.0,0.0,15,54.980000000000004,0
20220511,1652198400000,55.11,56.47,54.4,54.4,13445,74870142.99999999,0.0,15,54.879999999999995,0
20220512,1652284800000,55.02,56.08,54.0,54.94,9322,51406586.0,0.0,15,54.4,0
20220513,1652371200000,55.01,56.19,54.86,55.17,7101,39312606.0,0.0,15,54.94,0
20220516,1652630400000,60.93000000000001,66.2,58.800000000000004,66.2,44184,289059290.00000006,0.0,15,55.17,0
20220517,1652716800000,68.97999999999999,74.38,64.6,65.14,74734,517598375.0,0.0,15,66.19999999999999,0
20220518,1652803200000,63.0,63.98,59.18,61.85,45908,280291454.0,0.0,15,65.14,0
20220519,1652889600000,59.9,60.6,59.29,60.3,30811,184717515.00000003,0.0,15,61.85,0
20220520,1652976000000,61.00000000000001,61.17,58.050000000000004,58.49,29727,175776534.0,0.0,15,60.300000000000004,0
20220523,1653235200000,65.98,70.19,63.2,70.19,53105,356600752.99999994,0.0,15,58.49,0
20220524,1653321600000,74.83000000000001,76.17000000000002,69.60000000000001,71.32000000000001,86442,634663635.0,0.0,15,70.19000000000001,0
20220525,1653408000000,66.0,71.08,65.86,68.08,47399,323189194.0,0.0,15,71.32,0
20220526,1653494400000,67.42999999999999,67.76,63.15,64.1,39134,251102937.00000003,0.0,15,68.08,0
20220527,1653580800000,64.35000000000001,69.99000000000001,63.440000000000005,69.18,51165,345610990.00000006,0.0,15,64.10000000000001,0
20220530,1653840000000,69.2,72.62,66.01,69.02000000000001,44061,305366280.0,0.0,15,69.18,0
20220531,1653926400000,71.2,72.77000000000001,67.54,68.12,35010,244339854.0,0.0,15,69.02000000000001,0
20220601,1654012800000,67.19,68.18,63.45,64.15,38590,253093391.0,0.0,15,67.62,0
20220602,1654099200000,64.75,65.0,62.36,65.0,22894,145623149.0,0.0,15,64.15,0
20220606,1654444800000,64.0,66.66000000000001,63.550000000000004,65.13000000000001,24500,159507996.0,0.0,15,65.0,0
20220607,1654531200000,65.13000000000001,66.5,64.2,65.19,25870,169916454.99999997,0.0,15,65.13000000000001,0
20220608,1654617600000,65.64,65.64,62.550000000000004,63.27,26424,167421296.0,0.0,15,65.19,0
20220609,1654704000000,62.790000000000006,63.56,59.59,59.730000000000004,24513,149214092.0,0.0,15,63.27,0
20220610,1654790400000,59.730000000000004,61.6,59.730000000000004,60.220000000000006,16712,101379026.00000001,0.0,15,59.730000000000004,0
20220613,1655049600000,59.7,61.260000000000005,59.7,60.550000000000004,12681,76856261.0,0.0,15,60.220000000000006,0
20220614,1655136000000,60.2,60.2,57.18,58.8,17127,100260937.00000001,0.0,15,60.55,0
20220615,1655222400000,59.26,62.129999999999995,59.01,59.03,21291,128531922.0,0.0,15,58.8,0
20220616,1655308800000,58.0,60.71,57.83,59.03,15542,92414463.0,0.0,15,59.03,0
20220617,1655395200000,58.8,59.809999999999995,58.26,59.5,12771,75562887.00000001,0.0,15,59.03,0
20220620,1655654400000,59.800000000000004,60.900000000000006,59.620000000000005,60.720000000000006,15752,95024983.0,0.0,15,59.50000000000001,0
20220621,1655740800000,60.5,60.74,58.67,59.27,14237,84881916.0,0.0,15,60.72,0
20220622,1655827200000,59.0,60.5,58.15,59.339999999999996,14567,86628245.00000001,0.0,15,59.269999999999996,0
20220623,1655913600000,60.309999999999995,62.29,59.9,60.44,19005,115751985.00000001,0.0,15,59.339999999999996,0
20220624,1656000000000,61.1,62.1,60.6,62.01,23095,142377488.00000003,0.0,15,60.440000000000005,0
20220627,1656259200000,61.0,61.49,59.78,60.35,21583,130515144.0,0.0,15,62.01,0
20220628,1656345600000,59.5,60.26,58.0,59.96,24384,143861180.0,0.0,15,60.35,0
20220629,1656432000000,59.6,60.27,58.0,58.0,15622,92023791.0,0.0,15,59.96,0
20220630,1656518400000,58.29,59.1,57.9,58.86,11149,65358718.00000001,0.0,15,58.0,0
20220701,1656604800000,58.50000000000001,59.45,57.370000000000005,57.800000000000004,10589,61583491.0,0.0,15,58.86000000000001,0
20220704,1656864000000,59.0,60.93,58.6,59.92,25839,154750583.0,0.0,15,57.800000000000004,0
20220705,1656950400000,59.5,59.5,57.65,58.33,19391,113269074.0,0.0,15,59.92,0
20220706,1657036800000,58.88,59.81,58.18,58.62,14875,87700494.0,0.0,15,58.33,0
20220707,1657123200000,58.400000000000006,59.0,56.81,57.6,13844,79666519.0,0.0,15,58.620000000000005,0
20220708,1657209600000,57.6,61.52,57.300000000000004,60.96000000000001,33483,201593615.99999997,0.0,15,57.6,0
20220711,1657468800000,61.61,62.800000000000004,60.63,61.5,29213,180799279.0,0.0,15,60.96,0
20220712,1657555200000,61.010000000000005,61.38,58.910000000000004,59.56,18766,112132847.0,0.0,15,61.5,0
20220713,1657641600000,59.05,59.66,58.11,59.13,11582,68133247.0,0.0,15,59.56,0
20220714,1657728000000,59.49,62.3,59.32,62.15,24496,150215011.0,0.0,15,59.13,0
20220715,1657814400000,62.38,63.5,61.02,61.61000000000001,21901,135944527.0,0.0,15,62.150000000000006,0
20220718,1658073600000,61.42,62.38,60.0,62.12,15255,94164602.0,0.0,15,61.61,0
20220719,1658160000000,61.550000000000004,63.34,61.550000000000004,63.1,18663,116867356.0,0.0,15,62.120000000000005,0
20220720,1658246400000,63.1,65.98,62.58,65.51,29312,189020153.0,0.0,15,63.1,0
20220721,1658332800000,65.0,66.09,62.800000000000004,62.800000000000004,23830,152644471.0,0.0,15,65.51,0
20220722,1658419200000,62.26,62.88,60.21,60.92,19833,121561656.00000001,0.0,15,62.8,0
20220725,1658678400000,63.839999999999996,69.85,63.01,66.74,57377,384133120.0,0.0,15,60.92,0
20220726,1658764800000,66.7,68.5,64.77,65.56,37026,244586307.99999997,0.0,15,66.74,0
20220727,1658851200000,66.1,69.46,64.1,65.85,44210,293464111.0,0.0,15,65.55999999999999,0
20220728,1658937600000,65.12,65.92,64.01,65.11,25095,163112585.0,0.0,15,65.85000000000001,0
20220729,1659024000000,65.62,65.64,62.7,63.720000000000006,27735,177431261.0,0.0,15,65.11,0
20220801,1659283200000,64.12,65.2,62.5,62.59,20347,129513214.0,0.0,15,63.72,0
20220802,1659369600000,62.0,62.0,56.58,56.66,30018,174523646.0,0.0,15,62.589999999999996,0
20220803,1659456000000,56.6,58.24,56.59,56.720000000000006,18433,105675557.00000001,0.0,15,56.660000000000004,0
20220804,1659542400000,56.75,57.300000000000004,55.7,56.61,12396,70051877.00000001,0.0,15,56.720000000000006,0
20220805,1659628800000,57.45,58.5,57.11,58.31,16462,95326316.0,0.0,15,56.61,0
20220808,1659888000000,58.32,59.85,58.31,58.85,16005,94600211.00000001,0.0,15,58.31,0
20220809,1659974400000,58.2,58.82,57.74,58.410000000000004,10809,62842008.0,0.0,15,58.85,0
20220810,1660060800000,58.3,58.55,57.32,57.73,10294,59565221.0,0.0,15,58.410000000000004,0
20220811,1660147200000,58.38,58.800000000000004,57.85,58.5,11082,64726675.00000001,0.0,15,57.730000000000004,0
20220812,1660233600000,59.3,59.63,58.25,59.15,16393,96836549.0,0.0,15,58.5,0
20220815,1660492800000,58.25,58.580000000000005,57.13,57.910000000000004,11545,66636121.0,0.0,15,59.150000000000006,0
20220816,1660579200000,57.940000000000005,58.470000000000006,57.620000000000005,58.28,7762,45011053.00000001,0.0,15,57.910000000000004,0
20220817,1660665600000,58.29,58.480000000000004,57.53,57.86,8076,46718751.0,0.0,15,58.28,0
20220818,1660752000000,57.64,57.64,56.58,57.269999999999996,12003,68343207.0,0.0,15,57.86,0
20220819,1660838400000,57.03,57.7,55.84,56.010000000000005,10200,58027949.0,0.0,15,57.27,0
20220822,1661097600000,55.9,56.27,54.32,56.06,6787,37676158.0,0.0,15,56.01,0
20220823,1661184000000,55.98,56.91,54.83,54.92,8124,44829644.0,0.0,15,56.059999999999995,0
20220824,1661270400000,54.73,55.15,52.5,52.56,11767,62877682.0,0.0,15,54.92,0
20220825,1661356800000,52.56,53.11000000000001,51.300000000000004,52.35,8296,43135152.0,0.0,15,52.56,0
20220826,1661443200000,52.18,52.839999999999996,51.69,51.809999999999995,6062,31712696.000000004,0.0,15,52.349999999999994,0
20220829,1661702400000,50.940000000000005,52.300000000000004,50.24,52.190000000000005,5351,27587869.0,0.0,15,51.81,0
20220830,1661788800000,51.52,52.86,51.5,52.5,6478,33880982.00000001,0.0,15,52.19,0
20220831,1661875200000,52.44,52.64,50.82,50.96,6862,35345940.0,0.0,15,52.5,0
20220901,1661961600000,51.120000000000005,52.370000000000005,50.660000000000004,51.36000000000001,5649,29180987.000000004,0.0,15,50.96,0
20220902,1662048000000,52.0,52.48,51.36,51.99,4280,22206731.000000004,0.0,15,51.36,0
20220905,1662307200000,51.95,52.50000000000001,51.230000000000004,51.550000000000004,4179,21574598.0,0.0,15,51.99,0
20220906,1662393600000,51.6,53.1,51.050000000000004,52.6,7623,39794949.0,0.0,15,51.550000000000004,0
20220907,1662480000000,52.7,53.260000000000005,52.230000000000004,52.52,7317,38564387.0,0.0,15,52.6,0
20220908,1662566400000,52.400000000000006,52.400000000000006,50.370000000000005,50.370000000000005,10840,55465592.0,0.0,15,52.52,0
20220909,1662652800000,50.980000000000004,51.03,49.78,49.93,7816,39200835.0,0.0,15,50.370000000000005,0
20220913,1662998400000,49.95,50.480000000000004,49.49,49.550000000000004,7409,36938830.0,0.0,15,49.93,0
20220914,1663084800000,48.49,49.55,48.15,49.17,6621,32320674.000000004,0.0,15,49.55,0
20220915,1663171200000,49.59,49.970000000000006,47.7,48.24,7048,34307980.00000001,0.0,15,49.17,0
20220916,1663257600000,48.809999999999995,48.809999999999995,47.19,47.3,7687,36896409.0,0.0,15,48.239999999999995,0
20220919,1663516800000,48.78,50.1,47.78,48.33,13366,65370474.0,0.0,15,47.300000000000004,0
20220920,1663603200000,48.0,48.5,47.26,48.19,9765,46702726.00000001,0.0,15,48.33,0
20220921,1663689600000,47.95,48.410000000000004,46.300000000000004,47.900000000000006,8902,42233336.0,0.0,15,48.190000000000005,0
20220922,1663776000000,47.400000000000006,48.21,47.13,47.13,5027,23930598.0,0.0,15,47.900000000000006,0
20220923,1663862400000,47.400000000000006,47.45,45.7,45.790000000000006,6940,32162987.0,0.0,15,47.13,0
20220926,1664121600000,45.199999999999996,45.5,44.4,44.42,6232,28017304.0,0.0,15,45.79,0
20220927,1664208000000,44.44,46.11,44.44,46.11,10481,47788714.0,0.0,15,44.419999999999995,0
20220928,1664294400000,46.080000000000005,46.77,44.660000000000004,44.720000000000006,8399,38353876.99999999,0.0,15,46.11000000000001,0
20220929,1664380800000,45.3,45.839999999999996,44.4,44.44,7119,32139587.999999996,0.0,15,44.72,0
20220930,1664467200000,44.36,45.39,44.15,44.55,7277,32659115.999999996,0.0,15,44.44,0
20221010,1665331200000,44.89,45.489999999999995,43.69,44.0,7667,34209624.0,0.0,15,44.55,0
20221011,1665417600000,44.0,44.0,42.65,43.51,8015,34602811.00000001,0.0,15,44.0,0
20221012,1665504000000,43.50000000000001,44.78,42.910000000000004,44.77,7059,30871729.0,0.0,15,43.510000000000005,0
20221013,1665590400000,44.64,46.2,44.230000000000004,45.980000000000004,9154,41871229.0,0.0,15,44.77,0
20221014,1665676800000,45.85,49.28,45.85,48.74,15393,74132079.0,0.0,15,45.980000000000004,0
20221017,1665936000000,48.15,50.8,48.15,49.589999999999996,13646,68028202.00000001,0.0,15,48.74,0
20221018,1666022400000,49.59,50.99,48.77,50.220000000000006,11733,58613578.0,0.0,15,49.59,0
20221019,1666108800000,50.01,50.48,49.18,49.52,7993,39715692.00000001,0.0,15,50.22,0
20221020,1666195200000,49.39,50.0,49.01,49.46,8034,39849383.0,0.0,15,49.519999999999996,0
20221021,1666281600000,49.11,52.38,48.71,52.160000000000004,21609,109922043.0,0.0,15,49.46,0
20221024,1666540800000,53.239999999999995,56.5,50.26,53.949999999999996,44689,238258638.0,0.0,15,52.16,0
20221025,1666627200000,52.36,52.82,48.0,50.13,29434,147759997.0,0.0,15,53.95,0
20221026,1666713600000,50.53,54.43000000000001,50.27,53.0,27403,144432246.00000003,0.0,15,50.13,0
20221027,1666800000000,52.65,52.72,50.07,50.160000000000004,23514,120046223.0,0.0,15,53.0,0
20221028,1666886400000,49.94,51.0,48.01,48.059999999999995,11998,59039454.0,0.0,15,50.16,0
20221031,1667145600000,48.1,50.38,48.0,49.74,12194,60368419.0,0.0,15,48.06,0
20221101,1667232000000,49.74,51.0,49.1,50.36,11282,56241917.0,0.0,15,49.74,0
20221102,1667318400000,50.010000000000005,52.46,49.81,51.330000000000005,14816,76428319.0,0.0,15,50.36,0
20221103,1667404800000,50.73,51.3,50.25,50.84,11054,56026323.0,0.0,15,51.33,0
20221104,1667491200000,50.900000000000006,52.06,50.7,51.410000000000004,11387,58542520.0,0.0,15,50.84,0
20221107,1667750400000,51.5,51.88,51.09,51.580000000000005,8976,46185297.0,0.0,15,51.410000000000004,0
20221108,1667836800000,51.53,51.86,50.76,51.69,6596,33882674.0,0.0,15,51.58,0
20221109,1667923200000,51.46,52.79,51.14,52.57,14519,75918648.0,0.0,15,51.69,0
20221110,1668009600000,52.400000000000006,53.150000000000006,51.38,51.39,14625,76492234.0,0.0,15,52.57,0
20221111,1668096000000,52.4,54.75,51.39,52.0,26446,140257174.0,0.0,15,51.39,0
20221114,1668355200000,51.48,52.54,49.51,51.849999999999994,14001,72162022.0,0.0,15,52.0,0
20221115,1668441600000,52.31,54.9,51.85,54.480000000000004,23821,127741621.0,0.0,15,51.85,0
20221116,1668528000000,55.19,61.5,54.94,58.03,49187,284455170.0,0.0,15,54.48,0
20221117,1668614400000,56.9,58.88,56.18,56.93,32427,185395502.0,0.0,15,58.03,0
20221118,1668700800000,56.53,58.13,55.660000000000004,56.31,28253,160539358.00000003,0.0,15,56.93000000000001,0
20221121,1668960000000,55.66,58.8,54.5,58.61,34922,200448706.0,0.0,15,56.31,0
20221122,1669046400000,57.78,57.98,53.65,53.86,34683,192451646.0,0.0,15,58.61,0
20221123,1669132800000,54.0,54.269999999999996,51.08,51.58,16689,86913295.0,0.0,15,53.86,0
20221124,1669219200000,52.86,52.86,51.5,52.51,11446,59739374.00000001,0.0,15,51.58,0
20221125,1669305600000,52.52,52.85,50.5,51.6,10659,54939837.0,0.0,15,52.51,0
20221128,1669564800000,51.35,56.0,50.88,52.78,26190,139095501.99999997,0.0,15,51.6,0
20221129,1669651200000,52.7,63.34,52.0,63.34,73846,450628139.0,0.0,15,52.78,0
20221130,1669737600000,66.68,70.3,66.34,68.9,115242,788483397.0000001,0.0,15,63.34,0
20221201,1669824000000,67.10000000000001,67.97,61.63,63.24,79558,508413021.00000006,0.0,15,68.9,0
20221202,1669910400000,63.95,71.0,63.85,67.8,79289,530893292.0,0.0,15,63.24,0
20221205,1670169600000,67.86,67.9,63.36,66.12,59139,385691992.0,0.0,15,67.8,0
20221206,1670256000000,65.0,65.2,60.03,60.59,49769,309363592.0,0.0,15,66.12,0
20221207,1670342400000,61.0,63.68,59.58,63.58,47235,293404298.00000006,0.0,15,60.589999999999996,0
20221208,1670428800000,63.52,66.6,61.57,65.45,65619,424470423.0,0.0,15,63.58,0
20221209,1670515200000,66.0,74.47999999999999,64.1,67.3,82985,573637784.0,0.0,15,65.44999999999999,0
20221212,1670774400000,68.38,69.97999999999999,65.8,68.22,62437,424521846.0,0.0,15,67.3,0
20221213,1670860800000,65.48,65.6,61.71,63.39,53001,334289051.99999994,0.0,15,68.22,0
20221214,1670947200000,61.050000000000004,62.290000000000006,58.410000000000004,58.50000000000001,39058,232842165.0,0.0,15,63.39,0
20221215,1671033600000,59.07,59.56,57.63,58.88,23241,136374181.0,0.0,15,58.5,0
20221216,1671120000000,58.0,61.65,57.6,59.92,33798,203483610.0,0.0,15,58.88,0
20221219,1671379200000,60.0,60.11,54.67,55.120000000000005,32371,181281865.0,0.0,15,59.92,0
20221220,1671465600000,54.5,55.510000000000005,53.2,53.660000000000004,17348,93390567.0,0.0,15,55.120000000000005,0
20221221,1671552000000,53.66,54.12,52.0,52.8,17251,91260957.99999999,0.0,15,53.66,0
20221222,1671638400000,52.75,52.99,49.75,49.87,21263,107811072.99999999,0.0,15,52.8,0
20221223,1671724800000,49.88,50.980000000000004,49.14,50.25,16128,80903516.0,0.0,15,49.87,0
20221226,1671984000000,51.28,51.57000000000001,48.800000000000004,48.96,18091,89949696.0,0.0,15,50.25000000000001,0
20221227,1672070400000,48.5,48.56,46.5,47.55,19783,93374838.00000001,0.0,15,48.96,0
20221228,1672156800000,47.36,47.730000000000004,46.45,46.550000000000004,15424,72406150.0,0.0,15,47.550000000000004,0
20221229,1672243200000,46.31,46.940000000000005,46.2,46.35,15463,72030612.0,0.0,15,46.550000000000004,0
20221230,1672329600000,46.22,47.0,45.65,45.73,12293,56534247.0,0.0,15,46.35,0
20230103,1672675200000,45.870000000000005,47.2,45.800000000000004,47.050000000000004,15555,72762846.0,0.0,15,45.730000000000004,0
20230104,1672761600000,47.080000000000005,47.49,46.31,47.300000000000004,15338,72018848.0,0.0,15,47.050000000000004,0
20230105,1672848000000,47.01,48.24,46.5,47.94,17061,81171558.0,0.0,15,47.3,0
20230106,1672934400000,48.0,48.12,47.32,47.51,12376,58995457.0,0.0,15,47.94,0
20230109,1673193600000,47.35,48.089999999999996,47.33,47.83,9798,46816252.0,0.0,15,47.51,0
20230110,1673280000000,47.75,48.099999999999994,46.87,47.87,8734,41691907.0,0.0,15,47.83,0
20230111,1673366400000,47.870000000000005,48.760000000000005,47.42,48.15,14156,68239714.0,0.0,15,47.870000000000005,0
20230112,1673452800000,48.120000000000005,48.32,47.2,47.5,11232,53609819.00000001,0.0,15,48.150000000000006,0
20230113,1673539200000,47.5,48.43,47.33,48.26,10652,51105489.0,0.0,15,47.5,0
20230116,1673798400000,48.5,54.2,48.5,52.69,40534,210542934.00000003,0.0,15,48.26,0
20230117,1673884800000,53.5,53.64,50.76,51.15,20232,104477553.0,0.0,15,52.69,0
20230118,1673971200000,51.260000000000005,51.800000000000004,50.7,50.74,8818,45060187.00000001,0.0,15,51.150000000000006,0
20230119,1674057600000,50.620000000000005,51.550000000000004,50.52,51.220000000000006,8106,41477864.0,0.0,15,50.74,0
20230120,1674144000000,51.0,52.17,50.5,50.9,8870,45400304.0,0.0,15,51.22,0
20230130,1675008000000,50.44,52.0,50.0,51.25,17062,86723905.0,0.0,15,50.9,0
20230131,1675094400000,50.99,51.42,50.160000000000004,50.85,11056,55905188.00000001,0.0,15,51.25000000000001,0
20230201,1675180800000,50.660000000000004,52.99,50.660000000000004,52.830000000000005,20172,105069100.0,0.0,15,50.85,0
20230202,1675267200000,52.99,55.190000000000005,52.63,53.660000000000004,17569,95085029.0,0.0,15,52.830000000000005,0
20230203,1675353600000,53.35,57.95,53.2,57.75,32826,182287360.0,0.0,15,53.660000000000004,0
20230206,1675612800000,57.400000000000006,57.970000000000006,56.02,56.760000000000005,19851,112866149.0,0.0,15,57.75,0
20230207,1675699200000,56.56,58.5,55.97,56.37,14482,82511243.0,0.0,15,56.76,0
20230208,1675785600000,56.39,56.870000000000005,55.17,55.2,12340,68866719.0,0.0,15,56.370000000000005,0
20230209,1675872000000,55.050000000000004,56.120000000000005,55.050000000000004,55.870000000000005,11141,61989430.0,0.0,15,55.2,0
20230210,1675958400000,55.75000000000001,56.38,54.550000000000004,54.800000000000004,13234,72992274.0,0.0,15,55.870000000000005,0
20230213,1676217600000,54.61000000000001,55.24,53.800000000000004,54.21,13257,72076286.0,0.0,15,54.800000000000004,0
20230214,1676304000000,54.300000000000004,55.800000000000004,54.02,55.300000000000004,15324,84497279.0,0.0,15,54.21,0
20230215,1676390400000,55.01,55.27,54.1,54.42,11844,64551986.0,0.0,15,55.300000000000004,0
20230216,1676476800000,54.699999999999996,54.79,52.22,52.72,14276,76846090.0,0.0,15,54.42,0
20230217,1676563200000,52.8,53.66,52.51,53.01,8531,45422522.0,0.0,15,52.72,0
20230220,1676822400000,53.03,53.95,51.57,53.8,11756,61737508.0,0.0,15,53.01,0
20230221,1676908800000,53.410000000000004,53.86,52.81,52.980000000000004,6869,36596656.99999999,0.0,15,53.800000000000004,0
20230222,1676995200000,52.92,55.95,52.6,55.18,23377,128079354.0,0.0,15,52.980000000000004,0
20230223,1677081600000,55.1,55.85,53.620000000000005,53.800000000000004,14560,79241830.0,0.0,15,55.18000000000001,0
20230224,1677168000000,53.84,54.300000000000004,52.71,53.1,7067,37713761.0,0.0,15,53.800000000000004,0
20230227,1677427200000,53.08,53.57,51.51,51.53,9239,48241460.0,0.0,15,53.1,0
20230228,1677513600000,51.62,52.39,51.58,52.32,5259,27385862.0,0.0,15,51.53,0
20230301,1677600000000,52.08,52.71,51.69,51.94,7387,38349642.0,0.0,15,52.32,0
20230302,1677686400000,51.85,52.11,50.71,50.74,9191,47071908.0,0.0,15,51.94,0
20230303,1677772800000,50.72,51.46,50.4,50.839999999999996,5507,28071615.000000004,0.0,15,50.74,0
20230306,1678032000000,50.559999999999995,51.39,50.44,51.26,5724,29216272.000000004,0.0,15,50.839999999999996,0
20230307,1678118400000,51.38,51.43000000000001,49.800000000000004,49.830000000000005,5802,29281529.0,0.0,15,51.260000000000005,0
20230308,1678204800000,49.77,50.300000000000004,49.52,49.99,5891,29373930.000000004,0.0,15,49.830000000000005,0
20230309,1678291200000,49.99,50.89,49.95,50.75,4829,24377162.0,0.0,15,49.99,0
20230310,1678377600000,50.75,50.75,49.49,49.72,7378,36778265.0,0.0,15,50.75,0
20230313,1678636800000,49.38,49.57,48.52,48.86000000000001,7500,36679209.0,0.0,15,49.720000000000006,0
20230314,1678723200000,48.900000000000006,49.39,47.7,48.24,8743,42371433.00000001,0.0,15,48.86,0
20230315,1678809600000,48.699999999999996,49.49,48.47,48.83,6874,33763627.0,0.0,15,48.24,0
20230316,1678896000000,48.7,49.28,48.21,48.29,5847,28498147.0,0.0,15,48.83,0
20230317,1678982400000,48.480000000000004,48.99,47.99,48.120000000000005,7114,34368389.0,0.0,15,48.29,0
20230320,1679241600000,48.14,48.51,46.94,47.599999999999994,6121,29077545.0,0.0,15,48.12,0
20230321,1679328000000,47.93000000000001,49.220000000000006,47.660000000000004,49.080000000000005,8110,39381904.0,0.0,15,47.6,0
20230322,1679414400000,49.07,50.15,49.07,49.79,8215,40901049.0,0.0,15,49.08,0
20230323,1679500800000,49.800000000000004,50.0,49.2,49.650000000000006,3962,19628315.0,0.0,15,49.790000000000006,0
20230324,1679587200000,49.9,50.839999999999996,49.83,50.18,7263,36501742.0,0.0,15,49.65,0
20230327,1679846400000,50.160000000000004,51.18000000000001,49.800000000000004,50.370000000000005,7303,36877908.0,0.0,15,50.18000000000001,0
20230328,1679932800000,50.32000000000001,50.690000000000005,49.300000000000004,49.89000000000001,6627,33044533.0,0.0,15,50.370000000000005,0
20230329,1680019200000,49.39,49.88,48.82,48.89,4627,22780053.000000004,0.0,15,49.89,0
20230330,1680105600000,48.88,49.44,48.32,48.71,4724,23144521.000000004,0.0,15,48.89,0
20230331,1680192000000,48.7,49.21000000000001,48.620000000000005,48.75000000000001,2965,14481098.0,0.0,15,48.71000000000001,0
20230403,1680451200000,48.92,50.07000000000001,48.620000000000005,49.63,6082,29988798.0,0.0,15,48.75000000000001,0
20230404,1680537600000,49.53,50.09,48.84,49.61000000000001,6319,31245331.000000004,0.0,15,49.63,0
20230406,1680710400000,49.660000000000004,50.83,49.35,50.1,7341,36834656.99999999,0.0,15,49.61,0
20230407,1680796800000,50.00000000000001,51.00000000000001,49.730000000000004,50.89,6940,35212374.0,0.0,15,50.1,0
20230410,1681056000000,50.6,51.190000000000005,49.7,49.96,6602,33353525.0,0.0,15,50.89,0
20230411,1681142400000,49.96,50.5,49.6,50.190000000000005,5166,25795865.000000004,0.0,15,49.96,0
20230412,1681228800000,50.36000000000001,50.68000000000001,49.050000000000004,49.120000000000005,7510,37205151.00000001,0.0,15,50.190000000000005,0
20230413,1681315200000,49.2,52.150000000000006,48.59,51.28,18632,94808107.0,0.0,15,49.120000000000005,0
20230414,1681401600000,51.58,52.98,50.79,50.949999999999996,13909,72049556.0,0.0,15,51.28,0
20230417,1681660800000,51.0,51.22,50.0,50.24,7377,37286282.0,0.0,15,50.95,0
20230418,1681747200000,50.2,50.26,49.21,49.67,6467,32165688.0,0.0,15,50.24,0
20230419,1681833600000,49.48,51.65,49.22,50.69,11386,57594934.0,0.0,15,49.67,0
20230420,1681920000000,50.34,50.760000000000005,48.300000000000004,48.43000000000001,10731,52677933.0,0.0,15,50.690000000000005,0
20230421,1682006400000,48.42,49.0,47.67,48.43,7810,37748925.0,0.0,15,48.43,0
20230424,1682265600000,48.44,48.76,47.11,48.14,5975,28582692.0,0.0,15,48.43,0
20230425,1682352000000,48.0,48.0,45.1,46.34,6410,29815291.999999996,0.0,15,48.14,0
20230426,1682438400000,45.7,47.68000000000001,45.300000000000004,47.17,4612,21641762.0,0.0,15,46.34,0
20230427,1682524800000,46.50000000000001,47.36000000000001,46.300000000000004,46.400000000000006,5102,23855257.0,0.0,15,47.17,0
20230428,1682611200000,46.97,47.36,46.26,47.309999999999995,4257,19977357.0,0.0,15,46.4,0
20230504,1683129600000,47.300000000000004,47.74,46.660000000000004,47.31,4905,23141517.000000004,0.0,15,47.31,0
20230505,1683216000000,47.31,47.31,45.7,46.0,5086,23473470.0,0.0,15,47.31,0
20230508,1683475200000,46.300000000000004,46.300000000000004,45.160000000000004,45.53,5286,24076408.0,0.0,15,46.00000000000001,0
20230509,1683561600000,45.510000000000005,45.53,44.7,44.720000000000006,5749,25820303.0,0.0,15,45.53,0
20230510,1683648000000,44.50000000000001,44.99,44.230000000000004,44.85,2951,13179370.0,0.0,15,44.720000000000006,0
20230511,1683734400000,45.050000000000004,45.19,44.71,44.84,3364,15116850.0,0.0,15,44.85,0
20230512,1683820800000,44.720000000000006,45.1,44.660000000000004,44.85,2513,11270698.0,0.0,15,44.84,0
20230515,1684080000000,44.66,45.12,44.0,44.99,3980,17716203.0,0.0,15,44.85,0
20230516,1684166400000,44.79,45.230000000000004,44.6,45.21,4460,20072291.0,0.0,15,44.99,0
20230517,1684252800000,45.21,45.25,44.7,45.25,2740,12327035.0,0.0,15,45.21,0
20230518,1684339200000,45.309999999999995,45.44,44.26,44.43,4970,22200925.0,0.0,15,45.25,0
20230519,1684425600000,44.39,45.989999999999995,44.33,45.65,6306,28577455.000000004,0.0,15,44.43,0
20230522,1684684800000,45.68,46.35,45.68,46.1,3767,17304985.0,0.0,15,45.65,0
20230523,1684771200000,46.1,47.07,45.74,46.24,6457,30145236.000000004,0.0,15,46.1,0
20230524,1684857600000,45.93000000000001,46.21,45.300000000000004,45.93000000000001,5288,24214546.000000004,0.0,15,46.24,0
20230525,1684944000000,45.68,46.22,45.53,46.160000000000004,3989,18293714.0,0.0,15,45.93,0
20230526,1685030400000,46.16,46.76,45.51,46.69,5073,23476964.000000004,0.0,15,46.16,0
20230529,1685289600000,46.18,46.18,44.86,45.0,5210,23562343.0,0.0,15,45.79,0
20230530,1685376000000,45.18,45.800000000000004,44.46,45.15,5892,26607591.0,0.0,15,45.0,0
20230531,1685462400000,45.080000000000005,45.470000000000006,44.38,44.38,5405,24263314.000000004,0.0,15,45.150000000000006,0
20230601,1685548800000,44.379999999999995,44.949999999999996,43.76,44.37,5587,24776501.000000004,0.0,15,44.379999999999995,0
20230602,1685635200000,44.68,44.769999999999996,44.15,44.6,4830,21485518.000000004,0.0,15,44.37,0
20230605,1685894400000,44.790000000000006,44.790000000000006,43.910000000000004,44.290000000000006,4534,20010785.0,0.0,15,44.6,0
20230606,1685980800000,44.28,44.28,42.7,42.81,7348,31800277.0,0.0,15,44.290000000000006,0
20230607,1686067200000,43.51,50.39,43.51,45.989999999999995,39108,182830174.99999997,0.0,15,42.809999999999995,0
20230608,1686153600000,44.89,46.28,44.51,45.199999999999996,25445,114785207.0,0.0,15,45.989999999999995,0
20230609,1686240000000,44.71,44.900000000000006,43.800000000000004,44.00000000000001,15243,67351141.0,0.0,15,45.2,0
20230612,1686499200000,44.550000000000004,44.89,43.92,44.79,12653,56256807.0,0.0,15,44.0,0
20230613,1686585600000,44.35,46.05,44.01,45.25,15605,70017486.00000001,0.0,15,44.79,0
20230614,1686672000000,44.879999999999995,45.449999999999996,44.76,44.949999999999996,7929,35694135.0,0.0,15,45.25,0
20230615,1686758400000,45.0,45.0,44.39,44.58,7557,33696391.00000001,0.0,15,44.95,0
20230616,1686844800000,44.59,44.71,44.2,44.25,8227,36520960.0,0.0,15,44.580000000000005,0
20230619,1687104000000,44.04,44.34,43.6,43.64,7960,34916504.00000001,0.0,15,44.25,0
20230620,1687190400000,43.6,43.94,43.15,43.3,6872,29884707.0,0.0,15,43.64,0
20230621,1687276800000,43.3,43.48,42.76,42.94,6123,26292056.000000004,0.0,15,43.3,0
20230626,1687708800000,42.76,43.01,42.28,42.28,4012,17089177.0,0.0,15,42.94,0
20230627,1687795200000,42.300000000000004,42.800000000000004,42.28,42.660000000000004,4586,19534786.999999996,0.0,15,42.28,0
20230628,1687881600000,42.78,42.9,41.68,42.15,4887,20555944.000000004,0.0,15,42.66,0
20230629,1687968000000,42.21,42.970000000000006,42.09,42.690000000000005,5531,23508421.0,0.0,15,42.150000000000006,0
20230630,1688054400000,42.78,43.15,42.68,42.94,4411,18934813.0,0.0,15,42.69,0
20230703,1688313600000,42.82,43.15,42.4,42.96,5544,23715291.999999996,0.0,15,42.94,0
20230704,1688400000000,42.9,43.93,42.74,43.580000000000005,6674,28929942.999999996,0.0,15,42.96,0
20230705,1688486400000,43.55,43.95,43.18,43.51,5632,24564234.0,0.0,15,43.58,0
20230706,1688572800000,43.580000000000005,43.580000000000005,42.730000000000004,42.85,4602,19771576.0,0.0,15,43.510000000000005,0
20230707,1688659200000,42.85,42.88,42.31,42.45,4195,17819017.0,0.0,15,42.85,0
20230710,1688918400000,43.11,44.44,42.93,43.82,13618,59464871.0,0.0,15,42.45,0
20230711,1689004800000,43.5,44.3,43.08,43.8,8155,35553763.0,0.0,15,43.82,0
20230712,1689091200000,43.62,44.05,43.0,43.13,6687,29001259.000000004,0.0,15,43.8,0
20230713,1689177600000,43.17,44.08,43.15,43.8,7300,31892275.0,0.0,15,43.129999999999995,0
20230714,1689264000000,43.800000000000004,43.99,43.27,43.31,5038,21901971.0,0.0,15,43.800000000000004,0
20230717,1689523200000,43.629999999999995,44.28,43.4,43.519999999999996,6014,26269428.0,0.0,15,43.309999999999995,0
20230718,1689609600000,43.400000000000006,43.49,43.050000000000004,43.36000000000001,3535,15282746.000000002,0.0,15,43.52,0
20230719,1689696000000,43.160000000000004,43.660000000000004,43.160000000000004,43.38,3511,15244324.0,0.0,15,43.36000000000001,0
20230720,1689782400000,43.38,43.5,42.74,42.760000000000005,4188,18042862.000000004,0.0,15,43.38,0
20230721,1689868800000,42.62,43.599999999999994,42.62,43.059999999999995,4989,21559163.0,0.0,15,42.76,0
20230724,1690128000000,43.13,43.49,42.61,43.4,3960,17136092.0,0.0,15,43.06,0
20230725,1690214400000,43.6,43.96,43.300000000000004,43.690000000000005,7777,33944668.0,0.0,15,43.400000000000006,0
20230726,1690300800000,43.510000000000005,44.1,43.42,43.910000000000004,6807,29852197.000000004,0.0,15,43.690000000000005,0
20230727,1690387200000,43.99,45.6,43.71,44.6,19967,89606956.0,0.0,15,43.910000000000004,0
20230728,1690473600000,44.230000000000004,45.150000000000006,44.050000000000004,44.45,10743,47700086.00000001,0.0,15,44.6,0
20230731,1690732800000,44.44,44.75,43.9,44.46,10077,44665109.0,0.0,15,44.449999999999996,0
20230801,1690819200000,44.559999999999995,45.1,43.58,43.72,10740,47385658.00000001,0.0,15,44.46,0
20230802,1690905600000,43.6,43.6,43.03,43.29,6373,27561455.000000004,0.0,15,43.72,0
20230803,1690992000000,43.25,44.27,43.21,43.94,7810,34236947.00000001,0.0,15,43.29,0
20230804,1691078400000,43.85,44.1,43.39,43.5,5999,26138763.000000004,0.0,15,43.94,0
20230807,1691337600000,43.47,43.47,42.11,42.25,9362,39711485.0,0.0,15,43.5,0
20230808,1691424000000,42.45,42.660000000000004,41.84,42.260000000000005,6750,28497595.0,0.0,15,42.25,0
20230809,1691510400000,42.260000000000005,43.690000000000005,42.17,43.27,16509,71166290.0,0.0,15,42.260000000000005,0
20230810,1691596800000,43.3,43.9,42.82,43.83,14674,63910712.0,0.0,15,43.27,0
20230811,1691683200000,43.79,44.88,43.6,44.18,16933,75154425.0,0.0,15,43.83,0
20230814,1691942400000,43.75,44.410000000000004,42.81,43.510000000000005,10109,43853098.0,0.0,15,44.18,0
20230815,1692028800000,43.50000000000001,45.1,42.480000000000004,44.68000000000001,23993,106337776.0,0.0,15,43.510000000000005,0
20230816,1692115200000,44.43,45.65,44.25,44.66,23888,107614224.0,0.0,15,44.68,0
20230817,1692201600000,44.0,44.32,43.01,43.61,16175,70390868.0,0.0,15,44.66,0
20230818,1692288000000,43.800000000000004,43.800000000000004,42.56,42.57,12409,53425762.0,0.0,15,43.61,0
20230821,1692547200000,41.85,42.0,39.21,39.800000000000004,19407,77987249.0,0.0,15,42.57,0
20230822,1692633600000,40.0,40.0,38.2,38.89,15127,58759675.0,0.0,15,39.800000000000004,0
20230823,1692720000000,38.9,38.97,38.26,38.28,6697,25839378.0,0.0,15,38.89,0
20230824,1692806400000,38.120000000000005,38.65,37.6,38.2,7222,27492754.0,0.0,15,38.28,0
20230825,1692892800000,38.04,38.3,37.33,37.339999999999996,6291,23727832.000000004,0.0,15,38.199999999999996,0
20230828,1693152000000,39.0,40.5,38.5,38.69,19620,77573165.00000001,0.0,15,37.34,0
20230829,1693238400000,38.58,39.99,38.39,39.95,10863,42969222.0,0.0,15,38.69,0
20230830,1693324800000,39.95,40.370000000000005,39.6,40.050000000000004,8887,35621441.00000001,0.0,15,39.95,0
20230831,1693411200000,39.89,40.58,39.35,40.27,8697,34815321.0,0.0,15,40.050000000000004,0
20230901,1693497600000,40.269999999999996,40.43,39.9,40.269999999999996,6009,24120386.000000004,0.0,15,40.269999999999996,0
20230904,1693756800000,40.31,40.49,39.7,40.0,5956,23821524.0,0.0,15,40.27,0
20230905,1693843200000,40.0,40.260000000000005,39.7,39.84,3645,14529885.000000002,0.0,15,40.0,0
20230906,1693929600000,39.550000000000004,39.800000000000004,39.27,39.68,4312,17070466.999999996,0.0,15,39.84,0
20230907,1694016000000,39.57,39.89,38.85,38.85,4746,18588700.0,0.0,15,39.68,0
20230908,1694102400000,38.43,39.33,38.43,39.16,3879,15163252.0,0.0,15,38.85,0
20230911,1694361600000,39.21,40.33,39.08,39.949999999999996,7255,28938428.999999996,0.0,15,39.16,0
20230912,1694448000000,39.830000000000005,40.400000000000006,39.730000000000004,40.230000000000004,5242,21036994.000000004,0.0,15,39.95,0
20230913,1694534400000,40.05,40.25,39.39,39.68,4202,16679327.000000002,0.0,15,40.230000000000004,0
20230914,1694620800000,39.52,40.150000000000006,39.52,39.67,3646,14490072.000000002,0.0,15,39.68,0
20230915,1694707200000,39.77,40.980000000000004,39.46,40.63,12202,49432989.0,0.0,15,39.67,0
20230918,1694966400000,40.53,41.08,40.36,40.81,6834,27837214.000000004,0.0,15,40.63,0
20230919,1695052800000,40.58,41.489999999999995,40.58,40.8,6752,27615620.999999996,0.0,15,40.809999999999995,0
20230920,1695139200000,40.93000000000001,41.00000000000001,40.300000000000004,40.370000000000005,4404,17876059.0,0.0,15,40.800000000000004,0
20230921,1695225600000,40.35,40.43,39.67,39.75,6330,25283736.0,0.0,15,40.370000000000005,0
20230922,1695312000000,39.75,40.35,39.39,40.3,6201,24736665.0,0.0,15,39.75,0
20230925,1695571200000,40.120000000000005,40.7,40.02,40.45,5051,20412190.0,0.0,15,40.300000000000004,0
20230926,1695657600000,40.05,40.58,39.97,40.05,3875,15577613.0,0.0,15,40.449999999999996,0
20230927,1695744000000,40.2,41.080000000000005,40.050000000000004,40.910000000000004,7357,29969508.000000004,0.0,15,40.050000000000004,0
20230928,1695830400000,40.910000000000004,41.18,40.52,40.71,3750,15282583.0,0.0,15,40.910000000000004,0
20231009,1696780800000,40.71,40.95,39.85,40.27,4868,19586856.0,0.0,15,40.71,0
20231010,1696867200000,40.470000000000006,40.75000000000001,39.800000000000004,39.92,5635,22595281.0,0.0,15,40.27,0
20231011,1696953600000,41.0,47.9,41.0,44.77,72612,332409382.0,0.0,15,39.92,0
20231012,1697040000000,44.18,45.68,42.65,43.0,60419,264495755.0,0.0,15,44.769999999999996,0
20231013,1697126400000,43.01,44.78,43.0,43.51,48475,212355812.0,0.0,15,43.0,0
20231016,1697385600000,43.550000000000004,45.980000000000004,43.300000000000004,45.2,55456,248718763.00000003,0.0,15,43.510000000000005,0
20231017,1697472000000,44.14,44.14,42.77,43.010000000000005,36078,156334343.00000003,0.0,15,45.2,0
20231018,1697558400000,42.59,42.59,40.7,40.88,27403,112992438.00000001,0.0,15,43.010000000000005,0
20231019,1697644800000,40.7,40.7,38.75,38.77,23260,91337595.0,0.0,15,40.88,0
20231020,1697731200000,38.25000000000001,39.290000000000006,38.050000000000004,38.790000000000006,17021,65705052.00000001,0.0,15,38.77,0
20231023,1697990400000,38.4,38.9,37.75,37.93,11454,43688394.0,0.0,15,38.79,0
20231024,1698076800000,37.9,39.269999999999996,37.9,38.97,11034,42663603.0,0.0,15,37.93,0
20231025,1698163200000,38.95,39.69,38.82,38.99,12172,47712372.0,0.0,15,38.97,0
20231026,1698249600000,38.800000000000004,39.220000000000006,38.410000000000004,38.870000000000005,11332,43785703.00000001,0.0,15,38.99,0
20231027,1698336000000,38.75,41.370000000000005,38.56,40.980000000000004,26356,106127438.0,0.0,15,38.870000000000005,0
20231030,1698595200000,40.39,42.230000000000004,40.21,41.54,14836,61614621.00000001,0.0,15,40.980000000000004,0
20231031,1698681600000,41.5,42.910000000000004,41.24,42.53,17633,74812735.00000001,0.0,15,41.54,0
20231101,1698768000000,42.540000000000006,44.220000000000006,42.300000000000004,42.580000000000005,16518,71055758.00000001,0.0,15,42.53,0
20231102,1698854400000,42.56,42.78,41.84,42.0,14060,59325932.0,0.0,15,42.580000000000005,0
20231103,1698940800000,42.199999999999996,42.69,41.72,42.16,11901,50136911.00000001,0.0,15,42.0,0
20231106,1699200000000,42.50000000000001,43.150000000000006,42.160000000000004,42.790000000000006,9763,41690897.0,0.0,15,42.160000000000004,0
20231107,1699286400000,42.79,43.29,42.36,42.85,9133,39222376.0,0.0,15,42.79,0
20231108,1699372800000,42.9,44.54,42.69,43.48,12669,55276437.0,0.0,15,42.849999999999994,0
20231109,1699459200000,43.42,43.94,42.46,42.54,12401,53260427.0,0.0,15,43.480000000000004,0
20231110,1699545600000,42.32,42.63,41.96,42.28,7284,30820843.000000004,0.0,15,42.54,0
20231113,1699804800000,42.28,42.550000000000004,42.1,42.45,6592,27893875.000000004,0.0,15,42.28,0
20231114,1699891200000,42.519999999999996,42.68,41.94,42.269999999999996,8833,37295748.0,0.0,15,42.449999999999996,0
20231115,1699977600000,42.49,42.99,42.11,42.85,8759,37318582.0,0.0,15,42.269999999999996,0
20231116,1700064000000,43.29,43.29,42.01,42.11,7286,30852857.0,0.0,15,42.85,0
20231117,1700150400000,42.06,42.400000000000006,41.800000000000004,42.24,5810,24444975.0,0.0,15,42.11000000000001,0
20231120,1700409600000,42.25,42.92,42.22,42.89,7922,33751296.0,0.0,15,42.24,0
20231121,1700496000000,43.010000000000005,43.38,42.59,43.17,9003,38691980.0,0.0,15,42.89,0
20231122,1700582400000,42.88,43.68,42.31,43.1,12095,52065743.0,0.0,15,43.17,0
20231123,1700668800000,42.6,43.64,42.6,43.47,20283,87981349.00000001,0.0,15,43.1,0
20231124,1700755200000,43.900000000000006,43.900000000000006,42.910000000000004,43.330000000000005,13136,56919582.00000001,0.0,15,43.470000000000006,0
20231127,1701014400000,43.300000000000004,43.410000000000004,42.160000000000004,42.18000000000001,11207,47622409.0,0.0,15,43.330000000000005,0
20231128,1701100800000,42.4,43.18,41.83,43.01,12134,51800784.0,0.0,15,42.18,0
20231129,1701187200000,43.08,43.08,41.57,41.68,11170,47070450.0,0.0,15,43.01,0
20231130,1701273600000,41.6,42.21,41.550000000000004,41.720000000000006,9648,40348062.00000001,0.0,15,41.68000000000001,0
20231201,1701360000000,41.72,42.57,41.72,42.33,9094,38401549.0,0.0,15,41.72,0
20231204,1701619200000,42.379999999999995,42.68,40.97,40.98,11927,49309091.0,0.0,15,42.33,0
20231205,1701705600000,41.14,41.14,40.230000000000004,40.25000000000001,7978,32272408.0,0.0,15,40.980000000000004,0
20231206,1701792000000,40.25,40.95,40.0,40.25,6922,27956245.0,0.0,15,40.25,0
20231207,1701878400000,40.49,40.650000000000006,40.02,40.43,5691,22932777.000000004,0.0,15,40.25,0
20231208,1701964800000,40.43,40.68,40.01,40.4,6969,28085858.0,0.0,15,40.43,0
20231211,1702224000000,40.62,40.62,39.32,39.78,10535,41772261.00000001,0.0,15,40.4,0
20231212,1702310400000,39.88,39.99,39.56,39.88,6357,25279836.000000004,0.0,15,39.78,0
20231213,1702396800000,39.97,40.49,39.5,39.56,9787,39163884.00000001,0.0,15,39.88,0
20231214,1702483200000,39.92,40.07,39.45,39.510000000000005,6467,25672754.0,0.0,15,39.56,0
20231215,1702569600000,39.7,39.72,39.06,39.25,4319,17004554.999999996,0.0,15,39.510000000000005,0
20231218,1702828800000,39.4,39.4,38.5,38.55,5336,20725552.0,0.0,15,39.25,0
20231219,1702915200000,38.65,38.83,38.25,38.7,4720,18189246.0,0.0,15,38.55,0
20231220,1703001600000,38.800000000000004,39.160000000000004,38.410000000000004,38.410000000000004,3969,15409619.999999998,0.0,15,38.7,0
20231221,1703088000000,38.660000000000004,38.68,37.74,38.53,4805,18359035.0,0.0,15,38.410000000000004,0
20231222,1703174400000,38.68,38.68,37.75,37.84,6268,23838998.0,0.0,15,38.53,0
20231225,1703433600000,37.84,37.84,37.38,37.54,3529,13250829.0,0.0,15,37.84,0
20231226,1703520000000,37.6,37.77,36.89,36.95,5543,20620023.0,0.0,15,37.54,0
20231227,1703606400000,36.96,37.18,36.63,37.0,3562,13135257.999999998,0.0,15,36.95,0
20231228,1703692800000,37.0,38.15,36.72,38.15,6485,24475742.999999996,0.0,15,37.0,0
20231229,1703779200000,38.15,38.760000000000005,37.92,38.42,5903,22660530.0,0.0,15,38.15,0
20240102,1704124800000,38.43,38.71,38.14,38.35,5154,19793913.0,0.0,15,38.42,0
20240103,1704211200000,38.800000000000004,38.93,38.06,38.21,5810,22345910.0,0.0,15,38.35,0
20240104,1704297600000,38.2,38.43,37.86,38.29,4176,15954455.0,0.0,15,38.21,0
20240105,1704384000000,38.2,38.49,37.46,37.72,4495,17061183.0,0.0,15,38.29,0
20240108,1704643200000,37.980000000000004,37.980000000000004,37.050000000000004,37.050000000000004,5202,19511457.0,0.0,15,37.720000000000006,0
20240109,1704729600000,37.300000000000004,37.75,37.03,37.13,3222,12027052.999999998,0.0,15,37.050000000000004,0
20240110,1704816000000,37.239999999999995,37.36,36.44,36.66,3841,14165809.0,0.0,15,37.129999999999995,0
20240111,1704902400000,36.660000000000004,37.620000000000005,36.660000000000004,37.400000000000006,3763,14010514.0,0.0,15,36.660000000000004,0
20240112,1704988800000,37.50000000000001,37.68000000000001,37.050000000000004,37.1,4049,15155779.0,0.0,15,37.400000000000006,0
20240115,1705248000000,36.9,37.1,36.11,36.4,8231,30101424.0,0.0,15,37.1,0
20240116,1705334400000,36.52,36.59,35.6,36.07,5485,19767361.000000004,0.0,15,36.4,0
20240117,1705420800000,36.120000000000005,36.120000000000005,34.95,34.95,3871,13726811.0,0.0,15,36.07,0
20240118,1705507200000,34.870000000000005,34.870000000000005,33.31,34.11,8133,27510061.0,0.0,15,34.95,0
20240119,1705593600000,34.04,34.39,33.37,33.37,4688,15839591.0,0.0,15,34.11,0
20240122,1705852800000,33.37,33.37,30.68,30.74,9614,30675531.0,0.0,15,33.37,0
20240123,1705939200000,31.0,31.02,30.12,30.68,8465,26004030.0,0.0,15,30.740000000000002,0
20240124,1706025600000,30.810000000000002,31.330000000000002,29.900000000000002,31.200000000000003,8084,24826213.0,0.0,15,30.680000000000003,0
20240125,1706112000000,31.259999999999998,32.98,30.88,32.78,7903,25379040.0,0.0,15,31.2,0
20240126,1706198400000,32.64,33.38,32.49,32.75,5995,19769818.000000004,0.0,15,32.78,0
20240129,1706457600000,33.9,35.86,32.3,32.33,18568,63079679.0,0.0,15,32.75,0
20240130,1706544000000,30.75,31.9,30.5,30.85,12978,40352387.0,0.0,15,32.33,0
20240131,1706630400000,30.65,30.65,28.5,28.51,11126,32687433.0,0.0,15,30.85,0
20240201,1706716800000,28.58,29.849999999999998,28.2,28.41,9555,27515249.999999996,0.0,15,28.509999999999998,0
20240202,1706803200000,28.41,28.990000000000002,25.85,26.810000000000002,11132,30515704.0,0.0,15,28.41,0
20240205,1707062400000,26.5,26.740000000000002,23.53,24.3,12004,29827952.0,0.0,15,26.810000000000002,0
20240206,1707148800000,24.479999999999997,25.86,22.81,25.189999999999998,12185,29593466.0,0.0,15,24.299999999999997,0
20240207,1707235200000,25.340000000000003,25.46,23.830000000000002,23.98,10161,25052287.0,0.0,15,25.19,0
20240208,1707321600000,24.000000000000004,26.75,23.580000000000002,26.650000000000002,13810,34900268.99999999,0.0,15,23.98,0
20240219,1708272000000,26.68,28.02,26.68,27.53,10148,27926076.000000004,0.0,15,26.65,0
20240220,1708358400000,27.76,30.990000000000002,27.05,28.78,18480,53871346.0,0.0,15,27.53,0
20240221,1708444800000,28.2,29.3,27.66,28.72,16708,47705181.0,0.0,15,28.78,0
20240222,1708531200000,28.6,31.6,28.400000000000002,30.450000000000003,23357,70621925.0,0.0,15,28.720000000000002,0
20240223,1708617600000,30.14,30.419999999999998,29.7,30.32,17518,52665573.00000001,0.0,15,30.45,0
20240226,1708876800000,30.150000000000002,33.0,30.05,31.8,23139,72369009.0,0.0,15,30.32,0
20240227,1708963200000,31.330000000000002,32.89,30.67,32.18,22903,72691974.0,0.0,15,31.8,0
20240228,1709049600000,34.06,35.5,30.39,30.39,41925,141648314.0,0.0,15,32.18,0
20240229,1709136000000,29.06,31.060000000000002,28.73,31.02,26514,79739822.0,0.0,15,30.39,0
20240301,1709222400000,30.720000000000002,31.71,30.19,30.880000000000003,16973,52149037.99999999,0.0,15,31.020000000000003,0
20240304,1709481600000,30.87,31.7,30.5,31.15,13545,42097840.0,0.0,15,30.88,0
20240305,1709568000000,30.91,30.91,29.93,29.99,11512,34826884.0,0.0,15,31.15,0
20240306,1709654400000,29.610000000000003,30.330000000000002,29.6,30.080000000000002,7429,22237488.000000004,0.0,15,29.990000000000002,0
20240307,1709740800000,30.08,30.45,29.7,29.759999999999998,7006,21063930.0,0.0,15,30.08,0
20240308,1709827200000,29.900000000000002,30.770000000000003,29.900000000000002,30.150000000000002,9053,27471818.0,0.0,15,29.76,0
20240311,1710086400000,29.85,30.450000000000003,29.810000000000002,30.330000000000002,9432,28472212.0,0.0,15,30.150000000000002,0
20240312,1710172800000,30.5,31.54,30.5,31.15,12489,38751661.0,0.0,15,30.33,0
20240313,1710259200000,31.0,31.14,30.5,30.84,9780,30133417.0,0.0,15,31.15,0
20240314,1710345600000,31.7,32.29,30.5,30.88,13496,42436530.00000001,0.0,15,30.84,0
20240315,1710432000000,30.840000000000003,31.44,30.560000000000002,31.090000000000003,9017,27990449.0,0.0,15,30.880000000000003,0
20240318,1710691200000,30.92,31.75,30.92,31.75,12417,39034701.0,0.0,15,31.090000000000003,0
20240319,1710777600000,31.680000000000003,31.92,31.330000000000002,31.39,9782,30939768.0,0.0,15,31.750000000000004,0
20240320,1710864000000,31.38,32.18,31.29,31.9,9035,28726446.0,0.0,15,31.39,0
20240321,1710950400000,32.0,32.15,31.330000000000002,31.71,8289,26319904.0,0.0,15,31.900000000000002,0
20240322,1711036800000,31.89,31.9,30.86,30.939999999999998,8639,27091905.0,0.0,15,31.71,0
20240325,1711296000000,31.080000000000002,32.32,30.42,30.8,14331,45183663.00000001,0.0,15,30.94,0
20240326,1711382400000,30.4,30.73,29.84,30.2,7788,23548849.999999996,0.0,15,30.8,0
20240327,1711468800000,30.2,30.7,29.8,29.900000000000002,6149,18594182.000000004,0.0,15,30.2,0
20240328,1711555200000,29.7,30.49,29.27,29.98,6019,18069473.0,0.0,15,29.9,0
20240329,1711641600000,29.9,30.36,29.86,30.14,4065,12214543.0,0.0,15,29.98,0
20240401,1711900800000,30.38,31.2,30.2,31.18,6944,21376944.0,0.0,15,30.14,0
20240402,1711987200000,31.02,31.400000000000002,30.8,31.23,5215,16236726.999999998,0.0,15,31.18,0
20240403,1712073600000,31.880000000000003,31.880000000000003,30.6,30.8,6834,21169579.0,0.0,15,31.23,0
20240408,1712505600000,30.7,30.7,29.47,29.48,6316,18887777.0,0.0,15,30.799999999999997,0
20240409,1712592000000,29.87,30.79,29.5,30.72,7287,22117170.0,0.0,15,29.48,0
20240410,1712678400000,30.61,30.73,29.36,29.49,6055,18095809.0,0.0,15,30.72,0
20240411,1712764800000,29.5,30.19,29.1,29.53,4288,12786429.0,0.0,15,29.490000000000002,0
20240412,1712851200000,29.540000000000003,30.000000000000004,29.150000000000002,29.150000000000002,3740,11039803.999999998,0.0,15,29.53,0
20240415,1713110400000,29.05,29.64,27.580000000000002,27.930000000000003,7792,21994066.0,0.0,15,29.150000000000002,0
20240416,1713196800000,27.82,27.94,26.6,26.650000000000002,6150,16567483.0,0.0,15,27.93,0
20240417,1713283200000,26.810000000000002,28.150000000000002,26.71,27.990000000000002,5170,14354327.0,0.0,15,26.650000000000002,0
20240418,1713369600000,28.0,28.14,27.61,27.65,3976,11081970.999999998,0.0,15,27.99,0
20240419,1713456000000,27.51,27.93,27.3,27.650000000000002,3441,9507534.0,0.0,15,27.650000000000002,0
20240422,1713715200000,27.57,28.12,27.21,27.87,3939,10927949.0,0.0,15,27.650000000000002,0
20240423,1713801600000,27.669999999999998,28.259999999999998,27.63,27.95,3804,10623304.0,0.0,15,27.869999999999997,0
20240424,1713888000000,27.91,28.48,27.89,28.400000000000002,3706,10465810.000000002,0.0,15,27.95,0
20240425,1713974400000,28.37,28.990000000000002,28.37,28.790000000000003,4149,11946247.000000002,0.0,15,28.400000000000002,0
20240426,1714060800000,28.73,29.099999999999998,28.38,29.08,4477,12932152.0,0.0,15,28.79,0
20240429,1714320000000,29.1,29.88,29.09,29.7,7892,23325640.0,0.0,15,29.08,0
20240430,1714406400000,30.01,30.990000000000002,29.740000000000002,30.610000000000003,13355,40464666.00000001,0.0,15,29.700000000000003,0
20240506,1714924800000,31.8,32.28,30.78,31.580000000000002,22221,70205817.00000001,0.0,15,30.61,0
20240507,1715011200000,31.62,33.57,31.400000000000002,32.34,22243,71856746.0,0.0,15,31.580000000000002,0
20240508,1715097600000,34.48,38.3,34.47,36.89,77728,281472324.0,0.0,15,32.339999999999996,0
20240509,1715184000000,34.97,35.9,33.68,34.15,60491,209120042.0,0.0,15,36.89,0
20240510,1715270400000,33.8,35.56,32.5,32.74,42197,143167371.00000003,0.0,15,34.15,0
20240513,1715529600000,32.07,33.93,31.1,31.220000000000002,27842,89311988.00000001,0.0,15,32.74,0
20240514,1715616000000,30.76,31.66,30.53,30.93,17594,54660173.0,0.0,15,31.220000000000002,0
20240515,1715702400000,30.68,30.95,30.25,30.9,13162,40373945.0,0.0,15,30.93,0
20240516,1715788800000,31.15,31.3,30.59,30.669999999999998,11722,36186021.0,0.0,15,30.9,0
20240517,1715875200000,30.51,30.95,30.3,30.7,12011,36752763.0,0.0,15,30.67,0
20240520,1716134400000,30.740000000000002,31.240000000000002,30.53,31.080000000000002,13728,42446323.0,0.0,15,30.700000000000003,0
20240521,1716220800000,30.950000000000003,30.950000000000003,30.51,30.62,9343,28619635.0,0.0,15,31.080000000000002,0
20240522,1716307200000,30.750000000000004,31.19,30.560000000000002,30.62,7192,22071215.0,0.0,15,30.62,0
20240523,1716393600000,30.540000000000003,30.540000000000003,29.51,29.66,13402,40155494.0,0.0,15,30.62,0
20240524,1716480000000,29.97,30.39,29.61,29.88,8798,26384707.0,0.0,15,29.66,0
20240527,1716739200000,29.41,29.6,28.82,29.43,7475,21869453.0,0.0,15,29.41,0
20240528,1716825600000,29.430000000000003,29.51,29.060000000000002,29.160000000000004,5005,14634249.0,0.0,15,29.430000000000003,0
20240529,1716912000000,29.15,29.39,28.95,29.029999999999998,3513,10234707.000000002,0.0,15,29.16,0
20240530,1716998400000,28.92,29.17,28.69,28.93,4389,12696460.0,0.0,15,29.03,0
20240531,1717084800000,29.05,30.36,29.05,29.18,7157,21069932.000000004,0.0,15,28.93,0
20240603,1717344000000,29.02,29.34,28.53,28.64,7647,22056073.0,0.0,15,29.18,0
20240604,1717430400000,28.349999999999998,28.7,28.04,28.49,5071,14349552.0,0.0,15,28.64,0
20240605,1717516800000,28.48,28.580000000000002,27.98,27.98,3159,8933039.0,0.0,15,28.490000000000002,0
20240606,1717603200000,27.98,28.22,26.7,26.9,7239,19688188.0,0.0,15,27.98,0
20240607,1717689600000,27.0,27.54,27.0,27.43,6127,16767647.000000002,0.0,15,26.9,0
20240611,1718035200000,27.08,27.63,26.88,27.5,4866,13311962.000000002,0.0,15,27.43,0
20240612,1718121600000,27.490000000000002,28.040000000000003,27.400000000000002,27.810000000000002,6012,16713512.000000002,0.0,15,27.500000000000004,0
20240613,1718208000000,27.81,28.07,27.5,27.74,5701,15813429.999999998,0.0,15,27.81,0
20240614,1718294400000,27.59,27.78,27.3,27.5,4094,11254215.999999998,0.0,15,27.740000000000002,0
20240617,1718553600000,27.25,27.56,27.25,27.28,3389,9279307.0,0.0,15,27.5,0
20240618,1718640000000,27.41,27.55,27.21,27.52,3049,8370299.0,0.0,15,27.28,0
20240619,1718726400000,27.52,27.89,27.36,27.58,4491,12353408.000000002,0.0,15,27.52,0
20240620,1718812800000,27.580000000000002,29.17,27.51,28.09,15338,43508025.0,0.0,15,27.580000000000002,0
20240621,1718899200000,27.470000000000002,28.950000000000003,27.12,28.3,11705,32992116.0,0.0,15,28.09,0
20240624,1719158400000,27.91,28.0,26.52,26.56,9543,25909808.000000004,0.0,15,28.3,0
20240625,1719244800000,26.55,27.01,26.1,26.48,5156,13664006.0,0.0,15,26.560000000000002,0
20240626,1719331200000,26.64,31.08,26.63,28.52,21047,60543630.0,0.0,15,26.48,0
20240627,1719417600000,28.25,28.85,27.5,27.67,15382,43345492.0,0.0,15,28.52,0
20240628,1719504000000,27.14,27.92,27.0,27.0,10932,30059944.000000004,0.0,15,27.67,0
20240701,1719763200000,26.94,27.42,26.5,27.25,7289,19633853.0,0.0,15,27.0,0
20240702,1719849600000,27.59,27.66,27.09,27.45,4957,13559051.0,0.0,15,27.25,0
20240703,1719936000000,27.240000000000002,27.580000000000002,26.900000000000002,26.900000000000002,5268,14262294.0,0.0,15,27.450000000000003,0
20240704,1720022400000,26.65,27.04,26.0,26.0,5372,14215730.999999998,0.0,15,26.9,0
20240705,1720108800000,26.009999999999998,27.18,25.77,26.97,6617,17693195.0,0.0,15,26.0,0
20240708,1720368000000,27.06,27.06,26.16,26.16,4479,11874119.0,0.0,15,26.97,0
20240709,1720454400000,26.5,26.5,25.29,26.259999999999998,5281,13711211.0,0.0,15,26.16,0
20240710,1720540800000,26.220000000000002,26.59,25.94,26.130000000000003,3378,8886702.000000002,0.0,15,26.26,0
20240711,1720627200000,26.65,27.03,26.43,26.85,6465,17332657.0,0.0,15,26.13,0
20240712,1720713600000,27.02,27.36,26.52,26.52,5125,13773859.0,0.0,15,26.849999999999998,0
20240715,1720972800000,26.46,26.580000000000002,25.92,26.200000000000003,3903,10200477.0,0.0,15,26.520000000000003,0
20240716,1721059200000,26.85,26.990000000000002,25.94,26.17,3996,10475400.000000002,0.0,15,26.200000000000003,0
20240717,1721145600000,26.13,26.54,26.05,26.150000000000002,4064,10686023.0,0.0,15,26.17,0
20240718,1721232000000,26.25,26.25,25.55,26.11,4162,10795739.999999998,0.0,15,26.150000000000002,0
20240719,1721318400000,26.009999999999998,26.5,25.97,26.299999999999997,4536,11930736.0,0.0,15,26.11,0
20240722,1721577600000,26.3,26.57,26.14,26.48,2526,6668797.000000001,0.0,15,26.3,0
20240723,1721664000000,26.49,26.8,26.16,26.16,5497,14495470.0,0.0,15,26.48,0
20240724,1721750400000,25.95,26.2,25.7,25.86,4539,11758610.0,0.0,15,26.16,0
20240725,1721836800000,25.91,26.3,25.75,25.96,2056,5351107.0,0.0,15,25.86,0
20240726,1721923200000,25.96,26.29,25.96,26.18,1703,4446739.0,0.0,15,25.96,0
20240729,1722182400000,26.270000000000003,26.520000000000003,25.92,26.32,2952,7755180.0,0.0,15,26.180000000000003,0
20240730,1722268800000,26.38,26.69,26.09,26.55,3863,10247843.0,0.0,15,26.32,0
20240731,1722355200000,26.55,27.28,26.2,27.24,7420,20012949.0,0.0,15,26.55,0
20240801,1722441600000,27.580000000000002,29.32,27.35,28.040000000000003,18845,53449730.0,0.0,15,27.240000000000002,0
20240802,1722528000000,27.9,28.77,27.66,27.71,13427,37893172.0,0.0,15,28.04,0
20240805,1722787200000,27.220000000000002,27.740000000000002,26.51,26.62,10061,27338433.0,0.0,15,27.71,0
20240806,1722873600000,26.88,27.64,26.66,27.42,9769,26579293.0,0.0,15,26.62,0
20240807,1722960000000,27.549999999999997,27.549999999999997,26.97,27.15,5276,14319963.0,0.0,15,27.419999999999998,0
20240808,1723046400000,27.8,28.689999999999998,27.38,27.45,17378,48842839.0,0.0,15,27.15,0
20240809,1723132800000,26.96,29.610000000000003,26.92,28.37,23719,66943029.0,0.0,15,27.450000000000003,0
20240812,1723392000000,28.830000000000002,30.41,28.23,28.64,28794,84428529.0,0.0,15,28.37,0
20240813,1723478400000,27.73,28.0,26.88,27.65,18716,51211328.0,0.0,15,28.64,0
20240814,1723564800000,27.49,27.63,27.11,27.45,10309,28189293.0,0.0,15,27.65,0
20240815,1723651200000,29.57,30.2,28.5,29.03,31145,90859780.99999999,0.0,15,27.45,0
20240816,1723737600000,28.85,32.38,28.23,31.35,60481,184563189.00000003,0.0,15,29.03,0
20240819,1723996800000,30.74,32.29,29.59,29.59,46668,142922627.0,0.0,15,31.35,0
20240820,1724083200000,29.19,30.7,28.59,29.1,31491,93726710.00000001,0.0,15,29.59,0
20240821,1724169600000,28.42,28.69,27.41,27.77,27318,75886458.0,0.0,15,29.1,0
20240822,1724256000000,27.84,28.05,26.23,26.31,20617,55418545.00000001,0.0,15,27.77,0
20240823,1724342400000,26.21,26.31,25.75,25.92,11589,30070056.0,0.0,15,26.31,0
20240826,1724601600000,25.82,26.26,25.48,26.11,6794,17622804.0,0.0,15,25.92,0
20240827,1724688000000,26.2,27.27,26.09,26.68,15551,41687107.99999999,0.0,15,26.11,0
20240828,1724774400000,26.0,26.53,25.46,25.93,13999,36310098.0,0.0,15,26.68,0
20240829,1724860800000,25.779999999999998,26.38,25.47,26.04,10018,26018963.0,0.0,15,25.93,0
20240830,1724947200000,26.0,26.770000000000003,25.69,26.41,10560,27844078.000000004,0.0,15,26.040000000000003,0
20240902,1725206400000,26.430000000000003,28.400000000000002,26.400000000000002,27.220000000000002,26906,74064270.0,0.0,15,26.410000000000004,0
20240903,1725292800000,26.76,27.0,25.96,26.87,17752,47314357.0,0.0,15,27.220000000000002,0
20240904,1725379200000,26.880000000000003,27.180000000000003,26.490000000000002,26.55,10639,28505869.0,0.0,15,26.87,0
20240905,1725465600000,26.71,28.35,26.490000000000002,27.42,20182,55297354.0,0.0,15,26.55,0
20240906,1725552000000,27.560000000000002,27.75,26.26,26.3,16103,43043707.0,0.0,15,27.42,0
20240909,1725811200000,26.29,27.56,26.29,26.75,18893,51067166.0,0.0,15,26.3,0
20240910,1725897600000,26.76,27.3,26.32,26.75,11328,30194689.0,0.0,15,26.75,0
20240911,1725984000000,26.650000000000002,27.05,26.490000000000002,26.610000000000003,7203,19254031.0,0.0,15,26.750000000000004,0
20240912,1726070400000,26.6,27.26,26.39,26.46,8297,22262520.0,0.0,15,26.61,0
20240913,1726156800000,26.310000000000002,26.87,25.71,25.720000000000002,8704,22662094.000000004,0.0,15,26.46,0
20240918,1726588800000,25.55,25.88,24.93,25.19,7360,18584532.000000004,0.0,15,25.72,0
20240919,1726675200000,25.250000000000004,25.930000000000003,25.240000000000002,25.770000000000003,6333,16259681.0,0.0,15,25.19,0
20240920,1726761600000,25.98,25.98,25.3,25.42,5329,13595246.0,0.0,15,25.77,0
20240923,1727020800000,25.55,25.68,24.43,25.32,5283,13432947.0,0.0,15,25.419999999999998,0
20240924,1727107200000,25.32,26.169999999999998,25.2,26.15,8029,20688907.000000004,0.0,15,25.32,0
20240925,1727193600000,26.2,26.89,26.2,26.599999999999998,11211,29895358.0,0.0,15,26.15,0
20240926,1727280000000,26.45,27.080000000000002,26.3,27.07,9577,25630070.999999996,0.0,15,26.6,0
20240927,1727366400000,27.35,28.700000000000003,27.26,28.310000000000002,15605,43645859.0,0.0,15,27.07,0
20240930,1727625600000,29.11,32.48,29.11,31.99,36293,111376847.0,0.0,15,28.31,0
20241008,1728316800000,37.4,37.46,32.18,34.56,43668,151513322.0,0.0,15,31.99,0
20241009,1728403200000,33.35,34.18,30.42,30.42,26564,85896631.99999999,0.0,15,34.56,0
20241010,1728489600000,30.73,32.45,30.3,30.62,23134,72089047.0,0.0,15,30.42,0
20241011,1728576000000,30.15,30.689999999999998,28.86,29.189999999999998,17046,50402460.0,0.0,15,30.62,0
20241014,1728835200000,29.34,29.98,28.73,29.97,14157,41713231.0,0.0,15,29.19,0
20241015,1728921600000,30.21,30.220000000000002,29.26,29.270000000000003,12405,36824690.99999999,0.0,15,29.970000000000002,0
20241016,1729008000000,29.02,29.67,28.66,29.28,9824,28764424.0,0.0,15,29.27,0
20241017,1729094400000,29.520000000000003,29.770000000000003,28.900000000000002,28.930000000000003,11516,33801613.0,0.0,15,29.28,0
20241018,1729180800000,28.93,30.35,28.93,29.77,15935,47094837.0,0.0,15,28.93,0
20241021,1729440000000,30.0,30.57,29.61,30.439999999999998,15282,46131978.0,0.0,15,29.77,0
20241022,1729526400000,30.48,30.93,30.23,30.76,12068,36942725.0,0.0,15,30.44,0
20241023,1729612800000,30.700000000000003,31.05,30.400000000000002,30.500000000000004,14041,43074977.0,0.0,15,30.76,0
20241024,1729699200000,30.52,31.240000000000002,30.37,30.45,14762,45449753.0,0.0,15,30.5,0
20241025,1729785600000,30.330000000000002,31.2,30.3,31.1,17212,53142328.0,0.0,15,30.45,0
20241028,1730044800000,31.16,31.66,30.92,31.55,12617,39612417.0,0.0,15,31.1,0
20241029,1730131200000,31.55,31.77,30.2,30.3,17963,55527959.0,0.0,15,31.55,0
20241030,1730217600000,30.3,30.490000000000002,29.39,29.62,14671,43683995.0,0.0,15,30.3,0
20241031,1730304000000,29.599999999999998,30.12,29.45,29.7,13001,38729480.0,0.0,15,29.62,0
20241101,1730390400000,29.66,29.88,28.63,28.66,15304,44531089.0,0.0,15,29.7,0
20241104,1730649600000,28.68,29.52,28.55,29.52,9478,27668776.0,0.0,15,28.66,0
20241105,1730736000000,29.66,30.03,29.32,29.9,15730,46807107.00000001,0.0,15,29.52,0
20241106,1730822400000,29.96,30.4,29.68,30.24,15954,48025233.99999999,0.0,15,29.9,0
20241107,1730908800000,29.87,30.69,29.740000000000002,30.590000000000003,20933,63651724.0,0.0,15,30.240000000000002,0
20241108,1730995200000,30.900000000000002,31.110000000000003,30.330000000000002,30.500000000000004,19265,58903801.0,0.0,15,30.590000000000003,0
20241111,1731254400000,30.270000000000003,31.330000000000002,30.26,31.32,19759,60996440.0,0.0,15,30.5,0
20241112,1731340800000,31.7,34.2,31.43,32.45,47956,157236368.0,0.0,15,31.32,0
20241113,1731427200000,32.5,34.480000000000004,31.810000000000002,34.2,52425,173815894.0,0.0,15,32.45,0
20241114,1731513600000,33.77,34.0,31.85,31.91,29756,97539959.0,0.0,15,34.2,0
20241115,1731600000000,31.86,32.22,30.86,30.93,21605,68243561.0,0.0,15,31.91,0
20241118,1731859200000,30.85,31.490000000000002,29.92,30.110000000000003,16219,49406528.0,0.0,15,30.930000000000003,0
20241119,1731945600000,30.13,31.619999999999997,30.13,31.09,14743,45587312.0,0.0,15,30.11,0
20241120,1732032000000,31.09,32.08,30.82,32.08,18603,58896597.00000001,0.0,15,31.09,0
20241121,1732118400000,32.0,32.42,31.46,31.880000000000003,14033,44732981.0,0.0,15,32.08,0
20241122,1732204800000,31.94,31.94,30.1,30.1,15069,46781625.0,0.0,15,31.880000000000003,0
20241125,1732464000000,30.3,30.98,30.03,30.66,13085,39902723.0,0.0,15,30.1,0
20241126,1732550400000,30.650000000000002,31.200000000000003,29.900000000000002,30.21,14480,44083185.0,0.0,15,30.660000000000004,0
20241127,1732636800000,30.360000000000003,30.44,29.310000000000002,30.44,13727,40948231.00000001,0.0,15,30.21,0
20241128,1732723200000,30.44,30.79,30.3,30.35,11379,34719027.0,0.0,15,30.44,0
20241129,1732809600000,30.4,30.97,29.95,30.64,11980,36610196.99999999,0.0,15,30.349999999999998,0
20241202,1733068800000,30.61,31.3,30.61,31.07,10014,31049268.0,0.0,15,30.64,0
20241203,1733155200000,31.15,31.31,30.77,31.25,10627,33055610.0,0.0,15,31.07,0
20241204,1733241600000,31.25,31.29,30.43,30.54,10104,31191340.0,0.0,15,31.25,0
20241205,1733328000000,30.55,31.06,30.36,30.82,7288,22435676.0,0.0,15,30.54,0
20241206,1733414400000,31.01,31.540000000000003,30.650000000000002,31.400000000000002,13235,41275234.0,0.0,15,30.820000000000004,0
20241209,1733673600000,31.55,32.2,31.25,31.53,13990,44266942.0,0.0,15,31.4,0
20241210,1733760000000,32.2,32.47,31.5,31.5,12739,40662487.0,0.0,15,31.53,0
20241211,1733846400000,31.75,31.97,31.5,31.8,9821,31124580.000000004,0.0,15,31.5,0
20241212,1733932800000,31.990000000000002,32.800000000000004,31.830000000000002,32.33,17558,56542159.00000001,0.0,15,31.8,0
20241213,1734019200000,32.1,32.3,31.36,31.36,14178,44909028.0,0.0,15,32.33,0
20241216,1734278400000,31.58,31.939999999999998,31.13,31.349999999999998,10387,32809370.000000004,0.0,15,31.36,0
20241217,1734364800000,31.31,31.47,30.11,30.2,12314,37578441.0,0.0,15,31.349999999999998,0
20241218,1734451200000,30.28,30.54,29.71,30.23,7195,21722943.000000004,0.0,15,30.2,0
20241219,1734537600000,29.96,30.77,29.75,30.4,10215,30838898.000000004,0.0,15,30.23,0
20241220,1734624000000,30.400000000000002,30.75,30.17,30.540000000000003,8039,24539559.0,0.0,15,30.400000000000002,0
20241223,1734883200000,30.540000000000003,30.580000000000002,29.26,29.39,9698,28857649.000000004,0.0,15,30.540000000000003,0
20241224,1734969600000,29.39,29.700000000000003,29.01,29.360000000000003,8278,24259909.0,0.0,15,29.39,0
20241225,1735056000000,29.38,29.56,28.41,28.76,7841,22590809.999999996,0.0,15,29.36,0
20241226,1735142400000,28.76,29.25,28.42,28.89,5740,16667672.0,0.0,15,28.76,0
20241227,1735228800000,28.88,29.23,28.63,29.0,6081,17674180.0,0.0,15,28.89,0
20241230,1735488000000,29.04,29.46,28.14,29.16,7223,20913404.000000004,0.0,15,29.0,0
20241231,1735574400000,29.0,29.44,28.32,28.38,7707,22222092.000000004,0.0,15,29.16,0
20250102,1735747200000,28.2,28.67,27.5,27.65,8752,24586875.0,0.0,15,28.38,0
20250103,1735833600000,27.73,28.080000000000002,26.78,26.8,9688,26501232.0,0.0,15,27.650000000000002,0
20250106,1736092800000,26.98,27.46,26.26,27.07,8447,22859403.0,0.0,15,26.8,0
20250107,1736179200000,27.07,27.400000000000002,26.67,27.400000000000002,6279,16974821.0,0.0,15,27.07,0
20250108,1736265600000,27.299999999999997,27.77,26.72,27.22,6575,17974790.0,0.0,15,27.4,0
20250109,1736352000000,27.220000000000002,28.28,26.69,27.520000000000003,10100,27926802.0,0.0,15,27.220000000000002,0
20250110,1736438400000,27.180000000000003,27.6,26.310000000000002,26.310000000000002,9210,24898117.0,0.0,15,27.520000000000003,0
20250113,1736697600000,26.17,26.85,25.92,26.680000000000003,5175,13697731.0,0.0,15,26.310000000000002,0
20250114,1736784000000,26.900000000000002,27.580000000000002,26.44,27.580000000000002,7060,19263585.000000004,0.0,15,26.68,0
20250115,1736870400000,27.55,27.6,27.16,27.24,4393,12005271.0,0.0,15,27.580000000000002,0
20250116,1736956800000,27.369999999999997,28.82,27.22,28.689999999999998,17886,50336692.00000001,0.0,15,27.24,0
20250117,1737043200000,27.95,28.29,27.68,27.86,13697,38186815.99999999,0.0,15,28.69,0
20250120,1737302400000,28.029999999999998,28.57,27.88,28.13,8899,25030376.999999996,0.0,15,27.86,0
20250121,1737388800000,28.14,28.200000000000003,27.42,27.57,8217,22728127.000000004,0.0,15,28.130000000000003,0
20250122,1737475200000,27.5,27.66,27.22,27.279999999999998,3962,10843920.0,0.0,15,27.57,0
20250123,1737561600000,27.490000000000002,27.95,27.48,27.63,6552,18182213.999999996,0.0,15,27.28,0
20250124,1737648000000,27.610000000000003,27.92,27.42,27.71,5353,14822858.0,0.0,15,27.630000000000003,0
20250127,1737907200000,27.75,28.22,27.73,27.73,5183,14494960.0,0.0,15,27.71,0
20250205,1738684800000,28.0,28.330000000000002,27.82,28.25,4704,13218673.0,0.0,15,27.73,0
20250206,1738771200000,28.24,28.65,27.95,28.529999999999998,7244,20528296.0,0.0,15,28.25,0
20250207,1738857600000,28.430000000000003,28.910000000000004,28.400000000000002,28.71,9741,27991718.999999996,0.0,15,28.53,0
20250210,1739116800000,28.74,29.16,28.66,29.1,8922,25841638.0,0.0,15,28.71,0
20250211,1739203200000,29.4,29.58,28.79,28.919999999999998,9045,26253366.0,0.0,15,29.099999999999998,0
20250212,1739289600000,28.92,29.05,28.66,28.97,7016,20228355.0,0.0,15,28.92,0
20250213,1739376000000,28.930000000000003,29.020000000000003,28.42,28.42,6910,19787749.000000004,0.0,15,28.970000000000002,0
20250214,1739462400000,28.42,29.330000000000002,28.42,29.020000000000003,12075,35043438.0,0.0,15,28.42,0
20250217,1739721600000,28.91,29.73,28.91,29.15,11668,34167073.0,0.0,15,29.02,0
20250218,1739808000000,29.13,29.14,28.27,28.3,8437,24211712.0,0.0,15,29.15,0
20250219,1739894400000,28.28,28.77,28.19,28.740000000000002,7037,20122796.0,0.0,15,28.3,0
20250220,1739980800000,28.68,29.4,28.57,29.06,8468,24624410.0,0.0,15,28.740000000000002,0
20250221,1740067200000,29.169999999999998,29.34,28.7,29.13,8345,24158778.0,0.0,15,29.06,0
20250224,1740326400000,28.96,29.330000000000002,28.82,29.19,8559,24899027.000000004,0.0,15,29.13,0
20250225,1740412800000,29.38,29.55,28.75,29.43,10437,30526696.000000004,0.0,15,29.19,0
20250226,1740499200000,29.69,30.62,29.69,29.970000000000002,21089,63504781.0,0.0,15,29.43,0
20250227,1740585600000,29.8,29.97,29.23,29.650000000000002,14800,43829478.0,0.0,15,29.97,0
20250228,1740672000000,29.630000000000003,29.71,28.830000000000002,28.840000000000003,9705,28310477.0,0.0,15,29.650000000000002,0
20250303,1740931200000,28.8,29.5,28.8,29.1,8650,25338284.0,0.0,15,28.84,0
20250304,1741017600000,28.89,30.13,28.7,29.96,12796,37892587.0,0.0,15,29.099999999999998,0
20250305,1741104000000,29.98,29.98,29.25,29.82,9950,29404182.0,0.0,15,29.96,0
20250306,1741190400000,29.810000000000002,30.840000000000003,29.810000000000002,30.51,28884,88137372.0,0.0,15,29.820000000000004,0
20250307,1741276800000,30.419999999999998,30.599999999999998,30.04,30.3,15553,47122586.0,0.0,15,30.509999999999998,0
20250310,1741536000000,30.42,31.130000000000003,30.42,30.62,14551,44677607.0,0.0,15,30.3,0
20250311,1741622400000,30.5,30.5,30.07,30.39,8844,26784628.0,0.0,15,30.62,0
20250312,1741708800000,30.39,30.47,30.07,30.26,8221,24838737.000000004,0.0,15,30.39,0
20250313,1741795200000,30.15,30.65,29.84,30.48,13221,39972588.0,0.0,15,30.26,0
20250314,1741881600000,30.48,31.180000000000003,30.150000000000002,31.180000000000003,15861,48698313.0,0.0,15,30.48,0
20250317,1742140800000,31.35,31.49,31.0,31.08,13543,42212164.0,0.0,15,31.18,0
20250318,1742227200000,31.080000000000002,31.44,30.89,31.41,13840,43243338.00000001,0.0,15,31.080000000000002,0
20250319,1742313600000,31.130000000000003,31.520000000000003,31.060000000000002,31.220000000000002,8212,25635860.0,0.0,15,31.410000000000004,0
20250320,1742400000000,31.12,31.35,31.060000000000002,31.200000000000003,7240,22589676.0,0.0,15,31.220000000000002,0
20250321,1742486400000,31.19,31.32,30.5,30.62,11193,34486841.00000001,0.0,15,31.2,0
20250324,1742745600000,30.53,31.16,28.76,29.360000000000003,14593,43252968.0,0.0,15,30.62,0
20250325,1742832000000,29.39,29.78,29.09,29.59,8358,24602050.0,0.0,15,29.36,0
20250326,1742918400000,29.49,30.11,29.45,29.88,7274,21780852.0,0.0,15,29.59,0
20250327,1743004800000,29.8,30.23,29.19,29.92,6985,20809874.000000004,0.0,15,29.880000000000003,0
20250328,1743091200000,30.15,30.8,29.91,30.06,9363,28395560.999999996,0.0,15,29.92,0
20250331,1743350400000,30.060000000000002,30.060000000000002,29.310000000000002,29.89,6941,20595399.0,0.0,15,30.060000000000002,0
20250401,1743436800000,29.89,31.22,29.79,30.869999999999997,21329,65916097.0,0.0,15,29.89,0
20250402,1743523200000,30.72,31.04,30.45,30.5,9862,30304091.000000004,0.0,15,30.87,0
20250403,1743609600000,30.25,30.88,30.02,30.27,8280,25201072.0,0.0,15,30.5,0
20250407,1743955200000,28.2,28.9,25.34,25.8,22860,62633316.99999999,0.0,15,30.27,0
20250408,1744041600000,26.01,27.5,25.89,26.5,15876,42208027.0,0.0,15,25.8,0
20250409,1744128000000,26.03,27.17,24.37,26.970000000000002,17729,45949342.0,0.0,15,26.5,0
20250410,1744214400000,27.1,28.18,27.1,27.610000000000003,13654,37976428.0,0.0,15,26.970000000000002,0
20250411,1744300800000,27.35,28.17,27.330000000000002,27.700000000000003,9120,25332405.0,0.0,15,27.610000000000003,0
20250414,1744560000000,27.95,28.74,27.95,28.2,8399,23821176.0,0.0,15,27.7,0
20250415,1744646400000,28.200000000000003,28.77,28.03,28.400000000000002,6819,19352275.0,0.0,15,28.200000000000003,0
20250416,1744732800000,28.36,28.45,27.38,27.82,9483,26490070.0,0.0,15,28.4,0
20250417,1744819200000,27.54,28.33,27.54,28.11,6658,18764442.0,0.0,15,27.82,0
20250418,1744905600000,28.48,29.5,27.93,28.14,12638,36029131.0,0.0,15,28.11,0
20250421,1745164800000,27.84,28.8,27.64,28.330000000000002,9076,25669906.000000004,0.0,15,28.14,0
20250422,1745251200000,28.3,28.750000000000004,28.150000000000002,28.660000000000004,8636,24595869.0,0.0,15,28.330000000000002,0
20250423,1745337600000,28.69,28.84,28.28,28.37,8900,25356676.0,0.0,15,28.66,0
20250424,1745424000000,28.37,28.88,27.91,28.18,7877,22398554.0,0.0,15,28.37,0
20250425,1745510400000,28.27,28.45,27.82,27.87,7379,20630489.000000004,0.0,15,28.18,0
20250428,1745769600000,27.99,28.45,27.45,27.88,7369,20461315.0,0.0,15,27.87,0
20250429,1745856000000,27.55,28.0,27.1,28.0,9807,27227755.000000004,0.0,15,27.880000000000003,0
20250430,1745942400000,27.96,28.250000000000004,27.900000000000002,27.910000000000004,6917,19376446.0,0.0,15,28.000000000000004,0
20250506,1746460800000,28.22,28.97,27.84,28.66,14230,40542037.0,0.0,15,27.91,0
20250507,1746547200000,28.84,29.07,28.51,28.700000000000003,11535,33208389.000000004,0.0,15,28.66,0
20250508,1746633600000,28.650000000000002,29.270000000000003,28.6,29.0,10771,31169671.0,0.0,15,28.700000000000003,0
20250509,1746720000000,28.880000000000003,29.27,28.71,28.89,8412,24329448.0,0.0,15,29.0,0
20250512,1746979200000,29.0,29.240000000000002,28.85,29.1,7934,23012462.0,0.0,15,28.89,0
20250513,1747065600000,29.1,29.46,28.900000000000002,29.000000000000004,6526,18987456.0,0.0,15,29.1,0
20250514,1747152000000,29.0,29.15,28.52,28.79,6870,19733257.0,0.0,15,29.0,0
20250515,1747238400000,28.78,29.76,28.560000000000002,29.320000000000004,15997,46839638.0,0.0,15,28.790000000000003,0
20250516,1747324800000,29.27,29.75,29.11,29.59,12861,37913569.0,0.0,15,29.32,0
20250519,1747584000000,29.7,29.7,29.07,29.35,9575,28010417.0,0.0,15,29.59,0
20250520,1747670400000,29.36,30.0,29.36,29.939999999999998,12768,38066891.0,0.0,15,29.349999999999998,0
20250521,1747756800000,29.74,30.15,29.63,29.65,12199,36425461.0,0.0,15,29.939999999999998,0
20250522,1747843200000,29.419999999999998,31.5,29.11,29.91,43087,130502497.0,0.0,15,29.419999999999998,0
20250523,1747929600000,29.78,30.880000000000003,29.35,29.470000000000002,30561,91362413.0,0.0,15,29.91,0
20250526,1748188800000,29.69,29.71,28.8,28.84,17881,51983035.0,0.0,15,29.470000000000002,0
20250527,1748275200000,28.81,29.2,28.73,29.02,11915,34579029.0,0.0,15,28.84,0
20250528,1748361600000,29.12,29.28,28.6,28.770000000000003,10792,31075566.0,0.0,15,29.020000000000003,0
20250529,1748448000000,28.8,29.6,28.51,29.55,14323,41937865.0,0.0,15,28.770000000000003,0
20250530,1748534400000,29.41,30.3,29.41,29.72,14980,44502605.0,0.0,15,29.55,0
20250603,1748880000000,29.400000000000002,30.1,29.400000000000002,30.020000000000003,14825,44302558.0,0.0,15,29.720000000000002,0
20250604,1748966400000,29.96,30.22,29.75,29.93,10778,32233032.0,0.0,15,30.02,0
20250605,1749052800000,29.990000000000002,30.220000000000002,29.69,29.740000000000002,9873,29441729.0,0.0,15,29.93,0
20250606,1749139200000,29.770000000000003,30.05,29.580000000000002,29.860000000000003,8635,25689554.000000004,0.0,15,29.740000000000002,0
20250609,1749398400000,29.95,30.48,29.7,30.25,14172,42856225.0,0.0,15,29.86,0
20250610,1749484800000,30.28,30.650000000000002,29.71,30.080000000000002,19476,58920882.99999999,0.0,15,30.25,0
20250611,1749571200000,30.36,30.36,30.03,30.16,9665,29163564.0,0.0,15,30.080000000000002,0
20250612,1749657600000,29.95,30.509999999999998,29.95,30.46,18485,55988519.0,0.0,15,30.16,0
20250613,1749744000000,30.37,30.65,29.77,29.86,12913,38859771.0,0.0,15,30.46,0
20250616,1750003200000,29.86,30.28,29.55,29.970000000000002,9755,29213381.0,0.0,15,29.86,0
20250617,1750089600000,30.01,30.49,29.84,30.0,12927,38949742.0,0.0,15,29.97,0
20250618,1750176000000,30.0,30.0,29.46,29.580000000000002,11551,34223846.0,0.0,15,30.0,0
20250619,1750262400000,29.58,29.74,28.93,28.99,11225,32783044.0,0.0,15,29.58,0
20250620,1750348800000,28.89,29.32,28.69,28.700000000000003,9524,27470573.0,0.0,15,28.990000000000002,0
20250623,1750608000000,28.7,29.3,28.48,29.22,8509,24715861.0,0.0,15,28.7,0
20250624,1750694400000,29.3,29.930000000000003,29.17,29.900000000000002,9784,28993759.0,0.0,15,29.220000000000002,0
20250625,1750780800000,29.89,30.16,29.55,30.01,11961,35715898.0,0.0,15,29.900000000000002,0
20250626,1750867200000,30.27,30.27,29.82,29.94,8271,24812699.000000004,0.0,15,30.01,0
20250627,1750953600000,29.990000000000002,30.28,29.900000000000002,30.070000000000004,7543,22712362.000000004,0.0,15,29.94,0
20250630,1751212800000,30.279999999999998,30.619999999999997,29.97,30.59,12284,37346650.0,0.0,15,30.07,0
20250701,1751299200000,30.59,30.8,30.3,30.54,12031,36762737.0,0.0,15,30.59,0
20250702,1751385600000,30.72,30.84,30.27,30.4,12800,38979794.0,0.0,15,30.54,0
20250703,1751472000000,30.500000000000004,30.96,30.330000000000002,30.590000000000003,20391,62623346.0,0.0,15,30.400000000000002,0
20250704,1751558400000,30.51,30.990000000000002,30.19,30.34,13366,40720278.0,0.0,15,30.59,0
20250707,1751817600000,30.19,30.75,30.19,30.610000000000003,9621,29321488.000000004,0.0,15,30.34,0
20250708,1751904000000,30.5,31.37,30.5,31.14,13520,41944835.99999999,0.0,15,30.61,0
20250709,1751990400000,31.250000000000004,32.11,30.900000000000002,31.48,20067,63093962.00000001,0.0,15,31.14,0
20250710,1752076800000,31.470000000000002,31.76,31.1,31.43,11112,34927031.00000001,0.0,15,31.48,0
20250711,1752163200000,31.3,33.5,31.23,31.580000000000002,44084,141905169.00000003,0.0,15,31.43,0
20250714,1752422400000,31.62,32.64,31.1,32.52,38948,124734898.00000001,0.0,15,31.580000000000002,0
20250715,1752508800000,32.38,32.9,31.44,31.85,28059,89633024.00000001,0.0,15,32.52,0
20250716,1752595200000,31.8,32.14,31.580000000000002,31.840000000000003,14084,44827456.0,0.0,15,31.85,0
20250717,1752681600000,31.72,32.19,31.66,32.15,16842,53845360.00000001,0.0,15,31.84,0
20250718,1752768000000,32.14,32.3,31.7,32.21,16709,53450498.0,0.0,15,32.15,0
20250721,1753027200000,32.02,32.96,32.02,32.78,17834,57930292.0,0.0,15,32.21,0
20250722,1753113600000,32.83,33.04,32.28,32.45,16252,52955783.0,0.0,15,32.78,0
20250723,1753200000000,32.48,33.0,32.15,32.379999999999995,16476,53659511.0,0.0,15,32.449999999999996,0
20250724,1753286400000,32.38,32.95,32.2,32.75,17661,57678330.0,0.0,15,32.38,0
20250725,1753372800000,32.75,33.25,32.57,33.0,17493,57684741.00000001,0.0,15,32.75,0
20250728,1753632000000,33.2,33.400000000000006,32.84,33.040000000000006,14027,46324888.0,0.0,15,33.0,0
20250729,1753718400000,33.04,33.4,32.75,33.35,18420,60976149.00000001,0.0,15,33.04,0
20250730,1753804800000,33.239999999999995,33.72,32.8,33.18,19619,65318210.99999999,0.0,15,33.349999999999994,0
20250731,1753891200000,33.14,33.98,33.0,33.17,23607,79223244.0,0.0,15,33.18,0
20250801,1753977600000,33.03,34.15,33.03,33.85,21608,73033580.0,0.0,15,33.17,0
20250804,1754236800000,33.7,34.28,33.2,34.260000000000005,22459,75801344.0,0.0,15,33.85,0
20250805,1754323200000,34.45,34.550000000000004,33.730000000000004,34.050000000000004,15874,54028528.00000001,0.0,15,34.260000000000005,0
20250806,1754409600000,34.03,34.28,33.39,33.61,21633,72765337.0,0.0,15,34.05,0
20250807,1754496000000,33.45,34.35,33.45,33.660000000000004,21957,74236063.99999999,0.0,15,33.61,0
20250808,1754582400000,33.66,34.44,33.26,33.85,20544,69409478.0,0.0,15,33.66,0
20250811,1754841600000,33.68,34.339999999999996,33.68,34.25,18453,62871278.0,0.0,15,33.85,0
20250812,1754928000000,34.26,34.55,33.72,33.85,18210,62172412.0,0.0,15,34.25,0
20250813,1755014400000,33.86,34.14,33.44,33.73,13964,47143210.0,0.0,15,33.849999999999994,0
20250814,1755100800000,33.92,33.92,32.77,32.77,19734,65518482.0,0.0,15,33.730000000000004,0
20250815,1755187200000,32.76,33.809999999999995,32.76,33.75,19068,63633005.0,0.0,15,32.769999999999996,0
20250818,1755446400000,33.790000000000006,34.06,33.480000000000004,33.690000000000005,14606,49270728.0,0.0,15,33.75000000000001,0
20250819,1755532800000,33.59,34.39,33.59,33.88,14092,47904280.00000001,0.0,15,33.690000000000005,0
20250820,1755619200000,33.86,34.0,33.28,33.85,15053,50594596.0,0.0,15,33.88,0
20250821,1755705600000,33.870000000000005,34.190000000000005,33.7,33.900000000000006,13408,45561075.00000001,0.0,15,33.85,0
20250822,1755792000000,33.99,34.03,33.61,33.96,13753,46508560.0,0.0,15,33.9,0
20250825,1756051200000,33.980000000000004,34.330000000000005,33.81,33.96,16001,54479018.0,0.0,15,33.96,0
20250826,1756137600000,33.800000000000004,34.0,33.42,33.800000000000004,21209,71486892.0,0.0,15,33.96,0
20250827,1756224000000,33.8,33.99,32.32,32.35,27666,91431415.0,0.0,15,33.8,0
20250828,1756310400000,32.150000000000006,32.68,30.900000000000002,31.89,24379,77399612.99999999,0.0,15,32.35,0
20250829,1756396800000,31.880000000000003,32.22,31.720000000000002,31.950000000000003,10476,33527825.0,0.0,15,31.890000000000004,0
20250901,1756656000000,31.990000000000002,32.49,31.970000000000002,32.1,10469,33742319.0,0.0,15,31.950000000000003,0
20250902,1756742400000,32.260000000000005,32.260000000000005,31.080000000000002,31.57,11374,35896001.0,0.0,15,32.1,0
20250903,1756828800000,31.79,31.849999999999998,30.88,30.959999999999997,8796,27503853.000000004,0.0,15,31.57,0
20250904,1756915200000,30.91,31.65,30.82,31.09,12170,38055460.00000001,0.0,15,30.96,0
20250905,1757001600000,31.39,31.45,30.91,31.43,11509,35957408.0,0.0,15,31.09,0
20250908,1757260800000,31.59,31.96,31.26,31.85,11923,37805903.0,0.0,15,31.430000000000003,0
20250909,1757347200000,31.8,31.990000000000002,31.01,31.220000000000002,10957,34388658.0,0.0,15,31.85,0
20250910,1757433600000,31.1,31.44,31.05,31.3,6035,18868502.0,0.0,15,31.220000000000002,0
20250911,1757520000000,31.200000000000003,31.62,30.76,31.62,9532,29807891.000000004,0.0,15,31.3,0
20250912,1757606400000,31.630000000000003,31.94,31.46,31.77,8075,25597000.0,0.0,15,31.62,0
20250915,1757865600000,31.62,31.93,31.55,31.64,7238,22944253.0,0.0,15,31.77,0
20250916,1757952000000,31.64,32.19,31.48,32.05,10969,35007057.0,0.0,15,31.64,0
20250917,1758038400000,32.05,32.25,31.8,31.8,7501,23972079.0,0.0,15,32.05,0
20250918,1758124800000,31.8,32.18,31.14,31.5,13153,41713097.0,0.0,15,31.8,0
20250919,1758211200000,31.32,31.69,30.82,30.98,8754,27230980.0,0.0,15,31.5,0
20250922,1758470400000,31.09,31.35,30.59,30.85,7604,23472463.0,0.0,15,30.98,0
20250923,1758556800000,30.79,31.19,29.66,30.22,15051,45268444.99999999,0.0,15,30.85,0
20250924,1758643200000,30.220000000000002,30.84,30.03,30.740000000000002,9588,29293018.0,0.0,15,30.220000000000002,0
20250925,1758729600000,30.740000000000002,31.0,30.3,30.38,10362,31800771.0,0.0,15,30.740000000000002,0
20250926,1758816000000,30.470000000000002,30.610000000000003,30.01,30.51,6086,18465727.0,0.0,15,30.380000000000003,0
20250929,1759075200000,30.650000000000002,30.78,29.92,30.650000000000002,8438,25672525.999999996,0.0,15,30.51,0
20250930,1759161600000,30.660000000000004,31.180000000000003,30.490000000000002,30.98,7351,22711343.000000004,0.0,15,30.650000000000002,0
20251009,1759939200000,31.09,31.17,30.8,31.09,7055,21868735.0,0.0,15,30.98,0
20251010,1760025600000,31.11,31.28,30.84,30.919999999999998,5557,17245071.0,0.0,15,31.09,0
20251013,1760284800000,30.01,30.79,29.5,30.49,10495,31753262.0,0.0,15,30.92,0
20251014,1760371200000,30.65,30.88,30.41,30.47,6992,21393927.0,0.0,15,30.49,0
20251015,1760457600000,30.6,31.130000000000003,30.42,30.82,7655,23587167.0,0.0,15,30.470000000000002,0
20251016,1760544000000,30.869999999999997,31.009999999999998,30.63,30.83,6866,21159710.999999996,0.0,15,30.82,0
20251017,1760630400000,30.66,31.12,30.46,30.470000000000002,7437,22844316.0,0.0,15,30.830000000000002,0
20251020,1760889600000,30.85,31.06,30.48,30.86,8038,24792863.0,0.0,15,30.47,0
20251021,1760976000000,30.900000000000002,31.330000000000002,30.740000000000002,31.3,6427,19999427.0,0.0,15,30.860000000000003,0
20251022,1761062400000,31.290000000000003,31.59,31.12,31.28,8273,25983406.0,0.0,15,31.3,0
20251023,1761148800000,31.25,31.48,30.91,31.34,7234,22564547.0,0.0,15,31.28,0
20251024,1761235200000,31.18,31.69,31.18,31.3,7869,24755727.0,0.0,15,31.34,0
20251027,1761494400000,31.47,31.64,31.07,31.55,7813,24530630.0,0.0,15,31.3,0
20251028,1761580800000,31.55,31.8,31.28,31.700000000000003,7223,22864445.0,0.0,15,31.55,0
20251029,1761667200000,31.77,31.87,31.11,31.22,8217,25781625.0,0.0,15,31.7,0
20251030,1761753600000,31.37,31.65,31.16,31.36,9872,31013088.0,0.0,15,31.22,0
20251031,1761840000000,31.64,32.24,31.37,32.08,13614,43445022.00000001,0.0,15,31.36,0
20251103,1762099200000,32.08,32.51,32.08,32.33,9247,29894970.0,0.0,15,32.08,0
20251104,1762185600000,32.49,32.580000000000005,32.2,32.550000000000004,9888,32056107.999999996,0.0,15,32.330000000000005,0
20251105,1762272000000,32.419999999999995,32.78,32.26,32.419999999999995,7541,24504519.0,0.0,15,32.55,0
20251106,1762358400000,32.379999999999995,32.769999999999996,32.26,32.65,7836,25510545.0,0.0,15,32.419999999999995,0
20251107,1762444800000,32.53,32.769999999999996,32.4,32.4,6340,20648039.999999996,0.0,15,32.65,0
20251110,1762704000000,32.4,32.74,32.4,32.4,7269,23667818.0,0.0,15,32.4,0
20251111,1762790400000,32.57,32.92,32.4,32.809999999999995,10176,33292921.0,0.0,15,32.4,0
20251112,1762876800000,32.88,33.53,32.82,33.2,15389,51126769.0,0.0,15,32.81,0
20251113,1762963200000,33.050000000000004,33.7,32.730000000000004,33.50000000000001,13502,44971536.0,0.0,15,33.2,0
20251114,1763049600000,33.379999999999995,33.98,33.37,33.66,13352,45092290.0,0.0,15,33.5,0
20251117,1763308800000,33.52,33.78,33.24,33.5,9204,30789594.0,0.0,15,33.660000000000004,0
20251118,1763395200000,33.5,33.58,33.0,33.2,11190,37147216.0,0.0,15,33.5,0
20251119,1763481600000,33.300000000000004,33.410000000000004,32.49,32.68,10355,33980795.0,0.0,15,33.2,0
20251120,1763568000000,32.69,32.9,32.19,32.419999999999995,8423,27371478.0,0.0,15,32.68,0
20251121,1763654400000,32.25,32.57,30.66,30.75,17002,53302161.0,0.0,15,32.42,0
20251124,1763913600000,30.98,31.93,30.98,31.68,12604,39759919.0,0.0,15,30.75,0
20251125,1764000000000,31.730000000000004,32.27,31.560000000000002,32.06,9638,30901974.0,0.0,15,31.680000000000003,0
20251126,1764086400000,32.010000000000005,32.75,31.740000000000002,31.860000000000003,10073,32460442.0,0.0,15,32.06,0
20251127,1764172800000,32.0,32.27,31.46,32.160000000000004,7149,22793467.0,0.0,15,31.86,0
20251128,1764259200000,32.03,32.33,31.82,32.33,7309,23435326.000000004,0.0,15,32.160000000000004,0
20251201,1764518400000,32.330000000000005,32.59,32.06,32.160000000000004,7853,25396582.0,0.0,15,32.330000000000005,0
20251202,1764604800000,32.29,32.29,31.61,31.87,7229,22987577.0,0.0,15,32.16,0
20251203,1764691200000,31.990000000000002,31.990000000000002,31.330000000000002,31.48,6948,21927512.0,0.0,15,31.87,0
20251204,1764777600000,31.560000000000002,31.6,30.76,30.970000000000002,8391,26042949.0,0.0,15,31.48,0
20251205,1764864000000,30.970000000000002,31.290000000000003,30.53,31.05,9669,29841255.0,0.0,15,30.970000000000002,0
20251208,1765123200000,31.16,31.38,31.0,31.02,9438,29408508.0,0.0,15,31.05,0
20251209,1765209600000,31.0,31.09,30.54,30.54,7869,24212191.0,0.0,15,31.02,0
20251210,1765296000000,30.48,30.779999999999998,30.22,30.369999999999997,12403,37769522.0,0.0,15,30.54,0
20251211,1765382400000,30.69,30.69,29.53,29.62,13538,40476816.99999999,0.0,15,30.37,0
20251212,1765468800000,29.62,29.830000000000002,29.12,29.12,8819,26078089.0,0.0,15,29.62,0
20251215,1765728000000,29.12,29.450000000000003,28.810000000000002,29.180000000000003,7242,21112454.0,0.0,15,29.12,0
20251216,1765814400000,29.3,29.3,28.78,28.94,8785,25512338.0,0.0,15,29.18,0
20251217,1765900800000,29.01,29.17,28.580000000000002,29.03,9686,27953981.0,0.0,15,28.94,0
20251218,1765987200000,29.39,30.12,29.03,29.900000000000002,11127,32999494.999999996,0.0,15,29.03,0
20251219,1766073600000,29.9,30.1,29.66,30.05,7571,22666753.0,0.0,15,29.9,0
20251222,1766332800000,30.21,30.28,29.84,29.84,7830,23540929.0,0.0,15,30.05,0
20251223,1766419200000,29.84,29.939999999999998,29.61,29.79,4259,12675919.000000002,0.0,15,29.84,0
20251224,1766505600000,29.67,29.990000000000002,29.560000000000002,29.970000000000002,5744,17130710.999999996,0.0,15,29.790000000000003,0
20251225,1766592000000,30.150000000000002,30.220000000000002,29.85,30.01,6024,18114256.000000004,0.0,15,29.970000000000002,0
20251226,1766678400000,30.04,30.45,29.72,29.75,9491,28491285.0,0.0,15,30.009999999999998,0
20251229,1766937600000,29.7,30.02,29.62,29.84,6953,20734620.000000004,0.0,15,29.75,0
20251230,1767024000000,29.76,29.98,29.6,29.700000000000003,7610,22674253.0,0.0,15,29.84,0
20251231,1767110400000,29.900000000000002,29.900000000000002,29.44,29.68,8154,24174890.0,0.0,15,29.700000000000003,0
20260105,1767542400000,29.89,30.68,29.68,30.66,16050,48816926.0,0.0,15,29.68,0
20260106,1767628800000,30.66,30.99,30.45,30.779999999999998,12375,37999719.0,0.0,15,30.66,0
20260107,1767715200000,30.69,30.94,30.53,30.790000000000003,10554,32468428.0,0.0,15,30.78,0
20260108,1767801600000,30.9,31.21,30.7,31.0,9168,28484318.000000004,0.0,15,30.79,0
20260109,1767888000000,31.01,31.35,30.84,31.35,11894,37030152.0,0.0,15,31.0,0
20260112,1768147200000,31.48,31.91,31.2,31.759999999999998,11700,36980579.0,0.0,15,31.349999999999998,0
20260113,1768233600000,31.73,33.2,31.73,32.5,25744,83858008.0,0.0,15,31.76,0
20260114,1768320000000,32.47,34.63,32.14,33.14,44992,151072899.0,0.0,15,32.5,0
20260115,1768406400000,33.11,33.15,32.42,32.59,19497,63689061.0,0.0,15,33.14,0
20260116,1768492800000,32.97,32.97,32.06,32.24,15555,50344040.0,0.0,15,32.59,0
20260119,1768752000000,32.24,32.56,32.04,32.24,14950,48189435.0,0.0,15,32.24,0
20260120,1768838400000,32.4,32.69,32.15,32.35,14351,46444868.99999999,0.0,15,32.24,0
20260121,1768924800000,32.480000000000004,32.790000000000006,32.230000000000004,32.57000000000001,11871,38635316.0,0.0,15,32.35,0
20260122,1769011200000,32.57,32.74,32.38,32.690000000000005,12757,41626709.0,0.0,15,32.57,0
20260123,1769097600000,32.85,33.26,32.61,33.16,11882,39287423.0,0.0,15,32.69,0
20260126,1769356800000,33.24,33.78,32.84,33.43000000000001,20013,66531717.99999999,0.0,15,33.160000000000004,0
20260127,1769443200000,33.36,33.42,32.1,33.300000000000004,16848,55320822.99999999,0.0,15,33.43,0
20260128,1769529600000,33.4,33.4,32.35,32.59,11188,36623859.0,0.0,15,33.300000000000004,0
20260129,1769616000000,32.59,33.07,32.21,32.5,13035,42569304.99999999,0.0,15,32.59,0
20260130,1769702400000,32.38,32.900000000000006,32.2,32.56,11434,37181376.0,0.0,15,32.5,0
20260202,1769961600000,32.6,33.18,32.22,32.36,14996,49275882.0,0.0,15,32.56,0
20260203,1770048000000,32.52,33.14,32.43,33.02,14910,48993869.99999999,0.0,15,32.36,0
20260204,1770134400000,33.18,33.300000000000004,32.88,33.160000000000004,12682,41983390.0,0.0,15,33.02,0
20260205,1770220800000,33.38,33.69,33.18,33.44,15812,52932254.0,0.0,15,33.16,0
20260206,1770307200000,33.41,33.74,33.11,33.4,11410,38259950.00000001,0.0,15,33.44,0
20260209,1770566400000,33.7,33.730000000000004,33.28,33.65,11479,38486045.0,0.0,15,33.4,0
20260210,1770652800000,33.800000000000004,34.31,33.59,34.040000000000006,15525,52938143.0,0.0,15,33.650000000000006,0
20260211,1770739200000,33.92,34.190000000000005,33.45,33.45,13030,44038873.00000001,0.0,15,34.040000000000006,0
20260212,1770825600000,33.7,33.88,33.13,33.580000000000005,11652,39193498.99999999,0.0,15,33.45,0
20260213,1770912000000,33.599999999999994,33.9,33.3,33.379999999999995,11866,39831378.0,0.0,15,33.58,0
20260224,1771862400000,33.5,33.769999999999996,33.33,33.69,10394,34909283.0,0.0,15,33.379999999999995,0
20260225,1771948800000,33.769999999999996,33.96,33.37,33.5,9331,31436851.0,0.0,15,33.69,0
20260226,1772035200000,33.550000000000004,33.64,33.13,33.35,8416,28016720.0,0.0,15,33.5,0
20260227,1772121600000,33.49,33.49,33.15,33.39,8993,29952770.000000004,0.0,15,33.35,0
20260302,1772380800000,32.93,33.089999999999996,31.52,31.87,18168,58403251.00000001,0.0,15,33.39,0
20260303,1772467200000,31.9,32.589999999999996,31.54,31.599999999999998,14863,47670141.0,0.0,15,31.869999999999997,0
20260304,1772553600000,31.400000000000002,31.740000000000002,30.85,31.3,11926,37318932.0,0.0,15,31.6,0
20260305,1772640000000,31.770000000000003,32.28,31.51,31.8,11499,36606984.00000001,0.0,15,31.3,0
20260306,1772726400000,31.599999999999998,32.93,31.52,32.9,11504,37357061.0,0.0,15,31.8,0
20260309,1772985600000,32.650000000000006,33.050000000000004,32.31,32.74,10996,35952291.0,0.0,15,32.900000000000006,0
20260310,1773072000000,32.97,33.62,32.8,33.62,8360,27893674.0,0.0,15,32.739999999999995,0
20260311,1773158400000,33.75,33.75,33.15,33.21,7322,24447133.999999996,0.0,15,33.62,0
20260312,1773244800000,33.16,33.49,32.5,32.65,9850,32375852.0,0.0,15,33.21,0
20260313,1773331200000,32.56,33.300000000000004,32.45,32.940000000000005,12126,39948609.0,0.0,15,32.650000000000006,0
20260316,1773590400000,32.79,33.19,32.65,32.87,8570,28204262.0,0.0,15,32.94,0
20260317,1773676800000,32.87,33.14,32.26,32.28,8545,27909612.0,0.0,15,32.87,0
20260318,1773763200000,32.6,36.42,32.59,34.39,75173,259466276.0,0.0,15,32.28,0
20260319,1773849600000,34.57,36.0,33.61,33.98,67129,231732522.0,0.0,15,34.39,0
20260320,1773936000000,34.25,34.36,32.11,32.11,50344,166743883.0,0.0,15,33.98,0
20260323,1774195200000,31.28,31.91,29.01,29.180000000000003,43866,132188240.00000001,0.0,15,32.11,0
20260324,1774281600000,30.36,30.58,29.34,30.14,34959,104635705.0,0.0,15,29.18,0
20260325,1774368000000,30.45,30.740000000000002,29.98,30.330000000000002,22842,69266123.00000001,0.0,15,30.14,0
20260326,1774454400000,30.200000000000003,30.540000000000003,29.400000000000002,29.650000000000002,21557,64285916.0,0.0,15,30.330000000000002,0
20260327,1774540800000,29.26,30.310000000000002,29.26,30.3,15744,47193125.0,0.0,15,29.650000000000002,0
20260330,1774800000000,30.26,30.73,29.92,30.66,19415,58911419.00000001,0.0,15,30.3,0
20260331,1774886400000,30.73,31.4,30.13,30.15,17502,53919263.0,0.0,15,30.66,0
20260401,1774972800000,30.87,30.990000000000002,30.14,30.93,20455,62718852.0,0.0,15,30.150000000000002,0
20260402,1775059200000,30.93,31.78,30.69,31.05,25431,79471551.0,0.0,15,30.93,0
20260403,1775145600000,31.04,31.16,29.86,29.86,20766,62872496.0,0.0,15,31.05,0
20260407,1775491200000,30.16,30.85,29.5,30.68,18571,56547065.0,0.0,15,29.86,0
20260408,1775577600000,31.0,31.5,30.98,31.42,14853,46470730.0,0.0,15,30.68,0
20260409,1775664000000,31.290000000000003,31.42,30.35,30.5,13590,41760562.0,0.0,15,31.42,0
20260410,1775750400000,30.68,31.08,30.5,30.66,14243,43802109.00000001,0.0,15,30.5,0
20260413,1776009600000,30.44,30.650000000000002,30.14,30.42,10660,32364178.000000004,0.0,15,30.66,0
20260414,1776096000000,30.720000000000002,30.78,30.01,30.48,12806,38839894.0,0.0,15,30.42,0
20260415,1776182400000,30.6,31.1,30.5,30.7,13150,40400042.0,0.0,15,30.48,0
20260416,1776268800000,30.689999999999998,31.03,30.2,30.919999999999998,11654,35731074.0,0.0,15,30.7,0
20260417,1776355200000,30.92,31.17,30.3,30.52,13644,41745786.0,0.0,15,30.92,0
20260420,1776614400000,30.62,30.73,30.25,30.69,9617,29402914.0,0.0,15,30.52,0
20260421,1776700800000,30.69,30.8,30.3,30.46,7814,23825046.0,0.0,15,30.69,0
20260422,1776787200000,30.46,30.75,30.25,30.65,8414,25703400.0,0.0,15,30.46,0
20260423,1776873600000,30.630000000000003,30.630000000000003,30.060000000000002,30.160000000000004,9098,27494495.0,0.0,15,30.650000000000002,0
20260424,1776960000000,30.0,30.740000000000002,29.82,30.65,10533,31989564.0,0.0,15,30.16,0
20260427,1777219200000,30.400000000000002,30.94,29.96,30.900000000000002,13330,40583081.0,0.0,15,30.650000000000002,0
20260428,1777305600000,30.69,31.12,30.14,30.36,16361,50100906.0,0.0,15,30.900000000000002,0
20260429,1777392000000,30.35,31.07,30.21,30.880000000000003,16154,49770228.99999999,0.0,15,30.36,0
20260430,1777478400000,30.8,31.14,30.8,31.02,13727,42478230.0,0.0,15,30.88,0
20260506,1777996800000,31.0,31.38,30.88,31.02,16033,49955576.00000001,0.0,15,31.02,0
20260507,1778083200000,31.200000000000003,32.0,31.060000000000002,31.67,19196,60765873.00000001,0.0,15,31.020000000000003,0
20260508,1778169600000,31.67,32.190000000000005,31.67,32.18,16146,51563341.00000001,0.0,15,31.67,0
20260511,1778428800000,32.33,32.690000000000005,31.85,32.61,18052,58235743.0,0.0,15,32.18,0
20260512,1778515200000,32.58,32.58,31.52,31.72,16832,53887330.0,0.0,15,32.61,0
20260513,1778601600000,31.91,31.91,31.3,31.73,11692,37045938.0,0.0,15,31.720000000000002,0
20260514,1778688000000,31.89,31.970000000000002,31.37,31.41,9944,31397471.999999996,0.0,15,31.73,0
20260515,1778774400000,31.75,31.779999999999998,30.72,31.009999999999998,13660,42544195.0,0.0,15,31.41,0
20260518,1779033600000,31.049999999999997,31.2,30.72,31.04,12948,40018043.0,0.0,15,31.009999999999998,0
20260519,1779120000000,31.1,31.480000000000004,30.560000000000002,31.03,12476,38616406.0,0.0,15,31.040000000000003,0
20260520,1779206400000,31.040000000000003,31.040000000000003,30.35,30.67,9889,30238735.0,0.0,15,31.03,0
20260521,1779292800000,30.67,31.14,29.66,29.8,16392,50071446.00000001,0.0,15,30.67,0
20260522,1779379200000,29.87,30.45,29.3,30.23,11678,34927845.0,0.0,15,29.8,0
20260525,1779638400000,30.200000000000003,30.82,29.53,29.94,14195,42677292.00000001,0.0,15,30.23,0
20260526,1779724800000,29.92,30.0,29.12,29.28,13116,38618076.0,0.0,15,29.94,0
