date,time,open,high,low,close,volume,amount,settelementPrice,openInterest,preClose,suspendFlag
20201015,1602691200000,,,,,0,0.0,0.0,0,,1
20201016,1602777600000,,,,,0,0.0,0.0,0,,1
20201019,1603036800000,,,,,0,0.0,0.0,0,,1
20201020,1603123200000,,,,,0,0.0,0.0,0,,1
20201021,1603209600000,,,,,0,0.0,0.0,0,,1
20201022,1603296000000,,,,,0,0.0,0.0,0,,1
20201023,1603382400000,,,,,0,0.0,0.0,0,,1
20201026,1603641600000,,,,,0,0.0,0.0,0,,1
20201027,1603728000000,,,,,0,0.0,0.0,0,,1
20201028,1603814400000,,,,,0,0.0,0.0,0,,1
20201029,1603900800000,,,,,0,0.0,0.0,0,,1
20201030,1603987200000,,,,,0,0.0,0.0,0,,1
20201102,1604246400000,,,,,0,0.0,0.0,0,,1
20201103,1604332800000,,,,,0,0.0,0.0,0,,1
20201104,1604419200000,,,,,0,0.0,0.0,0,,1
20201105,1604505600000,,,,,0,0.0,0.0,0,,1
20201106,1604592000000,,,,,0,0.0,0.0,0,,1
20201109,1604851200000,,,,,0,0.0,0.0,0,,1
20201110,1604937600000,,,,,0,0.0,0.0,0,,1
20201111,1605024000000,,,,,0,0.0,0.0,0,,1
20201112,1605110400000,,,,,0,0.0,0.0,0,,1
20201113,1605196800000,,,,,0,0.0,0.0,0,,1
20201116,1605456000000,,,,,0,0.0,0.0,0,,1
20201117,1605542400000,,,,,0,0.0,0.0,0,,1
20201118,1605628800000,,,,,0,0.0,0.0,0,,1
20201119,1605715200000,,,,,0,0.0,0.0,0,,1
20201120,1605801600000,,,,,0,0.0,0.0,0,,1
20201123,1606060800000,,,,,0,0.0,0.0,0,,1
20201124,1606147200000,,,,,0,0.0,0.0,0,,1
20201125,1606233600000,,,,,0,0.0,0.0,0,,1
20201126,1606320000000,,,,,0,0.0,0.0,0,,1
20201127,1606406400000,,,,,0,0.0,0.0,0,,1
20201130,1606665600000,,,,,0,0.0,0.0,0,,1
20201201,1606752000000,,,,,0,0.0,0.0,0,,1
20201202,1606838400000,,,,,0,0.0,0.0,0,,1
20201203,1606924800000,,,,,0,0.0,0.0,0,,1
20201204,1607011200000,,,,,0,0.0,0.0,0,,1
20201207,1607270400000,,,,,0,0.0,0.0,0,,1
20201208,1607356800000,,,,,0,0.0,0.0,0,,1
20201209,1607443200000,,,,,0,0.0,0.0,0,,1
20201210,1607529600000,,,,,0,0.0,0.0,0,,1
20201211,1607616000000,,,,,0,0.0,0.0,0,,1
20201214,1607875200000,,,,,0,0.0,0.0,0,,1
20201215,1607961600000,,,,,0,0.0,0.0,0,,1
20201216,1608048000000,,,,,0,0.0,0.0,0,,1
20201217,1608134400000,,,,,0,0.0,0.0,0,,1
20201218,1608220800000,,,,,0,0.0,0.0,0,,1
20201221,1608480000000,,,,,0,0.0,0.0,0,,1
20201222,1608566400000,,,,,0,0.0,0.0,0,,1
20201223,1608652800000,,,,,0,0.0,0.0,0,,1
20201224,1608739200000,,,,,0,0.0,0.0,0,,1
20201225,1608825600000,,,,,0,0.0,0.0,0,,1
20201228,1609084800000,,,,,0,0.0,0.0,0,,1
20201229,1609171200000,,,,,0,0.0,0.0,0,,1
20201230,1609257600000,,,,,0,0.0,0.0,0,,1
20201231,1609344000000,,,,,0,0.0,0.0,0,,1
20210104,1609689600000,,,,,0,0.0,0.0,0,,1
20210105,1609776000000,,,,,0,0.0,0.0,0,,1
20210106,1609862400000,,,,,0,0.0,0.0,0,,1
20210107,1609948800000,,,,,0,0.0,0.0,0,,1
20210108,1610035200000,,,,,0,0.0,0.0,0,,1
20210111,1610294400000,,,,,0,0.0,0.0,0,,1
20210112,1610380800000,,,,,0,0.0,0.0,0,,1
20210113,1610467200000,,,,,0,0.0,0.0,0,,1
20210114,1610553600000,,,,,0,0.0,0.0,0,,1
20210115,1610640000000,,,,,0,0.0,0.0,0,,1
20210118,1610899200000,,,,,0,0.0,0.0,0,,1
20210119,1610985600000,,,,,0,0.0,0.0,0,,1
20210120,1611072000000,,,,,0,0.0,0.0,0,,1
20210121,1611158400000,,,,,0,0.0,0.0,0,,1
20210122,1611244800000,,,,,0,0.0,0.0,0,,1
20210125,1611504000000,,,,,0,0.0,0.0,0,,1
20210126,1611590400000,,,,,0,0.0,0.0,0,,1
20210127,1611676800000,,,,,0,0.0,0.0,0,,1
20210128,1611763200000,,,,,0,0.0,0.0,0,,1
20210129,1611849600000,,,,,0,0.0,0.0,0,,1
20210201,1612108800000,,,,,0,0.0,0.0,0,,1
20210202,1612195200000,,,,,0,0.0,0.0,0,,1
20210203,1612281600000,,,,,0,0.0,0.0,0,,1
20210204,1612368000000,,,,,0,0.0,0.0,0,,1
20210205,1612454400000,,,,,0,0.0,0.0,0,,1
20210208,1612713600000,,,,,0,0.0,0.0,0,,1
20210209,1612800000000,,,,,0,0.0,0.0,0,,1
20210210,1612886400000,,,,,0,0.0,0.0,0,,1
20210218,1613577600000,,,,,0,0.0,0.0,0,,1
20210219,1613664000000,,,,,0,0.0,0.0,0,,1
20210222,1613923200000,,,,,0,0.0,0.0,0,,1
20210223,1614009600000,,,,,0,0.0,0.0,0,,1
20210224,1614096000000,,,,,0,0.0,0.0,0,,1
20210225,1614182400000,,,,,0,0.0,0.0,0,,1
20210226,1614268800000,,,,,0,0.0,0.0,0,,1
20210301,1614528000000,,,,,0,0.0,0.0,0,,1
20210302,1614614400000,,,,,0,0.0,0.0,0,,1
20210303,1614700800000,,,,,0,0.0,0.0,0,,1
20210304,1614787200000,,,,,0,0.0,0.0,0,,1
20210305,1614873600000,,,,,0,0.0,0.0,0,,1
20210308,1615132800000,,,,,0,0.0,0.0,0,,1
20210309,1615219200000,,,,,0,0.0,0.0,0,,1
20210310,1615305600000,,,,,0,0.0,0.0,0,,1
20210311,1615392000000,,,,,0,0.0,0.0,0,,1
20210312,1615478400000,,,,,0,0.0,0.0,0,,1
20210315,1615737600000,,,,,0,0.0,0.0,0,,1
20210316,1615824000000,,,,,0,0.0,0.0,0,,1
20210317,1615910400000,,,,,0,0.0,0.0,0,,1
20210318,1615996800000,,,,,0,0.0,0.0,0,,1
20210319,1616083200000,,,,,0,0.0,0.0,0,,1
20210322,1616342400000,,,,,0,0.0,0.0,0,,1
20210323,1616428800000,,,,,0,0.0,0.0,0,,1
20210324,1616515200000,,,,,0,0.0,0.0,0,,1
20210325,1616601600000,,,,,0,0.0,0.0,0,,1
20210326,1616688000000,,,,,0,0.0,0.0,0,,1
20210329,1616947200000,,,,,0,0.0,0.0,0,,1
20210330,1617033600000,,,,,0,0.0,0.0,0,,1
20210331,1617120000000,,,,,0,0.0,0.0,0,,1
20210401,1617206400000,,,,,0,0.0,0.0,0,,1
20210402,1617292800000,,,,,0,0.0,0.0,0,,1
20210406,1617638400000,,,,,0,0.0,0.0,0,,1
20210407,1617724800000,,,,,0,0.0,0.0,0,,1
20210408,1617811200000,,,,,0,0.0,0.0,0,,1
20210409,1617897600000,,,,,0,0.0,0.0,0,,1
20210412,1618156800000,,,,,0,0.0,0.0,0,,1
20210413,1618243200000,,,,,0,0.0,0.0,0,,1
20210414,1618329600000,,,,,0,0.0,0.0,0,,1
20210415,1618416000000,,,,,0,0.0,0.0,0,,1
20210416,1618502400000,,,,,0,0.0,0.0,0,,1
20210419,1618761600000,,,,,0,0.0,0.0,0,,1
20210420,1618848000000,,,,,0,0.0,0.0,0,,1
20210421,1618934400000,,,,,0,0.0,0.0,0,,1
20210422,1619020800000,,,,,0,0.0,0.0,0,,1
20210423,1619107200000,,,,,0,0.0,0.0,0,,1
20210426,1619366400000,,,,,0,0.0,0.0,0,,1
20210427,1619452800000,,,,,0,0.0,0.0,0,,1
20210428,1619539200000,,,,,0,0.0,0.0,0,,1
20210429,1619625600000,,,,,0,0.0,0.0,0,,1
20210430,1619712000000,,,,,0,0.0,0.0,0,,1
20210506,1620230400000,,,,,0,0.0,0.0,0,,1
20210507,1620316800000,,,,,0,0.0,0.0,0,,1
20210510,1620576000000,,,,,0,0.0,0.0,0,,1
20210511,1620662400000,,,,,0,0.0,0.0,0,,1
20210512,1620748800000,,,,,0,0.0,0.0,0,,1
20210513,1620835200000,,,,,0,0.0,0.0,0,,1
20210514,1620921600000,,,,,0,0.0,0.0,0,,1
20210517,1621180800000,,,,,0,0.0,0.0,0,,1
20210518,1621267200000,,,,,0,0.0,0.0,0,,1
20210519,1621353600000,,,,,0,0.0,0.0,0,,1
20210520,1621440000000,,,,,0,0.0,0.0,0,,1
20210521,1621526400000,,,,,0,0.0,0.0,0,,1
20210524,1621785600000,,,,,0,0.0,0.0,0,,1
20210525,1621872000000,,,,,0,0.0,0.0,0,,1
20210526,1621958400000,,,,,0,0.0,0.0,0,,1
20210527,1622044800000,,,,,0,0.0,0.0,0,,1
20210528,1622131200000,,,,,0,0.0,0.0,0,,1
20210531,1622390400000,,,,,0,0.0,0.0,0,,1
20210601,1622476800000,,,,,0,0.0,0.0,0,,1
20210602,1622563200000,,,,,0,0.0,0.0,0,,1
20210603,1622649600000,,,,,0,0.0,0.0,0,,1
20210604,1622736000000,,,,,0,0.0,0.0,0,,1
20210607,1622995200000,,,,,0,0.0,0.0,0,,1
20210608,1623081600000,,,,,0,0.0,0.0,0,,1
20210609,1623168000000,,,,,0,0.0,0.0,0,,1
20210610,1623254400000,,,,,0,0.0,0.0,0,,1
20210611,1623340800000,,,,,0,0.0,0.0,0,,1
20210615,1623686400000,,,,,0,0.0,0.0,0,,1
20210616,1623772800000,,,,,0,0.0,0.0,0,,1
20210617,1623859200000,,,,,0,0.0,0.0,0,,1
20210618,1623945600000,,,,,0,0.0,0.0,0,,1
20210621,1624204800000,,,,,0,0.0,0.0,0,,1
20210622,1624291200000,,,,,0,0.0,0.0,0,,1
20210623,1624377600000,,,,,0,0.0,0.0,0,,1
20210624,1624464000000,,,,,0,0.0,0.0,0,,1
20210625,1624550400000,,,,,0,0.0,0.0,0,,1
20210628,1624809600000,,,,,0,0.0,0.0,0,,1
20210629,1624896000000,,,,,0,0.0,0.0,0,,1
20210630,1624982400000,,,,,0,0.0,0.0,0,,1
20210701,1625068800000,,,,,0,0.0,0.0,0,,1
20210702,1625155200000,,,,,0,0.0,0.0,0,,1
20210705,1625414400000,,,,,0,0.0,0.0,0,,1
20210706,1625500800000,,,,,0,0.0,0.0,0,,1
20210707,1625587200000,,,,,0,0.0,0.0,0,,1
20210708,1625673600000,,,,,0,0.0,0.0,0,,1
20210709,1625760000000,,,,,0,0.0,0.0,0,,1
20210712,1626019200000,,,,,0,0.0,0.0,0,,1
20210713,1626105600000,,,,,0,0.0,0.0,0,,1
20210714,1626192000000,,,,,0,0.0,0.0,0,,1
20210715,1626278400000,,,,,0,0.0,0.0,0,,1
20210716,1626364800000,,,,,0,0.0,0.0,0,,1
20210719,1626624000000,,,,,0,0.0,0.0,0,,1
20210720,1626710400000,,,,,0,0.0,0.0,0,,1
20210721,1626796800000,,,,,0,0.0,0.0,0,,1
20210722,1626883200000,,,,,0,0.0,0.0,0,,1
20210723,1626969600000,,,,,0,0.0,0.0,0,,1
20210726,1627228800000,,,,,0,0.0,0.0,0,,1
20210727,1627315200000,,,,,0,0.0,0.0,0,,1
20210728,1627401600000,,,,,0,0.0,0.0,0,,1
20210729,1627488000000,,,,,0,0.0,0.0,0,,1
20210730,1627574400000,,,,,0,0.0,0.0,0,,1
20210802,1627833600000,,,,,0,0.0,0.0,0,,1
20210803,1627920000000,,,,,0,0.0,0.0,0,,1
20210804,1628006400000,,,,,0,0.0,0.0,0,,1
20210805,1628092800000,,,,,0,0.0,0.0,0,,1
20210806,1628179200000,,,,,0,0.0,0.0,0,,1
20210809,1628438400000,,,,,0,0.0,0.0,0,,1
20210810,1628524800000,,,,,0,0.0,0.0,0,,1
20210811,1628611200000,,,,,0,0.0,0.0,0,,1
20210812,1628697600000,,,,,0,0.0,0.0,0,,1
20210813,1628784000000,,,,,0,0.0,0.0,0,,1
20210816,1629043200000,,,,,0,0.0,0.0,0,,1
20210817,1629129600000,,,,,0,0.0,0.0,0,,1
20210818,1629216000000,,,,,0,0.0,0.0,0,,1
20210819,1629302400000,,,,,0,0.0,0.0,0,,1
20210820,1629388800000,,,,,0,0.0,0.0,0,,1
20210823,1629648000000,,,,,0,0.0,0.0,0,,1
20210824,1629734400000,,,,,0,0.0,0.0,0,,1
20210825,1629820800000,,,,,0,0.0,0.0,0,,1
20210826,1629907200000,,,,,0,0.0,0.0,0,,1
20210827,1629993600000,,,,,0,0.0,0.0,0,,1
20210830,1630252800000,,,,,0,0.0,0.0,0,,1
20210831,1630339200000,,,,,0,0.0,0.0,0,,1
20210901,1630425600000,,,,,0,0.0,0.0,0,,1
20210902,1630512000000,,,,,0,0.0,0.0,0,,1
20210903,1630598400000,,,,,0,0.0,0.0,0,,1
20210906,1630857600000,,,,,0,0.0,0.0,0,,1
20210907,1630944000000,,,,,0,0.0,0.0,0,,1
20210908,1631030400000,,,,,0,0.0,0.0,0,,1
20210909,1631116800000,,,,,0,0.0,0.0,0,,1
20210910,1631203200000,,,,,0,0.0,0.0,0,,1
20210913,1631462400000,,,,,0,0.0,0.0,0,,1
20210914,1631548800000,,,,,0,0.0,0.0,0,,1
20210915,1631635200000,,,,,0,0.0,0.0,0,,1
20210916,1631721600000,,,,,0,0.0,0.0,0,,1
20210917,1631808000000,,,,,0,0.0,0.0,0,,1
20210922,1632240000000,,,,,0,0.0,0.0,0,,1
20210923,1632326400000,,,,,0,0.0,0.0,0,,1
20210924,1632412800000,,,,,0,0.0,0.0,0,,1
20210927,1632672000000,,,,,0,0.0,0.0,0,,1
20210928,1632758400000,,,,,0,0.0,0.0,0,,1
20210929,1632844800000,,,,,0,0.0,0.0,0,,1
20210930,1632931200000,,,,,0,0.0,0.0,0,,1
20211008,1633622400000,,,,,0,0.0,0.0,0,,1
20211011,1633881600000,,,,,0,0.0,0.0,0,,1
20211012,1633968000000,,,,,0,0.0,0.0,0,,1
20211013,1634054400000,,,,,0,0.0,0.0,0,,1
20211014,1634140800000,,,,,0,0.0,0.0,0,,1
20211015,1634227200000,,,,,0,0.0,0.0,0,,1
20211018,1634486400000,,,,,0,0.0,0.0,0,,1
20211019,1634572800000,,,,,0,0.0,0.0,0,,1
20211020,1634659200000,,,,,0,0.0,0.0,0,,1
20211021,1634745600000,,,,,0,0.0,0.0,0,,1
20211022,1634832000000,,,,,0,0.0,0.0,0,,1
20211025,1635091200000,,,,,0,0.0,0.0,0,,1
20211026,1635177600000,,,,,0,0.0,0.0,0,,1
20211027,1635264000000,,,,,0,0.0,0.0,0,,1
20211028,1635350400000,,,,,0,0.0,0.0,0,,1
20211029,1635436800000,,,,,0,0.0,0.0,0,,1
20211101,1635696000000,,,,,0,0.0,0.0,0,,1
20211102,1635782400000,,,,,0,0.0,0.0,0,,1
20211103,1635868800000,,,,,0,0.0,0.0,0,,1
20211104,1635955200000,,,,,0,0.0,0.0,0,,1
20211105,1636041600000,,,,,0,0.0,0.0,0,,1
20211108,1636300800000,,,,,0,0.0,0.0,0,,1
20211109,1636387200000,,,,,0,0.0,0.0,0,,1
20211110,1636473600000,,,,,0,0.0,0.0,0,,1
20211111,1636560000000,,,,,0,0.0,0.0,0,,1
20211112,1636646400000,,,,,0,0.0,0.0,0,,1
20211115,1636905600000,,,,,0,0.0,0.0,0,,1
20211116,1636992000000,,,,,0,0.0,0.0,0,,1
20211117,1637078400000,,,,,0,0.0,0.0,0,,1
20211118,1637164800000,,,,,0,0.0,0.0,0,,1
20211119,1637251200000,,,,,0,0.0,0.0,0,,1
20211122,1637510400000,,,,,0,0.0,0.0,0,,1
20211123,1637596800000,,,,,0,0.0,0.0,0,,1
20211124,1637683200000,,,,,0,0.0,0.0,0,,1
20211125,1637769600000,,,,,0,0.0,0.0,0,,1
20211126,1637856000000,,,,,0,0.0,0.0,0,,1
20211129,1638115200000,,,,,0,0.0,0.0,0,,1
20211130,1638201600000,,,,,0,0.0,0.0,0,,1
20211201,1638288000000,,,,,0,0.0,0.0,0,,1
20211202,1638374400000,,,,,0,0.0,0.0,0,,1
20211203,1638460800000,,,,,0,0.0,0.0,0,,1
20211206,1638720000000,,,,,0,0.0,0.0,0,,1
20211207,1638806400000,,,,,0,0.0,0.0,0,,1
20211208,1638892800000,,,,,0,0.0,0.0,0,,1
20211209,1638979200000,,,,,0,0.0,0.0,0,,1
20211210,1639065600000,,,,,0,0.0,0.0,0,,1
20211213,1639324800000,,,,,0,0.0,0.0,0,,1
20211214,1639411200000,,,,,0,0.0,0.0,0,,1
20211215,1639497600000,,,,,0,0.0,0.0,0,,1
20211216,1639584000000,,,,,0,0.0,0.0,0,,1
20211217,1639670400000,,,,,0,0.0,0.0,0,,1
20211220,1639929600000,,,,,0,0.0,0.0,0,,1
20211221,1640016000000,,,,,0,0.0,0.0,0,,1
20211222,1640102400000,,,,,0,0.0,0.0,0,,1
20211223,1640188800000,,,,,0,0.0,0.0,0,,1
20211224,1640275200000,,,,,0,0.0,0.0,0,,1
20211227,1640534400000,,,,,0,0.0,0.0,0,,1
20211228,1640620800000,,,,,0,0.0,0.0,0,,1
20211229,1640707200000,,,,,0,0.0,0.0,0,,1
20211230,1640793600000,,,,,0,0.0,0.0,0,,1
20211231,1640880000000,,,,,0,0.0,0.0,0,,1
20220104,1641225600000,,,,,0,0.0,0.0,0,,1
20220105,1641312000000,,,,,0,0.0,0.0,0,,1
20220106,1641398400000,,,,,0,0.0,0.0,0,,1
20220107,1641484800000,,,,,0,0.0,0.0,0,,1
20220110,1641744000000,,,,,0,0.0,0.0,0,,1
20220111,1641830400000,,,,,0,0.0,0.0,0,,1
20220112,1641916800000,,,,,0,0.0,0.0,0,,1
20220113,1642003200000,,,,,0,0.0,0.0,0,,1
20220114,1642089600000,,,,,0,0.0,0.0,0,,1
20220117,1642348800000,,,,,0,0.0,0.0,0,,1
20220118,1642435200000,,,,,0,0.0,0.0,0,,1
20220119,1642521600000,,,,,0,0.0,0.0,0,,1
20220120,1642608000000,,,,,0,0.0,0.0,0,,1
20220121,1642694400000,,,,,0,0.0,0.0,0,,1
20220124,1642953600000,,,,,0,0.0,0.0,0,,1
20220125,1643040000000,,,,,0,0.0,0.0,0,,1
20220126,1643126400000,,,,,0,0.0,0.0,0,,1
20220127,1643212800000,,,,,0,0.0,0.0,0,,1
20220128,1643299200000,,,,,0,0.0,0.0,0,,1
20220207,1644163200000,,,,,0,0.0,0.0,0,,1
20220208,1644249600000,,,,,0,0.0,0.0,0,,1
20220209,1644336000000,,,,,0,0.0,0.0,0,,1
20220210,1644422400000,,,,,0,0.0,0.0,0,,1
20220211,1644508800000,,,,,0,0.0,0.0,0,,1
20220214,1644768000000,,,,,0,0.0,0.0,0,,1
20220215,1644854400000,,,,,0,0.0,0.0,0,,1
20220216,1644940800000,,,,,0,0.0,0.0,0,,1
20220217,1645027200000,,,,,0,0.0,0.0,0,,1
20220218,1645113600000,,,,,0,0.0,0.0,0,,1
20220221,1645372800000,,,,,0,0.0,0.0,0,,1
20220222,1645459200000,,,,,0,0.0,0.0,0,,1
20220223,1645545600000,,,,,0,0.0,0.0,0,,1
20220224,1645632000000,,,,,0,0.0,0.0,0,,1
20220225,1645718400000,,,,,0,0.0,0.0,0,,1
20220228,1645977600000,,,,,0,0.0,0.0,0,,1
20220301,1646064000000,,,,,0,0.0,0.0,0,,1
20220302,1646150400000,,,,,0,0.0,0.0,0,,1
20220303,1646236800000,,,,,0,0.0,0.0,0,,1
20220304,1646323200000,,,,,0,0.0,0.0,0,,1
20220307,1646582400000,,,,,0,0.0,0.0,0,,1
20220308,1646668800000,,,,,0,0.0,0.0,0,,1
20220309,1646755200000,,,,,0,0.0,0.0,0,,1
20220310,1646841600000,,,,,0,0.0,0.0,0,,1
20220311,1646928000000,,,,,0,0.0,0.0,0,,1
20220314,1647187200000,,,,,0,0.0,0.0,0,,1
20220315,1647273600000,,,,,0,0.0,0.0,0,,1
20220316,1647360000000,,,,,0,0.0,0.0,0,,1
20220317,1647446400000,,,,,0,0.0,0.0,0,,1
20220318,1647532800000,,,,,0,0.0,0.0,0,,1
20220321,1647792000000,,,,,0,0.0,0.0,0,,1
20220322,1647878400000,,,,,0,0.0,0.0,0,,1
20220323,1647964800000,,,,,0,0.0,0.0,0,,1
20220324,1648051200000,,,,,0,0.0,0.0,0,,1
20220325,1648137600000,,,,,0,0.0,0.0,0,,1
20220328,1648396800000,,,,,0,0.0,0.0,0,,1
20220329,1648483200000,,,,,0,0.0,0.0,0,,1
20220330,1648569600000,,,,,0,0.0,0.0,0,,1
20220331,1648656000000,,,,,0,0.0,0.0,0,,1
20220401,1648742400000,,,,,0,0.0,0.0,0,,1
20220406,1649174400000,,,,,0,0.0,0.0,0,,1
20220407,1649260800000,,,,,0,0.0,0.0,0,,1
20220408,1649347200000,,,,,0,0.0,0.0,0,,1
20220411,1649606400000,,,,,0,0.0,0.0,0,,1
20220412,1649692800000,,,,,0,0.0,0.0,0,,1
20220413,1649779200000,,,,,0,0.0,0.0,0,,1
20220414,1649865600000,,,,,0,0.0,0.0,0,,1
20220415,1649952000000,,,,,0,0.0,0.0,0,,1
20220418,1650211200000,,,,,0,0.0,0.0,0,,1
20220419,1650297600000,,,,,0,0.0,0.0,0,,1
20220420,1650384000000,,,,,0,0.0,0.0,0,,1
20220421,1650470400000,,,,,0,0.0,0.0,0,,1
20220422,1650556800000,,,,,0,0.0,0.0,0,,1
20220425,1650816000000,,,,,0,0.0,0.0,0,,1
20220426,1650902400000,,,,,0,0.0,0.0,0,,1
20220427,1650988800000,,,,,0,0.0,0.0,0,,1
20220428,1651075200000,,,,,0,0.0,0.0,0,,1
20220429,1651161600000,,,,,0,0.0,0.0,0,,1
20220505,1651680000000,,,,,0,0.0,0.0,0,,1
20220506,1651766400000,,,,,0,0.0,0.0,0,,1
20220509,1652025600000,,,,,0,0.0,0.0,0,,1
20220510,1652112000000,,,,,0,0.0,0.0,0,,1
20220511,1652198400000,,,,,0,0.0,0.0,0,,1
20220512,1652284800000,,,,,0,0.0,0.0,0,,1
20220513,1652371200000,,,,,0,0.0,0.0,0,,1
20220516,1652630400000,,,,,0,0.0,0.0,0,,1
20220517,1652716800000,,,,,0,0.0,0.0,0,,1
20220518,1652803200000,,,,,0,0.0,0.0,0,,1
20220519,1652889600000,,,,,0,0.0,0.0,0,,1
20220520,1652976000000,,,,,0,0.0,0.0,0,,1
20220523,1653235200000,,,,,0,0.0,0.0,0,,1
20220524,1653321600000,,,,,0,0.0,0.0,0,,1
20220525,1653408000000,,,,,0,0.0,0.0,0,,1
20220526,1653494400000,,,,,0,0.0,0.0,0,,1
20220527,1653580800000,,,,,0,0.0,0.0,0,,1
20220530,1653840000000,,,,,0,0.0,0.0,0,,1
20220531,1653926400000,,,,,0,0.0,0.0,0,,1
20220601,1654012800000,,,,,0,0.0,0.0,0,,1
20220602,1654099200000,,,,,0,0.0,0.0,0,,1
20220606,1654444800000,,,,,0,0.0,0.0,0,,1
20220607,1654531200000,,,,,0,0.0,0.0,0,,1
20220608,1654617600000,,,,,0,0.0,0.0,0,,1
20220609,1654704000000,,,,,0,0.0,0.0,0,,1
20220610,1654790400000,,,,,0,0.0,0.0,0,,1
20220613,1655049600000,,,,,0,0.0,0.0,0,,1
20220614,1655136000000,,,,,0,0.0,0.0,0,,1
20220615,1655222400000,,,,,0,0.0,0.0,0,,1
20220616,1655308800000,,,,,0,0.0,0.0,0,,1
20220617,1655395200000,,,,,0,0.0,0.0,0,,1
20220620,1655654400000,,,,,0,0.0,0.0,0,,1
20220621,1655740800000,,,,,0,0.0,0.0,0,,1
20220622,1655827200000,,,,,0,0.0,0.0,0,,1
20220623,1655913600000,,,,,0,0.0,0.0,0,,1
20220624,1656000000000,,,,,0,0.0,0.0,0,,1
20220627,1656259200000,,,,,0,0.0,0.0,0,,1
20220628,1656345600000,,,,,0,0.0,0.0,0,,1
20220629,1656432000000,,,,,0,0.0,0.0,0,,1
20220630,1656518400000,,,,,0,0.0,0.0,0,,1
20220701,1656604800000,,,,,0,0.0,0.0,0,,1
20220704,1656864000000,,,,,0,0.0,0.0,0,,1
20220705,1656950400000,,,,,0,0.0,0.0,0,,1
20220706,1657036800000,,,,,0,0.0,0.0,0,,1
20220707,1657123200000,,,,,0,0.0,0.0,0,,1
20220708,1657209600000,,,,,0,0.0,0.0,0,,1
20220711,1657468800000,,,,,0,0.0,0.0,0,,1
20220712,1657555200000,,,,,0,0.0,0.0,0,,1
20220713,1657641600000,,,,,0,0.0,0.0,0,,1
20220714,1657728000000,,,,,0,0.0,0.0,0,,1
20220715,1657814400000,,,,,0,0.0,0.0,0,,1
20220718,1658073600000,,,,,0,0.0,0.0,0,,1
20220719,1658160000000,,,,,0,0.0,0.0,0,,1
20220720,1658246400000,,,,,0,0.0,0.0,0,,1
20220721,1658332800000,,,,,0,0.0,0.0,0,,1
20220722,1658419200000,,,,,0,0.0,0.0,0,,1
20220725,1658678400000,,,,,0,0.0,0.0,0,,1
20220726,1658764800000,,,,,0,0.0,0.0,0,,1
20220727,1658851200000,,,,,0,0.0,0.0,0,,1
20220728,1658937600000,,,,,0,0.0,0.0,0,,1
20220729,1659024000000,,,,,0,0.0,0.0,0,,1
20220801,1659283200000,,,,,0,0.0,0.0,0,,1
20220802,1659369600000,,,,,0,0.0,0.0,0,,1
20220803,1659456000000,,,,,0,0.0,0.0,0,,1
20220804,1659542400000,,,,,0,0.0,0.0,0,,1
20220805,1659628800000,,,,,0,0.0,0.0,0,,1
20220808,1659888000000,,,,,0,0.0,0.0,0,,1
20220809,1659974400000,,,,,0,0.0,0.0,0,,1
20220810,1660060800000,,,,,0,0.0,0.0,0,,1
20220811,1660147200000,,,,,0,0.0,0.0,0,,1
20220812,1660233600000,,,,,0,0.0,0.0,0,,1
20220815,1660492800000,,,,,0,0.0,0.0,0,,1
20220816,1660579200000,,,,,0,0.0,0.0,0,,1
20220817,1660665600000,,,,,0,0.0,0.0,0,,1
20220818,1660752000000,,,,,0,0.0,0.0,0,,1
20220819,1660838400000,,,,,0,0.0,0.0,0,,1
20220822,1661097600000,,,,,0,0.0,0.0,0,,1
20220823,1661184000000,,,,,0,0.0,0.0,0,,1
20220824,1661270400000,,,,,0,0.0,0.0,0,,1
20220825,1661356800000,,,,,0,0.0,0.0,0,,1
20220826,1661443200000,,,,,0,0.0,0.0,0,,1
20220829,1661702400000,,,,,0,0.0,0.0,0,,1
20220830,1661788800000,,,,,0,0.0,0.0,0,,1
20220831,1661875200000,,,,,0,0.0,0.0,0,,1
20220901,1661961600000,,,,,0,0.0,0.0,0,,1
20220902,1662048000000,,,,,0,0.0,0.0,0,,1
20220905,1662307200000,,,,,0,0.0,0.0,0,,1
20220906,1662393600000,,,,,0,0.0,0.0,0,,1
20220907,1662480000000,,,,,0,0.0,0.0,0,,1
20220908,1662566400000,,,,,0,0.0,0.0,0,,1
20220909,1662652800000,,,,,0,0.0,0.0,0,,1
20220913,1662998400000,,,,,0,0.0,0.0,0,,1
20220914,1663084800000,,,,,0,0.0,0.0,0,,1
20220915,1663171200000,,,,,0,0.0,0.0,0,,1
20220916,1663257600000,,,,,0,0.0,0.0,0,,1
20220919,1663516800000,,,,,0,0.0,0.0,0,,1
20220920,1663603200000,,,,,0,0.0,0.0,0,,1
20220921,1663689600000,,,,,0,0.0,0.0,0,,1
20220922,1663776000000,,,,,0,0.0,0.0,0,,1
20220923,1663862400000,,,,,0,0.0,0.0,0,,1
20220926,1664121600000,,,,,0,0.0,0.0,0,,1
20220927,1664208000000,,,,,0,0.0,0.0,0,,1
20220928,1664294400000,,,,,0,0.0,0.0,0,,1
20220929,1664380800000,,,,,0,0.0,0.0,0,,1
20220930,1664467200000,,,,,0,0.0,0.0,0,,1
20221010,1665331200000,,,,,0,0.0,0.0,0,,1
20221011,1665417600000,,,,,0,0.0,0.0,0,,1
20221012,1665504000000,,,,,0,0.0,0.0,0,,1
20221013,1665590400000,,,,,0,0.0,0.0,0,,1
20221014,1665676800000,,,,,0,0.0,0.0,0,,1
20221017,1665936000000,,,,,0,0.0,0.0,0,,1
20221018,1666022400000,,,,,0,0.0,0.0,0,,1
20221019,1666108800000,,,,,0,0.0,0.0,0,,1
20221020,1666195200000,,,,,0,0.0,0.0,0,,1
20221021,1666281600000,,,,,0,0.0,0.0,0,,1
20221024,1666540800000,,,,,0,0.0,0.0,0,,1
20221025,1666627200000,,,,,0,0.0,0.0,0,,1
20221026,1666713600000,,,,,0,0.0,0.0,0,,1
20221027,1666800000000,,,,,0,0.0,0.0,0,,1
20221028,1666886400000,,,,,0,0.0,0.0,0,,1
20221031,1667145600000,,,,,0,0.0,0.0,0,,1
20221101,1667232000000,,,,,0,0.0,0.0,0,,1
20221102,1667318400000,,,,,0,0.0,0.0,0,,1
20221103,1667404800000,,,,,0,0.0,0.0,0,,1
20221104,1667491200000,,,,,0,0.0,0.0,0,,1
20221107,1667750400000,,,,,0,0.0,0.0,0,,1
20221108,1667836800000,,,,,0,0.0,0.0,0,,1
20221109,1667923200000,,,,,0,0.0,0.0,0,,1
20221110,1668009600000,,,,,0,0.0,0.0,0,,1
20221111,1668096000000,,,,,0,0.0,0.0,0,,1
20221114,1668355200000,,,,,0,0.0,0.0,0,,1
20221115,1668441600000,,,,,0,0.0,0.0,0,,1
20221116,1668528000000,,,,,0,0.0,0.0,0,,1
20221117,1668614400000,,,,,0,0.0,0.0,0,,1
20221118,1668700800000,,,,,0,0.0,0.0,0,,1
20221121,1668960000000,33.5,43.18000000000001,33.38,37.5,331205,1236587073.0,0.0,15,32.38,0
20221122,1669046400000,39.190000000000005,44.980000000000004,38.660000000000004,44.0,280768,1153487873.9999998,0.0,15,37.50000000000001,0
20221123,1669132800000,41.3,41.65,38.4,38.699999999999996,204491,817192268.0000001,0.0,15,44.0,0
20221124,1669219200000,37.50000000000001,40.2,37.300000000000004,39.300000000000004,159443,615306699.0000001,0.0,15,38.7,0
20221125,1669305600000,38.88,40.58,37.11,37.12,131711,508606510.00000006,0.0,15,39.3,0
20221128,1669564800000,35.7,38.35,35.1,37.6,112828,415388786.0,0.0,15,37.120000000000005,0
20221129,1669651200000,37.190000000000005,38.78,36.550000000000004,37.800000000000004,120764,455818974.00000006,0.0,15,37.6,0
20221130,1669737600000,37.22,39.75,36.4,39.14,135184,514675765.99999994,0.0,15,37.8,0
20221201,1669824000000,38.73,40.97,38.72,39.17,132312,523667484.00000006,0.0,15,39.14,0
20221202,1669910400000,38.51,40.18,37.51,37.79,115557,448067382.99999994,0.0,15,39.17,0
20221205,1670169600000,37.6,40.58,37.58,40.18,130922,516749446.0,0.0,15,37.79,0
20221206,1670256000000,39.75,41.2,38.74,39.35,95194,379120404.00000006,0.0,15,40.18,0
20221207,1670342400000,39.02,39.300000000000004,38.230000000000004,38.410000000000004,59190,228959210.0,0.0,15,39.35,0
20221208,1670428800000,38.480000000000004,39.12,37.71,37.86,57883,221510859.0,0.0,15,38.410000000000004,0
20221209,1670515200000,37.88,38.28,36.050000000000004,36.14000000000001,88315,326344465.0,0.0,15,37.86000000000001,0
20221212,1670774400000,36.11,36.85,35.7,36.38,46005,167215039.0,0.0,15,36.14,0
20221213,1670860800000,36.14,36.300000000000004,35.21,35.34,51691,184119827.0,0.0,15,36.38,0
20221214,1670947200000,35.19,35.78,35.07,35.26,34216,121208398.0,0.0,15,35.34,0
20221215,1671033600000,35.48,35.96,34.82,35.38,42271,149815989.0,0.0,15,35.26,0
20221216,1671120000000,35.019999999999996,35.129999999999995,33.83,33.9,53290,182179225.0,0.0,15,35.379999999999995,0
20221219,1671379200000,33.92,35.12,33.9,34.309999999999995,39157,134849933.0,0.0,15,33.9,0
20221220,1671465600000,34.58,35.67,34.58,35.339999999999996,55834,196922917.0,0.0,15,34.309999999999995,0
20221221,1671552000000,34.71,34.989999999999995,33.44,34.05,41278,140862155.0,0.0,15,35.339999999999996,0
20221222,1671638400000,34.76,34.779999999999994,33.8,34.12,31895,109290901.0,0.0,15,34.05,0
20221223,1671724800000,33.599999999999994,34.64,33.3,33.919999999999995,32624,110840013.0,0.0,15,34.12,0
20221226,1671984000000,33.769999999999996,34.449999999999996,33.76,34.12,26307,89905250.0,0.0,15,33.919999999999995,0
20221227,1672070400000,34.1,34.43,31.88,32.96,87373,287736490.0,0.0,15,34.12,0
20221228,1672156800000,33.0,34.08,32.61,33.32,49476,164693698.0,0.0,15,32.96,0
20221229,1672243200000,33.13,33.89,33.02,33.18,31132,104211601.0,0.0,15,33.32,0
20221230,1672329600000,33.919999999999995,34.76,33.26,34.11,45805,156465515.0,0.0,15,33.18,0
20230103,1672675200000,34.08,36.47,34.08,36.1,81767,292782699.00000006,0.0,15,34.11,0
20230104,1672761600000,36.0,37.21,35.72,35.78,54239,197684889.99999997,0.0,15,36.1,0
20230105,1672848000000,35.71,36.9,35.42,36.6,57592,209993311.99999997,0.0,15,35.78,0
20230106,1672934400000,36.510000000000005,36.980000000000004,36.17,36.78,37243,136486082.0,0.0,15,36.6,0
20230109,1673193600000,36.980000000000004,38.18,36.67,38.0,52947,199207966.0,0.0,15,36.78,0
20230110,1673280000000,37.89,38.089999999999996,37.18,37.63,29699,111778086.0,0.0,15,38.0,0
20230111,1673366400000,37.52,37.900000000000006,36.59,36.660000000000004,27741,102863998.00000001,0.0,15,37.63,0
20230112,1673452800000,36.53,37.44,36.29,37.28,21160,78123759.0,0.0,15,36.66,0
20230113,1673539200000,37.199999999999996,37.41,35.79,36.08,23939,86890496.00000001,0.0,15,37.28,0
20230116,1673798400000,36.160000000000004,38.18000000000001,36.160000000000004,37.730000000000004,37875,141840826.0,0.0,15,36.080000000000005,0
20230117,1673884800000,37.879999999999995,37.879999999999995,36.76,36.82,21479,79794317.0,0.0,15,37.73,0
20230118,1673971200000,36.690000000000005,38.050000000000004,36.300000000000004,37.230000000000004,27690,102988754.00000001,0.0,15,36.82000000000001,0
20230119,1674057600000,37.7,38.72,37.31,38.120000000000005,38938,148487710.0,0.0,15,37.230000000000004,0
20230120,1674144000000,38.03,38.580000000000005,37.56,37.75,30200,114532251.0,0.0,15,38.120000000000005,0
20230130,1675008000000,38.309999999999995,38.82,37.9,37.97,38664,148252248.0,0.0,15,37.75,0
20230131,1675094400000,37.68,38.08,36.6,36.81,39526,146433015.0,0.0,15,37.97,0
20230201,1675180800000,36.900000000000006,39.35,36.88,39.02,58278,223752662.0,0.0,15,36.81,0
20230202,1675267200000,38.84,39.03,38.07,38.38,31774,121742396.00000001,0.0,15,39.02,0
20230203,1675353600000,38.160000000000004,40.03,37.89,39.75,55981,218316094.00000003,0.0,15,38.38,0
20230206,1675612800000,40.45,41.38,39.52,40.6,76858,310850025.0,0.0,15,39.75,0
20230207,1675699200000,41.0,43.4,40.29,42.519999999999996,91836,387737716.0,0.0,15,40.6,0
20230208,1675785600000,43.440000000000005,45.03,41.300000000000004,41.42,121768,525791455.00000006,0.0,15,42.52,0
20230209,1675872000000,40.580000000000005,45.6,40.27,45.2,119999,512438372.0,0.0,15,41.42,0
20230210,1675958400000,45.64,46.190000000000005,42.74,43.71,127463,567566230.0000001,0.0,15,45.2,0
20230213,1676217600000,43.17,44.35,42.65,43.73,96364,418859417.0,0.0,15,43.71,0
20230214,1676304000000,44.230000000000004,44.260000000000005,42.2,42.7,63195,272203856.00000006,0.0,15,43.730000000000004,0
20230215,1676390400000,42.9,44.1,42.75,43.4,73182,318158995.0,0.0,15,42.7,0
20230216,1676476800000,42.75000000000001,43.00000000000001,40.300000000000004,40.68000000000001,87962,366665577.0,0.0,15,43.400000000000006,0
20230217,1676563200000,40.5,41.36,39.46,39.5,49791,199996294.0,0.0,15,40.68,0
20230220,1676822400000,39.88,41.93,39.31,41.85,54032,219977347.0,0.0,15,39.5,0
20230221,1676908800000,41.4,42.25,40.89,41.46,40511,168522867.00000003,0.0,15,41.85,0
20230222,1676995200000,40.77,42.15,40.68,41.43,32344,134529692.0,0.0,15,41.46,0
20230223,1677081600000,41.2,41.75,40.34,40.59,26304,107855982.00000001,0.0,15,41.43000000000001,0
20230224,1677168000000,40.61,43.11,40.61,42.22,66843,281902838.00000006,0.0,15,40.589999999999996,0
20230227,1677427200000,41.699999999999996,42.36,40.9,41.4,32839,136237298.0,0.0,15,42.22,0
20230228,1677513600000,43.0,45.4,42.36,44.3,103811,455304401.00000006,0.0,15,41.4,0
20230301,1677600000000,44.199999999999996,45.48,43.76,44.72,71847,322076166.0,0.0,15,44.3,0
20230302,1677686400000,44.199999999999996,46.199999999999996,44.01,44.08,67780,304728516.00000006,0.0,15,44.72,0
20230303,1677772800000,43.28,43.89,42.67,43.09,44075,190712003.0,0.0,15,44.08,0
20230306,1678032000000,43.300000000000004,46.010000000000005,43.160000000000004,45.14,63954,287074227.99999994,0.0,15,43.09,0
20230307,1678118400000,44.68,46.94,44.0,44.25,53656,243532624.00000003,0.0,15,45.14,0
20230308,1678204800000,45.1,46.19,44.89,45.7,54314,247609431.0,0.0,15,44.25,0
20230309,1678291200000,45.38,47.77,43.96,47.31,60787,278736507.0,0.0,15,45.7,0
20230310,1678377600000,46.5,47.47,45.99,46.120000000000005,44437,207558985.0,0.0,15,47.31,0
20230313,1678636800000,46.0,48.84,45.6,47.15,58828,279086417.0,0.0,15,46.120000000000005,0
20230314,1678723200000,46.699999999999996,47.059999999999995,45.9,46.76,33731,156824447.0,0.0,15,47.15,0
20230315,1678809600000,47.03,47.68,45.65,47.04,38515,179552301.00000003,0.0,15,46.76,0
20230316,1678896000000,46.29,46.45,44.5,44.91,40434,183551375.0,0.0,15,47.04,0
20230317,1678982400000,45.379999999999995,47.37,45.33,46.69,48876,227436476.0,0.0,15,44.91,0
20230320,1679241600000,46.52,47.22,45.03,45.300000000000004,40072,184627020.0,0.0,15,46.69,0
20230321,1679328000000,45.230000000000004,45.68,43.92,45.11,39788,177575581.0,0.0,15,45.300000000000004,0
20230322,1679414400000,44.77,48.88,44.49,48.88,66979,317346542.0,0.0,15,45.11,0
20230323,1679500800000,47.9,53.15,47.79,51.92,81263,407124396.0,0.0,15,48.88,0
20230324,1679587200000,51.449999999999996,52.92,50.4,51.9,52777,271435085.0,0.0,15,51.92,0
20230327,1679846400000,51.49,51.93,49.7,50.800000000000004,45762,231345208.0,0.0,15,51.900000000000006,0
20230328,1679932800000,50.050000000000004,51.24,48.730000000000004,50.03,36350,181001211.0,0.0,15,50.800000000000004,0
20230329,1680019200000,49.86,53.83,49.35,52.300000000000004,57226,297538294.0,0.0,15,50.03,0
20230330,1680105600000,51.580000000000005,52.56,49.7,49.77,46209,233880389.0,0.0,15,52.300000000000004,0
20230331,1680192000000,49.29,50.93,47.9,50.62,41214,203261041.0,0.0,15,49.769999999999996,0
20230403,1680451200000,50.01,54.339999999999996,50.01,54.07,70018,369587999.00000006,0.0,15,50.62,0
20230404,1680537600000,53.5,55.96,52.82,54.5,59497,322179799.0,0.0,15,54.07,0
20230406,1680710400000,52.8,57.63,52.36,53.9,60283,331317507.0,0.0,15,54.5,0
20230407,1680796800000,53.7,55.7,52.71,54.6,38463,208322648.0,0.0,15,53.9,0
20230410,1681056000000,54.6,57.51,53.18,53.66,54381,299167619.0,0.0,15,54.6,0
20230411,1681142400000,53.18,55.24,52.7,53.900000000000006,40677,219609165.0,0.0,15,53.660000000000004,0
20230412,1681228800000,53.900000000000006,64.68,53.06,64.68,109030,660753295.9999999,0.0,15,53.900000000000006,0
20230413,1681315200000,63.5,64.5,58.58,59.629999999999995,97194,592707034.0,0.0,15,64.67999999999999,0
20230414,1681401600000,59.0,59.38,55.74,57.88,66676,384393464.0,0.0,15,59.63,0
20230417,1681660800000,57.00000000000001,58.95,56.050000000000004,58.300000000000004,58639,338192866.0,0.0,15,57.88,0
20230418,1681747200000,57.55,63.88,57.0,60.32,109831,668007462.9999999,0.0,15,58.3,0
20230419,1681833600000,59.1,63.79,59.1,59.43,84960,520186969.0,0.0,15,60.32,0
20230420,1681920000000,60.2,62.86000000000001,59.59,62.31,76820,473601824.0,0.0,15,59.43000000000001,0
20230421,1682006400000,64.5,69.95,61.63,64.64,109950,717814747.0,0.0,15,62.31,0
20230424,1682265600000,63.0,69.95,62.57,68.44,92610,618613297.0,0.0,15,64.64,0
20230425,1682352000000,66.5,68.7,63.88,67.31,71849,474996285.0,0.0,15,68.44,0
20230426,1682438400000,67.0,67.0,54.07,55.6,138411,811992479.0,0.0,15,67.31,0
20230427,1682524800000,52.900000000000006,53.800000000000004,50.2,50.89,101575,526654289.0,0.0,15,55.6,0
20230428,1682611200000,51.910000000000004,54.43,51.7,53.400000000000006,70984,378173589.0,0.0,15,50.89,0
20230504,1683129600000,52.50000000000001,53.540000000000006,48.800000000000004,49.68000000000001,85267,427158975.0,0.0,15,53.400000000000006,0
20230505,1683216000000,49.49,49.7,46.38,47.220000000000006,82377,393220800.0,0.0,15,49.68,0
20230508,1683475200000,47.19,48.43,46.14,47.660000000000004,58420,277580925.00000006,0.0,15,47.22,0
20230509,1683561600000,48.019999999999996,51.58,48.01,48.47,78360,387835608.0,0.0,15,47.66,0
20230510,1683648000000,48.01,50.949999999999996,48.01,49.18,78577,388461373.0,0.0,15,48.47,0
20230511,1683734400000,48.43,48.66,46.0,46.48,63237,295366308.0,0.0,15,49.18,0
20230512,1683820800000,46.16,47.519999999999996,46.04,46.49,39105,183179067.00000003,0.0,15,46.48,0
20230515,1684080000000,46.45,47.39,45.67,47.25,36280,168380221.0,0.0,15,46.49,0
20230516,1684166400000,47.31,47.31,45.15,45.449999999999996,38776,177410294.0,0.0,15,47.25,0
20230517,1684252800000,45.01,46.489999999999995,45.01,45.83,34059,156080716.00000003,0.0,15,45.449999999999996,0
20230518,1684339200000,46.650000000000006,50.620000000000005,46.230000000000004,50.45,111918,545259476.0000001,0.0,15,45.830000000000005,0
20230519,1684425600000,48.660000000000004,49.900000000000006,47.77,48.0,77749,377399849.0,0.0,15,50.45,0
20230522,1684684800000,47.52,47.77,45.28,46.09,85784,395208194.0,0.0,15,48.0,0
20230523,1684771200000,46.09,47.39,45.67,46.15,53836,249819231.0,0.0,15,46.09,0
20230524,1684857600000,45.58,47.86,45.35,46.63,61681,289603344.00000006,0.0,15,46.15,0
20230525,1684944000000,48.22,51.68,47.81,49.06,105835,521100893.99999994,0.0,15,46.63,0
20230526,1685030400000,49.720000000000006,51.870000000000005,48.660000000000004,50.900000000000006,104149,528531411.0,0.0,15,49.06,0
20230529,1685289600000,51.58,55.66,50.18,53.6,122274,648771191.0,0.0,15,50.9,0
20230530,1685376000000,54.800000000000004,58.300000000000004,53.620000000000005,57.95,129091,729343646.0,0.0,15,53.6,0
20230531,1685462400000,55.0,57.57,54.09,56.24,113491,629355163.0,0.0,15,57.150000000000006,0
20230601,1685548800000,54.8,56.54,54.36,55.1,70744,390836355.0,0.0,15,56.24,0
20230602,1685635200000,55.059999999999995,55.8,53.08,53.23,66287,357328087.0,0.0,15,55.1,0
20230605,1685894400000,53.32,57.27,53.1,56.370000000000005,91012,501520858.0,0.0,15,53.230000000000004,0
20230606,1685980800000,56.0,57.36,54.67,55.57,76813,431833174.0,0.0,15,56.370000000000005,0
20230607,1686067200000,56.0,60.400000000000006,54.31,60.13,101795,584650049.0,0.0,15,55.57,0
20230608,1686153600000,58.96,62.3,57.44,58.39,88700,527405862.0,0.0,15,60.129999999999995,0
20230609,1686240000000,58.00000000000001,61.63,57.730000000000004,60.650000000000006,72524,436495173.0,0.0,15,58.39,0
20230612,1686499200000,60.050000000000004,62.36,58.1,59.300000000000004,66894,401347170.00000006,0.0,15,60.65,0
20230613,1686585600000,58.5,59.11000000000001,55.160000000000004,58.0,101524,576784635.0,0.0,15,59.300000000000004,0
20230614,1686672000000,57.13,60.800000000000004,56.800000000000004,59.31,93002,547527767.0,0.0,15,58.00000000000001,0
20230615,1686758400000,58.650000000000006,61.77,57.63,57.77,106119,630454773.0,0.0,15,59.31,0
20230616,1686844800000,56.0,60.78,56.0,60.480000000000004,95788,564208545.0,0.0,15,57.77,0
20230619,1687104000000,60.6,63.53,59.83,63.4,124209,762777658.9999999,0.0,15,60.48,0
20230620,1687190400000,61.93,68.68,60.36,66.65,124687,788319254.0000001,0.0,15,63.4,0
20230621,1687276800000,66.5,76.65,63.0,68.7,156421,1074600461.0,0.0,15,66.65,0
20230626,1687708800000,67.83,71.89,61.6,62.11,146241,987336401.0000001,0.0,15,68.7,0
20230627,1687795200000,62.11,62.8,59.11,61.29,73933,452139970.00000006,0.0,15,62.11,0
20230628,1687881600000,62.95,63.300000000000004,55.88,57.06,91816,531791600.0,0.0,15,61.290000000000006,0
20230629,1687968000000,55.94,59.19,55.94,58.29,71431,414077162.00000006,0.0,15,57.059999999999995,0
20230630,1688054400000,57.010000000000005,63.03,56.84,61.720000000000006,95910,579563091.0000001,0.0,15,58.290000000000006,0
20230703,1688313600000,62.980000000000004,65.0,61.2,62.84,101167,638299599.0000001,0.0,15,61.720000000000006,0
20230704,1688400000000,61.6,64.3,61.0,61.88,75181,469047475.00000006,0.0,15,62.84,0
20230705,1688486400000,62.00000000000001,62.25000000000001,58.550000000000004,58.88,78770,470558894.0,0.0,15,61.88,0
20230706,1688572800000,58.97,61.82,58.96,59.22,59592,358893317.99999994,0.0,15,58.88,0
20230707,1688659200000,59.0,59.88,56.1,56.89,59882,344035105.0,0.0,15,59.22,0
20230710,1688918400000,57.1,57.300000000000004,53.7,53.95,71193,387405049.0,0.0,15,56.89,0
20230711,1689004800000,53.9,55.24,53.4,54.78,44426,241814261.99999997,0.0,15,53.949999999999996,0
20230712,1689091200000,54.5,54.78,51.59,52.13,60730,320715800.0,0.0,15,54.78,0
20230713,1689177600000,52.28,55.45,51.910000000000004,55.150000000000006,72572,389755998.0,0.0,15,52.13,0
20230714,1689264000000,54.93,56.85,54.43,55.76,87210,486737403.0,0.0,15,55.15,0
20230717,1689523200000,55.900000000000006,56.980000000000004,55.300000000000004,55.620000000000005,54068,302502867.0,0.0,15,55.760000000000005,0
20230718,1689609600000,55.660000000000004,55.660000000000004,53.31,53.510000000000005,51674,279306948.0,0.0,15,55.620000000000005,0
20230719,1689696000000,53.23,54.089999999999996,52.51,52.85,30742,163329403.0,0.0,15,53.51,0
20230720,1689782400000,52.86,52.989999999999995,50.9,51.05,36599,189115146.0,0.0,15,52.85,0
20230721,1689868800000,50.9,52.36,50.61,51.19,28896,148275588.0,0.0,15,51.05,0
20230724,1690128000000,50.93,52.55,50.32,51.6,33718,174362619.0,0.0,15,51.19,0
20230725,1690214400000,52.13,52.78,50.96,51.88,35811,185826518.0,0.0,15,51.6,0
20230726,1690300800000,51.690000000000005,51.690000000000005,49.980000000000004,50.36000000000001,31390,158771600.00000003,0.0,15,51.88,0
20230727,1690387200000,50.699999999999996,50.699999999999996,48.9,49.18,43332,214698035.0,0.0,15,50.36,0
20230728,1690473600000,49.0,50.160000000000004,48.56,48.830000000000005,35586,175291105.0,0.0,15,49.18,0
20230731,1690732800000,48.51,49.699999999999996,48.01,49.309999999999995,32979,162170874.00000003,0.0,15,48.83,0
20230801,1690819200000,49.269999999999996,51.879999999999995,49.01,51.099999999999994,62247,314733517.00000006,0.0,15,49.309999999999995,0
20230802,1690905600000,51.35,52.410000000000004,50.800000000000004,51.32000000000001,54441,281292768.0,0.0,15,51.1,0
20230803,1690992000000,50.3,51.699999999999996,50.01,50.519999999999996,30476,154195005.0,0.0,15,51.32,0
20230804,1691078400000,50.42,51.89,50.31,51.620000000000005,41396,212017984.00000003,0.0,15,50.52,0
20230807,1691337600000,51.5,53.7,51.46,52.35,52250,275153785.0,0.0,15,51.62,0
20230808,1691424000000,52.160000000000004,53.35,51.410000000000004,51.67,43971,230358439.0,0.0,15,52.35,0
20230809,1691510400000,51.27,51.5,49.2,49.660000000000004,42785,214889118.0,0.0,15,51.67,0
20230810,1691596800000,49.28,49.900000000000006,48.59,48.96,27718,136214425.0,0.0,15,49.660000000000004,0
20230811,1691683200000,49.02,49.38,47.410000000000004,47.410000000000004,27289,131599192.0,0.0,15,48.96,0
20230814,1691942400000,47.050000000000004,49.5,46.88,49.43,35305,170538633.00000003,0.0,15,47.410000000000004,0
20230815,1692028800000,49.47,50.65,48.19,48.57,31109,153703722.00000003,0.0,15,49.43,0
20230816,1692115200000,48.2,48.95,47.21,47.36,24481,116851718.00000001,0.0,15,48.57,0
20230817,1692201600000,47.11,48.7,46.81,48.07,24792,118821773.00000001,0.0,15,47.36,0
20230818,1692288000000,47.69,48.4,46.68,46.68,26636,126294197.0,0.0,15,48.07,0
20230821,1692547200000,46.7,48.31,46.6,46.940000000000005,25746,122107461.99999999,0.0,15,46.68,0
20230822,1692633600000,47.63,48.660000000000004,46.92,48.63,32274,154212656.0,0.0,15,46.940000000000005,0
20230823,1692720000000,48.0,48.21,46.75,46.98,24375,115569526.0,0.0,15,48.63,0
20230824,1692806400000,47.300000000000004,47.71,44.2,44.96,62264,285351639.0,0.0,15,46.980000000000004,0
20230825,1692892800000,42.400000000000006,43.550000000000004,41.2,41.34,59522,250339527.00000003,0.0,15,44.96,0
20230828,1693152000000,43.910000000000004,44.6,42.96,43.33,62634,273059779.0,0.0,15,41.34,0
20230829,1693238400000,43.330000000000005,44.63,42.800000000000004,44.42,38753,170354710.00000003,0.0,15,43.330000000000005,0
20230830,1693324800000,44.39,45.94,44.26,45.72,44014,199194793.0,0.0,15,44.419999999999995,0
20230831,1693411200000,45.38,46.32,44.95,45.02,36455,166306396.0,0.0,15,45.720000000000006,0
20230901,1693497600000,44.99,46.1,44.99,45.4,31350,142844103.0,0.0,15,45.02,0
20230904,1693756800000,45.59,45.89,44.67,45.35,26824,120916054.00000001,0.0,15,45.4,0
20230905,1693843200000,45.1,45.410000000000004,44.300000000000004,44.59,29572,132411009.0,0.0,15,45.35,0
20230906,1693929600000,44.32,45.2,43.88,45.160000000000004,23234,103701449.0,0.0,15,44.59,0
20230907,1694016000000,44.800000000000004,45.160000000000004,43.71,43.71,21040,92808194.00000001,0.0,15,45.160000000000004,0
20230908,1694102400000,43.760000000000005,44.09,42.800000000000004,43.870000000000005,23627,102622274.0,0.0,15,43.71,0
20230911,1694361600000,43.99,46.330000000000005,43.38,45.18,45725,204804451.0,0.0,15,43.870000000000005,0
20230912,1694448000000,45.01,47.89,45.0,46.72,81931,380890594.00000006,0.0,15,45.18,0
20230913,1694534400000,47.4,49.199999999999996,46.72,49.199999999999996,138757,663735499.9999999,0.0,15,46.72,0
20230914,1694620800000,48.35,48.940000000000005,46.300000000000004,46.82000000000001,104021,495940962.0,0.0,15,49.2,0
20230915,1694707200000,46.56,46.7,42.6,42.85,84614,373160131.99999994,0.0,15,46.82,0
20230918,1694966400000,41.82,42.96,41.410000000000004,41.620000000000005,43482,182776567.0,0.0,15,42.85,0
20230919,1695052800000,41.5,41.790000000000006,39.410000000000004,40.50000000000001,49611,201010144.0,0.0,15,41.620000000000005,0
20230920,1695139200000,40.5,42.9,40.5,42.2,59123,249181163.00000003,0.0,15,40.5,0
20230921,1695225600000,41.6,42.94,41.5,41.5,33088,139736969.0,0.0,15,42.2,0
20230922,1695312000000,41.5,45.099999999999994,41.37,44.91,75621,332033965.00000006,0.0,15,41.5,0
20230925,1695571200000,44.9,45.58,43.9,43.98,49887,222576512.0,0.0,15,44.91,0
20230926,1695657600000,44.07,45.72,44.07,44.33,65453,293633953.99999994,0.0,15,43.98,0
20230927,1695744000000,44.07,44.78,43.59,43.63,40056,176527275.0,0.0,15,44.330000000000005,0
20230928,1695830400000,44.00000000000001,44.870000000000005,43.550000000000004,43.6,37310,164304018.0,0.0,15,43.63,0
20231009,1696780800000,43.21,43.79,42.58,43.379999999999995,32500,140245837.0,0.0,15,43.6,0
20231010,1696867200000,43.4,43.8,43.0,43.02,26726,115666495.0,0.0,15,43.38,0
20231011,1696953600000,43.0,44.400000000000006,42.95,43.39,34131,149210477.0,0.0,15,43.02,0
20231012,1697040000000,43.39,43.8,41.39,41.61,49926,210452977.99999997,0.0,15,43.39,0
20231013,1697126400000,41.730000000000004,41.790000000000006,40.910000000000004,40.970000000000006,26491,109412726.00000001,0.0,15,41.61000000000001,0
20231016,1697385600000,40.96,41.27,39.7,39.93,28559,114654212.0,0.0,15,40.970000000000006,0
20231017,1697472000000,40.160000000000004,40.28,39.230000000000004,39.75000000000001,21084,83743385.0,0.0,15,39.93000000000001,0
20231018,1697558400000,39.7,39.79,38.21,38.76,23621,91615713.0,0.0,15,39.75,0
20231019,1697644800000,38.76,39.39,38.5,38.6,19051,74098803.0,0.0,15,38.76,0
20231020,1697731200000,38.25,38.78,37.24,37.28,25394,96077607.0,0.0,15,38.6,0
20231023,1697990400000,37.53,37.85,36.32,36.62,23070,85318901.0,0.0,15,37.28,0
20231024,1698076800000,36.62,38.16,36.62,36.89,33909,126819113.00000001,0.0,15,36.62,0
20231025,1698163200000,36.940000000000005,37.49,36.27,36.56,31558,115935391.99999999,0.0,15,36.89,0
20231026,1698249600000,36.480000000000004,36.900000000000006,35.910000000000004,36.75000000000001,24601,89743741.00000001,0.0,15,36.56,0
20231027,1698336000000,36.45,37.19,36.25,37.02,30974,113577506.00000001,0.0,15,36.75,0
20231030,1698595200000,36.77,37.540000000000006,36.2,37.5,36284,133846103.0,0.0,15,37.02,0
20231031,1698681600000,37.45,37.45,36.0,36.38,36822,134655066.0,0.0,15,37.5,0
20231101,1698768000000,36.660000000000004,37.330000000000005,36.410000000000004,36.56,28745,106040588.0,0.0,15,36.38,0
20231102,1698854400000,37.0,37.54,36.0,36.0,31215,114756912.00000001,0.0,15,36.56,0
20231103,1698940800000,35.98,37.3,35.94,37.28,35384,130740542.00000001,0.0,15,36.0,0
20231106,1699200000000,37.599999999999994,40.129999999999995,37.37,39.73,69165,270660146.0,0.0,15,37.279999999999994,0
20231107,1699286400000,39.63,42.31,39.0,41.76,82952,337283362.0,0.0,15,39.73,0
20231108,1699372800000,41.85,44.370000000000005,41.35,42.5,96248,409110167.00000006,0.0,15,41.76,0
20231109,1699459200000,42.01,42.68,40.46,40.86,73565,304102768.0,0.0,15,42.5,0
20231110,1699545600000,40.150000000000006,41.150000000000006,39.38,40.5,45477,184421441.0,0.0,15,40.86,0
20231113,1699804800000,40.809999999999995,42.489999999999995,40.69,41.15,46594,192545197.0,0.0,15,40.5,0
20231114,1699891200000,41.01,41.699999999999996,40.62,41.379999999999995,31295,128960649.99999999,0.0,15,41.15,0
20231115,1699977600000,41.800000000000004,41.96,40.800000000000004,41.13,29146,120446461.99999999,0.0,15,41.38,0
20231116,1700064000000,40.9,41.2,40.0,40.14,31925,129387388.0,0.0,15,41.13,0
20231117,1700150400000,40.23,40.98,39.79,40.78,28987,116988722.0,0.0,15,40.14,0
20231120,1700409600000,40.8,41.4,40.37,41.099999999999994,25052,102391735.0,0.0,15,40.779999999999994,0
20231121,1700496000000,41.1,42.2,40.52,41.410000000000004,55905,231887808.00000003,0.0,15,41.1,0
20231122,1700582400000,41.03,41.35,40.33,40.43,28332,115655835.99999999,0.0,15,41.41,0
20231123,1700668800000,40.0,40.97,39.53,40.89,24565,99095074.00000001,0.0,15,40.43,0
20231124,1700755200000,40.73,40.75,39.12,39.309999999999995,30981,123035644.0,0.0,15,40.89,0
20231127,1701014400000,39.00000000000001,40.2,38.730000000000004,39.1,29747,116906640.00000001,0.0,15,39.31,0
20231128,1701100800000,38.980000000000004,39.260000000000005,38.59,39.11000000000001,22778,88560981.0,0.0,15,39.1,0
20231129,1701187200000,39.11000000000001,39.35,38.480000000000004,38.49,19453,75585854.0,0.0,15,39.11000000000001,0
20231130,1701273600000,38.53,38.78,37.910000000000004,38.260000000000005,16866,64445374.0,0.0,15,38.49,0
20231201,1701360000000,38.019999999999996,40.08,37.9,39.83,37312,146266877.0,0.0,15,38.26,0
20231204,1701619200000,39.720000000000006,40.68000000000001,39.410000000000004,39.6,33003,132090692.00000001,0.0,15,39.830000000000005,0
20231205,1701705600000,39.8,39.8,38.01,38.019999999999996,26100,100675934.0,0.0,15,39.6,0
20231206,1701792000000,37.97,38.53,37.71,37.9,21062,80110998.00000001,0.0,15,38.02,0
20231207,1701878400000,37.699999999999996,39.39,37.65,38.97,38872,150636734.0,0.0,15,37.9,0
20231208,1701964800000,39.1,42.6,38.88,42.190000000000005,99501,410260300.0,0.0,15,38.970000000000006,0
20231211,1702224000000,41.800000000000004,41.980000000000004,40.96,41.69,70691,293157472.99999994,0.0,15,42.19,0
20231212,1702310400000,43.58,43.97,41.68,42.19,104976,448790525.0,0.0,15,41.69,0
20231213,1702396800000,41.95,42.65,41.43,41.49,46352,194030383.0,0.0,15,42.19,0
20231214,1702483200000,41.7,42.6,41.52,41.78,70712,298018259.0,0.0,15,41.49,0
20231215,1702569600000,42.18,42.38,40.75,40.91,54718,226677369.00000003,0.0,15,41.78,0
20231218,1702828800000,40.6,40.95,39.27,39.38,38021,151868663.0,0.0,15,40.910000000000004,0
20231219,1702915200000,39.32,39.629999999999995,38.44,38.93,40707,158386163.0,0.0,15,39.379999999999995,0
20231220,1703001600000,39.36000000000001,39.480000000000004,37.980000000000004,38.00000000000001,32409,124374310.00000001,0.0,15,38.93000000000001,0
20231221,1703088000000,37.7,39.61000000000001,37.300000000000004,38.870000000000005,38736,148730081.0,0.0,15,38.00000000000001,0
20231222,1703174400000,38.67,38.86,37.01,37.449999999999996,40392,152574774.00000003,0.0,15,38.87,0
20231225,1703433600000,37.4,37.769999999999996,36.9,37.22,17625,65634491.0,0.0,15,37.449999999999996,0
20231226,1703520000000,37.14,37.22,36.03,36.18,25698,93439256.0,0.0,15,37.22,0
20231227,1703606400000,36.42,36.9,36.22,36.51,18164,66376988.00000001,0.0,15,36.18,0
20231228,1703692800000,36.470000000000006,37.85,35.910000000000004,37.440000000000005,30775,114110036.0,0.0,15,36.510000000000005,0
20231229,1703779200000,37.4,38.4,37.4,37.89,29203,110767080.00000001,0.0,15,37.44,0
20240102,1704124800000,37.88,38.02,37.31,37.36,27733,104394103.0,0.0,15,37.89,0
20240103,1704211200000,37.33,37.529999999999994,36.87,37.19,16812,62489424.0,0.0,15,37.36,0
20240104,1704297600000,37.370000000000005,37.46,36.74,37.14,18221,67710566.0,0.0,15,37.190000000000005,0
20240105,1704384000000,37.11,37.2,35.93,36.2,20535,75011854.0,0.0,15,37.14,0
20240108,1704643200000,36.0,36.19,35.0,35.04,20400,72147162.0,0.0,15,36.2,0
20240109,1704729600000,35.199999999999996,36.0,34.9,35.15,18654,66147996.99999999,0.0,15,35.04,0
20240110,1704816000000,35.00000000000001,35.2,34.300000000000004,34.6,17638,61173267.0,0.0,15,35.150000000000006,0
20240111,1704902400000,34.73,35.779999999999994,34.62,35.64,18782,66337614.0,0.0,15,34.599999999999994,0
20240112,1704988800000,35.45,35.51,34.78,34.81,15888,55778784.0,0.0,15,35.64,0
20240115,1705248000000,34.660000000000004,35.040000000000006,34.300000000000004,34.480000000000004,12838,44437205.0,0.0,15,34.81,0
20240116,1705334400000,34.49,34.49,33.71,34.34,13195,44927959.0,0.0,15,34.480000000000004,0
20240117,1705420800000,34.25,34.75,33.71,33.71,16010,54909582.0,0.0,15,34.34,0
20240118,1705507200000,33.37,34.49,32.75,34.45,27178,91057207.0,0.0,15,33.71,0
20240119,1705593600000,34.32,34.69,33.61,33.67,16116,54921480.0,0.0,15,34.45,0
20240122,1705852800000,33.7,34.25,31.69,32.07,22042,73097778.00000001,0.0,15,33.67,0
20240123,1705939200000,32.07,33.49,31.7,33.16,30907,101900529.0,0.0,15,32.07,0
20240124,1706025600000,33.21,33.48,32.08,33.309999999999995,26262,86362940.0,0.0,15,33.16,0
20240125,1706112000000,33.300000000000004,34.96,33.03,34.89,34429,117967787.0,0.0,15,33.31,0
20240126,1706198400000,34.580000000000005,34.86,33.88,34.11,24924,85553201.0,0.0,15,34.89,0
20240129,1706457600000,34.3,34.4,32.33,32.33,27860,91834859.00000001,0.0,15,34.11,0
20240130,1706544000000,31.950000000000003,32.46,30.76,30.87,20465,64768621.0,0.0,15,32.33,0
20240131,1706630400000,30.85,31.180000000000003,29.080000000000002,29.080000000000002,28829,86611957.00000001,0.0,15,30.87,0
20240201,1706716800000,29.1,30.500000000000004,28.650000000000002,29.85,29968,89093634.0,0.0,15,29.080000000000002,0
20240202,1706803200000,29.900000000000002,30.66,27.03,28.060000000000002,30815,88730536.0,0.0,15,29.85,0
20240205,1707062400000,27.7,27.799999999999997,24.97,25.549999999999997,50385,131497706.00000001,0.0,15,28.06,0
20240206,1707148800000,25.48,28.55,24.900000000000002,28.01,42735,114332315.00000001,0.0,15,25.55,0
20240207,1707235200000,28.02,30.11,28.0,28.86,51164,149629312.0,0.0,15,28.01,0
20240208,1707321600000,29.25,31.43,28.95,30.39,47467,144512153.0,0.0,15,28.86,0
20240219,1708272000000,31.32,32.96,31.02,32.87,64499,206085034.0,0.0,15,30.39,0
20240220,1708358400000,32.0,32.22,31.3,31.98,46981,149589934.0,0.0,15,32.87,0
20240221,1708444800000,31.189999999999998,32.74,31.13,31.86,41302,132522096.0,0.0,15,31.98,0
20240222,1708531200000,32.58,34.39,32.58,33.85,71354,239303465.0,0.0,15,31.86,0
20240223,1708617600000,34.17,35.9,33.5,34.96,87616,304129131.0,0.0,15,33.85,0
20240226,1708876800000,34.2,35.800000000000004,33.910000000000004,35.120000000000005,72911,255654882.0,0.0,15,34.96,0
20240227,1708963200000,34.65,41.0,34.4,39.0,125173,468486751.0,0.0,15,35.12,0
20240228,1709049600000,38.42,38.99,35.2,35.480000000000004,108579,406215209.0,0.0,15,39.0,0
20240229,1709136000000,35.0,38.5,35.0,37.62,95307,354584157.00000006,0.0,15,35.48,0
20240301,1709222400000,37.72,41.349999999999994,37.37,40.349999999999994,121984,481184785.99999994,0.0,15,37.62,0
20240304,1709481600000,41.42,42.85,39.7,40.38,130562,537359003.0,0.0,15,40.35,0
20240305,1709568000000,39.410000000000004,42.160000000000004,38.49,39.730000000000004,119007,477389962.0,0.0,15,40.38,0
20240306,1709654400000,39.0,39.69,38.4,39.12,70534,275469981.0,0.0,15,39.73,0
20240307,1709740800000,39.18,40.19,38.01,39.03,63075,246771387.0,0.0,15,39.12,0
20240308,1709827200000,38.900000000000006,39.68000000000001,37.660000000000004,39.400000000000006,91323,353113515.0,0.0,15,39.03,0
20240311,1710086400000,38.26,39.089999999999996,37.58,38.92,78150,298858378.0,0.0,15,39.4,0
20240312,1710172800000,38.9,39.6,38.4,38.71,55900,217300184.0,0.0,15,38.92,0
20240313,1710259200000,39.18,40.550000000000004,38.27,39.78,102889,406679981.0,0.0,15,38.71,0
20240314,1710345600000,38.7,39.32,38.09,38.690000000000005,59419,229976842.00000003,0.0,15,39.78,0
20240315,1710432000000,38.43,39.97,37.93,39.95,64833,252616708.0,0.0,15,38.69,0
20240318,1710691200000,40.95,40.98,39.36,39.74,75629,301190616.99999994,0.0,15,39.95,0
20240319,1710777600000,39.35,40.8,38.9,40.18,85681,342588278.00000006,0.0,15,39.74,0
20240320,1710864000000,40.18,41.300000000000004,39.81,40.61,86473,350775119.0,0.0,15,40.18,0
20240321,1710950400000,40.650000000000006,40.99,39.34,39.480000000000004,64963,259976304.99999997,0.0,15,40.61000000000001,0
20240322,1711036800000,39.0,39.89,38.67,39.230000000000004,58091,227825197.0,0.0,15,39.480000000000004,0
20240325,1711296000000,39.5,43.9,39.36,41.31,169970,705718575.0,0.0,15,39.23,0
20240326,1711382400000,40.11,41.309999999999995,38.01,38.21,120346,474711812.0,0.0,15,41.309999999999995,0
20240327,1711468800000,38.18,38.57,35.37,35.41,85521,311867052.0,0.0,15,38.209999999999994,0
20240328,1711555200000,35.6,39.68,35.5,38.79,99343,377862999.0,0.0,15,35.41,0
20240329,1711641600000,38.2,38.620000000000005,37.31,38.480000000000004,52431,199039116.00000003,0.0,15,38.79,0
20240401,1711900800000,39.19,40.53,38.79,39.97,61535,244959905.00000003,0.0,15,38.48,0
20240402,1711987200000,39.5,40.4,39.25,39.69,48361,192652638.0,0.0,15,39.97,0
20240403,1712073600000,39.300000000000004,39.71000000000001,37.800000000000004,38.650000000000006,43288,167063150.0,0.0,15,39.690000000000005,0
20240408,1712505600000,38.35,39.540000000000006,38.02,38.080000000000005,34426,133289644.0,0.0,15,38.650000000000006,0
20240409,1712592000000,38.07000000000001,38.36000000000001,36.730000000000004,37.400000000000006,39037,145624622.0,0.0,15,38.080000000000005,0
20240410,1712678400000,37.190000000000005,37.39,36.24,36.57,25345,92922686.0,0.0,15,37.4,0
20240411,1712764800000,36.19,36.98,36.01,36.16,28203,103114266.00000001,0.0,15,36.57,0
20240412,1712851200000,36.22,37.160000000000004,36.21,36.410000000000004,29092,106768516.0,0.0,15,36.160000000000004,0
20240415,1713110400000,36.38,37.15,35.64,36.2,38827,141215008.0,0.0,15,36.410000000000004,0
20240416,1713196800000,35.89,36.129999999999995,33.33,33.51,50551,173981432.0,0.0,15,36.199999999999996,0
20240417,1713283200000,34.01,35.89,34.01,35.879999999999995,36781,129905787.0,0.0,15,33.51,0
20240418,1713369600000,35.580000000000005,37.080000000000005,34.660000000000004,36.03,36435,131072351.00000001,0.0,15,35.88,0
20240419,1713456000000,36.03,36.5,35.21,35.75,30804,110212540.00000001,0.0,15,36.03,0
20240422,1713715200000,34.6,35.41,33.5,35.03,26500,91804675.0,0.0,15,35.75,0
20240423,1713801600000,35.11,35.68,34.95,35.24,21335,75390313.99999999,0.0,15,35.03,0
20240424,1713888000000,35.32,36.800000000000004,35.2,36.71,33728,122183414.00000001,0.0,15,35.24,0
20240425,1713974400000,36.38,36.77,36.050000000000004,36.080000000000005,22874,83139074.00000001,0.0,15,36.71,0
20240426,1714060800000,34.0,35.53,32.49,34.980000000000004,67751,232967610.0,0.0,15,36.08,0
20240429,1714320000000,35.0,36.230000000000004,34.99,35.9,38806,139341445.0,0.0,15,34.980000000000004,0
20240430,1714406400000,35.9,36.14,34.68,34.77,29931,105242168.0,0.0,15,35.9,0
20240506,1714924800000,35.34,35.67,34.800000000000004,34.96,27682,97509660.99999999,0.0,15,34.77,0
20240507,1715011200000,35.06,35.17,34.22,34.46,24457,84781840.0,0.0,15,34.96,0
20240508,1715097600000,34.25,34.48,33.5,33.62,21044,71234714.0,0.0,15,34.46,0
20240509,1715184000000,33.63,34.08,33.46,33.81,23558,79673014.0,0.0,15,33.62,0
20240510,1715270400000,34.13,34.22,33.07,33.22,21392,71486526.0,0.0,15,33.81,0
20240513,1715529600000,33.22,33.59,32.6,32.82,23765,78634215.0,0.0,15,33.22,0
20240514,1715616000000,32.8,33.449999999999996,32.69,33.129999999999995,20955,69271559.0,0.0,15,32.82,0
20240515,1715702400000,33.120000000000005,33.2,32.6,32.65,15316,50317974.0,0.0,15,33.13,0
20240516,1715788800000,33.0,34.2,32.7,33.230000000000004,32639,108784658.0,0.0,15,32.650000000000006,0
20240517,1715875200000,33.07,34.62,32.65,34.58,49418,166925587.0,0.0,15,33.23,0
20240520,1716134400000,34.58,34.75,33.67,34.2,36867,125620895.0,0.0,15,34.58,0
20240521,1716220800000,34.22,36.3,33.8,35.9,83737,295437462.0,0.0,15,34.199999999999996,0
20240522,1716307200000,35.5,36.38,35.03,35.910000000000004,47097,167894202.00000003,0.0,15,35.9,0
20240523,1716393600000,36.28,36.75,35.2,35.620000000000005,39425,140988062.0,0.0,15,35.910000000000004,0
20240524,1716480000000,36.510000000000005,38.46,35.09,35.480000000000004,118221,435945303.0,0.0,15,35.620000000000005,0
20240527,1716739200000,33.879999999999995,34.48,32.33,32.879999999999995,85247,283554119.0,0.0,15,35.48,0
20240528,1716825600000,32.84,33.36,31.91,32.09,40133,130053993.99999999,0.0,15,32.88,0
20240529,1716912000000,32.39,32.9,31.91,32.08,30697,98877109.0,0.0,15,32.09,0
20240530,1716998400000,31.73,31.98,31.16,31.66,37326,117478959.0,0.0,15,32.08,0
20240531,1717084800000,31.59,33.29,31.52,32.74,36074,117796684.0,0.0,15,31.66,0
20240603,1717344000000,32.41,33.66,32.08,32.62,40300,132848917.0,0.0,15,32.739999999999995,0
20240604,1717430400000,32.15,32.5,31.64,32.0,26069,83326565.0,0.0,15,32.06,0
20240605,1717516800000,31.82,32.36,31.71,31.880000000000003,18757,60263041.99999999,0.0,15,32.0,0
20240606,1717603200000,32.02,32.480000000000004,30.51,30.610000000000003,34450,107844573.0,0.0,15,31.880000000000003,0
20240607,1717689600000,31.08,31.17,30.09,30.36,21584,65821023.0,0.0,15,30.61,0
20240611,1718035200000,30.080000000000002,30.950000000000003,29.69,30.880000000000003,18654,56948742.99999999,0.0,15,30.360000000000003,0
20240612,1718121600000,30.79,31.32,30.71,30.78,20723,64218933.00000001,0.0,15,30.880000000000003,0
20240613,1718208000000,31.05,33.28,30.830000000000002,31.910000000000004,61837,198901806.0,0.0,15,30.78,0
20240614,1718294400000,31.98,32.95,31.3,32.7,61308,198356023.00000003,0.0,15,31.91,0
20240617,1718553600000,32.5,33.08,31.98,32.68,38874,126540460.0,0.0,15,32.7,0
20240618,1718640000000,32.669999999999995,33.629999999999995,32.3,32.989999999999995,41094,135941426.0,0.0,15,32.68,0
20240619,1718726400000,33.42,33.66,32.4,32.49,29680,97540843.00000001,0.0,15,32.99,0
20240620,1718812800000,32.43,32.660000000000004,31.64,31.650000000000002,27600,88634334.0,0.0,15,32.49,0
20240621,1718899200000,31.509999999999998,31.669999999999998,30.93,31.3,20637,64393651.0,0.0,15,31.65,0
20240624,1719158400000,30.970000000000002,31.21,29.740000000000002,29.76,27698,83943074.0,0.0,15,31.3,0
20240625,1719244800000,29.76,29.950000000000003,28.76,29.09,23676,69438628.0,0.0,15,29.76,0
20240626,1719331200000,29.0,30.37,28.78,30.16,28956,85694281.00000001,0.0,15,29.09,0
20240627,1719417600000,29.970000000000002,30.150000000000002,29.21,29.27,19033,56495858.00000001,0.0,15,30.16,0
20240628,1719504000000,29.11,30.25,29.11,29.84,22689,67764507.00000001,0.0,15,29.27,0
20240701,1719763200000,30.2,30.299999999999997,29.47,30.09,17348,51897521.99999999,0.0,15,29.84,0
20240702,1719849600000,30.029999999999998,30.27,29.63,29.88,13182,39545345.0,0.0,15,30.09,0
20240703,1719936000000,29.97,29.97,29.2,29.259999999999998,12245,35995685.0,0.0,15,29.88,0
20240704,1720022400000,29.6,29.75,28.51,28.560000000000002,15307,44461801.0,0.0,15,29.26,0
20240705,1720108800000,28.71,28.95,28.02,28.69,13073,37358134.0,0.0,15,28.56,0
20240708,1720368000000,28.69,28.970000000000002,28.150000000000002,28.55,18715,53334829.0,0.0,15,28.69,0
20240709,1720454400000,28.55,29.98,28.330000000000002,29.82,25568,74819615.0,0.0,15,28.55,0
20240710,1720540800000,29.7,30.59,29.52,30.28,21609,65388919.0,0.0,15,29.82,0
20240711,1720627200000,30.7,32.39,30.52,32.339999999999996,51996,165225026.0,0.0,15,30.28,0
20240712,1720713600000,31.930000000000003,32.28,31.830000000000002,31.930000000000003,18089,57886973.00000001,0.0,15,32.34,0
20240715,1720972800000,31.82,32.870000000000005,31.69,32.72,29839,96860607.99999999,0.0,15,31.93,0
20240716,1721059200000,32.75,35.050000000000004,32.42,34.480000000000004,52081,176563246.0,0.0,15,32.72,0
20240717,1721145600000,34.46,35.18,33.58,33.6,32328,111286855.0,0.0,15,34.48,0
20240718,1721232000000,33.38,33.84,32.38,32.56,34902,114512823.0,0.0,15,33.6,0
20240719,1721318400000,32.309999999999995,33.66,32.05,33.029999999999994,22029,72871993.0,0.0,15,32.559999999999995,0
20240722,1721577600000,33.0,33.5,32.45,32.620000000000005,17778,58373531.00000001,0.0,15,33.03,0
20240723,1721664000000,32.61,32.72,31.42,31.46,19778,63313417.0,0.0,15,32.620000000000005,0
20240724,1721750400000,31.31,32.19,30.52,30.599999999999998,19794,61712748.0,0.0,15,31.46,0
20240725,1721836800000,30.310000000000002,30.590000000000003,29.830000000000002,30.020000000000003,18744,56536336.0,0.0,15,30.6,0
20240726,1721923200000,30.11,30.79,29.75,30.06,23326,70201110.0,0.0,15,30.02,0
20240729,1722182400000,30.5,30.630000000000003,29.44,29.82,39316,117422171.00000001,0.0,15,30.060000000000002,0
20240730,1722268800000,29.720000000000002,29.77,29.03,29.380000000000003,20937,61460901.0,0.0,15,29.82,0
20240731,1722355200000,29.400000000000002,31.19,29.400000000000002,30.96,37090,113502016.00000001,0.0,15,29.380000000000003,0
20240801,1722441600000,31.0,31.37,30.5,30.61,20387,62847999.0,0.0,15,30.96,0
20240802,1722528000000,30.28,30.51,29.39,29.45,24976,74581990.0,0.0,15,30.61,0
20240805,1722787200000,29.130000000000003,29.44,27.96,27.96,33890,96931515.0,0.0,15,29.45,0
20240806,1722873600000,28.439999999999998,28.779999999999998,28.22,28.75,16021,45606501.0,0.0,15,27.959999999999997,0
20240807,1722960000000,28.89,30.75,28.84,29.51,39981,119702549.0,0.0,15,28.75,0
20240808,1723046400000,29.330000000000002,29.610000000000003,28.650000000000002,28.71,26271,75975656.0,0.0,15,29.51,0
20240809,1723132800000,28.990000000000002,29.94,28.94,29.3,22945,67448996.00000001,0.0,15,28.71,0
20240812,1723392000000,29.56,30.3,29.27,30.1,37704,113087880.00000001,0.0,15,29.3,0
20240813,1723478400000,30.12,31.990000000000002,30.1,31.110000000000003,41142,128305458.0,0.0,15,30.1,0
20240814,1723564800000,31.27,31.439999999999998,30.72,31.23,23790,73901949.0,0.0,15,31.11,0
20240815,1723651200000,31.13,31.86,30.86,31.32,16595,51985714.0,0.0,15,31.23,0
20240816,1723737600000,31.46,32.18,31.220000000000002,31.700000000000003,21077,67211307.0,0.0,15,31.320000000000004,0
20240819,1723996800000,31.62,32.56,31.45,31.99,21359,68439898.0,0.0,15,31.7,0
20240820,1724083200000,31.9,31.97,31.29,31.349999999999998,18236,57609857.00000001,0.0,15,31.99,0
20240821,1724169600000,31.1,31.78,31.1,31.34,15737,49568724.0,0.0,15,31.35,0
20240822,1724256000000,31.39,32.6,31.18,32.1,26266,84041641.00000001,0.0,15,31.34,0
20240823,1724342400000,33.06,33.15,29.88,31.45,61228,188816475.99999997,0.0,15,32.1,0
20240826,1724601600000,31.87,32.2,31.34,31.58,29695,94226880.0,0.0,15,31.45,0
20240827,1724688000000,31.09,31.8,30.94,30.96,16623,51825179.99999999,0.0,15,31.580000000000002,0
20240828,1724774400000,29.87,31.21,29.87,31.04,14812,45736802.0,0.0,15,30.96,0
20240829,1724860800000,31.0,31.23,30.26,30.990000000000002,15188,46952830.0,0.0,15,31.040000000000003,0
20240830,1724947200000,31.21,32.2,30.76,31.73,31132,98777210.0,0.0,15,30.990000000000002,0
20240902,1725206400000,31.77,32.5,31.46,31.5,29704,94889986.00000001,0.0,15,31.73,0
20240903,1725292800000,31.560000000000002,32.36,31.42,32.02,17501,55857296.0,0.0,15,31.5,0
20240904,1725379200000,31.720000000000002,32.300000000000004,31.51,31.92,14240,45554945.0,0.0,15,32.02,0
20240905,1725465600000,32.0,32.22,31.400000000000002,31.73,19960,63569224.0,0.0,15,31.92,0
20240906,1725552000000,31.410000000000004,31.700000000000003,30.560000000000002,30.6,16493,51150616.00000001,0.0,15,31.730000000000004,0
20240909,1725811200000,30.43,30.96,30.28,30.61,16851,51593602.0,0.0,15,30.6,0
20240910,1725897600000,30.880000000000003,32.88,30.42,32.550000000000004,39677,126756377.99999999,0.0,15,30.610000000000003,0
20240911,1725984000000,32.29,32.44,31.68,32.06,26191,83859506.00000001,0.0,15,32.55,0
20240912,1726070400000,32.300000000000004,32.38,31.17,31.21,25257,79562168.0,0.0,15,32.06,0
20240913,1726156800000,31.200000000000003,31.78,30.970000000000002,30.990000000000002,21041,65775062.0,0.0,15,31.21,0
20240918,1726588800000,30.92,30.97,30.25,30.79,17007,52026171.99999999,0.0,15,30.99,0
20240919,1726675200000,30.97,31.3,30.45,30.84,22544,69594222.0,0.0,15,30.79,0
20240920,1726761600000,30.9,31.39,30.63,31.06,24301,75296223.0,0.0,15,30.84,0
20240923,1727020800000,31.09,31.94,30.75,30.88,27647,86465311.0,0.0,15,31.06,0
20240924,1727107200000,31.0,32.18,30.37,32.07,40765,127977046.00000001,0.0,15,30.880000000000003,0
20240925,1727193600000,32.44,33.55,32.4,32.79,47761,158054677.0,0.0,15,32.07,0
20240926,1727280000000,32.690000000000005,34.0,32.6,34.0,36425,121458651.0,0.0,15,32.79,0
20240927,1727366400000,34.52,36.53,34.21,36.15,52918,187191802.0,0.0,15,34.0,0
20240930,1727625600000,37.85,42.64,37.33,42.239999999999995,84866,340084657.0,0.0,15,36.15,0
20241008,1728316800000,49.99,50.0,44.17,49.900000000000006,108713,519889387.00000006,0.0,15,42.24,0
20241009,1728403200000,47.0,47.839999999999996,43.15,43.519999999999996,79195,363049213.0,0.0,15,49.9,0
20241010,1728489600000,44.08,47.0,44.08,44.67,69002,313727336.0,0.0,15,43.519999999999996,0
20241011,1728576000000,44.00000000000001,44.99,42.410000000000004,44.32000000000001,50170,220492997.0,0.0,15,44.67,0
20241014,1728835200000,44.300000000000004,45.800000000000004,42.550000000000004,45.7,54144,240150485.00000003,0.0,15,44.32000000000001,0
20241015,1728921600000,45.9,49.79,44.5,46.09,85157,403289445.0,0.0,15,45.7,0
20241016,1729008000000,44.5,46.8,44.4,46.4,43730,200779271.00000003,0.0,15,46.089999999999996,0
20241017,1729094400000,46.660000000000004,47.95,45.71,45.800000000000004,40875,191647278.0,0.0,15,46.4,0
20241018,1729180800000,45.51,49.18,45.44,47.5,56307,267248064.00000003,0.0,15,45.8,0
20241021,1729440000000,47.75000000000001,50.5,47.660000000000004,49.38,70276,346338150.0,0.0,15,47.50000000000001,0
20241022,1729526400000,49.0,51.15,47.6,51.03,65767,328320171.0,0.0,15,49.38,0
20241023,1729612800000,50.470000000000006,52.46,49.2,50.21,61008,307591621.0,0.0,15,51.03,0
20241024,1729699200000,50.03,52.44,49.6,51.88,62741,321066117.0,0.0,15,50.21,0
20241025,1729785600000,51.85,52.0,48.910000000000004,50.77,60022,300559593.00000006,0.0,15,51.88,0
20241028,1730044800000,50.42,51.14,49.5,49.89,42879,214949503.0,0.0,15,50.77,0
20241029,1730131200000,49.99,51.31,49.81,50.18,40687,205673509.0,0.0,15,49.89,0
20241030,1730217600000,49.75,51.94,49.65,50.699999999999996,36962,188108901.0,0.0,15,50.18,0
20241031,1730304000000,50.45,53.38,49.81,51.39,43782,226682850.0,0.0,15,50.7,0
20241101,1730390400000,51.28,51.39,49.71,49.96,33846,171035184.0,0.0,15,51.39,0
20241104,1730649600000,49.980000000000004,52.18000000000001,49.77,51.84,33258,170740571.0,0.0,15,49.96,0
20241105,1730736000000,51.58,53.35,51.36,53.08,39077,205356382.0,0.0,15,51.839999999999996,0
20241106,1730822400000,52.83,53.75,52.0,52.71,31693,167509151.0,0.0,15,53.08,0
20241107,1730908800000,52.14,53.260000000000005,51.38,52.07,27021,140499790.99999997,0.0,15,52.71,0
20241108,1730995200000,52.99,54.91,52.07,52.92,36542,196144358.0,0.0,15,52.07,0
20241111,1731254400000,52.92,55.5,52.83,54.129999999999995,40779,221447005.0,0.0,15,52.92,0
20241112,1731340800000,54.2,54.52,52.550000000000004,53.370000000000005,35337,189161079.0,0.0,15,54.13,0
20241113,1731427200000,53.160000000000004,55.120000000000005,52.620000000000005,54.00000000000001,31961,172651306.0,0.0,15,53.370000000000005,0
20241114,1731513600000,54.28,57.95,53.0,53.49,66691,370003748.99999994,0.0,15,54.0,0
20241115,1731600000000,52.19,53.81,51.18,51.18,34831,182947688.00000003,0.0,15,53.49,0
20241118,1731859200000,51.34,52.50000000000001,49.480000000000004,50.690000000000005,44385,225903816.0,0.0,15,51.18000000000001,0
20241119,1731945600000,50.6,51.88,49.77,51.5,29218,148704385.00000003,0.0,15,50.690000000000005,0
20241120,1732032000000,51.449999999999996,53.0,50.9,52.1,23395,121322277.0,0.0,15,51.5,0
20241121,1732118400000,52.1,52.39,50.95,51.53,22927,118260030.0,0.0,15,52.1,0
20241122,1732204800000,52.0,52.45,49.0,49.44,23371,118994753.0,0.0,15,51.53,0
20241125,1732464000000,49.440000000000005,49.440000000000005,48.160000000000004,49.010000000000005,27441,134056260.00000001,0.0,15,49.440000000000005,0
20241126,1732550400000,49.5,50.58,48.9,49.019999999999996,20261,100754049.00000001,0.0,15,49.01,0
20241127,1732636800000,48.50000000000001,50.190000000000005,47.870000000000005,50.080000000000005,19254,94322207.0,0.0,15,49.02,0
20241128,1732723200000,50.160000000000004,50.35,48.81,49.080000000000005,18495,91555123.0,0.0,15,50.080000000000005,0
20241129,1732809600000,49.29,50.489999999999995,48.76,49.03,28125,138751879.0,0.0,15,49.08,0
20241202,1733068800000,48.81,50.35,48.68,49.7,28460,141074197.0,0.0,15,49.03,0
20241203,1733155200000,49.86,49.99,48.81,49.7,23501,116349352.0,0.0,15,49.7,0
20241204,1733241600000,49.5,50.260000000000005,48.02,48.400000000000006,22523,110507472.00000001,0.0,15,49.7,0
20241205,1733328000000,48.57,49.33,48.21,48.76,16994,82863384.0,0.0,15,48.4,0
20241206,1733414400000,49.16,49.629999999999995,48.19,48.86,14204,69397576.99999999,0.0,15,48.76,0
20241209,1733673600000,48.86,49.37,47.4,48.37,22454,108536961.0,0.0,15,48.86,0
20241210,1733760000000,49.6,50.50000000000001,48.230000000000004,48.46,17889,87989834.00000001,0.0,15,48.370000000000005,0
20241211,1733846400000,48.910000000000004,49.93,47.85,49.78,26709,131152386.00000001,0.0,15,48.46,0
20241212,1733932800000,49.5,50.51,49.01,49.4,22083,109417870.00000001,0.0,15,49.78,0
20241213,1734019200000,49.019999999999996,50.58,48.79,49.699999999999996,26772,133114957.00000001,0.0,15,49.4,0
20241216,1734278400000,51.790000000000006,54.32000000000001,49.300000000000004,53.050000000000004,83817,436828453.0,0.0,15,49.7,0
20241217,1734364800000,52.16,58.87,52.08,56.199999999999996,120314,668771131.0,0.0,15,53.05,0
20241218,1734451200000,54.0,58.5,54.0,56.56,107846,609964627.0,0.0,15,56.2,0
20241219,1734537600000,56.870000000000005,67.87,56.870000000000005,67.87,102932,670421497.0,0.0,15,56.56,0
20241220,1734624000000,69.0,79.78999999999999,67.88,72.63,245653,1789399461.0000002,0.0,15,67.86999999999999,0
20241223,1734883200000,74.96000000000001,85.68,74.81,75.10000000000001,246436,1946453560.0,0.0,15,72.63,0
20241224,1734969600000,76.0,78.38,72.5,76.3,229101,1725397092.0,0.0,15,75.1,0
20241225,1735056000000,75.67,78.92,73.32000000000001,78.41000000000001,205722,1567204321.0000002,0.0,15,76.30000000000001,0
20241226,1735142400000,76.85,85.44,75.05,84.84,227858,1842858883.0,0.0,15,78.41,0
20241227,1735228800000,81.01,81.67000000000002,73.85000000000001,74.21000000000001,219778,1717137732.0,0.0,15,84.84,0
20241230,1735488000000,75.7,77.66,72.81,73.07000000000001,157872,1184707547.0,0.0,15,74.21000000000001,0
20241231,1735574400000,73.2,75.37,72.0,72.2,134744,985648178.0000001,0.0,15,73.07,0
20250102,1735747200000,70.2,72.73,68.5,69.94,132531,933206468.0,0.0,15,72.2,0
20250103,1735833600000,69.27,70.92999999999999,67.19,68.24,99776,688989999.0,0.0,15,69.94,0
20250106,1736092800000,68.25,70.28,66.0,67.01,101751,690698193.0,0.0,15,68.24,0
20250107,1736179200000,67.22,70.5,66.09,70.14,153098,1052732977.0,0.0,15,67.01,0
20250108,1736265600000,68.21,71.5,66.6,71.5,142089,979230898.0000001,0.0,15,70.14,0
20250109,1736352000000,70.36999999999999,73.64,69.38,72.94,182174,1300524380.0,0.0,15,71.5,0
20250110,1736438400000,70.62,70.80000000000001,64.01,64.11,184157,1237534597.0,0.0,15,72.94,0
20250113,1736697600000,62.84,64.5,62.0,63.2,110585,697319110.0000001,0.0,15,64.11,0
20250114,1736784000000,65.0,68.62,63.5,68.5,135923,908830000.0,0.0,15,63.2,0
20250115,1736870400000,68.0,69.37,67.47,68.06,86177,588117177.0,0.0,15,68.5,0
20250116,1736956800000,68.1,71.42,67.91,69.61999999999999,147313,1032228579.0000001,0.0,15,68.06,0
20250117,1737043200000,69.0,71.52,69.0,70.38,93541,656971621.0,0.0,15,69.62,0
20250120,1737302400000,69.03,71.7,68.27,71.0,99279,697017821.0,0.0,15,70.38,0
20250121,1737388800000,71.8,75.65,70.36,72.01,180030,1313637178.0,0.0,15,71.0,0
20250122,1737475200000,70.94,73.5,70.7,72.06,124978,900930963.0,0.0,15,72.01,0
20250123,1737561600000,72.27,75.62,70.2,70.53,119758,868403574.0,0.0,15,72.06,0
20250124,1737648000000,70.0,73.15,69.51,71.96000000000001,96735,695502954.0000001,0.0,15,70.53,0
20250127,1737907200000,69.9,69.98,65.47,65.5,113054,755159568.0,0.0,15,71.96,0
20250205,1738684800000,64.0,64.60000000000001,60.13,63.57,107001,670801682.0,0.0,15,65.5,0
20250206,1738771200000,63.6,66.06,62.480000000000004,65.60000000000001,80766,523062394.0,0.0,15,63.57000000000001,0
20250207,1738857600000,65.60000000000001,69.64,64.81,68.42,96091,650068760.0,0.0,15,65.60000000000001,0
20250210,1739116800000,69.0,69.0,65.58,67.99,84441,571351968.0,0.0,15,68.42,0
20250211,1739203200000,67.86,68.36,66.87,67.10000000000001,53950,364647530.0,0.0,15,67.99000000000001,0
20250212,1739289600000,68.47,71.9,68.0,70.35,122386,858539707.0000001,0.0,15,67.1,0
20250213,1739376000000,70.65,70.84,68.68,69.22000000000001,86867,605184217.0000001,0.0,15,70.35000000000001,0
20250214,1739462400000,70.00999999999999,73.58,69.8,71.06,115117,821436212.0,0.0,15,69.22,0
20250217,1739721600000,74.92,82.88,73.5,78.83,163531,1273844771.0,0.0,15,71.06,0
20250218,1739808000000,76.9,78.44,70.36,70.99,143814,1066043766.0000001,0.0,15,78.83,0
20250219,1739894400000,70.53,72.2,69.36,71.94,92141,653125055.0,0.0,15,70.99,0
20250220,1739980800000,71.46000000000001,72.25,69.62,70.69,69869,494588431.00000006,0.0,15,71.94,0
20250221,1740067200000,75.5,84.83,74.0,84.83,203185,1591159477.0,0.0,15,70.69,0
20250224,1740326400000,88.15,94.66,85.0,89.61,222675,1979813193.0,0.0,15,84.83,0
20250225,1740412800000,85.93,86.98,82.7,83.45,169605,1433712110.0,0.0,15,89.61,0
20250226,1740499200000,85.0,88.0,80.45,84.78,162025,1358926329.0,0.0,15,83.45,0
20250227,1740585600000,85.06,85.25,78.61,81.16,138087,1117623850.0,0.0,15,84.78,0
20250228,1740672000000,79.53999999999999,80.5,73.8,74.17999999999999,97781,743952682.0000001,0.0,15,81.16,0
20250303,1740931200000,74.10000000000001,75.85000000000001,72.21000000000001,73.39000000000001,87094,645255027.0000001,0.0,15,74.18,0
20250304,1741017600000,71.8,74.31,70.94,73.52,67786,495574665.0,0.0,15,73.39,0
20250305,1741104000000,74.3,78.25,72.73,77.9,115853,871559572.9999999,0.0,15,73.52000000000001,0
20250306,1741190400000,78.0,80.88000000000001,76.95,78.89,127673,1011266018.0,0.0,15,77.9,0
20250307,1741276800000,79.0,81.8,76.39,77.52,112624,894000072.0,0.0,15,78.89,0
20250310,1741536000000,76.12,77.77,75.08,77.03999999999999,60250,460507046.0,0.0,15,77.52,0
20250311,1741622400000,75.0,78.3,74.7,77.97,56545,431956608.00000006,0.0,15,77.04,0
20250312,1741708800000,78.85,84.5,78.25,80.0,130509,1067592591.9999999,0.0,15,77.97,0
20250313,1741795200000,79.36,80.5,76.4,76.51,74065,576170341.0,0.0,15,80.0,0
20250314,1741881600000,76.53999999999999,81.66,75.69,81.37,93958,744061071.0,0.0,15,76.50999999999999,0
20250317,1742140800000,80.83,83.3,79.2,81.8,89557,729321582.0,0.0,15,81.37,0
20250318,1742227200000,82.0,82.63000000000001,79.7,79.88000000000001,73167,591902381.0,0.0,15,81.8,0
20250319,1742313600000,80.58,80.89,76.88,77.1,67007,522479705.0,0.0,15,79.88,0
20250320,1742400000000,76.56,77.2,73.57000000000001,73.61000000000001,92881,696079420.0,0.0,15,77.10000000000001,0
20250321,1742486400000,73.0,73.78,71.4,71.51,59993,435012689.00000006,0.0,15,73.61,0
20250324,1742745600000,71.46,72.46,68.88,70.99,54264,382110957.0,0.0,15,71.50999999999999,0
20250325,1742832000000,70.75000000000001,71.59,66.96000000000001,67.21000000000001,62584,429041916.00000006,0.0,15,70.99000000000001,0
20250326,1742918400000,67.0,68.45,67.0,67.63,34802,236159902.99999997,0.0,15,67.21,0
20250327,1743004800000,67.78,68.92999999999999,67.36,67.62,34746,236655491.99999997,0.0,15,67.63,0
20250328,1743091200000,67.78,70.05,67.73,68.3,53819,370757880.00000006,0.0,15,67.62,0
20250331,1743350400000,67.58,69.97,67.3,69.52,45528,312345146.00000006,0.0,15,68.3,0
20250401,1743436800000,69.78,69.87,68.5,68.77,35329,243262589.0,0.0,15,69.52,0
20250402,1743523200000,68.78999999999999,69.5,68.38,69.02,32966,227580623.00000003,0.0,15,68.77,0
20250403,1743609600000,68.6,72.33999999999999,68.1,71.17999999999999,84788,600549499.0,0.0,15,69.02,0
20250407,1743955200000,64.0,67.2,56.94,58.89,85941,527330250.99999994,0.0,15,71.17999999999999,0
20250408,1744041600000,60.00000000000001,62.50000000000001,58.120000000000005,60.040000000000006,64465,388500665.99999994,0.0,15,58.89000000000001,0
20250409,1744128000000,58.290000000000006,62.0,55.7,61.42,69304,414421115.99999994,0.0,15,60.040000000000006,0
20250410,1744214400000,68.00000000000001,69.96000000000001,66.21000000000001,66.27000000000001,107222,726662446.0,0.0,15,61.42000000000001,0
20250411,1744300800000,66.15,68.96,66.11,67.23,90412,613232826.0,0.0,15,66.27,0
20250414,1744560000000,69.04,70.56,68.60000000000001,68.89000000000001,78012,541798041.0,0.0,15,67.23,0
20250415,1744646400000,69.78999999999999,69.78999999999999,67.85,69.02,50879,349580537.00000006,0.0,15,68.89,0
20250416,1744732800000,68.5,70.48,68.0,69.64,69486,481405702.0,0.0,15,69.02,0
20250417,1744819200000,68.84,69.89,67.9,67.94000000000001,62616,429860171.0,0.0,15,69.64,0
20250418,1744905600000,67.77000000000001,68.73,67.15,68.29,44782,304093645.0,0.0,15,67.94000000000001,0
20250421,1745164800000,68.0,69.88,68.0,69.6,54873,378341605.00000006,0.0,15,68.29,0
20250422,1745251200000,69.0,69.69999999999999,68.1,68.11999999999999,40842,279617441.0,0.0,15,69.6,0
20250423,1745337600000,68.6,71.0,68.38,69.96,75914,529313805.0,0.0,15,68.11999999999999,0
20250424,1745424000000,70.0,72.0,69.26,70.36,77802,548774300.9999999,0.0,15,69.96000000000001,0
20250425,1745510400000,71.10000000000001,71.68,69.85000000000001,70.9,60054,424873908.0,0.0,15,70.36000000000001,0
20250428,1745769600000,70.59,75.0,69.8,74.03,90034,654815587.0,0.0,15,70.89999999999999,0
20250429,1745856000000,73.28999999999999,74.63,72.69,73.81,68017,500899714.99999994,0.0,15,74.03,0
20250430,1745942400000,74.0,74.87,73.0,73.81,68743,508069198.00000006,0.0,15,73.81,0
20250506,1746460800000,74.28,76.19,73.55,75.47,89887,673842865.0,0.0,15,73.81,0
20250507,1746547200000,76.06,76.38,71.88,73.32,87962,651559383.0,0.0,15,75.47,0
20250508,1746633600000,72.59,74.52,72.3,73.55,60436,445745465.0,0.0,15,73.32,0
20250509,1746720000000,73.00000000000001,73.47000000000001,70.82000000000001,71.66000000000001,48684,348816264.0,0.0,15,73.55000000000001,0
20250512,1746979200000,72.05000000000001,72.65,71.65,72.26,34375,247858587.0,0.0,15,71.66000000000001,0
20250513,1747065600000,73.2,73.2,70.75,70.93,35118,251779046.0,0.0,15,72.26,0
20250514,1747152000000,70.95,72.19,70.95,71.25,33127,237009068.99999997,0.0,15,70.93,0
20250515,1747238400000,71.05,71.1,68.08,68.2,44844,308956410.0,0.0,15,71.25,0
20250516,1747324800000,68.0,69.28,67.7,68.85000000000001,28419,195581133.0,0.0,15,68.2,0
20250519,1747584000000,68.72999999999999,69.36999999999999,67.88,69.14999999999999,27338,187697396.0,0.0,15,68.85,0
20250520,1747670400000,68.86,69.5,68.66,68.82,24628,169928134.0,0.0,15,69.14999999999999,0
20250521,1747756800000,69.38,69.38,68.05,68.14,26933,185072591.0,0.0,15,68.82,0
20250522,1747843200000,68.04,68.89,67.0,67.12,25722,174183942.00000003,0.0,15,68.14,0
20250523,1747929600000,67.08,67.37,66.0,66.0,26081,173815316.00000003,0.0,15,67.12,0
20250526,1748188800000,66.00000000000001,66.85000000000001,65.82000000000001,66.85000000000001,20950,139052974.0,0.0,15,66.00000000000001,0
20250527,1748275200000,66.85000000000001,67.22,66.01,66.29,20622,136982687.0,0.0,15,66.85000000000001,0
20250528,1748361600000,66.53999999999999,66.82,65.8,65.8,19981,132248984.0,0.0,15,66.28999999999999,0
20250529,1748448000000,65.8,67.19,65.8,66.94,26197,174995974.00000003,0.0,15,65.8,0
20250530,1748534400000,66.5,67.65,65.97,66.83,25404,169291925.0,0.0,15,66.94,0
20250603,1748880000000,66.65,68.01,66.4,68.01,30297,205118333.00000003,0.0,15,66.83000000000001,0
20250604,1748966400000,48.4,49.15,47.21,48.49,54280,264396865.99999997,0.0,15,48.15,0
20250605,1749052800000,48.48,51.0,47.62,50.83,92111,459045782.0,0.0,15,48.489999999999995,0
20250606,1749139200000,50.8,52.5,50.29,52.22,106164,550104089.0,0.0,15,50.83,0
20250609,1749398400000,52.50000000000001,52.900000000000006,51.300000000000004,52.00000000000001,85528,444146301.99999994,0.0,15,52.220000000000006,0
20250610,1749484800000,51.68,51.84,50.5,51.16,61323,313309225.0,0.0,15,52.0,0
20250611,1749571200000,51.21,51.49,50.800000000000004,51.25000000000001,37689,192960769.0,0.0,15,51.160000000000004,0
20250612,1749657600000,51.00000000000001,52.650000000000006,50.800000000000004,52.13,67403,351467798.0,0.0,15,51.25000000000001,0
20250613,1749744000000,51.7,52.6,51.300000000000004,51.31,72497,375276706.0,0.0,15,52.13,0
20250616,1750003200000,51.00000000000001,52.99,50.800000000000004,51.56,64919,338266992.00000006,0.0,15,51.31,0
20250617,1750089600000,51.800000000000004,51.99,50.13,50.38,48313,244590189.0,0.0,15,51.56,0
20250618,1750176000000,50.11,51.15,50.0,51.01,40319,204170482.0,0.0,15,50.38,0
20250619,1750262400000,50.9,51.879999999999995,50.58,50.769999999999996,47001,241036875.0,0.0,15,51.01,0
20250620,1750348800000,50.81,52.59,50.5,50.86,53035,272039663.00000006,0.0,15,50.77,0
20250623,1750608000000,50.18,52.5,50.18,51.26,62971,322674006.0,0.0,15,50.86,0
20250624,1750694400000,51.49,56.440000000000005,51.49,56.08,193493,1067913922.0,0.0,15,51.260000000000005,0
20250625,1750780800000,59.64,61.64,57.0,58.39,227591,1337849802.9999998,0.0,15,56.08,0
20250626,1750867200000,58.39,61.9,58.39,61.01,181084,1088724982.0000002,0.0,15,58.39,0
20250627,1750953600000,60.24,62.54,58.78,61.44,122708,749657158.0,0.0,15,61.01,0
20250630,1751212800000,60.580000000000005,62.75000000000001,60.300000000000004,61.46,105203,647953629.0,0.0,15,61.440000000000005,0
20250701,1751299200000,61.46,61.49,59.6,60.13,91649,552834826.0,0.0,15,61.46,0
20250702,1751385600000,59.660000000000004,60.0,57.17,57.49,88797,516595249.0,0.0,15,60.13,0
20250703,1751472000000,57.46,58.65,56.9,58.36,61043,352442204.00000006,0.0,15,57.49,0
20250704,1751558400000,58.01,59.18,57.6,57.95,55562,324434287.0,0.0,15,58.36,0
20250707,1751817600000,57.43,58.16,56.0,56.15,62632,354433853.0,0.0,15,57.95,0
20250708,1751904000000,56.49,62.32,56.18,60.99,134998,812325839.0,0.0,15,56.15,0
20250709,1751990400000,60.04,61.29,60.0,60.48,70598,428042916.0,0.0,15,60.99,0
20250710,1752076800000,60.5,60.800000000000004,58.88,59.56,55296,329273771.0,0.0,15,60.480000000000004,0
20250711,1752163200000,59.55,61.49,58.79,60.75,100908,605690095.0,0.0,15,59.56,0
20250714,1752422400000,64.0,64.47,58.32,59.21,184695,1106007660.0,0.0,15,60.75,0
20250715,1752508800000,58.86,63.33,58.4,61.66,207819,1282769074.0,0.0,15,59.21,0
20250716,1752595200000,62.73,66.37,62.5,63.22,202836,1310717562.0000002,0.0,15,61.66,0
20250717,1752681600000,64.23,65.93,62.25,64.09,146296,937621361.0,0.0,15,63.22,0
20250718,1752768000000,64.09,65.5,62.86,63.25,122623,783268037.0,0.0,15,64.09,0
20250721,1753027200000,62.6,63.220000000000006,61.660000000000004,62.34,83568,521393257.00000006,0.0,15,63.25000000000001,0
20250722,1753113600000,62.01,64.5,61.4,61.809999999999995,102963,647164172.0,0.0,15,62.339999999999996,0
20250723,1753200000000,61.0,63.25,60.75,63.18,91242,568439312.0,0.0,15,61.81,0
20250724,1753286400000,63.5,63.580000000000005,60.2,60.52,137445,840815515.0,0.0,15,63.18,0
20250725,1753372800000,60.660000000000004,61.39000000000001,60.370000000000005,60.81,68799,418720984.0,0.0,15,60.52,0
20250728,1753632000000,60.83,61.96,60.82,61.55,77037,473454168.0,0.0,15,60.81,0
20250729,1753718400000,61.35,64.3,61.0,64.16,121272,763303491.0,0.0,15,61.55,0
20250730,1753804800000,63.34,63.64,61.25,61.92,89364,556122853.0,0.0,15,64.16,0
20250731,1753891200000,62.34,66.66000000000001,62.050000000000004,63.410000000000004,172104,1109463430.9999998,0.0,15,61.92,0
20250801,1753977600000,64.66,64.8,61.0,62.26,111118,696204633.0,0.0,15,63.41,0
20250804,1754236800000,61.510000000000005,62.86,61.31,62.07,82826,512677569.0,0.0,15,62.260000000000005,0
20250805,1754323200000,62.379999999999995,62.76,60.9,62.19,88817,547566451.0,0.0,15,62.07,0
20250806,1754409600000,62.0,64.19,61.68,63.59,92807,587251651.0,0.0,15,62.19,0
20250807,1754496000000,63.81,67.37,62.85,64.18,127611,827145612.0,0.0,15,63.59,0
20250808,1754582400000,64.13000000000001,64.18,62.02,62.02,74566,467634800.99999994,0.0,15,64.18,0
20250811,1754841600000,61.77,64.94,61.660000000000004,64.9,120438,772197853.0000001,0.0,15,62.02,0
20250812,1754928000000,64.89999999999999,68.66,64.1,67.61999999999999,155766,1033243886.0,0.0,15,64.89999999999999,0
20250813,1755014400000,68.10000000000001,68.85000000000001,66.51,68.16000000000001,146008,987948943.9999999,0.0,15,67.62,0
20250814,1755100800000,68.0,69.88,67.03,67.46000000000001,143937,987150850.0000001,0.0,15,68.16,0
20250815,1755187200000,67.01,68.48,66.51,68.21000000000001,116108,785255319.9999999,0.0,15,67.46000000000001,0
20250818,1755446400000,69.0,81.85000000000001,68.68,81.85000000000001,203697,1576969267.0,0.0,15,68.21000000000001,0
20250819,1755532800000,84.77000000000001,86.66,81.84,83.5,232160,1937248523.0,0.0,15,81.85000000000001,0
20250820,1755619200000,81.0,85.0,77.0,83.56,169721,1391673143.0,0.0,15,83.5,0
20250821,1755705600000,83.59,83.99,80.55,81.24,102151,834604923.0,0.0,15,83.56,0
20250822,1755792000000,81.85000000000001,94.00000000000001,80.10000000000001,90.15,229321,1979918327.0,0.0,15,81.24000000000001,0
20250825,1756051200000,95.5,98.0,89.95,91.08,215302,1999298633.0,0.0,15,90.15,0
20250826,1756137600000,91.09,92.12,88.61,88.92999999999999,163212,1473817090.0,0.0,15,91.08,0
20250827,1756224000000,89.07,93.5,88.36,88.69,171758,1561133568.0,0.0,15,88.92999999999999,0
20250828,1756310400000,88.68,94.9,88.5,93.7,182001,1663849953.0,0.0,15,88.69,0
20250829,1756396800000,92.0,92.0,87.87,89.30000000000001,150206,1342473068.0,0.0,15,93.7,0
20250901,1756656000000,93.28,106.8,92.0,103.61,241199,2375640205.0000005,0.0,15,89.3,0
20250902,1756742400000,100.98,102.0,89.58,91.53999999999999,230431,2185810215.0,0.0,15,103.61,0
20250903,1756828800000,90.0,92.5,86.79,90.31,136272,1224397443.0,0.0,15,91.54,0
20250904,1756915200000,90.31,91.0,80.22,82.32,178035,1500746859.0,0.0,15,90.31,0
20250905,1757001600000,82.38,85.91,80.8,85.28,125751,1053313528.0,0.0,15,82.32,0
20250908,1757260800000,85.0,85.78,82.62,84.0,104310,875144648.0,0.0,15,85.28,0
20250909,1757347200000,83.33,84.80000000000001,81.73,82.9,72776,606073231.0,0.0,15,84.0,0
20250910,1757433600000,84.73,85.75,83.01,84.45,105350,891535854.0,0.0,15,82.9,0
20250911,1757520000000,85.75,91.78,84.3,89.67,159346,1411329062.0,0.0,15,84.45,0
20250912,1757606400000,88.9,94.84,87.9,92.15,150256,1392982792.9999998,0.0,15,89.67,0
20250915,1757865600000,89.81,95.55,87.52,93.19999999999999,134460,1225985332.0,0.0,15,92.14999999999999,0
20250916,1757952000000,92.83,93.2,89.5,91.18,97508,889616640.0000001,0.0,15,93.2,0
20250917,1758038400000,91.0,93.0,89.51,91.48,88624,808814488.0,0.0,15,91.18,0
20250918,1758124800000,91.18,95.28,89.28,92.86,144306,1341037841.0,0.0,15,91.48,0
20250919,1758211200000,94.01,96.5,90.39,91.27,114181,1065873968.9999999,0.0,15,92.86,0
20250922,1758470400000,90.55,94.77,90.3,94.36,105664,985996735.0000001,0.0,15,91.27,0
20250923,1758556800000,96.48,98.5,88.59,92.29,128018,1192690726.0000002,0.0,15,94.36,0
20250924,1758643200000,89.97000000000001,94.89,89.04,94.02000000000001,102610,945977191.9999999,0.0,15,92.29,0
20250925,1758729600000,95.97999999999999,98.85,94.13,95.75,136233,1321495835.0,0.0,15,94.02,0
20250926,1758816000000,94.00999999999999,96.16,90.3,90.39,100006,922499551.0000001,0.0,15,95.75,0
20250929,1759075200000,89.38000000000001,91.50000000000001,88.60000000000001,89.39000000000001,78127,700192598.0,0.0,15,90.39000000000001,0
20250930,1759161600000,90.47,93.5,88.9,89.41000000000001,72982,661150467.0,0.0,15,89.39,0
20251009,1759939200000,90.2,95.65,90.2,91.93,127247,1192202404.0,0.0,15,89.41,0
20251010,1760025600000,90.74000000000001,91.17,86.95,87.89,80272,714103600.0,0.0,15,91.93,0
20251013,1760284800000,81.62,86.38000000000001,81.62,85.89,69874,593431580.0,0.0,15,87.89,0
20251014,1760371200000,87.0,88.2,82.8,83.27,68010,578562609.0,0.0,15,85.89,0
20251015,1760457600000,83.36,84.31,81.5,84.06,45393,376742104.0,0.0,15,83.27,0
20251016,1760544000000,84.0,85.09,82.55,83.3,47616,399226454.00000006,0.0,15,84.06,0
20251017,1760630400000,84.89999999999999,87.08,82.63,84.5,90715,770088061.0,0.0,15,83.3,0
20251020,1760889600000,83.94000000000001,85.72000000000001,82.07000000000001,83.56,87210,727822796.0000001,0.0,15,84.50000000000001,0
20251021,1760976000000,83.58,86.17,83.56,85.8,77593,661893108.0000001,0.0,15,83.56,0
20251022,1761062400000,80.00000000000001,80.00000000000001,75.60000000000001,77.50000000000001,161944,1254143127.0,0.0,15,85.80000000000001,0
20251023,1761148800000,76.64,77.24,74.0,76.71,111284,838680125.0,0.0,15,77.5,0
20251024,1761235200000,77.36000000000001,78.51,76.18,78.39,88270,683338556.0,0.0,15,76.71000000000001,0
20251027,1761494400000,80.22000000000001,80.75000000000001,77.21000000000001,78.72000000000001,103056,811704412.0,0.0,15,78.39000000000001,0
20251028,1761580800000,78.0,78.6,76.28,76.86,105980,817976741.0,0.0,15,78.72,0
20251029,1761667200000,77.45,79.0,75.67,78.84,81255,628643963.0000001,0.0,15,76.86,0
20251030,1761753600000,78.60000000000001,78.78,75.4,75.4,82049,626825510.0,0.0,15,78.84,0
20251031,1761840000000,75.36999999999999,75.74,74.16,74.31,61257,458314156.00000006,0.0,15,75.39999999999999,0
20251103,1762099200000,73.8,73.99,71.88,73.25999999999999,67476,491086872.0,0.0,15,74.31,0
20251104,1762185600000,73.2,73.2,70.44,71.28,65591,468403767.99999994,0.0,15,73.25999999999999,0
20251105,1762272000000,70.3,71.0,69.5,70.42,53860,378690728.0,0.0,15,71.28,0
20251106,1762358400000,70.84,74.19,70.84,73.26,93909,686889863.0,0.0,15,70.42,0
20251107,1762444800000,72.39,74.2,72.12,73.14,60884,446103725.0,0.0,15,73.26,0
20251110,1762704000000,73.48,73.96000000000001,70.85000000000001,71.82000000000001,51014,365963048.0,0.0,15,73.14000000000001,0
20251111,1762790400000,72.39,72.75,69.72,69.92999999999999,47866,338392880.0,0.0,15,71.82,0
20251112,1762876800000,69.62,69.93,68.4,69.05000000000001,33612,232264922.0,0.0,15,69.93,0
20251113,1762963200000,68.91,69.97,68.8,69.89,34624,240131005.0,0.0,15,69.05,0
20251114,1763049600000,69.5,70.06,68.34,68.62,37035,256076280.0,0.0,15,69.89,0
20251117,1763308800000,68.44,69.26,68.03,68.68,34556,237172391.0,0.0,15,68.62,0
20251118,1763395200000,68.2,69.86,67.58,68.7,40524,279225936.0,0.0,15,68.67999999999999,0
20251119,1763481600000,68.76,69.86000000000001,67.82000000000001,68.23,42563,292596923.99999994,0.0,15,68.7,0
20251120,1763568000000,69.0,70.39,67.76,68.38000000000001,46607,319486230.0,0.0,15,68.23,0
20251121,1763654400000,67.04,68.15,65.0,66.25,55536,371197883.0,0.0,15,68.38,0
20251124,1763913600000,66.41,70.68,66.36,69.57,104637,722501796.0,0.0,15,66.25,0
20251125,1764000000000,69.96000000000001,74.41000000000001,69.96000000000001,73.74000000000001,127621,933011446.0000001,0.0,15,69.57000000000001,0
20251126,1764086400000,73.0,75.68,72.0,74.0,116050,861245641.0,0.0,15,73.74,0
20251127,1764172800000,73.25999999999999,76.28999999999999,73.24,73.69999999999999,81847,611355251.0,0.0,15,74.0,0
20251128,1764259200000,73.31,74.88,72.06,74.05,64248,474038839.00000006,0.0,15,73.7,0
20251201,1764518400000,74.05000000000001,76.88000000000001,72.93,75.27000000000001,87331,652152377.0000001,0.0,15,74.05000000000001,0
20251202,1764604800000,74.82,76.1,74.16,75.5,69241,519643680.0,0.0,15,75.27,0
20251203,1764691200000,75.11,75.99,73.02,73.17999999999999,66306,490882626.00000006,0.0,15,75.5,0
20251204,1764777600000,73.07000000000001,73.89,71.81,72.93,48531,353552714.0,0.0,15,73.18,0
20251205,1764864000000,72.8,74.38,72.3,73.72,52749,387818052.0,0.0,15,72.92999999999999,0
20251208,1765123200000,73.16000000000001,83.80000000000001,73.10000000000001,82.00000000000001,193243,1537147521.0,0.0,15,73.72000000000001,0
20251209,1765209600000,85.54,89.92,84.5,88.05,233081,2031316714.9999998,0.0,15,82.0,0
20251210,1765296000000,86.0,87.25,84.19,86.98,131002,1122213774.0,0.0,15,88.05,0
20251211,1765382400000,86.98,86.98,81.85000000000001,81.94000000000001,96466,808169704.9999999,0.0,15,86.98,0
20251212,1765468800000,81.13,85.92,79.78,83.53,145963,1215404804.0,0.0,15,81.94,0
20251215,1765728000000,82.03999999999999,83.25,78.3,78.82,110583,890866821.9999999,0.0,15,83.53,0
20251216,1765814400000,78.51,79.5,76.0,77.45,83686,645533015.0,0.0,15,78.82,0
20251217,1765900800000,77.59,85.1,77.36,83.52,129693,1048207941.0,0.0,15,77.45,0
20251218,1765987200000,82.04,83.15,80.53,80.59,85047,692576986.0,0.0,15,83.52,0
20251219,1766073600000,81.39,81.89999999999999,78.3,78.81,69592,553378680.0,0.0,15,80.59,0
20251222,1766332800000,79.98,82.5,79.5,81.69,92655,753025229.0,0.0,15,78.81,0
20251223,1766419200000,81.69,86.5,80.8,84.6,131830,1108269053.0,0.0,15,81.69,0
20251224,1766505600000,84.6,84.83,82.13,83.22,100907,837056774.0000001,0.0,15,84.6,0
20251225,1766592000000,83.2,83.27000000000001,80.32000000000001,82.49000000000001,68419,560305673.0000001,0.0,15,83.22000000000001,0
20251226,1766678400000,81.7,84.5,80.52,82.8,82482,682343433.0000001,0.0,15,82.49,0
20251229,1766937600000,82.5,91.0,82.5,88.49,166169,1471024499.0,0.0,15,82.8,0
20251230,1767024000000,86.71,92.8,86.52,89.45,114280,1032791835.0,0.0,15,88.49,0
20251231,1767110400000,89.65,90.95,87.04,88.80000000000001,74915,667223925.0,0.0,15,89.45,0
20260105,1767542400000,89.17999999999999,91.89999999999999,88.02,89.97999999999999,92051,827585263.0,0.0,15,88.8,0
20260106,1767628800000,89.16000000000001,89.2,85.10000000000001,86.34,106636,924277251.0000001,0.0,15,89.98,0
20260107,1767715200000,86.39,89.26,85.93,87.71000000000001,80678,708383603.0,0.0,15,86.34,0
20260108,1767801600000,87.28,89.16,84.5,85.49,86804,750711949.9999999,0.0,15,87.71,0
20260109,1767888000000,84.72,87.28,81.7,85.83,154796,1297967303.0,0.0,15,85.49000000000001,0
20260112,1768147200000,85.86,90.69,85.86,88.88,185644,1649135467.0000002,0.0,15,85.83,0
20260113,1768233600000,89.78999999999999,89.85,82.66,83.00999999999999,128698,1087960192.0,0.0,15,88.88,0
20260114,1768320000000,83.69999999999999,90.28999999999999,83.38,88.64,183594,1600729705.0000002,0.0,15,83.00999999999999,0
20260115,1768406400000,88.5,89.89999999999999,84.02,85.47,112977,969860770.0,0.0,15,88.64,0
20260116,1768492800000,85.44999999999999,87.3,84.24,86.6,96509,825783081.0,0.0,15,85.47,0
20260119,1768752000000,85.74000000000001,85.74000000000001,75.60000000000001,76.09,219721,1726989643.0,0.0,15,86.60000000000001,0
20260120,1768838400000,76.06,77.0,73.78,74.35,83399,627118022.0,0.0,15,76.09,0
20260121,1768924800000,73.7,75.85000000000001,73.45,75.46000000000001,61449,462051851.0,0.0,15,74.35000000000001,0
20260122,1769011200000,75.96,78.36999999999999,75.8,76.78999999999999,64181,493067654.00000006,0.0,15,75.46,0
20260123,1769097600000,76.60000000000001,76.88000000000001,75.2,76.49000000000001,67689,515905119.0,0.0,15,76.79,0
20260126,1769356800000,78.0,86.92,78.0,86.4,222561,1856439892.0000002,0.0,15,76.49,0
20260127,1769443200000,84.18,85.7,80.39,85.24,123403,1028952484.9999999,0.0,15,86.4,0
20260128,1769529600000,86.89999999999999,86.89999999999999,81.88,82.33999999999999,75774,629883829.0,0.0,15,85.24,0
20260129,1769616000000,82.33,82.33,78.22,78.24,81587,652144359.0,0.0,15,82.34,0
20260130,1769702400000,77.67,83.16000000000001,76.76,81.17,87604,702894452.0,0.0,15,78.24000000000001,0
20260202,1769961600000,80.26,81.72,77.4,77.51,60160,477906172.00000006,0.0,15,81.17,0
20260203,1770048000000,79.0,81.92999999999999,78.02,80.63,88921,714104334.0000001,0.0,15,77.50999999999999,0
20260204,1770134400000,79.11,79.5,75.08,76.63,81988,626435981.0,0.0,15,80.63,0
20260205,1770220800000,75.16000000000001,76.19000000000001,73.01,73.46000000000001,66560,493483012.0,0.0,15,76.63000000000001,0
20260206,1770307200000,72.58,74.0,71.51,73.18,47723,348019782.0,0.0,15,73.46000000000001,0
20260209,1770566400000,75.3,79.64999999999999,74.77,77.08,92633,714276650.0000001,0.0,15,73.17999999999999,0
20260210,1770652800000,77.85000000000001,80.88000000000001,77.10000000000001,77.80000000000001,92027,727196393.0,0.0,15,77.08000000000001,0
20260211,1770739200000,77.0,79.9,76.68,76.86000000000001,48956,381106937.0,0.0,15,77.80000000000001,0
20260212,1770825600000,77.4,85.48,77.0,84.55,159339,1304510380.0,0.0,15,76.86,0
20260213,1770912000000,83.54,85.85,82.28,82.88,82501,694163837.0,0.0,15,84.55,0
20260224,1771862400000,85.01,88.5,82.75,85.08,128754,1103592431.0,0.0,15,82.88,0
20260225,1771948800000,85.92,86.23,82.73,84.19,77675,653148211.0,0.0,15,85.08,0
20260226,1772035200000,84.22,91.88,84.22,89.17999999999999,145974,1290929889.0,0.0,15,84.19,0
20260227,1772121600000,87.72,93.18,86.23,90.76,108333,975019306.0,0.0,15,89.18,0
20260302,1772380800000,88.93,94.08000000000001,88.51,91.02000000000001,104167,951373081.0000001,0.0,15,90.76,0
20260303,1772467200000,90.89,90.89,84.91,85.22,77177,675126357.0,0.0,15,91.02,0
20260304,1772553600000,84.25000000000001,88.74000000000001,84.10000000000001,84.62,64778,554962115.0,0.0,15,85.22000000000001,0
20260305,1772640000000,87.9,88.17,84.0,85.68,64664,556554421.0,0.0,15,84.62,0
20260306,1772726400000,85.05,86.92999999999999,84.05,85.0,42169,359492993.0,0.0,15,85.67999999999999,0
20260309,1772985600000,83.5,84.0,77.0,82.64,89672,714206712.0,0.0,15,85.0,0
20260310,1773072000000,84.26,89.2,84.21000000000001,88.31,108505,951033897.9999999,0.0,15,82.64000000000001,0
20260311,1773158400000,88.3,96.76,87.25,93.64,184247,1690884600.0,0.0,15,88.31,0
20260312,1773244800000,93.17,100.98,92.65,96.60000000000001,167427,1622625184.0,0.0,15,93.64,0
20260313,1773331200000,95.19000000000001,95.54,91.4,91.94000000000001,97831,913883709.0,0.0,15,96.60000000000001,0
20260316,1773590400000,91.87,92.11,87.65,89.32000000000001,67672,601571848.0,0.0,15,91.94000000000001,0
20260317,1773676800000,90.0,90.21000000000001,81.7,81.82000000000001,110455,931019669.0,0.0,15,89.32000000000001,0
20260318,1773763200000,82.6,91.0,81.24,89.83999999999999,130671,1124341626.0,0.0,15,81.82,0
20260319,1773849600000,87.95,92.88,87.0,88.67,89880,804911105.0000001,0.0,15,89.84,0
20260320,1773936000000,89.95,91.76,85.51,85.60000000000001,94624,830089998.0,0.0,15,88.67,0
20260323,1774195200000,83.63,85.6,79.19,80.07,85002,695565414.0,0.0,15,85.6,0
20260324,1774281600000,80.97,82.74,78.83,81.92999999999999,89927,728054800.0,0.0,15,80.07,0
20260325,1774368000000,83.27,87.28999999999999,83.27,85.39999999999999,90092,771341704.0,0.0,15,81.92999999999999,0
20260326,1774454400000,84.46000000000001,86.7,81.71000000000001,82.48,67639,567869933.0,0.0,15,85.4,0
20260327,1774540800000,81.22,83.94,79.41,82.06,78696,641904384.0,0.0,15,82.47999999999999,0
20260330,1774800000000,77.69999999999999,80.49,76.13,79.71,102458,801202242.9999999,0.0,15,82.06,0
20260331,1774886400000,79.04,79.95,76.09,76.56,75302,584657570.0,0.0,15,79.71000000000001,0
20260401,1774972800000,78.58,82.7,78.5,81.55,91732,741902743.0000001,0.0,15,76.56,0
20260402,1775059200000,81.13000000000001,83.93,79.15,80.34,68975,560073760.0,0.0,15,81.55000000000001,0
20260403,1775145600000,81.0,82.48,80.34,80.63000000000001,61381,498531984.00000006,0.0,15,80.34,0
20260407,1775491200000,80.66000000000001,87.00000000000001,80.60000000000001,85.80000000000001,126522,1072069358.0,0.0,15,80.63000000000001,0
20260408,1775577600000,87.33000000000001,92.50000000000001,86.10000000000001,92.35000000000001,160503,1438286870.0,0.0,15,85.80000000000001,0
20260409,1775664000000,89.60000000000001,93.16000000000001,89.60000000000001,92.11000000000001,90745,831105480.0000001,0.0,15,92.35000000000001,0
20260410,1775750400000,92.30000000000001,92.80000000000001,90.32000000000001,90.44000000000001,84822,774749666.0,0.0,15,92.11000000000001,0
20260413,1776009600000,89.46,94.88,89.11,92.26,86988,804815224.0,0.0,15,90.44,0
20260414,1776096000000,92.51,93.99000000000001,91.01,92.96000000000001,77226,713973458.0,0.0,15,92.26,0
20260415,1776182400000,93.00999999999999,96.5,92.41,93.52,119758,1131414091.0,0.0,15,92.96,0
20260416,1776268800000,93.27000000000001,97.5,93.01,95.55000000000001,105574,1009036972.0,0.0,15,93.52000000000001,0
20260417,1776355200000,94.33,98.0,93.98,95.97,92912,894121405.0,0.0,15,95.55,0
20260420,1776614400000,96.5,100.37,95.81,99.53,133416,1316555028.0,0.0,15,95.97,0
20260421,1776700800000,93.1,93.53,89.0,92.99,154062,1406487180.0000002,0.0,15,99.53,0
20260422,1776787200000,92.82,98.0,91.5,95.74,125071,1185292943.0,0.0,15,92.99,0
20260423,1776873600000,96.0,96.62,91.8,92.3,92752,867519666.0,0.0,15,95.74,0
20260424,1776960000000,92.3,102.5,89.0,100.6,175959,1692924155.0,0.0,15,92.3,0
20260427,1777219200000,100.67,101.96,96.75,98.98,127907,1263047204.0,0.0,15,100.6,0
20260428,1777305600000,98.0,98.95,92.5,93.18,104857,988375840.9999999,0.0,15,98.98,0
20260429,1777392000000,91.81,95.58,91.52,91.55,106564,988710291.0000001,0.0,15,93.17999999999999,0
20260430,1777478400000,92.03,96.33,89.05,92.92,119513,1108981260.0,0.0,15,91.55,0
20260506,1777996800000,96.01,103.64,96.01,101.62,176661,1769596580.0000002,0.0,15,92.92,0
20260507,1778083200000,102.03,102.04,98.82000000000001,99.00000000000001,116947,1164882056.0,0.0,15,101.62,0
20260508,1778169600000,98.4,100.92,96.9,99.38000000000001,101550,1004676285.0,0.0,15,99.0,0
20260511,1778428800000,101.14999999999999,105.42,98.58,102.3,132175,1353239963.0,0.0,15,99.38,0
20260512,1778515200000,103.0,104.2,99.91,102.69,124300,1268977361.0,0.0,15,102.3,0
20260513,1778601600000,100.14,104.43,98.5,103.99,109243,1116071030.0,0.0,15,102.69,0
20260514,1778688000000,108.5,110.33,97.53,97.62,173807,1774222088.0,0.0,15,103.99,0
20260515,1778774400000,100.04,103.86,94.7,95.48,138075,1367714922.0,0.0,15,97.62,0
20260518,1779033600000,94.91000000000001,97.5,94.43,95.2,90134,864979981.0,0.0,15,95.48,0
20260519,1779120000000,94.5,100.2,90.5,99.48,119240,1133087541.0,0.0,15,95.2,0
20260520,1779206400000,98.05000000000001,100.47000000000001,96.32000000000001,98.58000000000001,77933,766287485.0,0.0,15,99.48,0
20260521,1779292800000,100.00000000000001,102.93,92.10000000000001,92.61000000000001,129285,1264546613.0000002,0.0,15,98.58000000000001,0
20260522,1779379200000,92.94,100.79,92.0,98.49,128138,1236467512.0,0.0,15,92.61,0
20260525,1779638400000,70.0,72.19,68.08,72.0,170082,1202811282.9999998,0.0,15,69.98,0
20260526,1779724800000,71.0,71.66000000000001,67.51,68.56,151497,1049781541.0,0.0,15,72.0,0
