date,time,open,high,low,close,volume,amount,settelementPrice,openInterest,preClose,suspendFlag
20201015,1602691200000,,,,,0,0.0,0.0,0,,1
20201016,1602777600000,,,,,0,0.0,0.0,0,,1
20201019,1603036800000,,,,,0,0.0,0.0,0,,1
20201020,1603123200000,,,,,0,0.0,0.0,0,,1
20201021,1603209600000,,,,,0,0.0,0.0,0,,1
20201022,1603296000000,,,,,0,0.0,0.0,0,,1
20201023,1603382400000,,,,,0,0.0,0.0,0,,1
20201026,1603641600000,,,,,0,0.0,0.0,0,,1
20201027,1603728000000,,,,,0,0.0,0.0,0,,1
20201028,1603814400000,,,,,0,0.0,0.0,0,,1
20201029,1603900800000,,,,,0,0.0,0.0,0,,1
20201030,1603987200000,,,,,0,0.0,0.0,0,,1
20201102,1604246400000,,,,,0,0.0,0.0,0,,1
20201103,1604332800000,,,,,0,0.0,0.0,0,,1
20201104,1604419200000,,,,,0,0.0,0.0,0,,1
20201105,1604505600000,,,,,0,0.0,0.0,0,,1
20201106,1604592000000,,,,,0,0.0,0.0,0,,1
20201109,1604851200000,,,,,0,0.0,0.0,0,,1
20201110,1604937600000,,,,,0,0.0,0.0,0,,1
20201111,1605024000000,,,,,0,0.0,0.0,0,,1
20201112,1605110400000,,,,,0,0.0,0.0,0,,1
20201113,1605196800000,,,,,0,0.0,0.0,0,,1
20201116,1605456000000,,,,,0,0.0,0.0,0,,1
20201117,1605542400000,,,,,0,0.0,0.0,0,,1
20201118,1605628800000,,,,,0,0.0,0.0,0,,1
20201119,1605715200000,,,,,0,0.0,0.0,0,,1
20201120,1605801600000,,,,,0,0.0,0.0,0,,1
20201123,1606060800000,,,,,0,0.0,0.0,0,,1
20201124,1606147200000,,,,,0,0.0,0.0,0,,1
20201125,1606233600000,,,,,0,0.0,0.0,0,,1
20201126,1606320000000,,,,,0,0.0,0.0,0,,1
20201127,1606406400000,,,,,0,0.0,0.0,0,,1
20201130,1606665600000,,,,,0,0.0,0.0,0,,1
20201201,1606752000000,,,,,0,0.0,0.0,0,,1
20201202,1606838400000,,,,,0,0.0,0.0,0,,1
20201203,1606924800000,,,,,0,0.0,0.0,0,,1
20201204,1607011200000,,,,,0,0.0,0.0,0,,1
20201207,1607270400000,,,,,0,0.0,0.0,0,,1
20201208,1607356800000,,,,,0,0.0,0.0,0,,1
20201209,1607443200000,,,,,0,0.0,0.0,0,,1
20201210,1607529600000,,,,,0,0.0,0.0,0,,1
20201211,1607616000000,,,,,0,0.0,0.0,0,,1
20201214,1607875200000,,,,,0,0.0,0.0,0,,1
20201215,1607961600000,,,,,0,0.0,0.0,0,,1
20201216,1608048000000,,,,,0,0.0,0.0,0,,1
20201217,1608134400000,,,,,0,0.0,0.0,0,,1
20201218,1608220800000,,,,,0,0.0,0.0,0,,1
20201221,1608480000000,,,,,0,0.0,0.0,0,,1
20201222,1608566400000,,,,,0,0.0,0.0,0,,1
20201223,1608652800000,,,,,0,0.0,0.0,0,,1
20201224,1608739200000,,,,,0,0.0,0.0,0,,1
20201225,1608825600000,,,,,0,0.0,0.0,0,,1
20201228,1609084800000,,,,,0,0.0,0.0,0,,1
20201229,1609171200000,,,,,0,0.0,0.0,0,,1
20201230,1609257600000,,,,,0,0.0,0.0,0,,1
20201231,1609344000000,,,,,0,0.0,0.0,0,,1
20210104,1609689600000,,,,,0,0.0,0.0,0,,1
20210105,1609776000000,,,,,0,0.0,0.0,0,,1
20210106,1609862400000,,,,,0,0.0,0.0,0,,1
20210107,1609948800000,,,,,0,0.0,0.0,0,,1
20210108,1610035200000,,,,,0,0.0,0.0,0,,1
20210111,1610294400000,,,,,0,0.0,0.0,0,,1
20210112,1610380800000,,,,,0,0.0,0.0,0,,1
20210113,1610467200000,,,,,0,0.0,0.0,0,,1
20210114,1610553600000,,,,,0,0.0,0.0,0,,1
20210115,1610640000000,,,,,0,0.0,0.0,0,,1
20210118,1610899200000,,,,,0,0.0,0.0,0,,1
20210119,1610985600000,,,,,0,0.0,0.0,0,,1
20210120,1611072000000,,,,,0,0.0,0.0,0,,1
20210121,1611158400000,,,,,0,0.0,0.0,0,,1
20210122,1611244800000,,,,,0,0.0,0.0,0,,1
20210125,1611504000000,,,,,0,0.0,0.0,0,,1
20210126,1611590400000,,,,,0,0.0,0.0,0,,1
20210127,1611676800000,,,,,0,0.0,0.0,0,,1
20210128,1611763200000,,,,,0,0.0,0.0,0,,1
20210129,1611849600000,,,,,0,0.0,0.0,0,,1
20210201,1612108800000,,,,,0,0.0,0.0,0,,1
20210202,1612195200000,,,,,0,0.0,0.0,0,,1
20210203,1612281600000,,,,,0,0.0,0.0,0,,1
20210204,1612368000000,,,,,0,0.0,0.0,0,,1
20210205,1612454400000,,,,,0,0.0,0.0,0,,1
20210208,1612713600000,,,,,0,0.0,0.0,0,,1
20210209,1612800000000,,,,,0,0.0,0.0,0,,1
20210210,1612886400000,,,,,0,0.0,0.0,0,,1
20210218,1613577600000,,,,,0,0.0,0.0,0,,1
20210219,1613664000000,,,,,0,0.0,0.0,0,,1
20210222,1613923200000,,,,,0,0.0,0.0,0,,1
20210223,1614009600000,,,,,0,0.0,0.0,0,,1
20210224,1614096000000,,,,,0,0.0,0.0,0,,1
20210225,1614182400000,,,,,0,0.0,0.0,0,,1
20210226,1614268800000,,,,,0,0.0,0.0,0,,1
20210301,1614528000000,,,,,0,0.0,0.0,0,,1
20210302,1614614400000,,,,,0,0.0,0.0,0,,1
20210303,1614700800000,,,,,0,0.0,0.0,0,,1
20210304,1614787200000,,,,,0,0.0,0.0,0,,1
20210305,1614873600000,,,,,0,0.0,0.0,0,,1
20210308,1615132800000,,,,,0,0.0,0.0,0,,1
20210309,1615219200000,,,,,0,0.0,0.0,0,,1
20210310,1615305600000,,,,,0,0.0,0.0,0,,1
20210311,1615392000000,,,,,0,0.0,0.0,0,,1
20210312,1615478400000,,,,,0,0.0,0.0,0,,1
20210315,1615737600000,,,,,0,0.0,0.0,0,,1
20210316,1615824000000,,,,,0,0.0,0.0,0,,1
20210317,1615910400000,,,,,0,0.0,0.0,0,,1
20210318,1615996800000,,,,,0,0.0,0.0,0,,1
20210319,1616083200000,,,,,0,0.0,0.0,0,,1
20210322,1616342400000,,,,,0,0.0,0.0,0,,1
20210323,1616428800000,,,,,0,0.0,0.0,0,,1
20210324,1616515200000,,,,,0,0.0,0.0,0,,1
20210325,1616601600000,,,,,0,0.0,0.0,0,,1
20210326,1616688000000,,,,,0,0.0,0.0,0,,1
20210329,1616947200000,,,,,0,0.0,0.0,0,,1
20210330,1617033600000,,,,,0,0.0,0.0,0,,1
20210331,1617120000000,,,,,0,0.0,0.0,0,,1
20210401,1617206400000,,,,,0,0.0,0.0,0,,1
20210402,1617292800000,,,,,0,0.0,0.0,0,,1
20210406,1617638400000,,,,,0,0.0,0.0,0,,1
20210407,1617724800000,,,,,0,0.0,0.0,0,,1
20210408,1617811200000,,,,,0,0.0,0.0,0,,1
20210409,1617897600000,,,,,0,0.0,0.0,0,,1
20210412,1618156800000,,,,,0,0.0,0.0,0,,1
20210413,1618243200000,,,,,0,0.0,0.0,0,,1
20210414,1618329600000,,,,,0,0.0,0.0,0,,1
20210415,1618416000000,,,,,0,0.0,0.0,0,,1
20210416,1618502400000,,,,,0,0.0,0.0,0,,1
20210419,1618761600000,,,,,0,0.0,0.0,0,,1
20210420,1618848000000,,,,,0,0.0,0.0,0,,1
20210421,1618934400000,,,,,0,0.0,0.0,0,,1
20210422,1619020800000,,,,,0,0.0,0.0,0,,1
20210423,1619107200000,,,,,0,0.0,0.0,0,,1
20210426,1619366400000,,,,,0,0.0,0.0,0,,1
20210427,1619452800000,,,,,0,0.0,0.0,0,,1
20210428,1619539200000,,,,,0,0.0,0.0,0,,1
20210429,1619625600000,,,,,0,0.0,0.0,0,,1
20210430,1619712000000,,,,,0,0.0,0.0,0,,1
20210506,1620230400000,,,,,0,0.0,0.0,0,,1
20210507,1620316800000,,,,,0,0.0,0.0,0,,1
20210510,1620576000000,,,,,0,0.0,0.0,0,,1
20210511,1620662400000,,,,,0,0.0,0.0,0,,1
20210512,1620748800000,,,,,0,0.0,0.0,0,,1
20210513,1620835200000,,,,,0,0.0,0.0,0,,1
20210514,1620921600000,,,,,0,0.0,0.0,0,,1
20210517,1621180800000,,,,,0,0.0,0.0,0,,1
20210518,1621267200000,,,,,0,0.0,0.0,0,,1
20210519,1621353600000,,,,,0,0.0,0.0,0,,1
20210520,1621440000000,,,,,0,0.0,0.0,0,,1
20210521,1621526400000,,,,,0,0.0,0.0,0,,1
20210524,1621785600000,,,,,0,0.0,0.0,0,,1
20210525,1621872000000,,,,,0,0.0,0.0,0,,1
20210526,1621958400000,,,,,0,0.0,0.0,0,,1
20210527,1622044800000,,,,,0,0.0,0.0,0,,1
20210528,1622131200000,,,,,0,0.0,0.0,0,,1
20210531,1622390400000,,,,,0,0.0,0.0,0,,1
20210601,1622476800000,,,,,0,0.0,0.0,0,,1
20210602,1622563200000,,,,,0,0.0,0.0,0,,1
20210603,1622649600000,,,,,0,0.0,0.0,0,,1
20210604,1622736000000,,,,,0,0.0,0.0,0,,1
20210607,1622995200000,,,,,0,0.0,0.0,0,,1
20210608,1623081600000,,,,,0,0.0,0.0,0,,1
20210609,1623168000000,,,,,0,0.0,0.0,0,,1
20210610,1623254400000,,,,,0,0.0,0.0,0,,1
20210611,1623340800000,,,,,0,0.0,0.0,0,,1
20210615,1623686400000,,,,,0,0.0,0.0,0,,1
20210616,1623772800000,,,,,0,0.0,0.0,0,,1
20210617,1623859200000,,,,,0,0.0,0.0,0,,1
20210618,1623945600000,,,,,0,0.0,0.0,0,,1
20210621,1624204800000,,,,,0,0.0,0.0,0,,1
20210622,1624291200000,,,,,0,0.0,0.0,0,,1
20210623,1624377600000,,,,,0,0.0,0.0,0,,1
20210624,1624464000000,,,,,0,0.0,0.0,0,,1
20210625,1624550400000,,,,,0,0.0,0.0,0,,1
20210628,1624809600000,,,,,0,0.0,0.0,0,,1
20210629,1624896000000,,,,,0,0.0,0.0,0,,1
20210630,1624982400000,,,,,0,0.0,0.0,0,,1
20210701,1625068800000,,,,,0,0.0,0.0,0,,1
20210702,1625155200000,,,,,0,0.0,0.0,0,,1
20210705,1625414400000,,,,,0,0.0,0.0,0,,1
20210706,1625500800000,,,,,0,0.0,0.0,0,,1
20210707,1625587200000,,,,,0,0.0,0.0,0,,1
20210708,1625673600000,,,,,0,0.0,0.0,0,,1
20210709,1625760000000,,,,,0,0.0,0.0,0,,1
20210712,1626019200000,,,,,0,0.0,0.0,0,,1
20210713,1626105600000,,,,,0,0.0,0.0,0,,1
20210714,1626192000000,,,,,0,0.0,0.0,0,,1
20210715,1626278400000,,,,,0,0.0,0.0,0,,1
20210716,1626364800000,,,,,0,0.0,0.0,0,,1
20210719,1626624000000,,,,,0,0.0,0.0,0,,1
20210720,1626710400000,,,,,0,0.0,0.0,0,,1
20210721,1626796800000,,,,,0,0.0,0.0,0,,1
20210722,1626883200000,,,,,0,0.0,0.0,0,,1
20210723,1626969600000,,,,,0,0.0,0.0,0,,1
20210726,1627228800000,,,,,0,0.0,0.0,0,,1
20210727,1627315200000,,,,,0,0.0,0.0,0,,1
20210728,1627401600000,,,,,0,0.0,0.0,0,,1
20210729,1627488000000,,,,,0,0.0,0.0,0,,1
20210730,1627574400000,,,,,0,0.0,0.0,0,,1
20210802,1627833600000,,,,,0,0.0,0.0,0,,1
20210803,1627920000000,,,,,0,0.0,0.0,0,,1
20210804,1628006400000,,,,,0,0.0,0.0,0,,1
20210805,1628092800000,,,,,0,0.0,0.0,0,,1
20210806,1628179200000,,,,,0,0.0,0.0,0,,1
20210809,1628438400000,,,,,0,0.0,0.0,0,,1
20210810,1628524800000,,,,,0,0.0,0.0,0,,1
20210811,1628611200000,,,,,0,0.0,0.0,0,,1
20210812,1628697600000,,,,,0,0.0,0.0,0,,1
20210813,1628784000000,,,,,0,0.0,0.0,0,,1
20210816,1629043200000,,,,,0,0.0,0.0,0,,1
20210817,1629129600000,,,,,0,0.0,0.0,0,,1
20210818,1629216000000,,,,,0,0.0,0.0,0,,1
20210819,1629302400000,,,,,0,0.0,0.0,0,,1
20210820,1629388800000,,,,,0,0.0,0.0,0,,1
20210823,1629648000000,,,,,0,0.0,0.0,0,,1
20210824,1629734400000,,,,,0,0.0,0.0,0,,1
20210825,1629820800000,,,,,0,0.0,0.0,0,,1
20210826,1629907200000,,,,,0,0.0,0.0,0,,1
20210827,1629993600000,,,,,0,0.0,0.0,0,,1
20210830,1630252800000,,,,,0,0.0,0.0,0,,1
20210831,1630339200000,,,,,0,0.0,0.0,0,,1
20210901,1630425600000,,,,,0,0.0,0.0,0,,1
20210902,1630512000000,,,,,0,0.0,0.0,0,,1
20210903,1630598400000,,,,,0,0.0,0.0,0,,1
20210906,1630857600000,,,,,0,0.0,0.0,0,,1
20210907,1630944000000,,,,,0,0.0,0.0,0,,1
20210908,1631030400000,,,,,0,0.0,0.0,0,,1
20210909,1631116800000,,,,,0,0.0,0.0,0,,1
20210910,1631203200000,,,,,0,0.0,0.0,0,,1
20210913,1631462400000,,,,,0,0.0,0.0,0,,1
20210914,1631548800000,,,,,0,0.0,0.0,0,,1
20210915,1631635200000,,,,,0,0.0,0.0,0,,1
20210916,1631721600000,,,,,0,0.0,0.0,0,,1
20210917,1631808000000,,,,,0,0.0,0.0,0,,1
20210922,1632240000000,,,,,0,0.0,0.0,0,,1
20210923,1632326400000,,,,,0,0.0,0.0,0,,1
20210924,1632412800000,,,,,0,0.0,0.0,0,,1
20210927,1632672000000,,,,,0,0.0,0.0,0,,1
20210928,1632758400000,,,,,0,0.0,0.0,0,,1
20210929,1632844800000,,,,,0,0.0,0.0,0,,1
20210930,1632931200000,,,,,0,0.0,0.0,0,,1
20211008,1633622400000,,,,,0,0.0,0.0,0,,1
20211011,1633881600000,,,,,0,0.0,0.0,0,,1
20211012,1633968000000,,,,,0,0.0,0.0,0,,1
20211013,1634054400000,,,,,0,0.0,0.0,0,,1
20211014,1634140800000,,,,,0,0.0,0.0,0,,1
20211015,1634227200000,,,,,0,0.0,0.0,0,,1
20211018,1634486400000,,,,,0,0.0,0.0,0,,1
20211019,1634572800000,,,,,0,0.0,0.0,0,,1
20211020,1634659200000,,,,,0,0.0,0.0,0,,1
20211021,1634745600000,,,,,0,0.0,0.0,0,,1
20211022,1634832000000,,,,,0,0.0,0.0,0,,1
20211025,1635091200000,,,,,0,0.0,0.0,0,,1
20211026,1635177600000,,,,,0,0.0,0.0,0,,1
20211027,1635264000000,,,,,0,0.0,0.0,0,,1
20211028,1635350400000,,,,,0,0.0,0.0,0,,1
20211029,1635436800000,,,,,0,0.0,0.0,0,,1
20211101,1635696000000,,,,,0,0.0,0.0,0,,1
20211102,1635782400000,,,,,0,0.0,0.0,0,,1
20211103,1635868800000,,,,,0,0.0,0.0,0,,1
20211104,1635955200000,,,,,0,0.0,0.0,0,,1
20211105,1636041600000,,,,,0,0.0,0.0,0,,1
20211108,1636300800000,,,,,0,0.0,0.0,0,,1
20211109,1636387200000,,,,,0,0.0,0.0,0,,1
20211110,1636473600000,,,,,0,0.0,0.0,0,,1
20211111,1636560000000,,,,,0,0.0,0.0,0,,1
20211112,1636646400000,,,,,0,0.0,0.0,0,,1
20211115,1636905600000,,,,,0,0.0,0.0,0,,1
20211116,1636992000000,,,,,0,0.0,0.0,0,,1
20211117,1637078400000,,,,,0,0.0,0.0,0,,1
20211118,1637164800000,,,,,0,0.0,0.0,0,,1
20211119,1637251200000,,,,,0,0.0,0.0,0,,1
20211122,1637510400000,,,,,0,0.0,0.0,0,,1
20211123,1637596800000,,,,,0,0.0,0.0,0,,1
20211124,1637683200000,,,,,0,0.0,0.0,0,,1
20211125,1637769600000,,,,,0,0.0,0.0,0,,1
20211126,1637856000000,,,,,0,0.0,0.0,0,,1
20211129,1638115200000,,,,,0,0.0,0.0,0,,1
20211130,1638201600000,,,,,0,0.0,0.0,0,,1
20211201,1638288000000,,,,,0,0.0,0.0,0,,1
20211202,1638374400000,,,,,0,0.0,0.0,0,,1
20211203,1638460800000,,,,,0,0.0,0.0,0,,1
20211206,1638720000000,,,,,0,0.0,0.0,0,,1
20211207,1638806400000,,,,,0,0.0,0.0,0,,1
20211208,1638892800000,,,,,0,0.0,0.0,0,,1
20211209,1638979200000,,,,,0,0.0,0.0,0,,1
20211210,1639065600000,,,,,0,0.0,0.0,0,,1
20211213,1639324800000,,,,,0,0.0,0.0,0,,1
20211214,1639411200000,,,,,0,0.0,0.0,0,,1
20211215,1639497600000,,,,,0,0.0,0.0,0,,1
20211216,1639584000000,,,,,0,0.0,0.0,0,,1
20211217,1639670400000,,,,,0,0.0,0.0,0,,1
20211220,1639929600000,,,,,0,0.0,0.0,0,,1
20211221,1640016000000,,,,,0,0.0,0.0,0,,1
20211222,1640102400000,,,,,0,0.0,0.0,0,,1
20211223,1640188800000,,,,,0,0.0,0.0,0,,1
20211224,1640275200000,,,,,0,0.0,0.0,0,,1
20211227,1640534400000,,,,,0,0.0,0.0,0,,1
20211228,1640620800000,,,,,0,0.0,0.0,0,,1
20211229,1640707200000,,,,,0,0.0,0.0,0,,1
20211230,1640793600000,,,,,0,0.0,0.0,0,,1
20211231,1640880000000,,,,,0,0.0,0.0,0,,1
20220104,1641225600000,,,,,0,0.0,0.0,0,,1
20220105,1641312000000,,,,,0,0.0,0.0,0,,1
20220106,1641398400000,,,,,0,0.0,0.0,0,,1
20220107,1641484800000,,,,,0,0.0,0.0,0,,1
20220110,1641744000000,,,,,0,0.0,0.0,0,,1
20220111,1641830400000,,,,,0,0.0,0.0,0,,1
20220112,1641916800000,,,,,0,0.0,0.0,0,,1
20220113,1642003200000,,,,,0,0.0,0.0,0,,1
20220114,1642089600000,,,,,0,0.0,0.0,0,,1
20220117,1642348800000,,,,,0,0.0,0.0,0,,1
20220118,1642435200000,,,,,0,0.0,0.0,0,,1
20220119,1642521600000,,,,,0,0.0,0.0,0,,1
20220120,1642608000000,,,,,0,0.0,0.0,0,,1
20220121,1642694400000,,,,,0,0.0,0.0,0,,1
20220124,1642953600000,,,,,0,0.0,0.0,0,,1
20220125,1643040000000,,,,,0,0.0,0.0,0,,1
20220126,1643126400000,,,,,0,0.0,0.0,0,,1
20220127,1643212800000,,,,,0,0.0,0.0,0,,1
20220128,1643299200000,,,,,0,0.0,0.0,0,,1
20220207,1644163200000,,,,,0,0.0,0.0,0,,1
20220208,1644249600000,,,,,0,0.0,0.0,0,,1
20220209,1644336000000,,,,,0,0.0,0.0,0,,1
20220210,1644422400000,,,,,0,0.0,0.0,0,,1
20220211,1644508800000,,,,,0,0.0,0.0,0,,1
20220214,1644768000000,,,,,0,0.0,0.0,0,,1
20220215,1644854400000,,,,,0,0.0,0.0,0,,1
20220216,1644940800000,,,,,0,0.0,0.0,0,,1
20220217,1645027200000,,,,,0,0.0,0.0,0,,1
20220218,1645113600000,,,,,0,0.0,0.0,0,,1
20220221,1645372800000,,,,,0,0.0,0.0,0,,1
20220222,1645459200000,,,,,0,0.0,0.0,0,,1
20220223,1645545600000,,,,,0,0.0,0.0,0,,1
20220224,1645632000000,,,,,0,0.0,0.0,0,,1
20220225,1645718400000,,,,,0,0.0,0.0,0,,1
20220228,1645977600000,,,,,0,0.0,0.0,0,,1
20220301,1646064000000,,,,,0,0.0,0.0,0,,1
20220302,1646150400000,,,,,0,0.0,0.0,0,,1
20220303,1646236800000,,,,,0,0.0,0.0,0,,1
20220304,1646323200000,,,,,0,0.0,0.0,0,,1
20220307,1646582400000,,,,,0,0.0,0.0,0,,1
20220308,1646668800000,,,,,0,0.0,0.0,0,,1
20220309,1646755200000,,,,,0,0.0,0.0,0,,1
20220310,1646841600000,,,,,0,0.0,0.0,0,,1
20220311,1646928000000,,,,,0,0.0,0.0,0,,1
20220314,1647187200000,,,,,0,0.0,0.0,0,,1
20220315,1647273600000,,,,,0,0.0,0.0,0,,1
20220316,1647360000000,,,,,0,0.0,0.0,0,,1
20220317,1647446400000,,,,,0,0.0,0.0,0,,1
20220318,1647532800000,,,,,0,0.0,0.0,0,,1
20220321,1647792000000,,,,,0,0.0,0.0,0,,1
20220322,1647878400000,,,,,0,0.0,0.0,0,,1
20220323,1647964800000,,,,,0,0.0,0.0,0,,1
20220324,1648051200000,,,,,0,0.0,0.0,0,,1
20220325,1648137600000,,,,,0,0.0,0.0,0,,1
20220328,1648396800000,,,,,0,0.0,0.0,0,,1
20220329,1648483200000,,,,,0,0.0,0.0,0,,1
20220330,1648569600000,,,,,0,0.0,0.0,0,,1
20220331,1648656000000,,,,,0,0.0,0.0,0,,1
20220401,1648742400000,,,,,0,0.0,0.0,0,,1
20220406,1649174400000,,,,,0,0.0,0.0,0,,1
20220407,1649260800000,,,,,0,0.0,0.0,0,,1
20220408,1649347200000,,,,,0,0.0,0.0,0,,1
20220411,1649606400000,,,,,0,0.0,0.0,0,,1
20220412,1649692800000,,,,,0,0.0,0.0,0,,1
20220413,1649779200000,,,,,0,0.0,0.0,0,,1
20220414,1649865600000,,,,,0,0.0,0.0,0,,1
20220415,1649952000000,,,,,0,0.0,0.0,0,,1
20220418,1650211200000,,,,,0,0.0,0.0,0,,1
20220419,1650297600000,,,,,0,0.0,0.0,0,,1
20220420,1650384000000,,,,,0,0.0,0.0,0,,1
20220421,1650470400000,,,,,0,0.0,0.0,0,,1
20220422,1650556800000,,,,,0,0.0,0.0,0,,1
20220425,1650816000000,,,,,0,0.0,0.0,0,,1
20220426,1650902400000,,,,,0,0.0,0.0,0,,1
20220427,1650988800000,,,,,0,0.0,0.0,0,,1
20220428,1651075200000,,,,,0,0.0,0.0,0,,1
20220429,1651161600000,,,,,0,0.0,0.0,0,,1
20220505,1651680000000,,,,,0,0.0,0.0,0,,1
20220506,1651766400000,,,,,0,0.0,0.0,0,,1
20220509,1652025600000,,,,,0,0.0,0.0,0,,1
20220510,1652112000000,,,,,0,0.0,0.0,0,,1
20220511,1652198400000,,,,,0,0.0,0.0,0,,1
20220512,1652284800000,,,,,0,0.0,0.0,0,,1
20220513,1652371200000,,,,,0,0.0,0.0,0,,1
20220516,1652630400000,,,,,0,0.0,0.0,0,,1
20220517,1652716800000,,,,,0,0.0,0.0,0,,1
20220518,1652803200000,,,,,0,0.0,0.0,0,,1
20220519,1652889600000,,,,,0,0.0,0.0,0,,1
20220520,1652976000000,,,,,0,0.0,0.0,0,,1
20220523,1653235200000,,,,,0,0.0,0.0,0,,1
20220524,1653321600000,,,,,0,0.0,0.0,0,,1
20220525,1653408000000,,,,,0,0.0,0.0,0,,1
20220526,1653494400000,,,,,0,0.0,0.0,0,,1
20220527,1653580800000,,,,,0,0.0,0.0,0,,1
20220530,1653840000000,,,,,0,0.0,0.0,0,,1
20220531,1653926400000,,,,,0,0.0,0.0,0,,1
20220601,1654012800000,,,,,0,0.0,0.0,0,,1
20220602,1654099200000,,,,,0,0.0,0.0,0,,1
20220606,1654444800000,,,,,0,0.0,0.0,0,,1
20220607,1654531200000,,,,,0,0.0,0.0,0,,1
20220608,1654617600000,,,,,0,0.0,0.0,0,,1
20220609,1654704000000,,,,,0,0.0,0.0,0,,1
20220610,1654790400000,,,,,0,0.0,0.0,0,,1
20220613,1655049600000,,,,,0,0.0,0.0,0,,1
20220614,1655136000000,,,,,0,0.0,0.0,0,,1
20220615,1655222400000,,,,,0,0.0,0.0,0,,1
20220616,1655308800000,,,,,0,0.0,0.0,0,,1
20220617,1655395200000,,,,,0,0.0,0.0,0,,1
20220620,1655654400000,,,,,0,0.0,0.0,0,,1
20220621,1655740800000,,,,,0,0.0,0.0,0,,1
20220622,1655827200000,,,,,0,0.0,0.0,0,,1
20220623,1655913600000,,,,,0,0.0,0.0,0,,1
20220624,1656000000000,,,,,0,0.0,0.0,0,,1
20220627,1656259200000,,,,,0,0.0,0.0,0,,1
20220628,1656345600000,,,,,0,0.0,0.0,0,,1
20220629,1656432000000,,,,,0,0.0,0.0,0,,1
20220630,1656518400000,,,,,0,0.0,0.0,0,,1
20220701,1656604800000,,,,,0,0.0,0.0,0,,1
20220704,1656864000000,,,,,0,0.0,0.0,0,,1
20220705,1656950400000,,,,,0,0.0,0.0,0,,1
20220706,1657036800000,,,,,0,0.0,0.0,0,,1
20220707,1657123200000,,,,,0,0.0,0.0,0,,1
20220708,1657209600000,,,,,0,0.0,0.0,0,,1
20220711,1657468800000,,,,,0,0.0,0.0,0,,1
20220712,1657555200000,,,,,0,0.0,0.0,0,,1
20220713,1657641600000,,,,,0,0.0,0.0,0,,1
20220714,1657728000000,,,,,0,0.0,0.0,0,,1
20220715,1657814400000,,,,,0,0.0,0.0,0,,1
20220718,1658073600000,,,,,0,0.0,0.0,0,,1
20220719,1658160000000,,,,,0,0.0,0.0,0,,1
20220720,1658246400000,,,,,0,0.0,0.0,0,,1
20220721,1658332800000,,,,,0,0.0,0.0,0,,1
20220722,1658419200000,,,,,0,0.0,0.0,0,,1
20220725,1658678400000,,,,,0,0.0,0.0,0,,1
20220726,1658764800000,,,,,0,0.0,0.0,0,,1
20220727,1658851200000,,,,,0,0.0,0.0,0,,1
20220728,1658937600000,,,,,0,0.0,0.0,0,,1
20220729,1659024000000,,,,,0,0.0,0.0,0,,1
20220801,1659283200000,,,,,0,0.0,0.0,0,,1
20220802,1659369600000,,,,,0,0.0,0.0,0,,1
20220803,1659456000000,,,,,0,0.0,0.0,0,,1
20220804,1659542400000,,,,,0,0.0,0.0,0,,1
20220805,1659628800000,,,,,0,0.0,0.0,0,,1
20220808,1659888000000,,,,,0,0.0,0.0,0,,1
20220809,1659974400000,,,,,0,0.0,0.0,0,,1
20220810,1660060800000,,,,,0,0.0,0.0,0,,1
20220811,1660147200000,,,,,0,0.0,0.0,0,,1
20220812,1660233600000,,,,,0,0.0,0.0,0,,1
20220815,1660492800000,,,,,0,0.0,0.0,0,,1
20220816,1660579200000,,,,,0,0.0,0.0,0,,1
20220817,1660665600000,,,,,0,0.0,0.0,0,,1
20220818,1660752000000,,,,,0,0.0,0.0,0,,1
20220819,1660838400000,,,,,0,0.0,0.0,0,,1
20220822,1661097600000,,,,,0,0.0,0.0,0,,1
20220823,1661184000000,,,,,0,0.0,0.0,0,,1
20220824,1661270400000,,,,,0,0.0,0.0,0,,1
20220825,1661356800000,,,,,0,0.0,0.0,0,,1
20220826,1661443200000,,,,,0,0.0,0.0,0,,1
20220829,1661702400000,,,,,0,0.0,0.0,0,,1
20220830,1661788800000,,,,,0,0.0,0.0,0,,1
20220831,1661875200000,,,,,0,0.0,0.0,0,,1
20220901,1661961600000,,,,,0,0.0,0.0,0,,1
20220902,1662048000000,,,,,0,0.0,0.0,0,,1
20220905,1662307200000,,,,,0,0.0,0.0,0,,1
20220906,1662393600000,,,,,0,0.0,0.0,0,,1
20220907,1662480000000,,,,,0,0.0,0.0,0,,1
20220908,1662566400000,,,,,0,0.0,0.0,0,,1
20220909,1662652800000,,,,,0,0.0,0.0,0,,1
20220913,1662998400000,,,,,0,0.0,0.0,0,,1
20220914,1663084800000,,,,,0,0.0,0.0,0,,1
20220915,1663171200000,,,,,0,0.0,0.0,0,,1
20220916,1663257600000,,,,,0,0.0,0.0,0,,1
20220919,1663516800000,32.699999999999996,36.839999999999996,32.3,33.69,93736,317310367.0,0.0,15,39.0,0
20220920,1663603200000,33.699999999999996,34.839999999999996,32.51,32.919999999999995,67263,226425032.0,0.0,15,33.69,0
20220921,1663689600000,31.5,31.790000000000003,30.28,31.01,58457,180803477.00000003,0.0,15,32.92,0
20220922,1663776000000,30.36,31.68,30.3,30.78,41372,128543575.00000001,0.0,15,31.01,0
20220923,1663862400000,30.820000000000004,31.900000000000002,30.400000000000002,30.400000000000002,40404,126121051.0,0.0,15,30.78,0
20220926,1664121600000,29.450000000000003,30.090000000000003,28.830000000000002,29.28,37054,109157207.00000001,0.0,15,30.400000000000002,0
20220927,1664208000000,29.36,29.86,29.16,29.65,27472,81199125.0,0.0,15,29.28,0
20220928,1664294400000,29.92,31.18,29.35,29.35,37194,112925992.0,0.0,15,29.650000000000002,0
20220929,1664380800000,28.99,30.59,28.63,28.93,29343,86227206.0,0.0,15,29.349999999999998,0
20220930,1664467200000,28.630000000000003,28.98,27.1,27.150000000000002,29724,82932173.0,0.0,15,28.93,0
20221010,1665331200000,27.150000000000002,27.61,26.53,26.6,17164,46483132.0,0.0,15,27.150000000000002,0
20221011,1665417600000,26.830000000000002,27.29,26.41,26.7,13516,36082831.0,0.0,15,26.6,0
20221012,1665504000000,26.7,27.38,26.2,27.28,18105,48409161.0,0.0,15,26.7,0
20221013,1665590400000,27.000000000000004,27.6,26.900000000000002,27.01,20100,54765586.0,0.0,15,27.28,0
20221014,1665676800000,27.29,27.86,27.21,27.42,17850,49010136.0,0.0,15,27.01,0
20221017,1665936000000,27.07,27.84,27.03,27.77,17378,47950968.0,0.0,15,27.42,0
20221018,1666022400000,27.78,27.85,27.43,27.78,15440,42621116.0,0.0,15,27.77,0
20221019,1666108800000,28.08,28.849999999999998,27.79,27.79,32563,92201918.0,0.0,15,27.779999999999998,0
20221020,1666195200000,27.3,27.74,26.84,27.33,22303,60839022.0,0.0,15,27.79,0
20221021,1666281600000,27.25,27.48,26.85,26.87,15440,41866840.0,0.0,15,27.330000000000002,0
20221024,1666540800000,27.000000000000004,27.28,26.330000000000002,26.53,15215,40908043.00000001,0.0,15,26.87,0
20221025,1666627200000,26.6,27.15,25.93,27.14,18982,50426625.0,0.0,15,26.53,0
20221026,1666713600000,27.2,27.59,27.07,27.4,19513,53365485.0,0.0,15,27.14,0
20221027,1666800000000,27.39,27.55,26.8,26.89,17062,46283176.00000001,0.0,15,27.400000000000002,0
20221028,1666886400000,27.08,27.25,26.22,26.39,15149,40572539.0,0.0,15,26.89,0
20221031,1667145600000,26.39,26.900000000000002,26.240000000000002,26.73,11355,30216982.999999996,0.0,15,26.39,0
20221101,1667232000000,26.82,27.200000000000003,26.580000000000002,27.19,14971,40319745.0,0.0,15,26.73,0
20221102,1667318400000,27.1,27.580000000000002,27.1,27.44,18251,49930538.99999999,0.0,15,27.19,0
20221103,1667404800000,27.36,27.94,27.28,27.880000000000003,20768,57482607.00000001,0.0,15,27.44,0
20221104,1667491200000,27.93,28.19,27.6,28.07,19645,54930259.00000001,0.0,15,27.880000000000003,0
20221107,1667750400000,28.020000000000003,28.790000000000003,27.92,28.680000000000003,23247,66267307.0,0.0,15,28.07,0
20221108,1667836800000,28.53,28.810000000000002,28.1,28.520000000000003,13270,37660127.0,0.0,15,28.68,0
20221109,1667923200000,28.419999999999998,28.77,28.2,28.39,11235,32010192.000000004,0.0,15,28.52,0
20221110,1668009600000,28.28,28.52,28.14,28.16,11822,33506452.0,0.0,15,28.39,0
20221111,1668096000000,28.68,28.88,28.0,28.0,14856,42212079.0,0.0,15,28.16,0
20221114,1668355200000,27.89,28.3,27.77,27.87,9792,27390918.0,0.0,15,28.0,0
20221115,1668441600000,27.880000000000003,28.860000000000003,27.85,28.85,20942,59724428.00000001,0.0,15,27.87,0
20221116,1668528000000,29.07,29.07,28.29,28.4,12939,36952301.0,0.0,15,28.849999999999998,0
20221117,1668614400000,28.21,28.73,28.21,28.61,9380,26680150.999999996,0.0,15,28.400000000000002,0
20221118,1668700800000,28.61,28.740000000000002,28.03,28.080000000000002,9802,27839160.999999996,0.0,15,28.61,0
20221121,1668960000000,28.05,28.330000000000002,27.85,28.330000000000002,6594,18522690.0,0.0,15,28.080000000000002,0
20221122,1669046400000,28.259999999999998,28.509999999999998,27.93,28.08,9621,27179769.0,0.0,15,28.33,0
20221123,1669132800000,28.1,28.28,26.92,27.25,14452,39451286.00000001,0.0,15,28.080000000000002,0
20221124,1669219200000,27.26,27.57,27.26,27.39,7502,20578374.999999996,0.0,15,27.25,0
20221125,1669305600000,27.45,27.47,27.2,27.23,5522,15083855.0,0.0,15,27.39,0
20221128,1669564800000,27.1,27.1,26.51,27.01,5431,14605525.0,0.0,15,27.23,0
20221129,1669651200000,26.95,27.599999999999998,26.95,27.54,6782,18577230.000000004,0.0,15,27.009999999999998,0
20221130,1669737600000,27.5,27.610000000000003,27.35,27.5,5496,15105106.0,0.0,15,27.540000000000003,0
20221201,1669824000000,27.66,27.96,27.64,27.86,8273,23003356.0,0.0,15,27.5,0
20221202,1669910400000,27.900000000000002,28.3,27.89,28.05,9153,25703925.0,0.0,15,27.86,0
20221205,1670169600000,28.25,28.25,28.01,28.060000000000002,8518,23900414.0,0.0,15,28.05,0
20221206,1670256000000,27.990000000000002,28.18,27.96,28.1,7853,22050674.0,0.0,15,28.060000000000002,0
20221207,1670342400000,28.0,28.16,27.92,28.0,5540,15510644.0,0.0,15,28.1,0
20221208,1670428800000,28.099999999999998,28.189999999999998,27.88,27.91,8015,22466792.0,0.0,15,28.0,0
20221209,1670515200000,27.990000000000002,28.0,27.55,27.68,6963,19289041.0,0.0,15,27.91,0
20221212,1670774400000,27.66,27.69,27.26,27.39,4772,13086480.0,0.0,15,27.680000000000003,0
20221213,1670860800000,27.54,27.549999999999997,27.22,27.23,4597,12563092.0,0.0,15,27.39,0
20221214,1670947200000,27.23,27.44,27.14,27.32,3987,10880633.0,0.0,15,27.23,0
20221215,1671033600000,27.32,27.45,27.2,27.41,3706,10137123.0,0.0,15,27.32,0
20221216,1671120000000,27.26,27.31,26.91,26.95,6596,17844047.000000004,0.0,15,27.41,0
20221219,1671379200000,26.94,26.95,26.05,26.19,7378,19533492.0,0.0,15,26.95,0
20221220,1671465600000,26.19,26.340000000000003,25.990000000000002,26.310000000000002,3245,8494089.0,0.0,15,26.19,0
20221221,1671552000000,26.279999999999998,26.4,25.95,26.13,4320,11291158.0,0.0,15,26.31,0
20221222,1671638400000,26.22,26.34,25.38,25.5,5706,14726182.0,0.0,15,26.13,0
20221223,1671724800000,25.400000000000002,25.5,24.98,25.11,5164,13018273.0,0.0,15,25.5,0
20221226,1671984000000,25.11,25.46,25.11,25.46,3108,7876199.0,0.0,15,25.11,0
20221227,1672070400000,25.45,25.55,25.3,25.55,3134,7963630.0,0.0,15,25.46,0
20221228,1672156800000,25.5,25.5,25.03,25.080000000000002,3873,9747145.000000002,0.0,15,25.55,0
20221229,1672243200000,24.96,25.19,24.93,25.02,2725,6817860.0,0.0,15,25.08,0
20221230,1672329600000,25.299999999999997,25.299999999999997,24.97,25.02,2902,7271236.0,0.0,15,25.02,0
20230103,1672675200000,25.15,25.71,25.02,25.66,6310,16052706.0,0.0,15,25.02,0
20230104,1672761600000,25.57,25.84,25.53,25.8,4160,10707185.0,0.0,15,25.66,0
20230105,1672848000000,25.9,25.91,25.7,25.87,4113,10623189.000000002,0.0,15,25.8,0
20230106,1672934400000,25.85,25.92,25.76,25.8,3227,8338524.0,0.0,15,25.87,0
20230109,1673193600000,25.8,26.0,25.8,25.88,3248,8412398.0,0.0,15,25.8,0
20230110,1673280000000,25.83,25.92,25.75,25.87,2602,6723993.0,0.0,15,25.88,0
20230111,1673366400000,25.86,25.89,25.62,25.62,2859,7363938.0,0.0,15,25.87,0
20230112,1673452800000,25.52,25.77,25.52,25.56,1851,4737625.0,0.0,15,25.62,0
20230113,1673539200000,25.58,25.759999999999998,25.52,25.669999999999998,1663,4265493.0,0.0,15,25.56,0
20230116,1673798400000,25.79,26.14,25.73,26.01,4197,10921460.0,0.0,15,25.67,0
20230117,1673884800000,25.900000000000002,26.21,25.900000000000002,26.160000000000004,3172,8288573.000000001,0.0,15,26.01,0
20230118,1673971200000,26.17,26.6,26.060000000000002,26.430000000000003,4056,10713371.0,0.0,15,26.160000000000004,0
20230119,1674057600000,26.3,26.48,26.3,26.46,3302,8727901.000000002,0.0,15,26.43,0
20230120,1674144000000,26.509999999999998,26.669999999999998,26.43,26.57,3082,8186362.0,0.0,15,26.46,0
20230130,1675008000000,26.76,27.01,26.75,26.85,5162,13884544.000000002,0.0,15,26.57,0
20230131,1675094400000,26.86,26.89,26.71,26.86,4155,11137029.000000002,0.0,15,26.85,0
20230201,1675180800000,26.86,27.28,26.86,27.25,6763,18323306.999999996,0.0,15,26.86,0
20230202,1675267200000,27.26,27.35,27.01,27.1,5615,15234717.999999998,0.0,15,27.25,0
20230203,1675353600000,26.97,27.12,26.75,27.03,4955,13327340.0,0.0,15,27.1,0
20230206,1675612800000,27.03,27.04,26.77,26.84,3353,9007436.0,0.0,15,27.03,0
20230207,1675699200000,26.85,27.080000000000002,26.830000000000002,27.05,4521,12176407.0,0.0,15,26.840000000000003,0
20230208,1675785600000,27.060000000000002,27.16,26.87,26.89,3965,10690628.0,0.0,15,27.05,0
20230209,1675872000000,26.88,27.28,26.82,27.26,8212,22272220.0,0.0,15,26.89,0
20230210,1675958400000,27.2,27.7,27.07,27.35,9374,25737347.999999996,0.0,15,27.26,0
20230213,1676217600000,27.310000000000002,27.86,27.3,27.75,9101,25196010.000000004,0.0,15,27.35,0
20230214,1676304000000,27.7,27.86,27.55,27.82,7360,20400856.0,0.0,15,27.75,0
20230215,1676390400000,27.83,27.9,27.72,27.74,5472,15200229.0,0.0,15,27.82,0
20230216,1676476800000,27.720000000000002,27.79,26.8,26.89,9929,27154503.0,0.0,15,27.740000000000002,0
20230217,1676563200000,26.93,27.27,26.86,26.9,5441,14716307.000000002,0.0,15,26.89,0
20230220,1676822400000,26.96,27.23,26.68,27.21,4054,10973986.999999998,0.0,15,26.9,0
20230221,1676908800000,27.240000000000002,27.34,27.05,27.16,4665,12685060.0,0.0,15,27.21,0
20230222,1676995200000,27.099999999999998,27.18,27.04,27.13,3549,9622251.0,0.0,15,27.16,0
20230223,1677081600000,27.150000000000002,27.2,27.05,27.2,4007,10879678.0,0.0,15,27.13,0
20230224,1677168000000,27.25,27.29,26.96,26.98,4891,13241551.000000002,0.0,15,27.2,0
20230227,1677427200000,26.96,27.080000000000002,26.8,26.85,3703,9967539.0,0.0,15,26.98,0
20230228,1677513600000,27.080000000000002,27.080000000000002,26.89,27.05,3515,9483893.999999998,0.0,15,26.85,0
20230301,1677600000000,27.05,27.32,27.02,27.3,4669,12688324.0,0.0,15,27.05,0
20230302,1677686400000,27.29,27.43,27.14,27.16,3410,9288350.0,0.0,15,27.3,0
20230303,1677772800000,27.16,27.27,26.91,27.02,3451,9338552.0,0.0,15,27.16,0
20230306,1678032000000,26.96,27.090000000000003,26.900000000000002,26.990000000000002,3147,8486652.000000002,0.0,15,27.020000000000003,0
20230307,1678118400000,26.99,27.03,26.41,26.44,5645,15072409.0,0.0,15,26.99,0
20230308,1678204800000,26.44,26.78,26.39,26.77,3380,9004280.0,0.0,15,26.44,0
20230309,1678291200000,26.840000000000003,27.130000000000003,26.67,27.090000000000003,4509,12168494.0,0.0,15,26.770000000000003,0
20230310,1678377600000,27.1,27.26,26.900000000000002,27.03,5386,14592833.0,0.0,15,27.090000000000003,0
20230313,1678636800000,27.020000000000003,27.150000000000002,26.76,26.98,3947,10638073.0,0.0,15,27.03,0
20230314,1678723200000,26.8,27.03,26.28,26.62,5140,13682430.0,0.0,15,26.98,0
20230315,1678809600000,26.66,27.52,26.66,27.32,11480,31269898.0,0.0,15,26.62,0
20230316,1678896000000,27.32,28.75,27.12,28.68,45165,126978246.0,0.0,15,27.32,0
20230317,1678982400000,28.68,28.94,28.18,28.79,29394,84058229.0,0.0,15,28.68,0
20230320,1679241600000,28.66,29.11,28.13,28.58,21154,60515354.99999999,0.0,15,28.79,0
20230321,1679328000000,28.560000000000002,30.330000000000002,28.35,30.080000000000002,44319,131147925.0,0.0,15,28.580000000000002,0
20230322,1679414400000,30.04,30.04,29.14,29.45,27966,82159162.0,0.0,15,30.080000000000002,0
20230323,1679500800000,29.13,29.44,28.66,28.99,17212,49848236.0,0.0,15,29.45,0
20230324,1679587200000,28.79,29.16,28.68,28.95,10271,29662690.000000004,0.0,15,28.99,0
20230327,1679846400000,29.0,29.0,27.96,27.990000000000002,16750,47285100.0,0.0,15,28.95,0
20230328,1679932800000,27.95,28.040000000000003,27.37,27.490000000000002,10021,27692516.000000004,0.0,15,27.990000000000002,0
20230329,1680019200000,27.42,27.950000000000003,27.42,27.8,7946,22064815.0,0.0,15,27.490000000000002,0
20230330,1680105600000,27.8,27.91,27.03,27.26,7943,21749637.0,0.0,15,27.8,0
20230331,1680192000000,27.349999999999998,27.57,27.22,27.36,5862,16052920.0,0.0,15,27.259999999999998,0
20230403,1680451200000,27.3,27.900000000000002,27.3,27.85,6843,18930399.000000004,0.0,15,27.36,0
20230404,1680537600000,27.8,27.8,27.2,27.3,7250,19857695.0,0.0,15,27.849999999999998,0
20230406,1680710400000,27.1,27.73,27.1,27.46,6017,16537807.0,0.0,15,27.3,0
20230407,1680796800000,27.3,27.650000000000002,27.3,27.6,4182,11510095.0,0.0,15,27.46,0
20230410,1681056000000,27.68,28.599999999999998,27.47,28.41,14092,39768075.00000001,0.0,15,27.599999999999998,0
20230411,1681142400000,28.17,28.540000000000003,28.01,28.21,9874,27883755.000000004,0.0,15,28.41,0
20230412,1681228800000,28.17,28.69,28.05,28.560000000000002,10985,31261374.000000004,0.0,15,28.21,0
20230413,1681315200000,28.57,28.84,27.89,28.39,12365,34988422.0,0.0,15,28.560000000000002,0
20230414,1681401600000,28.61,28.73,28.23,28.61,10669,30397127.0,0.0,15,28.39,0
20230417,1681660800000,28.599999999999998,28.77,28.47,28.74,7290,20881558.000000004,0.0,15,28.61,0
20230418,1681747200000,28.599999999999998,28.74,28.22,28.49,7615,21668268.0,0.0,15,28.74,0
20230419,1681833600000,28.57,28.630000000000003,28.21,28.35,5402,15338067.0,0.0,15,28.490000000000002,0
20230420,1681920000000,28.34,28.34,27.75,28.0,5206,14583618.000000002,0.0,15,28.35,0
20230421,1682006400000,27.8,28.02,27.07,27.14,6561,17994189.0,0.0,15,28.0,0
20230424,1682265600000,27.0,27.21,26.85,27.05,3107,8380845.0,0.0,15,27.14,0
20230425,1682352000000,27.1,27.1,25.650000000000002,26.060000000000002,7270,18948140.0,0.0,15,27.05,0
20230426,1682438400000,25.5,26.38,25.41,26.09,3976,10349586.0,0.0,15,26.06,0
20230427,1682524800000,26.189999999999998,26.49,25.88,26.16,2202,5766338.0,0.0,15,26.09,0
20230428,1682611200000,25.9,26.19,25.5,26.16,4192,10885191.0,0.0,15,26.16,0
20230504,1683129600000,26.09,26.349999999999998,25.61,26.33,3564,9311998.0,0.0,15,26.16,0
20230505,1683216000000,26.220000000000002,26.69,26.01,26.16,2611,6845032.0,0.0,15,26.330000000000002,0
20230508,1683475200000,26.080000000000002,26.64,26.05,26.330000000000002,3792,10027812.0,0.0,15,26.16,0
20230509,1683561600000,26.35,27.14,26.03,26.8,7905,21101624.0,0.0,15,26.330000000000002,0
20230510,1683648000000,26.580000000000002,26.87,26.32,26.55,3329,8850569.0,0.0,15,26.8,0
20230511,1683734400000,26.35,26.73,26.34,26.68,2525,6715236.0,0.0,15,26.55,0
20230512,1683820800000,26.51,26.990000000000002,26.51,26.69,2204,5880567.0,0.0,15,26.680000000000003,0
20230515,1684080000000,26.7,26.78,26.5,26.76,1976,5272547.0,0.0,15,26.69,0
20230516,1684166400000,26.560000000000002,26.89,26.240000000000002,26.32,2396,6358716.0,0.0,15,26.76,0
20230517,1684252800000,26.310000000000002,26.66,26.21,26.62,1629,4313015.0,0.0,15,26.32,0
20230518,1684339200000,26.62,27.46,26.62,27.2,5796,15737934.0,0.0,15,26.62,0
20230519,1684425600000,27.2,27.59,27.02,27.509999999999998,4062,11121994.999999998,0.0,15,27.2,0
20230522,1684684800000,27.419999999999998,27.619999999999997,27.38,27.509999999999998,3049,8388265.000000001,0.0,15,27.509999999999998,0
20230523,1684771200000,27.590000000000003,27.770000000000003,27.310000000000002,27.380000000000003,2529,6969069.0,0.0,15,27.51,0
20230524,1684857600000,27.04,27.67,27.0,27.6,3133,8634301.000000002,0.0,15,27.38,0
20230525,1684944000000,27.6,28.220000000000002,27.55,27.740000000000002,4934,13736206.0,0.0,15,27.6,0
20230526,1685030400000,27.740000000000002,28.0,27.42,27.540000000000003,2377,6566109.0,0.0,15,27.740000000000002,0
20230529,1685289600000,27.5,28.28,27.43,28.009999999999998,6215,17418797.0,0.0,15,27.54,0
20230530,1685376000000,27.8,28.23,27.8,28.01,4104,11507878.0,0.0,15,28.01,0
20230531,1685462400000,27.930000000000003,28.17,27.830000000000002,27.94,2707,7559061.0,0.0,15,28.01,0
20230601,1685548800000,27.900000000000002,27.900000000000002,27.310000000000002,27.46,4310,11837549.0,0.0,15,27.94,0
20230602,1685635200000,27.48,27.92,27.48,27.63,2739,7593920.0,0.0,15,27.46,0
20230605,1685894400000,27.64,29.3,27.580000000000002,28.400000000000002,12938,36983137.0,0.0,15,27.630000000000003,0
20230606,1685980800000,28.400000000000002,28.750000000000004,27.900000000000002,28.150000000000002,7334,20725763.0,0.0,15,28.400000000000002,0
20230607,1686067200000,28.14,28.24,27.7,27.9,4359,12165703.0,0.0,15,28.15,0
20230608,1686153600000,27.78,28.16,27.62,27.810000000000002,3362,9393155.0,0.0,15,27.900000000000002,0
20230609,1686240000000,27.3,27.580000000000002,27.01,27.270000000000003,4360,11913990.000000002,0.0,15,27.21,0
20230612,1686499200000,27.27,28.35,26.82,28.05,10520,29246841.000000004,0.0,15,27.27,0
20230613,1686585600000,28.05,28.169999999999998,27.84,28.0,3114,8706254.0,0.0,15,28.05,0
20230614,1686672000000,28.0,28.020000000000003,27.51,27.57,2778,7684344.0,0.0,15,28.0,0
20230615,1686758400000,27.41,27.71,27.41,27.580000000000002,3316,9143312.000000002,0.0,15,27.57,0
20230616,1686844800000,27.62,27.67,27.32,27.35,3286,9021461.0,0.0,15,27.580000000000002,0
20230619,1687104000000,27.35,27.51,27.16,27.24,4233,11563692.0,0.0,15,27.35,0
20230620,1687190400000,27.24,27.24,26.66,26.72,4685,12608634.0,0.0,15,27.24,0
20230621,1687276800000,26.72,26.88,26.25,26.38,3512,9300376.0,0.0,15,26.72,0
20230626,1687708800000,26.169999999999998,26.59,26.04,26.27,2393,6283410.0,0.0,15,26.38,0
20230627,1687795200000,26.9,26.9,26.09,26.62,2288,6046851.0,0.0,15,26.27,0
20230628,1687881600000,27.28,27.46,26.12,26.68,4464,11935831.0,0.0,15,26.62,0
20230629,1687968000000,26.73,27.55,26.34,27.31,6966,18972177.0,0.0,15,26.68,0
20230630,1688054400000,27.51,27.55,27.23,27.54,4010,10999042.0,0.0,15,27.31,0
20230703,1688313600000,27.54,27.85,27.5,27.61,2940,8122396.000000001,0.0,15,27.54,0
20230704,1688400000000,27.35,27.8,27.35,27.69,3521,9724989.0,0.0,15,27.610000000000003,0
20230705,1688486400000,27.759999999999998,27.77,27.43,27.48,2340,6457152.000000001,0.0,15,27.69,0
20230706,1688572800000,27.610000000000003,27.610000000000003,27.1,27.43,2902,7940891.0,0.0,15,27.48,0
20230707,1688659200000,27.48,27.49,27.13,27.169999999999998,2276,6197621.0,0.0,15,27.43,0
20230710,1688918400000,27.17,27.6,27.17,27.340000000000003,2676,7324526.0,0.0,15,27.17,0
20230711,1689004800000,27.5,27.580000000000002,27.19,27.400000000000002,2118,5784772.0,0.0,15,27.34,0
20230712,1689091200000,27.48,27.55,27.13,27.13,1847,5054622.999999999,0.0,15,27.4,0
20230713,1689177600000,27.13,27.73,27.09,27.6,3430,9436262.000000002,0.0,15,27.13,0
20230714,1689264000000,27.6,29.650000000000002,27.46,29.41,28823,83424842.00000001,0.0,15,27.6,0
20230717,1689523200000,29.24,29.24,28.47,28.7,14888,42800559.0,0.0,15,29.41,0
20230718,1689609600000,28.79,28.79,28.22,28.619999999999997,7749,22055946.0,0.0,15,28.7,0
20230719,1689696000000,28.580000000000002,28.580000000000002,28.05,28.26,6721,18951986.000000004,0.0,15,28.62,0
20230720,1689782400000,28.3,28.450000000000003,27.51,27.610000000000003,7767,21646713.0,0.0,15,28.26,0
20230721,1689868800000,27.71,27.9,27.34,27.419999999999998,7036,19443009.0,0.0,15,27.61,0
20230724,1690128000000,27.49,27.94,27.18,27.82,5433,15025152.0,0.0,15,27.419999999999998,0
20230725,1690214400000,27.830000000000002,28.35,27.82,28.23,5987,16832577.000000004,0.0,15,27.82,0
20230726,1690300800000,28.23,28.450000000000003,27.990000000000002,28.21,3546,9990779.0,0.0,15,28.23,0
20230727,1690387200000,28.39,28.39,27.73,27.75,3687,10308666.999999998,0.0,15,28.21,0
20230728,1690473600000,27.62,28.340000000000003,27.51,28.330000000000002,4310,12095426.0,0.0,15,27.75,0
20230731,1690732800000,28.340000000000003,28.450000000000003,28.080000000000002,28.21,3233,9122778.0,0.0,15,28.330000000000002,0
20230801,1690819200000,28.299999999999997,28.299999999999997,27.72,27.93,2915,8133642.000000001,0.0,15,28.209999999999997,0
20230802,1690905600000,27.83,30.32,27.5,29.57,28945,84452668.0,0.0,15,27.93,0
20230803,1690992000000,29.419999999999998,29.419999999999998,28.7,28.81,15705,45457260.0,0.0,15,29.57,0
20230804,1691078400000,28.900000000000002,30.34,28.71,30.12,32330,96548927.0,0.0,15,28.810000000000002,0
20230807,1691337600000,29.990000000000002,29.990000000000002,29.14,29.41,18265,53653213.0,0.0,15,30.12,0
20230808,1691424000000,29.15,29.4,28.0,28.84,17514,49924581.0,0.0,15,29.41,0
20230809,1691510400000,28.73,29.400000000000002,28.17,28.21,13467,38705447.0,0.0,15,28.840000000000003,0
20230810,1691596800000,28.12,29.21,28.03,28.75,11317,32413332.0,0.0,15,28.21,0
20230811,1691683200000,28.67,28.770000000000003,27.76,27.770000000000003,10911,30777915.0,0.0,15,28.75,0
20230814,1691942400000,27.580000000000002,28.05,27.48,27.87,6883,19085246.0,0.0,15,27.77,0
20230815,1692028800000,27.87,28.330000000000002,27.35,28.220000000000002,8392,23404309.0,0.0,15,27.87,0
20230816,1692115200000,28.220000000000002,28.75,27.78,27.87,8194,23139343.0,0.0,15,28.220000000000002,0
20230817,1692201600000,27.61,28.16,27.14,28.0,7534,20866366.0,0.0,15,27.87,0
20230818,1692288000000,27.8,29.09,27.73,28.46,13334,38225879.0,0.0,15,28.0,0
20230821,1692547200000,28.35,29.330000000000002,28.35,29.080000000000002,13596,39533620.0,0.0,15,28.46,0
20230822,1692633600000,29.1,29.35,28.51,28.98,9025,26115566.0,0.0,15,29.080000000000002,0
20230823,1692720000000,29.15,29.18,28.25,28.5,5405,15450088.0,0.0,15,28.98,0
20230824,1692806400000,28.470000000000002,28.470000000000002,26.240000000000002,26.28,17208,46376935.0,0.0,15,28.500000000000004,0
20230825,1692892800000,26.19,26.450000000000003,25.150000000000002,25.200000000000003,9565,24436627.0,0.0,15,26.28,0
20230828,1693152000000,26.53,26.68,25.18,25.33,8948,23137691.0,0.0,15,25.2,0
20230829,1693238400000,25.330000000000002,27.040000000000003,25.330000000000002,26.96,10088,26780189.0,0.0,15,25.330000000000002,0
20230830,1693324800000,26.810000000000002,28.51,26.810000000000002,28.39,14069,39325429.0,0.0,15,26.96,0
20230831,1693411200000,28.05,29.330000000000002,28.05,29.11,14871,43241529.0,0.0,15,28.39,0
20230901,1693497600000,29.12,29.46,29.05,29.25,10930,31974314.999999996,0.0,15,29.11,0
20230904,1693756800000,29.2,29.5,28.7,28.779999999999998,7328,21240230.0,0.0,15,29.25,0
20230905,1693843200000,29.19,29.19,28.28,28.35,5920,16889153.0,0.0,15,28.78,0
20230906,1693929600000,28.63,28.63,28.02,28.36,3616,10243893.000000002,0.0,15,28.349999999999998,0
20230907,1694016000000,28.4,28.49,27.95,28.0,4815,13568726.0,0.0,15,28.36,0
20230908,1694102400000,28.0,28.259999999999998,27.93,27.97,3549,9961265.0,0.0,15,28.0,0
20230911,1694361600000,28.25,28.35,27.6,27.89,4288,11944160.000000002,0.0,15,27.970000000000002,0
20230912,1694448000000,27.900000000000002,28.3,27.560000000000002,27.930000000000003,4160,11531010.0,0.0,15,27.89,0
20230913,1694534400000,28.62,28.62,27.26,27.37,6024,16608894.0,0.0,15,27.930000000000003,0
20230914,1694620800000,27.16,27.48,27.1,27.200000000000003,4359,11858837.000000002,0.0,15,27.37,0
20230915,1694707200000,27.2,27.43,26.88,26.88,3190,8628081.000000002,0.0,15,27.2,0
20230918,1694966400000,26.9,28.45,26.66,28.1,9818,27431579.000000004,0.0,15,26.88,0
20230919,1695052800000,28.35,28.35,27.26,27.3,4648,12820058.000000002,0.0,15,28.1,0
20230920,1695139200000,27.37,27.48,27.1,27.220000000000002,3377,9200576.0,0.0,15,27.3,0
20230921,1695225600000,26.930000000000003,27.450000000000003,26.830000000000002,26.930000000000003,2486,6718908.0,0.0,15,27.220000000000002,0
20230922,1695312000000,26.93,27.76,26.75,27.75,3601,9873070.0,0.0,15,26.93,0
20230925,1695571200000,27.7,27.94,27.37,27.45,2223,6128563.0,0.0,15,27.75,0
20230926,1695657600000,27.400000000000002,27.560000000000002,27.14,27.310000000000002,1759,4811822.0,0.0,15,27.45,0
20230927,1695744000000,27.310000000000002,28.080000000000002,27.19,27.87,4529,12615708.0,0.0,15,27.310000000000002,0
20230928,1695830400000,27.94,28.14,27.75,27.97,3675,10285880.0,0.0,15,27.87,0
20231009,1696780800000,27.98,28.279999999999998,27.72,27.77,5151,14367912.0,0.0,15,27.97,0
20231010,1696867200000,27.650000000000002,27.990000000000002,27.3,27.42,3880,10670204.000000002,0.0,15,27.77,0
20231011,1696953600000,27.48,27.96,27.2,27.39,6478,17848482.0,0.0,15,27.419999999999998,0
20231012,1697040000000,27.8,27.8,26.75,26.84,6224,16756914.000000002,0.0,15,27.39,0
20231013,1697126400000,26.900000000000002,26.900000000000002,26.35,26.400000000000002,4038,10702349.0,0.0,15,26.84,0
20231016,1697385600000,26.68,26.68,26.22,26.279999999999998,3232,8516410.0,0.0,15,26.4,0
20231017,1697472000000,26.26,26.610000000000003,26.1,26.39,2685,7070117.0,0.0,15,26.28,0
20231018,1697558400000,26.580000000000002,26.59,25.8,26.09,2691,7008282.0,0.0,15,26.39,0
20231019,1697644800000,26.09,26.63,25.79,26.16,4032,10560695.000000002,0.0,15,26.09,0
20231020,1697731200000,26.09,26.400000000000002,25.78,25.900000000000002,2750,7142620.0,0.0,15,26.16,0
20231023,1697990400000,25.9,25.9,25.0,25.03,4631,11733973.0,0.0,15,25.9,0
20231024,1698076800000,25.04,26.349999999999998,25.04,26.34,5223,13554266.000000002,0.0,15,25.029999999999998,0
20231025,1698163200000,26.49,26.9,26.27,26.4,2813,7476544.0,0.0,15,26.34,0
20231026,1698249600000,25.740000000000002,26.830000000000002,25.740000000000002,26.560000000000002,4066,10700793.0,0.0,15,26.400000000000002,0
20231027,1698336000000,26.56,27.580000000000002,26.48,27.38,8269,22426366.0,0.0,15,26.56,0
20231030,1698595200000,27.270000000000003,27.480000000000004,26.650000000000002,27.040000000000003,4968,13420425.0,0.0,15,27.380000000000003,0
20231031,1698681600000,26.900000000000002,27.37,26.900000000000002,27.35,4189,11414728.0,0.0,15,27.040000000000003,0
20231101,1698768000000,27.26,27.540000000000003,27.080000000000002,27.500000000000004,3865,10588984.0,0.0,15,27.35,0
20231102,1698854400000,27.59,27.77,27.07,27.09,3710,10136829.0,0.0,15,27.5,0
20231103,1698940800000,27.57,27.79,27.3,27.46,4742,13064263.0,0.0,15,27.09,0
20231106,1699200000000,27.46,27.94,27.43,27.85,4071,11304547.0,0.0,15,27.46,0
20231107,1699286400000,27.970000000000002,27.970000000000002,27.62,27.8,3148,8755479.0,0.0,15,27.85,0
20231108,1699372800000,27.87,27.98,27.5,27.73,4333,12005908.0,0.0,15,27.8,0
20231109,1699459200000,27.73,27.87,27.51,27.59,3155,8727446.0,0.0,15,27.73,0
20231110,1699545600000,27.599999999999998,27.65,27.29,27.45,2370,6510295.0,0.0,15,27.59,0
20231113,1699804800000,27.73,27.83,27.45,27.779999999999998,4025,11124575.0,0.0,15,27.45,0
20231114,1699891200000,27.86,27.93,27.62,27.8,2734,7590279.0,0.0,15,27.78,0
20231115,1699977600000,27.8,28.150000000000002,27.67,27.990000000000002,4464,12470485.0,0.0,15,27.8,0
20231116,1700064000000,28.02,28.1,27.69,27.91,4862,13557752.000000002,0.0,15,27.990000000000002,0
20231117,1700150400000,27.830000000000002,28.060000000000002,27.6,27.970000000000002,4473,12504780.000000002,0.0,15,27.91,0
20231120,1700409600000,28.080000000000002,28.150000000000002,27.78,28.150000000000002,4275,11955190.0,0.0,15,27.970000000000002,0
20231121,1700496000000,28.169999999999998,28.169999999999998,27.61,27.75,3751,10455463.999999998,0.0,15,28.15,0
20231122,1700582400000,27.759999999999998,27.94,27.52,27.66,4462,12357839.0,0.0,15,27.75,0
20231123,1700668800000,27.6,28.0,27.26,27.87,4004,11120815.0,0.0,15,27.66,0
20231124,1700755200000,27.900000000000002,27.900000000000002,27.35,27.540000000000003,3543,9743040.0,0.0,15,27.87,0
20231127,1701014400000,27.59,27.7,27.18,27.419999999999998,4791,13147316.0,0.0,15,27.54,0
20231128,1701100800000,27.28,27.990000000000002,27.28,27.720000000000002,6549,18166193.0,0.0,15,27.42,0
20231129,1701187200000,27.72,27.96,27.59,27.62,3160,8763067.000000002,0.0,15,27.72,0
20231130,1701273600000,27.62,27.950000000000003,27.17,27.380000000000003,3602,9905315.0,0.0,15,27.62,0
20231201,1701360000000,27.37,27.64,27.1,27.42,3786,10353071.0,0.0,15,27.380000000000003,0
20231204,1701619200000,27.3,27.57,27.2,27.24,3378,9249325.0,0.0,15,27.419999999999998,0
20231205,1701705600000,27.34,27.44,26.93,26.93,3189,8646073.0,0.0,15,27.24,0
20231206,1701792000000,26.93,27.470000000000002,26.8,27.12,3473,9446852.000000002,0.0,15,26.93,0
20231207,1701878400000,27.0,27.25,26.8,26.94,3143,8470314.0,0.0,15,27.12,0
20231208,1701964800000,26.93,27.11,26.46,26.48,4136,11038264.999999998,0.0,15,26.94,0
20231211,1702224000000,26.49,27.11,26.18,26.68,4496,11977323.0,0.0,15,26.48,0
20231212,1702310400000,26.72,26.98,26.45,26.72,2478,6598656.0,0.0,15,26.68,0
20231213,1702396800000,26.62,26.930000000000003,26.330000000000002,26.610000000000003,3316,8841704.0,0.0,15,26.720000000000002,0
20231214,1702483200000,26.67,26.95,26.5,26.52,2050,5471915.0,0.0,15,26.61,0
20231215,1702569600000,26.590000000000003,26.880000000000003,26.330000000000002,26.450000000000003,2687,7114399.000000001,0.0,15,26.520000000000003,0
20231218,1702828800000,26.55,26.55,26.18,26.32,3279,8647355.0,0.0,15,26.45,0
20231219,1702915200000,26.43,26.900000000000002,26.12,26.650000000000002,3785,10050178.0,0.0,15,26.32,0
20231220,1703001600000,26.740000000000002,27.290000000000003,26.650000000000002,27.000000000000004,6700,18133964.0,0.0,15,26.650000000000002,0
20231221,1703088000000,27.259999999999998,27.65,26.2,27.48,12593,33939147.00000001,0.0,15,27.0,0
20231222,1703174400000,27.5,27.55,27.2,27.279999999999998,6252,17101790.0,0.0,15,27.48,0
20231225,1703433600000,27.12,27.480000000000004,26.810000000000002,27.3,6073,16445708.000000002,0.0,15,27.28,0
20231226,1703520000000,27.19,27.200000000000003,26.810000000000002,26.860000000000003,7246,19553101.0,0.0,15,27.3,0
20231227,1703606400000,26.94,27.98,26.71,27.77,9658,26573973.0,0.0,15,26.86,0
20231228,1703692800000,27.84,27.84,27.41,27.72,5441,15045111.0,0.0,15,27.77,0
20231229,1703779200000,27.7,28.08,27.7,27.95,6106,17066433.0,0.0,15,27.72,0
20240102,1704124800000,27.95,28.349999999999998,27.95,28.14,5932,16724652.0,0.0,15,27.95,0
20240103,1704211200000,27.95,28.23,27.75,27.85,3527,9850369.000000002,0.0,15,28.14,0
20240104,1704297600000,28.130000000000003,28.130000000000003,27.62,28.03,4213,11768905.000000002,0.0,15,27.85,0
20240105,1704384000000,28.03,28.2,27.5,27.64,3793,10536220.0,0.0,15,28.03,0
20240108,1704643200000,27.419999999999998,27.799999999999997,27.22,27.5,3681,10097561.0,0.0,15,27.64,0
20240109,1704729600000,27.38,28.15,27.38,28.119999999999997,6645,18577319.0,0.0,15,27.5,0
20240110,1704816000000,27.9,28.15,27.7,27.779999999999998,5276,14732693.0,0.0,15,28.12,0
20240111,1704902400000,27.55,28.67,27.55,28.5,6662,18792189.0,0.0,15,27.78,0
20240112,1704988800000,28.69,29.69,28.1,28.1,13440,38793821.0,0.0,15,28.5,0
20240115,1705248000000,28.23,28.55,27.61,28.22,7988,22466514.999999996,0.0,15,28.099999999999998,0
20240116,1705334400000,28.439999999999998,28.439999999999998,27.72,28.189999999999998,3885,10881437.0,0.0,15,28.22,0
20240117,1705420800000,28.27,28.36,27.62,27.69,3718,10415586.0,0.0,15,28.19,0
20240118,1705507200000,27.41,27.8,26.61,27.12,4731,12795267.000000002,0.0,15,27.689999999999998,0
20240119,1705593600000,27.060000000000002,27.3,26.650000000000002,26.73,4137,11139727.0,0.0,15,27.12,0
20240122,1705852800000,26.7,26.72,25.05,25.26,6212,16064759.0,0.0,15,26.73,0
20240123,1705939200000,25.259999999999998,25.5,24.47,25.38,5082,12667715.0,0.0,15,25.259999999999998,0
20240124,1706025600000,25.33,25.759999999999998,24.68,25.48,4038,10200526.000000002,0.0,15,25.38,0
20240125,1706112000000,25.55,26.180000000000003,25.150000000000002,26.000000000000004,3504,9035151.0,0.0,15,25.48,0
20240126,1706198400000,25.830000000000002,26.42,25.51,25.990000000000002,2956,7713077.000000001,0.0,15,26.0,0
20240129,1706457600000,25.990000000000002,26.12,24.92,24.930000000000003,4847,12299728.0,0.0,15,25.990000000000002,0
20240130,1706544000000,25.46,25.46,24.13,24.15,3889,9560796.0,0.0,15,24.93,0
20240131,1706630400000,25.36,25.36,22.52,22.53,4530,10527862.0,0.0,15,24.15,0
20240201,1706716800000,22.61,22.64,21.89,22.28,2960,6583971.000000001,0.0,15,22.53,0
20240202,1706803200000,23.0,23.0,20.12,21.150000000000002,3985,8570795.0,0.0,15,22.28,0
20240205,1707062400000,21.0,21.15,18.59,19.03,4863,9562616.000000002,0.0,15,21.15,0
20240206,1707148800000,19.03,20.36,18.0,20.05,4302,8327672.000000001,0.0,15,19.03,0
20240207,1707235200000,20.2,20.419999999999998,19.04,19.63,5508,10847226.999999998,0.0,15,20.05,0
20240208,1707321600000,20.05,21.37,19.21,21.21,5360,10911275.0,0.0,15,19.630000000000003,0
20240219,1708272000000,21.21,21.82,21.07,21.5,3918,8383305.0,0.0,15,21.21,0
20240220,1708358400000,21.5,21.919999999999998,21.22,21.68,2401,5188939.0,0.0,15,21.5,0
20240221,1708444800000,21.790000000000003,22.64,21.330000000000002,22.000000000000004,3885,8563700.0,0.0,15,21.680000000000003,0
20240222,1708531200000,22.22,22.369999999999997,21.81,22.25,2290,5064483.0,0.0,15,22.0,0
20240223,1708617600000,22.48,23.32,22.27,23.23,4470,10186407.0,0.0,15,22.25,0
20240226,1708876800000,23.23,24.18,22.84,23.69,5538,13160744.0,0.0,15,23.23,0
20240227,1708963200000,23.69,25.8,23.07,24.740000000000002,8432,20608428.000000004,0.0,15,23.69,0
20240228,1709049600000,24.95,25.0,23.0,23.0,7700,18585805.0,0.0,15,24.74,0
20240229,1709136000000,22.72,23.849999999999998,22.72,23.619999999999997,2697,6326868.0,0.0,15,23.0,0
20240301,1709222400000,23.65,23.99,23.41,23.830000000000002,2458,5846702.0,0.0,15,23.62,0
20240304,1709481600000,24.07,24.28,23.34,23.75,3186,7522602.0,0.0,15,23.83,0
20240305,1709568000000,23.69,23.71,22.87,23.05,2878,6676772.0,0.0,15,23.75,0
20240306,1709654400000,23.05,23.57,22.71,23.240000000000002,2536,5888816.0,0.0,15,23.05,0
20240307,1709740800000,23.41,23.88,23.2,23.33,2780,6553026.0,0.0,15,23.24,0
20240308,1709827200000,23.31,23.599999999999998,23.06,23.36,2278,5306847.0,0.0,15,23.33,0
20240311,1710086400000,23.360000000000003,23.59,23.1,23.540000000000003,2036,4756700.0,0.0,15,23.360000000000003,0
20240312,1710172800000,23.75,24.490000000000002,23.55,24.400000000000002,6681,16123861.0,0.0,15,23.54,0
20240313,1710259200000,24.51,24.67,24.16,24.18,2431,5912304.000000001,0.0,15,24.4,0
20240314,1710345600000,24.18,24.4,23.75,24.03,2876,6914235.0,0.0,15,24.18,0
20240315,1710432000000,24.029999999999998,24.349999999999998,23.81,24.24,3080,7407376.0,0.0,15,24.029999999999998,0
20240318,1710691200000,24.26,24.990000000000002,24.1,24.610000000000003,3460,8482128.0,0.0,15,24.240000000000002,0
20240319,1710777600000,24.62,24.76,24.44,24.490000000000002,2504,6149334.0,0.0,15,24.610000000000003,0
20240320,1710864000000,24.46,24.78,24.21,24.490000000000002,4474,10914250.000000002,0.0,15,24.490000000000002,0
20240321,1710950400000,24.490000000000002,24.85,24.3,24.55,3546,8706197.000000002,0.0,15,24.490000000000002,0
20240322,1711036800000,24.16,24.48,23.85,23.900000000000002,2508,6027839.000000001,0.0,15,24.55,0
20240325,1711296000000,24.000000000000004,24.080000000000002,23.080000000000002,23.080000000000002,2778,6558029.000000001,0.0,15,23.900000000000002,0
20240326,1711382400000,23.0,23.3,22.62,23.16,2458,5630117.0,0.0,15,23.080000000000002,0
20240327,1711468800000,23.419999999999998,23.419999999999998,22.63,22.63,2448,5631436.0,0.0,15,23.16,0
20240328,1711555200000,22.81,23.8,22.66,23.39,2859,6642444.0,0.0,15,22.63,0
20240329,1711641600000,23.23,23.94,23.23,23.73,2817,6676344.000000001,0.0,15,23.39,0
20240401,1711900800000,23.78,24.16,23.69,24.110000000000003,5492,13141856.0,0.0,15,23.73,0
20240402,1711987200000,23.91,24.98,23.91,24.29,8501,20761031.0,0.0,15,24.11,0
20240403,1712073600000,24.12,24.330000000000002,23.53,23.57,6311,15032444.0,0.0,15,24.290000000000003,0
20240408,1712505600000,23.39,25.37,23.150000000000002,25.07,17292,42522385.00000001,0.0,15,23.570000000000004,0
20240409,1712592000000,24.310000000000002,24.44,22.6,23.39,14510,33971911.0,0.0,15,25.07,0
20240410,1712678400000,23.09,28.07,23.01,24.950000000000003,22109,56468100.0,0.0,15,23.39,0
20240411,1712764800000,24.240000000000002,25.89,23.73,25.41,21734,54027861.0,0.0,15,24.95,0
20240412,1712851200000,24.72,25.2,24.32,24.72,13139,32516024.000000004,0.0,15,25.41,0
20240415,1713110400000,24.349999999999998,25.939999999999998,24.11,25.5,16303,41070547.0,0.0,15,24.72,0
20240416,1713196800000,25.009999999999998,25.2,22.93,22.93,12103,28536989.0,0.0,15,25.5,0
20240417,1713283200000,22.830000000000002,24.25,22.830000000000002,23.94,7094,16837498.0,0.0,15,22.930000000000003,0
20240418,1713369600000,23.91,23.92,23.07,23.21,7033,16477237.999999998,0.0,15,23.94,0
20240419,1713456000000,23.02,23.509999999999998,23.02,23.23,3265,7586193.0,0.0,15,23.21,0
20240422,1713715200000,22.91,23.360000000000003,22.830000000000002,23.020000000000003,3175,7299846.0,0.0,15,23.23,0
20240423,1713801600000,23.47,23.47,22.88,22.91,3101,7139798.0,0.0,15,23.02,0
20240424,1713888000000,23.01,23.39,22.8,23.26,2858,6597231.000000001,0.0,15,22.91,0
20240425,1713974400000,23.26,23.73,22.990000000000002,23.69,5096,11950305.0,0.0,15,23.26,0
20240426,1714060800000,23.8,23.97,23.39,23.87,6062,14410517.000000002,0.0,15,23.69,0
20240429,1714320000000,25.700000000000003,26.080000000000002,25.1,25.62,20957,53686434.0,0.0,15,23.87,0
20240430,1714406400000,25.62,26.1,25.39,25.95,11569,29809409.0,0.0,15,25.62,0
20240506,1714924800000,26.080000000000002,27.26,26.080000000000002,27.000000000000004,12317,32979768.0,0.0,15,25.950000000000003,0
20240507,1715011200000,27.06,27.44,26.75,27.43,9145,24848885.0,0.0,15,27.0,0
20240508,1715097600000,27.900000000000002,27.92,26.85,27.0,7393,20103157.0,0.0,15,27.43,0
20240509,1715184000000,27.04,28.2,27.0,27.67,8679,24038763.000000004,0.0,15,27.0,0
20240510,1715270400000,27.810000000000002,28.560000000000002,27.53,28.41,9781,27592974.0,0.0,15,27.67,0
20240513,1715529600000,28.0,28.28,27.5,27.72,7331,20423514.0,0.0,15,28.41,0
20240514,1715616000000,28.0,28.65,27.41,27.8,12184,33923608.0,0.0,15,27.72,0
20240515,1715702400000,27.7,28.02,27.38,27.57,4521,12519376.0,0.0,15,27.8,0
20240516,1715788800000,27.57,27.82,27.36,27.77,4790,13246316.0,0.0,15,27.57,0
20240517,1715875200000,27.75,28.080000000000002,27.62,28.05,5640,15732975.0,0.0,15,27.77,0
20240520,1716134400000,28.3,28.3,27.900000000000002,28.05,4672,13118223.0,0.0,15,28.05,0
20240521,1716220800000,28.05,28.270000000000003,27.6,28.040000000000003,3755,10528163.000000002,0.0,15,28.05,0
20240522,1716307200000,27.94,28.330000000000002,27.94,28.12,3914,11010702.0,0.0,15,28.040000000000003,0
20240523,1716393600000,28.14,28.23,27.54,27.75,4397,12259221.0,0.0,15,28.119999999999997,0
20240524,1716480000000,27.6,28.1,27.16,27.330000000000002,5059,13954444.0,0.0,15,27.75,0
20240527,1716739200000,27.700000000000003,27.96,27.19,27.93,3682,10163586.0,0.0,15,27.330000000000002,0
20240528,1716825600000,27.94,27.990000000000002,27.490000000000002,27.580000000000002,2927,8104650.0,0.0,15,27.930000000000003,0
20240529,1716912000000,27.55,27.97,27.48,27.72,3265,9066618.0,0.0,15,27.580000000000002,0
20240530,1716998400000,27.6,28.09,27.3,27.830000000000002,3290,9156703.0,0.0,15,27.720000000000002,0
20240531,1717084800000,27.880000000000003,28.18,27.6,28.1,4462,12483224.0,0.0,15,27.830000000000002,0
20240603,1717344000000,28.1,28.17,26.990000000000002,27.430000000000003,6396,17611135.0,0.0,15,28.1,0
20240604,1717430400000,27.3,27.56,26.82,27.39,4382,11935200.0,0.0,15,27.43,0
20240605,1717516800000,27.480000000000004,27.480000000000004,26.560000000000002,26.6,5558,14942327.0,0.0,15,27.39,0
20240606,1717603200000,26.65,26.89,24.16,24.56,10563,26558608.999999996,0.0,15,26.6,0
20240607,1717689600000,24.62,25.61,24.62,25.5,7998,20157323.000000004,0.0,15,24.560000000000002,0
20240611,1718035200000,25.49,25.64,24.77,25.59,6346,16053271.0,0.0,15,25.5,0
20240612,1718121600000,25.650000000000002,26.360000000000003,25.51,26.240000000000002,5300,13861819.0,0.0,15,25.59,0
20240613,1718208000000,25.97,27.13,25.97,26.759999999999998,8232,22014250.000000004,0.0,15,25.939999999999998,0
20240614,1718294400000,27.03,27.070000000000004,26.310000000000002,26.520000000000003,4637,12291051.999999998,0.0,15,26.76,0
20240617,1718553600000,26.27,26.490000000000002,25.98,26.1,3877,10176018.0,0.0,15,26.52,0
20240618,1718640000000,25.8,26.400000000000002,25.8,26.17,3485,9124941.0,0.0,15,26.1,0
20240619,1718726400000,26.18,26.68,26.18,26.46,3453,9151222.0,0.0,15,26.169999999999998,0
20240620,1718812800000,26.450000000000003,26.880000000000003,25.830000000000002,25.860000000000003,5637,14752834.000000002,0.0,15,26.46,0
20240621,1718899200000,26.01,26.03,25.42,25.92,2810,7240245.0,0.0,15,25.860000000000003,0
20240624,1719158400000,25.4,26.18,24.61,24.72,4954,12425392.0,0.0,15,25.919999999999998,0
20240625,1719244800000,24.73,25.38,24.72,25.0,3418,8570670.0,0.0,15,24.72,0
20240626,1719331200000,24.64,25.82,24.64,25.76,4158,10615373.0,0.0,15,25.0,0
20240627,1719417600000,26.180000000000003,26.240000000000002,25.330000000000002,25.430000000000003,3838,9892891.0,0.0,15,25.76,0
20240628,1719504000000,25.62,26.000000000000004,25.240000000000002,25.560000000000002,3856,9908560.0,0.0,15,25.430000000000003,0
20240701,1719763200000,25.450000000000003,25.89,24.900000000000002,25.570000000000004,4333,10970230.0,0.0,15,25.560000000000002,0
20240702,1719849600000,25.57,25.69,25.14,25.43,3197,8142652.000000001,0.0,15,25.57,0
20240703,1719936000000,25.43,25.54,24.63,24.81,5386,13499876.0,0.0,15,25.43,0
20240704,1720022400000,24.810000000000002,24.970000000000002,23.78,23.87,5129,12412855.0,0.0,15,24.810000000000002,0
20240705,1720108800000,23.82,24.16,23.5,24.09,3763,8945195.0,0.0,15,23.87,0
20240708,1720368000000,23.990000000000002,24.090000000000003,23.400000000000002,23.53,3920,9251677.0,0.0,15,24.090000000000003,0
20240709,1720454400000,23.33,24.31,23.13,24.18,3433,8164968.0,0.0,15,23.529999999999998,0
20240710,1720540800000,24.08,24.419999999999998,23.93,24.009999999999998,2541,6134227.0,0.0,15,24.18,0
20240711,1720627200000,24.45,24.9,23.97,24.799999999999997,3583,8838633.999999998,0.0,15,24.009999999999998,0
20240712,1720713600000,24.72,25.0,24.5,24.8,2377,5904538.0,0.0,15,24.8,0
20240715,1720972800000,24.49,24.89,23.0,23.09,13009,30606447.0,0.0,15,24.8,0
20240716,1721059200000,23.35,23.68,22.96,23.080000000000002,7888,18345113.999999996,0.0,15,23.09,0
20240717,1721145600000,23.040000000000003,23.32,22.78,23.05,6008,13833420.0,0.0,15,23.080000000000002,0
20240718,1721232000000,22.77,23.3,22.52,23.14,4344,9927020.0,0.0,15,23.05,0
20240719,1721318400000,22.86,23.009999999999998,22.38,22.709999999999997,8174,18558537.0,0.0,15,23.14,0
20240722,1721577600000,22.7,22.82,22.32,22.55,4550,10260594.0,0.0,15,22.71,0
20240723,1721664000000,22.53,22.69,22.0,22.1,7088,15801999.0,0.0,15,22.55,0
20240724,1721750400000,22.1,22.21,21.14,21.41,13590,29269626.000000004,0.0,15,22.1,0
20240725,1721836800000,21.130000000000003,22.07,21.080000000000002,21.790000000000003,8128,17654273.0,0.0,15,21.41,0
20240726,1721923200000,21.69,22.34,21.5,22.29,5456,12058229.000000002,0.0,15,21.79,0
20240729,1722182400000,22.33,22.349999999999998,21.77,21.96,5022,11019768.0,0.0,15,22.29,0
20240730,1722268800000,21.63,22.29,21.63,22.2,4052,8934935.0,0.0,15,21.959999999999997,0
20240731,1722355200000,22.04,23.06,22.04,22.97,7447,16896610.0,0.0,15,22.2,0
20240801,1722441600000,22.970000000000002,23.380000000000003,22.85,23.37,11407,26383703.000000004,0.0,15,22.970000000000002,0
20240802,1722528000000,23.19,23.95,23.0,23.45,17250,40599663.0,0.0,15,23.37,0
20240805,1722787200000,23.26,24.0,23.09,23.92,14576,34399960.0,0.0,15,23.45,0
20240806,1722873600000,23.85,24.060000000000002,22.89,23.47,12556,29423929.0,0.0,15,23.92,0
20240807,1722960000000,24.0,27.439999999999998,23.63,25.0,47502,115506496.0,0.0,15,23.47,0
20240808,1723046400000,24.15,24.15,22.61,22.83,31043,71791089.0,0.0,15,25.0,0
20240809,1723132800000,22.73,22.85,21.85,21.87,18918,41884181.0,0.0,15,22.830000000000002,0
20240812,1723392000000,21.75,22.66,21.53,22.07,11292,24823416.0,0.0,15,21.87,0
20240813,1723478400000,21.91,22.26,21.73,22.21,7358,16201146.999999998,0.0,15,22.07,0
20240814,1723564800000,22.21,22.320000000000004,21.900000000000002,21.930000000000003,5696,12561755.0,0.0,15,22.21,0
20240815,1723651200000,21.68,22.15,21.68,21.95,7414,16271636.0,0.0,15,21.93,0
20240816,1723737600000,21.94,22.26,21.900000000000002,21.92,5938,13094968.0,0.0,15,21.950000000000003,0
20240819,1723996800000,22.0,22.02,21.72,21.75,4867,10623613.0,0.0,15,21.919999999999998,0
20240820,1724083200000,21.84,21.900000000000002,21.28,21.37,5688,12220217.0,0.0,15,21.75,0
20240821,1724169600000,21.37,21.45,21.18,21.21,3749,7980994.000000001,0.0,15,21.37,0
20240822,1724256000000,21.3,21.3,20.77,20.77,4377,9202455.0,0.0,15,21.21,0
20240823,1724342400000,20.73,20.910000000000004,20.400000000000002,20.810000000000002,4749,9826552.0,0.0,15,20.770000000000003,0
20240826,1724601600000,20.81,21.259999999999998,20.68,21.18,4124,8698259.0,0.0,15,20.81,0
20240827,1724688000000,21.25,21.25,20.85,20.970000000000002,3491,7332703.0,0.0,15,21.18,0
20240828,1724774400000,20.98,21.459999999999997,20.72,21.36,3792,8065570.0,0.0,15,20.97,0
20240829,1724860800000,21.180000000000003,21.860000000000003,21.150000000000002,21.790000000000003,4542,9833655.0,0.0,15,21.360000000000003,0
20240830,1724947200000,21.78,22.23,21.61,21.939999999999998,10541,23117765.0,0.0,15,21.79,0
20240902,1725206400000,21.81,22.09,21.38,21.39,7469,16248491.0,0.0,15,21.939999999999998,0
20240903,1725292800000,21.37,21.85,21.35,21.770000000000003,4611,10001316.0,0.0,15,21.39,0
20240904,1725379200000,21.7,21.84,21.52,21.599999999999998,3173,6868551.0,0.0,15,21.77,0
20240905,1725465600000,21.6,21.900000000000002,21.53,21.630000000000003,2593,5634494.0,0.0,15,21.6,0
20240906,1725552000000,21.72,21.849999999999998,21.11,21.11,3930,8393645.000000002,0.0,15,21.63,0
20240909,1725811200000,21.05,21.2,20.61,20.95,2451,5136735.000000001,0.0,15,21.11,0
20240910,1725897600000,20.990000000000002,21.14,20.740000000000002,21.090000000000003,2545,5332610.0,0.0,15,20.950000000000003,0
20240911,1725984000000,21.01,21.17,20.82,20.9,2340,4911356.000000001,0.0,15,21.09,0
20240912,1726070400000,20.91,21.18,20.6,20.62,2742,5724560.0,0.0,15,20.900000000000002,0
20240913,1726156800000,20.73,20.73,20.3,20.3,2724,5584853.000000001,0.0,15,20.62,0
20240918,1726588800000,20.44,20.46,19.93,20.24,2603,5239980.0,0.0,15,20.3,0
20240919,1726675200000,20.36,20.68,20.06,20.58,2893,5937050.0,0.0,15,20.24,0
20240920,1726761600000,20.48,20.6,20.14,20.3,2285,4646604.0,0.0,15,20.580000000000002,0
20240923,1727020800000,20.2,20.39,20.05,20.21,2278,4615503.0,0.0,15,20.3,0
20240924,1727107200000,20.5,20.87,20.25,20.85,4754,9808620.999999998,0.0,15,20.21,0
20240925,1727193600000,21.240000000000002,21.520000000000003,21.01,21.200000000000003,6825,14550986.0,0.0,15,20.85,0
20240926,1727280000000,21.07,21.65,21.07,21.62,5838,12510504.0,0.0,15,21.2,0
20240927,1727366400000,21.72,22.959999999999997,21.72,22.669999999999998,12166,27194555.0,0.0,15,21.619999999999997,0
20240930,1727625600000,23.41,26.26,22.8,25.5,23759,57567100.0,0.0,15,22.67,0
20241008,1728316800000,29.0,30.01,25.8,27.67,29509,82137334.0,0.0,15,25.5,0
20241009,1728403200000,25.669999999999998,26.98,24.7,25.9,19346,50177252.0,0.0,15,27.669999999999998,0
20241010,1728489600000,25.849999999999998,26.4,25.45,25.71,9964,25887633.0,0.0,15,25.9,0
20241011,1728576000000,25.81,25.81,23.93,24.15,9989,24659037.0,0.0,15,25.71,0
20241014,1728835200000,24.180000000000003,24.69,23.740000000000002,24.610000000000003,7252,17638396.999999996,0.0,15,24.150000000000002,0
20241015,1728921600000,24.55,24.76,24.23,24.25,5777,14174526.0,0.0,15,24.61,0
20241016,1729008000000,23.81,24.58,23.81,24.43,4033,9825870.999999998,0.0,15,24.25,0
20241017,1729094400000,24.46,24.81,24.23,24.39,5932,14538164.0,0.0,15,24.43,0
20241018,1729180800000,24.39,25.36,24.34,25.0,13400,33137772.0,0.0,15,24.39,0
20241021,1729440000000,25.26,26.2,24.8,25.73,13805,35069932.00000001,0.0,15,25.0,0
20241022,1729526400000,25.84,25.95,25.41,25.77,8605,22119995.0,0.0,15,25.73,0
20241023,1729612800000,25.95,25.99,25.5,25.67,5980,15421124.0,0.0,15,25.77,0
20241024,1729699200000,25.8,25.919999999999998,25.52,25.89,6688,17246735.0,0.0,15,25.669999999999998,0
20241025,1729785600000,26.0,26.46,25.82,26.34,8236,21580348.0,0.0,15,25.89,0
20241028,1730044800000,26.38,26.79,26.3,26.67,7022,18679535.0,0.0,15,26.34,0
20241029,1730131200000,26.759999999999998,26.87,26.18,26.2,9598,25445509.000000004,0.0,15,26.669999999999998,0
20241030,1730217600000,27.5,28.0,26.84,27.01,19651,53984223.0,0.0,15,26.2,0
20241031,1730304000000,27.040000000000003,27.290000000000003,26.51,26.860000000000003,12876,34536298.0,0.0,15,27.01,0
20241101,1730390400000,26.86,27.37,26.68,26.75,10465,28232653.0,0.0,15,26.86,0
20241104,1730649600000,26.820000000000004,27.17,26.560000000000002,27.17,7423,20074862.0,0.0,15,26.750000000000004,0
20241105,1730736000000,27.169999999999998,27.55,27.02,27.41,10250,28053788.0,0.0,15,27.169999999999998,0
20241106,1730822400000,27.45,28.22,27.36,28.22,15179,42486359.0,0.0,15,27.41,0
20241107,1730908800000,27.94,28.49,27.91,28.37,9132,25783407.0,0.0,15,28.22,0
20241108,1730995200000,28.48,28.9,28.11,28.45,10381,29668960.000000004,0.0,15,28.37,0
20241111,1731254400000,28.349999999999998,28.95,28.2,28.89,7804,22305692.0,0.0,15,28.45,0
20241112,1731340800000,28.970000000000002,29.590000000000003,28.42,28.680000000000003,9462,27485643.000000004,0.0,15,28.89,0
20241113,1731427200000,28.990000000000002,28.990000000000002,28.14,28.88,6754,19314885.000000004,0.0,15,28.68,0
20241114,1731513600000,29.0,29.16,26.93,27.38,23049,64628604.0,0.0,15,28.88,0
20241115,1731600000000,27.48,28.01,27.09,27.12,14489,40017607.0,0.0,15,27.38,0
20241118,1731859200000,27.16,27.77,26.66,26.79,8784,23856588.0,0.0,15,27.12,0
20241119,1731945600000,26.88,27.75,26.82,27.75,7674,20913694.0,0.0,15,26.79,0
20241120,1732032000000,27.75,27.99,27.41,27.98,6063,16882234.0,0.0,15,27.75,0
20241121,1732118400000,28.07,28.23,27.45,27.8,5155,14361495.000000002,0.0,15,27.98,0
20241122,1732204800000,27.8,27.91,26.52,26.53,6937,18845121.0,0.0,15,27.8,0
20241125,1732464000000,26.330000000000002,27.270000000000003,26.330000000000002,27.270000000000003,6096,16391296.0,0.0,15,26.53,0
20241126,1732550400000,27.46,27.46,26.740000000000002,26.790000000000003,5060,13677837.0,0.0,15,27.270000000000003,0
20241127,1732636800000,26.919999999999998,27.0,25.79,27.0,6979,18477140.0,0.0,15,26.79,0
20241128,1732723200000,27.0,27.32,26.61,26.7,10239,27611840.0,0.0,15,27.0,0
20241129,1732809600000,26.700000000000003,28.09,26.6,27.37,18420,50380022.00000001,0.0,15,26.700000000000003,0
20241202,1733068800000,27.5,28.9,27.11,28.09,22564,63017946.00000001,0.0,15,27.37,0
20241203,1733155200000,28.21,28.21,27.17,27.66,20189,55628772.0,0.0,15,28.090000000000003,0
20241204,1733241600000,27.580000000000002,27.590000000000003,26.67,26.860000000000003,15451,41766861.0,0.0,15,27.66,0
20241205,1733328000000,26.84,27.150000000000002,26.69,26.860000000000003,15220,40877443.00000001,0.0,15,26.860000000000003,0
20241206,1733414400000,26.970000000000002,26.970000000000002,26.310000000000002,26.830000000000002,10801,28795018.0,0.0,15,26.860000000000003,0
20241209,1733673600000,26.990000000000002,27.05,26.26,26.3,23625,62781861.0,0.0,15,26.830000000000002,0
20241210,1733760000000,26.9,27.169999999999998,26.38,26.439999999999998,19334,51799102.0,0.0,15,26.3,0
20241211,1733846400000,26.52,26.78,26.34,26.62,10462,27722003.0,0.0,15,26.44,0
20241212,1733932800000,26.680000000000003,26.950000000000003,26.580000000000002,26.92,10887,29166341.0,0.0,15,26.62,0
20241213,1734019200000,26.869999999999997,26.869999999999997,26.29,26.32,11057,29289462.000000004,0.0,15,26.919999999999998,0
20241216,1734278400000,26.32,26.689999999999998,26.13,26.39,9191,24222891.0,0.0,15,26.32,0
20241217,1734364800000,26.39,26.49,24.72,24.83,17438,44413597.0,0.0,15,26.39,0
20241218,1734451200000,24.98,25.17,24.400000000000002,24.830000000000002,8087,20098253.0,0.0,15,24.830000000000002,0
20241219,1734537600000,24.78,25.020000000000003,24.490000000000002,24.880000000000003,7744,19173963.0,0.0,15,24.830000000000002,0
20241220,1734624000000,24.810000000000002,25.76,24.810000000000002,25.500000000000004,8974,22839047.0,0.0,15,24.880000000000003,0
20241223,1734883200000,25.35,25.68,24.35,24.41,11700,29052656.0,0.0,15,25.5,0
20241224,1734969600000,24.76,24.94,24.310000000000002,24.790000000000003,7934,19563536.0,0.0,15,24.410000000000004,0
20241225,1735056000000,24.71,24.849999999999998,23.88,24.27,8762,21255986.0,0.0,15,24.79,0
20241226,1735142400000,24.400000000000002,24.8,24.21,24.630000000000003,10028,24724598.0,0.0,15,24.27,0
20241227,1735228800000,24.51,25.28,24.51,24.85,9762,24351798.0,0.0,15,24.630000000000003,0
20241230,1735488000000,24.6,24.880000000000003,24.21,24.61,8083,19854501.0,0.0,15,24.85,0
20241231,1735574400000,24.55,24.830000000000002,24.080000000000002,24.17,8677,21170630.0,0.0,15,24.610000000000003,0
20250102,1735747200000,24.38,24.54,23.54,23.689999999999998,14787,35632352.0,0.0,15,24.169999999999998,0
20250103,1735833600000,23.84,23.84,22.85,22.860000000000003,12524,29249191.0,0.0,15,23.69,0
20250106,1736092800000,22.94,23.15,22.32,22.75,10968,24936981.0,0.0,15,22.86,0
20250107,1736179200000,22.82,23.5,22.79,23.47,8774,20346368.0,0.0,15,22.75,0
20250108,1736265600000,23.470000000000002,23.82,22.85,23.470000000000002,9686,22671090.0,0.0,15,23.470000000000002,0
20250109,1736352000000,23.55,23.830000000000002,23.330000000000002,23.470000000000002,7340,17341483.0,0.0,15,23.470000000000002,0
20250110,1736438400000,23.439999999999998,23.73,22.95,22.99,7358,17160048.0,0.0,15,23.47,0
20250113,1736697600000,22.51,23.130000000000003,22.240000000000002,23.000000000000004,5550,12617403.0,0.0,15,22.990000000000002,0
20250114,1736784000000,23.18,24.08,22.91,24.08,9708,23062400.0,0.0,15,23.0,0
20250115,1736870400000,24.07,24.32,23.85,23.96,5258,12633997.0,0.0,15,24.080000000000002,0
20250116,1736956800000,24.05,24.33,23.63,23.869999999999997,8054,19326587.000000004,0.0,15,23.959999999999997,0
20250117,1737043200000,24.0,24.01,23.6,23.91,6731,16031331.0,0.0,15,23.87,0
20250120,1737302400000,24.3,24.860000000000003,24.01,24.71,11761,28787251.0,0.0,15,23.91,0
20250121,1737388800000,24.57,24.950000000000003,24.51,24.740000000000002,8825,21782012.0,0.0,15,24.71,0
20250122,1737475200000,24.6,24.830000000000002,24.400000000000002,24.540000000000003,7109,17469509.0,0.0,15,24.740000000000002,0
20250123,1737561600000,24.61,25.0,24.54,24.58,9569,23708184.0,0.0,15,24.54,0
20250124,1737648000000,24.720000000000002,25.0,24.21,24.94,9750,24054213.0,0.0,15,24.580000000000002,0
20250127,1737907200000,24.990000000000002,25.1,24.6,24.71,8513,21150152.999999996,0.0,15,24.94,0
20250205,1738684800000,24.7,24.81,24.23,24.52,8847,21646405.0,0.0,15,24.71,0
20250206,1738771200000,24.55,25.06,24.36,25.05,8954,22213572.000000004,0.0,15,24.52,0
20250207,1738857600000,25.05,25.2,24.75,25.04,11728,29377397.0,0.0,15,25.05,0
20250210,1739116800000,25.05,25.18,24.85,25.110000000000003,8605,21547942.999999996,0.0,15,25.040000000000003,0
20250211,1739203200000,25.16,25.16,24.88,25.009999999999998,7569,18922456.0,0.0,15,25.11,0
20250212,1739289600000,25.09,25.169999999999998,24.86,25.12,7616,19076939.999999996,0.0,15,25.009999999999998,0
20250213,1739376000000,24.95,25.12,24.61,24.62,8201,20373963.000000004,0.0,15,25.12,0
20250214,1739462400000,24.62,24.83,24.5,24.63,8152,20113858.0,0.0,15,24.62,0
20250217,1739721600000,24.900000000000002,25.1,24.71,25.09,9083,22671903.0,0.0,15,24.630000000000003,0
20250218,1739808000000,25.1,25.17,24.400000000000002,24.570000000000004,8766,21757325.0,0.0,15,25.090000000000003,0
20250219,1739894400000,24.85,25.17,24.41,25.16,10854,27126145.000000004,0.0,15,24.57,0
20250220,1739980800000,25.23,25.3,25.0,25.29,8479,21368829.0,0.0,15,25.16,0
20250221,1740067200000,25.29,25.45,25.07,25.38,9178,23208521.0,0.0,15,25.29,0
20250224,1740326400000,25.39,26.099999999999998,25.2,25.689999999999998,18955,48656830.0,0.0,15,25.38,0
20250225,1740412800000,25.79,26.1,25.5,25.88,16043,41360933.0,0.0,15,25.69,0
20250226,1740499200000,25.88,26.75,25.7,26.57,22969,60542100.0,0.0,15,25.88,0
20250227,1740585600000,26.700000000000003,27.080000000000002,26.26,26.950000000000003,23490,62719889.00000001,0.0,15,26.57,0
20250228,1740672000000,26.8,26.96,25.88,25.98,17722,46644672.0,0.0,15,26.95,0
20250303,1740931200000,25.98,26.39,25.75,25.87,11719,30505448.0,0.0,15,25.98,0
20250304,1741017600000,25.6,26.35,25.6,26.16,8461,22129601.0,0.0,15,25.87,0
20250305,1741104000000,26.15,26.23,25.84,26.07,9036,23504929.0,0.0,15,26.16,0
20250306,1741190400000,26.17,26.630000000000003,26.1,26.46,10907,28786337.000000004,0.0,15,26.07,0
20250307,1741276800000,26.47,26.58,26.2,26.34,8277,21832645.0,0.0,15,26.46,0
20250310,1741536000000,26.31,26.68,26.2,26.5,8918,23589747.000000004,0.0,15,26.34,0
20250311,1741622400000,26.3,26.5,26.0,26.48,6729,17694322.000000004,0.0,15,26.5,0
20250312,1741708800000,26.49,26.8,26.2,26.55,10589,28093121.0,0.0,15,26.48,0
20250313,1741795200000,26.55,26.67,25.98,26.3,9940,26092277.000000004,0.0,15,26.55,0
20250314,1741881600000,26.22,26.95,25.97,26.82,11859,31520199.0,0.0,15,26.299999999999997,0
20250317,1742140800000,26.919999999999998,27.22,26.63,27.18,12623,34087706.00000001,0.0,15,26.82,0
20250318,1742227200000,27.270000000000003,28.43,27.01,28.200000000000003,32402,90502234.0,0.0,15,27.180000000000003,0
20250319,1742313600000,27.92,28.12,27.62,27.78,19415,54065899.0,0.0,15,28.2,0
20250320,1742400000000,27.8,28.18,27.6,28.09,15240,42603602.0,0.0,15,27.78,0
20250321,1742486400000,28.03,28.060000000000002,27.310000000000002,27.520000000000003,15043,41585028.0,0.0,15,28.090000000000003,0
20250324,1742745600000,27.39,27.66,26.07,26.61,15464,41381257.00000001,0.0,15,27.52,0
20250325,1742832000000,26.580000000000002,26.880000000000003,26.17,26.66,10928,29055295.0,0.0,15,26.610000000000003,0
20250326,1742918400000,26.54,27.45,26.41,27.25,10445,28407879.0,0.0,15,26.66,0
20250327,1743004800000,27.2,27.400000000000002,26.71,27.03,7142,19306744.0,0.0,15,27.25,0
20250328,1743091200000,27.07,27.32,26.61,26.99,8506,22914973.0,0.0,15,27.03,0
20250331,1743350400000,26.650000000000002,26.76,26.150000000000002,26.67,9293,24563476.0,0.0,15,26.990000000000002,0
20250401,1743436800000,26.779999999999998,27.18,26.72,26.9,7584,20415937.0,0.0,15,26.669999999999998,0
20250402,1743523200000,26.95,27.69,26.75,27.3,13038,35741919.0,0.0,15,26.9,0
20250403,1743609600000,27.09,27.32,26.21,26.79,11552,30932670.0,0.0,15,27.3,0
20250407,1743955200000,24.98,24.98,21.43,21.43,24213,55098765.0,0.0,15,26.79,0
20250408,1744041600000,21.66,22.790000000000003,21.44,22.03,15113,33287439.0,0.0,15,21.43,0
20250409,1744128000000,21.52,22.35,20.02,22.03,17393,37473445.0,0.0,15,22.03,0
20250410,1744214400000,22.5,23.29,22.5,22.61,15702,36022548.0,0.0,15,22.03,0
20250411,1744300800000,22.400000000000002,22.94,22.17,22.630000000000003,10210,23236952.000000004,0.0,15,22.610000000000003,0
20250414,1744560000000,23.1,23.42,22.990000000000002,23.130000000000003,10307,23912746.0,0.0,15,22.630000000000003,0
20250415,1744646400000,23.36,23.470000000000002,23.05,23.470000000000002,8602,20040584.0,0.0,15,23.13,0
20250416,1744732800000,23.42,23.42,22.66,23.18,9123,21011723.0,0.0,15,23.47,0
20250417,1744819200000,23.040000000000003,23.650000000000002,22.85,23.41,8680,20328476.0,0.0,15,23.18,0
20250418,1744905600000,23.470000000000002,23.650000000000002,23.05,23.310000000000002,7294,16999461.0,0.0,15,23.41,0
20250421,1745164800000,23.34,23.72,23.07,23.6,7961,18755124.0,0.0,15,23.31,0
20250422,1745251200000,23.63,23.74,23.5,23.71,5139,12138787.0,0.0,15,23.6,0
20250423,1745337600000,23.68,24.46,23.68,24.3,10129,24466437.0,0.0,15,23.71,0
20250424,1745424000000,24.5,24.64,23.97,24.169999999999998,10540,25584050.000000004,0.0,15,24.299999999999997,0
20250425,1745510400000,24.17,24.45,23.96,24.29,7643,18513659.000000004,0.0,15,24.17,0
20250428,1745769600000,24.26,24.44,23.580000000000002,23.810000000000002,11732,27905878.000000004,0.0,15,24.290000000000003,0
20250429,1745856000000,23.439999999999998,23.72,22.72,23.599999999999998,16060,37449172.0,0.0,15,23.81,0
20250430,1745942400000,23.6,24.12,23.6,23.84,10825,25884003.0,0.0,15,23.6,0
20250506,1746460800000,23.95,24.38,23.95,24.25,13372,32366360.0,0.0,15,23.84,0
20250507,1746547200000,24.4,24.76,24.32,24.5,14754,36183775.99999999,0.0,15,24.25,0
20250508,1746633600000,24.5,24.880000000000003,24.21,24.77,11157,27584454.0,0.0,15,24.5,0
20250509,1746720000000,24.8,24.950000000000003,24.6,24.68,9951,24642572.0,0.0,15,24.770000000000003,0
20250512,1746979200000,24.98,25.16,24.69,24.93,7878,19606664.0,0.0,15,24.68,0
20250513,1747065600000,25.4,25.4,24.79,24.83,7622,19059637.999999996,0.0,15,24.93,0
20250514,1747152000000,24.810000000000002,25.020000000000003,24.400000000000002,24.610000000000003,10105,24846178.0,0.0,15,24.830000000000002,0
20250515,1747238400000,24.59,24.78,24.27,24.71,6386,15663361.0,0.0,15,24.61,0
20250516,1747324800000,24.6,24.94,24.59,24.85,8235,20445174.000000004,0.0,15,24.71,0
20250519,1747584000000,24.86,25.259999999999998,24.52,24.91,8074,20056060.0,0.0,15,24.849999999999998,0
20250520,1747670400000,24.990000000000002,25.3,24.810000000000002,25.3,11731,29424805.000000004,0.0,15,24.910000000000004,0
20250521,1747756800000,25.400000000000002,25.400000000000002,25.060000000000002,25.150000000000002,9555,24069944.0,0.0,15,25.3,0
20250522,1747843200000,25.14,25.540000000000003,25.060000000000002,25.17,11744,29683164.0,0.0,15,25.150000000000002,0
20250523,1747929600000,25.07,26.07,24.96,25.400000000000002,22786,58109259.0,0.0,15,25.17,0
20250526,1748188800000,25.39,25.61,25.0,25.48,10922,27664692.0,0.0,15,25.4,0
20250527,1748275200000,25.53,25.96,25.26,25.78,15859,40715913.0,0.0,15,25.48,0
20250528,1748361600000,25.78,25.78,25.490000000000002,25.680000000000003,8540,21883584.000000004,0.0,15,25.78,0
20250529,1748448000000,25.7,26.15,25.57,25.88,12348,31959786.0,0.0,15,25.68,0
20250530,1748534400000,25.770000000000003,26.09,25.35,25.400000000000002,10118,25874942.0,0.0,15,25.880000000000003,0
20250603,1748880000000,25.3,25.6,25.1,25.400000000000002,8095,20506029.000000004,0.0,15,25.400000000000002,0
20250604,1748966400000,25.400000000000002,25.610000000000003,25.330000000000002,25.490000000000002,8490,21653316.0,0.0,15,25.400000000000002,0
20250605,1749052800000,25.48,26.17,25.28,25.75,13825,35720744.0,0.0,15,25.490000000000002,0
20250606,1749139200000,25.74,26.080000000000002,25.41,25.97,11329,29197237.0,0.0,15,25.75,0
20250609,1749398400000,26.0,26.16,25.8,26.1,10045,26093142.000000004,0.0,15,25.970000000000002,0
20250610,1749484800000,26.3,26.3,25.5,25.8,8749,22622595.999999996,0.0,15,26.1,0
20250611,1749571200000,25.8,26.37,25.77,26.12,11382,29724795.0,0.0,15,25.8,0
20250612,1749657600000,26.08,26.16,25.88,26.14,8459,22050196.0,0.0,15,26.119999999999997,0
20250613,1749744000000,26.080000000000002,26.340000000000003,25.580000000000002,25.650000000000002,11829,30554808.0,0.0,15,26.14,0
20250616,1750003200000,25.590000000000003,25.980000000000004,25.560000000000002,25.830000000000002,7297,18867014.0,0.0,15,25.650000000000002,0
20250617,1750089600000,25.83,25.93,25.59,25.7,5622,14460693.0,0.0,15,25.83,0
20250618,1750176000000,25.590000000000003,25.73,25.400000000000002,25.64,6287,16078030.000000002,0.0,15,25.700000000000003,0
20250619,1750262400000,25.38,25.47,24.82,24.91,11143,28051277.000000004,0.0,15,25.34,0
20250620,1750348800000,24.99,25.23,24.75,24.75,5715,14234681.0,0.0,15,24.91,0
20250623,1750608000000,24.45,25.21,24.45,25.189999999999998,6438,16062012.0,0.0,15,24.75,0
20250624,1750694400000,25.28,25.720000000000002,25.19,25.700000000000003,7653,19574814.0,0.0,15,25.19,0
20250625,1750780800000,25.830000000000002,26.09,25.57,25.75,9838,25392313.0,0.0,15,25.7,0
20250626,1750867200000,25.78,25.91,25.580000000000002,25.680000000000003,5471,14083640.000000002,0.0,15,25.750000000000004,0
20250627,1750953600000,25.790000000000003,25.990000000000002,25.650000000000002,25.970000000000002,6807,17605753.0,0.0,15,25.680000000000003,0
20250630,1751212800000,26.24,26.31,25.86,26.31,9279,24263669.0,0.0,15,25.97,0
20250701,1751299200000,26.48,26.88,26.09,26.79,17865,47579315.00000001,0.0,15,26.31,0
20250702,1751385600000,26.87,27.25,26.55,26.900000000000002,16619,44601440.0,0.0,15,26.79,0
20250703,1751472000000,27.1,27.1,26.580000000000002,26.950000000000003,9247,24799530.0,0.0,15,26.900000000000002,0
20250704,1751558400000,27.19,27.2,26.57,26.57,11007,29411169.0,0.0,15,26.95,0
20250707,1751817600000,26.56,26.97,26.5,26.93,9937,26592939.0,0.0,15,26.57,0
20250708,1751904000000,27.14,27.37,26.85,27.25,11619,31538328.0,0.0,15,26.93,0
20250709,1751990400000,27.27,27.66,27.0,27.31,10493,28712797.000000004,0.0,15,27.25,0
20250710,1752076800000,27.4,27.4,26.91,27.23,10118,27470727.000000004,0.0,15,27.31,0
20250711,1752163200000,27.240000000000002,27.26,26.900000000000002,26.98,8842,23897283.000000004,0.0,15,27.23,0
20250714,1752422400000,27.020000000000003,27.6,27.01,27.450000000000003,9771,26715748.000000004,0.0,15,26.98,0
20250715,1752508800000,27.51,27.75,27.0,27.26,9589,26190721.0,0.0,15,27.45,0
20250716,1752595200000,27.26,27.53,27.17,27.44,8616,23596728.0,0.0,15,27.26,0
20250717,1752681600000,27.53,27.98,27.39,27.5,11088,30659749.999999996,0.0,15,27.44,0
20250718,1752768000000,27.650000000000002,28.26,27.39,27.77,16529,45923362.0,0.0,15,27.5,0
20250721,1753027200000,27.900000000000002,28.720000000000002,27.69,28.55,24280,68653001.0,0.0,15,27.77,0
20250722,1753113600000,28.55,28.84,28.26,28.64,20627,58849765.0,0.0,15,28.55,0
20250723,1753200000000,28.64,28.64,28.080000000000002,28.080000000000002,12218,34604967.0,0.0,15,28.64,0
20250724,1753286400000,28.08,28.5,28.0,28.33,10936,30971623.0,0.0,15,28.08,0
20250725,1753372800000,28.41,28.63,28.3,28.48,9686,27561567.0,0.0,15,28.330000000000002,0
20250728,1753632000000,28.35,29.040000000000003,28.35,29.03,14441,41660939.0,0.0,15,28.48,0
20250729,1753718400000,29.11,29.18,28.38,28.619999999999997,13969,40054213.99999999,0.0,15,29.029999999999998,0
20250730,1753804800000,28.62,28.88,28.18,28.47,10758,30610435.0,0.0,15,28.62,0
20250731,1753891200000,28.23,28.7,27.98,28.150000000000002,14315,40546436.0,0.0,15,28.47,0
20250801,1753977600000,28.130000000000003,29.0,28.01,28.680000000000003,14343,40971446.0,0.0,15,28.150000000000002,0
20250804,1754236800000,28.71,29.240000000000002,28.37,28.900000000000002,10864,31414585.0,0.0,15,28.68,0
20250805,1754323200000,28.990000000000002,29.900000000000002,28.990000000000002,29.750000000000004,19776,58291284.0,0.0,15,28.900000000000002,0
20250806,1754409600000,29.84,29.99,29.2,29.669999999999998,13358,39466272.0,0.0,15,29.75,0
20250807,1754496000000,30.02,30.099999999999998,29.54,29.669999999999998,10559,31445213.0,0.0,15,29.669999999999998,0
20250808,1754582400000,29.81,30.64,29.38,30.14,17147,51444574.0,0.0,15,29.669999999999998,0
20250811,1754841600000,30.35,35.15,30.1,33.19,79018,257397655.00000003,0.0,15,30.14,0
20250812,1754928000000,32.9,36.449999999999996,32.19,34.73,99823,349019560.0,0.0,15,33.19,0
20250813,1755014400000,34.0,34.6,32.5,33.33,90947,302664467.0,0.0,15,34.73,0
20250814,1755100800000,33.0,33.0,31.11,31.15,69447,219854940.0,0.0,15,33.33,0
20250815,1755187200000,31.2,31.65,31.0,31.5,37489,117626080.99999999,0.0,15,31.15,0
20250818,1755446400000,31.380000000000003,31.67,31.1,31.62,31849,100005627.0,0.0,15,31.5,0
20250819,1755532800000,31.53,31.62,30.8,31.18,28647,89158676.0,0.0,15,31.62,0
20250820,1755619200000,31.29,31.369999999999997,30.88,31.18,17313,53990415.0,0.0,15,31.18,0
20250821,1755705600000,31.23,31.35,31.0,31.03,17349,54066594.0,0.0,15,31.18,0
20250822,1755792000000,31.05,31.17,30.85,30.98,14336,44423565.0,0.0,15,31.03,0
20250825,1756051200000,31.02,31.78,30.98,31.37,22263,69901320.0,0.0,15,30.98,0
20250826,1756137600000,31.25,31.740000000000002,31.01,31.25,18547,58406629.0,0.0,15,31.37,0
20250827,1756224000000,31.2,31.650000000000002,30.21,30.27,18442,57163365.00000001,0.0,15,31.25,0
20250828,1756310400000,30.27,30.79,29.11,30.169999999999998,18106,54062232.0,0.0,15,30.27,0
20250829,1756396800000,30.25,30.49,29.77,29.91,12038,36110346.0,0.0,15,30.169999999999998,0
20250901,1756656000000,29.91,30.46,29.5,30.07,12185,36631463.00000001,0.0,15,29.91,0
20250902,1756742400000,29.9,30.53,29.34,30.2,13524,40345231.0,0.0,15,30.07,0
20250903,1756828800000,30.490000000000002,30.490000000000002,29.400000000000002,29.580000000000002,8495,25357671.0,0.0,15,30.200000000000003,0
20250904,1756915200000,29.54,30.169999999999998,29.18,29.57,9522,28300263.0,0.0,15,29.58,0
20250905,1757001600000,29.57,30.2,29.57,30.06,8645,25968696.0,0.0,15,29.57,0
20250908,1757260800000,30.07,30.72,29.95,30.64,10603,32257359.0,0.0,15,30.06,0
20250909,1757347200000,30.68,30.99,30.02,30.37,10041,30477968.999999996,0.0,15,30.64,0
20250910,1757433600000,30.38,30.62,30.11,30.3,6490,19703563.0,0.0,15,30.37,0
20250911,1757520000000,30.28,30.7,29.98,30.68,10002,30426189.0,0.0,15,30.3,0
20250912,1757606400000,30.68,30.759999999999998,30.22,30.259999999999998,8214,25006653.0,0.0,15,30.68,0
20250915,1757865600000,30.29,30.35,30.05,30.150000000000002,7134,21534984.0,0.0,15,30.26,0
20250916,1757952000000,30.04,30.689999999999998,30.04,30.63,9606,29219783.0,0.0,15,30.15,0
20250917,1758038400000,30.69,30.87,30.51,30.810000000000002,8306,25540274.0,0.0,15,30.630000000000003,0
20250918,1758124800000,30.85,30.85,29.78,30.03,10937,33205064.000000004,0.0,15,30.810000000000002,0
20250919,1758211200000,30.0,30.25,29.72,29.88,7462,22327334.0,0.0,15,30.029999999999998,0
20250922,1758470400000,29.75,30.38,29.73,30.0,6946,20818455.000000004,0.0,15,29.88,0
20250923,1758556800000,30.16,30.169999999999998,28.36,29.4,13643,39668791.0,0.0,15,30.0,0
20250924,1758643200000,29.150000000000002,30.180000000000003,29.150000000000002,30.150000000000002,10469,31316425.0,0.0,15,29.400000000000002,0
20250925,1758729600000,30.0,30.46,29.84,30.04,7636,23046388.0,0.0,15,30.15,0
20250926,1758816000000,30.04,30.3,29.63,29.869999999999997,6216,18606616.0,0.0,15,30.04,0
20250929,1759075200000,29.9,30.31,29.36,30.099999999999998,6705,20146694.0,0.0,15,29.87,0
20250930,1759161600000,30.05,30.36,29.78,29.78,6068,18186627.0,0.0,15,30.1,0
20251009,1759939200000,29.990000000000002,30.05,29.1,29.19,9205,27178018.0,0.0,15,29.78,0
20251010,1760025600000,29.28,29.75,29.21,29.42,6475,19098348.0,0.0,15,29.19,0
20251013,1760284800000,28.54,29.7,28.07,29.57,8281,24182845.0,0.0,15,29.42,0
20251014,1760371200000,29.72,30.099999999999998,29.61,29.71,8604,25725629.000000004,0.0,15,29.57,0
20251015,1760457600000,29.88,30.65,29.59,30.59,11164,33974006.0,0.0,15,29.71,0
20251016,1760544000000,30.5,30.75,30.02,30.3,7449,22577686.999999996,0.0,15,30.59,0
20251017,1760630400000,30.25,30.25,29.5,29.5,7296,21761110.000000004,0.0,15,30.3,0
20251020,1760889600000,29.8,30.29,29.8,30.23,7904,23801369.000000004,0.0,15,29.5,0
20251021,1760976000000,30.23,30.72,29.98,30.6,8926,27151817.000000004,0.0,15,30.23,0
20251022,1761062400000,30.6,31.04,30.5,30.7,8535,26296688.000000004,0.0,15,30.6,0
20251023,1761148800000,30.599999999999998,30.959999999999997,30.38,30.88,9216,28230908.0,0.0,15,30.7,0
20251024,1761235200000,31.310000000000002,31.46,30.8,31.16,12660,39540358.0,0.0,15,30.88,0
20251027,1761494400000,31.27,31.46,30.62,31.130000000000003,11405,35333252.0,0.0,15,31.16,0
20251028,1761580800000,31.08,31.44,31.0,31.05,7877,24552024.0,0.0,15,31.13,0
20251029,1761667200000,30.85,31.2,30.62,30.650000000000002,9165,28257244.0,0.0,15,31.05,0
20251030,1761753600000,30.52,30.73,30.09,30.11,7489,22724151.0,0.0,15,30.65,0
20251031,1761840000000,30.060000000000002,30.090000000000003,29.400000000000002,29.810000000000002,15750,46804281.0,0.0,15,30.110000000000003,0
20251103,1762099200000,29.72,30.14,29.7,30.02,8231,24626498.0,0.0,15,29.81,0
20251104,1762185600000,29.95,30.12,29.7,29.919999999999998,6706,20001174.0,0.0,15,30.02,0
20251105,1762272000000,29.61,30.2,29.5,30.11,6245,18731284.0,0.0,15,29.92,0
20251106,1762358400000,30.110000000000003,30.680000000000003,29.92,30.590000000000003,8667,26256395.000000004,0.0,15,30.110000000000003,0
20251107,1762444800000,30.35,31.09,30.35,31.060000000000002,13206,40763538.0,0.0,15,30.59,0
20251110,1762704000000,31.070000000000004,31.46,30.900000000000002,31.21,11355,35407400.0,0.0,15,31.060000000000002,0
20251111,1762790400000,31.3,31.49,31.02,31.29,9586,29914286.0,0.0,15,31.21,0
20251112,1762876800000,31.290000000000003,32.0,30.94,31.790000000000003,19719,62007313.0,0.0,15,31.290000000000003,0
20251113,1762963200000,31.85,31.92,31.220000000000002,31.700000000000003,17444,55098657.0,0.0,15,31.790000000000003,0
20251114,1763049600000,31.75,31.87,30.92,30.92,30092,94685302.0,0.0,15,31.700000000000003,0
20251117,1763308800000,30.94,31.3,30.330000000000002,30.400000000000002,12694,38843685.0,0.0,15,30.92,0
20251118,1763395200000,30.31,30.65,29.88,30.02,10996,33154718.000000004,0.0,15,30.4,0
20251119,1763481600000,30.020000000000003,30.310000000000002,29.42,29.520000000000003,8031,23852506.0,0.0,15,30.020000000000003,0
20251120,1763568000000,29.520000000000003,29.78,28.92,29.26,7253,21233765.000000004,0.0,15,29.520000000000003,0
20251121,1763654400000,29.330000000000002,29.480000000000004,27.810000000000002,28.05,9785,27923905.000000004,0.0,15,29.26,0
20251124,1763913600000,28.38,29.0,27.91,28.71,12107,34430467.0,0.0,15,28.05,0
20251125,1764000000000,28.85,29.240000000000002,28.71,28.8,8624,24961829.0,0.0,15,28.71,0
20251126,1764086400000,28.72,29.080000000000002,28.32,28.35,7699,22062020.0,0.0,15,28.8,0
20251127,1764172800000,28.49,28.75,28.2,28.61,5187,14851420.0,0.0,15,28.349999999999998,0
20251128,1764259200000,28.74,28.92,28.5,28.88,5140,14769002.0,0.0,15,28.61,0
20251201,1764518400000,28.88,29.27,28.82,28.94,5706,16550458.0,0.0,15,28.88,0
20251202,1764604800000,29.28,29.28,28.5,28.6,7602,21804341.0,0.0,15,28.94,0
20251203,1764691200000,28.63,28.78,28.39,28.43,5183,14803324.0,0.0,15,28.6,0
20251204,1764777600000,28.5,28.560000000000002,27.92,28.180000000000003,5854,16497298.0,0.0,15,28.430000000000003,0
20251205,1764864000000,28.0,28.65,27.93,28.65,4824,13681915.000000002,0.0,15,28.18,0
20251208,1765123200000,28.69,28.98,28.6,28.94,4952,14309401.0,0.0,15,28.650000000000002,0
20251209,1765209600000,28.94,29.060000000000002,28.6,28.82,3991,11551069.0,0.0,15,28.94,0
20251210,1765296000000,28.81,28.81,28.13,28.25,6301,17874285.0,0.0,15,28.82,0
20251211,1765382400000,28.26,28.45,27.87,27.880000000000003,7570,21220948.0,0.0,15,28.25,0
20251212,1765468800000,27.84,28.200000000000003,27.51,27.540000000000003,5508,15322147.0,0.0,15,27.880000000000003,0
20251215,1765728000000,27.5,27.86,27.21,27.830000000000002,7272,20063543.0,0.0,15,27.54,0
20251216,1765814400000,27.7,27.94,27.21,27.26,5088,13970289.0,0.0,15,27.830000000000002,0
20251217,1765900800000,27.2,27.44,26.66,27.12,6287,16933262.000000004,0.0,15,27.26,0
20251218,1765987200000,27.12,27.570000000000004,26.900000000000002,27.3,6258,17125817.0,0.0,15,27.12,0
20251219,1766073600000,27.430000000000003,27.740000000000002,27.42,27.6,4506,12425945.0,0.0,15,27.3,0
20251222,1766332800000,27.88,27.919999999999998,27.63,27.709999999999997,5318,14796956.0,0.0,15,27.599999999999998,0
20251223,1766419200000,27.72,28.05,27.7,27.87,6665,18591954.0,0.0,15,27.71,0
20251224,1766505600000,27.87,28.310000000000002,27.78,28.150000000000002,6511,18323813.0,0.0,15,27.87,0
20251225,1766592000000,28.330000000000002,28.76,28.080000000000002,28.630000000000003,6184,17639209.0,0.0,15,28.150000000000002,0
20251226,1766678400000,28.650000000000002,28.830000000000002,28.240000000000002,28.270000000000003,4988,14192192.000000002,0.0,15,28.630000000000003,0
20251229,1766937600000,28.4,28.77,28.11,28.48,5878,16723445.0,0.0,15,28.27,0
20251230,1767024000000,28.38,28.48,28.11,28.11,4200,11877575.0,0.0,15,28.48,0
20251231,1767110400000,28.08,28.259999999999998,27.88,28.02,4619,12966435.999999998,0.0,15,28.11,0
20260105,1767542400000,28.02,29.8,28.02,29.28,18537,54066871.0,0.0,15,28.02,0
20260106,1767628800000,29.3,29.43,28.82,28.93,8212,23819097.000000004,0.0,15,29.28,0
20260107,1767715200000,28.930000000000003,29.130000000000003,28.51,28.67,11713,33693233.0,0.0,15,28.930000000000003,0
20260108,1767801600000,28.529999999999998,29.009999999999998,28.45,28.81,7801,22439285.0,0.0,15,28.669999999999998,0
20260109,1767888000000,29.07,29.07,28.5,28.93,7931,22858312.000000004,0.0,15,28.81,0
20260112,1768147200000,28.98,29.23,28.76,29.180000000000003,10055,29138290.0,0.0,15,28.930000000000003,0
20260113,1768233600000,29.490000000000002,29.490000000000002,28.98,29.14,12870,37639105.99999999,0.0,15,29.18,0
20260114,1768320000000,29.14,29.41,28.85,29.150000000000002,11701,34149502.0,0.0,15,29.14,0
20260115,1768406400000,29.0,29.64,29.0,29.48,12681,37329604.0,0.0,15,29.15,0
20260116,1768492800000,29.6,29.77,29.43,29.669999999999998,10354,30668189.000000004,0.0,15,29.48,0
20260119,1768752000000,29.900000000000002,30.19,29.6,30.14,9837,29536567.000000004,0.0,15,29.67,0
20260120,1768838400000,30.439999999999998,30.439999999999998,29.61,29.88,9817,29467911.000000004,0.0,15,30.14,0
20260121,1768924800000,29.88,30.22,29.66,30.19,7195,21640862.0,0.0,15,29.88,0
20260122,1769011200000,30.3,30.58,30.0,30.42,9986,30352536.0,0.0,15,30.19,0
20260123,1769097600000,30.3,30.610000000000003,30.26,30.46,6422,19515168.0,0.0,15,30.42,0
20260126,1769356800000,30.48,30.69,30.01,30.380000000000003,9273,28073754.000000004,0.0,15,30.46,0
20260127,1769443200000,30.19,30.340000000000003,29.26,30.03,9526,28474268.000000004,0.0,15,30.380000000000003,0
20260128,1769529600000,30.23,30.240000000000002,29.650000000000002,29.8,7136,21319630.0,0.0,15,30.03,0
20260129,1769616000000,30.2,30.2,29.0,29.21,10970,32376922.0,0.0,15,29.8,0
20260130,1769702400000,29.09,29.65,29.0,29.53,11186,32859888.0,0.0,15,29.21,0
20260202,1769961600000,29.55,31.19,29.490000000000002,30.200000000000003,27444,83667393.0,0.0,15,29.53,0
20260203,1770048000000,30.32,30.64,29.94,30.560000000000002,11621,35287382.0,0.0,15,30.200000000000003,0
20260204,1770134400000,30.580000000000002,31.1,30.560000000000002,30.78,11899,36729517.00000001,0.0,15,30.560000000000002,0
20260205,1770220800000,30.720000000000002,31.1,30.650000000000002,30.700000000000003,8512,26298977.0,0.0,15,30.78,0
20260206,1770307200000,30.709999999999997,31.23,30.38,30.91,10019,30982641.0,0.0,15,30.7,0
20260209,1770566400000,31.09,31.78,31.09,31.29,15041,47256293.0,0.0,15,30.91,0
20260210,1770652800000,31.500000000000004,31.500000000000004,30.830000000000002,30.830000000000002,10032,31184228.000000004,0.0,15,31.290000000000003,0
20260211,1770739200000,31.15,31.21,30.61,30.939999999999998,9735,30165004.0,0.0,15,30.83,0
20260212,1770825600000,31.19,31.19,30.5,30.78,8544,26361728.0,0.0,15,30.94,0
20260213,1770912000000,30.86,31.080000000000002,30.55,30.650000000000002,6912,21322744.0,0.0,15,30.78,0
20260224,1771862400000,30.8,31.240000000000002,30.78,30.87,8817,27288196.000000004,0.0,15,30.650000000000002,0
20260225,1771948800000,31.07,31.18,30.77,30.86,10007,30980945.0,0.0,15,30.87,0
20260226,1772035200000,31.28,31.29,30.84,31.27,9091,28250855.999999996,0.0,15,30.86,0
20260227,1772121600000,31.26,31.270000000000003,30.810000000000002,31.01,7993,24799916.0,0.0,15,31.270000000000003,0
20260302,1772380800000,30.76,31.310000000000002,29.810000000000002,30.040000000000003,19977,60634294.0,0.0,15,31.01,0
20260303,1772467200000,30.150000000000002,30.64,29.44,29.46,13996,42119989.0,0.0,15,30.040000000000003,0
20260304,1772553600000,28.98,29.62,28.84,29.13,10011,29245154.0,0.0,15,29.46,0
20260305,1772640000000,29.540000000000003,29.98,29.28,29.5,7111,21102899.0,0.0,15,29.130000000000003,0
20260306,1772726400000,29.310000000000002,30.55,29.310000000000002,30.39,9725,29376667.0,0.0,15,29.500000000000004,0
20260309,1772985600000,30.28,31.080000000000002,29.8,30.19,11425,34568646.0,0.0,15,30.39,0
20260310,1773072000000,30.23,30.94,30.19,30.82,8981,27602276.0,0.0,15,30.19,0
20260311,1773158400000,30.88,31.58,30.75,31.19,18353,57017647.00000001,0.0,15,30.82,0
20260312,1773244800000,31.14,31.380000000000003,30.53,30.89,12050,37183596.0,0.0,15,31.19,0
20260313,1773331200000,30.919999999999998,32.39,30.7,31.89,25409,80891358.0,0.0,15,30.89,0
20260316,1773590400000,31.900000000000002,35.480000000000004,31.89,33.78,60001,203494791.0,0.0,15,31.89,0
20260317,1773676800000,33.699999999999996,34.98,32.37,33.3,66979,226082589.99999997,0.0,15,33.779999999999994,0
20260318,1773763200000,33.3,35.22,33.3,34.36,48765,167822168.0,0.0,15,33.3,0
20260319,1773849600000,34.14,34.14,32.19,32.32,30952,102258165.99999999,0.0,15,34.36,0
20260320,1773936000000,32.81,33.6,31.580000000000002,32.75,30932,100958784.0,0.0,15,32.32,0
20260323,1774195200000,33.08,37.8,33.08,36.91,77515,279233049.0,0.0,15,32.75,0
20260324,1774281600000,36.91,36.91,36.91,36.91,0,0.0,0.0,0,36.91,1
20260325,1774368000000,36.91,36.91,36.91,36.91,0,0.0,0.0,0,36.91,1
20260326,1774454400000,36.91,36.91,36.91,36.91,0,0.0,0.0,0,36.91,1
20260327,1774540800000,36.91,36.91,36.91,36.91,0,0.0,0.0,0,36.91,1
20260330,1774800000000,36.91,36.91,36.91,36.91,0,0.0,0.0,0,36.91,1
20260331,1774886400000,36.91,36.91,36.91,36.91,0,0.0,0.0,0,36.91,1
20260401,1774972800000,36.91,36.91,36.91,36.91,0,0.0,0.0,0,36.91,1
20260402,1775059200000,36.91,36.91,36.91,36.91,0,0.0,0.0,0,36.91,1
20260403,1775145600000,36.91,36.91,36.91,36.91,0,0.0,0.0,0,36.91,1
20260407,1775491200000,36.91,36.91,36.91,36.91,0,0.0,0.0,0,36.91,1
20260408,1775577600000,37.86,43.9,33.11,40.4,88111,343421791.0,0.0,15,36.91,0
20260409,1775664000000,38.57,40.38,36.06,36.53,76142,284627319.0,0.0,15,40.400000000000006,0
20260410,1775750400000,35.59,36.35,34.800000000000004,35.03,53097,187766682.00000003,0.0,15,36.53,0
20260413,1776009600000,34.68,34.78,33.18,33.55,44290,149445223.00000003,0.0,15,35.03,0
20260414,1776096000000,33.660000000000004,33.800000000000004,32.21,32.69,38386,125688897.00000001,0.0,15,33.550000000000004,0
20260415,1776182400000,32.69,32.69,32.08,32.269999999999996,30639,99200509.0,0.0,15,32.69,0
20260416,1776268800000,32.269999999999996,36.2,31.52,35.4,79971,272556793.0,0.0,15,32.269999999999996,0
20260417,1776355200000,35.1,36.190000000000005,34.34,35.2,51661,181832710.0,0.0,15,35.400000000000006,0
20260420,1776614400000,35.0,35.92,34.81,35.400000000000006,35985,127209411.0,0.0,15,35.2,0
20260421,1776700800000,35.41,35.47,34.5,35.32,25374,88626709.0,0.0,15,35.4,0
20260422,1776787200000,34.88,35.59,34.660000000000004,35.06,20672,72741247.0,0.0,15,35.32,0
20260423,1776873600000,34.92,35.23,33.58,33.92,26321,90259413.99999999,0.0,15,35.059999999999995,0
20260424,1776960000000,33.6,34.050000000000004,32.7,33.25,21070,70061179.0,0.0,15,33.92,0
20260427,1777219200000,33.24,33.39,32.39,33.2,15425,50776174.0,0.0,15,33.25,0
20260428,1777305600000,32.85,33.95,32.660000000000004,32.970000000000006,12863,42618587.0,0.0,15,33.2,0
20260429,1777392000000,33.199999999999996,33.839999999999996,32.8,33.36,14778,49510178.0,0.0,15,32.97,0
20260430,1777478400000,33.5,33.870000000000005,33.13,33.53,11949,39985937.00000001,0.0,15,33.36,0
20260506,1777996800000,33.730000000000004,35.290000000000006,33.730000000000004,34.440000000000005,19724,68148246.0,0.0,15,33.53,0
20260507,1778083200000,34.54,36.050000000000004,34.06,35.440000000000005,31260,110173223.0,0.0,15,34.440000000000005,0
20260508,1778169600000,35.29,35.730000000000004,34.71,35.67,21627,76608706.0,0.0,15,35.44,0
20260511,1778428800000,35.75,36.78,34.96,36.410000000000004,28088,100919012.0,0.0,15,35.67,0
20260512,1778515200000,36.32,36.41,34.69,35.269999999999996,18075,64266223.0,0.0,15,36.41,0
20260513,1778601600000,35.370000000000005,35.54,34.92,35.11,15299,53919458.00000001,0.0,15,35.27,0
20260514,1778688000000,35.120000000000005,37.45,35.03,36.58,40702,147967784.0,0.0,15,35.11,0
20260515,1778774400000,36.52,37.8,36.07,37.34,43143,159619666.0,0.0,15,36.58,0
20260518,1779033600000,37.34,37.34,35.34,36.39,29612,106786245.0,0.0,15,37.34,0
20260519,1779120000000,36.06,36.34,35.410000000000004,35.790000000000006,22009,78694450.0,0.0,15,36.39,0
20260520,1779206400000,35.44,36.64,35.04,35.519999999999996,22609,80536828.0,0.0,15,35.79,0
20260521,1779292800000,35.28,36.339999999999996,34.11,34.17,26930,94930909.0,0.0,15,35.519999999999996,0
20260522,1779379200000,34.269999999999996,34.73,33.94,34.169999999999995,18911,64869930.00000001,0.0,15,34.169999999999995,0
20260525,1779638400000,34.28,34.81,33.410000000000004,34.1,21114,72183762.0,0.0,15,34.17,0
20260526,1779724800000,34.23,34.23,33.0,33.75,19907,66554934.0,0.0,15,34.1,0
