date,time,open,high,low,close,volume,amount,settelementPrice,openInterest,preClose,suspendFlag
19980327,890928000000,,,,,0,0.0,0.0,0,,1
19980330,891187200000,,,,,0,0.0,0.0,0,,1
19980331,891273600000,,,,,0,0.0,0.0,0,,1
19980401,891360000000,,,,,0,0.0,0.0,0,,1
19980402,891446400000,,,,,0,0.0,0.0,0,,1
19980403,891532800000,,,,,0,0.0,0.0,0,,1
19980406,891792000000,,,,,0,0.0,0.0,0,,1
19980407,891878400000,,,,,0,0.0,0.0,0,,1
19980408,891964800000,,,,,0,0.0,0.0,0,,1
19980409,892051200000,,,,,0,0.0,0.0,0,,1
19980410,892137600000,,,,,0,0.0,0.0,0,,1
19980413,892396800000,,,,,0,0.0,0.0,0,,1
19980414,892483200000,,,,,0,0.0,0.0,0,,1
19980415,892569600000,,,,,0,0.0,0.0,0,,1
19980416,892656000000,,,,,0,0.0,0.0,0,,1
19980417,892742400000,,,,,0,0.0,0.0,0,,1
19980420,893001600000,,,,,0,0.0,0.0,0,,1
19980421,893088000000,,,,,0,0.0,0.0,0,,1
19980422,893174400000,,,,,0,0.0,0.0,0,,1
19980423,893260800000,,,,,0,0.0,0.0,0,,1
19980424,893347200000,,,,,0,0.0,0.0,0,,1
19980427,893606400000,,,,,0,0.0,0.0,0,,1
19980428,893692800000,,,,,0,0.0,0.0,0,,1
19980429,893779200000,,,,,0,0.0,0.0,0,,1
19980430,893865600000,,,,,0,0.0,0.0,0,,1
19980504,894211200000,,,,,0,0.0,0.0,0,,1
19980505,894297600000,,,,,0,0.0,0.0,0,,1
19980506,894384000000,,,,,0,0.0,0.0,0,,1
19980507,894470400000,,,,,0,0.0,0.0,0,,1
19980508,894556800000,,,,,0,0.0,0.0,0,,1
19980511,894816000000,,,,,0,0.0,0.0,0,,1
19980512,894902400000,,,,,0,0.0,0.0,0,,1
19980513,894988800000,,,,,0,0.0,0.0,0,,1
19980514,895075200000,,,,,0,0.0,0.0,0,,1
19980515,895161600000,,,,,0,0.0,0.0,0,,1
19980518,895420800000,,,,,0,0.0,0.0,0,,1
19980519,895507200000,,,,,0,0.0,0.0,0,,1
19980520,895593600000,,,,,0,0.0,0.0,0,,1
19980521,895680000000,,,,,0,0.0,0.0,0,,1
19980522,895766400000,,,,,0,0.0,0.0,0,,1
19980525,896025600000,,,,,0,0.0,0.0,0,,1
19980526,896112000000,,,,,0,0.0,0.0,0,,1
19980527,896198400000,,,,,0,0.0,0.0,0,,1
19980528,896284800000,,,,,0,0.0,0.0,0,,1
19980529,896371200000,,,,,0,0.0,0.0,0,,1
19980601,896630400000,,,,,0,0.0,0.0,0,,1
19980602,896716800000,,,,,0,0.0,0.0,0,,1
19980603,896803200000,,,,,0,0.0,0.0,0,,1
19980604,896889600000,,,,,0,0.0,0.0,0,,1
19980605,896976000000,,,,,0,0.0,0.0,0,,1
19980608,897235200000,,,,,0,0.0,0.0,0,,1
19980609,897321600000,,,,,0,0.0,0.0,0,,1
19980610,897408000000,,,,,0,0.0,0.0,0,,1
19980611,897494400000,,,,,0,0.0,0.0,0,,1
19980612,897580800000,,,,,0,0.0,0.0,0,,1
19980615,897840000000,,,,,0,0.0,0.0,0,,1
19980616,897926400000,,,,,0,0.0,0.0,0,,1
19980617,898012800000,,,,,0,0.0,0.0,0,,1
19980618,898099200000,,,,,0,0.0,0.0,0,,1
19980619,898185600000,,,,,0,0.0,0.0,0,,1
19980622,898444800000,,,,,0,0.0,0.0,0,,1
19980623,898531200000,,,,,0,0.0,0.0,0,,1
19980624,898617600000,,,,,0,0.0,0.0,0,,1
19980625,898704000000,,,,,0,0.0,0.0,0,,1
19980626,898790400000,,,,,0,0.0,0.0,0,,1
19980629,899049600000,,,,,0,0.0,0.0,0,,1
19980630,899136000000,,,,,0,0.0,0.0,0,,1
19980701,899222400000,,,,,0,0.0,0.0,0,,1
19980702,899308800000,,,,,0,0.0,0.0,0,,1
19980703,899395200000,,,,,0,0.0,0.0,0,,1
19980706,899654400000,,,,,0,0.0,0.0,0,,1
19980707,899740800000,,,,,0,0.0,0.0,0,,1
19980708,899827200000,,,,,0,0.0,0.0,0,,1
19980709,899913600000,,,,,0,0.0,0.0,0,,1
19980710,900000000000,,,,,0,0.0,0.0,0,,1
19980713,900259200000,,,,,0,0.0,0.0,0,,1
19980714,900345600000,,,,,0,0.0,0.0,0,,1
19980715,900432000000,,,,,0,0.0,0.0,0,,1
19980716,900518400000,,,,,0,0.0,0.0,0,,1
19980717,900604800000,,,,,0,0.0,0.0,0,,1
19980720,900864000000,,,,,0,0.0,0.0,0,,1
19980721,900950400000,,,,,0,0.0,0.0,0,,1
19980722,901036800000,,,,,0,0.0,0.0,0,,1
19980723,901123200000,,,,,0,0.0,0.0,0,,1
19980724,901209600000,,,,,0,0.0,0.0,0,,1
19980727,901468800000,,,,,0,0.0,0.0,0,,1
19980728,901555200000,,,,,0,0.0,0.0,0,,1
19980729,901641600000,,,,,0,0.0,0.0,0,,1
19980730,901728000000,,,,,0,0.0,0.0,0,,1
19980731,901814400000,,,,,0,0.0,0.0,0,,1
19980803,902073600000,,,,,0,0.0,0.0,0,,1
19980804,902160000000,,,,,0,0.0,0.0,0,,1
19980805,902246400000,,,,,0,0.0,0.0,0,,1
19980806,902332800000,,,,,0,0.0,0.0,0,,1
19980807,902419200000,,,,,0,0.0,0.0,0,,1
19980810,902678400000,,,,,0,0.0,0.0,0,,1
19980811,902764800000,,,,,0,0.0,0.0,0,,1
19980812,902851200000,,,,,0,0.0,0.0,0,,1
19980813,902937600000,,,,,0,0.0,0.0,0,,1
19980814,903024000000,,,,,0,0.0,0.0,0,,1
19980817,903283200000,,,,,0,0.0,0.0,0,,1
19980818,903369600000,,,,,0,0.0,0.0,0,,1
19980819,903456000000,,,,,0,0.0,0.0,0,,1
19980820,903542400000,,,,,0,0.0,0.0,0,,1
19980821,903628800000,,,,,0,0.0,0.0,0,,1
19980824,903888000000,,,,,0,0.0,0.0,0,,1
19980825,903974400000,,,,,0,0.0,0.0,0,,1
19980826,904060800000,,,,,0,0.0,0.0,0,,1
19980827,904147200000,,,,,0,0.0,0.0,0,,1
19980828,904233600000,,,,,0,0.0,0.0,0,,1
19980831,904492800000,,,,,0,0.0,0.0,0,,1
19980901,904579200000,,,,,0,0.0,0.0,0,,1
19980902,904665600000,,,,,0,0.0,0.0,0,,1
19980903,904752000000,,,,,0,0.0,0.0,0,,1
19980904,904838400000,,,,,0,0.0,0.0,0,,1
19980907,905097600000,,,,,0,0.0,0.0,0,,1
19980908,905184000000,,,,,0,0.0,0.0,0,,1
19980909,905270400000,,,,,0,0.0,0.0,0,,1
19980910,905356800000,,,,,0,0.0,0.0,0,,1
19980911,905443200000,,,,,0,0.0,0.0,0,,1
19980914,905702400000,,,,,0,0.0,0.0,0,,1
19980915,905788800000,,,,,0,0.0,0.0,0,,1
19980916,905875200000,,,,,0,0.0,0.0,0,,1
19980917,905961600000,,,,,0,0.0,0.0,0,,1
19980918,906048000000,,,,,0,0.0,0.0,0,,1
19980921,906307200000,,,,,0,0.0,0.0,0,,1
19980922,906393600000,,,,,0,0.0,0.0,0,,1
19980923,906480000000,,,,,0,0.0,0.0,0,,1
19980924,906566400000,,,,,0,0.0,0.0,0,,1
19980925,906652800000,,,,,0,0.0,0.0,0,,1
19980928,906912000000,,,,,0,0.0,0.0,0,,1
19980929,906998400000,,,,,0,0.0,0.0,0,,1
19980930,907084800000,,,,,0,0.0,0.0,0,,1
19981005,907516800000,,,,,0,0.0,0.0,0,,1
19981006,907603200000,,,,,0,0.0,0.0,0,,1
19981007,907689600000,,,,,0,0.0,0.0,0,,1
19981008,907776000000,,,,,0,0.0,0.0,0,,1
19981009,907862400000,,,,,0,0.0,0.0,0,,1
19981012,908121600000,,,,,0,0.0,0.0,0,,1
19981013,908208000000,,,,,0,0.0,0.0,0,,1
19981014,908294400000,,,,,0,0.0,0.0,0,,1
19981015,908380800000,,,,,0,0.0,0.0,0,,1
19981016,908467200000,,,,,0,0.0,0.0,0,,1
19981019,908726400000,,,,,0,0.0,0.0,0,,1
19981020,908812800000,,,,,0,0.0,0.0,0,,1
19981021,908899200000,,,,,0,0.0,0.0,0,,1
19981022,908985600000,,,,,0,0.0,0.0,0,,1
19981023,909072000000,,,,,0,0.0,0.0,0,,1
19981026,909331200000,,,,,0,0.0,0.0,0,,1
19981027,909417600000,,,,,0,0.0,0.0,0,,1
19981028,909504000000,,,,,0,0.0,0.0,0,,1
19981029,909590400000,,,,,0,0.0,0.0,0,,1
19981030,909676800000,,,,,0,0.0,0.0,0,,1
19981102,909936000000,,,,,0,0.0,0.0,0,,1
19981103,910022400000,,,,,0,0.0,0.0,0,,1
19981104,910108800000,,,,,0,0.0,0.0,0,,1
19981105,910195200000,,,,,0,0.0,0.0,0,,1
19981106,910281600000,,,,,0,0.0,0.0,0,,1
19981109,910540800000,,,,,0,0.0,0.0,0,,1
19981110,910627200000,,,,,0,0.0,0.0,0,,1
19981111,910713600000,,,,,0,0.0,0.0,0,,1
19981112,910800000000,,,,,0,0.0,0.0,0,,1
19981113,910886400000,,,,,0,0.0,0.0,0,,1
19981116,911145600000,,,,,0,0.0,0.0,0,,1
19981117,911232000000,,,,,0,0.0,0.0,0,,1
19981118,911318400000,,,,,0,0.0,0.0,0,,1
19981119,911404800000,,,,,0,0.0,0.0,0,,1
19981120,911491200000,,,,,0,0.0,0.0,0,,1
19981123,911750400000,,,,,0,0.0,0.0,0,,1
19981124,911836800000,,,,,0,0.0,0.0,0,,1
19981125,911923200000,,,,,0,0.0,0.0,0,,1
19981126,912009600000,,,,,0,0.0,0.0,0,,1
19981127,912096000000,,,,,0,0.0,0.0,0,,1
19981130,912355200000,,,,,0,0.0,0.0,0,,1
19981201,912441600000,,,,,0,0.0,0.0,0,,1
19981202,912528000000,,,,,0,0.0,0.0,0,,1
19981203,912614400000,,,,,0,0.0,0.0,0,,1
19981204,912700800000,,,,,0,0.0,0.0,0,,1
19981207,912960000000,,,,,0,0.0,0.0,0,,1
19981208,913046400000,,,,,0,0.0,0.0,0,,1
19981209,913132800000,,,,,0,0.0,0.0,0,,1
19981210,913219200000,,,,,0,0.0,0.0,0,,1
19981211,913305600000,,,,,0,0.0,0.0,0,,1
19981214,913564800000,,,,,0,0.0,0.0,0,,1
19981215,913651200000,,,,,0,0.0,0.0,0,,1
19981216,913737600000,,,,,0,0.0,0.0,0,,1
19981217,913824000000,,,,,0,0.0,0.0,0,,1
19981218,913910400000,,,,,0,0.0,0.0,0,,1
19981221,914169600000,,,,,0,0.0,0.0,0,,1
19981222,914256000000,,,,,0,0.0,0.0,0,,1
19981223,914342400000,,,,,0,0.0,0.0,0,,1
19981224,914428800000,,,,,0,0.0,0.0,0,,1
19981225,914515200000,,,,,0,0.0,0.0,0,,1
19981228,914774400000,,,,,0,0.0,0.0,0,,1
19981229,914860800000,,,,,0,0.0,0.0,0,,1
19981230,914947200000,,,,,0,0.0,0.0,0,,1
19981231,915033600000,,,,,0,0.0,0.0,0,,1
19990104,915379200000,,,,,0,0.0,0.0,0,,1
19990105,915465600000,,,,,0,0.0,0.0,0,,1
19990106,915552000000,,,,,0,0.0,0.0,0,,1
19990107,915638400000,,,,,0,0.0,0.0,0,,1
19990108,915724800000,,,,,0,0.0,0.0,0,,1
19990111,915984000000,,,,,0,0.0,0.0,0,,1
19990112,916070400000,,,,,0,0.0,0.0,0,,1
19990113,916156800000,,,,,0,0.0,0.0,0,,1
19990114,916243200000,,,,,0,0.0,0.0,0,,1
19990115,916329600000,,,,,0,0.0,0.0,0,,1
19990118,916588800000,,,,,0,0.0,0.0,0,,1
19990119,916675200000,,,,,0,0.0,0.0,0,,1
19990120,916761600000,,,,,0,0.0,0.0,0,,1
19990121,916848000000,,,,,0,0.0,0.0,0,,1
19990122,916934400000,,,,,0,0.0,0.0,0,,1
19990125,917193600000,,,,,0,0.0,0.0,0,,1
19990126,917280000000,,,,,0,0.0,0.0,0,,1
19990127,917366400000,,,,,0,0.0,0.0,0,,1
19990128,917452800000,,,,,0,0.0,0.0,0,,1
19990129,917539200000,,,,,0,0.0,0.0,0,,1
19990201,917798400000,,,,,0,0.0,0.0,0,,1
19990202,917884800000,,,,,0,0.0,0.0,0,,1
19990203,917971200000,,,,,0,0.0,0.0,0,,1
19990204,918057600000,,,,,0,0.0,0.0,0,,1
19990205,918144000000,,,,,0,0.0,0.0,0,,1
19990208,918403200000,,,,,0,0.0,0.0,0,,1
19990209,918489600000,,,,,0,0.0,0.0,0,,1
19990301,920217600000,,,,,0,0.0,0.0,0,,1
19990302,920304000000,,,,,0,0.0,0.0,0,,1
19990303,920390400000,,,,,0,0.0,0.0,0,,1
19990304,920476800000,,,,,0,0.0,0.0,0,,1
19990305,920563200000,,,,,0,0.0,0.0,0,,1
19990308,920822400000,,,,,0,0.0,0.0,0,,1
19990309,920908800000,,,,,0,0.0,0.0,0,,1
19990310,920995200000,,,,,0,0.0,0.0,0,,1
19990311,921081600000,,,,,0,0.0,0.0,0,,1
19990312,921168000000,,,,,0,0.0,0.0,0,,1
19990315,921427200000,,,,,0,0.0,0.0,0,,1
19990316,921513600000,,,,,0,0.0,0.0,0,,1
19990317,921600000000,,,,,0,0.0,0.0,0,,1
19990318,921686400000,,,,,0,0.0,0.0,0,,1
19990319,921772800000,,,,,0,0.0,0.0,0,,1
19990322,922032000000,,,,,0,0.0,0.0,0,,1
19990323,922118400000,,,,,0,0.0,0.0,0,,1
19990324,922204800000,,,,,0,0.0,0.0,0,,1
19990325,922291200000,,,,,0,0.0,0.0,0,,1
19990326,922377600000,,,,,0,0.0,0.0,0,,1
19990329,922636800000,,,,,0,0.0,0.0,0,,1
19990330,922723200000,,,,,0,0.0,0.0,0,,1
19990331,922809600000,,,,,0,0.0,0.0,0,,1
19990401,922896000000,,,,,0,0.0,0.0,0,,1
19990402,922982400000,,,,,0,0.0,0.0,0,,1
19990405,923241600000,,,,,0,0.0,0.0,0,,1
19990406,923328000000,,,,,0,0.0,0.0,0,,1
19990407,923414400000,,,,,0,0.0,0.0,0,,1
19990408,923500800000,,,,,0,0.0,0.0,0,,1
19990409,923587200000,,,,,0,0.0,0.0,0,,1
19990412,923846400000,,,,,0,0.0,0.0,0,,1
19990413,923932800000,,,,,0,0.0,0.0,0,,1
19990414,924019200000,,,,,0,0.0,0.0,0,,1
19990415,924105600000,,,,,0,0.0,0.0,0,,1
19990416,924192000000,,,,,0,0.0,0.0,0,,1
19990419,924451200000,,,,,0,0.0,0.0,0,,1
19990420,924537600000,,,,,0,0.0,0.0,0,,1
19990421,924624000000,,,,,0,0.0,0.0,0,,1
19990422,924710400000,,,,,0,0.0,0.0,0,,1
19990423,924796800000,,,,,0,0.0,0.0,0,,1
19990426,925056000000,,,,,0,0.0,0.0,0,,1
19990427,925142400000,,,,,0,0.0,0.0,0,,1
19990428,925228800000,,,,,0,0.0,0.0,0,,1
19990429,925315200000,,,,,0,0.0,0.0,0,,1
19990430,925401600000,,,,,0,0.0,0.0,0,,1
19990504,925747200000,,,,,0,0.0,0.0,0,,1
19990505,925833600000,,,,,0,0.0,0.0,0,,1
19990506,925920000000,,,,,0,0.0,0.0,0,,1
19990507,926006400000,,,,,0,0.0,0.0,0,,1
19990510,926265600000,,,,,0,0.0,0.0,0,,1
19990511,926352000000,,,,,0,0.0,0.0,0,,1
19990512,926438400000,,,,,0,0.0,0.0,0,,1
19990513,926524800000,,,,,0,0.0,0.0,0,,1
19990514,926611200000,,,,,0,0.0,0.0,0,,1
19990517,926870400000,,,,,0,0.0,0.0,0,,1
19990518,926956800000,,,,,0,0.0,0.0,0,,1
19990519,927043200000,,,,,0,0.0,0.0,0,,1
19990520,927129600000,,,,,0,0.0,0.0,0,,1
19990521,927216000000,,,,,0,0.0,0.0,0,,1
19990524,927475200000,,,,,0,0.0,0.0,0,,1
19990525,927561600000,,,,,0,0.0,0.0,0,,1
19990526,927648000000,,,,,0,0.0,0.0,0,,1
19990527,927734400000,,,,,0,0.0,0.0,0,,1
19990528,927820800000,,,,,0,0.0,0.0,0,,1
19990531,928080000000,,,,,0,0.0,0.0,0,,1
19990601,928166400000,,,,,0,0.0,0.0,0,,1
19990602,928252800000,,,,,0,0.0,0.0,0,,1
19990603,928339200000,,,,,0,0.0,0.0,0,,1
19990604,928425600000,,,,,0,0.0,0.0,0,,1
19990607,928684800000,,,,,0,0.0,0.0,0,,1
19990608,928771200000,,,,,0,0.0,0.0,0,,1
19990609,928857600000,,,,,0,0.0,0.0,0,,1
19990610,928944000000,,,,,0,0.0,0.0,0,,1
19990611,929030400000,,,,,0,0.0,0.0,0,,1
19990614,929289600000,,,,,0,0.0,0.0,0,,1
19990615,929376000000,,,,,0,0.0,0.0,0,,1
19990616,929462400000,,,,,0,0.0,0.0,0,,1
19990617,929548800000,,,,,0,0.0,0.0,0,,1
19990618,929635200000,,,,,0,0.0,0.0,0,,1
19990621,929894400000,,,,,0,0.0,0.0,0,,1
19990622,929980800000,,,,,0,0.0,0.0,0,,1
19990623,930067200000,,,,,0,0.0,0.0,0,,1
19990624,930153600000,,,,,0,0.0,0.0,0,,1
19990625,930240000000,,,,,0,0.0,0.0,0,,1
19990628,930499200000,,,,,0,0.0,0.0,0,,1
19990629,930585600000,,,,,0,0.0,0.0,0,,1
19990630,930672000000,,,,,0,0.0,0.0,0,,1
19990701,930758400000,,,,,0,0.0,0.0,0,,1
19990702,930844800000,,,,,0,0.0,0.0,0,,1
19990705,931104000000,,,,,0,0.0,0.0,0,,1
19990706,931190400000,,,,,0,0.0,0.0,0,,1
19990707,931276800000,,,,,0,0.0,0.0,0,,1
19990708,931363200000,,,,,0,0.0,0.0,0,,1
19990709,931449600000,,,,,0,0.0,0.0,0,,1
19990712,931708800000,,,,,0,0.0,0.0,0,,1
19990713,931795200000,,,,,0,0.0,0.0,0,,1
19990714,931881600000,,,,,0,0.0,0.0,0,,1
19990715,931968000000,,,,,0,0.0,0.0,0,,1
19990716,932054400000,,,,,0,0.0,0.0,0,,1
19990719,932313600000,,,,,0,0.0,0.0,0,,1
19990720,932400000000,,,,,0,0.0,0.0,0,,1
19990721,932486400000,,,,,0,0.0,0.0,0,,1
19990722,932572800000,,,,,0,0.0,0.0,0,,1
19990723,932659200000,,,,,0,0.0,0.0,0,,1
19990726,932918400000,,,,,0,0.0,0.0,0,,1
19990727,933004800000,,,,,0,0.0,0.0,0,,1
19990728,933091200000,,,,,0,0.0,0.0,0,,1
19990729,933177600000,,,,,0,0.0,0.0,0,,1
19990730,933264000000,,,,,0,0.0,0.0,0,,1
19990802,933523200000,,,,,0,0.0,0.0,0,,1
19990803,933609600000,,,,,0,0.0,0.0,0,,1
19990804,933696000000,,,,,0,0.0,0.0,0,,1
19990805,933782400000,,,,,0,0.0,0.0,0,,1
19990806,933868800000,,,,,0,0.0,0.0,0,,1
19990809,934128000000,,,,,0,0.0,0.0,0,,1
19990810,934214400000,,,,,0,0.0,0.0,0,,1
19990811,934300800000,,,,,0,0.0,0.0,0,,1
19990812,934387200000,,,,,0,0.0,0.0,0,,1
19990813,934473600000,,,,,0,0.0,0.0,0,,1
19990816,934732800000,,,,,0,0.0,0.0,0,,1
19990817,934819200000,,,,,0,0.0,0.0,0,,1
19990818,934905600000,,,,,0,0.0,0.0,0,,1
19990819,934992000000,,,,,0,0.0,0.0,0,,1
19990820,935078400000,,,,,0,0.0,0.0,0,,1
19990823,935337600000,,,,,0,0.0,0.0,0,,1
19990824,935424000000,,,,,0,0.0,0.0,0,,1
19990825,935510400000,,,,,0,0.0,0.0,0,,1
19990826,935596800000,,,,,0,0.0,0.0,0,,1
19990827,935683200000,,,,,0,0.0,0.0,0,,1
19990830,935942400000,,,,,0,0.0,0.0,0,,1
19990831,936028800000,,,,,0,0.0,0.0,0,,1
19990901,936115200000,,,,,0,0.0,0.0,0,,1
19990902,936201600000,,,,,0,0.0,0.0,0,,1
19990903,936288000000,,,,,0,0.0,0.0,0,,1
19990906,936547200000,,,,,0,0.0,0.0,0,,1
19990907,936633600000,,,,,0,0.0,0.0,0,,1
19990908,936720000000,,,,,0,0.0,0.0,0,,1
19990909,936806400000,,,,,0,0.0,0.0,0,,1
19990910,936892800000,,,,,0,0.0,0.0,0,,1
19990913,937152000000,,,,,0,0.0,0.0,0,,1
19990914,937238400000,,,,,0,0.0,0.0,0,,1
19990915,937324800000,,,,,0,0.0,0.0,0,,1
19990916,937411200000,,,,,0,0.0,0.0,0,,1
19990917,937497600000,,,,,0,0.0,0.0,0,,1
19990920,937756800000,,,,,0,0.0,0.0,0,,1
19990921,937843200000,,,,,0,0.0,0.0,0,,1
19990922,937929600000,,,,,0,0.0,0.0,0,,1
19990923,938016000000,,,,,0,0.0,0.0,0,,1
19990924,938102400000,,,,,0,0.0,0.0,0,,1
19990927,938361600000,,,,,0,0.0,0.0,0,,1
19990928,938448000000,,,,,0,0.0,0.0,0,,1
19990929,938534400000,,,,,0,0.0,0.0,0,,1
19990930,938620800000,,,,,0,0.0,0.0,0,,1
19991008,939312000000,,,,,0,0.0,0.0,0,,1
19991011,939571200000,,,,,0,0.0,0.0,0,,1
19991012,939657600000,,,,,0,0.0,0.0,0,,1
19991013,939744000000,,,,,0,0.0,0.0,0,,1
19991014,939830400000,,,,,0,0.0,0.0,0,,1
19991015,939916800000,,,,,0,0.0,0.0,0,,1
19991018,940176000000,,,,,0,0.0,0.0,0,,1
19991019,940262400000,,,,,0,0.0,0.0,0,,1
19991020,940348800000,,,,,0,0.0,0.0,0,,1
19991021,940435200000,,,,,0,0.0,0.0,0,,1
19991022,940521600000,,,,,0,0.0,0.0,0,,1
19991025,940780800000,,,,,0,0.0,0.0,0,,1
19991026,940867200000,,,,,0,0.0,0.0,0,,1
19991027,940953600000,,,,,0,0.0,0.0,0,,1
19991028,941040000000,,,,,0,0.0,0.0,0,,1
19991029,941126400000,,,,,0,0.0,0.0,0,,1
19991101,941385600000,,,,,0,0.0,0.0,0,,1
19991102,941472000000,,,,,0,0.0,0.0,0,,1
19991103,941558400000,,,,,0,0.0,0.0,0,,1
19991104,941644800000,,,,,0,0.0,0.0,0,,1
19991105,941731200000,,,,,0,0.0,0.0,0,,1
19991108,941990400000,,,,,0,0.0,0.0,0,,1
19991109,942076800000,,,,,0,0.0,0.0,0,,1
19991110,942163200000,,,,,0,0.0,0.0,0,,1
19991111,942249600000,,,,,0,0.0,0.0,0,,1
19991112,942336000000,,,,,0,0.0,0.0,0,,1
19991115,942595200000,,,,,0,0.0,0.0,0,,1
19991116,942681600000,,,,,0,0.0,0.0,0,,1
19991117,942768000000,,,,,0,0.0,0.0,0,,1
19991118,942854400000,,,,,0,0.0,0.0,0,,1
19991119,942940800000,,,,,0,0.0,0.0,0,,1
19991122,943200000000,,,,,0,0.0,0.0,0,,1
19991123,943286400000,,,,,0,0.0,0.0,0,,1
19991124,943372800000,,,,,0,0.0,0.0,0,,1
19991125,943459200000,,,,,0,0.0,0.0,0,,1
19991126,943545600000,,,,,0,0.0,0.0,0,,1
19991129,943804800000,,,,,0,0.0,0.0,0,,1
19991130,943891200000,,,,,0,0.0,0.0,0,,1
19991201,943977600000,,,,,0,0.0,0.0,0,,1
19991202,944064000000,,,,,0,0.0,0.0,0,,1
19991203,944150400000,,,,,0,0.0,0.0,0,,1
19991206,944409600000,,,,,0,0.0,0.0,0,,1
19991207,944496000000,,,,,0,0.0,0.0,0,,1
19991208,944582400000,,,,,0,0.0,0.0,0,,1
19991209,944668800000,,,,,0,0.0,0.0,0,,1
19991210,944755200000,,,,,0,0.0,0.0,0,,1
19991213,945014400000,,,,,0,0.0,0.0,0,,1
19991214,945100800000,,,,,0,0.0,0.0,0,,1
19991215,945187200000,,,,,0,0.0,0.0,0,,1
19991216,945273600000,,,,,0,0.0,0.0,0,,1
19991217,945360000000,,,,,0,0.0,0.0,0,,1
19991221,945705600000,,,,,0,0.0,0.0,0,,1
19991222,945792000000,,,,,0,0.0,0.0,0,,1
19991223,945878400000,,,,,0,0.0,0.0,0,,1
19991224,945964800000,,,,,0,0.0,0.0,0,,1
19991227,946224000000,,,,,0,0.0,0.0,0,,1
19991228,946310400000,,,,,0,0.0,0.0,0,,1
19991229,946396800000,,,,,0,0.0,0.0,0,,1
19991230,946483200000,,,,,0,0.0,0.0,0,,1
20000104,946915200000,,,,,0,0.0,0.0,0,,1
20000105,947001600000,,,,,0,0.0,0.0,0,,1
20000106,947088000000,,,,,0,0.0,0.0,0,,1
20000107,947174400000,,,,,0,0.0,0.0,0,,1
20000110,947433600000,,,,,0,0.0,0.0,0,,1
20000111,947520000000,,,,,0,0.0,0.0,0,,1
20000112,947606400000,,,,,0,0.0,0.0,0,,1
20000113,947692800000,,,,,0,0.0,0.0,0,,1
20000114,947779200000,,,,,0,0.0,0.0,0,,1
20000117,948038400000,,,,,0,0.0,0.0,0,,1
20000118,948124800000,,,,,0,0.0,0.0,0,,1
20000119,948211200000,,,,,0,0.0,0.0,0,,1
20000120,948297600000,,,,,0,0.0,0.0,0,,1
20000121,948384000000,,,,,0,0.0,0.0,0,,1
20000124,948643200000,,,,,0,0.0,0.0,0,,1
20000125,948729600000,,,,,0,0.0,0.0,0,,1
20000126,948816000000,,,,,0,0.0,0.0,0,,1
20000127,948902400000,,,,,0,0.0,0.0,0,,1
20000128,948988800000,,,,,0,0.0,0.0,0,,1
20000214,950457600000,,,,,0,0.0,0.0,0,,1
20000215,950544000000,,,,,0,0.0,0.0,0,,1
20000216,950630400000,,,,,0,0.0,0.0,0,,1
20000217,950716800000,,,,,0,0.0,0.0,0,,1
20000218,950803200000,,,,,0,0.0,0.0,0,,1
20000221,951062400000,,,,,0,0.0,0.0,0,,1
20000222,951148800000,,,,,0,0.0,0.0,0,,1
20000223,951235200000,,,,,0,0.0,0.0,0,,1
20000224,951321600000,,,,,0,0.0,0.0,0,,1
20000225,951408000000,,,,,0,0.0,0.0,0,,1
20000228,951667200000,,,,,0,0.0,0.0,0,,1
20000229,951753600000,,,,,0,0.0,0.0,0,,1
20000301,951840000000,,,,,0,0.0,0.0,0,,1
20000302,951926400000,,,,,0,0.0,0.0,0,,1
20000303,952012800000,,,,,0,0.0,0.0,0,,1
20000306,952272000000,,,,,0,0.0,0.0,0,,1
20000307,952358400000,,,,,0,0.0,0.0,0,,1
20000308,952444800000,,,,,0,0.0,0.0,0,,1
20000309,952531200000,,,,,0,0.0,0.0,0,,1
20000310,952617600000,,,,,0,0.0,0.0,0,,1
20000313,952876800000,,,,,0,0.0,0.0,0,,1
20000314,952963200000,,,,,0,0.0,0.0,0,,1
20000315,953049600000,,,,,0,0.0,0.0,0,,1
20000316,953136000000,,,,,0,0.0,0.0,0,,1
20000317,953222400000,,,,,0,0.0,0.0,0,,1
20000320,953481600000,,,,,0,0.0,0.0,0,,1
20000321,953568000000,,,,,0,0.0,0.0,0,,1
20000322,953654400000,,,,,0,0.0,0.0,0,,1
20000323,953740800000,,,,,0,0.0,0.0,0,,1
20000324,953827200000,,,,,0,0.0,0.0,0,,1
20000327,954086400000,,,,,0,0.0,0.0,0,,1
20000328,954172800000,,,,,0,0.0,0.0,0,,1
20000329,954259200000,,,,,0,0.0,0.0,0,,1
20000330,954345600000,,,,,0,0.0,0.0,0,,1
20000331,954432000000,,,,,0,0.0,0.0,0,,1
20000403,954691200000,,,,,0,0.0,0.0,0,,1
20000404,954777600000,,,,,0,0.0,0.0,0,,1
20000405,954864000000,,,,,0,0.0,0.0,0,,1
20000406,954950400000,,,,,0,0.0,0.0,0,,1
20000407,955036800000,,,,,0,0.0,0.0,0,,1
20000410,955296000000,,,,,0,0.0,0.0,0,,1
20000411,955382400000,,,,,0,0.0,0.0,0,,1
20000412,955468800000,,,,,0,0.0,0.0,0,,1
20000413,955555200000,,,,,0,0.0,0.0,0,,1
20000414,955641600000,,,,,0,0.0,0.0,0,,1
20000417,955900800000,,,,,0,0.0,0.0,0,,1
20000418,955987200000,,,,,0,0.0,0.0,0,,1
20000419,956073600000,,,,,0,0.0,0.0,0,,1
20000420,956160000000,,,,,0,0.0,0.0,0,,1
20000421,956246400000,,,,,0,0.0,0.0,0,,1
20000424,956505600000,,,,,0,0.0,0.0,0,,1
20000425,956592000000,,,,,0,0.0,0.0,0,,1
20000426,956678400000,,,,,0,0.0,0.0,0,,1
20000427,956764800000,,,,,0,0.0,0.0,0,,1
20000428,956851200000,,,,,0,0.0,0.0,0,,1
20000508,957715200000,,,,,0,0.0,0.0,0,,1
20000509,957801600000,,,,,0,0.0,0.0,0,,1
20000510,957888000000,,,,,0,0.0,0.0,0,,1
20000511,957974400000,,,,,0,0.0,0.0,0,,1
20000512,958060800000,,,,,0,0.0,0.0,0,,1
20000515,958320000000,,,,,0,0.0,0.0,0,,1
20000516,958406400000,,,,,0,0.0,0.0,0,,1
20000517,958492800000,,,,,0,0.0,0.0,0,,1
20000518,958579200000,,,,,0,0.0,0.0,0,,1
20000519,958665600000,,,,,0,0.0,0.0,0,,1
20000522,958924800000,,,,,0,0.0,0.0,0,,1
20000523,959011200000,,,,,0,0.0,0.0,0,,1
20000524,959097600000,,,,,0,0.0,0.0,0,,1
20000525,959184000000,,,,,0,0.0,0.0,0,,1
20000526,959270400000,,,,,0,0.0,0.0,0,,1
20000529,959529600000,,,,,0,0.0,0.0,0,,1
20000530,959616000000,,,,,0,0.0,0.0,0,,1
20000531,959702400000,,,,,0,0.0,0.0,0,,1
20000601,959788800000,,,,,0,0.0,0.0,0,,1
20000602,959875200000,,,,,0,0.0,0.0,0,,1
20000605,960134400000,,,,,0,0.0,0.0,0,,1
20000606,960220800000,,,,,0,0.0,0.0,0,,1
20000607,960307200000,,,,,0,0.0,0.0,0,,1
20000608,960393600000,,,,,0,0.0,0.0,0,,1
20000609,960480000000,,,,,0,0.0,0.0,0,,1
20000612,960739200000,,,,,0,0.0,0.0,0,,1
20000613,960825600000,,,,,0,0.0,0.0,0,,1
20000614,960912000000,,,,,0,0.0,0.0,0,,1
20000615,960998400000,,,,,0,0.0,0.0,0,,1
20000616,961084800000,,,,,0,0.0,0.0,0,,1
20000619,961344000000,,,,,0,0.0,0.0,0,,1
20000620,961430400000,,,,,0,0.0,0.0,0,,1
20000621,961516800000,,,,,0,0.0,0.0,0,,1
20000622,961603200000,,,,,0,0.0,0.0,0,,1
20000623,961689600000,,,,,0,0.0,0.0,0,,1
20000626,961948800000,,,,,0,0.0,0.0,0,,1
20000627,962035200000,,,,,0,0.0,0.0,0,,1
20000628,962121600000,,,,,0,0.0,0.0,0,,1
20000629,962208000000,,,,,0,0.0,0.0,0,,1
20000630,962294400000,,,,,0,0.0,0.0,0,,1
20000703,962553600000,,,,,0,0.0,0.0,0,,1
20000704,962640000000,,,,,0,0.0,0.0,0,,1
20000705,962726400000,,,,,0,0.0,0.0,0,,1
20000706,962812800000,,,,,0,0.0,0.0,0,,1
20000707,962899200000,,,,,0,0.0,0.0,0,,1
20000710,963158400000,,,,,0,0.0,0.0,0,,1
20000711,963244800000,,,,,0,0.0,0.0,0,,1
20000712,963331200000,,,,,0,0.0,0.0,0,,1
20000713,963417600000,,,,,0,0.0,0.0,0,,1
20000714,963504000000,,,,,0,0.0,0.0,0,,1
20000717,963763200000,,,,,0,0.0,0.0,0,,1
20000718,963849600000,,,,,0,0.0,0.0,0,,1
20000719,963936000000,,,,,0,0.0,0.0,0,,1
20000720,964022400000,,,,,0,0.0,0.0,0,,1
20000721,964108800000,,,,,0,0.0,0.0,0,,1
20000724,964368000000,,,,,0,0.0,0.0,0,,1
20000725,964454400000,,,,,0,0.0,0.0,0,,1
20000726,964540800000,,,,,0,0.0,0.0,0,,1
20000727,964627200000,,,,,0,0.0,0.0,0,,1
20000728,964713600000,,,,,0,0.0,0.0,0,,1
20000731,964972800000,,,,,0,0.0,0.0,0,,1
20000801,965059200000,,,,,0,0.0,0.0,0,,1
20000802,965145600000,,,,,0,0.0,0.0,0,,1
20000803,965232000000,,,,,0,0.0,0.0,0,,1
20000804,965318400000,,,,,0,0.0,0.0,0,,1
20000807,965577600000,,,,,0,0.0,0.0,0,,1
20000808,965664000000,,,,,0,0.0,0.0,0,,1
20000809,965750400000,,,,,0,0.0,0.0,0,,1
20000810,965836800000,,,,,0,0.0,0.0,0,,1
20000811,965923200000,,,,,0,0.0,0.0,0,,1
20000814,966182400000,,,,,0,0.0,0.0,0,,1
20000815,966268800000,,,,,0,0.0,0.0,0,,1
20000816,966355200000,,,,,0,0.0,0.0,0,,1
20000817,966441600000,,,,,0,0.0,0.0,0,,1
20000818,966528000000,,,,,0,0.0,0.0,0,,1
20000821,966787200000,,,,,0,0.0,0.0,0,,1
20000822,966873600000,,,,,0,0.0,0.0,0,,1
20000823,966960000000,,,,,0,0.0,0.0,0,,1
20000824,967046400000,,,,,0,0.0,0.0,0,,1
20000825,967132800000,,,,,0,0.0,0.0,0,,1
20000828,967392000000,,,,,0,0.0,0.0,0,,1
20000829,967478400000,,,,,0,0.0,0.0,0,,1
20000830,967564800000,,,,,0,0.0,0.0,0,,1
20000831,967651200000,,,,,0,0.0,0.0,0,,1
20000901,967737600000,,,,,0,0.0,0.0,0,,1
20000904,967996800000,,,,,0,0.0,0.0,0,,1
20000905,968083200000,,,,,0,0.0,0.0,0,,1
20000906,968169600000,,,,,0,0.0,0.0,0,,1
20000907,968256000000,,,,,0,0.0,0.0,0,,1
20000908,968342400000,,,,,0,0.0,0.0,0,,1
20000911,968601600000,,,,,0,0.0,0.0,0,,1
20000912,968688000000,,,,,0,0.0,0.0,0,,1
20000913,968774400000,,,,,0,0.0,0.0,0,,1
20000914,968860800000,,,,,0,0.0,0.0,0,,1
20000915,968947200000,,,,,0,0.0,0.0,0,,1
20000918,969206400000,,,,,0,0.0,0.0,0,,1
20000919,969292800000,,,,,0,0.0,0.0,0,,1
20000920,969379200000,,,,,0,0.0,0.0,0,,1
20000921,969465600000,,,,,0,0.0,0.0,0,,1
20000922,969552000000,,,,,0,0.0,0.0,0,,1
20000925,969811200000,,,,,0,0.0,0.0,0,,1
20000926,969897600000,,,,,0,0.0,0.0,0,,1
20000927,969984000000,,,,,0,0.0,0.0,0,,1
20000928,970070400000,,,,,0,0.0,0.0,0,,1
20000929,970156800000,,,,,0,0.0,0.0,0,,1
20001009,971020800000,,,,,0,0.0,0.0,0,,1
20001010,971107200000,,,,,0,0.0,0.0,0,,1
20001011,971193600000,,,,,0,0.0,0.0,0,,1
20001012,971280000000,,,,,0,0.0,0.0,0,,1
20001013,971366400000,,,,,0,0.0,0.0,0,,1
20001016,971625600000,,,,,0,0.0,0.0,0,,1
20001017,971712000000,,,,,0,0.0,0.0,0,,1
20001018,971798400000,,,,,0,0.0,0.0,0,,1
20001019,971884800000,,,,,0,0.0,0.0,0,,1
20001020,971971200000,,,,,0,0.0,0.0,0,,1
20001023,972230400000,,,,,0,0.0,0.0,0,,1
20001024,972316800000,,,,,0,0.0,0.0,0,,1
20001025,972403200000,,,,,0,0.0,0.0,0,,1
20001026,972489600000,,,,,0,0.0,0.0,0,,1
20001027,972576000000,,,,,0,0.0,0.0,0,,1
20001030,972835200000,,,,,0,0.0,0.0,0,,1
20001031,972921600000,,,,,0,0.0,0.0,0,,1
20001101,973008000000,,,,,0,0.0,0.0,0,,1
20001102,973094400000,,,,,0,0.0,0.0,0,,1
20001103,973180800000,,,,,0,0.0,0.0,0,,1
20001106,973440000000,,,,,0,0.0,0.0,0,,1
20001107,973526400000,,,,,0,0.0,0.0,0,,1
20001108,973612800000,,,,,0,0.0,0.0,0,,1
20001109,973699200000,,,,,0,0.0,0.0,0,,1
20001110,973785600000,,,,,0,0.0,0.0,0,,1
20001113,974044800000,,,,,0,0.0,0.0,0,,1
20001114,974131200000,,,,,0,0.0,0.0,0,,1
20001115,974217600000,,,,,0,0.0,0.0,0,,1
20001116,974304000000,,,,,0,0.0,0.0,0,,1
20001117,974390400000,,,,,0,0.0,0.0,0,,1
20001120,974649600000,,,,,0,0.0,0.0,0,,1
20001121,974736000000,,,,,0,0.0,0.0,0,,1
20001122,974822400000,42.0,42.38,36.38,36.49,189039,725820568.0000001,0.0,0,12.000000000000004,0
20001123,974908800000,35.79,36.28,35.04,35.19,41060,146440855.0,0.0,0,36.49,0
20001124,974995200000,35.0,35.65,34.4,34.51,20218,70597838.0,0.0,0,35.19,0
20001127,975254400000,34.2,35.7,34.02,35.0,14869,51653416.0,0.0,0,34.510000000000005,0
20001128,975340800000,35.1,35.2,34.5,34.59,6133,21263759.0,0.0,0,35.0,0
20001129,975427200000,34.599999999999994,35.75,34.05,35.15,12593,44168843.0,0.0,0,34.589999999999996,0
20001130,975513600000,35.0,35.2,34.56,34.900000000000006,3644,12701628.999999998,0.0,0,35.150000000000006,0
20001201,975600000000,34.99,36.78,34.71,35.9,15711,56572594.0,0.0,0,34.9,0
20001204,975859200000,35.800000000000004,36.95,35.71,36.730000000000004,20154,73553530.0,0.0,0,35.9,0
20001205,975945600000,36.7,36.87,36.0,36.15,4011,14595876.0,0.0,0,36.73,0
20001206,976032000000,36.0,36.25,35.0,35.18,4941,17554672.0,0.0,0,36.15,0
20001207,976118400000,35.190000000000005,36.25,34.99,35.5,9040,32190686.0,0.0,0,35.18,0
20001208,976204800000,35.4,35.9,35.18,35.2,2402,8482360.0,0.0,0,35.5,0
20001211,976464000000,35.1,35.1,34.5,34.58,3829,13276461.0,0.0,0,35.2,0
20001212,976550400000,34.51,35.5,34.51,35.15,1948,6811456.0,0.0,0,34.58,0
20001213,976636800000,35.519999999999996,35.519999999999996,34.76,34.85,2248,7863465.0,0.0,0,35.15,0
20001214,976723200000,34.72,35.0,34.65,34.699999999999996,1780,6178968.0,0.0,0,34.85,0
20001215,976809600000,34.8,35.489999999999995,34.51,35.3,2280,7950987.0,0.0,0,34.699999999999996,0
20001218,977068800000,35.01,36.0,34.79,35.71,4822,17192615.0,0.0,0,35.3,0
20001219,977155200000,35.75,36.0,35.33,35.55,3249,11621939.0,0.0,0,35.71,0
20001220,977241600000,35.5,36.2,35.42,36.120000000000005,5308,19098933.0,0.0,0,35.550000000000004,0
20001221,977328000000,36.27,36.5,35.82,35.85,4248,15370565.0,0.0,0,36.12,0
20001222,977414400000,35.79,35.79,35.08,35.199999999999996,4048,14284869.000000002,0.0,0,35.85,0
20001225,977673600000,35.2,35.38,35.0,35.05,2753,9673956.0,0.0,0,35.2,0
20001226,977760000000,35.1,36.730000000000004,35.050000000000004,36.25000000000001,3193,11372814.0,0.0,0,35.050000000000004,0
20001227,977846400000,36.2,36.25,35.6,35.620000000000005,2011,7207239.0,0.0,0,36.25,0
20001228,977932800000,35.58,35.78,35.35,35.42,1947,6917391.999999999,0.0,0,35.620000000000005,0
20001229,978019200000,35.5,36.18,35.4,35.9,3960,14150238.0,0.0,0,35.42,0
20010102,978364800000,35.95,36.75,35.81,36.52,6486,23611786.0,0.0,0,35.900000000000006,0
20010103,978451200000,36.52,37.9,36.0,37.5,16169,60136404.0,0.0,0,36.52,0
20010104,978537600000,37.76,37.76,36.9,36.91,7074,26384933.0,0.0,0,37.5,0
20010105,978624000000,36.910000000000004,37.300000000000004,36.800000000000004,37.18000000000001,3848,14274245.0,0.0,0,36.910000000000004,0
20010108,978883200000,37.1,37.150000000000006,36.300000000000004,36.370000000000005,4797,17530745.0,0.0,0,37.18000000000001,0
20010109,978969600000,36.52,36.55,36.0,36.15,4250,15383565.0,0.0,0,36.37,0
20010110,979056000000,36.11,36.55,36.11,36.36,4309,15651081.000000002,0.0,0,36.15,0
20010111,979142400000,36.41,36.5,35.9,35.98,5262,18997330.0,0.0,0,36.36,0
20010112,979228800000,35.81,36.120000000000005,35.800000000000004,35.900000000000006,2875,10320461.0,0.0,0,35.980000000000004,0
20010115,979488000000,35.8,35.8,34.9,34.98,4709,16556695.0,0.0,0,35.9,0
20010116,979574400000,34.78,35.15,34.58,34.96,2860,9979192.0,0.0,0,34.98,0
20010117,979660800000,34.95,34.95,34.34,34.43000000000001,3015,10419239.0,0.0,0,34.96,0
20010118,979747200000,34.4,34.9,34.4,34.839999999999996,2646,9193724.0,0.0,0,34.43,0
20010119,979833600000,35.00000000000001,35.25000000000001,34.800000000000004,34.980000000000004,3292,11524948.0,0.0,0,34.84,0
20010205,981302400000,35.0,35.2,33.1,33.18,3522,11942442.0,0.0,0,34.980000000000004,0
20010206,981388800000,32.98,32.98,31.04,32.25,3782,12032180.0,0.0,0,33.18,0
20010207,981475200000,32.25,32.25,30.86,30.95,1970,6191633.0,0.0,0,32.25,0
20010208,981561600000,30.8,31.0,28.8,28.89,9036,26702221.0,0.0,0,30.95,0
20010209,981648000000,28.900000000000002,30.480000000000004,28.900000000000002,30.19,5683,16933442.0,0.0,0,28.89,0
20010212,981907200000,30.2,30.39,29.3,30.25,2435,7276868.0,0.0,0,30.19,0
20010213,981993600000,30.3,30.49,30.0,30.15,2188,6629399.999999999,0.0,0,30.25,0
20010214,982080000000,30.1,30.1,29.71,29.82,1672,5000526.0,0.0,0,30.150000000000002,0
20010215,982166400000,29.82,30.150000000000002,29.8,29.86,1582,4732738.0,0.0,0,29.82,0
20010216,982252800000,29.9,30.94,29.16,30.7,1620,4854718.0,0.0,0,29.86,0
20010219,982512000000,30.6,31.16,30.1,30.85,1576,4839265.0,0.0,0,30.700000000000003,0
20010220,982598400000,30.77,31.4,30.45,30.49,1957,6037663.0,0.0,0,30.849999999999998,0
20010221,982684800000,30.03,30.24,29.68,29.9,1608,4819673.0,0.0,0,30.49,0
20010222,982771200000,30.200000000000003,30.490000000000002,29.650000000000002,30.180000000000003,830,2504236.0,0.0,0,29.900000000000002,0
20010223,982857600000,30.12,30.650000000000002,29.98,30.6,1137,3453260.0000000005,0.0,0,30.18,0
20010226,983116800000,30.6,31.19,30.6,31.040000000000003,1720,5329414.0,0.0,0,30.6,0
20010227,983203200000,31.05,31.05,30.75,31.0,1072,3312099.0,0.0,0,31.04,0
20010228,983289600000,30.8,30.98,30.7,30.849999999999998,776,2395579.0,0.0,0,31.0,0
20010301,983376000000,31.080000000000002,31.19,30.78,30.970000000000002,807,2496160.0,0.0,0,30.85,0
20010302,983462400000,31.15,31.3,31.02,31.22,1305,4072560.0,0.0,0,30.97,0
20010305,983721600000,31.150000000000002,31.3,30.900000000000002,30.900000000000002,814,2524025.0000000005,0.0,0,31.220000000000002,0
20010306,983808000000,30.900000000000002,30.900000000000002,30.330000000000002,30.6,809,2472464.0,0.0,0,30.900000000000002,0
20010307,983894400000,30.51,30.740000000000002,30.490000000000002,30.6,548,1678184.0000000002,0.0,0,30.6,0
20010308,983980800000,30.64,31.19,30.580000000000002,31.000000000000004,1129,3502904.0,0.0,0,30.6,0
20010309,984067200000,31.0,31.490000000000002,30.8,31.32,1906,5968337.0,0.0,0,31.0,0
20010312,984326400000,31.320000000000004,31.8,31.150000000000002,31.69,1324,4158721.0,0.0,0,31.320000000000004,0
20010313,984412800000,31.5,31.700000000000003,31.03,31.07,1106,3451912.0,0.0,0,31.69,0
20010314,984499200000,30.900000000000002,31.450000000000003,30.900000000000002,31.360000000000003,875,2725546.0,0.0,0,31.070000000000004,0
20010315,984585600000,31.360000000000003,31.360000000000003,31.360000000000003,31.360000000000003,0,0.0,0.0,0,31.360000000000003,1
20010316,984672000000,30.990000000000002,31.3,30.85,31.110000000000003,626,1942681.9999999998,0.0,0,31.360000000000003,0
20010319,984931200000,31.1,31.1,30.5,30.61,1438,4409700.0,0.0,0,31.11,0
20010320,985017600000,30.61,31.0,30.5,30.84,862,2649661.0,0.0,0,30.61,0
20010321,985104000000,30.9,31.4,30.68,31.1,1243,3859594.0,0.0,0,30.84,0
20010322,985190400000,31.18,31.5,31.1,31.5,1306,4098088.0000000005,0.0,0,31.1,0
20010323,985276800000,31.5,31.75,31.0,31.05,1838,5779340.0,0.0,0,31.5,0
20010326,985536000000,30.900000000000002,31.290000000000003,30.85,31.28,999,3111449.0,0.0,0,31.05,0
20010327,985622400000,31.3,32.5,31.3,32.26,3402,10920985.000000002,0.0,0,31.28,0
20010328,985708800000,32.379999999999995,32.699999999999996,32.01,32.699999999999996,2052,6637837.0,0.0,0,32.26,0
20010329,985795200000,32.599999999999994,32.68,32.3,32.37,1895,6154752.0,0.0,0,32.699999999999996,0
20010330,985881600000,32.29,32.7,32.0,32.53,2420,7846530.999999999,0.0,0,32.37,0
20010402,986140800000,31.900000000000002,32.480000000000004,31.89,32.11,4752,15259665.000000002,0.0,0,32.53,0
20010403,986227200000,32.18,32.28,31.79,32.0,2868,9170549.0,0.0,0,32.11,0
20010404,986313600000,32.0,32.29,31.68,31.8,2009,6441280.0,0.0,0,32.0,0
20010405,986400000000,31.500000000000004,32.0,31.400000000000002,32.0,1378,4371522.0,0.0,0,31.8,0
20010406,986486400000,31.9,32.12,31.68,31.78,1167,3718166.0,0.0,0,32.0,0
20010409,986745600000,31.79,32.25,31.68,32.14,1532,4896812.0,0.0,0,31.78,0
20010410,986832000000,32.1,32.45,32.0,32.29,1550,5001101.0,0.0,0,32.14,0
20010411,986918400000,32.3,33.19,32.29,32.9,5102,16779576.0,0.0,0,32.29,0
20010412,987004800000,33.01,33.13,32.5,32.75,2536,8352742.0,0.0,0,32.9,0
20010413,987091200000,32.51,33.95,32.5,33.39,3732,12422398.0,0.0,0,32.75,0
20010416,987350400000,33.8,35.87,33.55,34.93,11567,39857807.0,0.0,0,33.39,0
20010417,987436800000,35.1,35.35,34.56,34.95,7905,27642181.0,0.0,0,34.93,0
20010418,987523200000,34.98,35.0,34.51,34.6,3446,11956382.0,0.0,0,34.949999999999996,0
20010419,987609600000,34.25,34.800000000000004,33.88,34.2,2862,9789094.0,0.0,0,34.6,0
20010420,987696000000,34.199999999999996,35.0,33.8,33.89,3044,10504653.000000002,0.0,0,34.199999999999996,0
20010423,987955200000,34.0,34.01,33.1,33.45,3449,11564417.000000002,0.0,0,33.89,0
20010424,988041600000,33.5,33.85,33.5,33.75,1137,3828643.0000000005,0.0,0,33.45,0
20010425,988128000000,33.75,34.38,33.0,33.04,2693,9044011.0,0.0,0,33.75,0
20010426,988214400000,32.89,33.12,32.51,32.519999999999996,1835,6005595.0,0.0,0,33.04,0
20010427,988300800000,32.4,32.8,32.25,32.52,1063,3463189.0,0.0,0,32.52,0
20010430,988560000000,32.68,33.0,32.3,32.9,1149,3763005.0,0.0,0,32.519999999999996,0
20010508,989251200000,33.0,33.239999999999995,32.51,33.199999999999996,643,2118806.0,0.0,0,32.9,0
20010509,989337600000,33.2,33.24,33.0,33.08,1057,3503666.0,0.0,0,33.2,0
20010510,989424000000,33.13,33.13,32.81,33.1,853,2810408.0,0.0,0,33.080000000000005,0
20010511,989510400000,33.1,33.65,33.1,33.550000000000004,708,2370737.0,0.0,0,33.1,0
20010514,989769600000,33.690000000000005,33.900000000000006,33.56,33.900000000000006,1199,4050924.0,0.0,0,33.550000000000004,0
20010515,989856000000,34.00000000000001,34.17,33.660000000000004,34.150000000000006,1876,6371382.000000001,0.0,0,33.900000000000006,0
20010516,989942400000,34.22,34.339999999999996,33.9,33.949999999999996,1395,4749715.0,0.0,0,34.15,0
20010517,990028800000,34.0,34.17,33.59,33.6,1876,6336283.000000001,0.0,0,33.95,0
20010518,990115200000,33.6,34.7,33.45,34.2,4038,13851854.0,0.0,0,33.6,0
20010521,990374400000,34.2,34.2,34.2,34.2,0,0.0,0.0,0,34.2,1
20010522,990460800000,34.1,34.5,33.7,34.050000000000004,1501,5140461.999999999,0.0,0,34.2,0
20010523,990547200000,34.1,34.21,33.0,33.88,2782,9391139.0,0.0,0,34.05,0
20010524,990633600000,33.76,33.879999999999995,33.58,33.68,1499,5054059.0,0.0,0,33.879999999999995,0
20010525,990720000000,33.800000000000004,33.800000000000004,32.6,33.01,1605,5319451.0,0.0,0,33.68,0
20010528,990979200000,33.0,33.0,32.51,32.55,1578,5150399.000000001,0.0,0,33.01,0
20010529,991065600000,32.6,33.54,32.6,32.800000000000004,1081,3567609.0,0.0,0,32.550000000000004,0
20010530,991152000000,32.809999999999995,33.43,32.8,33.3,1045,3457370.0000000005,0.0,0,32.8,0
20010531,991238400000,33.5,34.199999999999996,33.3,34.05,1828,6173605.0,0.0,0,33.3,0
20010601,991324800000,34.15,34.4,33.85,34.0,2406,8223538.000000001,0.0,0,34.050000000000004,0
20010604,991584000000,34.0,34.05,33.55,33.57,1152,3891087.0,0.0,0,34.0,0
20010605,991670400000,33.6,34.08,33.5,34.08,1897,6399850.999999999,0.0,0,33.57,0
20010606,991756800000,34.080000000000005,34.190000000000005,33.660000000000004,33.88,1187,4022523.0,0.0,0,34.080000000000005,0
20010607,991843200000,33.879999999999995,34.0,33.58,33.66,1138,3842419.0000000005,0.0,0,33.879999999999995,0
20010608,991929600000,33.6,33.86,33.51,33.629999999999995,965,3247208.0,0.0,0,33.66,0
20010611,992188800000,33.62,33.62,33.3,33.349999999999994,1486,4972475.0,0.0,0,33.629999999999995,0
20010612,992275200000,33.35,33.6,33.25,33.55,1491,4987590.0,0.0,0,33.35,0
20010613,992361600000,33.8,35.1,33.5,34.79,9295,32178941.0,0.0,0,33.55,0
20010614,992448000000,34.800000000000004,36.650000000000006,34.800000000000004,34.970000000000006,23815,84369722.0,0.0,0,34.790000000000006,0
20010615,992534400000,35.00000000000001,36.00000000000001,34.800000000000004,35.71,16250,57612385.0,0.0,0,34.970000000000006,0
20010618,992793600000,36.00000000000001,36.57000000000001,34.300000000000004,34.800000000000004,5812,20542073.000000004,0.0,0,35.71,0
20010619,992880000000,35.5,35.5,34.67,34.9,1960,6851714.0,0.0,0,34.800000000000004,0
20010620,992966400000,35.010000000000005,35.790000000000006,34.550000000000004,34.6,4232,14846661.0,0.0,0,34.900000000000006,0
20010621,993052800000,34.63,34.95,34.2,34.790000000000006,2903,10051583.0,0.0,0,34.6,0
20010622,993139200000,34.71,35.3,34.68,34.75,4197,14653846.0,0.0,0,34.79,0
20010625,993398400000,34.87,35.2,34.5,35.19,4165,14539078.0,0.0,0,34.75,0
20010626,993484800000,35.21,35.4,34.6,34.71,1816,6316740.0,0.0,0,35.190000000000005,0
20010627,993571200000,34.800000000000004,34.85,34.6,34.78,955,3313486.0,0.0,0,34.71,0
20010628,993657600000,34.76,35.0,34.4,34.4,1563,5412352.0,0.0,0,34.78,0
20010629,993744000000,34.4,34.75,34.32,34.58,700,2416708.0,0.0,0,34.4,0
20010702,994003200000,34.50000000000001,34.980000000000004,34.230000000000004,34.25000000000001,1625,5616752.0,0.0,0,34.580000000000005,0
20010703,994089600000,34.25,34.300000000000004,33.81,34.050000000000004,1333,4533140.0,0.0,0,34.25,0
20010704,994176000000,34.05,34.199999999999996,33.8,33.9,981,3329483.0000000005,0.0,0,34.05,0
20010705,994262400000,33.82,33.900000000000006,33.34,33.49,1773,5952305.0,0.0,0,33.900000000000006,0
20010706,994348800000,33.51,33.78,33.18,33.23,1237,4122996.0,0.0,0,33.49,0
20010709,994608000000,33.199999999999996,33.309999999999995,33.01,33.199999999999996,978,3240793.9999999995,0.0,0,33.23,0
20010710,994694400000,33.5,33.91,33.3,33.779999999999994,672,2268787.9999999995,0.0,0,33.199999999999996,0
20010711,994780800000,33.79,33.800000000000004,33.21,33.21,433,1450566.0,0.0,0,33.58,0
20010712,994867200000,33.01,33.43,33.01,33.25,405,1346034.0,0.0,0,33.21,0
20010713,994953600000,33.300000000000004,33.6,33.2,33.230000000000004,405,1350012.9999999998,0.0,0,33.25,0
20010716,995212800000,33.9,33.9,32.61,32.68,1123,3705050.0,0.0,0,33.23,0
20010717,995299200000,32.7,32.76,31.7,32.089999999999996,1886,6048733.999999999,0.0,0,32.68,0
20010718,995385600000,32.07,32.25,31.8,32.25,719,2296530.0,0.0,0,32.09,0
20010719,995472000000,32.25,32.4,31.92,32.1,457,1464474.0,0.0,0,32.25,0
20010720,995558400000,32.1,32.6,32.1,32.5,983,3181140.0,0.0,0,32.1,0
20010723,995817600000,32.6,32.6,31.98,32.04,1469,4726164.0,0.0,0,32.5,0
20010724,995904000000,32.0,32.0,31.21,31.44,2354,7423299.0,0.0,0,32.04,0
20010725,995990400000,31.439999999999998,31.45,30.88,30.9,1256,3904535.0000000005,0.0,0,31.439999999999998,0
20010726,996076800000,30.6,30.79,29.5,29.75,3987,11965467.0,0.0,0,30.9,0
20010727,996163200000,29.7,30.1,29.46,29.5,2238,6639396.0,0.0,0,29.75,0
20010730,996422400000,29.5,29.599999999999998,27.45,27.5,3946,11112562.0,0.0,0,29.5,0
20010731,996508800000,27.220000000000002,28.25,27.03,27.5,1478,4078789.0000000005,0.0,0,27.5,0
20010801,996595200000,27.6,28.66,27.6,28.64,1867,5274054.000000001,0.0,0,27.5,0
20010802,996681600000,28.64,28.69,27.68,28.12,1344,3760457.9999999995,0.0,0,28.64,0
20010803,996768000000,28.2,28.349999999999998,27.7,28.18,920,2587746.0000000005,0.0,0,28.12,0
20010806,997027200000,28.18,28.18,26.78,26.8,1952,5297147.999999999,0.0,0,28.18,0
20010807,997113600000,26.8,27.8,26.53,27.35,1673,4508209.0,0.0,0,26.8,0
20010808,997200000000,27.5,27.7,27.02,27.25,783,2140986.0,0.0,0,27.349999999999998,0
20010809,997286400000,27.39,27.8,27.38,27.619999999999997,672,1850978.0,0.0,0,27.25,0
20010810,997372800000,27.71,28.400000000000002,27.67,28.28,1338,3769743.0,0.0,0,27.62,0
20010813,997632000000,28.310000000000002,29.1,28.28,28.8,1632,4679775.0,0.0,0,28.28,0
20010814,997718400000,29.09,29.09,27.8,28.18,1442,4106598.0,0.0,0,28.8,0
20010815,997804800000,28.17,28.490000000000002,27.98,28.150000000000002,865,2432886.0,0.0,0,28.18,0
20010816,997891200000,28.3,28.3,27.87,27.87,590,1650224.0,0.0,0,28.150000000000002,0
20010817,997977600000,27.7,27.939999999999998,27.7,27.849999999999998,385,1071168.0,0.0,0,27.87,0
20010820,998236800000,27.85,28.14,27.8,28.09,316,886187.0,0.0,0,27.85,0
20010821,998323200000,28.1,28.76,28.1,28.450000000000003,456,1300264.0000000002,0.0,0,28.09,0
20010822,998409600000,28.28,28.28,27.51,27.700000000000003,1782,4942679.0,0.0,0,28.450000000000003,0
20010823,998496000000,27.34,27.62,27.05,27.62,863,2361197.0,0.0,0,27.7,0
20010824,998582400000,27.62,27.84,27.2,27.2,397,1089404.0,0.0,0,27.62,0
20010827,998841600000,26.8,26.95,26.38,26.4,1645,4380559.0,0.0,0,27.2,0
20010828,998928000000,26.1,26.790000000000003,25.900000000000002,26.790000000000003,1253,3286026.0000000005,0.0,0,26.400000000000002,0
20010829,999014400000,26.85,27.18,26.6,26.62,734,1979978.0,0.0,0,26.790000000000003,0
20010830,999100800000,26.62,26.650000000000002,26.1,26.380000000000003,337,890909.0,0.0,0,26.62,0
20010831,999187200000,26.38,26.5,26.14,26.21,1047,2744950.0,0.0,0,26.38,0
20010903,999446400000,26.0,26.21,26.0,26.13,346,903786.0,0.0,0,26.21,0
20010904,999532800000,26.1,27.0,26.05,27.0,635,1691860.0000000002,0.0,0,26.13,0
20010905,999619200000,27.330000000000002,27.55,26.900000000000002,27.180000000000003,1186,3235556.0,0.0,0,27.000000000000004,0
20010906,999705600000,27.0,27.36,26.8,26.990000000000002,472,1275744.0,0.0,0,27.18,0
20010907,999792000000,27.01,27.250000000000004,26.310000000000002,26.320000000000004,660,1762522.0000000002,0.0,0,26.990000000000002,0
20010910,1000051200000,26.0,28.4,25.63,28.18,24793,69017947.0,0.0,0,26.32,0
20010911,1000137600000,28.38,28.9,27.5,27.52,19535,55013136.0,0.0,0,28.18,0
20010912,1000224000000,27.5,28.0,27.02,27.8,9866,27235245.0,0.0,0,27.52,0
20010913,1000310400000,27.85,28.400000000000002,27.650000000000002,27.660000000000004,3367,9438372.0,0.0,0,27.8,0
20010914,1000396800000,27.6,27.8,27.1,27.26,2752,7527965.999999999,0.0,0,27.66,0
20010917,1000656000000,27.1,27.3,26.28,26.28,3251,8665514.0,0.0,0,27.26,0
20010918,1000742400000,26.03,26.990000000000002,26.03,26.8,1214,3222663.0,0.0,0,26.28,0
20010919,1000828800000,26.8,27.68,26.32,27.5,1336,3626025.9999999995,0.0,0,26.8,0
20010920,1000915200000,27.810000000000002,28.1,27.400000000000002,27.470000000000002,2831,7871693.000000001,0.0,0,27.500000000000004,0
20010921,1001001600000,27.3,27.6,27.18,27.32,1071,2927407.0,0.0,0,27.47,0
20010924,1001260800000,27.5,27.5,27.14,27.16,1192,3250581.0,0.0,0,27.32,0
20010925,1001347200000,27.1,27.8,27.1,27.18,664,1808089.0000000002,0.0,0,27.16,0
20010926,1001433600000,27.12,27.21,26.66,26.78,827,2230899.9999999995,0.0,0,27.18,0
20010927,1001520000000,26.990000000000002,27.3,26.6,26.96,846,2276398.0000000005,0.0,0,26.78,0
20010928,1001606400000,27.1,27.1,26.01,26.6,1508,3989536.0,0.0,0,26.96,0
20011008,1002470400000,26.9,26.9,25.75,25.82,1744,4539817.000000001,0.0,0,26.6,0
20011009,1002556800000,25.900000000000002,26.6,25.8,26.03,634,1661012.0,0.0,0,25.82,0
20011010,1002643200000,26.049999999999997,26.049999999999997,23.97,24.15,6105,14830483.000000002,0.0,0,26.029999999999998,0
20011011,1002729600000,24.150000000000002,24.55,22.8,22.88,2868,6684730.0,0.0,0,24.150000000000002,0
20011012,1002816000000,22.779999999999998,23.779999999999998,21.97,23.41,4854,11029162.0,0.0,0,22.88,0
20011015,1003075200000,23.28,23.5,22.35,22.6,2059,4692232.0,0.0,0,23.41,0
20011016,1003161600000,22.59,22.95,22.0,22.4,1000,2242645.0,0.0,0,22.6,0
20011017,1003248000000,22.15,22.57,21.75,21.86,1226,2700646.0,0.0,0,22.4,0
20011018,1003334400000,21.75,22.05,21.3,21.34,955,2068784.0,0.0,0,21.86,0
20011019,1003420800000,21.2,21.2,19.3,19.53,4820,9594429.0,0.0,0,21.34,0
20011022,1003680000000,19.349999999999998,19.41,18.13,18.23,2888,5469141.0,0.0,0,19.529999999999998,0
20011023,1003766400000,20.05,20.05,20.05,20.05,1363,2733818.0,0.0,0,18.23,0
20011024,1003852800000,22.060000000000002,22.060000000000002,22.05,22.060000000000002,2696,5948502.0,0.0,0,20.05,0
20011025,1003939200000,23.6,23.6,22.6,22.75,21654,50196078.0,0.0,0,22.060000000000002,0
20011026,1004025600000,22.5,22.849999999999998,22.11,22.75,4863,10935185.000000002,0.0,0,22.75,0
20011029,1004284800000,22.8,23.07,22.75,22.98,2218,5081885.0,0.0,0,22.75,0
20011030,1004371200000,22.87,22.970000000000002,22.400000000000002,22.490000000000002,1265,2868770.0,0.0,0,22.98,0
20011031,1004457600000,22.4,22.4,21.93,22.25,2015,4450937.000000001,0.0,0,22.49,0
20011101,1004544000000,22.48,22.6,22.1,22.5,1813,4061977.0,0.0,0,22.25,0
20011102,1004630400000,22.3,22.45,22.09,22.13,1265,2806488.0000000005,0.0,0,22.5,0
20011105,1004889600000,22.0,22.1,20.67,20.69,4540,9563498.0,0.0,0,22.130000000000003,0
20011106,1004976000000,20.3,20.75,20.1,20.580000000000002,2105,4306188.0,0.0,0,20.69,0
20011107,1005062400000,20.52,20.52,19.11,19.55,3743,7402344.0,0.0,0,20.58,0
20011108,1005148800000,19.3,20.15,19.18,19.99,2400,4732943.0,0.0,0,19.55,0
20011109,1005235200000,20.0,20.68,19.51,20.48,1669,3362396.0000000005,0.0,0,19.990000000000002,0
20011112,1005494400000,20.48,20.55,20.0,20.0,841,1701933.0,0.0,0,20.48,0
20011113,1005580800000,19.53,20.02,19.53,20.0,825,1633663.0,0.0,0,20.0,0
20011114,1005667200000,19.900000000000002,20.500000000000004,19.900000000000002,20.44,884,1796370.0,0.0,0,20.000000000000004,0
20011115,1005753600000,20.4,20.58,20.18,20.41,588,1198733.0,0.0,0,20.44,0
20011116,1005840000000,22.45,22.45,20.68,20.85,6830,14882063.999999998,0.0,0,20.41,0
20011119,1006099200000,20.8,21.400000000000002,20.8,21.34,965,2040187.0000000002,0.0,0,20.85,0
20011120,1006185600000,21.360000000000003,22.07,21.35,21.8,3532,7732881.0,0.0,0,21.34,0
20011121,1006272000000,21.970000000000002,21.98,21.6,21.900000000000002,1934,4216420.0,0.0,0,21.8,0
20011122,1006358400000,21.900000000000002,21.950000000000003,21.78,21.900000000000002,954,2085649.0000000002,0.0,0,21.900000000000002,0
20011123,1006444800000,21.51,21.8,21.400000000000002,21.580000000000002,1376,2976153.0,0.0,0,21.900000000000002,0
20011126,1006704000000,21.400000000000002,21.98,21.400000000000002,21.900000000000002,948,2049092.0,0.0,0,21.580000000000002,0
20011127,1006790400000,21.759999999999998,22.05,21.61,22.05,1276,2794319.0,0.0,0,21.9,0
20011128,1006876800000,22.1,22.68,22.1,22.450000000000003,3444,7731205.0,0.0,0,22.05,0
20011129,1006963200000,22.41,22.54,22.18,22.3,1698,3797033.0,0.0,0,22.45,0
20011130,1007049600000,22.33,22.58,22.2,22.58,1614,3620649.0,0.0,0,22.3,0
20011203,1007308800000,22.580000000000002,23.19,22.580000000000002,22.830000000000002,2446,5622445.0,0.0,0,22.580000000000002,0
20011204,1007395200000,22.830000000000002,22.900000000000002,22.69,22.880000000000003,1000,2279241.0,0.0,0,22.830000000000002,0
20011205,1007481600000,22.6,22.84,22.16,22.19,2810,6330182.000000001,0.0,0,22.88,0
20011206,1007568000000,22.16,22.45,22.05,22.39,1659,3696503.0,0.0,0,22.19,0
20011207,1007654400000,22.299999999999997,22.74,22.22,22.299999999999997,651,1457725.0,0.0,0,22.39,0
20011210,1007913600000,22.3,22.400000000000002,22.080000000000002,22.220000000000002,956,2122039.0000000005,0.0,0,22.3,0
20011211,1008000000000,22.3,22.3,21.77,21.78,951,2092729.0,0.0,0,22.22,0
20011212,1008086400000,21.75,22.1,21.5,21.79,1487,3226048.0,0.0,0,21.78,0
20011213,1008172800000,21.900000000000002,21.900000000000002,21.3,21.310000000000002,1069,2303484.9999999995,0.0,0,21.79,0
20011214,1008259200000,21.29,21.29,20.86,20.939999999999998,1233,2594934.0,0.0,0,21.31,0
20011217,1008518400000,20.88,21.04,20.7,20.73,791,1647954.0,0.0,0,20.939999999999998,0
20011218,1008604800000,20.71,21.35,20.71,21.29,989,2068282.0,0.0,0,20.73,0
20011219,1008691200000,21.38,21.38,20.86,20.9,1096,2313334.0,0.0,0,21.29,0
20011220,1008777600000,20.8,20.8,20.41,20.51,1136,2332492.0,0.0,0,20.9,0
20011221,1008864000000,20.51,21.0,20.51,20.8,685,1419534.0,0.0,0,20.51,0
20011224,1009123200000,20.98,20.98,20.400000000000002,20.430000000000003,640,1322385.0000000002,0.0,0,20.8,0
20011225,1009209600000,20.45,20.45,20.18,20.419999999999998,1153,2342268.0,0.0,0,20.43,0
20011226,1009296000000,20.5,20.599999999999998,20.2,20.55,992,2027371.0,0.0,0,20.419999999999998,0
20011227,1009382400000,20.55,20.55,20.55,20.55,0,0.0,0.0,0,20.55,1
20011228,1009468800000,20.7,21.8,20.61,21.49,7917,16989610.000000004,0.0,0,20.55,0
20011231,1009728000000,21.55,22.19,21.400000000000002,21.590000000000003,4314,9436265.000000002,0.0,0,21.490000000000002,0
20020104,1010073600000,21.490000000000002,21.59,20.6,20.67,2078,4368405.0,0.0,0,21.59,0
20020107,1010332800000,20.6,20.64,20.21,20.490000000000002,1036,2119816.0,0.0,0,20.67,0
20020108,1010419200000,20.36,20.599999999999998,20.36,20.38,739,1512977.0,0.0,0,20.49,0
20020109,1010505600000,20.2,20.38,19.7,19.919999999999998,1828,3654472.0000000005,0.0,0,20.38,0
20020110,1010592000000,19.8,20.5,19.45,20.34,1872,3705522.0,0.0,0,19.919999999999998,0
20020111,1010678400000,20.250000000000004,20.250000000000004,19.580000000000002,19.700000000000003,979,1947072.0,0.0,0,20.340000000000003,0
20020114,1010937600000,19.4,19.49,19.0,19.0,1898,3649020.0,0.0,0,19.7,0
20020115,1011024000000,18.8,19.3,18.16,18.19,2323,4338601.0,0.0,0,19.0,0
20020116,1011110400000,18.08,18.669999999999998,17.52,18.18,3356,6085998.0,0.0,0,18.19,0
20020117,1011196800000,18.15,18.18,17.02,17.11,2167,3799869.0000000005,0.0,0,18.18,0
20020118,1011283200000,17.0,17.85,16.78,17.310000000000002,2809,4849390.0,0.0,0,17.11,0
20020121,1011542400000,17.1,17.35,16.41,16.65,2309,3886376.0,0.0,0,17.31,0
20020122,1011628800000,16.66,17.590000000000003,16.51,17.0,2445,4187082.9999999995,0.0,0,16.650000000000002,0
20020123,1011715200000,17.0,18.38,16.82,18.32,2808,4953958.000000001,0.0,0,17.0,0
20020124,1011801600000,17.98,18.700000000000003,17.6,18.16,4655,8479246.000000002,0.0,0,18.32,0
20020125,1011888000000,18.150000000000002,18.380000000000003,17.96,18.0,2127,3870528.0,0.0,0,18.16,0
20020128,1012147200000,18.48,18.48,16.68,16.68,3658,6327801.0,0.0,0,18.0,0
20020129,1012233600000,16.700000000000003,17.560000000000002,16.580000000000002,17.000000000000004,2615,4477207.0,0.0,0,16.680000000000003,0
20020130,1012320000000,17.080000000000002,17.380000000000003,17.080000000000002,17.23,1061,1825593.0,0.0,0,17.000000000000004,0
20020131,1012406400000,17.400000000000002,18.930000000000003,17.400000000000002,18.540000000000003,6928,12805390.0,0.0,0,17.23,0
20020201,1012492800000,18.540000000000003,18.89,18.400000000000002,18.470000000000002,5182,9680376.0,0.0,0,18.540000000000003,0
20020204,1012752000000,18.5,18.900000000000002,18.21,18.87,2204,4110887.0,0.0,0,18.470000000000002,0
20020205,1012838400000,18.88,18.94,18.52,18.78,1995,3729986.0,0.0,0,18.87,0
20020206,1012924800000,18.520000000000003,18.85,18.150000000000002,18.180000000000003,2140,3967724.0,0.0,0,18.78,0
20020207,1013011200000,18.16,18.89,18.16,18.77,2228,4152201.0000000005,0.0,0,18.18,0
20020208,1013097600000,18.849999999999998,19.57,18.81,19.009999999999998,4245,8162804.0,0.0,0,18.77,0
20020225,1014566400000,19.650000000000002,19.8,19.17,19.26,2536,4919215.0,0.0,0,19.01,0
20020226,1014652800000,19.259999999999998,19.259999999999998,18.7,19.05,1735,3286223.0000000005,0.0,0,19.259999999999998,0
20020227,1014739200000,19.049999999999997,19.2,18.81,19.04,1364,2596612.0,0.0,0,19.049999999999997,0
20020228,1014825600000,19.03,19.16,18.75,18.78,1112,2109807.0,0.0,0,19.04,0
20020301,1014912000000,18.8,18.8,18.580000000000002,18.590000000000003,860,1606853.0,0.0,0,18.78,0
20020304,1015171200000,18.41,19.0,18.41,18.95,846,1586957.0000000002,0.0,0,18.59,0
20020305,1015257600000,18.97,19.5,18.91,19.34,2435,4695222.0,0.0,0,18.95,0
20020306,1015344000000,19.400000000000002,19.8,19.3,19.32,3746,7324317.0,0.0,0,19.34,0
20020307,1015430400000,19.330000000000002,19.78,19.3,19.76,3492,6831385.000000001,0.0,0,19.32,0
20020308,1015516800000,19.81,20.669999999999998,19.81,20.299999999999997,6309,12745325.000000002,0.0,0,19.759999999999998,0
20020311,1015776000000,20.5,20.51,19.92,20.430000000000003,4997,10092392.0,0.0,0,20.3,0
20020312,1015862400000,20.4,20.4,19.88,19.89,3835,7701853.000000001,0.0,0,20.43,0
20020313,1015948800000,19.8,20.2,19.7,19.86,2492,4952913.000000001,0.0,0,19.89,0
20020314,1016035200000,19.88,20.560000000000002,19.8,20.44,3149,6311517.0,0.0,0,19.86,0
20020315,1016121600000,20.5,20.720000000000002,19.76,19.790000000000003,2939,5959023.0,0.0,0,20.44,0
20020318,1016380800000,20.12,20.3,19.55,19.650000000000002,2079,4118553.9999999995,0.0,0,19.79,0
20020319,1016467200000,21.299999999999997,21.299999999999997,20.31,20.599999999999998,10453,21469055.0,0.0,0,19.65,0
20020320,1016553600000,20.9,22.299999999999997,20.63,21.81,19360,41841753.0,0.0,0,20.599999999999998,0
20020321,1016640000000,21.810000000000002,21.900000000000002,21.3,21.45,6542,14084323.0,0.0,0,21.810000000000002,0
20020322,1016726400000,21.4,21.4,20.81,21.259999999999998,3888,8209792.0,0.0,0,21.45,0
20020325,1016985600000,21.26,21.900000000000002,21.150000000000002,21.53,3090,6655264.0,0.0,0,21.26,0
20020326,1017072000000,21.53,21.53,20.85,20.96,2955,6213947.0,0.0,0,21.53,0
20020327,1017158400000,20.950000000000003,21.1,20.6,20.85,2224,4616975.000000001,0.0,0,20.96,0
20020328,1017244800000,20.950000000000003,21.1,20.6,20.8,1941,4049834.0,0.0,0,20.85,0
20020329,1017331200000,20.700000000000003,20.700000000000003,19.78,19.94,4172,8484159.0,0.0,0,20.8,0
20020401,1017590400000,19.88,20.09,19.7,19.93,1553,3086026.0000000005,0.0,0,19.939999999999998,0
20020402,1017676800000,19.93,19.93,19.06,19.2,2740,5312390.0,0.0,0,19.93,0
20020403,1017763200000,19.3,19.53,19.18,19.25,1616,3122754.0,0.0,0,19.2,0
20020404,1017849600000,19.299999999999997,20.0,19.22,19.98,2458,4849688.0,0.0,0,19.25,0
20020405,1017936000000,20.15,20.15,19.7,19.79,1516,3018760.0,0.0,0,19.98,0
20020408,1018195200000,19.61,19.779999999999998,19.56,19.75,742,1460763.0,0.0,0,19.79,0
20020409,1018281600000,19.700000000000003,20.150000000000002,19.6,20.07,1862,3728910.0,0.0,0,19.75,0
20020410,1018368000000,20.1,20.34,20.1,20.21,1414,2857552.0,0.0,0,20.07,0
20020411,1018454400000,20.22,20.24,19.7,19.7,1239,2476440.0000000005,0.0,0,20.21,0
20020412,1018540800000,19.63,19.99,19.63,19.74,868,1720868.0,0.0,0,19.7,0
20020415,1018800000000,19.8,19.95,19.7,19.79,728,1440834.0,0.0,0,19.74,0
20020416,1018886400000,19.700000000000003,20.18,19.6,19.790000000000003,635,1258981.0,0.0,0,19.790000000000003,0
20020417,1018972800000,19.82,19.91,19.61,19.82,560,1108925.0000000002,0.0,0,19.79,0
20020418,1019059200000,19.72,19.82,19.5,19.56,2393,4687608.0,0.0,0,19.82,0
20020419,1019145600000,19.41,19.56,19.2,19.529999999999998,1054,2034411.0000000002,0.0,0,19.56,0
20020422,1019404800000,19.52,19.52,19.27,19.3,535,1036702.0000000001,0.0,0,19.53,0
20020423,1019491200000,19.3,19.5,19.0,19.15,479,921992.0,0.0,0,19.3,0
20020424,1019577600000,19.150000000000002,19.28,19.01,19.080000000000002,591,1132456.0,0.0,0,19.150000000000002,0
20020425,1019664000000,19.03,19.26,19.03,19.16,387,741604.0,0.0,0,19.080000000000002,0
20020426,1019750400000,19.2,19.7,19.2,19.59,820,1600250.9999999998,0.0,0,19.16,0
20020429,1020009600000,19.6,19.970000000000002,19.6,19.96,1649,3275350.0,0.0,0,19.59,0
20020430,1020096000000,20.09,20.11,19.79,19.88,1052,2089191.9999999998,0.0,0,19.96,0
20020508,1020787200000,19.88,19.88,19.52,19.52,461,905741.0,0.0,0,19.88,0
20020509,1020873600000,19.51,19.6,19.35,19.39,464,904622.9999999999,0.0,0,19.520000000000003,0
20020510,1020960000000,19.400000000000002,19.52,19.3,19.35,581,1125309.0,0.0,0,19.39,0
20020513,1021219200000,19.28,19.28,19.05,19.060000000000002,889,1699018.0000000002,0.0,0,19.35,0
20020514,1021305600000,19.02,19.94,19.02,19.33,1283,2505139.0,0.0,0,19.06,0
20020515,1021392000000,19.38,19.38,19.06,19.08,1250,2404253.0,0.0,0,19.33,0
20020516,1021478400000,18.990000000000002,19.1,18.740000000000002,18.76,1859,3498224.0,0.0,0,19.080000000000002,0
20020517,1021564800000,18.76,19.0,18.6,18.85,835,1568158.0,0.0,0,18.76,0
20020520,1021824000000,18.849999999999998,18.849999999999998,18.38,18.65,644,1195128.0,0.0,0,18.849999999999998,0
20020521,1021910400000,19.28,19.35,18.490000000000002,19.040000000000003,1103,2107571.0,0.0,0,18.650000000000002,0
20020522,1021996800000,19.05,19.060000000000002,18.650000000000002,18.650000000000002,697,1309756.9999999998,0.0,0,19.040000000000003,0
20020523,1022083200000,18.85,19.0,18.8,18.810000000000002,443,837301.9999999999,0.0,0,18.650000000000002,0
20020524,1022169600000,18.83,19.0,18.5,18.59,326,609183.0,0.0,0,18.81,0
20020527,1022428800000,18.8,19.0,18.7,18.79,737,1383674.0,0.0,0,18.59,0
20020528,1022515200000,18.27,19.0,18.27,18.849999999999998,548,1038794.0,0.0,0,18.79,0
20020529,1022601600000,18.75,18.75,18.37,18.42,1443,2667722.0,0.0,0,18.85,0
20020530,1022688000000,18.42,18.43,18.1,18.200000000000003,650,1186236.0,0.0,0,18.42,0
20020531,1022774400000,18.42,18.42,18.0,18.06,461,837282.0,0.0,0,18.2,0
20020603,1023033600000,17.9,17.9,17.38,17.439999999999998,1198,2102523.0,0.0,0,18.06,0
20020604,1023120000000,17.61,17.8,17.16,17.5,1297,2245974.0,0.0,0,17.44,0
20020605,1023206400000,17.5,17.5,17.0,17.15,613,1053997.0,0.0,0,17.5,0
20020606,1023292800000,17.080000000000002,18.05,17.080000000000002,18.000000000000004,1554,2754610.0000000005,0.0,0,17.150000000000002,0
20020607,1023379200000,17.970000000000002,18.26,17.71,17.96,1337,2414317.0,0.0,0,18.0,0
20020610,1023638400000,17.8,17.8,17.45,17.58,923,1623754.0,0.0,0,17.96,0
20020611,1023724800000,17.9,18.759999999999998,17.52,17.95,601,1083898.0,0.0,0,17.58,0
20020612,1023811200000,17.95,18.099999999999998,17.79,17.95,349,625433.0,0.0,0,17.95,0
20020613,1023897600000,17.910000000000004,18.000000000000004,17.650000000000002,17.680000000000003,240,428045.0,0.0,0,17.950000000000003,0
20020614,1023984000000,17.8,17.8,17.45,17.45,365,638753.0,0.0,0,17.68,0
20020617,1024243200000,17.2,17.349999999999998,17.11,17.3,422,728732.0,0.0,0,17.45,0
20020618,1024329600000,17.779999999999998,17.939999999999998,17.45,17.74,410,726100.9999999999,0.0,0,17.3,0
20020619,1024416000000,17.66,17.7,17.38,17.39,269,471210.0,0.0,0,17.74,0
20020620,1024502400000,17.5,17.72,17.45,17.65,256,450591.00000000006,0.0,0,17.39,0
20020621,1024588800000,17.7,18.189999999999998,17.7,18.099999999999998,1277,2308640.9999999995,0.0,0,17.65,0
20020624,1024848000000,19.91,19.91,19.22,19.91,9561,18868980.0,0.0,0,18.099999999999998,0
20020625,1024934400000,19.91,20.1,19.51,19.71,5151,10240728.0,0.0,0,19.91,0
20020626,1025020800000,19.5,19.94,19.32,19.65,2232,4389531.0,0.0,0,19.71,0
20020627,1025107200000,19.65,19.65,19.65,19.65,0,0.0,0.0,0,19.65,1
20020628,1025193600000,19.6,19.7,19.12,19.19,2495,4841009.0,0.0,0,19.650000000000002,0
20020701,1025452800000,19.25,19.59,19.19,19.200000000000003,1045,2017632.0000000002,0.0,0,19.19,0
20020702,1025539200000,19.2,19.44,19.02,19.23,664,1273511.0000000002,0.0,0,19.2,0
20020703,1025625600000,19.49,19.49,19.06,19.2,650,1246649.0,0.0,0,19.23,0
20020704,1025712000000,19.4,19.4,19.07,19.09,870,1669138.0000000002,0.0,0,19.2,0
20020705,1025798400000,19.06,19.2,19.0,19.05,933,1777863.0,0.0,0,19.09,0
20020708,1026057600000,19.08,19.18,19.02,19.12,1109,2119019.0,0.0,0,19.05,0
20020709,1026144000000,19.150000000000002,19.21,19.05,19.05,556,1063813.0,0.0,0,19.12,0
20020710,1026230400000,19.06,19.07,18.72,18.73,965,1820951.0,0.0,0,19.049999999999997,0
20020711,1026316800000,18.78,18.89,18.71,18.75,649,1220139.0,0.0,0,18.73,0
20020712,1026403200000,18.88,19.0,18.7,18.82,572,1077336.9999999998,0.0,0,18.75,0
20020715,1026662400000,18.810000000000002,18.810000000000002,18.64,18.66,306,573878.0,0.0,0,18.82,0
20020716,1026748800000,18.79,18.79,18.61,18.72,597,1117509.9999999998,0.0,0,18.66,0
20020717,1026835200000,18.67,18.69,18.41,18.69,745,1380614.0000000002,0.0,0,18.72,0
20020718,1026921600000,18.66,18.78,18.5,18.59,511,954235.0,0.0,0,18.69,0
20020719,1027008000000,18.52,18.7,18.52,18.669999999999998,363,676345.0,0.0,0,18.59,0
20020722,1027267200000,18.669999999999998,18.669999999999998,18.2,18.3,909,1669069.0,0.0,0,18.669999999999998,0
20020723,1027353600000,18.2,18.38,18.2,18.23,322,588632.0000000001,0.0,0,18.3,0
20020724,1027440000000,18.28,18.28,18.150000000000002,18.19,438,797679.0,0.0,0,18.23,0
20020725,1027526400000,18.03,18.25,18.03,18.1,326,591741.0,0.0,0,18.09,0
20020726,1027612800000,18.189999999999998,18.25,18.06,18.13,172,313431.0,0.0,0,18.099999999999998,0
20020729,1027872000000,18.099999999999998,18.279999999999998,18.04,18.27,279,506075.0,0.0,0,18.13,0
20020730,1027958400000,18.68,18.68,17.8,18.2,177,322387.0,0.0,0,18.27,0
20020731,1028044800000,18.3,18.3,18.01,18.05,321,581669.0,0.0,0,18.200000000000003,0
20020801,1028131200000,18.0,18.16,17.86,18.099999999999998,369,664802.0,0.0,0,18.05,0
20020802,1028217600000,18.099999999999998,18.099999999999998,17.95,18.05,276,497376.0,0.0,0,18.099999999999998,0
20020805,1028476800000,18.0,18.05,17.91,18.03,311,560591.0,0.0,0,18.05,0
20020806,1028563200000,17.95,18.3,17.95,18.2,350,636655.0,0.0,0,18.029999999999998,0
20020807,1028649600000,18.200000000000003,18.200000000000003,17.900000000000002,18.01,653,1175100.0,0.0,0,18.200000000000003,0
20020808,1028736000000,18.02,18.18,17.81,17.88,704,1261405.0,0.0,0,18.009999999999998,0
20020809,1028822400000,17.89,18.0,17.87,17.900000000000002,292,523201.0,0.0,0,17.880000000000003,0
20020812,1029081600000,17.900000000000002,17.98,17.8,17.830000000000002,370,662663.0,0.0,0,17.900000000000002,0
20020813,1029168000000,17.9,17.919999999999998,17.81,17.849999999999998,302,539962.0,0.0,0,17.83,0
20020814,1029254400000,17.88,18.02,17.88,18.02,179,322106.0,0.0,0,17.849999999999998,0
20020815,1029340800000,17.98,17.98,17.81,17.869999999999997,194,348030.0,0.0,0,18.02,0
20020816,1029427200000,17.799999999999997,18.18,17.72,18.02,375,675850.0,0.0,0,17.869999999999997,0
20020819,1029686400000,18.000000000000004,18.020000000000003,17.830000000000002,18.000000000000004,152,272603.0,0.0,0,18.020000000000003,0
20020820,1029772800000,17.990000000000002,18.150000000000002,17.900000000000002,18.12,320,580221.0,0.0,0,18.000000000000004,0
20020821,1029859200000,18.15,18.45,18.0,18.39,1857,3397572.0,0.0,0,18.12,0
20020822,1029945600000,18.410000000000004,18.96,18.400000000000002,18.740000000000002,3276,6148073.999999999,0.0,0,18.39,0
20020823,1030032000000,18.75,18.79,18.55,18.6,694,1294095.0,0.0,0,18.740000000000002,0
20020826,1030291200000,18.61,18.849999999999998,18.56,18.79,1278,2395198.0,0.0,0,18.599999999999998,0
20020827,1030377600000,18.77,19.5,18.77,19.33,2984,5723874.0,0.0,0,18.79,0
20020828,1030464000000,19.03,19.32,18.91,18.91,1575,3000991.0,0.0,0,19.330000000000002,0
20020829,1030550400000,18.900000000000002,19.0,18.6,18.6,1039,1944983.0000000002,0.0,0,18.91,0
20020830,1030636800000,18.59,18.7,18.52,18.55,504,937371.0000000001,0.0,0,18.599999999999998,0
20020902,1030896000000,18.6,18.87,18.5,18.78,494,926245.0,0.0,0,18.55,0
20020903,1030982400000,18.78,18.990000000000002,18.78,18.89,569,1075347.0000000002,0.0,0,18.78,0
20020904,1031068800000,18.8,18.810000000000002,18.6,18.62,433,809347.0,0.0,0,18.89,0
20020905,1031155200000,18.6,18.6,18.32,18.39,823,1516726.0000000002,0.0,0,18.62,0
20020906,1031241600000,18.349999999999998,18.45,18.2,18.21,560,1027864.0000000001,0.0,0,18.39,0
20020909,1031500800000,18.150000000000002,18.48,18.150000000000002,18.340000000000003,388,712669.0,0.0,0,18.21,0
20020910,1031587200000,18.3,18.400000000000002,18.05,18.330000000000002,369,673725.0,0.0,0,18.34,0
20020911,1031673600000,18.11,18.33,18.06,18.33,366,664954.0000000001,0.0,0,18.33,0
20020912,1031760000000,18.299999999999997,18.48,18.06,18.34,203,373531.0,0.0,0,18.33,0
20020913,1031846400000,18.180000000000003,18.48,18.17,18.450000000000003,299,550117.0,0.0,0,18.340000000000003,0
20020916,1032105600000,18.41,18.49,18.11,18.16,427,777749.0000000001,0.0,0,18.45,0
20020917,1032192000000,18.2,18.4,18.09,18.35,338,616823.0,0.0,0,18.16,0
20020918,1032278400000,18.32,18.45,18.12,18.2,216,395509.0,0.0,0,18.35,0
20020919,1032364800000,18.12,18.55,18.11,18.55,325,596441.0,0.0,0,18.2,0
20020920,1032451200000,18.3,18.5,18.29,18.43,244,449873.0,0.0,0,18.55,0
20020923,1032710400000,18.4,18.5,18.34,18.5,222,410360.0,0.0,0,18.43,0
20020924,1032796800000,18.48,18.48,18.3,18.34,298,548147.0,0.0,0,18.5,0
20020925,1032883200000,18.14,18.38,18.13,18.2,181,332224.0,0.0,0,18.34,0
20020926,1032969600000,18.3,18.68,18.12,18.14,455,830074.0,0.0,0,18.2,0
20020927,1033056000000,18.19,18.19,17.93,17.93,634,1142059.0,0.0,0,18.14,0
20021008,1034006400000,18.14,18.14,17.7,17.74,471,838060.0,0.0,0,17.93,0
20021009,1034092800000,17.73,17.880000000000003,17.35,17.46,577,1011857.0,0.0,0,17.740000000000002,0
20021010,1034179200000,17.42,17.560000000000002,17.400000000000002,17.450000000000003,319,558261.0,0.0,0,17.46,0
20021011,1034265600000,17.450000000000003,17.46,17.330000000000002,17.330000000000002,432,751818.0000000001,0.0,0,17.450000000000003,0
20021014,1034524800000,17.200000000000003,17.330000000000002,17.150000000000002,17.320000000000004,333,573775.0,0.0,0,17.330000000000002,0
20021015,1034611200000,17.3,17.4,17.2,17.23,144,248529.99999999997,0.0,0,17.32,0
20021016,1034697600000,17.400000000000002,17.6,17.400000000000002,17.400000000000002,195,340807.0,0.0,0,17.23,0
20021017,1034784000000,17.45,17.45,17.07,17.18,238,410152.0,0.0,0,17.4,0
20021018,1034870400000,17.020000000000003,17.180000000000003,16.92,17.1,453,772429.0,0.0,0,17.180000000000003,0
20021021,1035129600000,17.0,17.2,17.0,17.18,93,159048.0,0.0,0,17.1,0
20021022,1035216000000,17.01,17.580000000000002,17.01,17.53,772,1341453.9999999998,0.0,0,17.180000000000003,0
20021023,1035302400000,17.46,17.48,17.25,17.33,248,430836.0,0.0,0,17.53,0
20021024,1035388800000,17.5,17.51,17.28,17.28,256,444266.0,0.0,0,17.330000000000002,0
20021025,1035475200000,17.099999999999998,17.3,16.52,16.79,900,1531172.0,0.0,0,17.28,0
20021028,1035734400000,16.65,16.79,16.56,16.57,760,1267228.0,0.0,0,16.79,0
20021029,1035820800000,16.29,16.4,15.9,16.35,1397,2250034.0,0.0,0,16.57,0
20021030,1035907200000,16.35,16.35,16.0,16.16,895,1439159.0000000002,0.0,0,16.35,0
20021031,1035993600000,16.080000000000002,16.21,15.91,15.93,802,1290479.0,0.0,0,16.16,0
20021101,1036080000000,15.88,15.9,15.620000000000001,15.830000000000002,1234,1947126.0,0.0,0,15.930000000000001,0
20021104,1036339200000,15.860000000000001,16.220000000000002,15.8,16.1,613,981592.0,0.0,0,15.83,0
20021105,1036425600000,16.11,16.8,16.11,16.599999999999998,1602,2658615.0,0.0,0,16.099999999999998,0
20021106,1036512000000,16.6,16.68,16.35,16.43,708,1165473.0,0.0,0,16.6,0
20021107,1036598400000,16.4,16.509999999999998,16.4,16.45,366,602807.0,0.0,0,16.43,0
20021108,1036684800000,16.63,16.78,15.91,15.94,1039,1682036.0,0.0,0,16.45,0
20021111,1036944000000,15.93,16.0,15.58,15.65,1340,2114156.0,0.0,0,15.94,0
20021112,1037030400000,15.65,15.700000000000001,15.200000000000001,15.3,951,1476490.0,0.0,0,15.65,0
20021113,1037116800000,15.3,15.360000000000001,14.9,15.290000000000001,893,1350863.0,0.0,0,15.3,0
20021114,1037203200000,15.299999999999999,15.48,15.01,15.12,832,1267202.0,0.0,0,15.29,0
20021115,1037289600000,15.13,15.500000000000002,15.030000000000001,15.280000000000001,703,1078021.0000000002,0.0,0,15.120000000000001,0
20021118,1037548800000,15.38,15.38,15.15,15.200000000000001,267,406855.0,0.0,0,15.280000000000001,0
20021119,1037635200000,15.15,15.389999999999999,15.02,15.299999999999999,682,1034444.0000000001,0.0,0,15.2,0
20021120,1037721600000,15.200000000000001,15.200000000000001,14.780000000000001,14.790000000000001,917,1371072.0,0.0,0,15.3,0
20021121,1037808000000,14.799999999999999,14.799999999999999,14.51,14.57,982,1440622.0,0.0,0,14.79,0
20021122,1037894400000,14.63,15.000000000000002,14.370000000000001,14.620000000000001,562,826504.0,0.0,0,14.57,0
20021125,1038153600000,14.62,14.78,14.51,14.7,175,257670.0,0.0,0,14.62,0
20021126,1038240000000,14.700000000000001,14.97,14.38,14.430000000000001,459,668844.0,0.0,0,14.700000000000001,0
20021127,1038326400000,14.209999999999999,14.44,14.1,14.219999999999999,778,1108872.0,0.0,0,14.43,0
20021128,1038412800000,14.22,14.98,14.07,14.85,1413,2048088.0000000002,0.0,0,14.22,0
20021129,1038499200000,15.000000000000002,15.180000000000001,14.790000000000001,15.07,2548,3822252.0000000005,0.0,0,14.850000000000001,0
20021202,1038758400000,15.080000000000002,15.15,14.450000000000001,14.450000000000001,843,1238825.0,0.0,0,15.07,0
20021203,1038844800000,14.5,14.72,14.5,14.67,953,1390680.9999999998,0.0,0,14.45,0
20021204,1038931200000,14.69,15.39,14.6,14.86,1544,2325596.9999999995,0.0,0,14.67,0
20021205,1039017600000,14.88,14.88,14.55,14.700000000000001,511,748849.0,0.0,0,14.860000000000001,0
20021206,1039104000000,14.75,14.89,14.56,14.72,599,885424.0000000001,0.0,0,14.700000000000001,0
20021209,1039363200000,14.75,14.76,14.6,14.6,346,507873.0,0.0,0,14.719999999999999,0
20021210,1039449600000,14.6,14.68,14.33,14.33,457,662093.0000000001,0.0,0,14.6,0
20021211,1039536000000,14.33,14.45,14.1,14.28,1068,1518207.0,0.0,0,14.33,0
20021212,1039622400000,14.500000000000002,14.55,14.280000000000001,14.350000000000001,1398,2019879.0,0.0,0,14.280000000000001,0
20021213,1039708800000,14.25,14.5,14.01,14.47,1042,1478286.0,0.0,0,14.35,0
20021216,1039968000000,14.46,14.600000000000001,14.450000000000001,14.55,1003,1456502.0,0.0,0,14.47,0
20021217,1040054400000,14.6,14.68,14.36,14.67,528,769512.0,0.0,0,14.549999999999999,0
20021218,1040140800000,14.67,14.780000000000001,14.55,14.64,732,1074120.0000000002,0.0,0,14.67,0
20021219,1040227200000,14.6,14.65,14.44,14.53,477,693050.0000000001,0.0,0,14.639999999999999,0
20021220,1040313600000,14.530000000000001,14.790000000000001,14.48,14.700000000000001,1313,1930037.0000000002,0.0,0,14.530000000000001,0
20021223,1040572800000,14.75,15.05,14.75,14.88,1352,2019413.0,0.0,0,14.7,0
20021224,1040659200000,14.8,15.17,14.74,15.1,1316,1971580.0,0.0,0,14.88,0
20021225,1040745600000,15.100000000000001,15.520000000000001,14.950000000000001,15.39,4163,6388200.000000001,0.0,0,15.100000000000001,0
20021226,1040832000000,15.9,16.39,15.610000000000001,15.670000000000002,22505,36111356.0,0.0,0,15.39,0
20021227,1040918400000,15.45,15.49,15.01,15.31,6835,10405039.000000002,0.0,0,15.67,0
20021230,1041177600000,15.24,15.24,14.8,14.930000000000001,2417,3620756.0,0.0,0,15.31,0
20021231,1041264000000,14.95,15.19,14.6,14.62,1903,2834961.0,0.0,0,14.93,0
20030102,1041436800000,14.59,14.64,14.06,14.17,1836,2625848.9999999995,0.0,0,14.620000000000001,0
20030103,1041523200000,14.080000000000002,14.21,14.030000000000001,14.120000000000001,1400,1976849.0,0.0,0,14.170000000000002,0
20030106,1041782400000,14.11,14.299999999999999,14.02,14.28,998,1413367.0,0.0,0,14.12,0
20030107,1041868800000,14.23,14.65,14.200000000000001,14.32,1183,1698677.0,0.0,0,14.280000000000001,0
20030108,1041955200000,14.280000000000001,14.600000000000001,14.200000000000001,14.580000000000002,1062,1537397.0000000002,0.0,0,14.32,0
20030109,1042041600000,14.6,15.0,14.5,14.95,2674,3947608.0000000005,0.0,0,14.58,0
20030110,1042128000000,14.950000000000001,15.110000000000001,14.8,14.81,1646,2465992.0000000005,0.0,0,14.950000000000001,0
20030113,1042387200000,14.78,14.91,14.59,14.85,912,1344400.0000000002,0.0,0,14.81,0
20030114,1042473600000,14.85,15.799999999999999,14.85,15.459999999999999,3406,5221785.0,0.0,0,14.85,0
20030115,1042560000000,15.510000000000002,16.1,15.21,15.38,3579,5592417.0,0.0,0,15.46,0
20030116,1042646400000,15.4,15.639999999999999,15.35,15.6,1871,2905775.0000000005,0.0,0,15.379999999999999,0
20030117,1042732800000,15.750000000000002,15.9,15.450000000000001,15.520000000000001,1911,2979494.9999999995,0.0,0,15.600000000000001,0
20030120,1042992000000,15.530000000000001,15.530000000000001,15.23,15.38,1612,2466871.0000000005,0.0,0,15.52,0
20030121,1043078400000,15.4,15.52,15.08,15.08,1106,1688352.0,0.0,0,15.38,0
20030122,1043164800000,15.0,15.16,14.98,15.1,960,1447684.0,0.0,0,15.08,0
20030123,1043251200000,15.15,15.2,15.0,15.02,754,1137414.0,0.0,0,15.1,0
20030124,1043337600000,15.0,15.35,14.99,15.25,1142,1736916.0,0.0,0,15.02,0
20030127,1043596800000,15.25,15.25,15.25,15.25,0,0.0,0.0,0,15.25,1
20030128,1043683200000,15.58,15.58,15.35,15.469999999999999,1538,2379059.0000000005,0.0,0,15.25,0
20030129,1043769600000,15.25,15.52,15.25,15.31,1223,1885347.0,0.0,0,15.47,0
20030210,1044806400000,15.25,15.25,15.08,15.11,534,810293.0,0.0,0,15.31,0
20030211,1044892800000,15.030000000000001,15.290000000000001,15.030000000000001,15.270000000000001,555,843951.0,0.0,0,15.110000000000001,0
20030212,1044979200000,15.31,15.4,15.120000000000001,15.4,1137,1737516.0000000002,0.0,0,15.270000000000001,0
20030213,1045065600000,15.549999999999999,15.61,15.36,15.399999999999999,1221,1892234.0,0.0,0,15.399999999999999,0
20030214,1045152000000,15.4,15.530000000000001,15.3,15.47,798,1231751.0000000002,0.0,0,15.4,0
20030217,1045411200000,15.4,15.63,15.200000000000001,15.3,1158,1787888.0,0.0,0,15.47,0
20030218,1045497600000,15.3,15.49,15.3,15.350000000000001,471,724306.0,0.0,0,15.3,0
20030219,1045584000000,15.35,15.44,15.19,15.44,508,776436.0,0.0,0,15.35,0
20030220,1045670400000,15.440000000000001,15.55,15.3,15.450000000000001,955,1476464.0000000002,0.0,0,15.440000000000001,0
20030221,1045756800000,15.41,15.42,15.11,15.129999999999999,968,1476945.9999999998,0.0,0,15.45,0
20030224,1046016000000,15.08,15.58,15.08,15.25,1393,2134035.0,0.0,0,15.13,0
20030225,1046102400000,15.48,15.98,15.3,15.82,4440,6973796.0,0.0,0,15.25,0
20030226,1046188800000,15.850000000000001,15.870000000000001,15.530000000000001,15.65,2571,4035528.0,0.0,0,15.82,0
20030227,1046275200000,15.75,15.860000000000001,15.65,15.76,1387,2184910.0000000005,0.0,0,15.65,0
20030228,1046361600000,15.760000000000002,15.89,15.530000000000001,15.89,2381,3744493.0,0.0,0,15.760000000000002,0
20030303,1046620800000,15.870000000000001,16.36,15.790000000000001,16.310000000000002,5995,9710370.0,0.0,0,15.89,0
20030304,1046707200000,16.290000000000003,16.32,16.080000000000002,16.1,2041,3297989.0,0.0,0,16.310000000000002,0
20030305,1046793600000,16.1,16.28,15.88,15.99,1705,2733175.0,0.0,0,16.1,0
20030306,1046880000000,16.13,16.14,15.52,15.65,1706,2688068.0,0.0,0,15.99,0
20030307,1046966400000,15.68,15.84,15.5,15.6,1675,2618685.0,0.0,0,15.65,0
20030310,1047225600000,15.15,15.19,14.58,14.69,8062,11923660.0,0.0,0,15.6,0
20030311,1047312000000,14.520000000000001,14.700000000000001,14.46,14.5,3175,4618215.0,0.0,0,14.690000000000001,0
20030312,1047398400000,14.350000000000001,14.590000000000002,14.120000000000001,14.590000000000002,1958,2827185.0000000005,0.0,0,14.500000000000002,0
20030313,1047484800000,14.59,14.600000000000001,14.3,14.31,2022,2916377.0,0.0,0,14.59,0
20030314,1047571200000,14.200000000000001,14.4,14.15,14.33,1471,2096670.0000000002,0.0,0,14.31,0
20030317,1047830400000,14.290000000000001,14.49,14.23,14.46,1014,1454925.0,0.0,0,14.33,0
20030318,1047916800000,14.500000000000002,14.57,14.040000000000001,14.08,1144,1646009.9999999998,0.0,0,14.46,0
20030319,1048003200000,14.100000000000001,14.21,14.05,14.180000000000001,1549,2195128.0,0.0,0,14.08,0
20030320,1048089600000,14.190000000000001,14.270000000000001,14.06,14.18,1083,1534373.0,0.0,0,14.18,0
20030321,1048176000000,14.11,14.38,14.08,14.37,1074,1535126.0000000002,0.0,0,14.18,0
20030324,1048435200000,14.370000000000001,14.47,14.370000000000001,14.450000000000001,1062,1531438.0,0.0,0,14.370000000000001,0
20030325,1048521600000,14.45,14.45,14.25,14.29,545,782928.0,0.0,0,14.45,0
20030326,1048608000000,14.18,14.280000000000001,13.81,13.860000000000001,2635,3677843.0,0.0,0,14.290000000000001,0
20030327,1048694400000,13.799999999999999,14.299999999999999,13.6,14.18,2625,3636503.0,0.0,0,13.86,0
20030328,1048780800000,14.0,14.33,14.0,14.02,1513,2141059.0,0.0,0,14.18,0
20030331,1049040000000,14.02,14.1,13.85,14.01,1596,2229792.0,0.0,0,14.02,0
20030401,1049126400000,14.0,14.15,13.96,14.120000000000001,1700,2397504.0,0.0,0,14.010000000000002,0
20030402,1049212800000,14.29,14.29,14.11,14.17,1277,1815568.0,0.0,0,14.12,0
20030403,1049299200000,14.15,14.29,14.09,14.23,1290,1831879.0000000002,0.0,0,14.17,0
20030404,1049385600000,14.2,14.28,14.16,14.18,625,887796.0,0.0,0,14.23,0
20030407,1049644800000,14.6,14.6,14.01,14.1,1089,1556718.0,0.0,0,14.18,0
20030408,1049731200000,14.0,14.12,13.5,13.9,1766,2455843.0,0.0,0,14.1,0
20030409,1049817600000,13.88,13.9,13.530000000000001,13.690000000000001,2535,3455721.0,0.0,0,13.9,0
20030410,1049904000000,14.15,14.15,13.66,13.85,2784,3848389.0,0.0,0,13.69,0
20030411,1049990400000,13.7,13.87,13.58,13.790000000000001,2682,3684679.0,0.0,0,13.85,0
20030414,1050249600000,13.7,14.219999999999999,13.68,14.209999999999999,4703,6599634.0,0.0,0,13.79,0
20030415,1050336000000,14.35,14.35,14.0,14.2,3425,4848253.0,0.0,0,14.21,0
20030416,1050422400000,14.34,14.34,13.9,13.94,4063,5731869.0,0.0,0,14.200000000000001,0
20030417,1050508800000,13.92,14.13,13.75,13.94,2669,3692312.0,0.0,0,13.94,0
20030418,1050595200000,13.94,13.94,13.94,13.94,0,0.0,0.0,0,13.94,1
20030421,1050854400000,14.0,14.12,13.68,13.73,2500,3458688.0,0.0,0,13.94,0
20030422,1050940800000,13.7,13.879999999999999,13.6,13.75,696,956220.0,0.0,0,13.73,0
20030423,1051027200000,13.75,13.75,13.33,13.35,2791,3752497.0,0.0,0,13.75,0
20030424,1051113600000,13.35,13.4,12.93,12.99,2658,3466499.0000000005,0.0,0,13.35,0
20030425,1051200000000,12.81,13.040000000000001,12.31,12.48,2756,3494085.0000000005,0.0,0,12.99,0
20030428,1051459200000,12.4,12.4,11.96,12.25,4639,5628111.0,0.0,0,12.48,0
20030429,1051545600000,12.01,12.200000000000001,11.98,11.99,1434,1732917.0,0.0,0,12.25,0
20030430,1051632000000,11.979999999999999,12.149999999999999,11.86,12.129999999999999,2500,3005817.0,0.0,0,11.99,0
20030512,1052668800000,12.2,12.2,11.36,11.379999999999999,2081,2430363.0,0.0,0,12.129999999999999,0
20030513,1052755200000,11.4,11.4,10.38,10.88,5833,6233327.0,0.0,0,11.38,0
20030514,1052841600000,10.9,11.23,10.8,11.040000000000001,4947,5460804.0,0.0,0,10.88,0
20030515,1052928000000,11.180000000000001,11.750000000000002,10.950000000000001,11.680000000000001,5258,5983362.0,0.0,0,11.040000000000001,0
20030516,1053014400000,11.68,11.74,11.42,11.57,2658,3070428.0000000005,0.0,0,11.68,0
20030519,1053273600000,11.52,11.83,11.5,11.66,1894,2207458.0,0.0,0,11.57,0
20030520,1053360000000,11.66,11.66,11.41,11.44,1080,1242681.0000000002,0.0,0,11.66,0
20030521,1053446400000,11.42,11.59,11.41,11.5,1249,1433937.0,0.0,0,11.44,0
20030522,1053532800000,11.48,11.65,11.39,11.64,1483,1714159.0,0.0,0,11.5,0
20030523,1053619200000,11.77,11.78,11.51,11.62,1701,1985181.0000000002,0.0,0,11.64,0
20030526,1053878400000,11.68,11.69,11.58,11.68,1516,1763711.0,0.0,0,11.62,0
20030527,1053964800000,11.559999999999999,11.98,11.52,11.92,2992,3530423.0000000005,0.0,0,11.68,0
20030528,1054051200000,11.8,12.350000000000001,11.8,12.190000000000001,4377,5310762.0,0.0,0,11.92,0
20030529,1054137600000,12.19,12.28,12.1,12.27,2431,2962563.0000000005,0.0,0,12.19,0
20030530,1054224000000,12.270000000000001,12.450000000000001,12.200000000000001,12.260000000000002,2538,3131916.0,0.0,0,12.270000000000001,0
20030602,1054483200000,12.3,12.680000000000001,12.13,12.620000000000001,3111,3859989.0,0.0,0,12.260000000000002,0
20030603,1054569600000,12.48,12.620000000000001,12.24,12.26,2385,2976166.0,0.0,0,12.620000000000001,0
20030604,1054656000000,12.2,12.39,12.01,12.28,2586,3148321.9999999995,0.0,0,12.26,0
20030605,1054742400000,12.18,12.3,12.0,12.06,835,1014315.0,0.0,0,12.28,0
20030606,1054828800000,12.0,12.35,11.9,11.92,2115,2563721.0000000005,0.0,0,12.06,0
20030609,1055088000000,11.81,12.0,11.63,11.65,1124,1324352.0,0.0,0,11.92,0
20030610,1055174400000,11.84,11.88,11.66,11.72,511,601037.0000000001,0.0,0,11.65,0
20030611,1055260800000,11.8,12.05,11.73,12.05,938,1121176.0000000002,0.0,0,11.72,0
20030612,1055347200000,12.05,12.9,11.96,12.89,9325,11756825.0,0.0,0,12.05,0
20030613,1055433600000,12.850000000000001,13.110000000000001,12.71,13.100000000000001,9505,12282257.0,0.0,0,12.89,0
20030616,1055692800000,13.08,13.08,12.72,12.790000000000001,3846,4945303.0,0.0,0,13.100000000000001,0
20030617,1055779200000,12.72,12.950000000000001,12.72,12.780000000000001,2341,2998814.0,0.0,0,12.790000000000001,0
20030618,1055865600000,12.72,12.98,12.450000000000001,12.47,2441,3085018.0,0.0,0,12.780000000000001,0
20030619,1055952000000,12.45,12.55,12.09,12.25,2351,2892183.0000000005,0.0,0,12.47,0
20030620,1056038400000,12.19,12.370000000000001,12.07,12.18,1305,1595445.0,0.0,0,12.25,0
20030623,1056297600000,12.11,12.35,12.1,12.25,1175,1440689.0,0.0,0,12.18,0
20030624,1056384000000,12.15,12.3,12.15,12.22,991,1212242.0,0.0,0,12.25,0
20030625,1056470400000,12.25,12.25,11.68,11.709999999999999,3382,4024016.0,0.0,0,12.219999999999999,0
20030626,1056556800000,11.72,11.9,11.51,11.82,2002,2345210.0,0.0,0,11.709999999999999,0
20030627,1056643200000,11.81,11.920000000000002,11.620000000000001,11.64,983,1154255.0,0.0,0,11.82,0
20030630,1056902400000,11.639999999999999,11.639999999999999,11.35,11.51,990,1138256.0,0.0,0,11.639999999999999,0
20030701,1056988800000,11.48,11.67,11.4,11.450000000000001,1048,1209698.0000000002,0.0,0,11.51,0
20030702,1057075200000,11.450000000000001,11.700000000000001,11.450000000000001,11.65,589,682170.9999999999,0.0,0,11.450000000000001,0
20030703,1057161600000,11.69,11.69,11.01,11.5,922,1062123.0,0.0,0,11.65,0
20030704,1057248000000,11.41,11.64,11.41,11.45,453,522122.0,0.0,0,11.5,0
20030707,1057507200000,11.430000000000001,11.450000000000001,11.3,11.32,652,741393.0000000001,0.0,0,11.450000000000001,0
20030708,1057593600000,11.34,11.5,11.34,11.5,641,734427.0,0.0,0,11.32,0
20030709,1057680000000,11.5,11.5,11.35,11.4,265,302618.0,0.0,0,11.5,0
20030710,1057766400000,11.35,11.78,11.35,11.7,1175,1361123.0,0.0,0,11.4,0
20030711,1057852800000,11.649999999999999,11.7,11.53,11.67,828,963184.9999999999,0.0,0,11.7,0
20030714,1058112000000,11.7,11.7,11.5,11.53,540,624004.0,0.0,0,11.67,0
20030715,1058198400000,11.42,11.59,11.23,11.42,973,1106762.0,0.0,0,11.530000000000001,0
20030716,1058284800000,11.35,11.42,11.26,11.32,619,700808.0,0.0,0,11.42,0
20030717,1058371200000,11.43,11.43,11.18,11.219999999999999,968,1088744.0,0.0,0,11.32,0
20030718,1058457600000,11.17,11.280000000000001,10.97,10.99,1108,1229741.0,0.0,0,11.22,0
20030721,1058716800000,10.950000000000001,11.0,10.65,10.74,966,1044747.0000000001,0.0,0,10.99,0
20030722,1058803200000,10.74,10.88,10.72,10.8,778,838826.0,0.0,0,10.74,0
20030723,1058889600000,10.879999999999999,10.95,10.76,10.9,907,983466.0,0.0,0,10.799999999999999,0
20030724,1058976000000,10.8,10.930000000000001,10.8,10.850000000000001,284,308281.0,0.0,0,10.9,0
20030725,1059062400000,10.879999999999999,10.94,10.68,10.68,499,538109.0,0.0,0,10.85,0
20030728,1059321600000,10.680000000000001,10.790000000000001,10.450000000000001,10.700000000000001,375,400985.0,0.0,0,10.680000000000001,0
20030729,1059408000000,10.73,10.75,10.6,10.67,342,364931.0,0.0,0,10.7,0
20030730,1059494400000,10.7,10.73,10.6,10.73,268,286035.00000000006,0.0,0,10.67,0
20030731,1059580800000,10.63,10.790000000000001,10.63,10.73,352,378469.0,0.0,0,10.73,0
20030801,1059667200000,10.75,10.96,10.66,10.95,496,536553.0,0.0,0,10.73,0
20030804,1059926400000,10.9,11.09,10.81,11.020000000000001,780,854643.0,0.0,0,10.950000000000001,0
20030805,1060012800000,10.93,11.16,10.52,11.02,366,403301.00000000006,0.0,0,11.02,0
20030806,1060099200000,11.0,11.31,10.93,11.209999999999999,1058,1183797.0,0.0,0,11.02,0
20030807,1060185600000,11.25,11.28,11.1,11.1,288,322106.99999999994,0.0,0,11.209999999999999,0
20030808,1060272000000,11.100000000000001,11.100000000000001,10.88,10.88,520,570200.0,0.0,0,11.100000000000001,0
20030811,1060531200000,10.81,10.99,10.75,10.97,210,229098.00000000003,0.0,0,10.88,0
20030812,1060617600000,11.0,11.110000000000001,10.98,11.09,334,369416.0,0.0,0,10.97,0
20030813,1060704000000,10.93,11.05,10.9,11.02,414,453585.0,0.0,0,11.09,0
20030814,1060790400000,10.85,11.27,10.85,11.04,635,704137.0,0.0,0,11.02,0
20030815,1060876800000,10.91,11.09,10.9,11.05,324,357591.0,0.0,0,11.040000000000001,0
20030818,1061136000000,11.02,11.299999999999999,11.02,11.219999999999999,1249,1400923.0,0.0,0,11.049999999999999,0
20030819,1061222400000,11.200000000000001,11.530000000000001,11.200000000000001,11.350000000000001,1293,1477292.0,0.0,0,11.22,0
20030820,1061308800000,11.27,11.28,11.08,11.17,834,934223.0,0.0,0,11.35,0
20030821,1061395200000,11.1,11.2,11.1,11.129999999999999,492,549184.0,0.0,0,11.17,0
20030822,1061481600000,11.129999999999999,11.34,11.1,11.1,753,843900.0,0.0,0,11.129999999999999,0
20030825,1061740800000,11.11,11.11,10.93,10.93,472,520341.0,0.0,0,11.1,0
20030826,1061827200000,10.930000000000001,11.05,10.8,11.0,577,631128.0,0.0,0,10.930000000000001,0
20030827,1061913600000,11.01,11.15,11.0,11.08,390,431434.0,0.0,0,11.0,0
20030828,1062000000000,11.08,11.27,11.0,11.0,563,627455.0,0.0,0,11.08,0
20030829,1062086400000,10.91,11.07,10.86,11.059999999999999,468,512686.99999999994,0.0,0,11.0,0
20030901,1062345600000,11.05,11.48,11.05,11.42,1352,1529305.0,0.0,0,11.06,0
20030902,1062432000000,11.4,11.58,11.3,11.49,2099,2405039.0,0.0,0,11.42,0
20030903,1062518400000,11.700000000000001,12.450000000000001,11.700000000000001,11.89,10648,12873201.000000002,0.0,0,11.49,0
20030904,1062604800000,11.8,11.88,11.67,11.74,2532,2976294.0,0.0,0,11.89,0
20030905,1062691200000,11.7,11.7,11.36,11.42,1971,2267858.0,0.0,0,11.74,0
20030908,1062950400000,11.4,11.57,11.4,11.43,780,897116.0,0.0,0,11.42,0
20030909,1063036800000,11.43,11.55,11.4,11.43,563,645092.0,0.0,0,11.43,0
20030910,1063123200000,11.450000000000001,11.5,11.31,11.370000000000001,803,913375.0,0.0,0,11.43,0
20030911,1063209600000,11.53,11.58,11.34,11.49,685,783282.0,0.0,0,11.37,0
20030912,1063296000000,11.38,11.450000000000001,11.200000000000001,11.21,780,881224.0,0.0,0,11.49,0
20030915,1063555200000,11.200000000000001,11.35,11.06,11.1,717,801521.0,0.0,0,11.21,0
20030916,1063641600000,11.07,11.23,10.9,11.13,664,735292.0,0.0,0,11.1,0
20030917,1063728000000,11.290000000000001,11.3,10.950000000000001,10.99,376,416868.0,0.0,0,11.13,0
20030918,1063814400000,10.96,11.17,10.91,11.0,667,734132.0,0.0,0,10.99,0
20030919,1063900800000,10.99,11.1,10.99,11.09,415,458650.0,0.0,0,11.0,0
20030922,1064160000000,11.09,11.290000000000001,10.81,11.0,276,304896.0,0.0,0,11.09,0
20030923,1064246400000,10.93,11.07,10.93,11.049999999999999,277,305233.0,0.0,0,11.0,0
20030924,1064332800000,11.06,11.17,11.05,11.120000000000001,335,371394.0,0.0,0,11.05,0
20030925,1064419200000,11.209999999999999,11.209999999999999,10.78,10.799999999999999,1233,1345813.0,0.0,0,11.12,0
20030926,1064505600000,10.799999999999999,10.969999999999999,10.6,10.75,845,907007.0,0.0,0,10.799999999999999,0
20030929,1064764800000,10.75,10.75,10.75,10.75,0,0.0,0.0,0,10.75,1
20030930,1064851200000,10.700000000000001,10.700000000000001,10.4,10.63,1142,1202183.0,0.0,0,10.75,0
20031008,1065542400000,10.56,10.760000000000002,10.55,10.64,335,356106.0,0.0,0,10.63,0
20031009,1065628800000,10.52,10.62,10.52,10.58,330,349415.0,0.0,0,10.639999999999999,0
20031010,1065715200000,10.56,10.92,10.5,10.88,1059,1134590.0,0.0,0,10.58,0
20031013,1065974400000,10.850000000000001,10.9,10.700000000000001,10.71,733,789052.0,0.0,0,10.88,0
20031014,1066060800000,10.71,10.76,10.5,10.53,740,780925.0,0.0,0,10.71,0
20031015,1066147200000,10.54,10.65,10.5,10.52,560,590522.0,0.0,0,10.53,0
20031016,1066233600000,10.72,10.74,10.33,10.34,618,646147.0,0.0,0,10.52,0
20031017,1066320000000,10.35,10.35,10.25,10.28,511,526397.0,0.0,0,10.34,0
20031020,1066579200000,10.309999999999999,10.66,10.28,10.319999999999999,369,382815.0,0.0,0,10.28,0
20031021,1066665600000,10.35,10.35,10.03,10.24,701,708174.0,0.0,0,10.319999999999999,0
20031022,1066752000000,10.280000000000001,10.49,10.15,10.450000000000001,834,863994.0,0.0,0,10.24,0
20031023,1066838400000,10.450000000000001,10.510000000000002,10.200000000000001,10.200000000000001,737,763121.0,0.0,0,10.450000000000001,0
20031024,1066924800000,10.200000000000001,10.280000000000001,10.05,10.120000000000001,695,704243.0,0.0,0,10.200000000000001,0
20031027,1067184000000,9.61,9.99,9.61,9.74,830,813360.0000000001,0.0,0,10.12,0
20031028,1067270400000,9.7,9.81,9.5,9.57,820,789880.9999999999,0.0,0,9.74,0
20031029,1067356800000,9.61,9.8,9.0,9.22,1154,1075656.0000000002,0.0,0,9.57,0
20031030,1067443200000,9.15,9.28,9.0,9.18,978,889268.9999999999,0.0,0,9.22,0
20031031,1067529600000,9.15,9.4,9.05,9.21,484,446649.0,0.0,0,9.180000000000001,0
20031103,1067788800000,9.36,9.379999999999999,9.1,9.25,395,365111.00000000006,0.0,0,9.209999999999999,0
20031104,1067875200000,9.0,9.43,9.0,9.28,1229,1133862.0,0.0,0,9.25,0
20031105,1067961600000,9.27,9.28,9.08,9.12,772,707562.0,0.0,0,9.28,0
20031106,1068048000000,9.049999999999999,9.15,8.68,8.68,1378,1209973.0000000002,0.0,0,9.12,0
20031107,1068134400000,8.68,8.700000000000001,8.4,8.68,1033,885740.0,0.0,0,8.68,0
20031110,1068393600000,8.649999999999999,8.78,8.53,8.6,250,215716.0,0.0,0,8.68,0
20031111,1068480000000,8.55,8.7,8.5,8.6,284,244210.99999999997,0.0,0,8.6,0
20031112,1068566400000,8.5,8.65,8.5,8.5,248,211957.0,0.0,0,8.6,0
20031113,1068652800000,8.5,8.64,8.5,8.61,413,354221.99999999994,0.0,0,8.5,0
20031114,1068739200000,8.66,8.75,8.6,8.7,550,479176.0,0.0,0,8.61,0
20031117,1068998400000,8.56,8.73,8.06,8.63,505,433900.0,0.0,0,8.700000000000001,0
20031118,1069084800000,8.45,8.639999999999999,8.45,8.549999999999999,177,151665.0,0.0,0,8.629999999999999,0
20031119,1069171200000,8.55,8.88,8.5,8.87,1178,1031279.0,0.0,0,8.55,0
20031120,1069257600000,8.92,9.440000000000001,8.8,9.31,2172,1995925.0,0.0,0,8.870000000000001,0
20031121,1069344000000,9.35,9.35,8.9,8.91,2042,1861039.0000000002,0.0,0,9.31,0
20031124,1069603200000,8.8,9.350000000000001,8.8,9.32,1258,1149504.0,0.0,0,8.91,0
20031125,1069689600000,9.32,9.6,9.18,9.39,2413,2267722.0,0.0,0,9.32,0
20031126,1069776000000,9.33,9.48,9.3,9.450000000000001,997,936976.0000000001,0.0,0,9.39,0
20031127,1069862400000,9.459999999999999,9.48,9.1,9.129999999999999,1016,939249.0,0.0,0,9.45,0
20031128,1069948800000,9.18,9.200000000000001,9.07,9.11,582,531464.0000000001,0.0,0,9.13,0
20031201,1070208000000,9.11,9.469999999999999,9.1,9.389999999999999,1064,990876.0,0.0,0,9.11,0
20031202,1070294400000,9.4,9.65,9.35,9.549999999999999,1656,1579585.0,0.0,0,9.389999999999999,0
20031203,1070380800000,9.42,10.15,9.33,9.74,5105,5038494.000000001,0.0,0,9.55,0
20031204,1070467200000,9.78,9.86,9.61,9.649999999999999,2037,1970595.0,0.0,0,9.74,0
20031205,1070553600000,9.629999999999999,9.77,9.52,9.62,1345,1289985.0,0.0,0,9.65,0
20031208,1070812800000,9.55,9.600000000000001,9.450000000000001,9.46,650,619360.0,0.0,0,9.620000000000001,0
20031209,1070899200000,9.440000000000001,9.450000000000001,9.3,9.4,677,633776.0,0.0,0,9.46,0
20031210,1070985600000,9.38,9.63,9.38,9.620000000000001,1095,1039739.0000000001,0.0,0,9.4,0
20031211,1071072000000,9.62,9.7,9.53,9.569999999999999,842,808677.0,0.0,0,9.62,0
20031212,1071158400000,9.43,9.6,9.43,9.59,460,440180.00000000006,0.0,0,9.57,0
20031215,1071417600000,9.5,9.74,9.5,9.64,718,694062.0,0.0,0,9.59,0
20031216,1071504000000,9.56,9.56,9.31,9.46,783,736348.0,0.0,0,9.64,0
20031217,1071590400000,9.47,9.52,9.25,9.26,952,894138.0,0.0,0,9.46,0
20031218,1071676800000,9.25,9.309999999999999,9.02,9.08,1086,994651.9999999999,0.0,0,9.26,0
20031219,1071763200000,9.15,9.15,8.6,8.79,1664,1456589.0000000002,0.0,0,9.08,0
20031222,1072022400000,8.54,9.0,8.53,8.899999999999999,1691,1467936.0,0.0,0,8.79,0
20031223,1072108800000,8.9,8.950000000000001,8.700000000000001,8.88,1326,1172597.0,0.0,0,8.9,0
20031224,1072195200000,8.88,9.09,8.82,9.08,1270,1130553.0,0.0,0,8.88,0
20031225,1072281600000,9.1,9.1,8.91,8.96,1320,1190122.0000000002,0.0,0,9.08,0
20031226,1072368000000,8.98,9.120000000000001,8.9,9.1,1339,1211459.0,0.0,0,8.96,0
20031229,1072627200000,9.0,9.0,8.78,8.899999999999999,541,481877.0,0.0,0,9.1,0
20031230,1072713600000,8.9,9.030000000000001,8.82,8.93,833,738262.0,0.0,0,8.9,0
20031231,1072800000000,8.9,9.19,8.75,9.02,1735,1564992.0,0.0,0,8.93,0
20040102,1072972800000,8.83,9.59,8.83,9.54,4145,3891314.0000000005,0.0,0,9.02,0
20040105,1073232000000,9.5,9.520000000000001,9.3,9.41,2870,2691404.0,0.0,0,9.540000000000001,0
20040106,1073318400000,9.43,9.47,9.14,9.26,2759,2548827.0,0.0,0,9.41,0
20040107,1073404800000,9.22,9.88,9.22,9.870000000000001,7103,6859883.000000001,0.0,0,9.26,0
20040108,1073491200000,9.870000000000001,10.05,9.63,9.9,6439,6374242.0,0.0,0,9.870000000000001,0
20040109,1073577600000,9.950000000000001,9.950000000000001,9.55,9.600000000000001,3123,3041430.0,0.0,0,9.9,0
20040112,1073836800000,9.53,9.69,9.5,9.68,1160,1114128.9999999998,0.0,0,9.6,0
20040113,1073923200000,9.68,9.73,9.5,9.64,1759,1691586.0,0.0,0,9.68,0
20040114,1074009600000,9.610000000000001,9.700000000000001,9.540000000000001,9.690000000000001,1092,1049033.0,0.0,0,9.64,0
20040115,1074096000000,9.790000000000001,9.790000000000001,9.58,9.62,1475,1426871.0,0.0,0,9.69,0
20040116,1074182400000,9.58,9.9,9.55,9.82,2003,1952336.0000000002,0.0,0,9.620000000000001,0
20040129,1075305600000,9.82,10.3,9.82,10.290000000000001,3422,3457899.0,0.0,0,9.82,0
20040130,1075392000000,10.35,10.36,9.99,9.99,2076,2104099.0,0.0,0,10.290000000000001,0
20040202,1075651200000,9.93,10.25,9.93,10.23,2627,2660107.0,0.0,0,9.99,0
20040203,1075737600000,10.350000000000001,10.55,10.22,10.47,3088,3214461.0,0.0,0,10.23,0
20040204,1075824000000,10.48,10.750000000000002,10.450000000000001,10.73,4288,4546747.0,0.0,0,10.47,0
20040205,1075910400000,10.73,11.08,10.55,10.88,4513,4895507.0,0.0,0,10.73,0
20040206,1075996800000,10.799999999999999,10.879999999999999,10.53,10.54,3988,4272124.0,0.0,0,10.879999999999999,0
20040209,1076256000000,10.49,10.71,10.49,10.68,2370,2516368.9999999995,0.0,0,10.540000000000001,0
20040210,1076342400000,10.719999999999999,10.86,10.6,10.7,2356,2522277.0,0.0,0,10.68,0
20040211,1076428800000,10.68,10.7,10.51,10.7,2041,2165864.0,0.0,0,10.7,0
20040212,1076515200000,10.7,11.03,10.69,10.94,3875,4221928.0,0.0,0,10.7,0
20040213,1076601600000,10.78,10.979999999999999,10.78,10.84,2615,2842575.0,0.0,0,10.94,0
20040216,1076860800000,10.85,11.35,10.85,11.35,5929,6637075.0,0.0,0,10.84,0
20040217,1076947200000,11.510000000000002,11.98,11.450000000000001,11.89,17420,20547758.000000004,0.0,0,11.350000000000001,0
20040218,1077033600000,11.92,12.72,11.8,12.56,15220,18705304.000000004,0.0,0,11.89,0
20040219,1077120000000,12.479999999999999,12.62,12.19,12.49,7640,9448828.0,0.0,0,12.559999999999999,0
20040220,1077206400000,12.38,12.81,12.25,12.51,5114,6422608.0,0.0,0,12.49,0
20040223,1077465600000,12.5,12.88,12.25,12.27,6523,8232751.0,0.0,0,12.51,0
20040224,1077552000000,12.200000000000001,12.200000000000001,11.57,11.9,5926,7022393.0,0.0,0,12.27,0
20040225,1077638400000,11.899999999999999,12.149999999999999,11.36,11.41,4306,5070743.000000001,0.0,0,11.899999999999999,0
20040226,1077724800000,11.35,11.5,11.25,11.34,3428,3891140.0,0.0,0,11.41,0
20040227,1077811200000,11.5,11.799999999999999,11.36,11.75,2390,2763290.0,0.0,0,11.34,0
20040301,1078070400000,11.56,11.88,11.55,11.850000000000001,2356,2765639.9999999995,0.0,0,11.75,0
20040302,1078156800000,11.84,11.85,11.6,11.78,2263,2652257.0,0.0,0,11.85,0
20040303,1078243200000,11.76,11.76,11.32,11.32,2058,2356601.0,0.0,0,11.780000000000001,0
20040304,1078329600000,11.3,11.4,11.16,11.4,2334,2635163.0,0.0,0,11.32,0
20040305,1078416000000,11.48,11.55,11.3,11.41,1928,2203961.0,0.0,0,11.4,0
20040308,1078675200000,11.41,11.49,11.1,11.1,1211,1365483.0,0.0,0,11.41,0
20040309,1078761600000,11.1,11.2,10.75,10.75,2243,2457368.0,0.0,0,11.1,0
20040310,1078848000000,10.72,10.98,10.72,10.98,1021,1109466.0000000002,0.0,0,10.75,0
20040311,1078934400000,10.98,11.35,10.98,11.3,1244,1395257.0,0.0,0,10.98,0
20040312,1079020800000,11.299999999999999,11.309999999999999,11.02,11.11,1255,1396156.0,0.0,0,11.299999999999999,0
20040315,1079280000000,11.11,11.45,11.0,11.39,1823,2054268.0,0.0,0,11.11,0
20040316,1079366400000,11.4,11.48,11.25,11.36,1208,1368508.0,0.0,0,11.39,0
20040317,1079452800000,11.299999999999999,11.299999999999999,11.11,11.2,1370,1536996.0,0.0,0,11.36,0
20040318,1079539200000,11.2,11.299999999999999,11.1,11.1,1570,1758763.0,0.0,0,11.2,0
20040319,1079625600000,11.17,11.22,10.98,11.22,1456,1616908.0,0.0,0,11.1,0
20040322,1079884800000,11.22,11.38,11.200000000000001,11.38,1182,1335401.0,0.0,0,11.22,0
20040323,1079971200000,11.35,11.4,11.18,11.31,1396,1577911.0,0.0,0,11.379999999999999,0
20040324,1080057600000,11.32,11.48,11.26,11.44,2107,2403083.0,0.0,0,11.31,0
20040325,1080144000000,11.420000000000002,11.55,11.370000000000001,11.440000000000001,1731,1985644.0,0.0,0,11.440000000000001,0
20040326,1080230400000,11.5,11.770000000000001,11.38,11.620000000000001,2419,2804487.0000000005,0.0,0,11.440000000000001,0
20040329,1080489600000,11.65,11.86,11.42,11.6,2809,3286147.9999999995,0.0,0,11.62,0
20040330,1080576000000,11.57,12.05,11.540000000000001,12.020000000000001,4572,5412077.0,0.0,0,11.600000000000001,0
20040331,1080662400000,12.200000000000001,12.260000000000002,11.96,12.110000000000001,5708,6922544.0,0.0,0,12.020000000000001,0
20040401,1080748800000,12.08,12.19,11.99,12.06,3088,3725327.0,0.0,0,12.11,0
20040402,1080835200000,12.06,12.200000000000001,12.06,12.18,3522,4274217.0,0.0,0,12.06,0
20040405,1081094400000,12.28,12.69,12.24,12.34,7547,9381937.0,0.0,0,12.18,0
20040406,1081180800000,12.19,12.42,12.01,12.12,7787,9488953.0,0.0,0,12.34,0
20040407,1081267200000,12.12,12.53,12.1,12.2,5878,7229221.000000001,0.0,0,12.12,0
20040408,1081353600000,12.23,12.38,12.07,12.36,5209,6377281.000000001,0.0,0,12.200000000000001,0
20040409,1081440000000,12.33,12.35,11.73,11.77,4505,5406578.0,0.0,0,12.360000000000001,0
20040412,1081699200000,11.6,11.92,11.6,11.79,2492,2924849.0000000005,0.0,0,11.77,0
20040413,1081785600000,11.79,11.87,11.51,11.62,2186,2571153.0,0.0,0,11.79,0
20040414,1081872000000,11.610000000000001,11.65,11.15,11.26,2949,3352608.0,0.0,0,11.620000000000001,0
20040415,1081958400000,11.27,11.44,11.18,11.219999999999999,1562,1767362.0000000002,0.0,0,11.26,0
20040416,1082044800000,11.15,11.379999999999999,10.85,11.299999999999999,1349,1498774.0,0.0,0,11.219999999999999,0
20040419,1082304000000,11.2,11.299999999999999,11.03,11.25,943,1058314.0,0.0,0,11.299999999999999,0
20040420,1082390400000,11.23,11.3,11.05,11.08,935,1044691.0,0.0,0,11.25,0
20040421,1082476800000,11.14,11.250000000000002,10.950000000000001,11.14,1265,1401104.0,0.0,0,11.080000000000002,0
20040422,1082563200000,11.15,11.290000000000001,11.05,11.270000000000001,735,820477.0000000001,0.0,0,11.14,0
20040423,1082649600000,11.18,11.25,11.02,11.02,918,1023216.9999999999,0.0,0,11.27,0
20040426,1082908800000,10.91,11.200000000000001,10.9,10.98,1348,1485002.0,0.0,0,11.02,0
20040427,1082995200000,11.0,11.25,10.99,10.99,1067,1181672.0,0.0,0,10.98,0
20040428,1083081600000,10.93,11.27,10.9,11.18,1069,1185572.0,0.0,0,10.99,0
20040429,1083168000000,11.100000000000001,11.24,10.96,10.96,993,1103112.0,0.0,0,11.180000000000001,0
20040430,1083254400000,11.1,11.1,10.6,10.69,1575,1701687.0,0.0,0,10.959999999999999,0
20040510,1084118400000,10.700000000000001,10.870000000000001,10.22,10.280000000000001,773,810682.0,0.0,0,10.690000000000001,0
20040511,1084204800000,10.29,10.4,10.25,10.37,736,759708.0,0.0,0,10.28,0
20040512,1084291200000,10.4,10.67,10.4,10.67,737,778726.0000000001,0.0,0,10.370000000000001,0
20040513,1084377600000,10.7,10.7,10.5,10.55,888,936365.0000000001,0.0,0,10.67,0
20040514,1084464000000,10.65,10.65,10.35,10.36,556,580829.0000000001,0.0,0,10.549999999999999,0
20040517,1084723200000,10.370000000000001,10.42,10.22,10.3,432,447052.0,0.0,0,10.360000000000001,0
20040518,1084809600000,10.8,10.8,10.4,10.64,946,998536.0000000001,0.0,0,10.3,0
20040519,1084896000000,10.7,10.78,10.61,10.7,851,912574.0,0.0,0,10.639999999999999,0
20040520,1084982400000,10.71,10.790000000000001,10.450000000000001,10.55,629,667456.0,0.0,0,10.700000000000001,0
20040521,1085068800000,10.53,10.7,10.5,10.68,567,599481.9999999999,0.0,0,10.55,0
20040524,1085328000000,10.68,10.68,10.5,10.58,645,680296.0,0.0,0,10.68,0
20040525,1085414400000,10.42,10.58,10.26,10.26,1253,1297427.0000000002,0.0,0,10.58,0
20040526,1085500800000,10.260000000000002,10.4,10.200000000000001,10.23,563,578625.0,0.0,0,10.260000000000002,0
20040527,1085587200000,10.34,10.600000000000001,10.06,10.59,963,1006402.0,0.0,0,10.23,0
20040528,1085673600000,10.58,10.71,10.55,10.58,849,902387.0,0.0,0,10.59,0
20040531,1085932800000,10.65,11.03,10.6,11.0,2637,2870329.0000000005,0.0,0,10.58,0
20040601,1086019200000,11.000000000000002,11.65,10.950000000000001,11.500000000000002,6383,7281840.0,0.0,0,11.000000000000002,0
20040602,1086105600000,11.55,11.8,11.4,11.540000000000001,6561,7637876.0,0.0,0,11.5,0
20040603,1086192000000,11.55,11.600000000000001,11.200000000000001,11.21,2921,3309998.0000000005,0.0,0,11.540000000000001,0
20040604,1086278400000,11.21,11.21,11.21,11.21,0,0.0,0.0,0,11.21,1
20040607,1086537600000,11.35,11.5,11.1,11.16,1643,1849709.0,0.0,0,11.209999999999999,0
20040608,1086624000000,11.11,11.36,11.08,11.25,1639,1840854.0,0.0,0,11.16,0
20040609,1086710400000,11.25,11.25,10.5,10.61,1956,2132368.0,0.0,0,11.25,0
20040610,1086796800000,10.600000000000001,10.600000000000001,10.21,10.260000000000002,1972,2038461.0,0.0,0,10.610000000000001,0
20040611,1086883200000,10.290000000000001,10.750000000000002,10.290000000000001,10.41,1154,1222051.0000000002,0.0,0,10.260000000000002,0
20040614,1087142400000,10.25,10.3,9.88,10.100000000000001,2036,2054341.9999999998,0.0,0,10.41,0
20040615,1087228800000,10.09,10.27,9.93,10.219999999999999,945,953200.0000000001,0.0,0,10.1,0
20040616,1087315200000,10.219999999999999,10.4,9.93,10.31,1050,1079299.0,0.0,0,10.219999999999999,0
20040617,1087401600000,10.209999999999999,10.25,10.02,10.08,704,712143.0,0.0,0,10.309999999999999,0
20040618,1087488000000,10.08,10.36,10.08,10.24,965,988759.0,0.0,0,10.08,0
20040621,1087747200000,10.25,10.73,10.25,10.72,1649,1741659.0000000002,0.0,0,10.24,0
20040622,1087833600000,10.719999999999999,10.95,10.61,10.84,2101,2276193.0,0.0,0,10.719999999999999,0
20040623,1087920000000,10.84,10.84,10.67,10.73,762,817624.0,0.0,0,10.84,0
20040624,1088006400000,10.700000000000001,11.080000000000002,10.700000000000001,10.99,2177,2388594.0,0.0,0,10.73,0
20040625,1088092800000,11.0,11.25,10.25,10.3,2124,2266704.0,0.0,0,10.99,0
20040628,1088352000000,10.110000000000001,10.3,9.8,9.950000000000001,1399,1399390.0,0.0,0,10.3,0
20040629,1088438400000,10.200000000000001,10.200000000000001,9.82,10.17,850,848158.0,0.0,0,9.950000000000001,0
20040630,1088524800000,10.200000000000001,10.21,9.97,9.99,406,408050.00000000006,0.0,0,10.17,0
20040701,1088611200000,9.8,10.280000000000001,9.8,10.24,1040,1056494.0000000002,0.0,0,9.99,0
20040702,1088697600000,10.22,10.25,10.08,10.2,692,702251.0,0.0,0,10.24,0
20040705,1088956800000,10.2,10.2,10.01,10.1,295,298247.0,0.0,0,10.2,0
20040706,1089043200000,10.100000000000001,10.290000000000001,10.05,10.25,941,962664.0000000001,0.0,0,10.100000000000001,0
20040707,1089129600000,10.25,10.29,10.09,10.23,415,424228.00000000006,0.0,0,10.25,0
20040708,1089216000000,10.49,10.500000000000002,10.290000000000001,10.360000000000001,1587,1643621.0000000002,0.0,0,10.23,0
20040709,1089302400000,10.4,10.44,10.18,10.19,618,636002.0,0.0,0,10.36,0
20040712,1089561600000,10.02,10.149999999999999,9.78,9.889999999999999,1042,1028298.0,0.0,0,10.19,0
20040713,1089648000000,9.799999999999999,9.979999999999999,9.78,9.86,634,624309.0,0.0,0,9.889999999999999,0
20040714,1089734400000,9.85,9.87,9.36,9.57,814,783545.0,0.0,0,9.86,0
20040715,1089820800000,9.6,9.889999999999999,9.52,9.73,561,543339.0000000001,0.0,0,9.57,0
20040716,1089907200000,9.88,10.16,9.8,10.14,1372,1371589.0000000002,0.0,0,9.73,0
20040719,1090166400000,10.14,10.14,10.0,10.05,918,923460.0,0.0,0,10.14,0
20040720,1090252800000,10.020000000000001,10.020000000000001,9.88,9.9,646,641084.0,0.0,0,10.05,0
20040721,1090339200000,9.9,10.0,9.89,9.92,376,373469.0,0.0,0,9.9,0
20040722,1090425600000,9.9,9.9,9.59,9.61,532,513860.00000000006,0.0,0,9.82,0
20040723,1090512000000,9.5,9.620000000000001,9.32,9.59,468,444045.99999999994,0.0,0,9.61,0
20040726,1090771200000,9.43,9.49,9.36,9.379999999999999,543,511172.99999999994,0.0,0,9.59,0
20040727,1090857600000,9.42,9.43,9.26,9.26,648,604601.0000000001,0.0,0,9.379999999999999,0
20040728,1090944000000,9.29,9.45,9.26,9.39,470,438324.0,0.0,0,9.26,0
20040729,1091030400000,9.41,9.57,9.41,9.56,485,461440.00000000006,0.0,0,9.39,0
20040730,1091116800000,9.6,9.6,9.35,9.389999999999999,263,249439.0,0.0,0,9.56,0
20040802,1091376000000,9.26,9.39,9.18,9.2,589,544193.0,0.0,0,9.39,0
20040803,1091462400000,9.18,9.34,9.18,9.299999999999999,327,302225.0,0.0,0,9.2,0
20040804,1091548800000,9.34,9.6,9.34,9.54,815,776740.0,0.0,0,9.3,0
20040805,1091635200000,9.58,9.629999999999999,9.35,9.35,654,620079.0,0.0,0,9.54,0
20040806,1091721600000,9.4,9.4,9.3,9.360000000000001,431,402713.00000000006,0.0,0,9.350000000000001,0
20040809,1091980800000,9.21,9.3,9.200000000000001,9.270000000000001,534,494157.0,0.0,0,9.360000000000001,0
20040810,1092067200000,9.299999999999999,9.43,9.27,9.37,169,157894.0,0.0,0,9.27,0
20040811,1092153600000,9.38,9.38,9.21,9.22,372,344380.0,0.0,0,9.370000000000001,0
20040812,1092240000000,9.200000000000001,9.200000000000001,9.05,9.15,660,600567.0,0.0,0,9.22,0
20040813,1092326400000,9.16,9.200000000000001,9.07,9.120000000000001,319,291353.0,0.0,0,9.15,0
20040816,1092585600000,9.049999999999999,9.06,8.76,8.799999999999999,472,418044.0,0.0,0,9.12,0
20040817,1092672000000,8.71,8.99,8.700000000000001,8.71,516,455207.0,0.0,0,8.8,0
20040818,1092758400000,8.700000000000001,8.950000000000001,8.700000000000001,8.81,508,450590.0,0.0,0,8.71,0
20040819,1092844800000,8.82,8.82,8.55,8.64,814,703885.0000000001,0.0,0,8.81,0
20040820,1092931200000,8.65,8.790000000000001,8.55,8.700000000000001,472,406522.0,0.0,0,8.64,0
20040823,1093190400000,8.75,8.75,8.45,8.51,483,412527.00000000006,0.0,0,8.7,0
20040824,1093276800000,8.5,8.739999999999998,8.45,8.66,708,610104.0,0.0,0,8.51,0
20040825,1093363200000,8.680000000000001,8.75,8.55,8.72,321,278533.0,0.0,0,8.66,0
20040826,1093449600000,8.72,8.75,8.65,8.67,360,312672.0,0.0,0,8.72,0
20040827,1093536000000,8.65,8.7,8.51,8.56,271,233372.0,0.0,0,8.67,0
20040830,1093795200000,8.55,8.700000000000001,8.55,8.63,262,226188.0,0.0,0,8.56,0
20040831,1093881600000,8.75,8.93,8.73,8.8,680,602798.0,0.0,0,8.63,0
20040901,1093968000000,8.75,8.8,8.65,8.65,228,198675.0,0.0,0,8.8,0
20040902,1094054400000,8.63,8.790000000000001,8.620000000000001,8.780000000000001,366,319573.0,0.0,0,8.65,0
20040903,1094140800000,8.780000000000001,8.84,8.72,8.790000000000001,294,257622.0,0.0,0,8.780000000000001,0
20040906,1094400000000,8.790000000000001,8.790000000000001,8.63,8.71,177,153842.0,0.0,0,8.790000000000001,0
20040907,1094486400000,8.7,8.75,8.66,8.7,182,158255.0,0.0,0,8.71,0
20040908,1094572800000,8.71,8.790000000000001,8.55,8.600000000000001,619,533340.0,0.0,0,8.700000000000001,0
20040909,1094659200000,8.4,8.59,8.33,8.35,674,566364.0000000001,0.0,0,8.6,0
20040910,1094745600000,8.3,8.790000000000001,8.3,8.450000000000001,598,507513.0,0.0,0,8.350000000000001,0
20040913,1095004800000,8.5,8.5,8.11,8.18,501,412393.99999999994,0.0,0,8.45,0
20040914,1095091200000,8.47,8.5,8.26,8.45,674,567974.0,0.0,0,8.18,0
20040915,1095177600000,8.4,9.18,8.4,8.870000000000001,2045,1808222.0,0.0,0,8.450000000000001,0
20040916,1095264000000,8.870000000000001,9.080000000000002,8.870000000000001,9.06,1385,1237869.0,0.0,0,8.870000000000001,0
20040917,1095350400000,9.09,9.35,8.93,9.27,2532,2316027.0,0.0,0,9.06,0
20040920,1095609600000,9.38,9.58,9.33,9.58,2729,2584622.0,0.0,0,9.27,0
20040921,1095696000000,9.6,9.88,9.41,9.67,3240,3124110.9999999995,0.0,0,9.58,0
20040922,1095782400000,9.46,9.68,9.31,9.360000000000001,1750,1658103.0,0.0,0,9.67,0
20040923,1095868800000,9.36,9.66,9.28,9.639999999999999,1236,1166900.0,0.0,0,9.36,0
20040924,1095955200000,9.74,10.129999999999999,9.61,9.719999999999999,6276,6188020.999999999,0.0,0,9.639999999999999,0
20040927,1096214400000,9.68,9.85,9.51,9.81,2895,2814305.0,0.0,0,9.72,0
20040928,1096300800000,9.81,9.81,9.81,9.81,0,0.0,0.0,0,9.81,1
20040929,1096387200000,10.18,10.47,9.98,10.0,14303,14666530.0,0.0,0,9.81,0
20040930,1096473600000,9.88,10.09,9.8,9.81,3339,3307129.0000000005,0.0,0,10.0,0
20041008,1097164800000,9.83,10.05,9.65,10.040000000000001,1601,1574494.0000000002,0.0,0,9.81,0
20041011,1097424000000,10.020000000000001,10.88,9.950000000000001,10.590000000000002,7535,7916689.000000001,0.0,0,10.040000000000001,0
20041012,1097510400000,10.5,10.68,10.4,10.43,2992,3138908.0,0.0,0,10.59,0
20041013,1097596800000,10.35,10.48,10.23,10.35,1427,1477712.9999999998,0.0,0,10.43,0
20041014,1097683200000,10.38,10.38,9.5,9.53,3253,3202857.0,0.0,0,10.35,0
20041015,1097769600000,9.5,9.530000000000001,9.22,9.38,1903,1788272.0000000002,0.0,0,9.530000000000001,0
20041018,1098028800000,9.36,9.57,9.36,9.52,1383,1308047.0,0.0,0,9.379999999999999,0
20041019,1098115200000,9.66,10.3,9.56,10.100000000000001,6115,6148568.0,0.0,0,9.520000000000001,0
20041020,1098201600000,9.9,10.88,9.9,10.360000000000001,14227,14930616.000000002,0.0,0,10.1,0
20041021,1098288000000,10.16,10.56,10.1,10.12,4695,4815946.0,0.0,0,10.36,0
20041022,1098374400000,10.1,10.35,9.6,10.33,4146,4102702.0000000005,0.0,0,10.12,0
20041025,1098633600000,10.43,10.48,10.0,10.06,2201,2241818.0000000005,0.0,0,10.33,0
20041026,1098720000000,9.84,10.16,9.84,10.14,1461,1463417.0,0.0,0,10.06,0
20041027,1098806400000,10.18,10.25,9.5,10.15,1614,1617872.0,0.0,0,10.14,0
20041028,1098892800000,10.1,10.1,9.85,9.879999999999999,1407,1403432.0,0.0,0,10.15,0
20041029,1098979200000,9.78,9.95,9.5,9.82,1968,1918951.0,0.0,0,9.88,0
20041101,1099238400000,9.799999999999999,9.81,9.6,9.61,1564,1514163.0,0.0,0,9.82,0
20041102,1099324800000,9.6,9.65,9.5,9.5,1083,1033904.0,0.0,0,9.61,0
20041103,1099411200000,9.66,9.8,9.5,9.8,1438,1387924.0,0.0,0,9.5,0
20041104,1099497600000,9.959999999999999,9.959999999999999,9.52,9.549999999999999,1190,1157976.0,0.0,0,9.799999999999999,0
20041105,1099584000000,9.700000000000001,9.700000000000001,9.450000000000001,9.530000000000001,643,614468.0,0.0,0,9.55,0
20041108,1099843200000,9.59,9.6,9.5,9.57,637,607744.0,0.0,0,9.53,0
20041109,1099929600000,9.54,9.67,9.52,9.53,446,426791.99999999994,0.0,0,9.57,0
20041110,1100016000000,9.6,9.959999999999999,9.53,9.91,1405,1381382.0000000002,0.0,0,9.53,0
20041111,1100102400000,9.98,10.200000000000001,9.9,9.9,3336,3362640.0,0.0,0,9.91,0
20041112,1100188800000,9.89,10.02,9.84,9.9,1290,1279403.0,0.0,0,9.9,0
20041115,1100448000000,9.9,10.09,9.9,10.0,1015,1015166.0,0.0,0,9.9,0
20041116,1100534400000,10.010000000000002,10.05,9.8,9.850000000000001,1040,1031164.0,0.0,0,10.0,0
20041117,1100620800000,9.860000000000001,9.860000000000001,9.65,9.72,1112,1085295.0,0.0,0,9.85,0
20041118,1100707200000,9.750000000000002,9.870000000000001,9.700000000000001,9.74,1103,1074583.0,0.0,0,9.72,0
20041119,1100793600000,9.81,9.99,9.75,9.98,1642,1615182.0000000002,0.0,0,9.74,0
20041122,1101052800000,9.98,9.98,9.98,9.98,0,0.0,0.0,0,9.98,1
20041123,1101139200000,10.020000000000001,10.170000000000002,9.96,10.08,2491,2500398.0,0.0,0,9.98,0
20041124,1101225600000,10.08,10.18,10.02,10.12,2940,2978187.0,0.0,0,10.08,0
20041125,1101312000000,10.120000000000001,10.120000000000001,9.88,9.92,1494,1492726.9999999998,0.0,0,10.120000000000001,0
20041126,1101398400000,9.9,10.0,9.9,9.96,575,572230.0,0.0,0,9.92,0
20041129,1101657600000,9.81,9.9,9.57,9.57,946,919172.0000000001,0.0,0,9.96,0
20041130,1101744000000,9.77,9.77,9.58,9.63,706,681594.0000000001,0.0,0,9.57,0
20041201,1101830400000,9.629999999999999,9.719999999999999,9.6,9.62,716,689289.0,0.0,0,9.629999999999999,0
20041202,1101916800000,9.56,9.61,9.42,9.53,1451,1378834.0,0.0,0,9.62,0
20041203,1102003200000,9.55,9.68,9.5,9.6,903,868339.0,0.0,0,9.53,0
20041206,1102262400000,9.6,9.61,9.51,9.58,571,545710.0,0.0,0,9.6,0
20041207,1102348800000,9.51,9.59,9.51,9.52,454,433723.0,0.0,0,9.58,0
20041208,1102435200000,9.55,9.750000000000002,9.540000000000001,9.540000000000001,463,444067.0,0.0,0,9.520000000000001,0
20041209,1102521600000,9.53,9.74,9.53,9.58,574,553221.0000000001,0.0,0,9.54,0
20041210,1102608000000,9.56,9.700000000000001,9.200000000000001,9.21,1149,1077409.0,0.0,0,9.580000000000002,0
20041213,1102867200000,9.22,9.370000000000001,9.22,9.26,736,681663.0,0.0,0,9.21,0
20041214,1102953600000,9.450000000000001,9.790000000000001,9.31,9.440000000000001,482,454025.00000000006,0.0,0,9.26,0
20041215,1103040000000,9.6,9.6,9.32,9.4,353,331862.00000000006,0.0,0,9.44,0
20041216,1103126400000,9.31,9.43,9.24,9.25,306,285869.0,0.0,0,9.4,0
20041217,1103212800000,9.209999999999999,9.34,9.09,9.17,880,806908.0000000001,0.0,0,9.25,0
20041220,1103472000000,9.06,9.14,9.0,9.0,536,484434.0,0.0,0,9.17,0
20041221,1103558400000,8.950000000000001,9.06,8.950000000000001,9.020000000000001,468,421226.99999999994,0.0,0,9.000000000000002,0
20041222,1103644800000,9.1,9.21,9.0,9.21,549,503431.0,0.0,0,9.02,0
20041223,1103731200000,9.21,9.21,9.21,9.21,0,0.0,0.0,0,9.21,1
20041224,1103817600000,8.97,9.15,8.96,9.14,491,444293.00000000006,0.0,0,9.21,0
20041227,1104076800000,9.14,9.14,8.950000000000001,8.98,256,231182.00000000003,0.0,0,9.14,0
20041228,1104163200000,8.950000000000001,8.950000000000001,8.8,8.930000000000001,351,311714.0,0.0,0,8.98,0
20041229,1104249600000,8.9,8.99,8.81,8.82,364,322953.00000000006,0.0,0,8.93,0
20041230,1104336000000,8.799999999999999,8.95,8.61,8.79,328,288377.00000000006,0.0,0,8.82,0
20041231,1104422400000,8.870000000000001,8.870000000000001,8.73,8.73,332,291601.00000000006,0.0,0,8.790000000000001,0
20050104,1104768000000,8.61,8.79,8.6,8.65,183,158176.00000000003,0.0,0,8.73,0
20050105,1104854400000,8.6,8.85,8.6,8.84,382,335648.00000000006,0.0,0,8.65,0
20050106,1104940800000,8.700000000000001,8.910000000000002,8.700000000000001,8.830000000000002,215,188683.0,0.0,0,8.840000000000002,0
20050107,1105027200000,8.850000000000001,9.0,8.71,8.870000000000001,392,346686.0,0.0,0,8.83,0
20050110,1105286400000,8.94,9.05,8.82,9.01,254,228214.0,0.0,0,8.870000000000001,0
20050111,1105372800000,9.0,9.010000000000002,8.88,9.010000000000002,325,292271.0,0.0,0,9.010000000000002,0
20050112,1105459200000,9.010000000000002,9.05,8.88,8.99,138,123991.00000000001,0.0,0,9.010000000000002,0
20050113,1105545600000,9.05,9.05,8.92,8.93,445,399748.0,0.0,0,8.99,0
20050114,1105632000000,9.06,9.06,8.92,8.95,203,181549.00000000003,0.0,0,8.93,0
20050117,1105891200000,8.930000000000001,8.930000000000001,8.700000000000001,8.700000000000001,480,422254.0,0.0,0,8.950000000000001,0
20050118,1105977600000,8.700000000000001,8.850000000000001,8.63,8.82,437,381149.0,0.0,0,8.700000000000001,0
20050119,1106064000000,8.8,8.9,8.72,8.780000000000001,289,253932.00000000003,0.0,0,8.82,0
20050120,1106150400000,8.78,8.78,8.53,8.53,997,859163.0,0.0,0,8.78,0
20050121,1106236800000,8.5,8.75,8.36,8.66,1786,1523103.0,0.0,0,8.53,0
20050124,1106496000000,8.81,8.920000000000002,8.700000000000001,8.790000000000001,796,700949.0,0.0,0,8.660000000000002,0
20050125,1106582400000,8.7,8.7,8.59,8.62,597,515988.0,0.0,0,8.79,0
20050126,1106668800000,8.6,8.7,8.35,8.49,612,522889.0,0.0,0,8.62,0
20050127,1106755200000,8.43,8.58,8.43,8.49,495,420755.0,0.0,0,8.49,0
20050128,1106841600000,8.6,8.6,8.25,8.32,408,343873.0,0.0,0,8.49,0
20050131,1107100800000,8.18,8.4,8.0,8.09,870,704321.0000000001,0.0,0,8.32,0
20050201,1107187200000,8.12,8.24,7.92,7.93,623,502212.0,0.0,0,8.09,0
20050202,1107273600000,8.0,8.36,7.95,8.32,1781,1464858.0,0.0,0,7.930000000000001,0
20050203,1107360000000,8.360000000000001,8.41,8.21,8.21,633,525873.0,0.0,0,8.32,0
20050204,1107446400000,8.47,8.55,8.290000000000001,8.4,678,568914.0000000001,0.0,0,8.21,0
20050216,1108483200000,8.67,8.67,8.42,8.5,410,349311.0,0.0,0,8.4,0
20050217,1108569600000,8.4,8.540000000000001,8.4,8.41,312,263045.0,0.0,0,8.5,0
20050218,1108656000000,8.42,8.5,8.38,8.38,309,260139.0,0.0,0,8.41,0
20050221,1108915200000,8.35,8.549999999999999,8.35,8.549999999999999,602,510736.00000000006,0.0,0,8.379999999999999,0
20050222,1109001600000,8.549999999999999,8.78,8.45,8.709999999999999,884,765562.9999999999,0.0,0,8.549999999999999,0
20050223,1109088000000,8.71,8.88,8.66,8.84,1239,1086635.0000000002,0.0,0,8.71,0
20050224,1109174400000,8.77,8.9,8.77,8.879999999999999,991,874851.0,0.0,0,8.84,0
20050225,1109260800000,8.88,8.950000000000001,8.8,8.850000000000001,1164,1034354.0,0.0,0,8.88,0
20050228,1109520000000,8.78,8.98,8.75,8.97,1169,1036153.0,0.0,0,8.85,0
20050301,1109606400000,8.97,8.99,8.67,8.77,1454,1270611.0,0.0,0,8.97,0
20050302,1109692800000,8.770000000000001,8.8,8.55,8.59,1081,940967.0,0.0,0,8.770000000000001,0
20050303,1109779200000,8.510000000000002,8.58,8.3,8.520000000000001,1532,1291905.0,0.0,0,8.59,0
20050304,1109865600000,8.600000000000001,8.72,8.540000000000001,8.670000000000002,1027,884574.0,0.0,0,8.520000000000001,0
20050307,1110124800000,8.68,8.879999999999999,8.68,8.78,1483,1303498.0,0.0,0,8.67,0
20050308,1110211200000,8.7,8.959999999999999,8.69,8.95,2034,1804661.0,0.0,0,8.78,0
20050309,1110297600000,8.700000000000001,8.88,8.65,8.83,3123,2735628.0,0.0,0,8.950000000000001,0
20050310,1110384000000,8.850000000000001,8.9,8.55,8.59,1329,1156759.0,0.0,0,8.83,0
20050311,1110470400000,8.6,8.799999999999999,8.45,8.59,1278,1094249.0000000002,0.0,0,8.59,0
20050314,1110729600000,8.59,8.59,8.19,8.32,1183,987049.0,0.0,0,8.59,0
20050315,1110816000000,8.47,8.8,8.31,8.41,1301,1101096.0,0.0,0,8.32,0
20050316,1110902400000,8.41,8.450000000000001,8.23,8.280000000000001,680,565121.9999999999,0.0,0,8.41,0
20050317,1110988800000,8.379999999999999,8.49,8.1,8.1,1944,1605742.0,0.0,0,8.28,0
20050318,1111075200000,8.13,8.22,7.9,7.91,1043,839235.0,0.0,0,8.1,0
20050321,1111334400000,7.930000000000001,8.100000000000001,7.930000000000001,8.0,713,568587.0,0.0,0,7.910000000000001,0
20050322,1111420800000,8.0,8.0,7.6000000000000005,7.630000000000001,845,651062.9999999999,0.0,0,8.0,0
20050323,1111507200000,7.6000000000000005,7.7,7.5200000000000005,7.6000000000000005,1213,921329.0,0.0,0,7.630000000000001,0
20050324,1111593600000,7.62,7.67,7.5,7.65,916,692821.0,0.0,0,7.6,0
20050325,1111680000000,7.65,7.67,7.57,7.6000000000000005,480,365243.0,0.0,0,7.65,0
20050328,1111939200000,7.63,8.15,7.63,8.129999999999999,3893,3063709.0,0.0,0,7.6,0
20050329,1112025600000,8.13,8.13,7.890000000000001,7.94,2328,1860881.0,0.0,0,8.13,0
20050330,1112112000000,7.8500000000000005,7.8500000000000005,7.19,7.300000000000001,2083,1550671.0000000002,0.0,0,7.94,0
20050331,1112198400000,7.2700000000000005,7.3100000000000005,7.15,7.260000000000001,1133,819796.0,0.0,0,7.300000000000001,0
20050401,1112284800000,7.16,7.54,7.16,7.45,1594,1168485.0,0.0,0,7.26,0
20050404,1112544000000,7.430000000000001,7.430000000000001,7.2,7.28,1046,761216.0,0.0,0,7.45,0
20050405,1112630400000,7.3,7.37,7.18,7.319999999999999,925,674475.0,0.0,0,7.279999999999999,0
20050406,1112716800000,7.45,7.45,7.12,7.32,1183,857122.0,0.0,0,7.32,0
20050407,1112803200000,7.4,7.53,7.3500000000000005,7.460000000000001,1642,1224996.0000000002,0.0,0,7.32,0
20050408,1112889600000,7.430000000000001,7.590000000000001,7.4,7.550000000000001,1341,1005818.0,0.0,0,7.46,0
20050411,1113148800000,7.58,7.72,7.5,7.56,1197,908012.0,0.0,0,7.55,0
20050412,1113235200000,7.56,7.6,7.38,7.39,776,580483.9999999999,0.0,0,7.56,0
20050413,1113321600000,7.59,7.59,7.41,7.5200000000000005,1849,1381071.0,0.0,0,7.390000000000001,0
20050414,1113408000000,7.53,7.53,7.32,7.33,1161,862609.0,0.0,0,7.5200000000000005,0
20050415,1113494400000,7.33,7.34,7.16,7.16,1033,745793.0,0.0,0,7.33,0
20050418,1113753600000,7.12,7.300000000000001,6.8100000000000005,6.8500000000000005,1388,964864.0000000001,0.0,0,7.16,0
20050419,1113840000000,6.8500000000000005,6.9,6.78,6.84,903,617306.0,0.0,0,6.8500000000000005,0
20050420,1113926400000,6.84,6.85,6.54,6.54,1303,870314.0,0.0,0,6.84,0
20050421,1114012800000,6.53,6.54,6.33,6.38,1672,1072831.9999999998,0.0,0,6.54,0
20050422,1114099200000,6.32,6.45,6.28,6.3,1280,810389.0000000001,0.0,0,6.38,0
20050425,1114358400000,6.27,6.37,6.21,6.37,970,607265.0000000001,0.0,0,6.3,0
20050426,1114444800000,6.31,6.44,6.29,6.42,923,588475.0,0.0,0,6.37,0
20050427,1114531200000,6.460000000000001,6.48,5.94,5.99,1311,808204.9999999999,0.0,0,6.42,0
20050428,1114617600000,5.97,6.14,5.63,6.12,2934,1732669.0,0.0,0,5.99,0
20050429,1114704000000,6.07,6.07,5.86,5.87,1405,835899.0,0.0,0,6.12,0
20050509,1115568000000,5.800000000000001,6.050000000000001,5.6000000000000005,5.640000000000001,837,484231.00000000006,0.0,0,5.870000000000001,0
20050510,1115654400000,5.65,5.8500000000000005,5.62,5.8,1454,829229.0000000001,0.0,0,5.64,0
20050511,1115740800000,5.8100000000000005,5.91,5.7700000000000005,5.79,741,431588.00000000006,0.0,0,5.800000000000001,0
20050512,1115827200000,5.8,5.9,5.66,5.890000000000001,986,572380.0,0.0,0,5.79,0
20050513,1115913600000,5.8999999999999995,6.06,5.88,6.06,1957,1169110.0,0.0,0,5.89,0
20050516,1116172800000,6.0600000000000005,6.08,5.9,6.0,898,537380.0,0.0,0,6.0600000000000005,0
20050517,1116259200000,5.99,6.12,5.99,6.0200000000000005,699,422154.0,0.0,0,6.0,0
20050518,1116345600000,6.02,6.029999999999999,5.93,6.029999999999999,571,341580.0,0.0,0,6.02,0
20050519,1116432000000,6.03,6.09,5.95,6.07,518,310872.99999999994,0.0,0,6.03,0
20050520,1116518400000,6.0600000000000005,6.09,5.99,6.0,633,381556.00000000006,0.0,0,6.07,0
20050523,1116777600000,6.0,6.0,5.66,5.73,1216,697474.0,0.0,0,6.0,0
20050524,1116864000000,5.87,5.87,5.66,5.87,618,356853.0,0.0,0,5.73,0
20050525,1116950400000,5.87,5.87,5.87,5.87,0,0.0,0.0,0,5.87,1
20050526,1117036800000,5.8999999999999995,6.09,5.84,6.09,1895,1136744.0,0.0,0,5.87,0
20050527,1117123200000,6.2,6.25,6.09,6.1,3911,2403630.0,0.0,0,6.09,0
20050530,1117382400000,6.12,6.16,6.0,6.09,1175,713534.0,0.0,0,6.1,0
20050531,1117468800000,6.1000000000000005,6.16,6.1000000000000005,6.16,877,537080.0,0.0,0,6.090000000000001,0
20050601,1117555200000,6.220000000000001,6.220000000000001,5.86,5.9,909,543876.0,0.0,0,6.16,0
20050602,1117641600000,5.79,6.49,5.79,6.49,6063,3781306.0,0.0,0,5.9,0
20050603,1117728000000,6.49,6.99,6.45,6.74,18715,12402105.000000002,0.0,0,6.49,0
20050606,1117987200000,6.53,6.53,6.2,6.41,5387,3420454.0000000005,0.0,0,6.74,0
20050607,1118073600000,6.3999999999999995,6.68,6.3,6.52,4958,3219639.0,0.0,0,6.41,0
20050608,1118160000000,6.5,7.0,6.4,6.95,8851,5987041.000000001,0.0,0,6.5200000000000005,0
20050609,1118246400000,6.95,6.99,6.7,6.82,6952,4747657.0,0.0,0,6.95,0
20050610,1118332800000,6.8100000000000005,6.840000000000001,6.5200000000000005,6.630000000000001,4286,2873386.0,0.0,0,6.82,0
20050613,1118592000000,6.66,6.930000000000001,6.5600000000000005,6.87,4523,3078177.0000000005,0.0,0,6.630000000000001,0
20050614,1118678400000,6.87,6.92,6.61,6.62,2342,1581852.0,0.0,0,6.87,0
20050615,1118764800000,6.6,6.6,6.3,6.33,2053,1319282.0,0.0,0,6.62,0
20050616,1118851200000,6.260000000000001,6.420000000000001,6.19,6.380000000000001,1719,1080808.0,0.0,0,6.33,0
20050617,1118937600000,6.4399999999999995,6.5,6.34,6.47,1097,706045.0,0.0,0,6.38,0
20050620,1119196800000,6.47,6.64,6.25,6.62,3559,2315309.0,0.0,0,6.47,0
20050621,1119283200000,6.6000000000000005,6.6000000000000005,6.45,6.46,2035,1326553.0000000002,0.0,0,6.62,0
20050622,1119369600000,6.47,6.75,6.46,6.74,2884,1917134.0,0.0,0,6.46,0
20050623,1119456000000,6.74,6.8,6.58,6.59,2043,1368715.0,0.0,0,6.74,0
20050624,1119542400000,6.58,6.66,6.5,6.65,945,622196.0000000001,0.0,0,6.59,0
20050627,1119801600000,6.61,6.95,6.61,6.83,4545,3102964.0000000005,0.0,0,6.65,0
20050628,1119888000000,6.750000000000001,6.750000000000001,6.6000000000000005,6.670000000000001,1776,1180321.0,0.0,0,6.830000000000001,0
20050629,1119974400000,6.6000000000000005,6.74,6.6000000000000005,6.640000000000001,880,587693.0,0.0,0,6.670000000000001,0
20050630,1120060800000,6.6000000000000005,6.65,6.3100000000000005,6.32,2106,1358212.0,0.0,0,6.640000000000001,0
20050701,1120147200000,6.3,6.31,5.8,5.9799999999999995,2455,1503384.0000000002,0.0,0,6.32,0
20050704,1120406400000,5.85,5.9399999999999995,5.8,5.92,1323,775126.0,0.0,0,5.9799999999999995,0
20050705,1120492800000,5.92,6.15,5.9,5.970000000000001,1106,663536.0,0.0,0,5.92,0
20050706,1120579200000,6.0,6.13,5.95,5.98,568,341568.0,0.0,0,5.97,0
20050707,1120665600000,6.0,6.0600000000000005,5.87,6.0,634,379511.99999999994,0.0,0,5.98,0
20050708,1120752000000,5.95,5.95,5.66,5.71,935,540669.0,0.0,0,6.0,0
20050711,1121011200000,5.78,5.89,5.67,5.67,903,520448.99999999994,0.0,0,5.66,0
20050712,1121097600000,5.62,5.890000000000001,5.6000000000000005,5.86,1532,878705.0,0.0,0,5.670000000000001,0
20050713,1121184000000,5.8500000000000005,5.8500000000000005,5.7,5.76,614,354877.00000000006,0.0,0,5.86,0
20050714,1121270400000,5.76,5.779999999999999,5.68,5.7299999999999995,853,488240.99999999994,0.0,0,5.76,0
20050715,1121356800000,5.73,5.800000000000001,5.4,5.41,1607,890272.0,0.0,0,5.73,0
20050718,1121616000000,5.3999999999999995,5.3999999999999995,5.18,5.199999999999999,1400,734473.0,0.0,0,5.41,0
20050719,1121702400000,5.1499999999999995,5.28,5.13,5.24,634,330301.0,0.0,0,5.2,0
20050720,1121788800000,5.25,5.4,5.25,5.39,989,528218.0,0.0,0,5.24,0
20050721,1121875200000,5.33,5.33,5.21,5.2299999999999995,561,294876.0,0.0,0,5.39,0
20050722,1121961600000,5.3,5.5,5.3,5.38,1505,813035.0000000001,0.0,0,5.2299999999999995,0
20050725,1122220800000,5.380000000000001,5.420000000000001,5.3100000000000005,5.380000000000001,461,247531.00000000003,0.0,0,5.380000000000001,0
20050726,1122307200000,5.39,5.55,5.39,5.5,1383,761468.0,0.0,0,5.38,0
20050727,1122393600000,5.5,5.62,5.5,5.61,1283,711940.0,0.0,0,5.5,0
20050728,1122480000000,5.64,5.79,5.64,5.699999999999999,2027,1160719.0,0.0,0,5.609999999999999,0
20050729,1122566400000,5.51,5.7,5.51,5.6899999999999995,946,535573.0000000001,0.0,0,5.7,0
20050801,1122825600000,5.7,5.8500000000000005,5.7,5.78,1135,657704.0,0.0,0,5.69,0
20050802,1122912000000,5.84,5.84,5.72,5.8,691,399722.0,0.0,0,5.779999999999999,0
20050803,1122998400000,5.82,6.0,5.78,5.87,2654,1557207.0,0.0,0,5.8,0
20050804,1123084800000,5.83,5.87,5.71,5.76,1565,905065.0,0.0,0,5.87,0
20050805,1123171200000,5.78,5.99,5.78,5.96,2845,1676330.0,0.0,0,5.760000000000001,0
20050808,1123430400000,5.97,6.14,5.97,6.1,3610,2201869.0,0.0,0,5.96,0
20050809,1123516800000,6.18,6.18,6.05,6.13,1779,1085583.0,0.0,0,6.1,0
20050810,1123603200000,6.23,6.4,6.1000000000000005,6.2700000000000005,2990,1872120.0000000002,0.0,0,6.130000000000001,0
20050811,1123689600000,6.2700000000000005,6.3100000000000005,6.15,6.25,2045,1276876.0,0.0,0,6.2700000000000005,0
20050812,1123776000000,6.26,6.41,6.09,6.14,3066,1917084.0,0.0,0,6.25,0
20050815,1124035200000,6.2,6.36,6.1000000000000005,6.36,2999,1872176.0000000002,0.0,0,6.140000000000001,0
20050816,1124121600000,6.359999999999999,6.5,6.3,6.4799999999999995,4049,2591350.0,0.0,0,6.359999999999999,0
20050817,1124208000000,7.0,7.0,6.51,6.7299999999999995,7013,4737112.999999999,0.0,0,6.4799999999999995,0
20050818,1124294400000,6.73,6.880000000000001,6.36,6.4,6063,4039397.0,0.0,0,6.73,0
20050819,1124380800000,6.36,6.4,6.07,6.21,5142,3168718.0,0.0,0,6.4,0
20050822,1124640000000,6.08,6.29,6.08,6.24,1846,1141043.0,0.0,0,6.21,0
20050823,1124726400000,6.19,6.2,6.0,6.09,2239,1362653.0000000002,0.0,0,6.24,0
20050824,1124812800000,6.03,6.16,6.0200000000000005,6.130000000000001,1612,984861.0,0.0,0,6.090000000000001,0
20050825,1124899200000,6.1000000000000005,6.180000000000001,6.07,6.180000000000001,1594,976428.0,0.0,0,6.13,0
20050826,1124985600000,6.15,6.28,6.15,6.260000000000001,2543,1584334.9999999998,0.0,0,6.180000000000001,0
20050829,1125244800000,6.23,6.34,6.08,6.33,2664,1655428.0,0.0,0,6.26,0
20050830,1125331200000,6.28,6.42,6.24,6.41,2740,1736545.0000000002,0.0,0,6.33,0
20050831,1125417600000,6.38,6.8,6.33,6.7700000000000005,8581,5697959.0,0.0,0,6.41,0
20050901,1125504000000,6.7700000000000005,6.8500000000000005,6.66,6.82,7723,5216124.0,0.0,0,6.7700000000000005,0
20050902,1125590400000,6.880000000000001,6.98,6.65,6.67,4262,2879132.0,0.0,0,6.82,0
20050905,1125849600000,6.67,6.75,6.63,6.7,2611,1745643.0,0.0,0,6.67,0
20050906,1125936000000,6.68,6.77,6.43,6.4399999999999995,3959,2624853.0000000005,0.0,0,6.699999999999999,0
20050907,1126022400000,6.3100000000000005,6.640000000000001,6.3100000000000005,6.640000000000001,2651,1723670.0000000002,0.0,0,6.44,0
20050908,1126108800000,6.65,7.15,6.61,7.0600000000000005,14619,10111726.0,0.0,0,6.640000000000001,0
20050909,1126195200000,7.01,7.01,6.8,6.819999999999999,5715,3950488.0,0.0,0,7.06,0
20050912,1126454400000,7.5,7.5,7.5,7.5,5727,4295318.000000001,0.0,0,6.82,0
20050913,1126540800000,8.25,8.25,8.25,8.25,6457,5327388.000000001,0.0,0,7.5,0
20050914,1126627200000,9.08,9.08,9.08,9.08,7185,6524788.000000001,0.0,0,8.25,0
20050915,1126713600000,9.99,9.99,8.86,9.0,60964,56423899.0,0.0,0,9.08,0
20050916,1126800000000,8.700000000000001,8.99,8.57,8.73,24844,21773598.0,0.0,0,9.0,0
20050919,1127059200000,8.7,8.77,8.51,8.68,16210,13998556.999999998,0.0,0,8.73,0
20050920,1127145600000,8.63,9.0,8.56,8.950000000000001,21758,19119015.0,0.0,0,8.68,0
20050921,1127232000000,8.83,8.83,8.32,8.47,15523,13213671.0,0.0,0,8.950000000000001,0
20050922,1127318400000,8.4,8.4,8.0,8.02,12567,10261683.0,0.0,0,8.47,0
20050923,1127404800000,8.0,8.25,7.8,7.84,8554,6882643.0,0.0,0,8.02,0
20050926,1127664000000,7.84,8.09,7.8,8.06,6347,5061929.0,0.0,0,7.84,0
20050927,1127750400000,8.07,8.08,7.7,7.74,5504,4313232.0,0.0,0,8.06,0
20050928,1127836800000,7.680000000000001,7.840000000000001,7.5600000000000005,7.760000000000001,4612,3561357.0,0.0,0,7.74,0
20050929,1127923200000,7.8,8.05,7.78,7.970000000000001,6812,5405198.000000001,0.0,0,7.760000000000001,0
20050930,1128009600000,8.020000000000001,8.030000000000001,7.640000000000001,7.73,4831,3754909.0,0.0,0,7.970000000000001,0
20051010,1128873600000,7.739999999999999,7.75,7.43,7.4399999999999995,3167,2400990.0,0.0,0,7.7299999999999995,0
20051011,1128960000000,7.45,7.78,7.45,7.720000000000001,3705,2835342.0000000005,0.0,0,7.44,0
20051012,1129046400000,7.7,8.35,7.61,8.11,16330,13258562.0,0.0,0,7.720000000000001,0
20051013,1129132800000,8.2,8.48,8.1,8.139999999999999,13866,11440283.999999998,0.0,0,8.11,0
20051014,1129219200000,8.03,8.08,7.83,7.91,6169,4881616.000000001,0.0,0,8.14,0
20051017,1129478400000,7.9,7.970000000000001,7.7700000000000005,7.970000000000001,2914,2295391.0,0.0,0,7.91,0
20051018,1129564800000,7.95,8.07,7.92,8.0,4470,3567606.0000000005,0.0,0,7.97,0
20051019,1129651200000,8.0,8.22,7.99,8.06,6869,5555434.0,0.0,0,8.0,0
20051020,1129737600000,8.05,8.05,7.62,7.7,5378,4173146.0,0.0,0,8.06,0
20051021,1129824000000,7.680000000000001,7.83,7.5200000000000005,7.7,4252,3271656.0000000005,0.0,0,7.7,0
20051024,1130083200000,7.7,7.78,7.65,7.66,2896,2231000.0,0.0,0,7.7,0
20051025,1130169600000,7.6,7.609999999999999,7.3,7.31,6175,4605934.0,0.0,0,7.66,0
20051026,1130256000000,7.260000000000001,7.330000000000001,7.1000000000000005,7.12,3834,2762087.0000000005,0.0,0,7.3100000000000005,0
20051027,1130342400000,7.15,7.25,7.08,7.18,2672,1912234.0,0.0,0,7.12,0
20051028,1130428800000,7.2,7.36,6.78,6.8500000000000005,4795,3379190.0,0.0,0,7.180000000000001,0
20051031,1130688000000,6.8,7.0,6.8,6.9799999999999995,3378,2344853.0,0.0,0,6.85,0
20051101,1130774400000,6.97,6.97,6.76,6.92,1983,1356194.0,0.0,0,6.9799999999999995,0
20051102,1130860800000,6.94,7.61,6.9,7.61,15266,11365930.0,0.0,0,6.92,0
20051103,1130947200000,7.59,7.59,7.29,7.42,9165,6809867.0,0.0,0,7.61,0
20051104,1131033600000,7.380000000000001,7.380000000000001,7.19,7.3100000000000005,4141,3015729.0,0.0,0,7.420000000000001,0
20051107,1131292800000,7.28,7.39,7.25,7.36,2770,2028833.9999999998,0.0,0,7.31,0
20051108,1131379200000,7.380000000000001,7.680000000000001,7.2700000000000005,7.62,6968,5245673.000000001,0.0,0,7.36,0
20051109,1131465600000,7.6000000000000005,7.74,7.45,7.46,7143,5411378.0,0.0,0,7.62,0
20051110,1131552000000,7.4,7.4,7.03,7.0600000000000005,6020,4311234.0,0.0,0,7.46,0
20051111,1131638400000,7.0,7.2,6.96,7.09,2560,1815942.0,0.0,0,7.06,0
20051114,1131897600000,7.08,7.19,7.08,7.19,1172,836204.0,0.0,0,7.09,0
20051115,1131984000000,7.130000000000001,7.25,6.98,7.010000000000001,1693,1204020.0,0.0,0,7.19,0
20051116,1132070400000,7.06,7.14,6.84,7.14,2241,1556150.0,0.0,0,7.01,0
20051117,1132156800000,7.09,7.180000000000001,7.07,7.12,1364,972715.0000000001,0.0,0,7.140000000000001,0
20051118,1132243200000,7.1000000000000005,7.390000000000001,7.1000000000000005,7.300000000000001,4564,3321856.0000000005,0.0,0,7.12,0
20051121,1132502400000,7.3,7.43,7.3,7.34,2806,2061520.0,0.0,0,7.3,0
20051122,1132588800000,7.32,7.32,7.140000000000001,7.140000000000001,1805,1304210.0,0.0,0,7.340000000000001,0
20051123,1132675200000,7.13,7.1899999999999995,7.05,7.16,970,693995.0000000001,0.0,0,7.14,0
20051124,1132761600000,7.26,7.5,7.26,7.35,3897,2870312.0,0.0,0,7.16,0
20051125,1132848000000,7.3,7.3100000000000005,7.2,7.28,1656,1201982.0,0.0,0,7.3500000000000005,0
20051128,1133107200000,7.32,7.34,7.25,7.34,1174,858037.0,0.0,0,7.28,0
20051129,1133193600000,7.34,7.34,7.08,7.1,1377,989816.0,0.0,0,7.34,0
20051130,1133280000000,7.1,7.15,6.96,7.15,2547,1805301.9999999998,0.0,0,7.1,0
20051201,1133366400000,7.11,7.13,6.99,7.12,1423,1003484.0,0.0,0,7.15,0
20051202,1133452800000,7.1,7.1,6.92,6.93,2088,1460434.0,0.0,0,7.12,0
20051205,1133712000000,6.8500000000000005,6.930000000000001,6.6000000000000005,6.66,2519,1703725.0000000002,0.0,0,6.930000000000001,0
20051206,1133798400000,6.66,6.760000000000001,6.6000000000000005,6.73,1515,1014614.0,0.0,0,6.66,0
20051207,1133884800000,6.73,6.83,6.61,6.8100000000000005,1084,730809.0,0.0,0,6.73,0
20051208,1133971200000,6.82,6.85,6.67,6.6899999999999995,777,523865.00000000006,0.0,0,6.81,0
20051209,1134057600000,6.68,6.86,6.67,6.82,1204,814522.0,0.0,0,6.6899999999999995,0
20051212,1134316800000,6.81,7.07,6.8,6.95,2717,1897002.0000000002,0.0,0,6.819999999999999,0
20051213,1134403200000,6.88,7.06,6.88,7.03,1878,1313619.0000000002,0.0,0,6.95,0
20051214,1134489600000,6.95,7.16,6.95,7.15,2720,1927939.0,0.0,0,7.03,0
20051215,1134576000000,7.2,7.87,7.2,7.87,34119,26264105.0,0.0,0,7.15,0
20051216,1134662400000,7.79,7.88,7.49,7.67,14644,11252619.0,0.0,0,7.87,0
20051219,1134921600000,7.65,7.65,7.5,7.59,6031,4552370.0,0.0,0,7.67,0
20051220,1135008000000,7.590000000000001,7.710000000000001,7.5200000000000005,7.640000000000001,3636,2766152.9999999995,0.0,0,7.590000000000001,0
20051221,1135094400000,7.640000000000001,7.640000000000001,7.36,7.37,4730,3526029.0000000005,0.0,0,7.640000000000001,0
20051222,1135180800000,7.359999999999999,7.4399999999999995,7.3,7.38,3453,2541511.0,0.0,0,7.37,0
20051223,1135267200000,7.39,7.49,7.3,7.45,4039,2982718.0,0.0,0,7.38,0
20051226,1135526400000,7.44,7.59,7.33,7.58,4223,3176592.0,0.0,0,7.45,0
20051227,1135612800000,7.58,7.67,7.46,7.46,2441,1838430.0,0.0,0,7.58,0
20051228,1135699200000,7.45,7.49,7.3500000000000005,7.460000000000001,2455,1820058.0,0.0,0,7.460000000000001,0
20051229,1135785600000,7.53,7.6000000000000005,7.45,7.58,3952,2985166.0,0.0,0,7.46,0
20051230,1135872000000,7.65,7.68,7.5,7.52,4070,3097104.0,0.0,0,7.58,0
20060104,1136304000000,7.58,7.76,7.5,7.69,5635,4339222.0,0.0,0,7.52,0
20060105,1136390400000,7.69,7.76,7.62,7.74,6178,4764212.0,0.0,0,7.69,0
20060106,1136476800000,7.74,8.05,7.63,7.9,11693,9197655.000000002,0.0,0,7.74,0
20060109,1136736000000,7.98,8.020000000000001,7.8100000000000005,7.960000000000001,7374,5834595.0,0.0,0,7.9,0
20060110,1136822400000,7.960000000000001,8.0,7.8500000000000005,7.960000000000001,5255,4159605.0000000005,0.0,0,7.960000000000001,0
20060111,1136908800000,7.96,8.35,7.92,8.11,10875,8880165.0,0.0,0,7.96,0
20060112,1136995200000,8.03,8.19,7.97,8.18,6029,4869645.0,0.0,0,8.11,0
20060113,1137081600000,8.25,8.379999999999999,8.19,8.209999999999999,7531,6225353.0,0.0,0,8.18,0
20060116,1137340800000,8.19,8.36,7.95,7.98,5494,4499036.0,0.0,0,8.21,0
20060117,1137427200000,7.97,7.97,7.76,7.84,3462,2727739.0,0.0,0,7.9799999999999995,0
20060118,1137513600000,7.9,8.21,7.86,8.13,4244,3422724.9999999995,0.0,0,7.840000000000001,0
20060119,1137600000000,8.06,8.16,7.98,8.120000000000001,4189,3386545.0,0.0,0,8.13,0
20060120,1137686400000,8.14,8.5,8.14,8.4,11153,9324766.0,0.0,0,8.120000000000001,0
20060123,1137945600000,8.42,9.01,8.39,8.88,16947,14952573.0,0.0,0,8.4,0
20060124,1138032000000,8.85,8.94,8.6,8.629999999999999,9063,7895928.999999999,0.0,0,8.879999999999999,0
20060125,1138118400000,8.68,8.7,8.28,8.36,5568,4715250.0,0.0,0,8.629999999999999,0
20060206,1139155200000,8.34,8.88,8.32,8.84,7963,6967943.0,0.0,0,8.36,0
20060207,1139241600000,8.850000000000001,8.88,8.55,8.65,7100,6171227.0,0.0,0,8.84,0
20060208,1139328000000,8.59,8.729999999999999,8.36,8.52,5419,4589848.0,0.0,0,8.649999999999999,0
20060209,1139414400000,8.5,8.58,8.3,8.39,3732,3124745.0,0.0,0,8.520000000000001,0
20060210,1139500800000,8.379999999999999,8.52,8.34,8.42,2979,2507837.0,0.0,0,8.39,0
20060213,1139760000000,8.42,8.42,8.06,8.110000000000001,5948,4861655.0,0.0,0,8.42,0
20060214,1139846400000,8.05,8.24,8.05,8.17,3453,2811646.0000000005,0.0,0,8.110000000000001,0
20060215,1139932800000,8.23,8.270000000000001,8.120000000000001,8.190000000000001,2812,2303209.0,0.0,0,8.170000000000002,0
20060216,1140019200000,8.18,8.18,7.9,7.95,4407,3528875.0,0.0,0,8.19,0
20060217,1140105600000,7.87,7.9799999999999995,7.8,7.88,2271,1787885.0000000002,0.0,0,7.95,0
20060220,1140364800000,7.84,7.98,7.82,7.8500000000000005,1875,1480905.0,0.0,0,7.88,0
20060221,1140451200000,7.82,8.13,7.7700000000000005,8.1,2031,1609545.0,0.0,0,7.8500000000000005,0
20060222,1140537600000,8.110000000000001,8.13,7.98,8.01,2237,1803765.0000000002,0.0,0,8.1,0
20060223,1140624000000,8.03,8.06,7.8,7.89,2030,1598422.0,0.0,0,8.01,0
20060224,1140710400000,7.890000000000001,7.94,7.82,7.94,1243,982292.9999999999,0.0,0,7.890000000000001,0
20060227,1140969600000,7.95,8.08,7.88,8.03,2113,1689634.9999999998,0.0,0,7.9399999999999995,0
20060228,1141056000000,7.95,7.96,7.84,7.95,1028,812610.0,0.0,0,8.03,0
20060301,1141142400000,7.9,8.1,7.9,8.07,2354,1891731.0,0.0,0,7.95,0
20060302,1141228800000,8.0,8.06,7.83,7.84,2071,1650661.0,0.0,0,8.07,0
20060303,1141315200000,7.81,7.94,7.79,7.83,2485,1945365.0000000002,0.0,0,7.84,0
20060306,1141574400000,7.8,7.92,7.8,7.85,1560,1222073.0,0.0,0,7.83,0
20060307,1141660800000,7.83,7.8500000000000005,7.41,7.47,2781,2127468.0,0.0,0,7.8500000000000005,0
20060308,1141747200000,7.4,7.49,7.28,7.37,2670,1970493.0,0.0,0,7.470000000000001,0
20060309,1141833600000,7.37,7.47,7.37,7.39,693,513813.0,0.0,0,7.37,0
20060310,1141920000000,7.4,7.46,7.28,7.3100000000000005,1155,849923.0,0.0,0,7.390000000000001,0
20060313,1142179200000,7.31,7.38,7.26,7.33,1391,1015158.0,0.0,0,7.31,0
20060314,1142265600000,7.35,7.49,7.33,7.48,1204,892885.0,0.0,0,7.33,0
20060315,1142352000000,7.45,7.67,7.4,7.65,2132,1609190.0,0.0,0,7.48,0
20060316,1142438400000,7.67,7.96,7.67,7.93,4773,3751422.0000000005,0.0,0,7.65,0
20060317,1142524800000,7.8500000000000005,7.92,7.7,7.87,2588,2022799.0,0.0,0,7.930000000000001,0
20060320,1142784000000,7.81,7.93,7.75,7.9,1699,1334716.0000000002,0.0,0,7.87,0
20060321,1142870400000,7.930000000000001,7.99,7.82,7.91,2453,1938079.0,0.0,0,7.9,0
20060322,1142956800000,7.88,7.92,7.8,7.89,1582,1246594.0,0.0,0,7.91,0
20060323,1143043200000,7.880000000000001,8.17,7.8500000000000005,8.05,2734,2194029.0,0.0,0,7.890000000000001,0
20060324,1143129600000,8.020000000000001,8.09,7.930000000000001,8.0,2220,1777221.0,0.0,0,8.05,0
20060327,1143388800000,8.01,8.1,7.9,8.09,2235,1788032.0,0.0,0,8.0,0
20060328,1143475200000,8.07,8.3,8.07,8.17,4885,4007557.0000000005,0.0,0,8.09,0
20060329,1143561600000,8.23,8.340000000000002,8.13,8.24,4704,3889480.0,0.0,0,8.17,0
20060330,1143648000000,8.23,8.33,8.06,8.07,2938,2396211.0,0.0,0,8.24,0
20060331,1143734400000,8.020000000000001,8.5,7.890000000000001,8.360000000000001,6352,5192925.000000001,0.0,0,8.07,0
20060403,1143993600000,8.36,8.73,8.25,8.67,12657,10901302.000000002,0.0,0,8.36,0
20060404,1144080000000,8.67,8.809999999999999,8.52,8.65,8668,7482376.000000001,0.0,0,8.67,0
20060405,1144166400000,8.55,8.850000000000001,8.55,8.71,6766,5924629.999999999,0.0,0,8.65,0
20060406,1144252800000,9.01,9.469999999999999,8.85,8.85,14106,12853304.0,0.0,0,8.709999999999999,0
20060407,1144339200000,8.85,9.4,8.85,9.39,15623,14392421.0,0.0,0,8.85,0
20060410,1144598400000,9.5,9.549999999999999,9.18,9.39,11146,10422356.000000002,0.0,0,9.39,0
20060411,1144684800000,9.5,9.55,9.13,9.260000000000002,8891,8251721.0,0.0,0,9.39,0
20060412,1144771200000,9.350000000000001,9.350000000000001,9.040000000000001,9.08,8836,8054281.0,0.0,0,9.260000000000002,0
20060413,1144857600000,9.069999999999999,9.2,8.78,8.799999999999999,9142,8217856.0,0.0,0,9.08,0
20060414,1144944000000,8.76,9.16,8.68,9.11,7385,6609185.000000001,0.0,0,8.799999999999999,0
20060417,1145203200000,9.14,9.25,9.01,9.24,7655,7026501.0,0.0,0,9.11,0
20060418,1145289600000,9.24,9.48,9.15,9.43,9161,8549718.0,0.0,0,9.24,0
20060419,1145376000000,9.4,9.47,9.16,9.35,7151,6636728.0,0.0,0,9.43,0
20060420,1145462400000,9.35,10.29,9.1,10.209999999999999,22763,22430043.0,0.0,0,9.35,0
20060421,1145548800000,10.06,10.83,9.88,10.31,23620,24614010.0,0.0,0,10.21,0
20060424,1145808000000,10.31,10.31,10.31,10.31,0,0.0,0.0,0,10.31,1
20060425,1145894400000,10.31,10.31,10.31,10.31,0,0.0,0.0,0,10.31,1
20060426,1145980800000,10.31,10.31,10.31,10.31,0,0.0,0.0,0,10.31,1
20060427,1146067200000,10.31,10.31,10.31,10.31,0,0.0,0.0,0,10.31,1
20060428,1146153600000,10.31,10.31,10.31,10.31,0,0.0,0.0,0,10.31,1
20060508,1147017600000,10.31,10.31,10.31,10.31,0,0.0,0.0,0,10.31,1
20060509,1147104000000,10.31,10.31,10.31,10.31,0,0.0,0.0,0,10.31,1
20060510,1147190400000,10.31,10.31,10.31,10.31,0,0.0,0.0,0,10.31,1
20060511,1147276800000,10.31,10.31,10.31,10.31,0,0.0,0.0,0,10.31,1
20060512,1147363200000,10.31,10.31,10.31,10.31,0,0.0,0.0,0,10.31,1
20060515,1147622400000,10.31,10.31,10.31,10.31,0,0.0,0.0,0,10.31,1
20060516,1147708800000,10.31,10.31,10.31,10.31,0,0.0,0.0,0,10.31,1
20060517,1147795200000,10.31,10.31,10.31,10.31,0,0.0,0.0,0,10.31,1
20060518,1147881600000,10.31,10.31,10.31,10.31,0,0.0,0.0,0,10.31,1
20060519,1147968000000,11.34,11.34,11.34,11.34,483,548686.0,0.0,0,10.31,0
20060522,1148227200000,12.47,12.47,12.47,12.47,572,714494.0,0.0,0,11.34,0
20060523,1148313600000,13.72,13.72,13.0,13.72,35260,48236756.00000001,0.0,0,12.47,0
20060524,1148400000000,11.57,11.57,10.5,10.62,22822,24894783.0,0.0,0,10.52,0
20060525,1148486400000,10.55,10.55,9.56,9.790000000000001,25619,24934441.0,0.0,0,10.620000000000001,0
20060526,1148572800000,9.98,10.77,9.85,10.77,28431,29534892.0,0.0,0,9.79,0
20060529,1148832000000,11.0,11.850000000000001,10.8,11.84,41086,47168955.00000001,0.0,0,10.770000000000001,0
20060530,1148918400000,11.84,11.84,11.84,11.84,0,0.0,0.0,0,11.84,1
20060531,1149004800000,11.84,11.84,11.84,11.84,0,0.0,0.0,0,11.84,1
20060601,1149091200000,11.84,11.84,11.84,11.84,0,0.0,0.0,0,11.84,1
20060602,1149177600000,11.84,11.84,11.84,11.84,0,0.0,0.0,0,11.84,1
20060605,1149436800000,11.84,11.84,11.84,11.84,0,0.0,0.0,0,11.84,1
20060606,1149523200000,11.84,11.84,11.84,11.84,0,0.0,0.0,0,11.84,1
20060607,1149609600000,11.84,11.84,11.84,11.84,0,0.0,0.0,0,11.84,1
20060608,1149696000000,11.84,11.84,11.84,11.84,0,0.0,0.0,0,11.84,1
20060609,1149782400000,11.84,11.84,11.84,11.84,0,0.0,0.0,0,11.84,1
20060612,1150041600000,11.84,11.84,11.84,11.84,0,0.0,0.0,0,11.84,1
20060613,1150128000000,11.84,11.84,11.84,11.84,0,0.0,0.0,0,11.84,1
20060614,1150214400000,11.84,11.84,11.84,11.84,0,0.0,0.0,0,11.84,1
20060615,1150300800000,11.84,11.84,11.84,11.84,0,0.0,0.0,0,11.84,1
20060616,1150387200000,11.84,11.84,11.84,11.84,0,0.0,0.0,0,11.84,1
20060619,1150646400000,11.84,11.84,11.84,11.84,0,0.0,0.0,0,11.84,1
20060620,1150732800000,11.84,11.84,11.84,11.84,0,0.0,0.0,0,11.84,1
20060621,1150819200000,9.1,9.15,8.5,8.68,57006,50437217.00000001,0.0,0,11.84,0
20060622,1150905600000,8.58,8.58,8.22,8.38,30110,25233802.000000004,0.0,0,8.680000000000001,0
20060623,1150992000000,8.3,8.65,8.290000000000001,8.56,20559,17524598.0,0.0,0,8.38,0
20060626,1151251200000,8.56,8.78,8.49,8.61,19571,16895881.0,0.0,0,8.56,0
20060627,1151337600000,8.610000000000001,8.680000000000001,8.370000000000001,8.500000000000002,17695,15014832.0,0.0,0,8.610000000000001,0
20060628,1151424000000,8.5,8.63,8.4,8.58,13514,11551779.000000002,0.0,0,8.5,0
20060629,1151510400000,8.58,8.88,8.5,8.8,24288,21232900.0,0.0,0,8.58,0
20060630,1151596800000,8.88,9.110000000000001,8.88,9.0,34707,31261785.0,0.0,0,8.8,0
20060703,1151856000000,9.08,9.09,8.89,9.09,20901,18808673.0,0.0,0,9.0,0
20060704,1151942400000,9.049999999999999,9.49,9.03,9.18,30515,28307649.000000004,0.0,0,9.09,0
20060705,1152028800000,9.219999999999999,9.25,8.68,8.82,18958,16790737.0,0.0,0,9.18,0
20060706,1152115200000,8.82,9.08,8.71,9.030000000000001,13482,12058337.999999998,0.0,0,8.82,0
20060707,1152201600000,9.040000000000001,9.18,8.9,8.93,11277,10139707.999999998,0.0,0,9.030000000000001,0
20060710,1152460800000,8.930000000000001,8.930000000000001,8.72,8.850000000000001,10277,9026052.0,0.0,0,8.930000000000001,0
20060711,1152547200000,8.85,8.9,8.68,8.89,12966,11351178.0,0.0,0,8.85,0
20060712,1152633600000,8.93,9.450000000000001,8.82,9.200000000000001,33943,31389664.0,0.0,0,8.89,0
20060713,1152720000000,9.28,9.32,8.28,8.28,28857,25179171.999999996,0.0,0,9.2,0
20060714,1152806400000,8.02,8.39,8.0,8.23,14785,12162634.999999998,0.0,0,8.28,0
20060717,1153065600000,8.2,8.299999999999999,8.03,8.24,10494,8576558.0,0.0,0,8.229999999999999,0
20060718,1153152000000,8.23,8.25,8.06,8.23,6341,5164593.000000001,0.0,0,8.24,0
20060719,1153238400000,8.200000000000001,8.200000000000001,7.5200000000000005,7.680000000000001,14166,11153771.0,0.0,0,8.23,0
20060720,1153324800000,7.63,7.86,7.57,7.800000000000001,10793,8336654.000000001,0.0,0,7.680000000000001,0
20060721,1153411200000,8.1,8.32,8.06,8.17,19905,16304531.000000002,0.0,0,7.800000000000001,0
20060724,1153670400000,8.0,8.0,7.5,7.95,7342,5748486.0,0.0,0,8.17,0
20060725,1153756800000,7.98,8.110000000000001,7.9,8.030000000000001,5828,4679090.0,0.0,0,7.95,0
20060726,1153843200000,8.030000000000001,8.14,7.930000000000001,8.05,5873,4704778.0,0.0,0,8.030000000000001,0
20060727,1153929600000,8.09,8.09,7.8,7.88,6105,4833380.000000001,0.0,0,8.05,0
20060728,1154016000000,7.82,7.86,7.61,7.73,7768,5983885.0,0.0,0,7.880000000000001,0
20060731,1154275200000,7.68,7.68,7.2,7.21,9333,6909693.0,0.0,0,7.73,0
20060801,1154361600000,7.220000000000001,7.3500000000000005,6.95,6.99,6410,4583773.0,0.0,0,7.21,0
20060802,1154448000000,6.67,7.03,6.67,6.91,11534,7837529.000000001,0.0,0,6.99,0
20060803,1154534400000,6.88,6.9799999999999995,6.8,6.9399999999999995,4907,3381235.0,0.0,0,6.91,0
20060804,1154620800000,6.8,7.2,6.8,6.99,13464,9412774.000000002,0.0,0,6.9399999999999995,0
20060807,1154880000000,7.09,7.62,7.05,7.52,34410,25336302.0,0.0,0,6.99,0
20060808,1154966400000,7.4799999999999995,7.75,7.38,7.65,21906,16676804.0,0.0,0,7.52,0
20060809,1155052800000,7.61,7.62,7.4,7.53,10674,7982273.000000001,0.0,0,7.65,0
20060810,1155139200000,7.6000000000000005,7.6000000000000005,7.4,7.54,8949,6721258.999999999,0.0,0,7.53,0
20060811,1155225600000,7.5200000000000005,7.53,7.28,7.38,8806,6487626.0,0.0,0,7.54,0
20060814,1155484800000,7.37,7.42,6.95,6.97,8023,5695776.000000001,0.0,0,7.38,0
20060815,1155571200000,6.9,7.19,6.9,7.16,5062,3562204.0000000005,0.0,0,6.970000000000001,0
20060816,1155657600000,7.18,7.3,7.09,7.3,5834,4212504.0,0.0,0,7.16,0
20060817,1155744000000,7.300000000000001,7.300000000000001,7.0600000000000005,7.11,4007,2856780.0,0.0,0,7.300000000000001,0
20060818,1155830400000,7.11,7.2,7.1000000000000005,7.12,2931,2091519.0000000002,0.0,0,7.11,0
20060821,1156089600000,6.95,7.17,6.66,7.13,5291,3708518.0,0.0,0,7.12,0
20060822,1156176000000,7.170000000000001,7.4,7.0600000000000005,7.36,8268,6019906.000000001,0.0,0,7.130000000000001,0
20060823,1156262400000,7.36,7.390000000000001,7.2,7.23,6390,4669023.0,0.0,0,7.36,0
20060824,1156348800000,7.28,7.340000000000001,7.15,7.260000000000001,4425,3198762.0,0.0,0,7.23,0
20060825,1156435200000,7.25,7.44,7.23,7.340000000000001,7242,5324351.0,0.0,0,7.260000000000001,0
20060828,1156694400000,7.45,7.66,7.3500000000000005,7.580000000000001,10564,7961679.0,0.0,0,7.340000000000001,0
20060829,1156780800000,7.62,7.99,7.61,7.970000000000001,23317,18326502.000000004,0.0,0,7.58,0
20060830,1156867200000,8.200000000000001,8.25,7.82,7.890000000000001,21543,17181656.000000004,0.0,0,7.970000000000001,0
20060831,1156953600000,7.890000000000001,8.05,7.8500000000000005,7.960000000000001,12676,10054838.0,0.0,0,7.890000000000001,0
20060901,1157040000000,7.99,7.99,7.6000000000000005,7.66,10383,8035074.0,0.0,0,7.960000000000001,0
20060904,1157299200000,7.65,7.87,7.61,7.87,7725,5997107.0,0.0,0,7.66,0
20060905,1157385600000,7.88,7.91,7.71,7.82,7476,5829790.000000001,0.0,0,7.87,0
20060906,1157472000000,7.8,8.12,7.8,8.12,23203,18569340.0,0.0,0,7.819999999999999,0
20060907,1157558400000,8.2,8.799999999999999,8.19,8.53,69355,59094941.00000001,0.0,0,8.12,0
20060908,1157644800000,8.5,8.56,8.3,8.38,20824,17531470.0,0.0,0,8.530000000000001,0
20060911,1157904000000,8.399999999999999,8.49,8.03,8.26,18235,14927115.0,0.0,0,8.379999999999999,0
20060912,1157990400000,8.190000000000001,8.270000000000001,8.06,8.18,11079,9051075.0,0.0,0,8.26,0
20060913,1158076800000,8.18,8.32,8.1,8.25,11511,9449232.0,0.0,0,8.18,0
20060914,1158163200000,8.2,8.24,7.96,8.05,11604,9342011.000000002,0.0,0,8.25,0
20060915,1158249600000,8.09,8.18,7.96,8.08,7496,6045545.000000001,0.0,0,8.05,0
20060918,1158508800000,8.1,8.23,8.01,8.19,6866,5600170.999999999,0.0,0,8.08,0
20060919,1158595200000,8.18,8.49,8.15,8.44,15223,12646980.0,0.0,0,8.19,0
20060920,1158681600000,8.44,8.45,8.25,8.28,9641,8007394.0,0.0,0,8.44,0
20060921,1158768000000,8.280000000000001,8.350000000000001,8.120000000000001,8.16,7161,5877773.0,0.0,0,8.280000000000001,0
20060922,1158854400000,8.209999999999999,8.22,8.09,8.16,7775,6318419.0,0.0,0,8.16,0
20060925,1159113600000,8.1,8.21,8.0,8.2,7144,5777390.0,0.0,0,8.16,0
20060926,1159200000000,8.28,8.37,8.18,8.32,18066,15013982.999999998,0.0,0,8.2,0
20060927,1159286400000,8.350000000000001,8.370000000000001,8.22,8.280000000000001,6050,5015362.0,0.0,0,8.32,0
20060928,1159372800000,8.25,8.55,8.25,8.48,15768,13312807.0,0.0,0,8.28,0
20060929,1159459200000,8.48,8.540000000000001,8.41,8.46,9596,8124620.0,0.0,0,8.48,0
20061009,1160323200000,8.469999999999999,8.629999999999999,8.44,8.59,13103,11147156.0,0.0,0,8.459999999999999,0
20061010,1160409600000,8.59,8.59,8.45,8.5,9738,8276781.0,0.0,0,8.59,0
20061011,1160496000000,8.49,8.49,8.290000000000001,8.370000000000001,12663,10590364.0,0.0,0,8.500000000000002,0
20061012,1160582400000,8.37,8.979999999999999,8.2,8.84,31093,26787268.0,0.0,0,8.37,0
20061013,1160668800000,8.88,9.600000000000001,8.88,9.110000000000001,75074,69677759.0,0.0,0,8.840000000000002,0
20061016,1160928000000,9.0,9.0,8.71,8.790000000000001,24887,22004285.0,0.0,0,9.110000000000001,0
20061017,1161014400000,8.79,9.55,8.76,9.31,33741,31182866.000000004,0.0,0,8.79,0
20061018,1161100800000,9.33,9.39,9.21,9.360000000000001,17220,16048823.0,0.0,0,9.31,0
20061019,1161187200000,9.36,9.85,9.36,9.78,37070,36025967.0,0.0,0,9.36,0
20061020,1161273600000,9.75,10.0,9.46,9.83,32209,31511491.000000004,0.0,0,9.780000000000001,0
20061023,1161532800000,9.83,9.83,9.1,9.26,29539,28120045.999999996,0.0,0,9.83,0
20061024,1161619200000,9.71,9.8,9.41,9.59,25108,24080111.0,0.0,0,9.26,0
20061025,1161705600000,9.68,10.39,9.65,10.25,61447,61904925.00000001,0.0,0,9.59,0
20061026,1161792000000,10.2,10.2,9.83,9.96,28071,27953581.0,0.0,0,10.25,0
20061027,1161878400000,9.98,10.08,9.34,9.4,29763,28554533.0,0.0,0,9.959999999999999,0
20061030,1162137600000,9.4,9.6,8.91,9.23,19608,17975652.0,0.0,0,9.4,0
20061031,1162224000000,9.26,9.540000000000001,9.15,9.5,13891,12943018.0,0.0,0,9.23,0
20061101,1162310400000,9.45,9.58,9.25,9.4,13603,12779497.0,0.0,0,9.5,0
20061102,1162396800000,9.35,9.35,9.09,9.29,15581,14284203.000000002,0.0,0,9.4,0
20061103,1162483200000,9.290000000000001,9.620000000000001,9.15,9.610000000000001,22298,21132079.000000004,0.0,0,9.290000000000001,0
20061106,1162742400000,10.3,10.3,9.56,9.6,34625,33962589.0,0.0,0,9.610000000000001,0
20061107,1162828800000,9.6,9.790000000000001,9.16,9.45,19943,18698719.0,0.0,0,9.6,0
20061108,1162915200000,9.48,9.48,9.18,9.19,11308,10485083.0,0.0,0,9.45,0
20061109,1163001600000,9.35,9.56,9.16,9.56,14446,13590344.0,0.0,0,9.19,0
20061110,1163088000000,9.65,9.86,9.24,9.36,32872,31600612.000000004,0.0,0,9.56,0
20061113,1163347200000,9.36,9.36,9.36,9.36,0,0.0,0.0,0,9.36,1
20061114,1163433600000,9.36,9.36,9.36,9.36,0,0.0,0.0,0,9.36,1
20061115,1163520000000,9.11,9.299999999999999,9.1,9.25,12111,11145437.0,0.0,0,9.36,0
20061116,1163606400000,9.290000000000001,9.4,8.65,8.68,25395,22620376.0,0.0,0,9.25,0
20061117,1163692800000,8.68,8.88,8.5,8.63,12303,10637327.0,0.0,0,8.68,0
20061120,1163952000000,8.68,8.68,8.23,8.31,14587,12232189.0,0.0,0,8.63,0
20061121,1164038400000,8.27,8.52,8.26,8.52,7659,6465478.0,0.0,0,8.31,0
20061122,1164124800000,8.520000000000001,8.73,8.38,8.63,11865,10172522.0,0.0,0,8.520000000000001,0
20061123,1164211200000,8.600000000000001,8.700000000000001,8.47,8.520000000000001,9096,7752753.000000001,0.0,0,8.63,0
20061124,1164297600000,8.55,8.74,8.34,8.68,15099,12881685.000000002,0.0,0,8.52,0
20061127,1164556800000,8.67,9.05,8.63,9.05,21623,19348752.000000004,0.0,0,8.680000000000001,0
20061128,1164643200000,9.05,9.15,8.9,9.0,11478,10353796.0,0.0,0,9.05,0
20061129,1164729600000,8.940000000000001,9.100000000000001,8.700000000000001,9.040000000000001,11088,9947299.0,0.0,0,9.000000000000002,0
20061130,1164816000000,9.08,9.16,9.03,9.09,17228,15697778.000000002,0.0,0,9.04,0
20061201,1164902400000,9.15,9.15,8.96,9.020000000000001,15907,14370030.0,0.0,0,9.090000000000002,0
20061204,1165161600000,9.02,9.38,8.98,9.360000000000001,22548,20848974.000000004,0.0,0,9.02,0
20061205,1165248000000,9.4,9.48,9.24,9.32,17963,16729097.0,0.0,0,9.36,0
20061206,1165334400000,9.3,9.350000000000001,8.72,8.98,18167,16324014.000000002,0.0,0,9.32,0
20061207,1165420800000,8.85,9.0,8.83,8.85,15325,13622125.0,0.0,0,8.98,0
20061208,1165507200000,8.86,8.9,8.42,8.44,15045,13003494.000000002,0.0,0,8.85,0
20061211,1165766400000,8.41,8.73,8.41,8.73,6468,5534395.000000001,0.0,0,8.44,0
20061212,1165852800000,8.75,8.799999999999999,8.51,8.67,6983,6024900.999999999,0.0,0,8.73,0
20061213,1165939200000,8.6,8.66,8.51,8.62,5697,4886115.0,0.0,0,8.67,0
20061214,1166025600000,8.620000000000001,8.8,8.620000000000001,8.760000000000002,8133,7101756.0,0.0,0,8.620000000000001,0
20061215,1166112000000,8.76,9.15,8.75,9.1,16614,14940783.0,0.0,0,8.76,0
20061218,1166371200000,9.19,9.200000000000001,8.99,9.05,15846,14365541.0,0.0,0,9.1,0
20061219,1166457600000,9.030000000000001,9.13,8.8,8.97,15121,13571314.0,0.0,0,9.05,0
20061220,1166544000000,8.92,9.360000000000001,8.89,9.22,21247,19512923.0,0.0,0,8.97,0
20061221,1166630400000,9.22,9.22,9.22,9.22,0,0.0,0.0,0,9.22,1
20061222,1166716800000,9.1,9.34,8.82,9.32,19148,17327719.0,0.0,0,9.22,0
20061225,1166976000000,9.45,9.6,9.26,9.29,35897,34025075.0,0.0,0,9.32,0
20061226,1167062400000,9.24,9.35,9.02,9.1,13601,12418716.999999998,0.0,0,9.29,0
20061227,1167148800000,9.1,9.2,9.0,9.14,10442,9490054.0,0.0,0,9.1,0
20061228,1167235200000,9.14,9.14,8.74,8.75,13217,11713351.000000002,0.0,0,9.14,0
20061229,1167321600000,8.78,8.979999999999999,8.78,8.84,9437,8377343.000000001,0.0,0,8.75,0
20070104,1167840000000,8.850000000000001,8.940000000000001,8.700000000000001,8.770000000000001,13984,12315363.000000002,0.0,0,8.840000000000002,0
20070105,1167926400000,8.78,9.07,8.75,9.03,10894,9743433.0,0.0,0,8.77,0
20070108,1168185600000,9.05,9.46,9.05,9.42,21180,19733020.000000004,0.0,0,9.030000000000001,0
20070109,1168272000000,9.43,9.6,9.4,9.49,28575,27177016.0,0.0,0,9.42,0
20070110,1168358400000,9.47,10.100000000000001,9.39,10.040000000000001,45075,44223374.0,0.0,0,9.49,0
20070111,1168444800000,10.010000000000002,10.540000000000001,9.790000000000001,9.89,46009,46920151.0,0.0,0,10.040000000000001,0
20070112,1168531200000,9.86,10.07,9.32,9.370000000000001,26493,25696317.000000004,0.0,0,9.89,0
20070115,1168790400000,9.35,9.85,9.33,9.81,18827,18229259.0,0.0,0,9.37,0
20070116,1168876800000,9.82,10.31,9.82,10.26,40915,41381794.00000001,0.0,0,9.81,0
20070117,1168963200000,10.370000000000001,10.41,9.66,9.98,37343,37920119.0,0.0,0,10.26,0
20070118,1169049600000,10.05,10.82,9.9,10.67,45204,46789950.0,0.0,0,9.98,0
20070119,1169136000000,10.709999999999999,11.15,10.68,10.89,42861,46671648.0,0.0,0,10.67,0
20070122,1169395200000,10.95,11.28,10.86,11.27,50246,55852892.0,0.0,0,10.889999999999999,0
20070123,1169481600000,11.3,11.350000000000001,10.700000000000001,11.020000000000001,36845,40457089.0,0.0,0,11.270000000000001,0
20070124,1169568000000,11.02,11.29,10.77,11.12,36469,40313906.0,0.0,0,11.02,0
20070125,1169654400000,10.82,10.98,10.4,10.44,31128,33392698.000000004,0.0,0,11.120000000000001,0
20070126,1169740800000,10.21,10.63,9.98,10.48,27332,28062980.0,0.0,0,10.440000000000001,0
20070129,1170000000000,10.52,11.2,10.49,11.14,32061,34740442.0,0.0,0,10.48,0
20070130,1170086400000,11.21,11.21,10.8,10.98,28257,31115008.0,0.0,0,11.14,0
20070131,1170172800000,10.97,12.080000000000002,10.870000000000001,11.49,87739,102155984.0,0.0,0,10.98,0
20070201,1170259200000,11.38,12.5,11.31,12.18,85870,103143188.0,0.0,0,11.49,0
20070202,1170345600000,12.11,12.28,11.51,11.57,41701,49308834.0,0.0,0,12.18,0
20070205,1170604800000,11.56,11.99,11.51,11.75,24709,29100002.0,0.0,0,11.57,0
20070206,1170691200000,11.78,12.899999999999999,11.78,12.719999999999999,39532,48904518.0,0.0,0,11.75,0
20070207,1170777600000,12.75,13.02,12.48,12.860000000000001,41222,52439248.0,0.0,0,12.72,0
20070208,1170864000000,12.860000000000001,13.39,12.38,13.09,44611,57843188.0,0.0,0,12.860000000000001,0
20070209,1170950400000,13.0,13.13,12.63,12.83,24828,31890115.0,0.0,0,13.090000000000002,0
20070212,1171209600000,12.850000000000001,13.38,12.780000000000001,12.990000000000002,29858,39042207.0,0.0,0,12.830000000000002,0
20070213,1171296000000,13.0,13.15,12.63,12.850000000000001,30567,39021866.0,0.0,0,12.99,0
20070214,1171382400000,12.780000000000001,13.290000000000001,12.73,13.17,28780,37531558.0,0.0,0,12.85,0
20070215,1171468800000,13.19,13.99,13.18,13.89,31596,43385347.0,0.0,0,13.17,0
20070216,1171555200000,14.000000000000002,14.180000000000001,13.620000000000001,13.790000000000001,27407,38067486.0,0.0,0,13.89,0
20070226,1172419200000,13.91,15.17,13.9,15.120000000000001,38502,56815933.0,0.0,0,13.790000000000001,0
20070227,1172505600000,15.2,15.29,13.61,13.61,43685,62548251.0,0.0,0,15.12,0
20070228,1172592000000,13.48,14.55,13.3,14.370000000000001,38618,53471212.00000001,0.0,0,13.610000000000001,0
20070301,1172678400000,14.209999999999999,14.24,13.6,14.17,33756,46827511.0,0.0,0,14.37,0
20070302,1172764800000,14.200000000000001,15.15,14.14,14.870000000000001,46051,68164373.0,0.0,0,14.17,0
20070305,1173024000000,15.170000000000002,15.350000000000001,14.200000000000001,14.690000000000001,55954,82522335.0,0.0,0,14.870000000000001,0
20070306,1173110400000,14.6,14.6,14.09,14.32,24299,34758683.0,0.0,0,14.69,0
20070307,1173196800000,14.35,14.74,14.35,14.51,26298,38255693.0,0.0,0,14.32,0
20070308,1173283200000,14.549999999999999,14.69,14.43,14.52,24517,35613286.0,0.0,0,14.51,0
20070309,1173369600000,14.5,15.5,14.43,15.19,47204,71056490.00000001,0.0,0,14.52,0
20070312,1173628800000,15.260000000000002,15.500000000000002,14.780000000000001,15.430000000000001,39944,60564828.0,0.0,0,15.190000000000001,0
20070313,1173715200000,15.38,15.42,15.05,15.190000000000001,23009,34990236.00000001,0.0,0,15.430000000000001,0
20070314,1173801600000,15.0,15.22,14.55,14.82,26793,39673221.0,0.0,0,15.190000000000001,0
20070315,1173888000000,14.82,15.450000000000001,14.8,15.21,36981,55883254.0,0.0,0,14.82,0
20070316,1173974400000,15.23,15.3,14.65,14.8,25889,38791108.0,0.0,0,15.21,0
20070319,1174233600000,14.4,15.200000000000001,14.280000000000001,14.89,20144,29974226.0,0.0,0,14.8,0
20070320,1174320000000,15.01,15.37,14.92,15.28,19908,30323874.0,0.0,0,14.89,0
20070321,1174406400000,15.299999999999999,15.98,15.26,15.94,28477,44872511.0,0.0,0,15.28,0
20070322,1174492800000,15.950000000000001,16.080000000000002,15.55,15.620000000000001,25369,40110943.0,0.0,0,15.940000000000001,0
20070323,1174579200000,15.620000000000001,15.620000000000001,15.620000000000001,15.620000000000001,0,0.0,0.0,0,15.620000000000001,1
20070326,1174838400000,15.99,16.3,15.82,15.89,24935,39726950.99999999,0.0,0,15.620000000000001,0
20070327,1174924800000,15.92,15.969999999999999,15.68,15.9,22922,36217470.0,0.0,0,15.89,0
20070328,1175011200000,15.879999999999999,16.15,15.1,15.68,28739,44943312.0,0.0,0,15.9,0
20070329,1175097600000,15.74,15.78,15.11,15.139999999999999,25114,38542748.00000001,0.0,0,15.68,0
20070330,1175184000000,15.180000000000001,15.500000000000002,15.120000000000001,15.47,14751,22564050.0,0.0,0,15.14,0
20070402,1175443200000,15.4,16.06,15.4,16.03,35341,56075522.0,0.0,0,15.47,0
20070403,1175529600000,16.400000000000002,16.540000000000003,16.12,16.25,42261,68894239.0,0.0,0,16.03,0
20070404,1175616000000,16.28,17.42,16.28,17.240000000000002,47706,80538382.00000001,0.0,0,16.25,0
20070405,1175702400000,17.3,17.400000000000002,16.85,17.360000000000003,34711,59367923.0,0.0,0,17.240000000000002,0
20070406,1175788800000,17.18,17.98,17.0,17.78,51869,91201701.00000001,0.0,0,17.36,0
20070409,1176048000000,12.09,12.969999999999999,11.85,12.969999999999999,59298,73478213.00000001,0.0,0,11.79,0
20070410,1176134400000,13.13,13.200000000000001,12.31,12.76,105372,133909725.0,0.0,0,12.97,0
20070411,1176220800000,12.85,13.88,12.82,13.68,121176,162562344.0,0.0,0,12.76,0
20070412,1176307200000,13.7,13.95,13.25,13.74,81802,111547310.99999999,0.0,0,13.68,0
20070413,1176393600000,13.74,13.75,13.0,13.14,91137,121895315.0,0.0,0,13.74,0
20070416,1176652800000,13.139999999999999,13.39,12.85,13.379999999999999,76692,100577298.0,0.0,0,13.139999999999999,0
20070417,1176739200000,13.38,13.760000000000002,13.3,13.74,87667,119110915.00000001,0.0,0,13.38,0
20070418,1176825600000,13.81,14.72,13.81,14.530000000000001,94556,136414235.0,0.0,0,13.74,0
20070419,1176912000000,14.53,14.53,13.08,13.39,77547,107176000.0,0.0,0,14.53,0
20070420,1176998400000,13.41,14.2,13.41,13.98,57664,79977827.0,0.0,0,13.39,0
20070423,1177257600000,14.110000000000001,14.3,13.98,14.25,80948,114267693.0,0.0,0,13.98,0
20070424,1177344000000,14.3,14.350000000000001,13.8,13.91,78348,109481788.00000001,0.0,0,14.25,0
20070425,1177430400000,13.9,14.25,13.42,14.23,89106,124545354.00000001,0.0,0,13.91,0
20070426,1177516800000,14.280000000000001,14.8,14.280000000000001,14.55,122746,178473599.0,0.0,0,14.23,0
20070427,1177603200000,14.48,14.48,14.0,14.09,52564,74418992.0,0.0,0,14.55,0
20070430,1177862400000,13.950000000000001,13.950000000000001,13.47,13.65,58391,79771104.99999999,0.0,0,14.09,0
20070508,1178553600000,13.81,13.950000000000001,13.65,13.83,49625,68489441.0,0.0,0,13.65,0
20070509,1178640000000,13.83,13.83,13.06,13.38,56405,75790209.0,0.0,0,13.83,0
20070510,1178726400000,13.36,13.6,13.02,13.459999999999999,46195,61812734.0,0.0,0,13.379999999999999,0
20070511,1178812800000,13.5,13.9,13.3,13.680000000000001,42800,58564139.0,0.0,0,13.46,0
20070514,1179072000000,13.6,13.6,13.1,13.35,37818,50659155.0,0.0,0,13.68,0
20070515,1179158400000,13.379999999999999,13.6,13.27,13.28,38826,51997563.0,0.0,0,13.35,0
20070516,1179244800000,13.200000000000001,13.38,12.82,13.36,36590,47972954.0,0.0,0,13.280000000000001,0
20070517,1179331200000,13.36,13.82,13.36,13.67,53161,72498164.0,0.0,0,13.36,0
20070518,1179417600000,13.620000000000001,13.84,13.48,13.67,45956,63100105.0,0.0,0,13.67,0
20070521,1179676800000,13.2,13.8,13.01,13.73,51700,70337331.0,0.0,0,13.67,0
20070522,1179763200000,13.81,14.15,13.81,14.05,81708,114559367.0,0.0,0,13.73,0
20070523,1179849600000,14.05,14.75,14.05,14.620000000000001,104170,150478076.0,0.0,0,14.05,0
20070524,1179936000000,14.8,14.870000000000001,13.88,14.200000000000001,75427,107508844.99999999,0.0,0,14.620000000000001,0
20070525,1180022400000,14.110000000000001,14.440000000000001,13.9,14.200000000000001,54866,77831524.99999999,0.0,0,14.200000000000001,0
20070528,1180281600000,14.25,14.68,14.18,14.57,89706,128986514.0,0.0,0,14.2,0
20070529,1180368000000,14.680000000000001,15.190000000000001,14.63,15.090000000000002,125142,187174418.0,0.0,0,14.57,0
20070530,1180454400000,14.0,14.8,13.58,13.64,97193,137128931.0,0.0,0,15.09,0
20070531,1180540800000,13.440000000000001,13.700000000000001,12.280000000000001,12.950000000000001,59437,75862394.0,0.0,0,13.64,0
20070601,1180627200000,13.0,13.27,11.66,11.66,56729,69554899.0,0.0,0,12.95,0
20070604,1180886400000,11.65,11.65,10.49,10.49,46315,49191826.00000001,0.0,0,11.66,0
20070605,1180972800000,9.66,10.54,9.44,10.459999999999999,60460,59102814.0,0.0,0,10.49,0
20070606,1181059200000,10.56,11.100000000000001,10.370000000000001,10.8,46056,49624398.0,0.0,0,10.46,0
20070607,1181145600000,10.950000000000001,11.270000000000001,10.790000000000001,11.200000000000001,41416,45820864.00000001,0.0,0,10.8,0
20070608,1181232000000,11.26,11.5,11.02,11.42,48988,55644957.0,0.0,0,11.2,0
20070611,1181491200000,11.48,11.88,11.48,11.530000000000001,45118,52668198.0,0.0,0,11.42,0
20070612,1181577600000,11.680000000000001,12.500000000000002,11.200000000000001,12.48,56543,66943063.00000001,0.0,0,11.530000000000001,0
20070613,1181664000000,12.6,12.94,12.5,12.59,56782,72030948.00000001,0.0,0,12.48,0
20070614,1181750400000,12.5,12.9,12.1,12.62,39675,49422434.0,0.0,0,12.59,0
20070615,1181836800000,12.49,12.92,12.26,12.51,32111,40648598.0,0.0,0,12.62,0
20070618,1182096000000,12.799999999999999,13.1,12.69,12.719999999999999,41029,52485772.0,0.0,0,12.51,0
20070619,1182182400000,12.6,12.8,12.25,12.55,37303,46467628.00000001,0.0,0,12.72,0
20070620,1182268800000,12.58,12.77,12.08,12.16,40968,51328777.0,0.0,0,12.55,0
20070621,1182355200000,12.09,12.4,11.56,11.790000000000001,37758,44601480.0,0.0,0,12.16,0
20070622,1182441600000,11.71,11.850000000000001,10.620000000000001,10.72,36575,40652817.0,0.0,0,11.790000000000001,0
20070625,1182700800000,10.8,11.200000000000001,10.200000000000001,10.540000000000001,29912,32177212.0,0.0,0,10.72,0
20070626,1182787200000,10.350000000000001,11.020000000000001,10.22,11.010000000000002,22020,23359455.0,0.0,0,10.540000000000001,0
20070627,1182873600000,11.02,11.290000000000001,10.9,11.19,21391,23793490.0,0.0,0,11.01,0
20070628,1182960000000,11.22,11.22,10.16,10.18,21369,22847867.0,0.0,0,11.19,0
20070629,1183046400000,9.89,10.090000000000002,9.21,9.260000000000002,26742,25620253.0,0.0,0,10.180000000000001,0
20070702,1183305600000,9.200000000000001,9.660000000000002,9.200000000000001,9.660000000000002,16677,15748449.0,0.0,0,9.260000000000002,0
20070703,1183392000000,9.8,9.9,9.48,9.88,26521,25685851.999999996,0.0,0,9.66,0
20070704,1183478400000,9.98,10.0,9.25,9.4,14186,13666213.0,0.0,0,9.88,0
20070705,1183564800000,9.040000000000001,9.3,8.55,8.58,24270,21510906.000000004,0.0,0,9.4,0
20070706,1183651200000,8.58,9.25,8.55,9.23,21786,19319598.0,0.0,0,8.58,0
20070709,1183910400000,9.3,9.82,9.17,9.64,25723,24259609.0,0.0,0,9.23,0
20070710,1183996800000,9.5,9.75,9.0,9.35,16869,15747894.0,0.0,0,9.64,0
20070711,1184083200000,9.299999999999999,9.6,9.26,9.47,11678,11039420.0,0.0,0,9.35,0
20070712,1184169600000,9.47,9.58,9.41,9.5,12824,12173797.000000002,0.0,0,9.47,0
20070713,1184256000000,9.55,9.55,9.23,9.35,9870,9219962.0,0.0,0,9.5,0
20070716,1184515200000,9.3,9.38,8.9,8.91,11999,10869598.000000002,0.0,0,9.35,0
20070717,1184601600000,8.89,9.19,8.67,9.1,7963,7170424.999999999,0.0,0,8.91,0
20070718,1184688000000,9.1,9.209999999999999,8.86,9.11,10234,9268058.0,0.0,0,9.1,0
20070719,1184774400000,9.11,9.26,9.08,9.1,5974,5467998.0,0.0,0,9.11,0
20070720,1184860800000,9.1,9.5,9.1,9.45,18852,17709563.0,0.0,0,9.1,0
20070723,1185120000000,9.47,10.100000000000001,9.47,10.040000000000001,34023,33585628.0,0.0,0,9.450000000000001,0
20070724,1185206400000,10.110000000000001,10.4,9.98,10.040000000000001,44844,45453331.0,0.0,0,10.040000000000001,0
20070725,1185292800000,10.040000000000001,10.280000000000001,9.96,10.23,29056,29482313.0,0.0,0,10.040000000000001,0
20070726,1185379200000,10.25,10.549999999999999,10.19,10.469999999999999,41461,43008011.00000001,0.0,0,10.229999999999999,0
20070727,1185465600000,10.46,10.680000000000001,10.22,10.55,31248,32856752.000000004,0.0,0,10.47,0
20070730,1185724800000,10.610000000000001,11.030000000000001,10.56,10.950000000000001,35319,38428704.0,0.0,0,10.55,0
20070731,1185811200000,11.0,11.29,10.76,11.28,47561,52702035.0,0.0,0,10.95,0
20070801,1185897600000,11.280000000000001,11.5,10.31,10.360000000000001,47608,52280454.0,0.0,0,11.280000000000001,0
20070802,1185984000000,10.360000000000001,10.360000000000001,10.360000000000001,10.360000000000001,0,0.0,0.0,0,10.360000000000001,1
20070803,1186070400000,10.360000000000001,10.360000000000001,10.360000000000001,10.360000000000001,0,0.0,0.0,0,10.360000000000001,1
20070806,1186329600000,11.4,11.4,11.4,11.4,7789,8880144.0,0.0,0,10.36,0
20070807,1186416000000,12.540000000000001,12.540000000000001,12.030000000000001,12.540000000000001,191261,236074060.0,0.0,0,11.4,0
20070808,1186502400000,12.57,13.700000000000001,12.55,13.14,144934,191012458.99999997,0.0,0,12.540000000000001,0
20070809,1186588800000,13.200000000000001,13.680000000000001,12.620000000000001,12.81,78464,101377193.0,0.0,0,13.14,0
20070810,1186675200000,12.8,12.8,11.700000000000001,12.250000000000002,57619,69981475.0,0.0,0,12.81,0
20070813,1186934400000,12.200000000000001,12.200000000000001,11.450000000000001,11.770000000000001,46876,54969753.0,0.0,0,12.250000000000002,0
20070814,1187020800000,11.52,11.99,11.52,11.91,25740,30561916.999999996,0.0,0,11.77,0
20070815,1187107200000,12.05,12.05,11.41,11.69,27599,32286390.0,0.0,0,11.91,0
20070816,1187193600000,11.67,11.93,11.4,11.89,26417,30799019.0,0.0,0,11.69,0
20070817,1187280000000,11.85,12.0,11.6,11.7,22961,27085966.000000004,0.0,0,11.889999999999999,0
20070820,1187539200000,11.91,12.299999999999999,11.85,12.2,36256,43875246.0,0.0,0,11.7,0
20070821,1187625600000,12.3,12.56,12.08,12.4,51715,64146496.99999999,0.0,0,12.2,0
20070822,1187712000000,12.36,12.83,12.1,12.469999999999999,55176,69424008.0,0.0,0,12.4,0
20070823,1187798400000,12.47,12.690000000000001,12.21,12.47,37332,46223036.0,0.0,0,12.47,0
20070824,1187884800000,12.38,12.63,12.280000000000001,12.48,43709,54455661.00000001,0.0,0,12.47,0
20070827,1188144000000,12.51,13.57,12.41,13.48,147934,194531778.0,0.0,0,12.48,0
20070828,1188230400000,13.45,14.83,13.0,14.82,230115,333011689.0,0.0,0,13.48,0
20070829,1188316800000,14.680000000000001,15.57,14.200000000000001,14.49,138489,205251504.0,0.0,0,14.82,0
20070830,1188403200000,14.469999999999999,14.95,13.86,14.719999999999999,92825,133234095.0,0.0,0,14.49,0
20070831,1188489600000,14.66,15.6,14.41,15.21,103952,157055671.0,0.0,0,14.72,0
20070903,1188748800000,15.360000000000001,15.600000000000001,15.05,15.16,85771,130841449.0,0.0,0,15.21,0
20070904,1188835200000,15.180000000000001,15.3,14.38,14.4,75732,111477203.0,0.0,0,15.16,0
20070905,1188921600000,14.590000000000002,15.15,14.38,14.72,51815,76574342.0,0.0,0,14.4,0
20070906,1189008000000,14.74,15.09,14.52,14.639999999999999,37414,55022191.0,0.0,0,14.719999999999999,0
20070907,1189094400000,14.6,14.6,13.58,13.77,78608,110070257.0,0.0,0,14.64,0
20070910,1189353600000,13.7,14.0,13.18,13.95,48933,66201359.99999999,0.0,0,13.77,0
20070911,1189440000000,13.94,14.88,13.57,13.68,70680,102079404.00000001,0.0,0,13.950000000000001,0
20070912,1189526400000,13.5,14.4,13.5,14.09,66716,93181703.99999999,0.0,0,13.68,0
20070913,1189612800000,14.200000000000001,14.540000000000001,13.9,14.41,71866,103077291.0,0.0,0,14.09,0
20070914,1189699200000,14.5,14.79,14.26,14.57,57960,84227901.00000001,0.0,0,14.41,0
20070917,1189958400000,14.639999999999999,14.899999999999999,14.36,14.79,59098,86631537.0,0.0,0,14.57,0
20070918,1190044800000,14.86,15.209999999999999,14.6,15.14,67236,100599616.0,0.0,0,14.79,0
20070919,1190131200000,15.600000000000001,16.560000000000002,15.3,15.84,136210,218447240.00000003,0.0,0,15.14,0
20070920,1190217600000,15.65,15.959999999999999,15.09,15.49,74941,115665374.0,0.0,0,15.84,0
20070921,1190304000000,15.5,15.69,14.6,14.99,57309,85742678.00000001,0.0,0,15.49,0
20070924,1190563200000,14.99,16.490000000000002,14.71,16.490000000000002,131442,211294566.00000003,0.0,0,14.99,0
20070925,1190649600000,16.85,16.9,15.6,15.87,71768,116135700.00000001,0.0,0,16.49,0
20070926,1190736000000,15.870000000000001,15.870000000000001,14.9,15.14,42072,64166788.0,0.0,0,15.870000000000001,0
20070927,1190822400000,15.100000000000001,15.5,14.96,15.420000000000002,26265,40026742.0,0.0,0,15.14,0
20070928,1190908800000,15.63,15.760000000000002,15.3,15.450000000000001,39248,60920053.0,0.0,0,15.42,0
20071008,1191772800000,15.55,15.700000000000001,14.98,14.98,40069,60811585.0,0.0,0,15.450000000000001,0
20071009,1191859200000,14.98,14.98,14.4,14.81,35160,51487626.00000001,0.0,0,14.98,0
20071010,1191945600000,14.850000000000001,15.090000000000002,14.700000000000001,14.82,33266,49540654.00000001,0.0,0,14.81,0
20071011,1192032000000,14.799999999999999,14.809999999999999,14.11,14.2,42845,61445294.0,0.0,0,14.82,0
20071012,1192118400000,14.26,14.99,13.58,14.870000000000001,54205,76749782.0,0.0,0,14.2,0
20071015,1192377600000,14.9,15.5,14.21,15.280000000000001,82383,124734919.0,0.0,0,14.870000000000001,0
20071016,1192464000000,15.1,15.48,14.81,14.99,32062,48196446.0,0.0,0,15.280000000000001,0
20071017,1192550400000,15.05,15.3,14.5,14.59,31285,46503199.00000001,0.0,0,14.99,0
20071018,1192636800000,14.5,14.53,13.86,13.879999999999999,30785,43301750.00000001,0.0,0,14.59,0
20071019,1192723200000,13.97,14.200000000000001,13.700000000000001,13.71,18675,25971546.0,0.0,0,13.88,0
20071022,1192982400000,13.680000000000001,14.120000000000001,13.22,13.41,16993,23172649.000000004,0.0,0,13.71,0
20071023,1193068800000,13.420000000000002,13.680000000000001,12.700000000000001,13.350000000000001,21815,28689762.0,0.0,0,13.41,0
20071024,1193155200000,13.5,13.65,13.15,13.16,13721,18289560.0,0.0,0,13.35,0
20071025,1193241600000,13.15,13.15,11.84,11.84,28546,34732918.0,0.0,0,13.16,0
20071026,1193328000000,11.51,11.799999999999999,10.86,11.309999999999999,23726,26741559.999999996,0.0,0,11.84,0
20071029,1193587200000,11.31,11.99,11.31,11.98,22469,26364732.0,0.0,0,11.31,0
20071030,1193673600000,12.21,13.08,12.15,12.97,24500,31228397.0,0.0,0,11.98,0
20071031,1193760000000,12.98,13.280000000000001,12.700000000000001,13.13,26933,34948563.99999999,0.0,0,12.97,0
20071101,1193846400000,13.13,13.15,12.49,12.5,19467,24706489.0,0.0,0,13.13,0
20071102,1193932800000,12.200000000000001,12.49,11.81,11.92,17958,21622277.000000004,0.0,0,12.5,0
20071105,1194192000000,11.75,12.48,11.41,12.44,15148,18217169.999999996,0.0,0,11.92,0
20071106,1194278400000,12.32,12.79,12.01,12.44,12602,15835325.999999998,0.0,0,12.44,0
20071107,1194364800000,12.54,12.799999999999999,12.18,12.58,10865,13655001.000000002,0.0,0,12.44,0
20071108,1194451200000,12.6,12.64,12.0,12.08,12659,15469866.000000002,0.0,0,12.58,0
20071109,1194537600000,12.0,12.15,11.58,11.84,12503,14744739.0,0.0,0,12.08,0
20071112,1194796800000,11.59,11.65,10.9,11.27,14249,16073618.000000002,0.0,0,11.84,0
20071113,1194883200000,11.4,11.790000000000001,11.22,11.49,13733,15828719.0,0.0,0,11.270000000000001,0
20071114,1194969600000,11.56,12.24,11.56,12.23,15970,18991313.0,0.0,0,11.49,0
20071115,1195056000000,12.21,12.48,11.89,11.92,17702,21525714.0,0.0,0,12.23,0
20071116,1195142400000,11.71,11.88,11.56,11.790000000000001,10879,12680946.0,0.0,0,11.92,0
20071119,1195401600000,11.8,12.350000000000001,11.8,12.21,13009,15768260.0,0.0,0,11.790000000000001,0
20071120,1195488000000,12.100000000000001,12.64,12.05,12.510000000000002,18629,23142652.0,0.0,0,12.21,0
20071121,1195574400000,12.510000000000002,12.510000000000002,12.510000000000002,12.510000000000002,0,0.0,0.0,0,12.510000000000002,1
20071122,1195660800000,12.510000000000002,12.510000000000002,12.510000000000002,12.510000000000002,0,0.0,0.0,0,12.510000000000002,1
20071123,1195747200000,11.5,12.15,11.5,12.14,14451,17099392.0,0.0,0,12.51,0
20071126,1196006400000,12.16,12.43,11.81,11.83,11177,13622995.0,0.0,0,12.14,0
20071127,1196092800000,11.78,12.06,11.58,11.77,7421,8824320.000000002,0.0,0,11.83,0
20071128,1196179200000,11.780000000000001,11.97,11.64,11.75,6300,7419426.0,0.0,0,11.770000000000001,0
20071129,1196265600000,11.8,12.18,11.65,12.120000000000001,12864,15427891.000000002,0.0,0,11.75,0
20071130,1196352000000,12.25,12.55,11.81,11.870000000000001,16240,19809194.0,0.0,0,12.120000000000001,0
20071203,1196611200000,11.700000000000001,12.080000000000002,11.700000000000001,11.950000000000001,8852,10514017.0,0.0,0,11.870000000000001,0
20071204,1196697600000,11.9,12.200000000000001,11.870000000000001,11.97,7745,9329489.0,0.0,0,11.950000000000001,0
20071205,1196784000000,11.9,12.38,11.9,12.25,16101,19602240.0,0.0,0,11.97,0
20071206,1196870400000,12.42,12.42,12.05,12.200000000000001,11247,13747317.0,0.0,0,12.25,0
20071207,1196956800000,12.200000000000001,12.500000000000002,12.200000000000001,12.49,17826,22108026.999999996,0.0,0,12.200000000000001,0
20071210,1197216000000,12.4,12.9,12.3,12.850000000000001,27427,34852752.0,0.0,0,12.49,0
20071211,1197302400000,12.860000000000001,12.89,12.540000000000001,12.790000000000001,23272,29539556.0,0.0,0,12.850000000000001,0
20071212,1197388800000,12.790000000000001,12.790000000000001,12.790000000000001,12.790000000000001,0,0.0,0.0,0,12.790000000000001,1
20071213,1197475200000,12.7,13.120000000000001,12.41,12.44,21080,27049728.000000004,0.0,0,12.790000000000001,0
20071214,1197561600000,12.44,12.65,12.08,12.64,12428,15358944.0,0.0,0,12.44,0
20071217,1197820800000,12.65,13.15,12.5,13.06,36730,47479657.0,0.0,0,12.64,0
20071218,1197907200000,13.100000000000001,13.24,12.8,12.930000000000001,26158,34052705.0,0.0,0,13.06,0
20071219,1197993600000,13.1,13.28,12.86,13.149999999999999,22718,29778407.0,0.0,0,12.93,0
20071220,1198080000000,13.2,13.299999999999999,13.11,13.17,17080,22557979.0,0.0,0,13.149999999999999,0
20071221,1198166400000,13.15,13.6,13.1,13.44,24800,33252633.0,0.0,0,13.17,0
20071224,1198425600000,13.600000000000001,13.870000000000001,13.47,13.49,26890,36777850.0,0.0,0,13.440000000000001,0
20071225,1198512000000,13.45,13.76,13.41,13.6,17044,23180593.999999996,0.0,0,13.49,0
20071226,1198598400000,13.75,14.15,13.6,14.11,26966,37761136.00000001,0.0,0,13.6,0
20071227,1198684800000,14.200000000000001,14.500000000000002,14.200000000000001,14.280000000000001,29027,41704007.0,0.0,0,14.110000000000001,0
20071228,1198771200000,14.3,14.420000000000002,13.96,14.22,23808,33784469.0,0.0,0,14.280000000000001,0
20080102,1199203200000,14.200000000000001,14.57,13.89,14.51,25573,36580791.0,0.0,0,14.22,0
20080103,1199289600000,14.5,15.09,14.4,14.91,30813,45826975.0,0.0,0,14.51,0
20080104,1199376000000,14.91,14.91,14.91,14.91,0,0.0,0.0,0,14.91,1
20080107,1199635200000,15.219999999999999,15.469999999999999,14.93,15.0,34485,52268891.0,0.0,0,14.91,0
20080108,1199721600000,14.920000000000002,15.080000000000002,14.280000000000001,14.39,39592,57927149.0,0.0,0,15.000000000000002,0
20080109,1199808000000,14.430000000000001,14.99,14.38,14.98,23668,35026461.0,0.0,0,14.39,0
20080110,1199894400000,15.020000000000001,15.3,14.88,15.190000000000001,35942,54329460.0,0.0,0,14.98,0
20080111,1199980800000,15.26,15.33,14.9,15.3,35732,54003914.99999999,0.0,0,15.19,0
20080114,1200240000000,15.56,16.830000000000002,15.56,16.830000000000002,105924,174152120.0,0.0,0,15.3,0
20080115,1200326400000,17.1,18.180000000000003,17.080000000000002,17.21,139470,243888077.0,0.0,0,16.830000000000002,0
20080116,1200412800000,17.189999999999998,17.669999999999998,16.7,17.349999999999998,78659,134720469.00000003,0.0,0,17.21,0
20080117,1200499200000,17.0,17.36,15.98,16.56,49456,82259484.0,0.0,0,17.35,0
20080118,1200585600000,16.56,16.79,15.91,16.38,37840,61272130.00000001,0.0,0,16.56,0
20080121,1200844800000,16.41,16.5,15.05,15.16,40953,64278947.0,0.0,0,16.380000000000003,0
20080122,1200931200000,14.700000000000001,14.700000000000001,13.64,13.64,38519,54023227.0,0.0,0,15.16,0
20080123,1201017600000,13.6,14.57,13.5,14.49,30194,42376580.0,0.0,0,13.64,0
20080124,1201104000000,14.4,14.870000000000001,14.200000000000001,14.72,34305,49993579.0,0.0,0,14.49,0
20080125,1201190400000,14.72,15.45,14.51,15.18,36608,55315102.0,0.0,0,14.72,0
20080128,1201449600000,14.98,15.1,13.66,13.66,29659,41811353.00000001,0.0,0,15.18,0
20080129,1201536000000,13.8,14.45,13.66,14.41,23375,33006437.0,0.0,0,13.66,0
20080130,1201622400000,14.5,14.8,13.88,14.370000000000001,19044,27453410.0,0.0,0,14.41,0
20080131,1201708800000,14.49,14.5,13.9,13.92,8552,12138878.0,0.0,0,14.370000000000001,0
20080201,1201795200000,14.0,14.18,12.85,13.6,16218,21889489.0,0.0,0,13.92,0
20080204,1202054400000,13.88,14.9,13.88,14.8,19285,27828750.0,0.0,0,13.600000000000001,0
20080205,1202140800000,14.700000000000001,14.88,14.030000000000001,14.590000000000002,16028,23422797.0,0.0,0,14.8,0
20080213,1202832000000,14.59,15.48,14.3,15.120000000000001,28656,43277879.0,0.0,0,14.59,0
20080214,1202918400000,15.22,15.790000000000001,15.22,15.56,27908,43290588.99999999,0.0,0,15.120000000000001,0
20080215,1203004800000,15.450000000000001,15.780000000000001,15.3,15.770000000000001,34215,53572431.00000001,0.0,0,15.56,0
20080218,1203264000000,15.870000000000001,17.35,15.870000000000001,17.060000000000002,79393,133647133.0,0.0,0,15.770000000000001,0
20080219,1203350400000,16.900000000000002,17.26,16.62,17.130000000000003,47956,81534278.0,0.0,0,17.060000000000002,0
20080220,1203436800000,17.28,17.6,16.5,16.55,51410,87342774.0,0.0,0,17.13,0
20080221,1203523200000,16.53,17.18,16.3,16.78,38005,63711330.0,0.0,0,16.55,0
20080222,1203609600000,16.86,17.48,16.79,17.31,88875,153037448.0,0.0,0,16.779999999999998,0
20080225,1203868800000,17.55,18.2,16.5,16.52,97579,170981246.0,0.0,0,17.31,0
20080226,1203955200000,16.86,17.28,15.450000000000001,15.98,57423,92598465.0,0.0,0,16.52,0
20080227,1204041600000,16.03,16.54,15.88,16.060000000000002,33588,54430628.99999999,0.0,0,15.98,0
20080228,1204128000000,16.200000000000003,17.12,16.01,16.810000000000002,32992,54922733.00000001,0.0,0,16.060000000000002,0
20080229,1204214400000,16.78,17.35,16.580000000000002,17.01,33520,57039058.0,0.0,0,16.810000000000002,0
20080303,1204473600000,17.01,17.64,16.8,17.470000000000002,39173,68059834.0,0.0,0,17.01,0
20080304,1204560000000,17.650000000000002,18.590000000000003,17.650000000000002,17.89,83527,151518342.0,0.0,0,17.470000000000002,0
20080305,1204646400000,17.69,18.1,17.02,17.669999999999998,34813,61034694.0,0.0,0,17.89,0
20080306,1204732800000,17.75,18.39,17.6,17.700000000000003,39384,70691645.0,0.0,0,17.67,0
20080307,1204819200000,17.7,18.1,17.09,17.27,31409,55080564.00000001,0.0,0,17.7,0
20080310,1205078400000,17.28,17.4,16.02,16.36,31447,52352156.00000001,0.0,0,17.27,0
20080311,1205164800000,16.28,17.05,15.93,16.85,19888,33165060.999999996,0.0,0,16.36,0
20080312,1205251200000,16.92,17.45,16.8,16.84,27247,46716292.0,0.0,0,16.85,0
20080313,1205337600000,16.220000000000002,16.84,15.55,16.25,29886,48354796.0,0.0,0,16.84,0
20080314,1205424000000,16.3,16.49,15.6,16.19,15399,24620012.0,0.0,0,16.25,0
20080317,1205683200000,16.14,16.14,14.57,14.57,29449,44698759.00000001,0.0,0,16.19,0
20080318,1205769600000,14.25,14.88,13.15,13.38,28237,38893131.0,0.0,0,14.57,0
20080319,1205856000000,13.6,14.28,13.0,13.55,35568,48648842.0,0.0,0,13.38,0
20080320,1205942400000,13.65,14.6,12.93,14.219999999999999,36495,50154140.0,0.0,0,13.549999999999999,0
20080321,1206028800000,14.399999999999999,14.799999999999999,14.11,14.5,28708,41454978.0,0.0,0,14.219999999999999,0
20080324,1206288000000,14.53,15.15,14.25,14.35,36585,54488922.00000001,0.0,0,14.5,0
20080325,1206374400000,13.92,14.95,13.86,14.94,26297,38326529.00000001,0.0,0,14.35,0
20080326,1206460800000,15.0,16.05,15.0,15.83,60913,95607097.0,0.0,0,14.94,0
20080327,1206547200000,15.65,16.53,15.32,16.14,83284,134780052.0,0.0,0,15.83,0
20080328,1206633600000,16.0,16.6,15.01,16.49,81517,131101476.00000001,0.0,0,16.14,0
20080331,1206892800000,16.43,16.45,14.84,14.89,75711,118749566.0,0.0,0,16.49,0
20080401,1206979200000,14.920000000000002,15.15,13.700000000000001,13.88,47643,67790372.0,0.0,0,14.89,0
20080402,1207065600000,14.05,14.360000000000001,13.13,13.49,36728,50494224.0,0.0,0,13.88,0
20080403,1207152000000,13.450000000000001,14.36,13.15,14.290000000000001,27084,37611550.00000001,0.0,0,13.49,0
20080407,1207497600000,14.06,15.49,13.92,15.379999999999999,41532,62143759.0,0.0,0,14.29,0
20080408,1207584000000,15.299999999999999,15.799999999999999,15.02,15.45,43736,67332319.0,0.0,0,15.379999999999999,0
20080409,1207670400000,15.280000000000001,16.2,14.72,14.770000000000001,48616,75479277.00000001,0.0,0,15.450000000000001,0
20080410,1207756800000,14.549999999999999,15.9,14.52,15.87,43185,66089691.00000001,0.0,0,14.77,0
20080411,1207843200000,16.0,16.19,15.700000000000001,15.96,52603,83905388.0,0.0,0,15.870000000000001,0
20080414,1208102400000,15.4,15.65,14.66,14.69,36609,55231240.00000001,0.0,0,15.96,0
20080415,1208188800000,14.67,15.79,14.6,15.77,32741,49649191.00000001,0.0,0,14.69,0
20080416,1208275200000,15.75,15.79,15.02,15.139999999999999,25940,40023667.99999999,0.0,0,15.77,0
20080417,1208361600000,15.25,15.8,14.81,15.290000000000001,33458,51259787.0,0.0,0,15.14,0
20080418,1208448000000,15.0,15.07,13.76,13.76,44224,62430320.0,0.0,0,15.29,0
20080421,1208707200000,14.959999999999999,14.98,13.01,13.27,39498,55880146.00000001,0.0,0,13.76,0
20080422,1208793600000,13.27,13.27,13.27,13.27,0,0.0,0.0,0,13.27,1
20080423,1208880000000,12.98,13.8,12.0,13.76,63176,80968933.0,0.0,0,13.27,0
20080424,1208966400000,15.000000000000002,15.14,14.200000000000001,15.120000000000001,91215,135255317.99999997,0.0,0,13.760000000000002,0
20080425,1209052800000,14.750000000000002,15.790000000000001,14.530000000000001,15.010000000000002,74079,112398069.0,0.0,0,15.120000000000001,0
20080428,1209312000000,14.5,15.08,14.41,14.66,32848,48422516.00000001,0.0,0,15.01,0
20080429,1209398400000,14.6,15.25,14.59,15.22,33190,49716308.0,0.0,0,14.66,0
20080430,1209484800000,15.440000000000001,16.380000000000003,15.120000000000001,16.200000000000003,90034,142482930.00000003,0.0,0,15.22,0
20080505,1209916800000,16.5,17.14,16.0,17.11,97202,161122530.0,0.0,0,16.2,0
20080506,1210003200000,17.0,17.39,16.71,16.89,85737,146224930.0,0.0,0,17.11,0
20080507,1210089600000,16.89,17.25,15.88,15.98,76676,126891528.0,0.0,0,16.89,0
20080508,1210176000000,7.55,8.62,7.55,8.59,81566,68461874.0,0.0,0,7.97,0
20080509,1210262400000,8.4,8.5,7.75,8.02,152185,123446356.00000001,0.0,0,8.59,0
20080512,1210521600000,7.9,8.12,7.38,7.9799999999999995,90754,70644178.0,0.0,0,8.02,0
20080513,1210608000000,7.69,7.98,7.5,7.72,79409,61313934.0,0.0,0,7.98,0
20080514,1210694400000,7.680000000000001,8.49,7.640000000000001,8.49,274774,229598294.00000003,0.0,0,7.720000000000001,0
20080515,1210780800000,8.59,8.62,8.11,8.139999999999999,198154,165234985.0,0.0,0,8.49,0
20080516,1210867200000,8.200000000000001,8.280000000000001,7.890000000000001,8.16,75981,61055448.00000001,0.0,0,8.14,0
20080519,1211126400000,8.08,8.23,7.930000000000001,8.09,41414,33378708.0,0.0,0,8.16,0
20080520,1211212800000,8.15,8.15,7.28,7.38,76796,59672136.0,0.0,0,8.09,0
20080521,1211299200000,7.25,7.66,6.83,7.49,70748,50981804.0,0.0,0,7.38,0
20080522,1211385600000,7.45,7.45,7.1000000000000005,7.2700000000000005,110669,80431358.00000001,0.0,0,7.49,0
20080523,1211472000000,7.25,7.33,6.9,6.94,63563,44652179.0,0.0,0,7.2700000000000005,0
20080526,1211731200000,6.8999999999999995,6.9399999999999995,6.51,6.54,54868,36387089.0,0.0,0,6.9399999999999995,0
20080527,1211817600000,6.5600000000000005,6.83,6.5600000000000005,6.750000000000001,37197,24993981.000000004,0.0,0,6.540000000000001,0
20080528,1211904000000,6.760000000000001,6.95,6.69,6.890000000000001,35487,24316550.0,0.0,0,6.75,0
20080529,1211990400000,6.890000000000001,6.9,6.61,6.67,32681,22026707.0,0.0,0,6.890000000000001,0
20080530,1212076800000,6.67,6.79,6.58,6.67,25084,16698540.0,0.0,0,6.67,0
20080602,1212336000000,6.670000000000001,6.890000000000001,6.6000000000000005,6.8500000000000005,33696,22771656.999999996,0.0,0,6.670000000000001,0
20080603,1212422400000,6.8500000000000005,6.92,6.62,6.73,26707,17947034.0,0.0,0,6.8500000000000005,0
20080604,1212508800000,6.750000000000001,6.760000000000001,6.3500000000000005,6.390000000000001,35996,23327693.999999996,0.0,0,6.73,0
20080605,1212595200000,6.420000000000001,6.48,6.3100000000000005,6.4,18961,12113583.0,0.0,0,6.390000000000001,0
20080606,1212681600000,6.4,6.45,6.23,6.32,21017,13300650.000000002,0.0,0,6.4,0
20080610,1213027200000,6.140000000000001,6.140000000000001,5.69,5.69,45787,26706883.0,0.0,0,6.32,0
20080611,1213113600000,5.6499999999999995,5.6499999999999995,5.3,5.39,33845,18390082.0,0.0,0,5.6899999999999995,0
20080612,1213200000000,5.35,5.52,5.3,5.42,32600,17732832.0,0.0,0,5.39,0
20080613,1213286400000,5.42,5.61,5.29,5.38,30840,16844419.0,0.0,0,5.42,0
20080616,1213545600000,5.2299999999999995,5.4399999999999995,5.05,5.109999999999999,27404,14236533.000000002,0.0,0,5.38,0
20080617,1213632000000,5.15,5.2,4.6000000000000005,4.6000000000000005,40677,19522282.0,0.0,0,5.11,0
20080618,1213718400000,4.5,5.0,4.18,4.88,68883,31785105.000000004,0.0,0,4.6,0
20080619,1213804800000,4.63,4.79,4.39,4.39,39612,18149488.0,0.0,0,4.88,0
20080620,1213891200000,4.4,4.630000000000001,4.11,4.32,39847,17539176.0,0.0,0,4.390000000000001,0
20080623,1214150400000,4.199999999999999,4.449999999999999,4.14,4.3,23701,10267882.0,0.0,0,4.319999999999999,0
20080624,1214236800000,4.300000000000001,4.57,4.23,4.5,30919,13720405.0,0.0,0,4.300000000000001,0
20080625,1214323200000,4.5200000000000005,4.95,4.45,4.91,52855,25115652.0,0.0,0,4.5,0
20080626,1214409600000,5.0200000000000005,5.180000000000001,4.8500000000000005,5.080000000000001,66882,33772406.0,0.0,0,4.91,0
20080627,1214496000000,4.96,4.96,4.57,4.59,49321,23311587.000000004,0.0,0,5.08,0
20080630,1214755200000,4.5,4.73,4.46,4.63,19304,8888552.999999998,0.0,0,4.59,0
20080701,1214841600000,4.65,4.75,4.5,4.55,21337,9788390.0,0.0,0,4.63,0
20080702,1214928000000,4.55,4.68,4.51,4.58,14918,6857559.0,0.0,0,4.55,0
20080703,1215014400000,4.58,4.86,4.45,4.7700000000000005,38135,17985692.0,0.0,0,4.58,0
20080704,1215100800000,4.71,4.85,4.58,4.6,43556,20442001.0,0.0,0,4.7700000000000005,0
20080707,1215360000000,4.6,5.0600000000000005,4.58,5.0600000000000005,134618,65944589.00000001,0.0,0,4.6,0
20080708,1215446400000,5.11,5.49,5.0600000000000005,5.37,255304,135310852.0,0.0,0,5.0600000000000005,0
20080709,1215532800000,5.25,5.550000000000001,5.23,5.48,214909,115836311.00000001,0.0,0,5.37,0
20080710,1215619200000,5.380000000000001,5.48,5.15,5.19,122139,65363335.0,0.0,0,5.48,0
20080711,1215705600000,5.15,5.28,5.0,5.12,80427,41051563.99999999,0.0,0,5.19,0
20080714,1215964800000,5.05,5.26,5.01,5.25,57347,29585248.0,0.0,0,5.12,0
20080715,1216051200000,5.24,5.32,4.92,5.0,80564,41071993.99999999,0.0,0,5.25,0
20080716,1216137600000,4.92,4.99,4.5,4.6,67562,31740465.0,0.0,0,5.0,0
20080717,1216224000000,4.7,4.77,4.5,4.56,40690,18837792.000000004,0.0,0,4.6,0
20080718,1216310400000,4.6000000000000005,4.78,4.45,4.75,37675,17398297.0,0.0,0,4.5600000000000005,0
20080721,1216569600000,4.75,4.98,4.66,4.96,49710,24241343.0,0.0,0,4.75,0
20080722,1216656000000,4.85,4.96,4.76,4.859999999999999,84382,41130785.00000001,0.0,0,4.96,0
20080723,1216742400000,4.8999999999999995,4.95,4.72,4.7299999999999995,57171,27630271.000000004,0.0,0,4.859999999999999,0
20080724,1216828800000,4.77,4.859999999999999,4.72,4.83,49388,23766997.0,0.0,0,4.7299999999999995,0
20080725,1216915200000,4.82,5.1,4.75,5.03,101163,50298143.0,0.0,0,4.83,0
20080728,1217174400000,5.1,5.18,5.01,5.12,80438,41105682.0,0.0,0,5.029999999999999,0
20080729,1217260800000,5.08,5.12,4.91,5.04,61127,30586916.999999996,0.0,0,5.12,0
20080730,1217347200000,5.11,5.15,4.91,5.01,41901,21086271.0,0.0,0,5.04,0
20080731,1217433600000,5.010000000000001,5.1000000000000005,4.8100000000000005,4.930000000000001,56869,28253501.000000004,0.0,0,5.010000000000001,0
20080801,1217520000000,4.88,5.07,4.8,4.97,43802,21596650.999999996,0.0,0,4.93,0
20080804,1217779200000,4.98,4.98,4.62,4.63,45352,21870704.0,0.0,0,4.97,0
20080805,1217865600000,4.65,4.720000000000001,4.45,4.47,34945,15839640.0,0.0,0,4.63,0
20080806,1217952000000,4.5,4.56,4.38,4.5,22484,10056904.0,0.0,0,4.47,0
20080807,1218038400000,4.5,4.55,4.39,4.5,18752,8364697.000000001,0.0,0,4.5,0
20080808,1218124800000,4.5,4.59,4.05,4.13,33536,14538442.0,0.0,0,4.5,0
20080811,1218384000000,4.1000000000000005,4.13,3.72,3.72,34880,13377265.0,0.0,0,4.13,0
20080812,1218470400000,3.72,3.7700000000000005,3.5700000000000003,3.6900000000000004,19776,7279691.999999999,0.0,0,3.72,0
20080813,1218556800000,3.7,3.77,3.45,3.7300000000000004,25723,9339360.000000002,0.0,0,3.6900000000000004,0
20080814,1218643200000,3.66,3.72,3.62,3.66,19346,7100681.0,0.0,0,3.73,0
20080815,1218729600000,3.64,3.7100000000000004,3.5100000000000002,3.6300000000000003,18225,6632496.0,0.0,0,3.66,0
20080818,1218988800000,3.6,3.65,3.27,3.27,24676,8446323.000000002,0.0,0,3.63,0
20080819,1219075200000,3.27,3.36,3.21,3.35,19446,6418860.000000001,0.0,0,3.27,0
20080820,1219161600000,3.29,3.6900000000000004,3.22,3.6900000000000004,45604,16255317.000000002,0.0,0,3.35,0
20080821,1219248000000,3.6,3.87,3.5500000000000003,3.5700000000000003,45086,16645489.0,0.0,0,3.6900000000000004,0
20080822,1219334400000,3.5700000000000003,3.62,3.37,3.49,22105,7718750.0,0.0,0,3.5700000000000003,0
20080825,1219593600000,3.55,3.6,3.46,3.4899999999999998,16693,5901784.0,0.0,0,3.4899999999999998,0
20080826,1219680000000,3.47,3.49,3.27,3.32,23812,7978533.0,0.0,0,3.49,0
20080827,1219766400000,3.3000000000000003,3.39,3.12,3.29,22339,7313806.000000001,0.0,0,3.3200000000000003,0
20080828,1219852800000,3.2600000000000002,3.3400000000000003,3.24,3.2800000000000002,12419,4076586.0,0.0,0,3.29,0
20080829,1219939200000,3.3,3.43,3.29,3.36,24653,8273897.0,0.0,0,3.2800000000000002,0
20080901,1220198400000,3.3,3.46,3.19,3.45,30515,10087224.0,0.0,0,3.36,0
20080902,1220284800000,3.46,3.8,3.42,3.8,152316,56674197.0,0.0,0,3.4499999999999997,0
20080903,1220371200000,3.75,3.94,3.5,3.65,132157,49564699.0,0.0,0,3.8,0
20080904,1220457600000,3.58,3.96,3.52,3.89,125432,47963576.0,0.0,0,3.65,0
20080905,1220544000000,3.7,4.04,3.66,3.77,123550,47505087.0,0.0,0,3.89,0
20080908,1220803200000,3.69,3.98,3.6,3.87,114889,43853037.00000001,0.0,0,3.77,0
20080909,1220889600000,3.85,4.0200000000000005,3.72,3.83,114537,44568606.00000001,0.0,0,3.87,0
20080910,1220976000000,3.8800000000000003,4.1000000000000005,3.7800000000000002,4.010000000000001,126154,49981188.0,0.0,0,3.83,0
20080911,1221062400000,4.0,4.01,3.7600000000000002,3.8600000000000003,74938,29077000.0,0.0,0,4.01,0
20080912,1221148800000,3.86,3.9,3.48,3.53,89815,32972043.0,0.0,0,3.86,0
20080916,1221494400000,3.5300000000000002,3.5500000000000003,3.18,3.21,101965,33568563.0,0.0,0,3.5300000000000002,0
20080917,1221580800000,3.25,3.3200000000000003,3.2,3.25,39196,12743220.000000002,0.0,0,3.21,0
20080918,1221667200000,3.2199999999999998,3.23,2.94,3.12,57467,17694708.0,0.0,0,3.25,0
20080919,1221753600000,3.43,3.43,3.3000000000000003,3.43,74865,25482328.0,0.0,0,3.12,0
20080922,1222012800000,3.7,3.77,3.41,3.66,124043,44773965.0,0.0,0,3.43,0
20080923,1222099200000,3.5,3.52,3.29,3.3,62591,21302516.999999996,0.0,0,3.66,0
20080924,1222185600000,3.2399999999999998,3.42,3.19,3.39,33719,11135787.0,0.0,0,3.3,0
20080925,1222272000000,3.39,3.4800000000000004,3.3200000000000003,3.4400000000000004,68528,23452402.999999996,0.0,0,3.39,0
20080926,1222358400000,3.46,3.47,3.27,3.36,44340,14879483.000000002,0.0,0,3.44,0
20081006,1223222400000,3.3000000000000003,3.35,3.2,3.3400000000000003,34444,11220675.0,0.0,0,3.3600000000000003,0
20081007,1223308800000,3.34,3.49,3.21,3.42,58655,19876089.0,0.0,0,3.34,0
20081008,1223395200000,3.41,3.5300000000000002,3.35,3.49,77044,26613027.0,0.0,0,3.42,0
20081009,1223481600000,3.6,3.6700000000000004,3.5100000000000002,3.52,110894,39668175.0,0.0,0,3.49,0
20081010,1223568000000,3.3600000000000003,3.41,3.18,3.22,51914,16836932.0,0.0,0,3.52,0
20081013,1223827200000,3.14,3.25,3.02,3.24,30961,9623812.0,0.0,0,3.22,0
20081014,1223913600000,3.35,3.37,3.06,3.07,38004,12191113.000000002,0.0,0,3.24,0
20081015,1224000000000,3.07,3.12,3.0,3.08,20802,6367689.000000001,0.0,0,3.07,0
20081016,1224086400000,2.9899999999999998,2.9899999999999998,2.86,2.86,30804,9016587.0,0.0,0,3.08,0
20081017,1224172800000,2.9,2.96,2.79,2.86,15976,4583899.0,0.0,0,2.86,0
20081020,1224432000000,2.9,2.96,2.81,2.95,21772,6279282.0,0.0,0,2.86,0
20081021,1224518400000,2.96,3.0500000000000003,2.93,2.96,31192,9299510.0,0.0,0,2.95,0
20081022,1224604800000,2.9,3.03,2.9,2.9,21507,6337684.0,0.0,0,2.96,0
20081023,1224691200000,2.85,2.93,2.77,2.93,14475,4150013.0,0.0,0,2.9,0
20081024,1224777600000,2.93,2.93,2.93,2.93,0,0.0,0.0,0,2.93,1
20081027,1225036800000,2.8000000000000003,2.8600000000000003,2.64,2.64,20604,5638014.0,0.0,0,2.93,0
20081028,1225123200000,2.6,2.7,2.5,2.64,30900,8015051.0,0.0,0,2.64,0
20081029,1225209600000,2.7,2.71,2.45,2.47,19841,5146339.0,0.0,0,2.64,0
20081030,1225296000000,2.49,2.5300000000000002,2.45,2.48,20439,5074947.0,0.0,0,2.47,0
20081031,1225382400000,2.48,2.52,2.37,2.38,15285,3718574.0,0.0,0,2.48,0
20081103,1225641600000,2.3600000000000003,2.37,2.2600000000000002,2.27,15714,3640599.0000000005,0.0,0,2.3800000000000003,0
20081104,1225728000000,2.25,2.2600000000000002,2.12,2.24,39172,8516021.0,0.0,0,2.27,0
20081105,1225814400000,2.2,2.35,2.2,2.3200000000000003,35874,8220313.0,0.0,0,2.24,0
20081106,1225900800000,2.25,2.2800000000000002,2.2,2.24,22704,5056950.0,0.0,0,2.3200000000000003,0
20081107,1225987200000,2.1999999999999997,2.34,2.17,2.32,32418,7440924.0,0.0,0,2.2399999999999998,0
20081110,1226246400000,2.35,2.5500000000000003,2.35,2.5300000000000002,59246,14549217.0,0.0,0,2.3200000000000003,0
20081111,1226332800000,2.5,2.58,2.47,2.5,56163,14149372.0,0.0,0,2.5300000000000002,0
20081112,1226419200000,2.5,2.62,2.48,2.61,45620,11696209.0,0.0,0,2.5,0
20081113,1226505600000,2.58,2.8000000000000003,2.5500000000000003,2.7600000000000002,84977,22886620.0,0.0,0,2.6100000000000003,0
20081114,1226592000000,2.78,2.89,2.71,2.88,93589,26315538.0,0.0,0,2.76,0
20081117,1226851200000,2.88,3.08,2.85,3.06,91742,27458298.0,0.0,0,2.88,0
20081118,1226937600000,3.08,3.11,2.75,2.75,109384,31674566.0,0.0,0,3.06,0
20081119,1227024000000,2.66,3.0300000000000002,2.66,3.0300000000000002,91754,26590556.0,0.0,0,2.75,0
20081120,1227110400000,3.1,3.2800000000000002,3.04,3.23,214083,68190690.0,0.0,0,3.0300000000000002,0
20081121,1227196800000,3.1,3.2,2.97,3.0900000000000003,96896,30001526.0,0.0,0,3.2300000000000004,0
20081124,1227456000000,3.14,3.18,2.85,2.88,59530,18005722.0,0.0,0,3.09,0
20081125,1227542400000,2.95,2.99,2.7800000000000002,2.85,44718,12831484.0,0.0,0,2.8800000000000003,0
20081126,1227628800000,2.85,3.06,2.75,2.97,56770,16485782.000000002,0.0,0,2.85,0
20081127,1227715200000,3.22,3.22,2.95,2.96,66459,20356406.0,0.0,0,2.97,0
20081128,1227801600000,2.9499999999999997,2.9499999999999997,2.84,2.8699999999999997,34561,9962672.000000002,0.0,0,2.96,0
20081201,1228060800000,2.86,3.0,2.81,2.99,36397,10656379.0,0.0,0,2.87,0
20081202,1228147200000,2.92,3.1,2.88,3.07,82665,25088181.999999996,0.0,0,2.9899999999999998,0
20081203,1228233600000,3.0500000000000003,3.1700000000000004,3.0500000000000003,3.16,97436,30452576.0,0.0,0,3.0700000000000003,0
20081204,1228320000000,3.25,3.3200000000000003,3.12,3.16,140796,45804157.0,0.0,0,3.16,0
20081205,1228406400000,3.12,3.2700000000000005,3.0700000000000003,3.2700000000000005,90594,29096121.0,0.0,0,3.16,0
20081208,1228665600000,3.31,3.44,3.31,3.42,127076,42921400.0,0.0,0,3.27,0
20081209,1228752000000,3.4499999999999997,3.69,3.44,3.4699999999999998,187598,66533425.0,0.0,0,3.42,0
20081210,1228838400000,3.41,3.5100000000000002,3.3000000000000003,3.5100000000000002,116533,39757227.0,0.0,0,3.47,0
20081211,1228924800000,3.49,3.54,3.35,3.35,79377,27217431.0,0.0,0,3.5100000000000002,0
20081212,1229011200000,3.2800000000000002,3.34,3.08,3.15,67702,21629315.0,0.0,0,3.35,0
20081215,1229270400000,3.15,3.2800000000000002,3.08,3.2,41263,13140207.0,0.0,0,3.15,0
20081216,1229356800000,3.16,3.22,3.0700000000000003,3.2100000000000004,39537,12390258.0,0.0,0,3.2,0
20081217,1229443200000,3.25,3.29,3.2,3.22,51605,16735226.0,0.0,0,3.21,0
20081218,1229529600000,3.1999999999999997,3.28,3.15,3.28,51434,16638813.000000002,0.0,0,3.2199999999999998,0
20081219,1229616000000,3.2800000000000002,3.6100000000000003,3.2600000000000002,3.6100000000000003,189518,66492152.00000001,0.0,0,3.2800000000000002,0
20081222,1229875200000,3.6399999999999997,3.9699999999999998,3.61,3.9699999999999998,406818,157089557.0,0.0,0,3.61,0
20081223,1229961600000,3.95,3.97,3.5700000000000003,3.58,276731,103601825.0,0.0,0,3.97,0
20081224,1230048000000,3.58,3.58,3.58,3.58,0,0.0,0.0,0,3.58,1
20081225,1230134400000,3.5,3.64,3.39,3.47,153563,53300508.0,0.0,0,3.58,0
20081226,1230220800000,3.35,3.4400000000000004,3.18,3.27,141782,46822116.0,0.0,0,3.47,0
20081229,1230480000000,3.2,3.25,3.1,3.24,72087,23017881.0,0.0,0,3.27,0
20081230,1230566400000,3.25,3.2800000000000002,3.1,3.11,74555,23597190.0,0.0,0,3.24,0
20081231,1230652800000,3.09,3.18,3.04,3.05,51672,16083275.0,0.0,0,3.11,0
20090105,1231084800000,3.1,3.27,3.08,3.24,76060,23971491.0,0.0,0,3.0500000000000003,0
20090106,1231171200000,3.2,3.3600000000000003,3.18,3.33,101924,33429785.0,0.0,0,3.24,0
20090107,1231257600000,3.33,3.39,3.27,3.33,78850,26233982.0,0.0,0,3.33,0
20090108,1231344000000,3.25,3.27,3.13,3.15,67036,21375642.0,0.0,0,3.33,0
20090109,1231430400000,3.11,3.29,3.11,3.27,58791,19025460.999999996,0.0,0,3.15,0
20090112,1231689600000,3.27,3.44,3.23,3.34,82882,27801002.0,0.0,0,3.27,0
20090113,1231776000000,3.27,3.32,3.19,3.2199999999999998,51202,16623008.0,0.0,0,3.34,0
20090114,1231862400000,3.1999999999999997,3.4,3.17,3.37,85897,28514379.0,0.0,0,3.2199999999999998,0
20090115,1231948800000,3.3400000000000003,3.4600000000000004,3.2800000000000002,3.39,97502,32989151.0,0.0,0,3.37,0
20090116,1232035200000,3.3899999999999997,3.54,3.36,3.42,102854,35539238.0,0.0,0,3.3899999999999997,0
20090119,1232294400000,3.48,3.5500000000000003,3.39,3.54,132514,46005655.0,0.0,0,3.42,0
20090120,1232380800000,3.56,3.5900000000000003,3.41,3.48,66568,23213414.0,0.0,0,3.54,0
20090121,1232467200000,3.4,3.49,3.37,3.48,67696,23205637.0,0.0,0,3.48,0
20090122,1232553600000,3.5,3.59,3.48,3.51,96219,34043836.0,0.0,0,3.48,0
20090123,1232640000000,3.52,3.54,3.41,3.43,50733,17536240.0,0.0,0,3.5100000000000002,0
20090202,1233504000000,3.44,3.5300000000000002,3.41,3.52,51275,17825968.0,0.0,0,3.43,0
20090203,1233590400000,3.5300000000000002,3.7,3.5100000000000002,3.64,117037,42342325.00000001,0.0,0,3.52,0
20090204,1233676800000,3.75,4.0,3.74,4.0,117888,46720475.0,0.0,0,3.64,0
20090205,1233763200000,4.12,4.21,3.81,3.88,357233,144600063.0,0.0,0,4.0,0
20090206,1233849600000,3.85,4.09,3.83,4.07,182872,73173014.0,0.0,0,3.88,0
20090209,1234108800000,4.12,4.46,4.05,4.359999999999999,274938,116354290.00000001,0.0,0,4.069999999999999,0
20090210,1234195200000,4.3,4.449999999999999,4.18,4.42,227996,98806703.0,0.0,0,4.359999999999999,0
20090211,1234281600000,4.37,4.75,4.25,4.46,249294,113134953.0,0.0,0,4.42,0
20090212,1234368000000,4.43,4.64,4.21,4.44,158639,70180660.00000001,0.0,0,4.46,0
20090213,1234454400000,4.45,4.57,4.4,4.54,182080,81756609.0,0.0,0,4.44,0
20090216,1234713600000,4.5600000000000005,4.95,4.45,4.83,259027,120720252.0,0.0,0,4.54,0
20090217,1234800000000,4.7,4.8,4.51,4.52,196319,91453141.00000001,0.0,0,4.83,0
20090218,1234886400000,4.4,4.5,4.11,4.16,146087,62990652.00000001,0.0,0,4.5200000000000005,0
20090219,1234972800000,4.180000000000001,4.300000000000001,4.15,4.24,82745,34908776.0,0.0,0,4.16,0
20090220,1235059200000,4.24,4.63,4.2,4.54,141991,63487891.00000001,0.0,0,4.24,0
20090223,1235318400000,4.5,4.9399999999999995,4.42,4.81,226006,106908111.99999999,0.0,0,4.54,0
20090224,1235404800000,4.8100000000000005,4.9,4.5200000000000005,4.62,217312,102571726.0,0.0,0,4.8100000000000005,0
20090225,1235491200000,4.69,4.98,4.58,4.97,279852,134683966.0,0.0,0,4.62,0
20090226,1235577600000,5.1,5.12,4.47,4.4799999999999995,266318,129130207.0,0.0,0,4.97,0
20090227,1235664000000,4.300000000000001,4.34,4.03,4.04,139116,57628062.0,0.0,0,4.48,0
20090302,1235923200000,3.9400000000000004,4.2,3.8000000000000003,4.15,93171,37694557.0,0.0,0,4.04,0
20090303,1236009600000,4.05,4.220000000000001,3.95,4.09,70297,28879234.000000004,0.0,0,4.15,0
20090304,1236096000000,4.1499999999999995,4.43,4.14,4.3999999999999995,119823,51526766.0,0.0,0,4.09,0
20090305,1236182400000,4.45,4.6000000000000005,4.3100000000000005,4.45,147746,66194200.0,0.0,0,4.4,0
20090306,1236268800000,4.37,4.55,4.3,4.4399999999999995,90998,40607329.0,0.0,0,4.45,0
20090309,1236528000000,4.54,4.54,4.16,4.17,78311,33799079.0,0.0,0,4.44,0
20090310,1236614400000,4.14,4.35,4.08,4.3100000000000005,52121,21995824.0,0.0,0,4.17,0
20090311,1236700800000,4.35,4.38,4.21,4.29,72098,31107356.000000004,0.0,0,4.31,0
20090312,1236787200000,4.14,4.35,4.14,4.279999999999999,48351,20518446.0,0.0,0,4.29,0
20090313,1236873600000,4.300000000000001,4.37,4.23,4.25,51240,22048047.999999996,0.0,0,4.28,0
20090316,1237132800000,4.26,4.3500000000000005,4.2,4.3100000000000005,41950,17908896.0,0.0,0,4.25,0
20090317,1237219200000,4.3100000000000005,4.5600000000000005,4.28,4.53,128395,57566229.0,0.0,0,4.3100000000000005,0
20090318,1237305600000,4.59,4.98,4.5,4.98,401974,196490785.0,0.0,0,4.53,0
20090319,1237392000000,5.01,5.31,4.92,5.14,528706,268854594.0,0.0,0,4.9799999999999995,0
20090320,1237478400000,5.359999999999999,5.6499999999999995,5.14,5.6499999999999995,757723,411547537.0,0.0,0,5.14,0
20090323,1237737600000,6.18,6.22,5.64,6.22,485291,291391029.0,0.0,0,5.6499999999999995,0
20090324,1237824000000,6.48,6.84,6.28,6.430000000000001,834534,545943606.0,0.0,0,6.220000000000001,0
20090325,1237910400000,6.26,6.7,6.2,6.3,626834,405865959.0,0.0,0,6.430000000000001,0
20090326,1237996800000,6.340000000000001,6.5,5.9,6.49,565608,352145612.0,0.0,0,6.300000000000001,0
20090327,1238083200000,6.3500000000000005,6.470000000000001,6.2,6.390000000000001,415541,263013233.0,0.0,0,6.49,0
20090330,1238342400000,6.3100000000000005,6.420000000000001,6.1000000000000005,6.260000000000001,292975,183341457.0,0.0,0,6.390000000000001,0
20090331,1238428800000,6.1000000000000005,6.550000000000001,6.03,6.390000000000001,402258,255059529.0,0.0,0,6.260000000000001,0
20090401,1238515200000,6.4,6.7,6.28,6.36,399278,259294058.00000003,0.0,0,6.390000000000001,0
20090402,1238601600000,6.36,6.56,6.21,6.44,334354,214271720.0,0.0,0,6.36,0
20090403,1238688000000,6.6000000000000005,6.6000000000000005,5.98,6.090000000000001,391131,243064150.0,0.0,0,6.44,0
20090407,1239033600000,6.1,6.18,5.88,6.1,222676,134105576.00000001,0.0,0,6.09,0
20090408,1239120000000,6.16,6.16,5.8100000000000005,5.8100000000000005,203385,120917834.00000001,0.0,0,6.1000000000000005,0
20090409,1239206400000,5.8999999999999995,6.02,5.8,6.0,153995,91198674.0,0.0,0,5.81,0
20090410,1239292800000,6.12,6.4,6.03,6.33,400793,251211738.00000003,0.0,0,6.0,0
20090413,1239552000000,6.33,6.390000000000001,6.16,6.2700000000000005,314426,196643998.00000003,0.0,0,6.33,0
20090414,1239638400000,6.29,6.29,6.05,6.18,235179,144465510.0,0.0,0,6.27,0
20090415,1239724800000,6.16,6.760000000000001,6.07,6.58,524476,338231699.0,0.0,0,6.180000000000001,0
20090416,1239811200000,6.3999999999999995,6.4799999999999995,6.22,6.33,398457,252153842.0,0.0,0,6.58,0
20090417,1239897600000,6.28,6.28,6.0,6.08,269984,164891328.0,0.0,0,6.33,0
20090420,1240156800000,6.0,6.23,5.98,6.170000000000001,161018,98769080.0,0.0,0,6.08,0
20090421,1240243200000,6.130000000000001,6.5600000000000005,6.0600000000000005,6.430000000000001,468378,299351878.99999994,0.0,0,6.170000000000001,0
20090422,1240329600000,6.42,6.77,6.13,6.26,411200,267425227.0,0.0,0,6.43,0
20090423,1240416000000,6.26,6.26,6.26,6.26,0,0.0,0.0,0,6.26,1
20090424,1240502400000,6.42,6.57,6.2,6.22,262992,167564833.0,0.0,0,6.26,0
20090427,1240761600000,6.180000000000001,6.2,5.6000000000000005,5.6000000000000005,238928,138894977.0,0.0,0,6.220000000000001,0
20090428,1240848000000,5.51,5.67,5.29,5.46,178808,97541231.0,0.0,0,5.6,0
20090429,1240934400000,5.430000000000001,5.65,5.4,5.61,140068,78148818.00000001,0.0,0,5.46,0
20090430,1241020800000,5.62,5.75,5.51,5.67,144794,81414307.00000001,0.0,0,5.609999999999999,0
20090504,1241366400000,5.76,5.95,5.7,5.92,153934,90004675.00000001,0.0,0,5.67,0
20090505,1241452800000,5.93,5.99,5.84,5.96,158384,93668084.00000001,0.0,0,5.92,0
20090506,1241539200000,6.0,6.18,6.0,6.11,150432,91835177.0,0.0,0,5.96,0
20090507,1241625600000,6.15,6.300000000000001,5.8500000000000005,6.040000000000001,202938,123511068.0,0.0,0,6.11,0
20090508,1241712000000,5.99,6.17,5.87,6.11,164440,99869760.0,0.0,0,6.04,0
20090511,1241971200000,6.18,6.2299999999999995,5.84,5.85,168418,100552266.0,0.0,0,6.109999999999999,0
20090512,1242057600000,5.85,5.85,5.85,5.85,0,0.0,0.0,0,5.85,1
20090513,1242144000000,6.010000000000001,6.090000000000001,5.9,6.0200000000000005,142388,85615950.00000001,0.0,0,5.8500000000000005,0
20090514,1242230400000,6.04,6.58,5.95,6.49,446221,283210003.0,0.0,0,6.0200000000000005,0
20090515,1242316800000,6.36,6.42,6.2,6.34,227625,143539234.0,0.0,0,6.44,0
20090518,1242576000000,6.36,6.38,6.13,6.27,138885,86694473.0,0.0,0,6.34,0
20090519,1242662400000,6.34,6.9,6.33,6.9,452747,302946192.0,0.0,0,6.2700000000000005,0
20090520,1242748800000,7.15,7.15,6.73,6.87,641389,446791095.00000006,0.0,0,6.9,0
20090521,1242835200000,6.71,6.8500000000000005,6.53,6.83,306013,204562063.0,0.0,0,6.87,0
20090522,1242921600000,6.75,7.3,6.68,7.02,476784,337237307.0,0.0,0,6.83,0
20090525,1243180800000,6.800000000000001,7.36,6.640000000000001,7.290000000000001,398183,282757298.0,0.0,0,7.0200000000000005,0
20090526,1243267200000,7.2,7.64,7.01,7.05,371598,271797401.0,0.0,0,7.29,0
20090527,1243353600000,7.15,7.22,6.88,6.96,192871,134780443.0,0.0,0,7.05,0
20090601,1243785600000,6.88,7.15,6.82,7.1000000000000005,291657,204713750.0,0.0,0,6.96,0
20090602,1243872000000,7.069999999999999,7.1899999999999995,6.93,6.9799999999999995,238343,167708819.99999997,0.0,0,7.1,0
20090603,1243958400000,6.91,7.44,6.91,7.3100000000000005,356359,258412284.00000003,0.0,0,6.98,0
20090604,1244044800000,7.26,7.29,7.0,7.19,203041,144890869.0,0.0,0,7.31,0
20090605,1244131200000,7.2,7.58,7.13,7.33,363315,269042684.0,0.0,0,7.1899999999999995,0
20090608,1244390400000,7.3500000000000005,7.49,7.11,7.24,214205,156152807.00000003,0.0,0,7.33,0
20090609,1244476800000,7.24,7.28,6.9,7.0600000000000005,195755,137772284.0,0.0,0,7.24,0
20090610,1244563200000,7.1000000000000005,7.5,6.98,7.49,349605,253800688.0,0.0,0,7.0600000000000005,0
20090611,1244649600000,7.4799999999999995,7.7299999999999995,7.38,7.6,494967,375298815.0,0.0,0,7.49,0
20090612,1244736000000,7.52,7.6899999999999995,7.21,7.53,283098,210189449.0,0.0,0,7.6,0
20090615,1244995200000,7.48,7.83,7.4,7.8100000000000005,360956,275297705.0,0.0,0,7.53,0
20090616,1245081600000,7.840000000000001,7.9,7.640000000000001,7.680000000000001,284203,220021067.00000003,0.0,0,7.8100000000000005,0
20090617,1245168000000,7.66,7.739999999999999,7.43,7.62,201664,152318895.0,0.0,0,7.68,0
20090618,1245254400000,7.62,7.67,7.45,7.5,165211,123976010.0,0.0,0,7.62,0
20090619,1245340800000,7.5,7.5,7.3,7.38,166126,122596956.0,0.0,0,7.5,0
20090622,1245600000000,7.430000000000001,7.670000000000001,7.390000000000001,7.460000000000001,163274,122634650.0,0.0,0,7.380000000000001,0
20090623,1245686400000,7.32,7.4,7.15,7.21,164907,119648052.0,0.0,0,7.46,0
20090624,1245772800000,7.22,7.56,7.21,7.47,192506,142325903.0,0.0,0,7.21,0
20090625,1245859200000,7.47,7.56,7.22,7.29,161929,118769010.0,0.0,0,7.47,0
20090626,1245945600000,7.2700000000000005,7.38,7.24,7.3,79378,57839645.0,0.0,0,7.29,0
20090629,1246204800000,7.3,7.430000000000001,7.28,7.36,99658,73405287.0,0.0,0,7.3,0
20090630,1246291200000,7.36,7.42,7.21,7.25,109894,80109987.0,0.0,0,7.36,0
20090701,1246377600000,7.25,7.359999999999999,7.05,7.1899999999999995,170389,122393682.0,0.0,0,7.25,0
20090702,1246464000000,7.21,7.46,7.17,7.37,221226,163036067.00000003,0.0,0,7.1899999999999995,0
20090703,1246550400000,7.3,7.31,7.18,7.2299999999999995,167725,121265552.0,0.0,0,7.37,0
20090706,1246809600000,7.220000000000001,7.380000000000001,7.1000000000000005,7.260000000000001,153264,110850027.0,0.0,0,7.23,0
20090707,1246896000000,7.24,7.250000000000001,7.1000000000000005,7.140000000000001,179316,128419506.0,0.0,0,7.260000000000001,0
20090708,1246982400000,7.13,7.1899999999999995,7.05,7.16,115423,82023718.0,0.0,0,7.14,0
20090709,1247068800000,7.16,7.3500000000000005,7.1000000000000005,7.3100000000000005,181516,131378354.0,0.0,0,7.16,0
20090710,1247155200000,7.319999999999999,7.6,7.26,7.39,250438,187099751.00000003,0.0,0,7.31,0
20090713,1247414400000,7.580000000000001,7.880000000000001,7.390000000000001,7.710000000000001,366018,279720129.00000006,0.0,0,7.390000000000001,0
20090714,1247500800000,7.7700000000000005,7.86,7.6000000000000005,7.74,237437,182664965.0,0.0,0,7.710000000000001,0
20090715,1247587200000,7.74,8.08,7.65,8.05,321888,251594313.0,0.0,0,7.74,0
20090716,1247673600000,8.24,8.53,8.0,8.06,575154,476348582.0,0.0,0,8.05,0
20090717,1247760000000,8.08,8.48,7.91,8.34,370180,303137138.0,0.0,0,8.06,0
20090720,1248019200000,8.35,8.75,8.31,8.49,374594,319321595.0,0.0,0,8.34,0
20090721,1248105600000,8.51,8.55,8.0,8.04,280329,229576854.0,0.0,0,8.49,0
20090722,1248192000000,8.04,8.16,8.0,8.06,176070,142266349.00000003,0.0,0,8.04,0
20090723,1248278400000,8.11,8.44,8.07,8.15,176023,144877024.0,0.0,0,8.06,0
20090724,1248364800000,8.16,8.23,7.7,8.08,274195,218869233.00000003,0.0,0,8.15,0
20090727,1248624000000,8.07,8.34,7.9,8.22,296424,241816534.00000003,0.0,0,8.08,0
20090728,1248710400000,8.18,8.28,8.02,8.139999999999999,218164,177398981.0,0.0,0,8.219999999999999,0
20090729,1248796800000,8.14,8.14,7.33,7.45,262432,204511535.0,0.0,0,8.14,0
20090730,1248883200000,7.4,7.59,7.08,7.49,159303,117585907.0,0.0,0,7.45,0
20090731,1248969600000,7.53,7.8500000000000005,7.5200000000000005,7.7700000000000005,159698,122418461.0,0.0,0,7.49,0
20090803,1249228800000,7.800000000000001,8.09,7.73,7.99,149559,118539390.99999999,0.0,0,7.7700000000000005,0
20090804,1249315200000,8.0,8.040000000000001,7.73,7.890000000000001,141385,111103753.00000001,0.0,0,7.99,0
20090805,1249401600000,7.91,7.94,7.6000000000000005,7.8100000000000005,130797,101662479.0,0.0,0,7.890000000000001,0
20090806,1249488000000,7.82,7.82,7.55,7.62,130312,99516609.00000001,0.0,0,7.81,0
20090807,1249574400000,7.61,7.78,7.46,7.51,99564,76084242.0,0.0,0,7.62,0
20090810,1249833600000,7.6,7.7,7.46,7.66,77782,58986100.0,0.0,0,7.51,0
20090811,1249920000000,7.680000000000001,7.790000000000001,7.5200000000000005,7.78,88721,68256589.0,0.0,0,7.66,0
20090812,1250006400000,7.77,7.77,7.25,7.26,89367,66939248.00000001,0.0,0,7.78,0
20090813,1250092800000,7.250000000000001,7.380000000000001,7.1000000000000005,7.32,73414,53273391.0,0.0,0,7.260000000000001,0
20090814,1250179200000,7.32,7.3500000000000005,6.86,6.88,94078,66635561.0,0.0,0,7.32,0
20090817,1250438400000,6.67,6.8500000000000005,6.19,6.2,103688,66828888.00000001,0.0,0,6.880000000000001,0
20090818,1250524800000,6.09,6.3,5.99,6.26,92460,56837733.00000001,0.0,0,6.2,0
20090819,1250611200000,6.25,6.25,5.63,5.67,93363,55154524.0,0.0,0,6.26,0
20090820,1250697600000,5.65,5.9,5.65,5.890000000000001,89447,51871970.0,0.0,0,5.67,0
20090821,1250784000000,5.88,6.09,5.75,6.08,97558,57982417.0,0.0,0,5.89,0
20090824,1251043200000,6.1000000000000005,6.36,6.1000000000000005,6.2700000000000005,112013,70159138.00000001,0.0,0,6.080000000000001,0
20090825,1251129600000,6.25,6.25,5.78,6.04,99960,59836718.0,0.0,0,6.2700000000000005,0
20090826,1251216000000,6.03,6.35,5.92,6.26,102450,63626349.0,0.0,0,6.04,0
20090827,1251302400000,6.22,6.4399999999999995,6.13,6.42,131825,83337687.0,0.0,0,6.26,0
20090828,1251388800000,6.37,6.47,6.21,6.22,83025,52444452.0,0.0,0,6.42,0
20090831,1251648000000,6.12,6.13,5.68,5.699999999999999,82574,48676412.0,0.0,0,6.22,0
20090901,1251734400000,5.6000000000000005,5.95,5.6000000000000005,5.78,56928,32917859.0,0.0,0,5.7,0
20090902,1251820800000,5.7,5.87,5.63,5.79,35959,20717564.0,0.0,0,5.78,0
20090903,1251907200000,5.8,6.22,5.79,6.16,104492,63163438.00000001,0.0,0,5.79,0
20090904,1251993600000,6.18,6.38,6.12,6.24,105662,66346217.00000001,0.0,0,6.16,0
20090907,1252252800000,6.22,6.430000000000001,6.2,6.28,97796,61637771.0,0.0,0,6.24,0
20090908,1252339200000,6.22,6.37,6.12,6.32,83570,52396010.00000001,0.0,0,6.28,0
20090909,1252425600000,6.380000000000001,6.57,6.3100000000000005,6.44,146587,94481477.0,0.0,0,6.32,0
20090910,1252512000000,6.55,7.08,6.46,7.08,275080,187068709.0,0.0,0,6.44,0
20090911,1252598400000,7.08,7.29,6.94,7.04,313159,222471483.0,0.0,0,7.08,0
20090914,1252857600000,7.01,7.54,6.95,7.3100000000000005,236065,171357292.0,0.0,0,7.04,0
20090915,1252944000000,7.3,7.57,7.08,7.49,254391,187510308.0,0.0,0,7.3100000000000005,0
20090916,1253030400000,7.49,7.510000000000001,7.15,7.36,178022,130903692.0,0.0,0,7.49,0
20090917,1253116800000,7.3500000000000005,7.82,7.32,7.69,267374,204336422.0,0.0,0,7.36,0
20090918,1253203200000,7.7,7.7,7.12,7.28,195030,145003666.0,0.0,0,7.69,0
20090921,1253462400000,7.19,7.54,7.07,7.48,140290,102811361.0,0.0,0,7.28,0
20090922,1253548800000,7.41,7.47,7.0,7.04,119467,86486521.0,0.0,0,7.48,0
20090923,1253635200000,7.03,7.14,6.5,6.68,136337,93152730.00000001,0.0,0,7.04,0
20090924,1253721600000,6.68,6.97,6.5,6.79,90660,61283294.0,0.0,0,6.68,0
20090925,1253808000000,6.74,6.8500000000000005,6.6000000000000005,6.66,46204,31108886.0,0.0,0,6.790000000000001,0
20090928,1254067200000,6.67,6.83,6.37,6.43,49651,32890160.0,0.0,0,6.66,0
20090929,1254153600000,6.48,6.54,6.0,6.09,64663,39881462.0,0.0,0,6.43,0
20090930,1254240000000,6.1899999999999995,6.34,6.17,6.21,50828,31667807.0,0.0,0,6.09,0
20091009,1255017600000,6.47,6.83,6.42,6.81,115384,77008283.0,0.0,0,6.21,0
20091012,1255276800000,6.82,6.82,6.5600000000000005,6.69,85108,56923411.00000001,0.0,0,6.8100000000000005,0
20091013,1255363200000,6.69,6.75,6.58,6.74,53568,35819576.0,0.0,0,6.69,0
20091014,1255449600000,6.750000000000001,6.930000000000001,6.640000000000001,6.74,95432,64842102.00000001,0.0,0,6.74,0
20091015,1255536000000,6.76,6.91,6.72,6.779999999999999,57847,39309079.0,0.0,0,6.739999999999999,0
20091016,1255622400000,6.75,6.8100000000000005,6.58,6.71,66001,43947244.0,0.0,0,6.78,0
20091019,1255881600000,6.71,7.22,6.68,7.13,168695,118009359.0,0.0,0,6.71,0
20091020,1255968000000,7.19,7.380000000000001,7.1000000000000005,7.210000000000001,146291,105797890.0,0.0,0,7.130000000000001,0
20091021,1256054400000,7.1899999999999995,7.1899999999999995,7.05,7.09,101503,72106700.0,0.0,0,7.21,0
20091022,1256140800000,7.09,7.300000000000001,7.07,7.300000000000001,120368,86420744.00000001,0.0,0,7.09,0
20091023,1256227200000,7.260000000000001,7.54,7.23,7.420000000000001,189755,140265709.0,0.0,0,7.300000000000001,0
20091026,1256486400000,7.41,7.41,7.140000000000001,7.23,102016,73906694.0,0.0,0,7.420000000000001,0
20091027,1256572800000,7.16,7.18,6.96,6.97,85452,60354713.0,0.0,0,7.23,0
20091028,1256659200000,6.930000000000001,7.07,6.8500000000000005,7.03,64249,44635714.0,0.0,0,6.970000000000001,0
20091029,1256745600000,6.91,6.91,6.67,6.72,66413,44928962.0,0.0,0,7.03,0
20091030,1256832000000,6.819999999999999,6.8999999999999995,6.72,6.7299999999999995,52271,35606579.0,0.0,0,6.72,0
20091102,1257091200000,6.55,6.93,6.5,6.88,63206,42679537.00000001,0.0,0,6.73,0
20091103,1257177600000,6.890000000000001,7.090000000000001,6.890000000000001,7.0600000000000005,68533,48190344.0,0.0,0,6.880000000000001,0
20091104,1257264000000,7.0600000000000005,7.4,7.0600000000000005,7.260000000000001,139686,101215616.00000001,0.0,0,7.0600000000000005,0
20091105,1257350400000,7.25,7.8100000000000005,7.2,7.66,340938,257047494.0,0.0,0,7.26,0
20091106,1257436800000,7.63,7.6499999999999995,7.43,7.54,199041,149655486.0,0.0,0,7.66,0
20091109,1257696000000,7.54,7.88,7.45,7.8500000000000005,282124,217639137.00000003,0.0,0,7.54,0
20091110,1257782400000,7.88,7.890000000000001,7.7,7.72,166505,129478068.0,0.0,0,7.8500000000000005,0
20091111,1257868800000,7.68,7.79,7.47,7.55,141026,106867848.0,0.0,0,7.72,0
20091112,1257955200000,7.58,7.960000000000001,7.5600000000000005,7.78,246182,192924262.00000003,0.0,0,7.550000000000001,0
20091113,1258041600000,7.82,7.82,7.5600000000000005,7.8100000000000005,141062,108766232.00000001,0.0,0,7.78,0
20091116,1258300800000,7.8500000000000005,7.970000000000001,7.7,7.91,229552,181024432.0,0.0,0,7.8100000000000005,0
20091117,1258387200000,7.91,7.99,7.7700000000000005,7.91,201191,158382953.0,0.0,0,7.91,0
20091118,1258473600000,7.95,8.08,7.79,7.84,145015,114690745.00000001,0.0,0,7.91,0
20091119,1258560000000,7.84,7.9,7.75,7.89,162046,126609245.0,0.0,0,7.84,0
20091120,1258646400000,7.8500000000000005,7.9,7.7,7.8100000000000005,157337,122724935.0,0.0,0,7.890000000000001,0
20091123,1258905600000,7.8100000000000005,8.33,7.8100000000000005,8.25,350917,284285855.0,0.0,0,7.8100000000000005,0
20091124,1258992000000,8.25,8.26,7.57,7.69,276217,221608457.0,0.0,0,8.25,0
20091125,1259078400000,7.65,8.0,7.58,7.93,157351,122591033.0,0.0,0,7.69,0
20091126,1259164800000,7.930000000000001,8.26,7.57,7.63,283524,225485957.00000003,0.0,0,7.930000000000001,0
20091127,1259251200000,7.57,7.63,7.2,7.26,136011,100486003.00000001,0.0,0,7.63,0
20091130,1259510400000,7.3100000000000005,7.53,7.3100000000000005,7.5200000000000005,80097,59591365.0,0.0,0,7.260000000000001,0
20091201,1259596800000,7.5200000000000005,7.69,7.41,7.66,88137,67230606.0,0.0,0,7.5200000000000005,0
20091202,1259683200000,7.7,7.960000000000001,7.69,7.91,166536,130356461.00000001,0.0,0,7.66,0
20091203,1259769600000,7.91,7.91,7.72,7.87,129881,101507551.0,0.0,0,7.91,0
20091204,1259856000000,7.87,7.87,7.87,7.87,0,0.0,0.0,0,7.87,1
20091207,1260115200000,7.7,7.8500000000000005,7.6000000000000005,7.840000000000001,130550,100744987.0,0.0,0,7.870000000000001,0
20091208,1260201600000,7.840000000000001,7.840000000000001,7.6000000000000005,7.69,116162,89324477.00000001,0.0,0,7.840000000000001,0
20091209,1260288000000,7.59,7.640000000000001,7.37,7.44,97511,73113396.0,0.0,0,7.69,0
20091210,1260374400000,7.49,7.55,7.42,7.52,55607,41568944.0,0.0,0,7.4399999999999995,0
20091211,1260460800000,7.510000000000001,7.57,7.390000000000001,7.44,63219,47303908.00000001,0.0,0,7.5200000000000005,0
20091214,1260720000000,7.45,7.46,7.12,7.37,90679,65897130.99999999,0.0,0,7.44,0
20091215,1260806400000,7.39,7.43,7.25,7.33,84610,62272453.0,0.0,0,7.37,0
20091216,1260892800000,7.32,7.4,7.25,7.31,50015,36617588.0,0.0,0,7.33,0
20091217,1260979200000,7.260000000000001,7.37,7.0200000000000005,7.0600000000000005,87465,62312118.0,0.0,0,7.3100000000000005,0
20091218,1261065600000,7.0,7.0,6.72,6.87,77301,52871239.0,0.0,0,7.06,0
20091221,1261324800000,6.87,7.13,6.71,7.11,74437,51776807.0,0.0,0,6.87,0
20091222,1261411200000,7.090000000000001,7.11,6.8100000000000005,6.86,55134,38218130.0,0.0,0,7.11,0
20091223,1261497600000,6.86,6.95,6.8100000000000005,6.920000000000001,33519,23072798.0,0.0,0,6.86,0
20091224,1261584000000,6.960000000000001,7.11,6.8500000000000005,7.1000000000000005,66206,46639427.00000001,0.0,0,6.920000000000001,0
20091225,1261670400000,7.08,7.13,7.0,7.04,48048,33848353.0,0.0,0,7.1,0
20091228,1261929600000,7.1000000000000005,7.2,7.0200000000000005,7.140000000000001,54605,38870479.0,0.0,0,7.04,0
20091229,1262016000000,7.11,7.16,6.98,7.1000000000000005,55814,39420053.0,0.0,0,7.140000000000001,0
20091230,1262102400000,7.1000000000000005,7.140000000000001,6.9,7.04,91540,64145218.99999999,0.0,0,7.1000000000000005,0
20091231,1262188800000,7.09,7.17,7.01,7.13,75974,54048213.0,0.0,0,7.04,0
20100104,1262534400000,7.16,7.2,7.0600000000000005,7.130000000000001,64567,45999198.99999999,0.0,0,7.130000000000001,0
20100105,1262620800000,7.140000000000001,7.2700000000000005,7.0600000000000005,7.260000000000001,117381,84379192.0,0.0,0,7.130000000000001,0
20100106,1262707200000,7.26,7.359999999999999,7.18,7.21,100567,73221280.0,0.0,0,7.26,0
20100107,1262793600000,7.23,7.39,7.0,7.09,102852,74421262.0,0.0,0,7.21,0
20100108,1262880000000,7.01,7.25,6.88,7.15,90415,63360373.0,0.0,0,7.09,0
20100111,1263139200000,7.19,7.23,7.0,7.18,93626,66687266.99999999,0.0,0,7.15,0
20100112,1263225600000,7.140000000000001,7.380000000000001,7.0600000000000005,7.33,138189,99639152.0,0.0,0,7.180000000000001,0
20100113,1263312000000,7.19,7.2700000000000005,7.07,7.1000000000000005,100305,71848630.0,0.0,0,7.33,0
20100114,1263398400000,7.21,7.4,7.11,7.380000000000001,161376,117556404.0,0.0,0,7.1000000000000005,0
20100115,1263484800000,7.45,7.57,7.3500000000000005,7.390000000000001,218787,163382575.99999997,0.0,0,7.380000000000001,0
20100118,1263744000000,7.3500000000000005,7.5,7.28,7.5,118982,88229587.0,0.0,0,7.390000000000001,0
20100119,1263830400000,7.510000000000001,8.25,7.44,8.01,493067,390709350.0,0.0,0,7.5,0
20100120,1263916800000,7.98,8.18,7.65,7.73,387179,308524694.0,0.0,0,8.01,0
20100121,1264003200000,7.7,7.78,7.45,7.58,174531,132273291.0,0.0,0,7.73,0
20100122,1264089600000,7.67,7.88,7.28,7.59,221778,169291607.0,0.0,0,7.58,0
20100125,1264348800000,7.470000000000001,7.5600000000000005,7.28,7.3500000000000005,82766,61355424.0,0.0,0,7.59,0
20100126,1264435200000,7.35,7.3999999999999995,6.8,6.88,116404,81852359.99999999,0.0,0,7.35,0
20100127,1264521600000,6.88,6.95,6.66,6.74,71604,48666359.0,0.0,0,6.88,0
20100128,1264608000000,6.73,6.86,6.65,6.8500000000000005,52561,35625375.0,0.0,0,6.74,0
20100129,1264694400000,6.779999999999999,7.029999999999999,6.72,7.0,98501,68054142.0,0.0,0,6.85,0
20100201,1264953600000,6.95,7.3999999999999995,6.8,7.35,121255,85618891.0,0.0,0,7.0,0
20100202,1265040000000,7.3,7.47,7.16,7.18,159673,117212487.0,0.0,0,7.3500000000000005,0
20100203,1265126400000,7.140000000000001,7.23,6.7,7.18,95538,67130738.0,0.0,0,7.18,0
20100204,1265212800000,7.08,7.300000000000001,6.98,7.2,78957,56699047.0,0.0,0,7.180000000000001,0
20100205,1265299200000,6.9799999999999995,7.12,6.84,6.95,77722,54269762.0,0.0,0,7.2,0
20100208,1265558400000,6.9,7.090000000000001,6.890000000000001,7.010000000000001,41281,28989564.0,0.0,0,6.95,0
20100209,1265644800000,7.0,7.4,6.95,7.3500000000000005,148245,107083569.0,0.0,0,7.01,0
20100210,1265731200000,7.33,7.75,7.25,7.54,257961,194320039.0,0.0,0,7.35,0
20100211,1265817600000,7.44,7.7,7.3500000000000005,7.53,176621,132988543.0,0.0,0,7.540000000000001,0
20100212,1265904000000,7.47,7.739999999999999,7.43,7.56,181277,137418492.0,0.0,0,7.529999999999999,0
20100222,1266768000000,7.54,7.680000000000001,7.45,7.53,147262,111664579.00000001,0.0,0,7.5600000000000005,0
20100223,1266854400000,7.53,7.53,7.23,7.45,116475,85830320.0,0.0,0,7.53,0
20100224,1266940800000,7.4399999999999995,7.74,7.34,7.7299999999999995,199544,152024255.0,0.0,0,7.45,0
20100225,1267027200000,7.71,7.7700000000000005,7.65,7.71,167881,129273105.99999999,0.0,0,7.73,0
20100226,1267113600000,7.7,7.920000000000001,7.640000000000001,7.82,194809,152039737.00000003,0.0,0,7.710000000000001,0
20100301,1267372800000,8.1,8.23,7.8100000000000005,7.86,287783,229484425.99999997,0.0,0,7.82,0
20100302,1267459200000,7.8500000000000005,7.8500000000000005,7.62,7.64,184780,142191508.0,0.0,0,7.86,0
20100303,1267545600000,7.69,7.8500000000000005,7.65,7.75,134613,104502063.0,0.0,0,7.640000000000001,0
20100304,1267632000000,7.73,8.030000000000001,7.5200000000000005,7.550000000000001,219090,171153773.0,0.0,0,7.750000000000001,0
20100305,1267718400000,7.550000000000001,7.840000000000001,7.48,7.73,139210,106673460.00000001,0.0,0,7.550000000000001,0
20100308,1267977600000,7.73,7.84,7.66,7.79,104032,80858322.99999999,0.0,0,7.73,0
20100309,1268064000000,7.75,7.8,7.58,7.74,82594,63492842.00000001,0.0,0,7.79,0
20100310,1268150400000,7.74,7.8100000000000005,7.5600000000000005,7.66,80701,61722211.0,0.0,0,7.74,0
20100311,1268236800000,7.63,7.680000000000001,7.45,7.57,77031,58219230.0,0.0,0,7.66,0
20100312,1268323200000,7.6,7.63,7.3,7.33,81238,60531319.0,0.0,0,7.57,0
20100315,1268582400000,7.44,7.48,7.2700000000000005,7.37,48195,35544440.99999999,0.0,0,7.33,0
20100316,1268668800000,7.43,7.48,7.33,7.47,45437,33653474.0,0.0,0,7.37,0
20100317,1268755200000,7.49,7.640000000000001,7.41,7.63,79158,59789501.0,0.0,0,7.47,0
20100318,1268841600000,7.63,7.67,7.55,7.66,85531,65048327.00000001,0.0,0,7.63,0
20100319,1268928000000,7.66,7.78,7.6000000000000005,7.7,96627,74442898.0,0.0,0,7.66,0
20100322,1269187200000,7.7,7.72,7.59,7.72,80073,61377758.0,0.0,0,7.7,0
20100323,1269273600000,7.71,7.73,7.58,7.61,68711,52470296.0,0.0,0,7.72,0
20100324,1269360000000,7.6000000000000005,7.840000000000001,7.6000000000000005,7.710000000000001,102753,79525133.0,0.0,0,7.61,0
20100325,1269446400000,7.67,7.71,7.49,7.5200000000000005,81137,61336087.0,0.0,0,7.71,0
20100326,1269532800000,7.5,7.7,7.45,7.640000000000001,57962,44164868.0,0.0,0,7.5200000000000005,0
20100329,1269792000000,7.63,7.83,7.63,7.77,120338,93186201.0,0.0,0,7.64,0
20100330,1269878400000,7.8,7.859999999999999,7.72,7.779999999999999,81997,63856834.00000001,0.0,0,7.77,0
20100331,1269964800000,7.79,7.93,7.72,7.87,144389,113250789.0,0.0,0,7.779999999999999,0
20100401,1270051200000,7.9,7.98,7.83,7.93,151168,119686094.00000001,0.0,0,7.87,0
20100402,1270137600000,7.95,8.02,7.84,7.859999999999999,128796,101879700.0,0.0,0,7.93,0
20100406,1270483200000,7.86,7.94,7.75,7.94,130731,102276428.99999999,0.0,0,7.86,0
20100407,1270569600000,7.91,8.05,7.87,7.93,124320,98967197.0,0.0,0,7.94,0
20100408,1270656000000,7.91,7.91,7.7700000000000005,7.8100000000000005,96983,75751708.0,0.0,0,7.930000000000001,0
20100409,1270742400000,7.85,7.88,7.75,7.86,94915,74254847.0,0.0,0,7.81,0
20100412,1271001600000,7.89,8.04,7.84,8.04,192012,152783453.0,0.0,0,7.859999999999999,0
20100413,1271088000000,8.030000000000001,8.05,7.6000000000000005,7.800000000000001,182309,142454829.00000003,0.0,0,8.040000000000001,0
20100414,1271174400000,7.75,8.04,7.68,8.03,173359,136921224.00000003,0.0,0,7.8,0
20100415,1271260800000,8.040000000000001,8.15,7.8500000000000005,7.970000000000001,204610,163827740.0,0.0,0,8.030000000000001,0
20100416,1271347200000,7.97,8.45,7.92,8.12,385109,316161699.0,0.0,0,7.97,0
20100419,1271606400000,8.0,8.25,7.63,7.64,302742,241837805.0,0.0,0,8.12,0
20100420,1271692800000,7.6499999999999995,7.819999999999999,7.43,7.75,158416,120615615.00000001,0.0,0,7.64,0
20100421,1271779200000,7.7700000000000005,7.96,7.62,7.9,145976,114051238.0,0.0,0,7.75,0
20100422,1271865600000,7.880000000000001,8.68,7.8100000000000005,8.38,475064,394031391.00000006,0.0,0,7.9,0
20100423,1271952000000,8.270000000000001,8.48,8.14,8.16,252419,209915608.0,0.0,0,8.38,0
20100426,1272211200000,8.23,8.56,8.18,8.34,267072,225238979.00000003,0.0,0,8.16,0
20100427,1272297600000,8.32,8.600000000000001,8.040000000000001,8.580000000000002,382424,319789993.00000006,0.0,0,8.340000000000002,0
20100428,1272384000000,8.43,9.05,8.4,8.69,550661,483086677.0,0.0,0,8.58,0
20100429,1272470400000,8.75,8.85,8.2,8.219999999999999,311052,266282113.0,0.0,0,8.69,0
20100430,1272556800000,8.14,8.25,7.4,7.62,266261,206890858.0,0.0,0,8.22,0
20100504,1272902400000,7.5,7.84,7.36,7.760000000000001,155151,119576823.0,0.0,0,7.62,0
20100505,1272988800000,7.6000000000000005,7.960000000000001,7.48,7.95,177050,137052907.0,0.0,0,7.760000000000001,0
20100506,1273075200000,7.95,7.95,7.95,7.95,0,0.0,0.0,0,7.95,1
20100507,1273161600000,7.3,7.63,7.2,7.3500000000000005,145633,108393594.0,0.0,0,7.95,0
20100510,1273420800000,7.370000000000001,7.500000000000001,6.8100000000000005,7.130000000000001,140835,101036076.00000001,0.0,0,7.3500000000000005,0
20100511,1273507200000,7.300000000000001,7.3500000000000005,6.94,7.0,122867,87921749.0,0.0,0,7.130000000000001,0
20100512,1273593600000,6.98,6.98,6.58,6.72,95651,64809595.0,0.0,0,7.0,0
20100513,1273680000000,6.800000000000001,6.960000000000001,6.6000000000000005,6.95,82171,56022506.0,0.0,0,6.720000000000001,0
20100514,1273766400000,6.91,7.15,6.82,7.0200000000000005,91418,63995217.00000001,0.0,0,6.95,0
20100517,1274025600000,6.880000000000001,6.94,6.44,6.48,88537,59159798.0,0.0,0,7.0200000000000005,0
20100518,1274112000000,6.39,6.58,6.18,6.51,86056,54910711.00000001,0.0,0,6.4799999999999995,0
20100519,1274198400000,6.449999999999999,6.67,6.43,6.449999999999999,69984,45795016.0,0.0,0,6.51,0
20100520,1274284800000,6.4,6.56,6.21,6.27,56812,36446041.0,0.0,0,6.45,0
20100521,1274371200000,6.0,6.28,5.92,6.27,69564,42559811.99999999,0.0,0,6.22,0
20100524,1274630400000,6.35,6.61,6.29,6.5600000000000005,107127,69604601.0,0.0,0,6.2700000000000005,0
20100525,1274716800000,6.51,6.6899999999999995,6.42,6.57,103224,67590805.0,0.0,0,6.56,0
20100526,1274803200000,6.52,6.74,6.51,6.609999999999999,91279,60527561.0,0.0,0,6.569999999999999,0
20100527,1274889600000,6.6000000000000005,6.920000000000001,6.5600000000000005,6.83,119556,80958788.0,0.0,0,6.61,0
20100528,1274976000000,6.8999999999999995,6.92,6.68,6.75,105726,71908090.0,0.0,0,6.83,0
20100531,1275235200000,6.67,6.74,6.3,6.31,87220,57444961.00000001,0.0,0,6.75,0
20100601,1275321600000,6.3,6.9399999999999995,6.22,6.9399999999999995,171014,112720812.00000001,0.0,0,6.31,0
20100602,1275408000000,6.960000000000001,7.090000000000001,6.73,7.04,231608,161221880.99999997,0.0,0,6.94,0
20100603,1275494400000,7.010000000000001,7.08,6.78,6.83,126979,88059188.0,0.0,0,7.04,0
20100604,1275580800000,6.88,7.279999999999999,6.8,7.07,193571,136938455.0,0.0,0,6.83,0
20100607,1275840000000,6.9399999999999995,7.26,6.8,7.18,175596,123754782.0,0.0,0,7.07,0
20100608,1275926400000,7.0600000000000005,7.16,6.9,7.07,114143,80353707.00000001,0.0,0,7.180000000000001,0
20100609,1276012800000,7.08,7.2,7.0,7.13,132173,94073436.0,0.0,0,7.07,0
20100610,1276099200000,7.180000000000001,7.3500000000000005,7.0600000000000005,7.07,128798,92861493.0,0.0,0,7.130000000000001,0
20100611,1276185600000,7.090000000000001,7.15,6.890000000000001,6.94,90231,63170965.0,0.0,0,7.07,0
20100617,1276704000000,6.99,7.09,6.92,6.93,49671,34783773.0,0.0,0,6.9399999999999995,0
20100618,1276790400000,6.91,6.970000000000001,6.41,6.5200000000000005,77489,52173231.99999999,0.0,0,6.93,0
20100621,1277049600000,6.5600000000000005,6.74,6.45,6.74,55783,36937922.0,0.0,0,6.5200000000000005,0
20100622,1277136000000,6.74,6.8,6.7,6.75,39964,27003322.0,0.0,0,6.74,0
20100623,1277222400000,6.68,6.73,6.5,6.63,49275,32581997.0,0.0,0,6.75,0
20100624,1277308800000,6.6,6.74,6.59,6.6499999999999995,37628,25049071.0,0.0,0,6.63,0
20100625,1277395200000,6.6000000000000005,6.66,6.49,6.54,35480,23280672.0,0.0,0,6.65,0
20100628,1277654400000,6.54,6.6000000000000005,6.41,6.44,28935,18766374.000000004,0.0,0,6.54,0
20100629,1277740800000,6.45,6.49,6.0,6.03,67534,41628547.00000001,0.0,0,6.44,0
20100630,1277827200000,6.0,6.0,5.73,5.82,45847,26802064.000000004,0.0,0,6.03,0
20100701,1277913600000,5.819999999999999,5.8999999999999995,5.68,5.699999999999999,45134,26080790.000000004,0.0,0,5.819999999999999,0
20100702,1278000000000,5.7,5.75,5.21,5.59,66465,36468279.99999999,0.0,0,5.7,0
20100705,1278259200000,5.45,5.71,5.42,5.6,58867,33027438.999999996,0.0,0,5.59,0
20100706,1278345600000,5.6,5.78,5.58,5.7700000000000005,48553,27765191.0,0.0,0,5.6,0
20100707,1278432000000,5.78,5.83,5.7,5.78,42319,24378449.0,0.0,0,5.7700000000000005,0
20100708,1278518400000,5.78,5.78,5.78,5.78,0,0.0,0.0,0,5.78,1
20100709,1278604800000,5.78,6.02,5.71,5.93,69791,41026509.0,0.0,0,5.78,0
20100712,1278864000000,5.93,6.319999999999999,5.89,6.21,107031,65768901.99999999,0.0,0,5.93,0
20100713,1278950400000,6.130000000000001,6.220000000000001,6.0200000000000005,6.19,92772,56772900.00000001,0.0,0,6.210000000000001,0
20100714,1279036800000,6.2,6.33,6.12,6.15,108138,67001472.00000001,0.0,0,6.19,0
20100715,1279123200000,6.1,6.16,5.88,5.8999999999999995,67762,40814973.0,0.0,0,6.15,0
20100716,1279209600000,5.9,6.050000000000001,5.78,6.0,53460,31562964.0,0.0,0,5.9,0
20100719,1279468800000,5.96,6.16,5.9,6.130000000000001,60696,36886719.00000001,0.0,0,6.0,0
20100720,1279555200000,6.2,6.36,6.13,6.28,117276,73328777.0,0.0,0,6.13,0
20100721,1279641600000,6.28,6.4,6.2,6.25,109258,68846948.99999999,0.0,0,6.28,0
20100722,1279728000000,6.359999999999999,6.74,6.34,6.4399999999999995,161135,104866153.00000001,0.0,0,6.25,0
20100723,1279814400000,6.46,6.48,6.28,6.390000000000001,91105,58070760.00000001,0.0,0,6.44,0
20100726,1280073600000,6.4,6.5200000000000005,6.3500000000000005,6.48,79469,51260389.00000001,0.0,0,6.390000000000001,0
20100727,1280160000000,6.45,6.53,6.41,6.46,77751,50343202.0,0.0,0,6.48,0
20100728,1280246400000,6.470000000000001,6.680000000000001,6.390000000000001,6.65,135810,88815974.0,0.0,0,6.460000000000001,0
20100729,1280332800000,6.66,6.73,6.5200000000000005,6.680000000000001,138238,91568331.0,0.0,0,6.65,0
20100730,1280419200000,6.640000000000001,6.750000000000001,6.6000000000000005,6.7,109206,73007074.99999999,0.0,0,6.680000000000001,0
20100802,1280678400000,6.67,6.78,6.65,6.74,110457,74225298.0,0.0,0,6.7,0
20100803,1280764800000,6.76,6.779999999999999,6.51,6.529999999999999,110427,73573561.0,0.0,0,6.74,0
20100804,1280851200000,6.5,6.63,6.37,6.57,85324,55431131.0,0.0,0,6.53,0
20100805,1280937600000,6.58,6.7,6.5200000000000005,6.66,97818,64648108.0,0.0,0,6.57,0
20100806,1281024000000,6.72,6.87,6.62,6.83,156191,105926442.0,0.0,0,6.66,0
20100809,1281283200000,6.78,6.88,6.75,6.88,106439,72665171.00000001,0.0,0,6.83,0
20100810,1281369600000,6.87,6.9,6.5200000000000005,6.53,100210,67128345.0,0.0,0,6.880000000000001,0
20100811,1281456000000,6.52,6.66,6.5,6.63,54078,35590589.0,0.0,0,6.53,0
20100812,1281542400000,6.55,6.6499999999999995,6.47,6.52,65927,43199305.99999999,0.0,0,6.63,0
20100813,1281628800000,6.55,6.63,6.46,6.62,62640,41094647.0,0.0,0,6.52,0
20100816,1281888000000,6.6,6.81,6.55,6.76,94249,63393166.0,0.0,0,6.62,0
20100817,1281974400000,6.76,6.89,6.72,6.87,137029,93475304.0,0.0,0,6.76,0
20100818,1282060800000,6.86,7.0200000000000005,6.82,6.98,203249,141194636.0,0.0,0,6.87,0
20100819,1282147200000,7.03,7.07,6.86,6.94,170821,119148522.00000001,0.0,0,6.98,0
20100820,1282233600000,6.88,6.93,6.71,6.7299999999999995,106139,72295317.00000001,0.0,0,6.94,0
20100823,1282492800000,6.73,7.03,6.7,6.96,119508,82590709.0,0.0,0,6.73,0
20100824,1282579200000,6.95,7.15,6.86,7.130000000000001,157094,110733154.0,0.0,0,6.96,0
20100825,1282665600000,7.06,7.34,7.0,7.12,247727,178209044.0,0.0,0,7.13,0
20100826,1282752000000,7.17,7.25,7.01,7.069999999999999,126627,89801359.0,0.0,0,7.12,0
20100827,1282838400000,7.04,7.12,6.96,7.06,87518,61711826.0,0.0,0,7.07,0
20100830,1283097600000,7.1,7.63,7.05,7.52,256607,188469217.00000003,0.0,0,7.06,0
20100831,1283184000000,7.48,7.800000000000001,7.3500000000000005,7.69,320009,244197174.0,0.0,0,7.5200000000000005,0
20100901,1283270400000,7.7,7.75,7.3,7.45,209126,156780524.00000003,0.0,0,7.6899999999999995,0
20100902,1283356800000,7.49,7.800000000000001,7.44,7.7,220199,167802204.00000003,0.0,0,7.45,0
20100903,1283443200000,7.77,7.9399999999999995,7.59,7.74,210191,162728546.0,0.0,0,7.7,0
20100906,1283702400000,7.8100000000000005,7.89,7.54,7.59,187317,143960902.0,0.0,0,7.74,0
20100907,1283788800000,7.59,7.7,7.42,7.61,108514,81970583.00000001,0.0,0,7.59,0
20100908,1283875200000,7.57,7.9,7.48,7.83,228007,177039618.00000003,0.0,0,7.61,0
20100909,1283961600000,7.84,7.9,7.54,7.55,184234,141505009.00000003,0.0,0,7.83,0
20100910,1284048000000,7.59,7.63,7.3,7.58,129460,96963074.00000001,0.0,0,7.55,0
20100913,1284307200000,7.53,8.110000000000001,7.5200000000000005,8.0,242757,190067290.0,0.0,0,7.58,0
20100914,1284393600000,8.0,8.04,7.8,7.88,181000,143145610.0,0.0,0,8.0,0
20100915,1284480000000,7.9,7.92,7.58,7.63,125293,96920131.0,0.0,0,7.88,0
20100916,1284566400000,7.65,7.720000000000001,7.15,7.220000000000001,149336,110111047.00000001,0.0,0,7.630000000000001,0
20100917,1284652800000,7.29,7.45,7.21,7.29,96232,70687116.00000001,0.0,0,7.22,0
20100920,1284912000000,7.34,7.35,7.13,7.1499999999999995,69630,50253142.0,0.0,0,7.29,0
20100921,1284998400000,7.16,7.27,7.13,7.1899999999999995,37776,27176115.0,0.0,0,7.1499999999999995,0
20100927,1285516800000,7.23,7.48,7.23,7.460000000000001,69267,51244441.99999999,0.0,0,7.19,0
20100928,1285603200000,7.4399999999999995,7.7,7.38,7.54,121641,92271128.00000001,0.0,0,7.46,0
20100929,1285689600000,7.550000000000001,8.290000000000001,7.5200000000000005,8.290000000000001,294519,240384373.0,0.0,0,7.54,0
20100930,1285776000000,8.41,8.41,7.91,8.2,420415,342295617.99999994,0.0,0,8.290000000000001,0
20101008,1286467200000,8.3,8.68,8.17,8.3,383468,323473000.00000006,0.0,0,8.2,0
20101011,1286726400000,8.31,8.63,8.15,8.21,345273,289735469.0,0.0,0,8.3,0
20101012,1286812800000,8.180000000000001,9.030000000000001,8.05,9.030000000000001,565391,499723995.0,0.0,0,8.21,0
20101013,1286899200000,9.03,9.870000000000001,8.91,9.28,729156,683564340.0,0.0,0,9.03,0
20101014,1286985600000,9.19,10.2,9.01,10.0,697766,670744110.9999999,0.0,0,9.28,0
20101015,1287072000000,9.7,10.65,9.51,10.12,587155,594735943.0000001,0.0,0,10.0,0
20101018,1287331200000,9.98,10.389999999999999,9.19,9.209999999999999,415211,405434529.0,0.0,0,10.12,0
20101019,1287417600000,9.25,9.9,9.25,9.68,287636,276128671.0,0.0,0,9.21,0
20101020,1287504000000,9.3,10.08,9.13,9.72,303278,291294589.0,0.0,0,9.680000000000001,0
20101021,1287590400000,9.750000000000002,10.600000000000001,9.700000000000001,10.47,467093,475250860.00000006,0.0,0,9.72,0
20101022,1287676800000,10.2,10.9,10.0,10.4,449902,473725149.00000006,0.0,0,10.47,0
20101025,1287936000000,10.5,10.98,10.21,10.850000000000001,394804,419612964.0,0.0,0,10.4,0
20101026,1288022400000,10.91,11.1,10.5,10.63,345070,370408901.0,0.0,0,10.85,0
20101027,1288108800000,10.5,10.64,10.24,10.27,265369,275751432.00000006,0.0,0,10.63,0
20101028,1288195200000,10.200000000000001,10.65,10.15,10.370000000000001,216907,226214127.0,0.0,0,10.27,0
20101029,1288281600000,10.47,10.620000000000001,10.21,10.4,206370,214772616.99999997,0.0,0,10.370000000000001,0
20101101,1288540800000,10.48,11.440000000000001,10.4,11.440000000000001,458204,503084000.0,0.0,0,10.4,0
20101102,1288627200000,11.860000000000001,12.58,11.63,11.73,796849,973435697.0,0.0,0,11.440000000000001,0
20101103,1288713600000,11.97,12.15,11.09,11.19,463666,540165893.0,0.0,0,11.73,0
20101104,1288800000000,11.11,12.09,10.82,11.8,412839,473796536.0,0.0,0,11.19,0
20101105,1288886400000,12.200000000000001,12.34,11.65,11.72,297098,352690142.0,0.0,0,11.8,0
20101108,1289145600000,11.66,11.7,11.28,11.6,257615,294089239.0,0.0,0,11.719999999999999,0
20101109,1289232000000,11.549999999999999,11.83,11.35,11.549999999999999,204523,237129491.00000003,0.0,0,11.6,0
20101110,1289318400000,11.41,12.09,11.35,11.95,274270,321327043.00000006,0.0,0,11.549999999999999,0
20101111,1289404800000,11.88,12.33,11.58,11.59,370307,443928800.0,0.0,0,11.95,0
20101112,1289491200000,11.42,11.6,10.43,10.43,328046,360000490.0,0.0,0,11.59,0
20101115,1289750400000,10.2,10.53,9.85,10.35,178656,182689324.0,0.0,0,10.43,0
20101116,1289836800000,10.35,10.370000000000001,9.33,9.39,208466,204569206.99999997,0.0,0,10.35,0
20101117,1289923200000,9.15,9.73,9.07,9.34,169219,159690373.0,0.0,0,9.39,0
20101118,1290009600000,9.55,9.69,9.33,9.6,119318,113913319.00000001,0.0,0,9.34,0
20101119,1290096000000,9.700000000000001,9.88,9.38,9.88,156685,151239384.0,0.0,0,9.600000000000001,0
20101122,1290355200000,9.69,10.1,9.6,9.99,156971,155347181.0,0.0,0,9.879999999999999,0
20101123,1290441600000,9.86,9.98,9.27,9.48,126670,121059391.0,0.0,0,9.99,0
20101124,1290528000000,9.42,9.88,9.32,9.780000000000001,113025,109773708.0,0.0,0,9.48,0
20101125,1290614400000,9.88,10.15,9.73,10.110000000000001,179860,179152257.00000003,0.0,0,9.780000000000001,0
20101126,1290700800000,10.16,10.16,9.8,9.940000000000001,125992,124875073.00000001,0.0,0,10.110000000000001,0
20101129,1290960000000,9.799999999999999,9.82,9.51,9.64,114930,110522228.0,0.0,0,9.94,0
20101130,1291046400000,9.63,9.780000000000001,8.950000000000001,9.38,150883,140724266.99999997,0.0,0,9.64,0
20101201,1291132800000,9.38,9.51,9.22,9.440000000000001,75737,71291951.0,0.0,0,9.38,0
20101202,1291219200000,9.63,9.8,9.5,9.52,122750,118434305.0,0.0,0,9.44,0
20101203,1291305600000,9.5,9.600000000000001,9.38,9.57,77239,73359468.0,0.0,0,9.520000000000001,0
20101206,1291564800000,9.670000000000002,9.840000000000002,9.46,9.770000000000001,141943,137618655.0,0.0,0,9.57,0
20101207,1291651200000,9.72,9.88,9.4,9.790000000000001,148321,143655406.0,0.0,0,9.77,0
20101208,1291737600000,9.68,9.84,9.51,9.56,103006,99898465.99999999,0.0,0,9.79,0
20101209,1291824000000,9.55,9.58,9.15,9.16,92968,86818626.00000001,0.0,0,9.56,0
20101210,1291910400000,9.07,9.55,9.0,9.5,111200,103604857.0,0.0,0,9.16,0
20101213,1292169600000,9.51,10.39,9.51,10.11,197203,193843061.0,0.0,0,9.5,0
20101214,1292256000000,10.100000000000001,10.280000000000001,9.950000000000001,10.190000000000001,264267,268011190.00000003,0.0,0,10.110000000000001,0
20101215,1292342400000,10.17,10.26,9.98,10.0,132286,133901088.00000001,0.0,0,10.190000000000001,0
20101216,1292428800000,9.99,10.14,9.91,9.94,81087,81160394.0,0.0,0,10.0,0
20101217,1292515200000,9.94,9.94,9.94,9.94,0,0.0,0.0,0,9.94,1
20101220,1292774400000,10.1,10.23,9.52,9.809999999999999,110631,109215209.99999999,0.0,0,9.94,0
20101221,1292860800000,9.81,10.05,9.72,9.98,77451,76909754.0,0.0,0,9.81,0
20101222,1292947200000,10.06,10.78,10.0,10.51,319528,333022099.0,0.0,0,9.98,0
20101223,1293033600000,10.360000000000001,10.5,10.14,10.190000000000001,155567,160295284.0,0.0,0,10.51,0
20101224,1293120000000,10.1,10.25,9.94,10.04,90241,90853750.0,0.0,0,10.19,0
20101227,1293379200000,10.040000000000001,10.66,9.98,10.15,236302,244088312.0,0.0,0,10.040000000000001,0
20101228,1293465600000,10.05,11.0,9.84,10.629999999999999,437385,459675581.0,0.0,0,10.15,0
20101229,1293552000000,10.5,11.059999999999999,10.35,11.03,426086,458307832.0,0.0,0,10.629999999999999,0
20101230,1293638400000,10.95,11.28,10.76,11.01,365123,403094829.0,0.0,0,11.03,0
20101231,1293724800000,11.0,11.780000000000001,10.9,11.49,393809,448795984.0,0.0,0,11.01,0
20110104,1294070400000,11.59,11.950000000000001,11.4,11.58,365975,423071167.0,0.0,0,11.49,0
20110105,1294156800000,11.38,11.5,11.08,11.14,289250,324498099.0,0.0,0,11.58,0
20110106,1294243200000,11.010000000000002,11.47,10.96,11.170000000000002,220252,248106650.0,0.0,0,11.14,0
20110107,1294329600000,11.07,11.4,10.9,11.280000000000001,178315,198735522.0,0.0,0,11.17,0
20110110,1294588800000,11.219999999999999,11.469999999999999,10.69,10.76,177594,197758613.00000003,0.0,0,11.28,0
20110111,1294675200000,10.680000000000001,10.75,10.22,10.51,153477,160832793.99999997,0.0,0,10.760000000000002,0
20110112,1294761600000,10.54,10.68,10.25,10.51,101845,106445320.0,0.0,0,10.51,0
20110113,1294848000000,10.610000000000001,10.65,10.3,10.610000000000001,113273,118986380.0,0.0,0,10.510000000000002,0
20110114,1294934400000,10.55,10.57,9.9,9.93,144106,147255295.0,0.0,0,10.61,0
20110117,1295193600000,9.79,9.88,9.25,9.32,115238,110110906.00000001,0.0,0,9.93,0
20110118,1295280000000,9.28,9.46,9.25,9.44,59561,55764252.0,0.0,0,9.32,0
20110119,1295366400000,9.47,9.75,9.32,9.700000000000001,88256,84563365.00000001,0.0,0,9.44,0
20110120,1295452800000,9.6,9.88,9.33,9.33,100319,96218264.0,0.0,0,9.7,0
20110121,1295539200000,9.28,9.63,9.24,9.47,68863,65354115.0,0.0,0,9.33,0
20110124,1295798400000,9.47,9.47,9.47,9.47,0,0.0,0.0,0,9.47,1
20110125,1295884800000,9.280000000000001,9.290000000000001,8.65,8.68,93100,82313711.0,0.0,0,9.47,0
20110126,1295971200000,8.75,8.99,8.72,8.82,43748,38685319.00000001,0.0,0,8.680000000000001,0
20110127,1296057600000,8.790000000000001,9.05,8.700000000000001,9.000000000000002,63833,57166443.00000001,0.0,0,8.82,0
20110128,1296144000000,9.05,9.18,9.0,9.13,52358,47609073.00000001,0.0,0,9.0,0
20110131,1296403200000,9.13,9.31,9.06,9.270000000000001,57317,52736748.99999999,0.0,0,9.13,0
20110201,1296489600000,9.350000000000001,9.59,9.3,9.48,66478,63170328.0,0.0,0,9.270000000000001,0
20110209,1297180800000,9.440000000000001,9.57,9.200000000000001,9.270000000000001,70802,66446234.0,0.0,0,9.48,0
20110210,1297267200000,9.22,9.5,9.16,9.48,72289,67496895.0,0.0,0,9.27,0
20110211,1297353600000,9.53,9.74,9.49,9.58,92232,88625286.00000001,0.0,0,9.48,0
20110214,1297612800000,9.56,9.85,9.49,9.78,111314,108334992.00000001,0.0,0,9.58,0
20110215,1297699200000,9.780000000000001,10.270000000000001,9.72,10.01,187670,188654138.0,0.0,0,9.780000000000001,0
20110216,1297785600000,10.010000000000002,10.32,9.950000000000001,10.31,124642,126382033.00000001,0.0,0,10.010000000000002,0
20110217,1297872000000,10.32,10.55,10.17,10.23,140207,144656548.0,0.0,0,10.31,0
20110218,1297958400000,10.15,10.200000000000001,9.96,10.010000000000002,101433,102232132.0,0.0,0,10.23,0
20110221,1298217600000,9.9,10.28,9.85,10.27,116201,117106611.99999999,0.0,0,10.01,0
20110222,1298304000000,10.270000000000001,10.47,9.96,9.98,160366,163736260.00000003,0.0,0,10.270000000000001,0
20110223,1298390400000,9.9,10.280000000000001,9.88,10.15,101500,102546723.0,0.0,0,9.98,0
20110224,1298476800000,10.11,10.35,10.1,10.27,113767,116580097.00000001,0.0,0,10.15,0
20110225,1298563200000,10.28,10.33,10.0,10.26,98948,100568764.0,0.0,0,10.27,0
20110228,1298822400000,10.21,10.440000000000001,10.120000000000001,10.4,140344,144646280.0,0.0,0,10.260000000000002,0
20110301,1298908800000,10.4,10.48,10.26,10.34,151961,157771672.00000003,0.0,0,10.4,0
20110302,1298995200000,10.25,10.29,10.0,10.16,116870,118350321.0,0.0,0,10.34,0
20110303,1299081600000,10.15,10.27,9.99,10.19,95936,97264492.0,0.0,0,10.16,0
20110304,1299168000000,10.3,11.21,10.3,11.21,275867,302860339.0,0.0,0,10.190000000000001,0
20110307,1299427200000,11.700000000000001,11.780000000000001,11.22,11.680000000000001,742004,852337047.0,0.0,0,11.21,0
20110308,1299513600000,11.45,11.55,11.25,11.44,335147,381568228.0,0.0,0,11.68,0
20110309,1299600000000,11.389999999999999,12.559999999999999,11.35,11.89,604922,730658833.0000001,0.0,0,11.44,0
20110310,1299686400000,11.77,13.0,11.48,12.66,625333,764547632.0,0.0,0,11.89,0
20110311,1299772800000,12.5,13.920000000000002,12.38,13.48,808875,1070736482.0,0.0,0,12.66,0
20110314,1300032000000,13.360000000000001,13.89,12.97,13.46,525252,705383726.0000001,0.0,0,13.48,0
20110315,1300118400000,13.209999999999999,13.7,13.02,13.45,421976,564066950.0,0.0,0,13.459999999999999,0
20110316,1300204800000,13.47,14.5,13.47,13.88,472506,664774156.0,0.0,0,13.450000000000001,0
20110317,1300291200000,13.5,13.68,12.66,12.92,447270,589190804.0,0.0,0,13.88,0
20110318,1300377600000,13.1,13.68,12.94,13.16,397009,530612121.0,0.0,0,12.92,0
20110321,1300636800000,13.100000000000001,13.8,12.71,13.72,358723,475295714.0,0.0,0,13.16,0
20110322,1300723200000,13.78,14.38,13.58,13.75,437887,611174141.0,0.0,0,13.72,0
20110323,1300809600000,13.549999999999999,14.799999999999999,13.35,14.57,561066,795048492.0,0.0,0,13.75,0
20110324,1300896000000,14.48,14.850000000000001,14.3,14.680000000000001,442145,645711095.9999999,0.0,0,14.57,0
20110325,1300982400000,14.68,14.950000000000001,14.4,14.49,387951,566531693.0,0.0,0,14.68,0
20110328,1301241600000,14.4,14.600000000000001,14.040000000000001,14.180000000000001,348158,496245358.0,0.0,0,14.49,0
20110329,1301328000000,14.1,14.6,13.25,13.3,472494,657466756.0000001,0.0,0,14.18,0
20110330,1301414400000,13.120000000000001,13.700000000000001,13.05,13.370000000000001,293757,392288042.0,0.0,0,13.3,0
20110331,1301500800000,13.35,13.4,12.52,12.639999999999999,294581,379197549.0,0.0,0,13.37,0
20110401,1301587200000,12.750000000000002,13.05,12.370000000000001,13.010000000000002,197427,250908265.0,0.0,0,12.64,0
20110406,1302019200000,12.9,13.3,12.51,13.29,231048,299298297.0,0.0,0,13.01,0
20110407,1302105600000,13.25,13.28,12.92,13.05,155156,202841876.0,0.0,0,13.29,0
20110408,1302192000000,12.959999999999999,13.45,12.84,13.27,199536,263062730.00000003,0.0,0,13.05,0
20110411,1302451200000,12.860000000000001,13.200000000000001,12.700000000000001,12.9,297365,382701956.0,0.0,0,13.270000000000001,0
20110412,1302537600000,12.760000000000002,12.82,12.05,12.260000000000002,273614,340553081.99999994,0.0,0,12.9,0
20110413,1302624000000,12.22,12.370000000000001,12.06,12.33,113216,138371167.00000003,0.0,0,12.26,0
20110414,1302710400000,12.32,12.44,12.16,12.17,108400,132707249.0,0.0,0,12.33,0
20110415,1302796800000,12.11,12.38,12.08,12.27,104012,127289540.00000001,0.0,0,12.17,0
20110418,1303056000000,12.16,12.8,12.06,12.8,255912,319030437.0,0.0,0,12.270000000000001,0
20110419,1303142400000,12.700000000000001,12.700000000000001,12.290000000000001,12.290000000000001,156069,194792109.0,0.0,0,12.8,0
20110420,1303228800000,12.29,12.5,12.27,12.37,89130,110174585.00000001,0.0,0,12.29,0
20110421,1303315200000,12.5,12.790000000000001,12.4,12.66,153457,194220234.0,0.0,0,12.370000000000001,0
20110422,1303401600000,12.700000000000001,12.75,12.3,12.360000000000001,100602,125693003.0,0.0,0,12.66,0
20110425,1303660800000,12.3,12.3,11.700000000000001,11.760000000000002,112606,133889933.99999999,0.0,0,12.360000000000001,0
20110426,1303747200000,11.72,11.860000000000001,11.39,11.46,83573,96832068.0,0.0,0,11.76,0
20110427,1303833600000,11.6,11.629999999999999,11.34,11.47,68850,78974745.0,0.0,0,11.459999999999999,0
20110428,1303920000000,11.6,11.72,11.4,11.49,84469,97585738.00000001,0.0,0,11.47,0
20110429,1304006400000,11.52,12.01,11.4,11.950000000000001,110584,130294680.0,0.0,0,11.49,0
20110503,1304352000000,11.9,11.99,11.64,11.96,80032,94750923.0,0.0,0,11.950000000000001,0
20110504,1304438400000,11.84,11.84,11.39,11.42,77111,89563492.0,0.0,0,11.96,0
20110505,1304524800000,11.32,11.600000000000001,11.200000000000001,11.450000000000001,59332,67918514.0,0.0,0,11.420000000000002,0
20110506,1304611200000,11.450000000000001,11.450000000000001,11.450000000000001,11.450000000000001,0,0.0,0.0,0,11.450000000000001,1
20110509,1304870400000,11.45,11.69,11.42,11.49,42754,49327031.0,0.0,0,11.45,0
20110510,1304956800000,11.49,11.89,11.47,11.850000000000001,87989,103080573.0,0.0,0,11.49,0
20110511,1305043200000,11.879999999999999,11.879999999999999,11.52,11.66,67318,78653634.00000001,0.0,0,11.85,0
20110512,1305129600000,11.47,12.0,11.290000000000001,11.760000000000002,120086,140737711.00000003,0.0,0,11.66,0
20110513,1305216000000,11.719999999999999,11.85,11.28,11.59,108701,125305162.0,0.0,0,11.76,0
20110516,1305475200000,11.590000000000002,11.590000000000002,11.21,11.350000000000001,89886,102279804.0,0.0,0,11.590000000000002,0
20110517,1305561600000,11.32,11.62,11.1,11.379999999999999,101477,115320250.0,0.0,0,11.35,0
20110518,1305648000000,11.24,11.920000000000002,11.21,11.81,171412,200299166.0,0.0,0,11.38,0
20110519,1305734400000,11.84,11.9,11.65,11.84,120946,142553969.0,0.0,0,11.81,0
20110520,1305820800000,11.82,12.3,11.72,12.25,270718,326281194.0,0.0,0,11.84,0
20110523,1306080000000,12.15,12.290000000000001,11.790000000000001,11.83,158083,189816084.0,0.0,0,12.250000000000002,0
20110524,1306166400000,11.690000000000001,11.700000000000001,11.200000000000001,11.500000000000002,97304,111109688.0,0.0,0,11.830000000000002,0
20110525,1306252800000,11.37,11.469999999999999,10.68,10.73,143655,159504540.0,0.0,0,11.5,0
20110526,1306339200000,10.870000000000001,10.940000000000001,10.38,10.39,108122,114688386.0,0.0,0,10.73,0
20110527,1306425600000,10.36,10.5,10.1,10.11,65303,66890238.0,0.0,0,10.389999999999999,0
20110530,1306684800000,10.0,10.190000000000001,9.81,9.85,51659,51602807.00000001,0.0,0,10.110000000000001,0
20110531,1306771200000,9.91,10.21,9.89,10.190000000000001,55178,55567059.0,0.0,0,9.850000000000001,0
20110601,1306857600000,10.21,10.38,10.14,10.290000000000001,45867,47156592.0,0.0,0,10.190000000000001,0
20110602,1306944000000,10.18,10.18,9.83,10.09,64129,64281886.99999999,0.0,0,10.290000000000001,0
20110603,1307030400000,10.08,10.45,10.08,10.38,74206,76469114.0,0.0,0,10.09,0
20110607,1307376000000,10.250000000000002,10.530000000000001,10.200000000000001,10.430000000000001,65116,67677986.0,0.0,0,10.330000000000002,0
20110608,1307462400000,10.4,10.5,10.18,10.49,77469,80096244.0,0.0,0,10.43,0
20110609,1307548800000,10.48,10.48,10.01,10.02,67547,69079849.0,0.0,0,10.49,0
20110610,1307635200000,9.930000000000001,10.06,9.71,9.98,60669,60016185.0,0.0,0,10.020000000000001,0
20110613,1307894400000,9.99,10.14,9.8,10.08,54722,54697800.0,0.0,0,9.98,0
20110614,1307980800000,10.120000000000001,10.430000000000001,10.05,10.33,75742,78055863.0,0.0,0,10.08,0
20110615,1308067200000,10.280000000000001,10.370000000000001,10.120000000000001,10.16,53044,54218393.00000001,0.0,0,10.330000000000002,0
20110616,1308153600000,10.0,10.08,9.78,9.799999999999999,57476,56855846.0,0.0,0,10.16,0
20110617,1308240000000,9.79,9.89,9.5,9.53,43773,42612935.0,0.0,0,9.8,0
20110620,1308499200000,9.45,9.45,9.08,9.14,65809,60688224.0,0.0,0,9.53,0
20110621,1308585600000,9.209999999999999,9.29,9.1,9.27,39793,36666223.0,0.0,0,9.139999999999999,0
20110622,1308672000000,9.3,9.330000000000002,9.200000000000001,9.21,33548,31073019.000000004,0.0,0,9.270000000000001,0
20110623,1308758400000,9.19,9.58,9.07,9.49,78663,73607946.0,0.0,0,9.21,0
20110624,1308844800000,9.430000000000001,9.89,9.38,9.73,115545,112088499.0,0.0,0,9.49,0
20110627,1309104000000,9.73,10.020000000000001,9.71,9.82,87647,86360609.0,0.0,0,9.73,0
20110628,1309190400000,9.82,9.82,9.82,9.82,0,0.0,0.0,0,9.82,1
20110629,1309276800000,9.99,10.8,9.99,10.200000000000001,270617,282862913.0,0.0,0,9.82,0
20110630,1309363200000,10.01,10.36,10.0,10.29,121910,124793480.00000001,0.0,0,10.2,0
20110701,1309449600000,10.3,10.4,10.17,10.23,83071,85292343.0,0.0,0,10.29,0
20110704,1309708800000,10.31,10.6,10.23,10.5,128453,134472050.99999997,0.0,0,10.23,0
20110705,1309795200000,10.590000000000002,10.700000000000001,10.38,10.690000000000001,145822,153764981.0,0.0,0,10.5,0
20110706,1309881600000,10.680000000000001,10.8,10.47,10.790000000000001,166116,176677550.0,0.0,0,10.690000000000001,0
20110707,1309968000000,10.71,10.88,10.5,10.51,130849,139444563.0,0.0,0,10.79,0
20110708,1310054400000,10.459999999999999,10.559999999999999,10.28,10.389999999999999,89868,93442061.0,0.0,0,10.51,0
20110711,1310313600000,10.3,10.450000000000001,10.22,10.4,66170,68446953.0,0.0,0,10.39,0
20110712,1310400000000,10.3,10.6,10.25,10.4,106698,111753345.0,0.0,0,10.4,0
20110713,1310486400000,10.31,10.9,10.31,10.8,178710,191141286.00000003,0.0,0,10.4,0
20110714,1310572800000,10.85,11.469999999999999,10.77,11.299999999999999,288447,322839374.0,0.0,0,10.799999999999999,0
20110715,1310659200000,11.24,11.6,11.15,11.51,203857,232584982.0,0.0,0,11.3,0
20110718,1310918400000,11.48,11.59,11.25,11.28,103011,117174635.00000001,0.0,0,11.51,0
20110719,1311004800000,11.28,11.549999999999999,11.18,11.23,83632,94700160.00000001,0.0,0,11.28,0
20110720,1311091200000,11.48,12.180000000000001,11.38,11.850000000000001,286443,339104288.99999994,0.0,0,11.23,0
20110721,1311177600000,11.85,11.98,11.5,11.78,169178,198545120.0,0.0,0,11.85,0
20110722,1311264000000,11.83,12.19,11.74,11.82,199663,239514045.00000003,0.0,0,11.78,0
20110725,1311523200000,11.73,11.97,10.88,11.17,186185,212162215.00000003,0.0,0,11.82,0
20110726,1311609600000,11.26,12.29,11.11,12.11,550766,662707759.0,0.0,0,11.17,0
20110727,1311696000000,11.88,12.19,11.75,12.15,392252,470056000.0,0.0,0,12.11,0
20110728,1311782400000,11.98,12.08,11.71,11.930000000000001,196706,233902549.0,0.0,0,12.15,0
20110729,1311868800000,11.91,12.15,11.49,11.59,265713,316439464.0,0.0,0,11.93,0
20110801,1312128000000,11.360000000000001,11.610000000000001,11.290000000000001,11.530000000000001,129860,148892983.00000003,0.0,0,11.590000000000002,0
20110802,1312214400000,11.44,11.44,10.86,11.149999999999999,191313,211872014.00000003,0.0,0,11.53,0
20110803,1312300800000,11.0,11.17,10.88,11.05,127079,140253714.0,0.0,0,11.15,0
20110804,1312387200000,11.13,11.280000000000001,11.040000000000001,11.15,97720,109021798.0,0.0,0,11.05,0
20110805,1312473600000,10.75,10.95,10.5,10.58,120736,129389618.00000001,0.0,0,11.15,0
20110808,1312732800000,10.32,10.4,9.55,9.700000000000001,150772,149277121.0,0.0,0,10.58,0
20110809,1312819200000,9.33,9.97,9.07,9.790000000000001,144239,138319829.0,0.0,0,9.700000000000001,0
20110810,1312905600000,10.0,10.22,9.88,9.950000000000001,136188,136960019.0,0.0,0,9.790000000000001,0
20110811,1312992000000,9.57,10.209999999999999,9.52,10.17,128523,129005943.0,0.0,0,9.95,0
20110812,1313078400000,10.299999999999999,10.43,10.18,10.2,103326,106223939.0,0.0,0,10.17,0
20110815,1313337600000,10.25,10.38,10.16,10.34,82011,84361317.0,0.0,0,10.2,0
20110816,1313424000000,10.4,10.55,10.31,10.35,86571,90094236.0,0.0,0,10.34,0
20110817,1313510400000,10.3,10.35,10.07,10.08,94779,96289027.0,0.0,0,10.35,0
20110818,1313596800000,10.1,10.21,9.82,9.9,82328,82517905.99999999,0.0,0,10.08,0
20110819,1313683200000,9.64,9.83,9.55,9.72,60476,58495689.0,0.0,0,9.9,0
20110822,1313942400000,9.73,9.98,9.700000000000001,9.750000000000002,53840,52883857.0,0.0,0,9.72,0
20110823,1314028800000,9.83,10.049999999999999,9.76,10.04,56168,55696326.00000001,0.0,0,9.75,0
20110824,1314115200000,10.04,10.04,10.04,10.04,0,0.0,0.0,0,10.04,1
20110825,1314201600000,10.04,10.35,9.85,10.33,112739,114548184.0,0.0,0,10.04,0
20110826,1314288000000,10.250000000000002,10.4,10.200000000000001,10.270000000000001,69142,71197478.0,0.0,0,10.330000000000002,0
20110829,1314547200000,10.19,10.25,10.0,10.05,68960,69702043.00000001,0.0,0,10.27,0
20110830,1314633600000,10.170000000000002,10.340000000000002,9.950000000000001,9.99,78704,79985563.99999999,0.0,0,10.05,0
20110831,1314720000000,9.98,10.11,9.76,9.9,58645,57997864.00000001,0.0,0,9.99,0
20110901,1314806400000,9.9,10.010000000000002,9.8,9.84,36052,35662047.0,0.0,0,9.9,0
20110902,1314892800000,9.850000000000001,10.030000000000001,9.71,9.89,47393,46766502.0,0.0,0,9.840000000000002,0
20110905,1315152000000,9.790000000000001,9.790000000000001,9.4,9.51,44501,42659927.0,0.0,0,9.89,0
20110906,1315238400000,9.35,9.9,9.32,9.81,81437,79051948.0,0.0,0,9.51,0
20110907,1315324800000,9.84,10.25,9.82,10.200000000000001,130367,131666945.00000001,0.0,0,9.81,0
20110908,1315411200000,10.23,10.24,10.05,10.07,76988,78074465.99999999,0.0,0,10.200000000000001,0
20110909,1315497600000,10.07,10.790000000000001,10.07,10.49,269087,280090243.0,0.0,0,10.07,0
20110913,1315843200000,10.3,10.67,10.15,10.38,236500,244494894.0,0.0,0,10.49,0
20110914,1315929600000,10.280000000000001,10.58,10.05,10.38,143114,147061299.0,0.0,0,10.38,0
20110915,1316016000000,10.370000000000001,10.430000000000001,10.21,10.270000000000001,100681,104095426.00000001,0.0,0,10.38,0
20110916,1316102400000,10.35,10.88,10.25,10.72,285525,304542889.0,0.0,0,10.27,0
20110919,1316361600000,10.63,10.7,10.33,10.41,145306,152489101.99999997,0.0,0,10.72,0
20110920,1316448000000,10.39,10.520000000000001,10.21,10.49,95340,98865695.0,0.0,0,10.41,0
20110921,1316534400000,10.46,10.9,10.39,10.8,202274,217162799.00000003,0.0,0,10.49,0
20110922,1316620800000,10.680000000000001,11.0,10.47,10.49,196794,211614420.00000003,0.0,0,10.8,0
20110923,1316707200000,10.100000000000001,10.360000000000001,9.97,10.14,141851,143850736.0,0.0,0,10.49,0
20110926,1316966400000,10.09,10.35,10.0,10.2,89084,90976466.0,0.0,0,10.14,0
20110927,1317052800000,10.26,10.37,9.86,10.08,95768,96381751.00000001,0.0,0,10.2,0
20110928,1317139200000,10.190000000000001,10.270000000000001,9.8,9.860000000000001,72263,72628368.0,0.0,0,10.08,0
20110929,1317225600000,9.61,9.8,9.33,9.34,78153,74405870.99999999,0.0,0,9.86,0
20110930,1317312000000,9.38,9.52,9.16,9.33,40728,37925972.0,0.0,0,9.34,0
20111010,1318176000000,9.38,9.49,9.25,9.33,32865,30676086.000000004,0.0,0,9.33,0
20111011,1318262400000,9.649999999999999,9.75,9.28,9.44,49952,47484087.00000001,0.0,0,9.33,0
20111012,1318348800000,9.350000000000001,9.780000000000001,9.200000000000001,9.750000000000002,75498,72675939.0,0.0,0,9.440000000000001,0
20111013,1318435200000,9.75,9.97,9.66,9.85,72110,71036563.00000001,0.0,0,9.75,0
20111014,1318521600000,9.8,9.870000000000001,9.63,9.760000000000002,49016,47666753.0,0.0,0,9.850000000000001,0
20111017,1318780800000,9.81,9.98,9.73,9.96,70298,69406875.0,0.0,0,9.76,0
20111018,1318867200000,9.870000000000001,9.870000000000001,9.47,9.520000000000001,66000,63838486.0,0.0,0,9.96,0
20111019,1318953600000,9.6,9.74,9.31,9.72,74533,71311186.00000001,0.0,0,9.520000000000001,0
20111020,1319040000000,9.64,9.700000000000001,9.22,9.33,66606,62910008.0,0.0,0,9.72,0
20111021,1319126400000,9.33,9.370000000000001,8.8,8.81,66824,60523033.0,0.0,0,9.33,0
20111024,1319385600000,8.91,9.13,8.75,9.11,44769,40140744.0,0.0,0,8.81,0
20111025,1319472000000,9.149999999999999,9.45,9.03,9.37,61229,56822687.0,0.0,0,9.11,0
20111026,1319558400000,9.120000000000001,9.42,9.07,9.24,83253,77164167.0,0.0,0,9.370000000000001,0
20111027,1319644800000,9.25,9.4,9.19,9.229999999999999,55089,51154894.0,0.0,0,9.24,0
20111028,1319731200000,9.36,9.43,9.24,9.370000000000001,77561,72396268.0,0.0,0,9.23,0
20111031,1319990400000,9.370000000000001,9.450000000000001,9.3,9.39,63426,59436905.0,0.0,0,9.370000000000001,0
20111101,1320076800000,9.31,9.350000000000001,9.120000000000001,9.170000000000002,78344,72329703.0,0.0,0,9.39,0
20111102,1320163200000,9.0,9.200000000000001,8.8,9.190000000000001,96140,86241279.0,0.0,0,9.17,0
20111103,1320249600000,9.19,9.5,9.19,9.36,130588,122480701.00000001,0.0,0,9.19,0
20111104,1320336000000,9.41,9.590000000000002,9.370000000000001,9.450000000000001,101966,96491090.0,0.0,0,9.360000000000001,0
20111107,1320595200000,9.450000000000001,9.5,9.3,9.370000000000001,67252,63080456.0,0.0,0,9.450000000000001,0
20111108,1320681600000,9.39,9.5,9.34,9.379999999999999,88140,83020890.0,0.0,0,9.37,0
20111109,1320768000000,9.41,9.54,9.28,9.479999999999999,82773,78089516.0,0.0,0,9.379999999999999,0
20111110,1320854400000,9.38,9.38,9.06,9.09,96340,88492261.0,0.0,0,9.48,0
20111111,1320940800000,9.1,9.19,9.0,9.12,46913,42641544.0,0.0,0,9.09,0
20111114,1321200000000,9.209999999999999,9.28,9.17,9.26,56901,52590153.0,0.0,0,9.12,0
20111115,1321286400000,9.270000000000001,9.49,9.22,9.41,96946,90916272.0,0.0,0,9.26,0
20111116,1321372800000,9.38,9.46,9.15,9.18,83170,77441523.0,0.0,0,9.41,0
20111117,1321459200000,9.18,9.44,9.16,9.26,78468,73224264.0,0.0,0,9.18,0
20111118,1321545600000,9.190000000000001,9.190000000000001,8.88,8.9,76612,68810242.0,0.0,0,9.260000000000002,0
20111121,1321804800000,8.98,8.98,8.83,8.96,25803,22960901.000000004,0.0,0,8.9,0
20111122,1321891200000,8.870000000000001,9.110000000000001,8.81,9.030000000000001,43434,39057202.0,0.0,0,8.96,0
20111123,1321977600000,9.03,9.09,8.84,8.85,31438,28012823.0,0.0,0,9.03,0
20111124,1322064000000,8.8,8.83,8.46,8.58,66230,56909351.00000001,0.0,0,8.850000000000001,0
20111125,1322150400000,8.56,8.66,8.39,8.41,39069,33267580.0,0.0,0,8.58,0
20111128,1322409600000,8.43,8.51,8.19,8.209999999999999,41812,34696383.0,0.0,0,8.41,0
20111129,1322496000000,8.299999999999999,8.49,8.26,8.48,53535,45016701.00000001,0.0,0,8.209999999999999,0
20111130,1322582400000,8.48,8.58,7.98,8.34,77283,64626029.0,0.0,0,8.48,0
20111201,1322668800000,8.55,8.68,8.4,8.42,61061,52285383.0,0.0,0,8.34,0
20111202,1322755200000,8.4,8.870000000000001,8.21,8.690000000000001,96431,82627933.00000001,0.0,0,8.420000000000002,0
20111205,1323014400000,8.68,8.78,8.52,8.59,61779,53467838.99999999,0.0,0,8.69,0
20111206,1323100800000,8.59,9.1,8.34,8.81,129410,112933015.00000001,0.0,0,8.59,0
20111207,1323187200000,8.799999999999999,9.2,8.68,9.06,143629,128539601.99999999,0.0,0,8.81,0
20111208,1323273600000,9.0,9.3,8.76,9.07,115431,103763660.0,0.0,0,9.06,0
20111209,1323360000000,8.93,9.04,8.84,8.97,91403,81991754.0,0.0,0,9.07,0
20111212,1323619200000,9.0,9.370000000000001,8.57,8.700000000000001,146706,130975356.99999999,0.0,0,8.97,0
20111213,1323705600000,8.59,8.95,8.35,8.75,148407,128359190.99999999,0.0,0,8.7,0
20111214,1323792000000,8.66,8.930000000000001,8.38,8.590000000000002,167127,144084076.0,0.0,0,8.75,0
20111215,1323878400000,8.55,8.700000000000001,8.23,8.530000000000001,140825,119370303.0,0.0,0,8.59,0
20111216,1323964800000,8.46,8.87,8.25,8.43,136677,114918301.0,0.0,0,8.53,0
20111219,1324224000000,8.32,8.32,7.59,7.59,142872,110659211.0,0.0,0,8.43,0
20111220,1324310400000,7.4,7.4,6.9,7.220000000000001,94354,67798025.0,0.0,0,7.590000000000001,0
20111221,1324396800000,7.27,7.3,6.5,6.51,84540,58767651.0,0.0,0,7.22,0
20111222,1324483200000,6.51,6.51,6.01,6.33,68651,42647843.0,0.0,0,6.51,0
20111223,1324569600000,6.3,6.45,6.21,6.31,50504,32123361.000000004,0.0,0,6.33,0
20111226,1324828800000,6.34,6.49,6.28,6.3500000000000005,30949,19782191.000000004,0.0,0,6.3100000000000005,0
20111227,1324915200000,6.37,6.380000000000001,6.11,6.12,31721,19787369.0,0.0,0,6.3500000000000005,0
20111228,1325001600000,6.090000000000001,6.090000000000001,5.7700000000000005,5.99,48556,28670419.0,0.0,0,6.12,0
20111229,1325088000000,5.94,6.08,5.87,6.0,30559,18312003.0,0.0,0,5.99,0
20111230,1325174400000,6.03,6.15,6.03,6.140000000000001,33607,20546316.0,0.0,0,6.0,0
20120104,1325606400000,6.2,6.250000000000001,5.8500000000000005,5.890000000000001,30556,18651705.0,0.0,0,6.140000000000001,0
20120105,1325692800000,5.86,5.87,5.42,5.4399999999999995,37640,21236874.000000004,0.0,0,5.89,0
20120106,1325779200000,5.41,5.51,5.22,5.5,36706,19718589.0,0.0,0,5.4399999999999995,0
20120109,1326038400000,5.45,5.840000000000001,5.4,5.83,48060,27341773.0,0.0,0,5.5,0
20120110,1326124800000,5.87,6.2299999999999995,5.8,6.2,73735,44770878.0,0.0,0,5.83,0
20120111,1326211200000,6.21,6.45,6.2,6.25,88290,55658687.0,0.0,0,6.2,0
20120112,1326297600000,6.239999999999999,6.489999999999999,6.18,6.359999999999999,79757,50558700.00000001,0.0,0,6.25,0
20120113,1326384000000,6.36,6.38,6.0,6.16,65069,40279684.0,0.0,0,6.36,0
20120116,1326643200000,6.03,6.16,5.86,5.87,32530,19603242.0,0.0,0,6.16,0
20120117,1326729600000,5.859999999999999,6.46,5.8,6.46,112932,71258178.0,0.0,0,5.87,0
20120118,1326816000000,6.59,6.88,6.46,6.4799999999999995,153307,102011370.99999999,0.0,0,6.46,0
20120119,1326902400000,6.4799999999999995,6.6499999999999995,6.34,6.58,65940,43151164.0,0.0,0,6.4799999999999995,0
20120120,1326988800000,6.62,6.68,6.5,6.57,50761,33506758.000000004,0.0,0,6.58,0
20120130,1327852800000,6.6,6.75,6.5,6.5,44521,29461493.000000004,0.0,0,6.57,0
20120131,1327939200000,6.5,6.55,6.37,6.48,32002,20632868.0,0.0,0,6.5,0
20120201,1328025600000,6.53,6.55,6.25,6.28,35479,22689147.000000004,0.0,0,6.48,0
20120202,1328112000000,6.3,6.45,6.3,6.4399999999999995,34249,21826439.0,0.0,0,6.28,0
20120203,1328198400000,6.41,6.59,6.38,6.56,45730,29779140.0,0.0,0,6.4399999999999995,0
20120206,1328457600000,6.55,6.65,6.54,6.61,46063,30378181.0,0.0,0,6.56,0
20120207,1328544000000,6.57,6.57,6.36,6.48,44977,28965720.0,0.0,0,6.61,0
20120208,1328630400000,6.4799999999999995,6.85,6.38,6.84,104566,70154441.0,0.0,0,6.4799999999999995,0
20120209,1328716800000,6.81,6.96,6.71,6.8,108706,74366530.0,0.0,0,6.84,0
20120210,1328803200000,6.77,6.89,6.71,6.79,52204,35468569.0,0.0,0,6.8,0
20120213,1329062400000,6.74,6.92,6.63,6.87,72709,49601181.0,0.0,0,6.79,0
20120214,1329148800000,6.840000000000001,6.9,6.7700000000000005,6.8500000000000005,43887,30004065.0,0.0,0,6.87,0
20120215,1329235200000,6.8,7.16,6.78,7.0600000000000005,95654,67130260.0,0.0,0,6.8500000000000005,0
20120216,1329321600000,7.01,7.24,7.01,7.18,112017,79756284.0,0.0,0,7.06,0
20120217,1329408000000,7.18,7.25,7.01,7.09,51401,36427714.0,0.0,0,7.18,0
20120220,1329667200000,7.18,7.24,7.01,7.02,61128,43422378.0,0.0,0,7.09,0
20120221,1329753600000,7.01,7.140000000000001,6.95,7.12,53274,37557470.0,0.0,0,7.0200000000000005,0
20120222,1329840000000,7.09,7.4,7.08,7.35,125340,90933110.00000001,0.0,0,7.12,0
20120223,1329926400000,7.35,7.4,7.21,7.29,102479,74954804.99999999,0.0,0,7.35,0
20120224,1330012800000,7.29,7.39,7.21,7.33,70529,51512152.0,0.0,0,7.29,0
20120227,1330272000000,7.32,7.58,7.32,7.37,121348,90423145.0,0.0,0,7.33,0
20120228,1330358400000,7.319999999999999,7.37,7.18,7.239999999999999,68142,49502398.0,0.0,0,7.37,0
20120229,1330444800000,7.26,7.5,7.21,7.28,93683,69252743.0,0.0,0,7.24,0
20120301,1330531200000,7.2,7.33,7.13,7.27,41558,30146539.999999996,0.0,0,7.28,0
20120302,1330617600000,7.27,7.57,7.25,7.49,119144,88988798.00000001,0.0,0,7.27,0
20120305,1330876800000,7.48,7.640000000000001,7.44,7.510000000000001,84697,63863105.00000001,0.0,0,7.49,0
20120306,1330963200000,7.47,7.48,7.29,7.34,58178,42789377.0,0.0,0,7.51,0
20120307,1331049600000,7.2,7.34,7.17,7.22,49375,35798982.0,0.0,0,7.34,0
20120308,1331136000000,7.22,7.4399999999999995,7.22,7.38,48651,35775134.99999999,0.0,0,7.22,0
20120309,1331222400000,7.41,7.5,7.34,7.49,91357,67824655.0,0.0,0,7.38,0
20120312,1331481600000,7.49,7.76,7.49,7.62,113494,86575567.0,0.0,0,7.49,0
20120313,1331568000000,7.62,7.87,7.58,7.76,145530,112726485.0,0.0,0,7.62,0
20120314,1331654400000,7.76,7.89,7.0,7.21,150318,114112793.00000001,0.0,0,7.76,0
20120315,1331740800000,7.210000000000001,7.340000000000001,6.8500000000000005,7.07,82802,58920481.0,0.0,0,7.210000000000001,0
20120316,1331827200000,7.07,7.07,7.07,7.07,0,0.0,0.0,0,7.07,1
20120319,1332086400000,7.3,7.5,7.21,7.5,97117,71407250.0,0.0,0,7.07,0
20120320,1332172800000,7.43,7.4399999999999995,7.22,7.2299999999999995,66345,48509784.00000001,0.0,0,7.5,0
20120321,1332259200000,7.26,7.5600000000000005,7.24,7.390000000000001,72189,53435922.0,0.0,0,7.23,0
20120322,1332345600000,7.38,7.390000000000001,7.24,7.3,36950,26972093.0,0.0,0,7.390000000000001,0
20120323,1332432000000,7.28,7.28,6.98,7.0600000000000005,50629,35951341.0,0.0,0,7.300000000000001,0
20120326,1332691200000,7.07,7.15,6.96,7.02,25951,18280844.999999996,0.0,0,7.06,0
20120327,1332777600000,7.1,7.15,7.0,7.03,24916,17640838.0,0.0,0,7.02,0
20120328,1332864000000,7.0200000000000005,7.0200000000000005,6.58,6.6,44460,29927316.0,0.0,0,7.03,0
20120329,1332950400000,6.58,6.58,6.2,6.29,43296,27562889.000000004,0.0,0,6.6000000000000005,0
20120330,1333036800000,6.23,6.4,6.2,6.25,24368,15305054.000000002,0.0,0,6.29,0
20120405,1333555200000,6.29,6.45,6.22,6.4399999999999995,27463,17538584.0,0.0,0,6.25,0
20120406,1333641600000,6.45,6.56,6.42,6.51,26346,17095943.0,0.0,0,6.4399999999999995,0
20120409,1333900800000,6.51,6.59,6.41,6.43,22108,14361070.0,0.0,0,6.51,0
20120410,1333987200000,6.3999999999999995,6.49,6.22,6.4799999999999995,27125,17246803.0,0.0,0,6.43,0
20120411,1334073600000,6.380000000000001,6.53,6.3500000000000005,6.48,22036,14237730.0,0.0,0,6.48,0
20120412,1334160000000,6.5,6.680000000000001,6.49,6.680000000000001,41494,27413756.0,0.0,0,6.48,0
20120413,1334246400000,6.6899999999999995,6.84,6.63,6.78,52857,35717507.0,0.0,0,6.68,0
20120416,1334505600000,6.71,6.8,6.63,6.76,40825,27384630.0,0.0,0,6.78,0
20120417,1334592000000,6.74,6.82,6.640000000000001,6.670000000000001,39131,26273357.0,0.0,0,6.760000000000001,0
20120418,1334678400000,6.71,6.91,6.66,6.86,59518,40616294.0,0.0,0,6.67,0
20120419,1334764800000,6.86,6.960000000000001,6.8100000000000005,6.95,64246,44177787.00000001,0.0,0,6.86,0
20120420,1334851200000,6.95,7.220000000000001,6.9,7.19,121685,86637966.0,0.0,0,6.95,0
20120423,1335110400000,7.140000000000001,7.15,6.95,7.05,88776,62611057.99999999,0.0,0,7.19,0
20120424,1335196800000,6.95,7.08,6.63,6.87,54126,36977042.0,0.0,0,7.05,0
20120425,1335283200000,6.859999999999999,7.069999999999999,6.76,7.04,53755,37332144.99999999,0.0,0,6.87,0
20120426,1335369600000,7.04,7.300000000000001,7.0200000000000005,7.130000000000001,85792,61581042.00000001,0.0,0,7.04,0
20120427,1335456000000,7.140000000000001,7.17,6.91,6.94,49768,34836456.0,0.0,0,7.13,0
20120502,1335888000000,7.08,7.28,7.03,7.180000000000001,79811,57265647.0,0.0,0,6.94,0
20120503,1335974400000,7.18,7.26,7.12,7.22,61392,44254111.99999999,0.0,0,7.18,0
20120504,1336060800000,7.22,7.22,7.22,7.22,0,0.0,0.0,0,7.22,1
20120507,1336320000000,7.220000000000001,7.220000000000001,7.03,7.180000000000001,54854,39037402.0,0.0,0,7.220000000000001,0
20120508,1336406400000,7.16,7.359999999999999,7.05,7.3,95300,69046229.0,0.0,0,7.18,0
20120509,1336492800000,7.25,7.47,7.18,7.26,147369,107984303.0,0.0,0,7.3,0
20120510,1336579200000,7.19,7.4,7.08,7.38,107216,77631476.0,0.0,0,7.26,0
20120511,1336665600000,7.37,7.6,7.3,7.3999999999999995,191065,142695227.0,0.0,0,7.38,0
20120514,1336924800000,7.48,8.1,7.24,7.76,258994,199871175.0,0.0,0,7.4,0
20120515,1337011200000,7.680000000000001,8.42,7.6000000000000005,8.350000000000001,383565,313196183.0,0.0,0,7.760000000000001,0
20120516,1337097600000,8.18,8.280000000000001,7.930000000000001,8.13,226768,183813810.0,0.0,0,8.350000000000001,0
20120517,1337184000000,8.05,8.11,7.8,8.03,183827,146406524.0,0.0,0,8.129999999999999,0
20120518,1337270400000,7.79,7.85,7.29,7.4,255081,191687020.0,0.0,0,8.03,0
20120521,1337529600000,7.24,7.61,7.19,7.470000000000001,133733,98952959.0,0.0,0,7.4,0
20120522,1337616000000,7.51,7.55,7.29,7.4,111334,82438477.0,0.0,0,7.47,0
20120523,1337702400000,7.37,7.37,7.18,7.319999999999999,86696,63001371.0,0.0,0,7.3999999999999995,0
20120524,1337788800000,7.22,7.35,7.22,7.279999999999999,59831,43582394.0,0.0,0,7.319999999999999,0
20120525,1337875200000,7.260000000000001,7.48,7.23,7.41,108035,80034382.99999999,0.0,0,7.28,0
20120528,1338134400000,7.3100000000000005,7.41,6.87,7.3,102259,72945892.0,0.0,0,7.41,0
20120529,1338220800000,7.26,7.57,7.2,7.55,123008,91355679.0,0.0,0,7.3,0
20120530,1338307200000,7.5,7.58,7.41,7.43,77497,57888337.0,0.0,0,7.55,0
20120531,1338393600000,7.35,7.46,7.3,7.38,51553,38037926.99999999,0.0,0,7.43,0
20120601,1338480000000,7.37,7.550000000000001,7.3500000000000005,7.510000000000001,74658,55895375.0,0.0,0,7.380000000000001,0
20120604,1338739200000,7.2,7.35,7.01,7.01,64085,46099477.0,0.0,0,7.4799999999999995,0
20120605,1338825600000,7.01,7.11,6.88,6.91,47730,33295126.0,0.0,0,7.01,0
20120606,1338912000000,6.83,7.03,6.83,6.91,32247,22368831.000000004,0.0,0,6.91,0
20120607,1338998400000,7.04,7.09,6.78,6.79,32355,22384551.0,0.0,0,6.91,0
20120608,1339084800000,6.8999999999999995,6.93,6.72,6.7299999999999995,35899,24442967.0,0.0,0,6.79,0
20120611,1339344000000,6.71,6.89,6.68,6.859999999999999,26545,18018277.999999996,0.0,0,6.7299999999999995,0
20120612,1339430400000,6.82,6.86,6.7,6.71,29569,19942108.999999996,0.0,0,6.86,0
20120613,1339516800000,6.77,6.88,6.72,6.87,28776,19624285.0,0.0,0,6.71,0
20120614,1339603200000,6.82,6.930000000000001,6.78,6.79,28527,19578970.0,0.0,0,6.87,0
20120615,1339689600000,6.79,6.92,6.79,6.89,29060,19939751.0,0.0,0,6.79,0
20120618,1339948800000,6.930000000000001,6.960000000000001,6.8500000000000005,6.95,30226,20947465.0,0.0,0,6.890000000000001,0
20120619,1340035200000,6.95,6.95,6.95,6.95,0,0.0,0.0,0,6.95,1
20120620,1340121600000,6.95,6.95,6.95,6.95,0,0.0,0.0,0,6.95,1
20120621,1340208000000,7.65,7.65,7.12,7.18,150303,109841066.99999999,0.0,0,6.95,0
20120625,1340553600000,6.960000000000001,7.08,6.6000000000000005,6.61,85159,57849577.0,0.0,0,7.180000000000001,0
20120626,1340640000000,6.48,6.65,6.41,6.57,36563,23783273.0,0.0,0,6.61,0
20120627,1340726400000,6.6,6.66,6.43,6.449999999999999,28903,18914202.000000004,0.0,0,6.569999999999999,0
20120628,1340812800000,6.42,6.53,6.13,6.14,35459,22444617.0,0.0,0,6.45,0
20120629,1340899200000,6.01,6.26,6.01,6.2299999999999995,27070,16702587.0,0.0,0,6.14,0
20120702,1341158400000,6.33,6.4,6.25,6.34,24564,15576503.000000002,0.0,0,6.23,0
20120703,1341244800000,6.300000000000001,6.4,6.23,6.29,24896,15724685.0,0.0,0,6.340000000000001,0
20120704,1341331200000,6.34,6.38,6.2,6.23,27846,17430566.0,0.0,0,6.29,0
20120705,1341417600000,6.2,6.210000000000001,6.0200000000000005,6.03,27104,16480987.000000002,0.0,0,6.23,0
20120706,1341504000000,6.0,6.24,6.0,6.23,30411,18619853.000000004,0.0,0,6.03,0
20120709,1341763200000,6.16,6.27,6.0,6.03,24851,15249095.000000002,0.0,0,6.23,0
20120710,1341849600000,6.0,6.09,5.92,5.99,21292,12798536.000000002,0.0,0,6.03,0
20120711,1341936000000,5.99,6.08,5.94,6.07,16530,9969975.000000002,0.0,0,5.99,0
20120712,1342022400000,6.069999999999999,6.279999999999999,5.97,6.24,40122,24714944.0,0.0,0,6.069999999999999,0
20120713,1342108800000,6.2,6.2700000000000005,6.12,6.18,20868,12923901.0,0.0,0,6.24,0
20120716,1342368000000,6.180000000000001,6.23,5.98,5.98,27067,16359271.0,0.0,0,6.180000000000001,0
20120717,1342454400000,5.96,6.08,5.93,6.05,14382,8680575.0,0.0,0,5.9799999999999995,0
20120718,1342540800000,6.069999999999999,6.16,6.01,6.1499999999999995,23229,14142829.0,0.0,0,6.05,0
20120719,1342627200000,6.15,6.28,6.12,6.23,37381,23299296.0,0.0,0,6.15,0
20120720,1342713600000,6.24,6.29,6.16,6.28,23453,14593444.0,0.0,0,6.23,0
20120723,1342972800000,6.29,6.29,6.11,6.17,20289,12548708.0,0.0,0,6.28,0
20120724,1343059200000,6.1,6.24,6.05,6.17,15330,9454390.000000002,0.0,0,6.17,0
20120725,1343145600000,6.15,6.180000000000001,6.07,6.09,15127,9265783.0,0.0,0,6.17,0
20120726,1343232000000,6.13,6.15,6.0,6.03,19981,12106840.0,0.0,0,6.09,0
20120727,1343318400000,6.0200000000000005,6.1000000000000005,5.99,6.03,16920,10209306.0,0.0,0,6.03,0
20120730,1343577600000,6.03,6.1,5.62,5.66,32793,19036617.0,0.0,0,6.03,0
20120731,1343664000000,5.63,5.7,5.32,5.48,28114,15396797.999999998,0.0,0,5.66,0
20120801,1343750400000,5.53,5.69,5.5200000000000005,5.630000000000001,17452,9810140.0,0.0,0,5.48,0
20120802,1343836800000,5.5600000000000005,5.65,5.45,5.51,16130,8930493.0,0.0,0,5.63,0
20120803,1343923200000,5.5,5.63,5.5,5.61,13996,7823950.000000001,0.0,0,5.51,0
20120806,1344182400000,5.58,5.83,5.55,5.8,30301,17380141.0,0.0,0,5.609999999999999,0
20120807,1344268800000,5.81,5.93,5.8,5.8999999999999995,21949,12904525.0,0.0,0,5.8,0
20120808,1344355200000,5.91,6.08,5.88,5.92,31367,18705984.0,0.0,0,5.8999999999999995,0
20120809,1344441600000,5.859999999999999,6.05,5.84,5.99,25426,15130689.000000002,0.0,0,5.92,0
20120810,1344528000000,6.01,6.09,5.93,6.0,22577,13543446.0,0.0,0,5.989999999999999,0
20120813,1344787200000,6.02,6.13,5.92,5.95,43197,26122548.000000004,0.0,0,6.0,0
20120814,1344873600000,5.95,5.970000000000001,5.7,5.95,33851,19818232.0,0.0,0,5.95,0
20120815,1344960000000,5.91,5.94,5.78,5.79,19577,11439233.0,0.0,0,5.95,0
20120816,1345046400000,5.74,5.8500000000000005,5.69,5.73,11964,6886856.0,0.0,0,5.79,0
20120817,1345132800000,5.78,5.84,5.71,5.8,15007,8674573.0,0.0,0,5.7299999999999995,0
20120820,1345392000000,5.79,5.92,5.74,5.9,18026,10508821.999999998,0.0,0,5.8,0
20120821,1345478400000,5.88,6.05,5.88,6.05,37106,22303249.0,0.0,0,5.8999999999999995,0
20120822,1345564800000,6.05,6.14,5.92,5.9799999999999995,26640,16063365.0,0.0,0,6.05,0
20120823,1345651200000,5.95,6.090000000000001,5.94,6.04,21997,13270812.0,0.0,0,5.98,0
20120824,1345737600000,6.02,6.08,5.92,5.9799999999999995,39329,23424217.000000004,0.0,0,6.04,0
20120827,1345996800000,5.95,5.95,5.7700000000000005,5.79,20994,12260722.0,0.0,0,5.98,0
20120828,1346083200000,5.71,5.92,5.71,5.85,22902,13418996.000000002,0.0,0,5.79,0
20120829,1346169600000,5.85,5.9399999999999995,5.84,5.88,14522,8538192.0,0.0,0,5.85,0
20120830,1346256000000,5.88,5.930000000000001,5.74,5.8,14805,8652889.0,0.0,0,5.88,0
20120831,1346342400000,5.82,5.87,5.66,5.8100000000000005,20044,11574513.0,0.0,0,5.8,0
20120903,1346601600000,5.82,5.99,5.8100000000000005,5.95,28548,16939435.0,0.0,0,5.8100000000000005,0
20120904,1346688000000,6.000000000000001,6.000000000000001,5.8500000000000005,5.930000000000001,18496,10929169.000000002,0.0,0,5.95,0
20120905,1346774400000,5.92,5.96,5.84,5.93,11512,6792011.0,0.0,0,5.93,0
20120906,1346860800000,5.8999999999999995,5.97,5.88,5.96,24955,14825642.0,0.0,0,5.93,0
20120907,1346947200000,6.0200000000000005,6.3500000000000005,5.98,6.260000000000001,122265,75921778.0,0.0,0,5.960000000000001,0
20120910,1347206400000,6.3500000000000005,6.880000000000001,6.2700000000000005,6.8100000000000005,186504,122656181.0,0.0,0,6.260000000000001,0
20120911,1347292800000,6.67,6.8,6.54,6.62,244570,163236310.0,0.0,0,6.8100000000000005,0
20120912,1347379200000,6.55,7.25,6.5,7.07,255266,174087653.0,0.0,0,6.62,0
20120913,1347465600000,6.9,6.96,6.67,6.7,170624,116809743.0,0.0,0,7.07,0
20120914,1347552000000,6.800000000000001,6.94,6.61,6.680000000000001,132740,90178616.0,0.0,0,6.7,0
20120917,1347811200000,6.7299999999999995,6.7299999999999995,6.3,6.3,73333,47364282.0,0.0,0,6.68,0
20120918,1347897600000,6.27,6.4,6.21,6.32,34816,22026038.000000004,0.0,0,6.3,0
20120919,1347984000000,6.38,6.49,6.28,6.44,32116,20452317.0,0.0,0,6.32,0
20120920,1348070400000,6.4,6.4,6.1000000000000005,6.11,41267,25711331.0,0.0,0,6.44,0
20120921,1348156800000,6.1000000000000005,6.32,6.07,6.12,32687,20226078.0,0.0,0,6.11,0
20120924,1348416000000,6.12,6.27,5.88,6.22,35352,21488857.0,0.0,0,6.12,0
20120925,1348502400000,6.2,6.28,6.09,6.17,23677,14613310.0,0.0,0,6.22,0
20120926,1348588800000,6.17,6.17,5.88,5.8999999999999995,26432,15823000.0,0.0,0,6.17,0
20120927,1348675200000,5.8999999999999995,6.14,5.89,6.08,27984,16902503.000000004,0.0,0,5.8999999999999995,0
20120928,1348761600000,6.03,6.220000000000001,6.03,6.2,29058,17923728.0,0.0,0,6.08,0
20121008,1349625600000,6.25,6.28,6.13,6.17,19167,11824746.0,0.0,0,6.2,0
20121009,1349712000000,6.199999999999999,6.359999999999999,6.18,6.35,39137,24602982.0,0.0,0,6.17,0
20121010,1349798400000,6.3,6.3999999999999995,6.3,6.39,36462,23204801.0,0.0,0,6.35,0
20121011,1349884800000,6.37,6.4399999999999995,6.26,6.279999999999999,30245,19144315.0,0.0,0,6.39,0
20121012,1349971200000,6.300000000000001,6.380000000000001,6.140000000000001,6.19,27792,17316152.0,0.0,0,6.28,0
20121015,1350230400000,6.16,6.170000000000001,5.98,6.1000000000000005,21079,12772688.0,0.0,0,6.19,0
20121016,1350316800000,6.05,6.17,6.05,6.09,13771,8423447.000000002,0.0,0,6.1,0
20121017,1350403200000,6.1,6.1499999999999995,6.05,6.08,18700,11397170.0,0.0,0,6.09,0
20121018,1350489600000,6.15,6.2,6.08,6.19,30244,18637016.0,0.0,0,6.08,0
20121019,1350576000000,6.21,6.25,6.16,6.21,25219,15636513.0,0.0,0,6.19,0
20121022,1350835200000,6.12,6.2,6.09,6.17,23914,14712372.0,0.0,0,6.21,0
20121023,1350921600000,6.2,6.28,6.140000000000001,6.15,29141,18060506.0,0.0,0,6.170000000000001,0
20121024,1351008000000,6.1000000000000005,6.17,6.07,6.1000000000000005,18427,11255018.0,0.0,0,6.15,0
20121025,1351094400000,6.1,6.16,6.05,6.06,21085,12875730.0,0.0,0,6.1,0
20121026,1351180800000,6.040000000000001,6.080000000000001,5.8500000000000005,5.86,29316,17338614.000000004,0.0,0,6.0600000000000005,0
20121029,1351440000000,5.8,5.93,5.8,5.83,11759,6884487.0,0.0,0,5.859999999999999,0
20121030,1351526400000,5.83,5.91,5.82,5.8500000000000005,10699,6265511.000000001,0.0,0,5.83,0
20121031,1351612800000,5.85,5.8999999999999995,5.8,5.89,9873,5784541.000000001,0.0,0,5.85,0
20121101,1351699200000,5.8500000000000005,6.03,5.8500000000000005,5.99,24284,14561672.0,0.0,0,5.890000000000001,0
20121102,1351785600000,6.0,6.029999999999999,5.93,5.989999999999999,14236,8514396.0,0.0,0,5.989999999999999,0
20121105,1352044800000,5.9799999999999995,6.03,5.92,5.96,12924,7723096.000000001,0.0,0,5.99,0
20121106,1352131200000,5.970000000000001,5.98,5.82,5.92,15564,9140251.000000002,0.0,0,5.96,0
20121107,1352217600000,5.9799999999999995,6.04,5.89,5.96,17709,10588823.000000002,0.0,0,5.92,0
20121108,1352304000000,5.8999999999999995,5.8999999999999995,5.72,5.7299999999999995,27548,15916507.0,0.0,0,5.96,0
20121109,1352390400000,5.74,5.77,5.63,5.67,14098,8025051.999999999,0.0,0,5.7299999999999995,0
20121112,1352649600000,5.659999999999999,5.75,5.64,5.7299999999999995,10829,6174401.000000001,0.0,0,5.67,0
20121113,1352736000000,5.760000000000001,5.760000000000001,5.6000000000000005,5.61,13222,7466076.0,0.0,0,5.73,0
20121114,1352822400000,5.61,5.69,5.6000000000000005,5.65,9204,5191664.0,0.0,0,5.61,0
20121115,1352908800000,5.63,5.63,5.49,5.5,13929,7700696.999999999,0.0,0,5.65,0
20121116,1352995200000,5.510000000000001,5.510000000000001,5.4,5.430000000000001,12225,6624063.0,0.0,0,5.5,0
20121119,1353254400000,5.430000000000001,5.5,5.4,5.49,9765,5317410.000000001,0.0,0,5.430000000000001,0
20121120,1353340800000,5.52,5.59,5.46,5.46,11111,6143196.0,0.0,0,5.49,0
20121121,1353427200000,5.43,5.55,5.38,5.54,12937,7081076.0,0.0,0,5.46,0
20121122,1353513600000,5.55,5.55,5.46,5.47,7768,4270463.0,0.0,0,5.54,0
20121123,1353600000000,5.4799999999999995,5.55,5.46,5.49,10816,5957236.999999999,0.0,0,5.47,0
20121126,1353859200000,5.529999999999999,5.56,5.43,5.449999999999999,10100,5535145.0,0.0,0,5.489999999999999,0
20121127,1353945600000,5.449999999999999,5.449999999999999,5.449999999999999,5.449999999999999,0,0.0,0.0,0,5.449999999999999,1
20121128,1354032000000,5.449999999999999,5.449999999999999,5.449999999999999,5.449999999999999,0,0.0,0.0,0,5.449999999999999,1
20121129,1354118400000,5.19,5.19,4.91,4.91,36247,18187870.0,0.0,0,5.45,0
20121130,1354204800000,4.78,4.930000000000001,4.7,4.91,19870,9596905.000000002,0.0,0,4.91,0
20121203,1354464000000,4.78,4.91,4.71,4.72,15855,7614838.0,0.0,0,4.91,0
20121204,1354550400000,4.710000000000001,4.78,4.6000000000000005,4.760000000000001,15665,7324499.0,0.0,0,4.720000000000001,0
20121205,1354636800000,4.71,5.02,4.71,4.96,27676,13636644.999999998,0.0,0,4.76,0
20121206,1354723200000,4.949999999999999,5.02,4.89,4.92,15089,7446576.000000001,0.0,0,4.96,0
20121207,1354809600000,4.93,5.05,4.92,5.04,24987,12517042.0,0.0,0,4.92,0
20121210,1355068800000,5.06,5.1899999999999995,5.05,5.17,23983,12333660.0,0.0,0,5.04,0
20121211,1355155200000,5.180000000000001,5.33,5.11,5.220000000000001,32778,17117584.0,0.0,0,5.17,0
20121212,1355241600000,5.220000000000001,5.24,5.0600000000000005,5.140000000000001,20820,10692454.0,0.0,0,5.220000000000001,0
20121213,1355328000000,5.1,5.16,5.01,5.01,12750,6473421.0,0.0,0,5.14,0
20121214,1355414400000,5.0,5.25,5.0,5.23,30294,15675894.0,0.0,0,5.01,0
20121217,1355673600000,5.22,5.3999999999999995,5.22,5.31,41380,22048402.000000004,0.0,0,5.2299999999999995,0
20121218,1355760000000,5.28,5.4,5.25,5.32,37712,20098384.0,0.0,0,5.31,0
20121219,1355846400000,5.28,5.3500000000000005,5.2700000000000005,5.28,21553,11423552.0,0.0,0,5.32,0
20121220,1355932800000,5.29,5.41,5.25,5.4,44413,23760555.0,0.0,0,5.28,0
20121221,1356019200000,5.5,5.5,5.29,5.3,35243,18939238.0,0.0,0,5.4,0
20121224,1356278400000,5.28,5.35,5.25,5.3,15903,8428619.0,0.0,0,5.3,0
20121225,1356364800000,5.28,5.48,5.25,5.4,45462,24453205.0,0.0,0,5.3,0
20121226,1356451200000,5.36,5.73,5.36,5.7,83707,46407199.00000001,0.0,0,5.4,0
20121227,1356537600000,5.67,5.7,5.54,5.58,58440,32751883.999999996,0.0,0,5.7,0
20121228,1356624000000,5.58,5.64,5.55,5.63,35859,20092630.000000004,0.0,0,5.58,0
20121231,1356883200000,5.64,5.72,5.62,5.64,32538,18425570.0,0.0,0,5.63,0
20130104,1357228800000,5.6899999999999995,5.81,5.64,5.72,49053,28066974.000000004,0.0,0,5.64,0
20130107,1357488000000,5.72,5.8,5.66,5.73,37365,21461073.000000004,0.0,0,5.72,0
20130108,1357574400000,5.75,5.95,5.75,5.9,62413,36642697.0,0.0,0,5.73,0
20130109,1357660800000,5.88,5.9,5.78,5.8500000000000005,49058,28711690.0,0.0,0,5.9,0
20130110,1357747200000,5.9,6.0200000000000005,5.86,5.98,61340,36498018.0,0.0,0,5.8500000000000005,0
20130111,1357833600000,6.0,6.3100000000000005,5.91,6.15,134924,82738764.0,0.0,0,5.98,0
20130114,1358092800000,6.16,6.67,6.08,6.5200000000000005,252103,161633812.00000003,0.0,0,6.15,0
20130115,1358179200000,6.500000000000001,6.620000000000001,6.390000000000001,6.49,170640,110674582.00000001,0.0,0,6.5200000000000005,0
20130116,1358265600000,6.51,6.720000000000001,6.45,6.61,214972,141959922.00000003,0.0,0,6.49,0
20130117,1358352000000,6.65,6.8100000000000005,6.57,6.640000000000001,166774,111243366.0,0.0,0,6.61,0
20130118,1358438400000,6.57,7.15,6.5600000000000005,6.66,187413,126658973.0,0.0,0,6.640000000000001,0
20130121,1358697600000,6.72,6.7299999999999995,6.38,6.55,119841,77819681.0,0.0,0,6.66,0
20130122,1358784000000,6.58,6.58,6.41,6.53,81604,52745349.0,0.0,0,6.55,0
20130123,1358870400000,6.4799999999999995,6.68,6.42,6.65,150179,99065014.0,0.0,0,6.53,0
20130124,1358956800000,6.62,6.73,6.54,6.59,150803,99743447.0,0.0,0,6.65,0
20130125,1359043200000,6.62,6.87,6.51,6.819999999999999,264241,177025789.0,0.0,0,6.59,0
20130128,1359302400000,6.83,6.96,6.74,6.890000000000001,263128,180962607.00000003,0.0,0,6.82,0
20130129,1359388800000,6.93,6.9799999999999995,6.67,6.71,172217,116512894.00000001,0.0,0,6.89,0
20130130,1359475200000,6.7299999999999995,6.7299999999999995,6.43,6.5,137908,89697649.0,0.0,0,6.71,0
20130131,1359561600000,6.5,6.61,6.45,6.51,70240,45857886.0,0.0,0,6.5,0
20130201,1359648000000,6.52,6.52,6.26,6.31,114302,72447521.0,0.0,0,6.51,0
20130204,1359907200000,6.3,6.36,6.08,6.23,89251,55228032.0,0.0,0,6.3100000000000005,0
20130205,1359993600000,6.170000000000001,6.330000000000001,6.1000000000000005,6.32,57113,35498383.0,0.0,0,6.23,0
20130206,1360080000000,6.25,6.4,6.25,6.34,44891,28465303.0,0.0,0,6.32,0
20130207,1360166400000,6.37,6.380000000000001,6.23,6.2700000000000005,38337,24107174.0,0.0,0,6.340000000000001,0
20130208,1360252800000,6.3,6.32,6.24,6.3100000000000005,33937,21341562.0,0.0,0,6.2700000000000005,0
20130218,1361116800000,6.32,6.36,6.3100000000000005,6.340000000000001,45159,28597231.000000004,0.0,0,6.3100000000000005,0
20130219,1361203200000,6.28,6.35,6.13,6.1499999999999995,44984,27922482.0,0.0,0,6.34,0
20130220,1361289600000,6.15,6.22,6.08,6.22,39744,24411238.0,0.0,0,6.15,0
20130221,1361376000000,6.2,6.2,5.98,6.0200000000000005,51213,31072884.0,0.0,0,6.220000000000001,0
20130222,1361462400000,6.0,6.15,6.0,6.07,28967,17647495.0,0.0,0,6.02,0
20130225,1361721600000,6.05,6.18,6.05,6.09,21273,12962642.0,0.0,0,6.069999999999999,0
20130226,1361808000000,6.090000000000001,6.2700000000000005,6.0600000000000005,6.16,66139,40966388.0,0.0,0,6.090000000000001,0
20130227,1361894400000,6.19,6.2700000000000005,6.11,6.180000000000001,36596,22616996.999999996,0.0,0,6.16,0
20130228,1361980800000,6.19,6.48,6.15,6.430000000000001,106645,67459511.0,0.0,0,6.180000000000001,0
20130301,1362067200000,6.43,6.53,6.37,6.49,95242,61654654.0,0.0,0,6.43,0
20130304,1362326400000,6.4799999999999995,6.56,6.3,6.47,137670,88174281.00000001,0.0,0,6.49,0
20130305,1362412800000,6.460000000000001,6.590000000000001,6.2700000000000005,6.390000000000001,190974,121724885.0,0.0,0,6.470000000000001,0
20130306,1362499200000,6.32,6.420000000000001,6.2700000000000005,6.41,103123,65486831.0,0.0,0,6.390000000000001,0
20130307,1362585600000,6.3500000000000005,6.46,6.32,6.37,119861,76606339.0,0.0,0,6.41,0
20130308,1362672000000,6.300000000000001,6.45,6.11,6.12,88093,54573084.0,0.0,0,6.37,0
20130311,1362931200000,6.11,6.15,6.04,6.08,29465,17916413.000000004,0.0,0,6.12,0
20130312,1363017600000,6.12,6.17,5.82,5.890000000000001,51011,30532784.0,0.0,0,6.08,0
20130313,1363104000000,5.89,5.93,5.8,5.859999999999999,24834,14548936.0,0.0,0,5.89,0
20130314,1363190400000,5.86,5.9,5.78,5.79,31098,18139739.000000004,0.0,0,5.86,0
20130315,1363276800000,5.84,5.97,5.75,5.81,36781,21604074.0,0.0,0,5.79,0
20130318,1363536000000,5.8100000000000005,5.87,5.57,5.58,28708,16409662.999999998,0.0,0,5.8100000000000005,0
20130319,1363622400000,5.569999999999999,5.7,5.51,5.6899999999999995,24071,13518891.0,0.0,0,5.58,0
20130320,1363708800000,5.63,5.8500000000000005,5.62,5.82,31815,18356316.0,0.0,0,5.69,0
20130321,1363795200000,5.85,5.85,5.72,5.819999999999999,30377,17649108.0,0.0,0,5.819999999999999,0
20130322,1363881600000,5.68,6.26,5.68,6.199999999999999,104299,62692337.0,0.0,0,5.819999999999999,0
20130325,1364140800000,6.1,6.24,6.08,6.15,64050,39409334.0,0.0,0,6.2,0
20130326,1364227200000,6.1,6.16,5.93,6.09,40280,24375502.0,0.0,0,6.1499999999999995,0
20130327,1364313600000,6.14,6.28,6.08,6.12,90277,55761305.99999999,0.0,0,6.09,0
20130328,1364400000000,6.05,6.05,5.7,5.8100000000000005,46486,27257859.0,0.0,0,6.12,0
20130329,1364486400000,5.8100000000000005,5.88,5.7,5.74,26207,15092521.999999998,0.0,0,5.8100000000000005,0
20130401,1364745600000,5.72,5.85,5.68,5.77,22914,13182094.0,0.0,0,5.739999999999999,0
20130402,1364832000000,5.82,5.95,5.69,5.82,65712,38344691.0,0.0,0,5.7700000000000005,0
20130403,1364918400000,5.83,5.86,5.71,5.81,29075,16796938.0,0.0,0,5.82,0
20130408,1365350400000,5.72,5.72,5.58,5.66,23418,13207154.0,0.0,0,5.8100000000000005,0
20130409,1365436800000,5.65,5.800000000000001,5.61,5.760000000000001,26814,15350807.0,0.0,0,5.66,0
20130410,1365523200000,5.6000000000000005,5.82,5.6000000000000005,5.7700000000000005,20694,11882658.0,0.0,0,5.760000000000001,0
20130411,1365609600000,5.77,5.819999999999999,5.72,5.81,29847,17231787.0,0.0,0,5.77,0
20130412,1365696000000,5.8,5.9,5.71,5.74,48562,28249494.0,0.0,0,5.81,0
20130415,1365955200000,5.77,5.77,5.55,5.55,22565,12600401.0,0.0,0,5.74,0
20130416,1366041600000,5.489999999999999,5.58,5.39,5.569999999999999,20130,10981009.0,0.0,0,5.55,0
20130417,1366128000000,5.6,5.6,5.5,5.54,12312,6819577.0,0.0,0,5.57,0
20130418,1366214400000,5.510000000000001,5.79,5.4,5.720000000000001,49065,27695039.000000004,0.0,0,5.54,0
20130419,1366300800000,5.6899999999999995,5.83,5.67,5.7299999999999995,82439,47387527.0,0.0,0,5.72,0
20130422,1366560000000,5.6499999999999995,5.67,5.59,5.63,26077,14687319.999999998,0.0,0,5.7299999999999995,0
20130423,1366646400000,5.640000000000001,5.66,5.45,5.45,29061,16046453.000000002,0.0,0,5.63,0
20130424,1366732800000,5.46,5.57,5.46,5.51,16933,9337623.000000002,0.0,0,5.45,0
20130425,1366819200000,5.529999999999999,5.609999999999999,5.43,5.58,37616,20770818.000000004,0.0,0,5.51,0
20130426,1366905600000,5.58,5.6,5.38,5.5,26635,14592154.000000002,0.0,0,5.58,0
20130502,1367424000000,5.41,5.49,5.28,5.48,47886,25574737.0,0.0,0,5.5,0
20130503,1367510400000,5.46,5.98,5.41,5.8,70441,39975643.0,0.0,0,5.48,0
20130506,1367769600000,5.7,5.88,5.67,5.7299999999999995,111063,63501587.0,0.0,0,5.8,0
20130507,1367856000000,5.710000000000001,5.73,5.6000000000000005,5.640000000000001,45922,25928346.0,0.0,0,5.73,0
20130508,1367942400000,5.63,5.68,5.59,5.609999999999999,30961,17402492.0,0.0,0,5.64,0
20130509,1368028800000,5.55,5.64,5.47,5.569999999999999,33246,18403563.999999996,0.0,0,5.609999999999999,0
20130510,1368115200000,5.52,5.6,5.51,5.59,24890,13860580.0,0.0,0,5.569999999999999,0
20130513,1368374400000,5.6,5.63,5.51,5.56,20530,11385813.000000002,0.0,0,5.59,0
20130514,1368460800000,5.56,5.56,5.42,5.46,21987,12027317.0,0.0,0,5.56,0
20130515,1368547200000,5.45,5.5200000000000005,5.45,5.48,17085,9355725.0,0.0,0,5.46,0
20130516,1368633600000,5.49,5.550000000000001,5.4,5.5200000000000005,30190,16532872.000000002,0.0,0,5.48,0
20130517,1368720000000,5.52,5.58,5.47,5.569999999999999,34931,19328027.0,0.0,0,5.52,0
20130520,1368979200000,5.5600000000000005,5.670000000000001,5.5600000000000005,5.65,45248,25507615.000000004,0.0,0,5.57,0
20130521,1369065600000,5.66,5.7,5.6000000000000005,5.69,49912,28286641.0,0.0,0,5.65,0
20130522,1369152000000,5.699999999999999,5.75,5.64,5.67,58564,33379495.0,0.0,0,5.6899999999999995,0
20130523,1369238400000,5.65,5.65,5.5600000000000005,5.6000000000000005,47274,26513865.0,0.0,0,5.670000000000001,0
20130524,1369324800000,5.7,5.760000000000001,5.65,5.720000000000001,55556,31700128.000000004,0.0,0,5.6000000000000005,0
20130527,1369584000000,5.6899999999999995,5.72,5.64,5.6899999999999995,30413,17250482.0,0.0,0,5.72,0
20130528,1369670400000,5.68,5.7700000000000005,5.62,5.75,52114,29793394.0,0.0,0,5.69,0
20130529,1369756800000,5.75,5.7700000000000005,5.7,5.72,44480,25485562.0,0.0,0,5.75,0
20130530,1369843200000,5.720000000000001,5.78,5.69,5.760000000000001,40205,23078584.0,0.0,0,5.720000000000001,0
20130531,1369929600000,5.77,5.95,5.72,5.859999999999999,118061,69060918.0,0.0,0,5.76,0
20130603,1370188800000,5.8500000000000005,6.0,5.82,5.91,120177,70931460.0,0.0,0,5.86,0
20130604,1370275200000,5.91,5.91,5.66,5.7,66642,38349425.0,0.0,0,5.91,0
20130605,1370361600000,5.67,5.720000000000001,5.61,5.680000000000001,30682,17400183.0,0.0,0,5.7,0
20130606,1370448000000,5.63,5.71,5.51,5.529999999999999,32241,18102020.000000004,0.0,0,5.68,0
20130607,1370534400000,5.53,5.6000000000000005,5.41,5.42,26756,14651817.0,0.0,0,5.53,0
20130613,1371052800000,5.42,5.42,5.15,5.15,31084,16242097.000000002,0.0,0,5.42,0
20130614,1371139200000,5.21,5.25,5.15,5.24,23564,12268907.0,0.0,0,5.15,0
20130617,1371398400000,5.239999999999999,5.3,5.18,5.22,17700,9281539.0,0.0,0,5.239999999999999,0
20130618,1371484800000,5.2299999999999995,5.3,5.17,5.2,14741,7705477.0,0.0,0,5.22,0
20130619,1371571200000,5.1899999999999995,5.22,5.05,5.14,19260,9855767.0,0.0,0,5.2,0
20130620,1371657600000,5.1,5.1,4.96,4.97,25396,12741338.0,0.0,0,5.14,0
20130621,1371744000000,4.9,4.95,4.79,4.87,19017,9241012.0,0.0,0,4.97,0
20130624,1372003200000,4.87,4.91,4.45,4.51,28334,13285447.000000002,0.0,0,4.87,0
20130625,1372089600000,4.420000000000001,4.590000000000001,4.0600000000000005,4.5600000000000005,38174,16833375.0,0.0,0,4.510000000000001,0
20130626,1372176000000,4.5600000000000005,4.62,4.4,4.57,25711,11706723.000000002,0.0,0,4.5600000000000005,0
20130627,1372262400000,4.609999999999999,4.7,4.47,4.5,20481,9417114.0,0.0,0,4.569999999999999,0
20130628,1372348800000,4.47,4.6,4.42,4.4799999999999995,10472,4705458.999999999,0.0,0,4.5,0
20130701,1372608000000,4.4799999999999995,4.6,4.43,4.569999999999999,20758,9450569.0,0.0,0,4.4799999999999995,0
20130702,1372694400000,4.6000000000000005,4.66,4.5600000000000005,4.630000000000001,14427,6648862.000000001,0.0,0,4.57,0
20130703,1372780800000,4.6000000000000005,4.62,4.44,4.510000000000001,17669,7996434.0,0.0,0,4.630000000000001,0
20130704,1372867200000,4.5,4.65,4.44,4.590000000000001,27300,12449705.0,0.0,0,4.510000000000001,0
20130705,1372953600000,4.6000000000000005,4.710000000000001,4.5200000000000005,4.61,25058,11578438.0,0.0,0,4.590000000000001,0
20130708,1373212800000,4.55,4.55,4.38,4.42,25984,11644940.000000002,0.0,0,4.61,0
20130709,1373299200000,4.4,4.5,4.4,4.46,10395,4645240.0,0.0,0,4.42,0
20130710,1373385600000,4.47,4.63,4.46,4.61,21351,9716376.0,0.0,0,4.46,0
20130711,1373472000000,4.6,4.81,4.59,4.7299999999999995,42217,19899090.0,0.0,0,4.609999999999999,0
20130712,1373558400000,4.72,4.76,4.59,4.63,23636,11060943.0,0.0,0,4.7299999999999995,0
20130715,1373817600000,4.65,4.74,4.65,4.69,19684,9243269.0,0.0,0,4.630000000000001,0
20130716,1373904000000,4.71,4.78,4.65,4.7700000000000005,22992,10882353.000000002,0.0,0,4.69,0
20130717,1373990400000,4.72,4.77,4.68,4.6899999999999995,20695,9778826.0,0.0,0,4.77,0
20130718,1374076800000,4.7,4.7,4.53,4.55,26754,12303309.0,0.0,0,4.69,0
20130719,1374163200000,4.550000000000001,4.590000000000001,4.48,4.49,21511,9788525.0,0.0,0,4.550000000000001,0
20130722,1374422400000,4.45,4.630000000000001,4.44,4.630000000000001,18612,8463580.0,0.0,0,4.49,0
20130723,1374508800000,4.62,4.73,4.61,4.7,33835,15843909.000000002,0.0,0,4.63,0
20130724,1374595200000,4.71,4.71,4.54,4.61,28747,13235863.0,0.0,0,4.7,0
20130725,1374681600000,4.62,4.630000000000001,4.5200000000000005,4.550000000000001,23692,10802952.0,0.0,0,4.61,0
20130726,1374768000000,4.53,4.6,4.5,4.58,19255,8754342.0,0.0,0,4.55,0
20130729,1375027200000,4.55,4.8,4.51,4.74,70129,33021746.999999996,0.0,0,4.58,0
20130730,1375113600000,4.75,5.1000000000000005,4.7,4.99,123436,60565955.00000001,0.0,0,4.74,0
20130731,1375200000000,5.0,5.050000000000001,4.9,4.970000000000001,65997,32753170.0,0.0,0,4.99,0
20130801,1375286400000,4.92,5.04,4.91,4.96,47288,23482865.999999996,0.0,0,4.97,0
20130802,1375372800000,5.0,5.33,5.0,5.1,96644,50219746.00000001,0.0,0,4.96,0
20130805,1375632000000,5.1000000000000005,5.220000000000001,4.98,5.090000000000001,67959,34437598.00000001,0.0,0,5.1000000000000005,0
20130806,1375718400000,5.03,5.08,4.98,5.050000000000001,56369,28287640.000000004,0.0,0,5.090000000000001,0
20130807,1375804800000,5.050000000000001,5.12,4.98,4.99,35387,17800611.0,0.0,0,5.050000000000001,0
20130808,1375891200000,4.99,5.07,4.98,5.0200000000000005,24553,12315197.0,0.0,0,4.99,0
20130809,1375977600000,5.03,5.15,5.0200000000000005,5.12,55425,28229794.0,0.0,0,5.0200000000000005,0
20130812,1376236800000,5.11,5.32,5.0600000000000005,5.28,74781,39043235.0,0.0,0,5.12,0
20130813,1376323200000,5.33,5.33,5.23,5.28,47239,24904431.0,0.0,0,5.28,0
20130814,1376409600000,5.26,5.31,5.18,5.21,38737,20238357.0,0.0,0,5.279999999999999,0
20130815,1376496000000,5.18,5.24,5.13,5.14,25345,13145973.000000002,0.0,0,5.21,0
20130816,1376582400000,5.11,5.220000000000001,5.0600000000000005,5.16,37862,19456908.0,0.0,0,5.140000000000001,0
20130819,1376841600000,5.08,5.2,5.07,5.19,25983,13450352.0,0.0,0,5.16,0
20130820,1376928000000,5.1899999999999995,5.199999999999999,5.14,5.159999999999999,23012,11897204.0,0.0,0,5.1899999999999995,0
20130821,1377014400000,5.17,5.22,5.16,5.21,25069,13027941.0,0.0,0,5.16,0
20130822,1377100800000,5.2,5.380000000000001,5.19,5.37,64044,34070549.0,0.0,0,5.21,0
20130823,1377187200000,5.35,5.5200000000000005,5.33,5.5,94141,50961872.0,0.0,0,5.37,0
20130826,1377446400000,5.48,5.5600000000000005,5.44,5.48,61848,34010925.0,0.0,0,5.5,0
20130827,1377532800000,5.4799999999999995,5.52,5.38,5.42,40645,22042619.0,0.0,0,5.4799999999999995,0
20130828,1377619200000,5.38,5.470000000000001,5.28,5.3,45189,24270414.999999996,0.0,0,5.42,0
20130829,1377705600000,5.33,5.38,5.26,5.319999999999999,27629,14663072.000000002,0.0,0,5.3,0
20130830,1377792000000,5.35,5.359999999999999,5.26,5.29,29614,15733417.0,0.0,0,5.319999999999999,0
20130902,1378051200000,5.279999999999999,5.34,5.14,5.26,37229,19412818.0,0.0,0,5.29,0
20130903,1378137600000,5.22,5.46,5.22,5.46,45908,24599907.0,0.0,0,5.26,0
20130904,1378224000000,5.5,5.54,5.42,5.46,38399,21012835.0,0.0,0,5.46,0
20130905,1378310400000,5.45,5.5200000000000005,5.41,5.5200000000000005,41580,22769666.0,0.0,0,5.46,0
20130906,1378396800000,5.489999999999999,5.7,5.47,5.68,75689,42576707.0,0.0,0,5.52,0
20130909,1378656000000,5.68,5.86,5.66,5.72,60116,34553271.0,0.0,0,5.68,0
20130910,1378742400000,5.73,5.98,5.7,5.930000000000001,94928,55862390.0,0.0,0,5.72,0
20130911,1378828800000,5.91,6.05,5.83,5.85,80363,47804806.0,0.0,0,5.93,0
20130912,1378915200000,5.89,6.05,5.84,5.9799999999999995,55582,32954063.000000004,0.0,0,5.85,0
20130913,1379001600000,5.96,6.33,5.96,6.2,103342,64107562.0,0.0,0,5.9799999999999995,0
20130916,1379260800000,6.2,6.37,6.16,6.34,83940,52684564.0,0.0,0,6.2,0
20130917,1379347200000,6.3,6.43,6.22,6.239999999999999,70410,44560473.0,0.0,0,6.34,0
20130918,1379433600000,6.22,6.33,6.22,6.3,59133,37175595.00000001,0.0,0,6.239999999999999,0
20130923,1379865600000,6.330000000000001,6.470000000000001,6.1000000000000005,6.300000000000001,95912,60348025.0,0.0,0,6.300000000000001,0
20130924,1379952000000,6.300000000000001,6.420000000000001,6.2700000000000005,6.3500000000000005,91363,58082540.0,0.0,0,6.300000000000001,0
20130925,1380038400000,6.470000000000001,6.48,6.11,6.16,132466,83461970.00000001,0.0,0,6.3500000000000005,0
20130926,1380124800000,6.06,6.29,6.0,6.12,83526,51065582.0,0.0,0,6.16,0
20130927,1380211200000,6.06,6.17,5.88,5.89,63888,38148252.0,0.0,0,6.12,0
20130930,1380470400000,5.83,6.2,5.83,6.19,55379,33470587.0,0.0,0,5.89,0
20131008,1381161600000,6.18,6.38,6.09,6.25,53525,33657701.0,0.0,0,6.1899999999999995,0
20131009,1381248000000,6.26,6.3500000000000005,6.12,6.28,40756,25431677.0,0.0,0,6.25,0
20131010,1381334400000,6.3,6.36,6.21,6.2299999999999995,36006,22529602.0,0.0,0,6.28,0
20131011,1381420800000,6.2,6.32,6.09,6.14,59535,36885905.0,0.0,0,6.2299999999999995,0
20131014,1381680000000,6.140000000000001,6.32,5.99,6.3100000000000005,78511,48366055.0,0.0,0,6.140000000000001,0
20131015,1381766400000,6.26,6.77,6.25,6.63,141137,92558116.00000001,0.0,0,6.31,0
20131016,1381852800000,6.58,6.890000000000001,6.5600000000000005,6.6000000000000005,98317,65942609.00000001,0.0,0,6.630000000000001,0
20131017,1381939200000,6.63,6.859999999999999,6.47,6.55,59047,39344943.00000001,0.0,0,6.6,0
20131018,1382025600000,6.5,6.7,6.5,6.59,43821,28895612.000000004,0.0,0,6.55,0
20131021,1382284800000,6.590000000000001,6.800000000000001,6.5200000000000005,6.710000000000001,56320,37622735.00000001,0.0,0,6.590000000000001,0
20131022,1382371200000,6.71,6.76,6.59,6.63,40112,26676326.0,0.0,0,6.71,0
20131023,1382457600000,6.67,6.68,6.3,6.37,39645,25625727.999999996,0.0,0,6.63,0
20131024,1382544000000,6.359999999999999,6.42,6.26,6.279999999999999,23784,15073709.0,0.0,0,6.37,0
20131025,1382630400000,6.279999999999999,6.45,6.26,6.3,35843,22780588.0,0.0,0,6.279999999999999,0
20131028,1382889600000,6.28,6.66,6.23,6.5,39253,25506480.000000004,0.0,0,6.300000000000001,0
20131029,1382976000000,6.5,6.63,6.18,6.319999999999999,40279,25472139.000000004,0.0,0,6.5,0
20131030,1383062400000,6.32,6.44,6.24,6.37,20460,12982653.0,0.0,0,6.32,0
20131031,1383148800000,6.3100000000000005,6.720000000000001,6.3100000000000005,6.65,88973,58903320.0,0.0,0,6.37,0
20131101,1383235200000,6.6499999999999995,6.68,6.51,6.6,28208,18560716.999999996,0.0,0,6.6499999999999995,0
20131104,1383494400000,6.51,6.75,6.51,6.609999999999999,29311,19463898.0,0.0,0,6.6,0
20131105,1383580800000,6.58,6.64,6.46,6.62,21717,14199076.000000002,0.0,0,6.61,0
20131106,1383667200000,6.5600000000000005,6.69,6.5200000000000005,6.54,25139,16653099.0,0.0,0,6.62,0
20131107,1383753600000,6.48,6.66,6.48,6.53,23175,15256307.0,0.0,0,6.54,0
20131108,1383840000000,6.53,6.55,6.37,6.41,22636,14575761.000000002,0.0,0,6.53,0
20131111,1384099200000,6.4,6.45,6.3100000000000005,6.390000000000001,14671,9359183.0,0.0,0,6.41,0
20131112,1384185600000,6.45,6.45,6.36,6.430000000000001,12439,7975060.0,0.0,0,6.390000000000001,0
20131113,1384272000000,6.37,6.55,6.37,6.42,16811,10893122.000000002,0.0,0,6.43,0
20131114,1384358400000,6.41,6.48,6.3100000000000005,6.3500000000000005,21289,13598962.000000002,0.0,0,6.420000000000001,0
20131115,1384444800000,6.33,6.47,6.3,6.3999999999999995,18028,11570699.0,0.0,0,6.35,0
20131118,1384704000000,6.41,6.69,6.3500000000000005,6.680000000000001,46846,30691696.000000004,0.0,0,6.4,0
20131119,1384790400000,6.7,6.71,6.57,6.67,44839,29785024.999999996,0.0,0,6.680000000000001,0
20131120,1384876800000,6.7700000000000005,7.19,6.7700000000000005,7.0200000000000005,113626,79584011.0,0.0,0,6.670000000000001,0
20131121,1384963200000,6.8999999999999995,6.99,6.8,6.97,58535,40450084.0,0.0,0,7.02,0
20131122,1385049600000,6.95,7.3500000000000005,6.9,7.260000000000001,120807,87200639.0,0.0,0,6.970000000000001,0
20131125,1385308800000,7.300000000000001,7.36,7.140000000000001,7.220000000000001,55636,40328814.0,0.0,0,7.260000000000001,0
20131126,1385395200000,7.23,7.28,7.12,7.21,43459,31229213.000000004,0.0,0,7.22,0
20131127,1385481600000,7.17,7.25,7.0,7.08,53224,38008592.0,0.0,0,7.21,0
20131128,1385568000000,7.0600000000000005,7.220000000000001,7.03,7.2,34646,24842597.0,0.0,0,7.08,0
20131129,1385654400000,7.15,7.25,7.03,7.2,42424,30318889.0,0.0,0,7.2,0
20131202,1385913600000,7.0200000000000005,7.14,6.83,6.89,55427,38633843.0,0.0,0,7.2,0
20131203,1386000000000,6.819999999999999,7.2299999999999995,6.8,7.21,56574,40346450.0,0.0,0,6.89,0
20131204,1386086400000,7.21,7.58,7.18,7.29,72036,53382430.00000001,0.0,0,7.21,0
20131205,1386172800000,7.32,7.460000000000001,7.23,7.4,37208,27357674.0,0.0,0,7.29,0
20131206,1386259200000,7.3999999999999995,7.45,7.3,7.319999999999999,25237,18592734.0,0.0,0,7.3999999999999995,0
20131209,1386518400000,7.37,7.47,7.25,7.27,37513,27643515.0,0.0,0,7.32,0
20131210,1386604800000,7.27,7.37,7.21,7.26,21932,15945025.999999998,0.0,0,7.27,0
20131211,1386691200000,7.26,7.41,7.21,7.31,32008,23472324.0,0.0,0,7.26,0
20131212,1386777600000,7.300000000000001,7.37,7.2700000000000005,7.3500000000000005,19107,14009644.0,0.0,0,7.3100000000000005,0
20131213,1386864000000,7.390000000000001,7.49,7.28,7.38,35362,26177572.000000004,0.0,0,7.3500000000000005,0
20131216,1387123200000,7.34,7.3999999999999995,7.05,7.12,46576,33471752.0,0.0,0,7.38,0
20131217,1387209600000,7.08,7.19,6.99,7.01,20901,14822195.0,0.0,0,7.12,0
20131218,1387296000000,7.01,7.2299999999999995,7.01,7.12,19820,14111914.000000002,0.0,0,7.01,0
20131219,1387382400000,7.17,7.1899999999999995,7.01,7.09,14939,10589895.0,0.0,0,7.12,0
20131220,1387468800000,7.090000000000001,7.130000000000001,6.9,6.96,23697,16592376.0,0.0,0,7.090000000000001,0
20131223,1387728000000,6.95,7.120000000000001,6.890000000000001,6.98,23728,16553663.0,0.0,0,6.960000000000001,0
20131224,1387814400000,6.99,7.19,6.98,7.1000000000000005,25820,18313005.0,0.0,0,6.98,0
20131225,1387900800000,7.1000000000000005,7.17,7.07,7.15,14455,10287119.000000002,0.0,0,7.1000000000000005,0
20131226,1387987200000,7.15,7.3500000000000005,7.11,7.2,29121,21071519.999999996,0.0,0,7.15,0
20131227,1388073600000,7.2,7.32,7.19,7.24,22467,16334670.000000002,0.0,0,7.2,0
20131230,1388332800000,7.300000000000001,7.3500000000000005,7.15,7.17,21608,15649715.0,0.0,0,7.24,0
20131231,1388419200000,7.13,7.2700000000000005,6.99,7.1000000000000005,23932,17015603.0,0.0,0,7.17,0
20140102,1388592000000,7.029999999999999,7.2,7.01,7.12,12916,9194171.0,0.0,0,7.1,0
20140103,1388678400000,7.05,7.17,7.05,7.08,13067,9288782.000000002,0.0,0,7.12,0
20140106,1388937600000,7.05,7.1499999999999995,7.01,7.029999999999999,12527,8826064.0,0.0,0,7.08,0
20140107,1389024000000,7.040000000000001,7.040000000000001,6.8500000000000005,6.86,36838,25436811.0,0.0,0,7.03,0
20140108,1389110400000,6.880000000000001,6.95,6.6000000000000005,6.790000000000001,46217,31288142.0,0.0,0,6.86,0
20140109,1389196800000,6.79,6.79,6.58,6.63,35055,23428222.000000004,0.0,0,6.79,0
20140110,1389283200000,6.630000000000001,6.69,6.6000000000000005,6.62,12921,8576419.0,0.0,0,6.630000000000001,0
20140113,1389542400000,6.6000000000000005,6.78,6.6000000000000005,6.670000000000001,13992,9348872.0,0.0,0,6.62,0
20140114,1389628800000,6.62,6.7700000000000005,6.62,6.74,12095,8114249.000000001,0.0,0,6.67,0
20140115,1389715200000,6.74,6.74,6.65,6.71,15879,10610513.0,0.0,0,6.74,0
20140116,1389801600000,6.71,6.85,6.71,6.81,16373,11117761.0,0.0,0,6.71,0
20140117,1389888000000,6.76,6.87,6.74,6.79,10952,7437900.999999999,0.0,0,6.8100000000000005,0
20140120,1390147200000,6.76,6.76,6.59,6.64,24004,16000117.0,0.0,0,6.79,0
20140121,1390233600000,6.61,6.69,6.5600000000000005,6.680000000000001,14891,9890466.0,0.0,0,6.640000000000001,0
20140122,1390320000000,6.61,6.760000000000001,6.57,6.760000000000001,30223,20177920.000000004,0.0,0,6.680000000000001,0
20140123,1390406400000,6.760000000000001,6.800000000000001,6.65,6.7,19037,12768554.0,0.0,0,6.760000000000001,0
20140124,1390492800000,6.63,6.76,6.63,6.7,27500,18435208.0,0.0,0,6.7,0
20140127,1390752000000,6.63,6.85,6.63,6.79,23834,16170279.0,0.0,0,6.7,0
20140128,1390838400000,6.8,7.26,6.8,7.25,64608,46019208.0,0.0,0,6.79,0
20140129,1390924800000,7.24,7.48,7.2,7.36,38268,28086547.0,0.0,0,7.25,0
20140130,1391011200000,7.41,7.52,7.25,7.43,43212,32048530.0,0.0,0,7.36,0
20140207,1391702400000,7.4,7.58,7.2700000000000005,7.510000000000001,29644,22189983.0,0.0,0,7.430000000000001,0
20140210,1391961600000,7.52,7.75,7.46,7.74,51919,39614872.00000001,0.0,0,7.51,0
20140211,1392048000000,7.73,7.830000000000001,7.6000000000000005,7.670000000000001,37969,29142097.0,0.0,0,7.74,0
20140212,1392134400000,7.68,7.75,7.51,7.56,35309,26977850.000000004,0.0,0,7.67,0
20140213,1392220800000,7.510000000000001,7.67,7.4,7.5,39184,29543564.000000004,0.0,0,7.5600000000000005,0
20140214,1392307200000,7.49,7.59,7.42,7.5,33867,25396892.0,0.0,0,7.5,0
20140217,1392566400000,7.5200000000000005,7.630000000000001,7.4,7.550000000000001,36790,27681381.0,0.0,0,7.5,0
20140218,1392652800000,7.55,7.57,7.38,7.4399999999999995,36348,27088061.0,0.0,0,7.55,0
20140219,1392739200000,7.3999999999999995,7.46,7.3,7.319999999999999,47327,34831869.0,0.0,0,7.4399999999999995,0
20140220,1392825600000,7.32,7.470000000000001,7.32,7.41,23743,17574960.0,0.0,0,7.32,0
20140221,1392912000000,7.4,7.620000000000001,7.3500000000000005,7.6000000000000005,51899,39101040.0,0.0,0,7.41,0
20140224,1393171200000,7.62,7.66,7.4,7.590000000000001,35929,27069588.0,0.0,0,7.6000000000000005,0
20140225,1393257600000,7.54,7.680000000000001,7.15,7.2,64231,47927427.0,0.0,0,7.590000000000001,0
20140226,1393344000000,7.17,7.29,7.01,7.2,26996,19272430.0,0.0,0,7.2,0
20140227,1393430400000,7.18,7.26,7.08,7.1,22135,15870549.0,0.0,0,7.2,0
20140228,1393516800000,7.11,7.21,6.95,7.180000000000001,33506,23749798.0,0.0,0,7.1000000000000005,0
20140303,1393776000000,7.140000000000001,7.300000000000001,7.140000000000001,7.300000000000001,18482,13387407.0,0.0,0,7.180000000000001,0
20140304,1393862400000,7.3,7.3,7.16,7.29,20907,15073173.999999998,0.0,0,7.3,0
20140305,1393948800000,7.3,7.31,7.21,7.3,13672,9944105.0,0.0,0,7.29,0
20140306,1394035200000,7.3,7.3,7.3,7.3,0,0.0,0.0,0,7.3,1
20140307,1394121600000,8.03,8.03,8.03,8.03,56138,45079545.0,0.0,0,7.299999999999999,0
20140310,1394380800000,8.0,8.7,7.88,8.45,319567,266554787.0,0.0,0,8.03,0
20140311,1394467200000,8.200000000000001,8.200000000000001,7.9,7.970000000000001,127254,102362264.0,0.0,0,8.450000000000001,0
20140312,1394553600000,7.819999999999999,7.84,7.43,7.6499999999999995,103708,79504808.0,0.0,0,7.97,0
20140313,1394640000000,7.5,7.83,7.5,7.67,60628,46697827.0,0.0,0,7.65,0
20140314,1394726400000,7.6,7.83,7.43,7.77,54665,41805018.0,0.0,0,7.67,0
20140317,1394985600000,7.7700000000000005,8.1,7.65,8.030000000000001,67122,53229783.00000001,0.0,0,7.7700000000000005,0
20140318,1395072000000,7.99,8.06,7.88,7.8999999999999995,47749,37962516.0,0.0,0,8.03,0
20140319,1395158400000,7.8500000000000005,7.96,7.7,7.92,39425,30769577.0,0.0,0,7.9,0
20140320,1395244800000,7.92,7.9799999999999995,7.63,7.6499999999999995,35303,27542088.0,0.0,0,7.92,0
20140321,1395331200000,7.590000000000001,7.82,7.48,7.73,32869,25157691.0,0.0,0,7.65,0
20140324,1395590400000,7.73,7.82,7.61,7.8100000000000005,39561,30426212.0,0.0,0,7.73,0
20140325,1395676800000,7.75,7.930000000000001,7.7,7.91,34698,27182894.0,0.0,0,7.8100000000000005,0
20140326,1395763200000,7.8999999999999995,8.17,7.88,7.9799999999999995,45666,36667607.0,0.0,0,7.91,0
20140327,1395849600000,7.91,8.03,7.8,7.85,31354,24840059.0,0.0,0,7.9799999999999995,0
20140328,1395936000000,7.94,7.94,7.6000000000000005,7.69,31167,24139418.0,0.0,0,7.8500000000000005,0
20140331,1396195200000,7.69,7.86,7.69,7.720000000000001,20277,15781994.0,0.0,0,7.69,0
20140401,1396281600000,7.7,7.79,7.66,7.71,17691,13645129.999999998,0.0,0,7.72,0
20140402,1396368000000,7.75,7.78,7.69,7.75,12218,9455547.000000002,0.0,0,7.71,0
20140403,1396454400000,7.7299999999999995,7.78,7.67,7.72,19099,14728986.0,0.0,0,7.75,0
20140404,1396540800000,7.68,8.1,7.67,7.97,44354,35247189.0,0.0,0,7.72,0
20140408,1396886400000,7.93,8.07,7.87,8.0,29395,23499207.999999996,0.0,0,7.97,0
20140409,1396972800000,8.0,8.08,7.930000000000001,8.030000000000001,28585,22881581.0,0.0,0,8.0,0
20140410,1397059200000,8.03,8.13,8.0,8.05,37335,30072778.0,0.0,0,8.03,0
20140411,1397145600000,8.04,8.15,8.0,8.13,39450,32017584.0,0.0,0,8.05,0
20140414,1397404800000,8.16,8.16,8.07,8.09,25209,20459439.0,0.0,0,8.13,0
20140415,1397491200000,8.09,8.11,7.86,7.9,54249,43074809.00000001,0.0,0,8.09,0
20140416,1397577600000,7.87,7.98,7.87,7.92,19940,15800150.000000002,0.0,0,7.9,0
20140417,1397664000000,7.9,8.030000000000001,7.9,8.02,21964,17535622.0,0.0,0,7.92,0
20140418,1397750400000,7.98,8.42,7.98,8.290000000000001,85590,70846288.0,0.0,0,8.02,0
20140421,1398009600000,8.35,8.36,8.18,8.25,37815,31309755.000000004,0.0,0,8.29,0
20140422,1398096000000,8.25,8.58,8.22,8.58,108904,92269059.0,0.0,0,8.25,0
20140423,1398182400000,8.5,8.65,8.43,8.58,53937,46079416.0,0.0,0,8.58,0
20140424,1398268800000,8.51,8.610000000000001,8.39,8.58,58120,49444508.0,0.0,0,8.58,0
20140425,1398355200000,8.600000000000001,8.620000000000001,8.370000000000001,8.39,47458,40314966.0,0.0,0,8.580000000000002,0
20140428,1398614400000,8.39,8.39,8.39,8.39,0,0.0,0.0,0,8.39,1
20140429,1398700800000,8.39,8.39,8.39,8.39,0,0.0,0.0,0,8.39,1
20140430,1398787200000,8.39,8.39,8.39,8.39,0,0.0,0.0,0,8.39,1
20140505,1399219200000,8.39,8.39,8.39,8.39,0,0.0,0.0,0,8.39,1
20140506,1399305600000,8.39,8.39,8.39,8.39,0,0.0,0.0,0,8.39,1
20140507,1399392000000,8.39,8.39,8.39,8.39,0,0.0,0.0,0,8.39,1
20140508,1399478400000,8.39,8.39,8.39,8.39,0,0.0,0.0,0,8.39,1
20140509,1399564800000,8.39,8.39,8.39,8.39,0,0.0,0.0,0,8.39,1
20140512,1399824000000,8.39,8.39,8.39,8.39,0,0.0,0.0,0,8.39,1
20140513,1399910400000,8.39,8.39,8.39,8.39,0,0.0,0.0,0,8.39,1
20140514,1399996800000,8.39,8.39,8.39,8.39,0,0.0,0.0,0,8.39,1
20140515,1400083200000,8.39,8.39,8.39,8.39,0,0.0,0.0,0,8.39,1
20140516,1400169600000,8.39,8.39,8.39,8.39,0,0.0,0.0,0,8.39,1
20140519,1400428800000,8.39,8.39,8.39,8.39,0,0.0,0.0,0,8.39,1
20140520,1400515200000,8.39,8.39,8.39,8.39,0,0.0,0.0,0,8.39,1
20140521,1400601600000,8.39,8.39,8.39,8.39,0,0.0,0.0,0,8.39,1
20140522,1400688000000,8.39,8.39,8.39,8.39,0,0.0,0.0,0,8.39,1
20140523,1400774400000,8.39,8.39,8.39,8.39,0,0.0,0.0,0,8.39,1
20140526,1401033600000,8.39,8.39,8.39,8.39,0,0.0,0.0,0,8.39,1
20140527,1401120000000,8.39,8.39,8.39,8.39,0,0.0,0.0,0,8.39,1
20140528,1401206400000,9.23,9.23,8.49,8.75,416319,368971908.00000006,0.0,0,8.39,0
20140529,1401292800000,8.59,8.78,8.18,8.219999999999999,207231,174917537.0,0.0,0,8.75,0
20140530,1401379200000,8.049999999999999,8.2,8.03,8.08,94025,76244425.0,0.0,0,8.219999999999999,0
20140603,1401724800000,8.11,8.86,8.11,8.67,158960,136187176.0,0.0,0,8.08,0
20140604,1401811200000,8.6,8.66,8.26,8.39,94216,79124396.0,0.0,0,8.67,0
20140605,1401897600000,8.3,8.600000000000001,8.3,8.42,53878,45558083.99999999,0.0,0,8.39,0
20140606,1401984000000,8.370000000000001,8.46,8.3,8.350000000000001,41023,34269155.0,0.0,0,8.42,0
20140609,1402243200000,8.35,8.42,8.25,8.35,46030,38461667.0,0.0,0,8.35,0
20140610,1402329600000,8.41,8.43,8.15,8.38,63387,52570546.0,0.0,0,8.35,0
20140611,1402416000000,8.370000000000001,8.38,8.24,8.31,48421,40130192.0,0.0,0,8.38,0
20140612,1402502400000,8.27,8.59,8.23,8.47,73570,62270465.0,0.0,0,8.31,0
20140613,1402588800000,8.44,8.52,8.35,8.469999999999999,49710,42027110.0,0.0,0,8.469999999999999,0
20140616,1402848000000,8.41,8.459999999999999,8.28,8.319999999999999,49724,41571812.0,0.0,0,8.469999999999999,0
20140617,1402934400000,8.3,8.36,8.25,8.36,25421,21159506.000000004,0.0,0,8.32,0
20140618,1403020800000,8.319999999999999,8.319999999999999,8.03,8.059999999999999,69295,56538385.0,0.0,0,8.36,0
20140619,1403107200000,8.05,8.13,7.6000000000000005,7.7,67930,53378812.0,0.0,0,8.06,0
20140620,1403193600000,7.7,8.0,7.7,7.96,36778,29127029.000000004,0.0,0,7.7,0
20140623,1403452800000,8.040000000000001,8.07,7.87,8.06,27726,22177647.0,0.0,0,7.96,0
20140624,1403539200000,8.049999999999999,8.4,8.01,8.299999999999999,72145,59720870.00000001,0.0,0,8.06,0
20140625,1403625600000,8.32,8.35,8.24,8.26,28536,23686061.0,0.0,0,8.3,0
20140626,1403712000000,8.28,8.49,8.25,8.35,36479,30620356.0,0.0,0,8.26,0
20140627,1403798400000,8.350000000000001,8.41,8.290000000000001,8.31,38813,32309563.0,0.0,0,8.350000000000001,0
20140630,1404057600000,8.31,8.39,8.25,8.36,39859,33203786.000000004,0.0,0,8.31,0
20140701,1404144000000,8.4,8.57,8.33,8.53,48590,41292330.00000001,0.0,0,8.36,0
20140702,1404230400000,8.58,8.58,8.4,8.48,24482,20708914.0,0.0,0,8.530000000000001,0
20140703,1404316800000,8.49,8.540000000000001,8.4,8.49,40974,34710515.0,0.0,0,8.48,0
20140704,1404403200000,8.49,8.58,8.46,8.47,27075,23034939.0,0.0,0,8.49,0
20140707,1404662400000,8.430000000000001,8.520000000000001,8.38,8.48,27216,23023156.000000004,0.0,0,8.47,0
20140708,1404748800000,8.45,8.78,8.44,8.69,71873,62257362.0,0.0,0,8.479999999999999,0
20140709,1404835200000,8.690000000000001,8.75,8.48,8.51,41902,36057164.99999999,0.0,0,8.690000000000001,0
20140710,1404921600000,8.5,8.69,8.43,8.62,31744,27276711.0,0.0,0,8.51,0
20140711,1405008000000,8.58,8.85,8.58,8.78,36582,31924188.999999996,0.0,0,8.62,0
20140714,1405267200000,8.78,9.08,8.78,9.02,62199,55749376.0,0.0,0,8.78,0
20140715,1405353600000,9.01,9.09,8.89,8.950000000000001,34555,30920213.0,0.0,0,9.020000000000001,0
20140716,1405440000000,8.950000000000001,9.030000000000001,8.81,8.85,31764,28320764.0,0.0,0,8.950000000000001,0
20140717,1405526400000,8.790000000000001,8.910000000000002,8.700000000000001,8.8,31382,27580637.0,0.0,0,8.850000000000001,0
20140718,1405612800000,8.790000000000001,8.97,8.71,8.88,19656,17494191.0,0.0,0,8.8,0
20140721,1405872000000,8.83,8.9,8.69,8.7,20806,18198367.0,0.0,0,8.879999999999999,0
20140722,1405958400000,8.68,8.860000000000001,8.65,8.81,20550,18094858.0,0.0,0,8.700000000000001,0
20140723,1406044800000,8.809999999999999,9.01,8.77,8.84,28519,25464425.0,0.0,0,8.809999999999999,0
20140724,1406131200000,8.81,8.88,8.71,8.780000000000001,21544,18920560.0,0.0,0,8.840000000000002,0
20140725,1406217600000,8.78,9.05,8.75,8.99,35951,32190627.0,0.0,0,8.78,0
20140728,1406476800000,9.020000000000001,9.250000000000002,8.950000000000001,9.120000000000001,58460,53365993.0,0.0,0,8.99,0
20140729,1406563200000,9.110000000000001,9.25,9.06,9.15,45961,42078739.0,0.0,0,9.120000000000001,0
20140730,1406649600000,9.120000000000001,9.24,9.06,9.18,35679,32647769.0,0.0,0,9.15,0
20140731,1406736000000,9.200000000000001,9.8,9.200000000000001,9.660000000000002,118540,113061831.00000001,0.0,0,9.180000000000001,0
20140801,1406822400000,9.549999999999999,9.6,9.43,9.469999999999999,63511,60389955.0,0.0,0,9.66,0
20140804,1407081600000,9.459999999999999,9.64,9.42,9.59,47775,45794473.0,0.0,0,9.47,0
20140805,1407168000000,9.59,9.649999999999999,9.36,9.44,61867,58571682.0,0.0,0,9.59,0
20140806,1407254400000,9.399999999999999,9.5,9.36,9.43,42259,39796719.0,0.0,0,9.44,0
20140807,1407340800000,9.4,9.66,9.4,9.47,41165,39202555.0,0.0,0,9.43,0
20140808,1407427200000,9.46,9.530000000000001,9.38,9.440000000000001,38140,35965200.0,0.0,0,9.47,0
20140811,1407686400000,9.44,9.56,9.41,9.51,29960,28416920.000000004,0.0,0,9.44,0
20140812,1407772800000,9.49,9.700000000000001,9.450000000000001,9.520000000000001,48656,46597629.0,0.0,0,9.510000000000002,0
20140813,1407859200000,9.520000000000001,9.71,9.46,9.700000000000001,54381,52189571.0,0.0,0,9.520000000000001,0
20140814,1407945600000,9.77,9.77,9.59,9.62,43087,41689325.0,0.0,0,9.7,0
20140815,1408032000000,9.65,9.950000000000001,9.65,9.89,61933,60835727.0,0.0,0,9.620000000000001,0
20140818,1408291200000,9.85,10.290000000000001,9.83,10.22,73616,74883709.0,0.0,0,9.89,0
20140819,1408377600000,10.24,10.28,10.1,10.23,50704,51581008.0,0.0,0,10.219999999999999,0
20140820,1408464000000,10.23,10.3,10.13,10.180000000000001,39248,40021042.0,0.0,0,10.23,0
20140821,1408550400000,10.200000000000001,10.4,10.200000000000001,10.39,46337,47763683.00000001,0.0,0,10.180000000000001,0
20140822,1408636800000,10.4,10.65,10.32,10.540000000000001,60997,64213956.0,0.0,0,10.39,0
20140825,1408896000000,11.59,11.59,11.59,11.59,109195,126558013.0,0.0,0,10.54,0
20140826,1408982400000,12.0,12.75,11.66,12.75,1117554,1360589025.0,0.0,0,11.59,0
20140827,1409068800000,12.39,12.5,11.85,11.889999999999999,565841,690804263.0,0.0,0,12.75,0
20140828,1409155200000,11.79,12.17,11.61,11.76,380658,452473826.0,0.0,0,11.889999999999999,0
20140829,1409241600000,11.68,11.68,11.32,11.55,247453,284274865.00000006,0.0,0,11.76,0
20140901,1409500800000,11.510000000000002,11.870000000000001,11.46,11.81,200442,234070218.0,0.0,0,11.55,0
20140902,1409587200000,11.84,12.47,11.73,12.14,336185,406688274.0,0.0,0,11.81,0
20140903,1409673600000,12.200000000000001,12.450000000000001,12.07,12.290000000000001,287531,352772268.0,0.0,0,12.14,0
20140904,1409760000000,12.22,12.4,12.13,12.340000000000002,222519,273214999.0,0.0,0,12.290000000000001,0
20140905,1409846400000,12.33,13.57,12.3,13.57,622601,830127035.0,0.0,0,12.34,0
20140909,1410192000000,13.88,14.850000000000001,13.71,14.48,751387,1077547378.0,0.0,0,13.57,0
20140910,1410278400000,14.209999999999999,14.82,14.1,14.59,518893,751420476.0000001,0.0,0,14.48,0
20140911,1410364800000,14.44,14.65,13.91,14.16,459203,652901367.0,0.0,0,14.59,0
20140912,1410451200000,14.0,14.32,13.85,14.03,354771,499121152.0,0.0,0,14.16,0
20140915,1410710400000,14.0,15.0,13.88,14.790000000000001,490718,710682270.0,0.0,0,14.030000000000001,0
20140916,1410796800000,14.5,14.74,13.65,13.73,421818,598259822.0,0.0,0,14.790000000000001,0
20140917,1410883200000,13.5,13.77,13.02,13.309999999999999,280175,375016531.0,0.0,0,13.73,0
20140918,1410969600000,13.27,13.27,12.83,12.95,247832,321687231.0,0.0,0,13.31,0
20140919,1411056000000,12.899999999999999,13.469999999999999,12.86,13.24,259458,342712735.99999994,0.0,0,12.95,0
20140922,1411315200000,13.3,13.670000000000002,13.13,13.42,212192,283999059.0,0.0,0,13.24,0
20140923,1411401600000,13.32,13.700000000000001,13.120000000000001,13.680000000000001,170987,229452133.00000003,0.0,0,13.420000000000002,0
20140924,1411488000000,13.5,14.25,13.44,13.94,228840,317776784.0,0.0,0,13.68,0
20140925,1411574400000,13.95,14.15,13.66,13.790000000000001,191864,265654245.0,0.0,0,13.94,0
20140926,1411660800000,13.73,14.59,13.73,14.4,318868,453625321.0,0.0,0,13.790000000000001,0
20140929,1411920000000,14.94,15.05,14.16,14.22,346349,501080095.00000006,0.0,0,14.4,0
20140930,1412006400000,14.33,14.450000000000001,14.13,14.38,180788,258115153.0,0.0,0,14.22,0
20141008,1412697600000,14.370000000000001,14.370000000000001,14.030000000000001,14.3,210275,298281958.0,0.0,0,14.38,0
20141009,1412784000000,14.290000000000001,15.590000000000002,14.21,15.370000000000001,790790,1190864657.0000002,0.0,0,14.3,0
20141010,1412870400000,6.3100000000000005,6.57,6.0200000000000005,6.28,1692267,1050478318.0000001,0.0,0,6.15,0
20141013,1413129600000,5.800000000000001,5.96,5.65,5.8500000000000005,2328799,1344339804.0,0.0,0,6.28,0
20141014,1413216000000,5.83,5.91,5.71,5.86,1032499,601966318.0,0.0,0,5.85,0
20141015,1413302400000,5.84,5.86,5.7,5.78,726150,418919047.0,0.0,0,5.86,0
20141016,1413388800000,5.720000000000001,5.720000000000001,5.45,5.48,1778999,991931745.0000001,0.0,0,5.78,0
20141017,1413475200000,5.37,5.5,5.21,5.45,1710302,912928254.0000001,0.0,0,5.48,0
20141020,1413734400000,5.3,5.39,5.26,5.33,1327738,704600939.0,0.0,0,5.45,0
20141021,1413820800000,5.32,5.32,5.16,5.16,893207,466531458.99999994,0.0,0,5.33,0
20141022,1413907200000,5.09,5.13,4.83,4.86,1241034,617328978.0,0.0,0,5.16,0
20141023,1413993600000,4.8,5.07,4.67,5.0,1400270,682676021.0,0.0,0,4.86,0
20141024,1414080000000,4.9,5.01,4.87,4.89,615945,303368095.0,0.0,0,5.0,0
20141027,1414339200000,4.84,4.96,4.75,4.87,490824,237357069.0,0.0,0,4.89,0
20141028,1414425600000,4.93,5.1,4.92,5.0,1516175,758632707.0,0.0,0,4.87,0
20141029,1414512000000,5.02,5.08,4.97,5.04,1076499,541212788.0,0.0,0,5.0,0
20141030,1414598400000,5.04,5.04,4.96,4.9799999999999995,761393,379998440.0,0.0,0,5.04,0
20141031,1414684800000,4.98,4.99,4.83,4.91,663308,325056604.0,0.0,0,4.98,0
20141103,1414944000000,4.9,5.0600000000000005,4.87,5.03,750533,375233010.0,0.0,0,4.91,0
20141104,1415030400000,5.03,5.03,4.95,4.97,502378,250196370.99999997,0.0,0,5.03,0
20141105,1415116800000,4.97,4.98,4.91,4.94,419495,207037767.99999997,0.0,0,4.97,0
20141106,1415203200000,4.94,4.94,4.86,4.91,398793,195217633.0,0.0,0,4.94,0
20141107,1415289600000,4.930000000000001,4.98,4.86,4.87,487828,239779512.0,0.0,0,4.91,0
20141110,1415548800000,4.87,5.03,4.84,5.01,781063,386626496.0,0.0,0,4.87,0
20141111,1415635200000,5.01,5.01,4.8,4.83,643313,314430101.0,0.0,0,5.01,0
20141112,1415721600000,4.81,4.859999999999999,4.76,4.859999999999999,317017,153008241.0,0.0,0,4.83,0
20141113,1415808000000,4.86,4.97,4.75,4.94,648606,314712320.0,0.0,0,4.86,0
20141114,1415894400000,4.89,4.92,4.84,4.88,291258,142058069.0,0.0,0,4.9399999999999995,0
20141117,1416153600000,4.880000000000001,4.920000000000001,4.8500000000000005,4.890000000000001,292850,143023209.0,0.0,0,4.880000000000001,0
20141118,1416240000000,4.89,4.92,4.83,4.91,300697,146402464.0,0.0,0,4.89,0
20141119,1416326400000,4.92,5.09,4.92,5.02,881095,441746909.00000006,0.0,0,4.91,0
20141120,1416412800000,5.0,5.01,4.93,4.949999999999999,407367,201721868.0,0.0,0,5.02,0
20141121,1416499200000,4.9399999999999995,4.9399999999999995,4.88,4.9399999999999995,354293,173900248.0,0.0,0,4.95,0
20141124,1416758400000,4.95,5.04,4.92,4.99,761539,379298353.0,0.0,0,4.9399999999999995,0
20141125,1416844800000,4.97,5.199999999999999,4.93,5.18,1285566,649525976.0,0.0,0,4.989999999999999,0
20141126,1416931200000,5.15,5.24,5.11,5.16,1162007,600432820.0,0.0,0,5.180000000000001,0
20141127,1417017600000,5.17,5.68,5.17,5.66,2662781,1459436301.0,0.0,0,5.16,0
20141128,1417104000000,5.699999999999999,5.739999999999999,5.43,5.5,1629520,902552316.0,0.0,0,5.66,0
20141201,1417363200000,5.5,5.5,5.29,5.32,1035492,557043798.0,0.0,0,5.5,0
20141202,1417449600000,5.3,5.56,5.25,5.45,982013,536187250.00000006,0.0,0,5.32,0
20141203,1417536000000,5.45,5.74,5.3500000000000005,5.680000000000001,1909263,1065359783.0,0.0,0,5.45,0
20141204,1417622400000,5.699999999999999,5.85,5.68,5.75,1798303,1035219906.9999999,0.0,0,5.68,0
20141205,1417708800000,5.76,5.76,5.22,5.4399999999999995,1544796,848778728.0,0.0,0,5.75,0
20141208,1417968000000,5.36,5.56,5.25,5.45,1037430,560957964.0,0.0,0,5.44,0
20141209,1418054400000,5.3999999999999995,5.59,5.22,5.25,1288329,694879721.0,0.0,0,5.45,0
20141210,1418140800000,5.21,5.41,5.15,5.37,720132,381550440.0,0.0,0,5.25,0
20141211,1418227200000,5.35,5.45,5.3,5.45,687457,369192463.0,0.0,0,5.37,0
20141212,1418313600000,5.449999999999999,5.699999999999999,5.43,5.66,1469289,824092967.9999999,0.0,0,5.449999999999999,0
20141215,1418572800000,5.6499999999999995,5.6499999999999995,5.55,5.63,836375,468633099.0,0.0,0,5.66,0
20141216,1418659200000,5.630000000000001,5.670000000000001,5.5200000000000005,5.590000000000001,753099,420643061.0,0.0,0,5.630000000000001,0
20141217,1418745600000,5.57,5.58,5.38,5.46,796291,434439096.0,0.0,0,5.59,0
20141218,1418832000000,5.42,5.54,5.4,5.430000000000001,532695,291742772.0,0.0,0,5.46,0
20141219,1418918400000,5.430000000000001,5.430000000000001,5.24,5.3100000000000005,679773,361576427.0,0.0,0,5.430000000000001,0
20141222,1419177600000,5.32,5.340000000000001,5.0200000000000005,5.0600000000000005,766608,392993235.0,0.0,0,5.3100000000000005,0
20141223,1419264000000,5.03,5.17,4.91,5.03,369688,186994997.0,0.0,0,5.0600000000000005,0
20141224,1419350400000,5.05,5.14,5.05,5.13,312697,159374256.0,0.0,0,5.03,0
20141225,1419436800000,5.1000000000000005,5.16,5.07,5.13,322988,164959534.0,0.0,0,5.13,0
20141226,1419523200000,5.12,5.12,5.07,5.1000000000000005,357028,181561693.0,0.0,0,5.13,0
20141229,1419782400000,5.040000000000001,5.040000000000001,4.8100000000000005,4.91,628629,308368054.0,0.0,0,5.1000000000000005,0
20141230,1419868800000,4.91,4.99,4.88,4.93,318784,157466866.00000003,0.0,0,4.91,0
20141231,1419955200000,4.93,4.9399999999999995,4.84,4.92,305026,148554147.0,0.0,0,4.93,0
20150105,1420387200000,4.920000000000001,5.140000000000001,4.8500000000000005,5.130000000000001,646082,325198017.0,0.0,0,4.920000000000001,0
20150106,1420473600000,5.1,5.1,5.01,5.08,419573,212239928.0,0.0,0,5.13,0
20150107,1420560000000,5.08,5.2,5.03,5.16,462374,237754694.99999997,0.0,0,5.08,0
20150108,1420646400000,5.19,5.19,5.04,5.06,332284,169099506.0,0.0,0,5.16,0
20150109,1420732800000,5.069999999999999,5.09,5.01,5.02,256741,129870359.0,0.0,0,5.06,0
20150112,1420992000000,5.02,5.02,4.89,4.909999999999999,277747,136626964.0,0.0,0,5.02,0
20150113,1421078400000,4.91,4.9399999999999995,4.88,4.93,178211,87623178.0,0.0,0,4.91,0
20150114,1421164800000,4.920000000000001,4.930000000000001,4.8500000000000005,4.87,235158,114636085.0,0.0,0,4.930000000000001,0
20150115,1421251200000,4.87,4.92,4.84,4.8999999999999995,183971,89911781.0,0.0,0,4.87,0
20150116,1421337600000,4.91,4.94,4.86,4.91,257008,125945475.0,0.0,0,4.9,0
20150119,1421596800000,4.87,4.88,4.59,4.76,416309,199736285.0,0.0,0,4.91,0
20150120,1421683200000,4.74,4.8500000000000005,4.74,4.8500000000000005,253712,122001548.0,0.0,0,4.76,0
20150121,1421769600000,4.86,4.97,4.83,4.96,368976,181191823.00000003,0.0,0,4.85,0
20150122,1421856000000,5.07,5.460000000000001,5.0600000000000005,5.460000000000001,1336207,721436735.0,0.0,0,4.960000000000001,0
20150123,1421942400000,5.89,5.92,5.47,5.51,3128810,1778935055.0,0.0,0,5.46,0
20150126,1422201600000,5.42,5.7,5.34,5.63,1699811,934080647.0,0.0,0,5.51,0
20150127,1422288000000,5.55,5.67,5.46,5.55,962585,534867827.0,0.0,0,5.63,0
20150128,1422374400000,5.53,5.53,5.4,5.42,604519,329344889.00000006,0.0,0,5.550000000000001,0
20150129,1422460800000,5.37,5.48,5.3100000000000005,5.41,415293,224722779.00000003,0.0,0,5.420000000000001,0
20150130,1422547200000,5.41,5.45,5.3,5.31,400397,214242480.00000003,0.0,0,5.41,0
20150202,1422806400000,5.28,5.28,5.16,5.16,373385,193925417.0,0.0,0,5.3100000000000005,0
20150203,1422892800000,5.18,5.26,5.18,5.26,278034,145028168.0,0.0,0,5.16,0
20150204,1422979200000,5.27,5.29,5.18,5.1899999999999995,278406,145660154.0,0.0,0,5.26,0
20150205,1423065600000,5.3,5.35,5.21,5.22,363897,191526152.00000003,0.0,0,5.19,0
20150206,1423152000000,5.23,5.25,5.04,5.07,332468,170073185.0,0.0,0,5.22,0
20150209,1423411200000,5.0,5.07,5.0,5.01,225234,113107883.0,0.0,0,5.07,0
20150210,1423497600000,5.0,5.24,4.98,5.2,305637,156516696.0,0.0,0,5.010000000000001,0
20150211,1423584000000,5.17,5.25,5.13,5.18,220802,114385544.0,0.0,0,5.2,0
20150212,1423670400000,5.16,5.26,5.16,5.2,228744,119301916.0,0.0,0,5.18,0
20150213,1423756800000,5.23,5.5,5.2,5.34,570521,305239661.0,0.0,0,5.2,0
20150216,1424016000000,5.41,5.49,5.36,5.38,386022,208684801.00000003,0.0,0,5.340000000000001,0
20150217,1424102400000,5.4,5.45,5.36,5.390000000000001,288851,155755493.0,0.0,0,5.38,0
20150225,1424793600000,5.3999999999999995,5.6899999999999995,5.34,5.56,769391,425298518.0,0.0,0,5.39,0
20150226,1424880000000,5.57,5.67,5.5,5.62,776106,434903605.0,0.0,0,5.56,0
20150227,1424966400000,5.62,5.670000000000001,5.5200000000000005,5.61,761945,425955872.0,0.0,0,5.62,0
20150302,1425225600000,5.62,6.17,5.55,6.17,2364596,1397126960.0,0.0,0,5.609999999999999,0
20150303,1425312000000,6.3,6.79,6.16,6.71,3481582,2281618779.0,0.0,0,6.17,0
20150304,1425398400000,6.82,7.23,6.57,6.7700000000000005,3853000,2663213826.0,0.0,0,6.71,0
20150305,1425484800000,6.670000000000001,7.44,6.44,7.24,3531975,2452768674.0,0.0,0,6.7700000000000005,0
20150306,1425571200000,7.08,7.58,7.03,7.3100000000000005,2755551,2029675869.0000002,0.0,0,7.24,0
20150309,1425830400000,7.18,7.26,7.0,7.04,1620125,1146974189.0,0.0,0,7.31,0
20150310,1425916800000,7.0200000000000005,7.45,6.82,7.2,1732077,1231137839.0,0.0,0,7.04,0
20150311,1426003200000,7.1,7.15,6.92,7.0,1154611,812474649.0,0.0,0,7.2,0
20150312,1426089600000,7.03,7.12,6.8100000000000005,6.880000000000001,938312,650228625.0000001,0.0,0,7.000000000000001,0
20150313,1426176000000,6.8500000000000005,7.0200000000000005,6.8100000000000005,6.920000000000001,718577,496805616.0,0.0,0,6.880000000000001,0
20150316,1426435200000,6.930000000000001,7.15,6.890000000000001,7.120000000000001,1043542,738375176.0,0.0,0,6.920000000000001,0
20150317,1426521600000,7.16,7.35,7.08,7.29,1591402,1146628188.0,0.0,0,7.12,0
20150318,1426608000000,7.31,8.02,7.21,8.02,2320624,1796436089.0,0.0,0,7.29,0
20150319,1426694400000,8.27,8.53,8.03,8.139999999999999,2885705,2388261031.0,0.0,0,8.02,0
20150320,1426780800000,8.190000000000001,8.290000000000001,8.06,8.16,1424927,1159404565.0,0.0,0,8.14,0
20150323,1427040000000,8.18,8.28,8.08,8.26,1310109,1076855051.0,0.0,0,8.16,0
20150324,1427126400000,8.280000000000001,8.97,8.14,8.690000000000001,2271793,1943014335.0,0.0,0,8.26,0
20150325,1427212800000,8.6,8.93,8.41,8.66,1561178,1357027264.0,0.0,0,8.69,0
20150326,1427299200000,8.64,8.64,8.15,8.23,1358424,1137909737.0,0.0,0,8.66,0
20150327,1427385600000,8.19,8.4,8.15,8.34,715530,592860650.0000001,0.0,0,8.23,0
20150330,1427644800000,8.29,8.3,8.09,8.26,1092597,896165028.9999999,0.0,0,8.34,0
20150331,1427731200000,8.209999999999999,8.26,8.1,8.12,890534,726744442.0,0.0,0,8.26,0
20150401,1427817600000,8.12,8.25,8.1,8.209999999999999,808487,662803317.0,0.0,0,8.12,0
20150402,1427904000000,8.24,8.8,8.24,8.59,1557739,1333109437.0,0.0,0,8.21,0
20150403,1427990400000,8.49,8.510000000000002,8.3,8.49,1356179,1139148776.0,0.0,0,8.59,0
20150407,1428336000000,8.389999999999999,8.7,8.2,8.559999999999999,2051392,1724234305.0000002,0.0,0,8.489999999999998,0
20150408,1428422400000,8.540000000000001,8.540000000000001,8.22,8.31,1260694,1053837592.0,0.0,0,8.56,0
20150409,1428508800000,8.29,8.3,7.67,7.89,1234521,985998488.0000001,0.0,0,8.31,0
20150410,1428595200000,7.84,8.2,7.71,8.12,856862,691770712.0,0.0,0,7.89,0
20150413,1428854400000,8.12,8.23,8.08,8.17,941977,767419383.0,0.0,0,8.12,0
20150414,1428940800000,8.17,8.19,8.0,8.09,1001417,809927106.0,0.0,0,8.17,0
20150415,1429027200000,8.07,8.47,7.95,8.25,1742111,1434261816.0,0.0,0,8.09,0
20150416,1429113600000,8.14,8.43,7.95,8.21,1076504,883596808.0,0.0,0,8.25,0
20150417,1429200000000,8.22,8.690000000000001,8.22,8.520000000000001,2185240,1838421203.0000002,0.0,0,8.21,0
20150420,1429459200000,8.450000000000001,8.88,8.32,8.790000000000001,2802500,2430696170.0,0.0,0,8.52,0
20150421,1429545600000,8.82,9.67,8.82,9.49,2778807,2581539930.0,0.0,0,8.790000000000001,0
20150422,1429632000000,9.49,9.66,9.3,9.5,2275390,2149607401.0,0.0,0,9.49,0
20150423,1429718400000,9.5,9.5,9.15,9.23,1768271,1640592837.0,0.0,0,9.5,0
20150424,1429804800000,9.13,9.13,8.8,8.9,1426777,1276257181.0,0.0,0,9.23,0
20150427,1430064000000,8.9,9.1,8.81,8.99,1256206,1124388018.9999998,0.0,0,8.9,0
20150428,1430150400000,9.0,9.02,8.45,8.479999999999999,1211840,1049461896.0,0.0,0,8.989999999999998,0
20150429,1430236800000,8.360000000000001,8.780000000000001,8.22,8.59,847740,724925656.9999999,0.0,0,8.48,0
20150430,1430323200000,8.520000000000001,8.67,8.38,8.4,739236,627994342.0,0.0,0,8.590000000000002,0
20150504,1430668800000,8.38,8.5,8.3,8.440000000000001,614791,515448912.0,0.0,0,8.4,0
20150505,1430755200000,8.44,8.59,8.07,8.13,764915,642203886.0,0.0,0,8.44,0
20150506,1430841600000,8.120000000000001,8.27,7.61,7.800000000000001,842167,672874857.0,0.0,0,8.13,0
20150507,1430928000000,7.79,7.79,7.03,7.12,939939,692684758.0,0.0,0,7.800000000000001,0
20150508,1431014400000,7.1899999999999995,7.39,7.13,7.38,681495,494788434.99999994,0.0,0,7.12,0
20150511,1431273600000,7.49,8.110000000000001,7.44,8.08,1026744,801080373.0,0.0,0,7.380000000000001,0
20150512,1431360000000,8.16,8.25,7.930000000000001,8.06,878515,708771358.9999999,0.0,0,8.08,0
20150513,1431446400000,8.040000000000001,8.4,7.9,8.3,1261185,1040381780.0,0.0,0,8.06,0
20150514,1431532800000,8.280000000000001,8.440000000000001,8.21,8.420000000000002,1035597,862316925.9999999,0.0,0,8.3,0
20150515,1431619200000,8.48,8.530000000000001,8.05,8.08,872859,717062608.0,0.0,0,8.42,0
20150518,1431878400000,7.99,8.16,7.82,7.970000000000001,705741,564152949.0,0.0,0,8.08,0
20150519,1431964800000,8.21,8.5,8.21,8.3,978262,814666113.0,0.0,0,7.970000000000001,0
20150520,1432051200000,8.33,8.72,8.24,8.49,1535742,1303026138.0,0.0,0,8.3,0
20150521,1432137600000,8.59,8.74,8.4,8.69,1374344,1183892490.0,0.0,0,8.49,0
20150522,1432224000000,8.76,8.85,8.52,8.799999999999999,1661674,1448136276.0000002,0.0,0,8.69,0
20150525,1432483200000,8.77,9.35,8.65,9.23,1997201,1819026736.0000002,0.0,0,8.8,0
20150526,1432569600000,9.26,9.33,9.01,9.25,1830029,1683415029.0,0.0,0,9.23,0
20150527,1432656000000,9.25,9.83,8.99,9.77,2282661,2115568986.0,0.0,0,9.25,0
20150528,1432742400000,10.200000000000001,10.4,9.370000000000001,9.39,3131544,3129911762.0000005,0.0,0,9.770000000000001,0
20150529,1432828800000,8.45,9.2,8.45,8.809999999999999,2336442,2047192602.0,0.0,0,9.389999999999999,0
20150601,1433088000000,8.64,9.14,8.51,9.09,1794183,1592389673.0000002,0.0,0,8.81,0
20150602,1433174400000,9.09,9.65,8.91,9.57,1853074,1690289043.0000002,0.0,0,9.09,0
20150603,1433260800000,9.56,9.75,9.23,9.370000000000001,1562107,1477438043.0,0.0,0,9.57,0
20150604,1433347200000,9.44,10.309999999999999,8.85,10.309999999999999,2429704,2371619243.0,0.0,0,9.37,0
20150605,1433433600000,10.69,10.959999999999999,10.35,10.56,2963333,3162509997.0000005,0.0,0,10.31,0
20150608,1433692800000,10.9,11.19,10.35,10.469999999999999,2263343,2438401824.0,0.0,0,10.56,0
20150609,1433779200000,10.280000000000001,10.4,9.9,10.16,1629050,1650588153.0,0.0,0,10.47,0
20150610,1433865600000,10.17,10.450000000000001,9.9,10.27,1322531,1362418405.0,0.0,0,10.16,0
20150611,1433952000000,10.15,10.35,10.02,10.2,1070576,1085276990.0,0.0,0,10.27,0
20150612,1434038400000,10.25,10.88,10.06,10.55,1877043,1971807541.0,0.0,0,10.200000000000001,0
20150615,1434297600000,10.530000000000001,11.350000000000001,10.46,11.030000000000001,2105996,2292668569.0,0.0,0,10.55,0
20150616,1434384000000,10.76,11.06,10.39,10.63,1588392,1706003122.0,0.0,0,11.030000000000001,0
20150617,1434470400000,10.6,11.69,10.53,11.69,1929837,2147693766.0,0.0,0,10.629999999999999,0
20150618,1434556800000,12.100000000000001,12.260000000000002,11.200000000000001,11.22,2557958,3013570382.0,0.0,0,11.690000000000001,0
20150619,1434643200000,10.799999999999999,10.98,10.1,10.1,1416017,1489387766.0,0.0,0,11.219999999999999,0
20150623,1434988800000,10.1,10.5,9.1,10.41,1301130,1299873673.0,0.0,0,10.1,0
20150624,1435075200000,10.610000000000001,10.75,10.21,10.56,1263775,1330996370.0,0.0,0,10.41,0
20150625,1435161600000,10.56,11.0,10.24,10.58,1590873,1691415305.0,0.0,0,10.56,0
20150626,1435248000000,10.1,10.309999999999999,9.52,9.52,1160572,1141854652.9999998,0.0,0,10.58,0
20150629,1435507200000,9.92,10.030000000000001,8.57,8.57,1341237,1216888785.0,0.0,0,9.52,0
20150630,1435593600000,8.3,8.99,7.71,8.93,1524153,1262531749.0,0.0,0,8.57,0
20150701,1435680000000,8.9,9.100000000000001,8.040000000000001,8.040000000000001,1158754,998304989.0000001,0.0,0,8.930000000000001,0
20150702,1435766400000,8.040000000000001,8.15,7.24,7.24,947095,707567509.0000001,0.0,0,8.040000000000001,0
20150703,1435852800000,6.5200000000000005,7.2,6.5200000000000005,6.5200000000000005,1003060,666059469.0000001,0.0,0,7.24,0
20150706,1436112000000,7.1,7.16,5.87,5.87,1448711,915606974.0,0.0,0,6.5200000000000005,0
20150707,1436198400000,5.57,5.57,5.28,5.28,438771,232986506.0,0.0,0,5.87,0
20150708,1436284800000,5.28,5.28,5.28,5.28,0,0.0,0.0,0,5.28,1
20150709,1436371200000,5.28,5.28,5.28,5.28,0,0.0,0.0,0,5.28,1
20150710,1436457600000,5.28,5.28,5.28,5.28,0,0.0,0.0,0,5.28,1
20150713,1436716800000,5.8100000000000005,5.8100000000000005,5.8100000000000005,5.8100000000000005,44001,25564732.0,0.0,0,5.28,0
20150714,1436803200000,6.390000000000001,6.390000000000001,6.390000000000001,6.390000000000001,33613,21478867.0,0.0,0,5.8100000000000005,0
20150715,1436889600000,7.03,7.03,5.7700000000000005,5.86,1787368,1154294798.0,0.0,0,6.390000000000001,0
20150716,1436976000000,5.42,6.25,5.4,6.050000000000001,933199,550871727.9999999,0.0,0,5.86,0
20150717,1437062400000,6.08,6.6000000000000005,6.03,6.53,960592,608160998.0,0.0,0,6.05,0
20150720,1437321600000,6.47,6.779999999999999,6.3,6.57,1134649,744094408.0,0.0,0,6.53,0
20150721,1437408000000,6.390000000000001,6.9,6.2700000000000005,6.720000000000001,1121809,740470440.0,0.0,0,6.57,0
20150722,1437494400000,6.6,6.77,6.42,6.67,894121,592304181.0,0.0,0,6.72,0
20150723,1437580800000,6.720000000000001,7.210000000000001,6.65,7.0200000000000005,1278933,894580923.0,0.0,0,6.67,0
20150724,1437667200000,6.89,7.34,6.84,6.92,1397621,985930398.0000001,0.0,0,7.02,0
20150727,1437926400000,6.680000000000001,6.920000000000001,6.23,6.23,877597,579385822.0,0.0,0,6.920000000000001,0
20150728,1438012800000,5.65,6.2,5.61,5.760000000000001,966308,560609027.0,0.0,0,6.23,0
20150729,1438099200000,5.88,6.15,5.57,6.11,711916,416159883.0,0.0,0,5.760000000000001,0
20150730,1438185600000,6.1,6.2,5.8,5.85,730956,443209569.0,0.0,0,6.109999999999999,0
20150731,1438272000000,5.78,6.0200000000000005,5.7,5.84,501150,294213514.0,0.0,0,5.8500000000000005,0
20150803,1438531200000,5.84,5.85,5.33,5.6,474759,265458343.00000003,0.0,0,5.84,0
20150804,1438617600000,5.6000000000000005,6.0200000000000005,5.6000000000000005,6.010000000000001,612190,357022458.0,0.0,0,5.6000000000000005,0
20150805,1438704000000,5.97,6.05,5.76,5.83,621552,367614125.00000006,0.0,0,6.01,0
20150806,1438790400000,5.72,6.17,5.67,5.97,807908,482822367.0,0.0,0,5.83,0
20150807,1438876800000,6.1,6.1499999999999995,5.97,6.14,838603,509954288.0,0.0,0,5.97,0
20150810,1439136000000,6.1,6.5200000000000005,6.08,6.44,1018946,643495104.0000001,0.0,0,6.14,0
20150811,1439222400000,6.4,6.7,6.3500000000000005,6.500000000000001,1088193,707496999.0,0.0,0,6.44,0
20150812,1439308800000,6.3500000000000005,6.510000000000001,6.3100000000000005,6.33,668777,428274154.00000006,0.0,0,6.500000000000001,0
20150813,1439395200000,6.2700000000000005,6.8500000000000005,6.19,6.78,1146231,747053983.0,0.0,0,6.33,0
20150814,1439481600000,6.7,6.86,6.62,6.68,1035558,696014297.0,0.0,0,6.78,0
20150817,1439740800000,6.640000000000001,6.94,6.6000000000000005,6.8500000000000005,918804,625358692.0,0.0,0,6.680000000000001,0
20150818,1439827200000,6.87,7.05,6.17,6.17,1153404,767470265.0,0.0,0,6.85,0
20150819,1439913600000,5.97,6.55,5.66,6.46,965524,589539915.0,0.0,0,6.17,0
20150820,1440000000000,6.25,6.510000000000001,6.11,6.180000000000001,698828,439018161.99999994,0.0,0,6.46,0
20150821,1440086400000,6.05,6.46,5.8,6.06,710909,436234288.0,0.0,0,6.18,0
20150824,1440345600000,5.8500000000000005,5.98,5.45,5.45,664004,368701018.0,0.0,0,6.0600000000000005,0
20150825,1440432000000,4.91,5.2,4.91,4.91,530691,263583690.0,0.0,0,5.45,0
20150826,1440518400000,5.0,5.06,4.46,4.55,669888,323161329.0,0.0,0,4.91,0
20150827,1440604800000,4.699999999999999,4.8,4.39,4.779999999999999,506206,235379748.00000003,0.0,0,4.55,0
20150828,1440691200000,4.8500000000000005,5.15,4.78,5.15,624312,308256161.0,0.0,0,4.78,0
20150831,1440950400000,5.080000000000001,5.090000000000001,4.8500000000000005,4.91,439108,217878522.0,0.0,0,5.15,0
20150901,1441036800000,4.880000000000001,4.880000000000001,4.44,4.510000000000001,504283,231497608.0,0.0,0,4.91,0
20150902,1441123200000,4.3,4.63,4.21,4.27,438709,192475384.0,0.0,0,4.51,0
20150907,1441555200000,4.38,4.59,4.34,4.56,587972,262076998.0,0.0,0,4.27,0
20150908,1441641600000,4.6,4.81,4.47,4.779999999999999,737246,340574975.0,0.0,0,4.56,0
20150909,1441728000000,4.77,4.95,4.63,4.92,827653,399702709.00000006,0.0,0,4.78,0
20150910,1441814400000,4.79,4.86,4.67,4.68,460941,220214440.0,0.0,0,4.92,0
20150911,1441900800000,4.6499999999999995,4.76,4.59,4.68,383249,179459639.0,0.0,0,4.68,0
20150914,1442160000000,4.68,4.72,4.21,4.22,506324,222457734.0,0.0,0,4.68,0
20150915,1442246400000,4.1899999999999995,4.1899999999999995,3.9,3.9499999999999997,372211,150760076.0,0.0,0,4.22,0
20150916,1442332800000,4.0,4.35,3.98,4.3,402643,167017471.0,0.0,0,3.95,0
20150917,1442419200000,4.25,4.449999999999999,4.18,4.199999999999999,503118,216469110.0,0.0,0,4.3,0
20150918,1442505600000,4.24,4.3100000000000005,4.16,4.26,264558,111997169.0,0.0,0,4.2,0
20150921,1442764800000,4.19,4.390000000000001,4.15,4.380000000000001,326035,140835875.0,0.0,0,4.260000000000001,0
20150922,1442851200000,4.38,4.51,4.37,4.46,476720,211651678.0,0.0,0,4.38,0
20150923,1442937600000,4.36,4.420000000000001,4.23,4.29,353261,153070497.0,0.0,0,4.460000000000001,0
20150924,1443024000000,4.32,4.39,4.29,4.38,271784,118118983.00000001,0.0,0,4.29,0
20150925,1443110400000,4.3500000000000005,4.380000000000001,4.15,4.21,282818,120344562.0,0.0,0,4.380000000000001,0
20150928,1443369600000,4.22,4.25,4.14,4.25,167485,70536637.0,0.0,0,4.21,0
20150929,1443456000000,4.16,4.19,4.0600000000000005,4.130000000000001,211795,87658714.0,0.0,0,4.250000000000001,0
20150930,1443542400000,4.140000000000001,4.36,4.11,4.25,304110,129051132.0,0.0,0,4.13,0
20151008,1444233600000,4.38,4.43,4.3,4.38,464497,203107198.0,0.0,0,4.25,0
20151009,1444320000000,4.37,4.59,4.34,4.5,541589,242273086.00000003,0.0,0,4.38,0
20151012,1444579200000,4.5,4.779999999999999,4.47,4.6899999999999995,656669,306251731.00000006,0.0,0,4.5,0
20151013,1444665600000,4.7,4.93,4.63,4.91,796618,382007126.0,0.0,0,4.6899999999999995,0
20151014,1444752000000,4.86,4.95,4.7,4.72,722358,347226341.0,0.0,0,4.91,0
20151015,1444838400000,4.6899999999999995,4.92,4.67,4.85,600297,289101320.0,0.0,0,4.72,0
20151016,1444924800000,4.88,5.34,4.83,5.34,1347522,706510241.0,0.0,0,4.85,0
20151019,1445184000000,5.37,5.6499999999999995,5.3,5.5,2004833,1102358288.0000002,0.0,0,5.34,0
20151020,1445270400000,5.42,5.5,5.28,5.48,892729,481950398.00000006,0.0,0,5.5,0
20151021,1445356800000,5.4399999999999995,5.449999999999999,4.93,4.93,1074035,556452819.0,0.0,0,5.4799999999999995,0
20151022,1445443200000,4.920000000000001,5.170000000000001,4.7700000000000005,5.090000000000001,731560,364096969.0,0.0,0,4.930000000000001,0
20151023,1445529600000,5.06,5.34,5.04,5.22,730545,379492085.0,0.0,0,5.09,0
20151026,1445788800000,5.239999999999999,5.38,5.18,5.279999999999999,735703,389856405.99999994,0.0,0,5.22,0
20151027,1445875200000,5.24,5.28,4.92,5.21,590723,302526266.0,0.0,0,5.28,0
20151028,1445961600000,5.180000000000001,5.370000000000001,5.1000000000000005,5.260000000000001,775692,408403610.0,0.0,0,5.210000000000001,0
20151029,1446048000000,5.25,5.3100000000000005,5.03,5.180000000000001,642065,331020712.00000006,0.0,0,5.260000000000001,0
20151030,1446134400000,5.11,5.24,5.0600000000000005,5.12,432097,222442909.00000003,0.0,0,5.180000000000001,0
20151102,1446393600000,4.81,5.1,4.79,4.9,525038,259068915.0,0.0,0,5.12,0
20151103,1446480000000,4.89,4.9399999999999995,4.8,4.84,322676,157041280.0,0.0,0,4.8999999999999995,0
20151104,1446566400000,4.85,5.09,4.84,5.08,515325,257273502.0,0.0,0,4.84,0
20151105,1446652800000,5.11,5.220000000000001,5.03,5.16,818270,418800441.0,0.0,0,5.08,0
20151106,1446739200000,5.15,5.26,5.12,5.25,755549,393702688.0,0.0,0,5.16,0
20151109,1446998400000,5.21,5.28,5.12,5.25,701313,365512943.00000006,0.0,0,5.25,0
20151110,1447084800000,5.25,5.78,5.2,5.78,1874752,1049611445.0,0.0,0,5.25,0
20151111,1447171200000,6.0,6.16,5.82,5.87,2431149,1454812139.0000002,0.0,0,5.78,0
20151112,1447257600000,5.87,6.46,5.71,6.46,2102738,1285960233.0,0.0,0,5.87,0
20151113,1447344000000,6.58,6.84,6.33,6.53,2895676,1916731643.0,0.0,0,6.46,0
20151116,1447603200000,6.19,6.51,6.08,6.42,1285793,811623862.0,0.0,0,6.53,0
20151117,1447689600000,6.430000000000001,6.500000000000001,6.1000000000000005,6.180000000000001,1299919,815798006.0,0.0,0,6.420000000000001,0
20151118,1447776000000,6.11,6.1899999999999995,5.92,5.96,832480,505057374.99999994,0.0,0,6.18,0
20151119,1447862400000,5.97,6.17,5.97,6.13,699381,425419554.0,0.0,0,5.96,0
20151120,1447948800000,6.15,6.26,6.04,6.19,988738,606241721.0,0.0,0,6.13,0
20151123,1448208000000,6.13,6.21,5.96,6.02,734206,446580560.0,0.0,0,6.19,0
20151124,1448294400000,5.99,6.010000000000001,5.8500000000000005,6.000000000000001,530192,313977564.0,0.0,0,6.0200000000000005,0
20151125,1448380800000,6.029999999999999,6.1499999999999995,6.01,6.1,609084,371283273.0,0.0,0,6.0,0
20151126,1448467200000,6.11,6.39,6.0,6.19,1140263,706978125.0000001,0.0,0,6.1,0
20151127,1448553600000,6.1000000000000005,6.15,5.57,5.61,883424,520152178.0,0.0,0,6.19,0
20151130,1448812800000,5.609999999999999,5.71,5.13,5.47,665556,364262976.0,0.0,0,5.609999999999999,0
20151201,1448899200000,5.49,5.66,5.45,5.5600000000000005,433211,240601055.0,0.0,0,5.47,0
20151202,1448985600000,5.53,5.58,5.3100000000000005,5.550000000000001,361582,197743332.0,0.0,0,5.5600000000000005,0
20151203,1449072000000,5.6000000000000005,5.680000000000001,5.5600000000000005,5.680000000000001,361926,203816679.00000003,0.0,0,5.550000000000001,0
20151204,1449158400000,5.670000000000001,5.78,5.6000000000000005,5.640000000000001,401474,228060799.00000003,0.0,0,5.680000000000001,0
20151207,1449417600000,5.64,5.85,5.63,5.75,418347,241049462.0,0.0,0,5.64,0
20151208,1449504000000,5.8999999999999995,5.9399999999999995,5.72,5.75,605753,353342280.0,0.0,0,5.75,0
20151209,1449590400000,5.68,5.96,5.47,5.779999999999999,605878,344918744.0,0.0,0,5.75,0
20151210,1449676800000,5.66,5.73,5.5200000000000005,5.57,420635,237317726.0,0.0,0,5.78,0
20151211,1449763200000,5.51,5.66,5.43,5.55,323866,178861094.0,0.0,0,5.569999999999999,0
20151214,1450022400000,5.470000000000001,5.720000000000001,5.4,5.69,382552,215688839.0,0.0,0,5.550000000000001,0
20151215,1450108800000,5.6899999999999995,5.779999999999999,5.64,5.68,391886,223009137.0,0.0,0,5.6899999999999995,0
20151216,1450195200000,5.68,5.83,5.67,5.7299999999999995,376352,216677336.0,0.0,0,5.68,0
20151217,1450281600000,5.75,5.86,5.74,5.84,503612,292624947.99999994,0.0,0,5.73,0
20151218,1450368000000,5.84,5.84,5.66,5.7,517738,296444957.0,0.0,0,5.84,0
20151221,1450627200000,5.64,5.77,5.63,5.75,413776,235919900.00000003,0.0,0,5.7,0
20151222,1450713600000,5.74,5.8500000000000005,5.73,5.840000000000001,520689,301385700.0,0.0,0,5.75,0
20151223,1450800000000,5.8500000000000005,5.8500000000000005,5.65,5.66,458746,263856280.0,0.0,0,5.840000000000001,0
20151224,1450886400000,5.66,5.66,5.46,5.56,385979,214158489.99999997,0.0,0,5.66,0
20151225,1450972800000,5.56,5.63,5.51,5.6,255522,142400889.00000003,0.0,0,5.56,0
20151228,1451232000000,5.6,5.68,5.47,5.4799999999999995,355393,198361128.00000003,0.0,0,5.6,0
20151229,1451318400000,5.46,5.61,5.37,5.5600000000000005,301347,164805043.0,0.0,0,5.48,0
20151230,1451404800000,5.59,5.59,5.46,5.53,256161,141998837.0,0.0,0,5.56,0
20151231,1451491200000,5.54,5.58,5.4,5.42,252178,138505631.0,0.0,0,5.53,0
20160104,1451836800000,5.43,5.45,4.88,4.88,345958,177807983.0,0.0,0,5.42,0
20160105,1451923200000,4.6000000000000005,4.930000000000001,4.49,4.76,409923,194010703.00000003,0.0,0,4.88,0
20160106,1452009600000,4.8,4.94,4.78,4.92,332163,162007009.0,0.0,0,4.760000000000001,0
20160107,1452096000000,4.84,4.84,4.45,4.48,80430,37611140.00000001,0.0,0,4.92,0
20160108,1452182400000,4.62,4.71,4.24,4.61,386620,177297999.00000003,0.0,0,4.48,0
20160111,1452441600000,4.569999999999999,4.58,4.26,4.279999999999999,351597,155519777.00000003,0.0,0,4.609999999999999,0
20160112,1452528000000,4.3500000000000005,4.380000000000001,4.19,4.3100000000000005,232315,99864507.0,0.0,0,4.28,0
20160113,1452614400000,4.32,4.38,4.2,4.23,227871,98181184.0,0.0,0,4.3100000000000005,0
20160114,1452700800000,4.06,4.38,4.05,4.35,267334,112911487.00000001,0.0,0,4.2299999999999995,0
20160115,1452787200000,4.33,4.34,4.07,4.13,219799,92626426.0,0.0,0,4.3500000000000005,0
20160118,1453046400000,4.04,4.220000000000001,4.03,4.180000000000001,186569,77387911.0,0.0,0,4.13,0
20160119,1453132800000,4.17,4.34,4.14,4.33,239366,101701420.0,0.0,0,4.18,0
20160120,1453219200000,4.2700000000000005,4.3500000000000005,4.24,4.2700000000000005,236836,101722693.0,0.0,0,4.33,0
20160121,1453305600000,4.21,4.29,4.09,4.109999999999999,196921,82549210.0,0.0,0,4.27,0
20160122,1453392000000,4.14,4.19,4.04,4.18,186723,77163942.0,0.0,0,4.11,0
20160125,1453651200000,4.19,4.57,4.16,4.36,406653,175435622.00000003,0.0,0,4.18,0
20160126,1453737600000,4.25,4.28,4.0,4.02,362191,150260673.0,0.0,0,4.36,0
20160127,1453824000000,4.03,4.07,3.7600000000000002,3.9600000000000004,263445,103598851.00000001,0.0,0,4.0200000000000005,0
20160128,1453910400000,3.89,3.97,3.77,3.78,169178,65702200.0,0.0,0,3.96,0
20160129,1453996800000,3.8,3.95,3.77,3.91,187587,72722453.0,0.0,0,3.78,0
20160201,1454256000000,3.91,3.93,3.8000000000000003,3.8400000000000003,149056,57781182.0,0.0,0,3.91,0
20160202,1454342400000,3.86,3.9699999999999998,3.84,3.9499999999999997,142551,56047193.0,0.0,0,3.84,0
20160203,1454428800000,3.91,3.97,3.85,3.94,147280,57387232.0,0.0,0,3.95,0
20160204,1454515200000,3.93,4.11,3.91,4.08,269280,109375393.0,0.0,0,3.94,0
20160205,1454601600000,4.1,4.13,4.0,4.02,181515,73576195.00000001,0.0,0,4.08,0
20160215,1455465600000,3.92,4.17,3.86,4.1,247544,99539435.0,0.0,0,4.02,0
20160216,1455552000000,4.09,4.25,4.08,4.21,329580,138423638.0,0.0,0,4.1,0
20160217,1455638400000,4.22,4.24,4.12,4.23,298146,124770067.0,0.0,0,4.21,0
20160218,1455724800000,4.2299999999999995,4.33,4.22,4.239999999999999,370515,158215433.0,0.0,0,4.2299999999999995,0
20160219,1455811200000,4.23,4.2700000000000005,4.19,4.220000000000001,196012,82995960.0,0.0,0,4.24,0
20160222,1456070400000,4.28,4.52,4.25,4.39,569341,249524423.0,0.0,0,4.22,0
20160223,1456156800000,4.37,4.470000000000001,4.24,4.33,436364,190001159.00000003,0.0,0,4.390000000000001,0
20160224,1456243200000,4.29,4.34,4.22,4.33,274495,117483250.00000001,0.0,0,4.33,0
20160225,1456329600000,4.31,4.36,3.9,3.9299999999999997,471634,193849037.0,0.0,0,4.33,0
20160226,1456416000000,3.9499999999999997,4.01,3.84,3.96,254319,100231337.0,0.0,0,3.9299999999999997,0
20160229,1456675200000,3.9400000000000004,3.96,3.66,3.8600000000000003,290427,109686347.0,0.0,0,3.96,0
20160301,1456761600000,3.88,3.94,3.81,3.92,221394,86272226.0,0.0,0,3.86,0
20160302,1456848000000,3.89,4.140000000000001,3.89,4.13,394640,159702664.00000003,0.0,0,3.92,0
20160303,1456934400000,4.109999999999999,4.35,4.09,4.1499999999999995,433063,182522403.0,0.0,0,4.13,0
20160304,1457020800000,4.15,4.24,3.96,4.03,383854,157443617.0,0.0,0,4.15,0
20160307,1457280000000,4.1,4.2,4.08,4.17,292229,120912627.99999999,0.0,0,4.03,0
20160308,1457366400000,4.2,4.220000000000001,3.99,4.21,363956,149893217.0,0.0,0,4.17,0
20160309,1457452800000,4.1000000000000005,4.1000000000000005,4.0200000000000005,4.050000000000001,240810,97818345.0,0.0,0,4.210000000000001,0
20160310,1457539200000,4.05,4.09,3.95,3.95,165632,66502624.0,0.0,0,4.05,0
20160311,1457625600000,3.96,3.98,3.91,3.95,145993,57559883.0,0.0,0,3.95,0
20160314,1457884800000,3.99,4.12,3.97,4.0600000000000005,251320,102114960.00000001,0.0,0,3.95,0
20160315,1457971200000,4.05,4.08,3.99,4.0200000000000005,191172,77137436.0,0.0,0,4.0600000000000005,0
20160316,1458057600000,4.03,4.06,3.94,3.96,142774,56947975.0,0.0,0,4.02,0
20160317,1458144000000,3.9899999999999998,4.07,3.96,4.05,216919,87266029.0,0.0,0,3.96,0
20160318,1458230400000,4.069999999999999,4.29,4.05,4.18,531993,221491196.0,0.0,0,4.05,0
20160321,1458489600000,4.199999999999999,4.27,4.18,4.27,505632,213584585.99999997,0.0,0,4.18,0
20160322,1458576000000,4.2299999999999995,4.26,4.17,4.21,372916,157346689.0,0.0,0,4.27,0
20160323,1458662400000,4.199999999999999,4.26,4.18,4.25,302762,127817376.99999999,0.0,0,4.21,0
20160324,1458748800000,4.2,4.3,4.13,4.16,400226,167954854.0,0.0,0,4.25,0
20160325,1458835200000,4.17,4.2700000000000005,4.16,4.24,339906,143284392.0,0.0,0,4.16,0
20160328,1459094400000,4.25,4.3,4.17,4.18,305657,129516466.00000001,0.0,0,4.24,0
20160329,1459180800000,4.18,4.39,4.13,4.32,827001,352834906.0,0.0,0,4.18,0
20160330,1459267200000,4.32,4.38,4.25,4.37,718098,310102146.0,0.0,0,4.32,0
20160331,1459353600000,4.34,4.3999999999999995,4.3,4.31,512023,222062535.00000003,0.0,0,4.37,0
20160401,1459440000000,4.29,4.31,4.21,4.27,345046,147096062.0,0.0,0,4.31,0
20160405,1459785600000,4.28,4.37,4.25,4.36,338082,146056093.0,0.0,0,4.27,0
20160406,1459872000000,4.34,4.36,4.28,4.33,307755,132996573.00000001,0.0,0,4.36,0
20160407,1459958400000,4.33,4.76,4.29,4.5600000000000005,1693966,776473526.0,0.0,0,4.33,0
20160408,1460044800000,4.4399999999999995,4.47,4.34,4.3999999999999995,860459,378894121.0,0.0,0,4.56,0
20160411,1460304000000,4.430000000000001,4.53,4.4,4.44,514757,229317919.99999997,0.0,0,4.4,0
20160412,1460390400000,4.41,4.44,4.32,4.38,380002,166139382.0,0.0,0,4.44,0
20160413,1460476800000,4.41,4.590000000000001,4.4,4.45,768097,346631641.0,0.0,0,4.380000000000001,0
20160414,1460563200000,4.449999999999999,4.51,4.43,4.489999999999999,433100,193175557.0,0.0,0,4.449999999999999,0
20160415,1460649600000,4.4799999999999995,4.5,4.42,4.46,304680,135640808.00000003,0.0,0,4.49,0
20160418,1460908800000,4.45,4.45,4.34,4.37,278411,121962896.00000001,0.0,0,4.46,0
20160419,1460995200000,4.380000000000001,4.41,4.3500000000000005,4.390000000000001,181293,79389532.00000001,0.0,0,4.37,0
20160420,1461081600000,4.390000000000001,4.420000000000001,4.0600000000000005,4.140000000000001,474254,199261966.0,0.0,0,4.390000000000001,0
20160421,1461168000000,4.13,4.27,4.1,4.1499999999999995,322664,135370386.0,0.0,0,4.14,0
20160422,1461254400000,4.1,4.14,4.05,4.13,194986,80007654.00000001,0.0,0,4.1499999999999995,0
20160425,1461513600000,4.109999999999999,4.1899999999999995,4.01,4.14,268583,109839633.99999999,0.0,0,4.13,0
20160426,1461600000000,4.12,4.2,4.08,4.18,216064,89445617.0,0.0,0,4.14,0
20160427,1461686400000,4.159999999999999,4.27,4.1,4.1499999999999995,239360,100270714.0,0.0,0,4.18,0
20160428,1461772800000,4.180000000000001,4.180000000000001,4.0600000000000005,4.130000000000001,212428,87523154.0,0.0,0,4.15,0
20160429,1461859200000,4.1,4.159999999999999,4.1,4.119999999999999,124729,51645842.0,0.0,0,4.13,0
20160503,1462204800000,4.13,4.22,4.12,4.22,236562,98954019.0,0.0,0,4.12,0
20160504,1462291200000,4.2,4.22,4.16,4.2,184586,77470894.0,0.0,0,4.22,0
20160505,1462377600000,4.1899999999999995,4.2299999999999995,4.17,4.22,161144,67704230.00000001,0.0,0,4.2,0
20160506,1462464000000,4.2299999999999995,4.2299999999999995,4.05,4.05,280787,116146571.0,0.0,0,4.22,0
20160509,1462723200000,4.03,4.05,3.88,3.9099999999999997,262181,103571466.0,0.0,0,4.05,0
20160510,1462809600000,3.92,3.9499999999999997,3.9,3.92,106450,41754640.0,0.0,0,3.9099999999999997,0
20160511,1462896000000,3.94,3.9499999999999997,3.88,3.88,162430,63476399.99999999,0.0,0,3.92,0
20160512,1462982400000,3.85,3.86,3.75,3.85,165130,62933449.0,0.0,0,3.88,0
20160513,1463068800000,3.83,3.89,3.8200000000000003,3.8400000000000003,116284,44819020.0,0.0,0,3.85,0
20160516,1463328000000,3.81,3.99,3.81,3.96,191674,74914242.0,0.0,0,3.84,0
20160517,1463414400000,3.96,4.16,3.91,4.04,427228,173604193.99999997,0.0,0,3.96,0
20160518,1463500800000,3.9899999999999998,4.02,3.84,3.8899999999999997,266227,104197250.0,0.0,0,4.04,0
20160519,1463587200000,3.88,4.04,3.88,3.9699999999999998,258885,102885491.0,0.0,0,3.8899999999999997,0
20160520,1463673600000,3.9,4.17,3.9,4.12,560272,229584156.0,0.0,0,3.9699999999999998,0
20160523,1463932800000,4.08,4.13,4.05,4.109999999999999,314039,128134230.0,0.0,0,4.12,0
20160524,1464019200000,4.08,4.109999999999999,4.01,4.05,171725,69553890.0,0.0,0,4.109999999999999,0
20160525,1464105600000,4.07,4.1,3.98,4.0,161875,65233142.0,0.0,0,4.05,0
20160526,1464192000000,3.98,3.98,3.81,3.95,407634,159082073.0,0.0,0,4.0,0
20160527,1464278400000,3.95,3.95,3.87,3.9,244321,95251471.0,0.0,0,3.95,0
20160530,1464537600000,3.88,3.9099999999999997,3.84,3.88,139598,54118766.0,0.0,0,3.9,0
20160531,1464624000000,3.88,4.01,3.88,4.0,425229,168588361.0,0.0,0,3.88,0
20160601,1464710400000,4.0,4.0600000000000005,3.97,4.0200000000000005,434682,174825827.99999997,0.0,0,4.0,0
20160602,1464796800000,4.0200000000000005,4.09,3.99,4.07,453449,183867016.0,0.0,0,4.0200000000000005,0
20160603,1464883200000,4.05,4.07,3.99,4.03,362212,145694189.0,0.0,0,4.07,0
20160606,1465142400000,4.0200000000000005,4.04,3.95,4.0,349668,139821343.00000003,0.0,0,4.03,0
20160607,1465228800000,4.0,4.4,3.97,4.24,1514780,647060867.0000001,0.0,0,4.0,0
20160608,1465315200000,4.15,4.18,4.04,4.1,967138,397245616.00000006,0.0,0,4.24,0
20160613,1465747200000,4.04,4.06,3.9,3.9,531145,212450769.99999997,0.0,0,4.1,0
20160614,1465833600000,3.88,3.92,3.87,3.91,259132,101013305.0,0.0,0,3.9,0
20160615,1465920000000,3.88,4.17,3.85,4.14,828567,337776654.0,0.0,0,3.91,0
20160616,1466006400000,4.1,4.33,4.09,4.21,1072291,451872307.0,0.0,0,4.14,0
20160617,1466092800000,4.1899999999999995,4.4799999999999995,4.17,4.29,1072810,460705984.00000006,0.0,0,4.21,0
20160620,1466352000000,4.3,4.43,4.22,4.29,619736,266944103.00000003,0.0,0,4.29,0
20160621,1466438400000,4.32,4.34,4.13,4.16,631379,266631413.0,0.0,0,4.29,0
20160622,1466524800000,4.1499999999999995,4.2299999999999995,4.14,4.22,336269,141188448.0,0.0,0,4.159999999999999,0
20160623,1466611200000,4.2,4.220000000000001,4.11,4.12,381454,158151174.0,0.0,0,4.220000000000001,0
20160624,1466697600000,4.13,4.17,3.94,4.06,521826,211622223.00000003,0.0,0,4.12,0
20160627,1466956800000,4.0200000000000005,4.24,4.0200000000000005,4.220000000000001,451553,188373233.0,0.0,0,4.0600000000000005,0
20160628,1467043200000,4.18,4.23,4.16,4.23,351302,147467812.0,0.0,0,4.22,0
20160629,1467129600000,4.23,4.340000000000001,4.19,4.25,477221,203013216.0,0.0,0,4.23,0
20160630,1467216000000,4.25,4.4,4.19,4.340000000000001,616406,263541028.0,0.0,0,4.25,0
20160701,1467302400000,4.29,4.32,4.23,4.25,438329,187758212.0,0.0,0,4.340000000000001,0
20160704,1467561600000,4.21,4.5,4.2,4.44,1093330,481289168.00000006,0.0,0,4.25,0
20160705,1467648000000,4.4,4.430000000000001,4.36,4.41,609678,267682263.99999997,0.0,0,4.44,0
20160706,1467734400000,4.5200000000000005,4.54,4.36,4.45,706095,313525099.99999994,0.0,0,4.41,0
20160707,1467820800000,4.42,4.6000000000000005,4.41,4.49,762241,344185993.0,0.0,0,4.45,0
20160708,1467907200000,4.49,4.52,4.38,4.3999999999999995,464605,205398361.00000003,0.0,0,4.49,0
20160711,1468166400000,4.41,4.5,4.37,4.38,514988,228299047.0,0.0,0,4.4,0
20160712,1468252800000,4.37,4.42,4.29,4.4,518778,226362031.99999997,0.0,0,4.38,0
20160713,1468339200000,4.42,4.54,4.39,4.4399999999999995,663568,294943724.0,0.0,0,4.3999999999999995,0
20160714,1468425600000,4.41,4.42,4.33,4.39,485261,211872351.0,0.0,0,4.44,0
20160715,1468512000000,4.38,4.39,4.33,4.36,231689,101060442.0,0.0,0,4.39,0
20160718,1468771200000,4.359999999999999,4.359999999999999,4.3,4.33,204085,88299241.00000001,0.0,0,4.359999999999999,0
20160719,1468857600000,4.34,4.4,4.32,4.390000000000001,221982,96750632.0,0.0,0,4.33,0
20160720,1468944000000,4.380000000000001,4.380000000000001,4.3100000000000005,4.32,187185,81164842.00000001,0.0,0,4.37,0
20160721,1469030400000,4.32,4.390000000000001,4.3100000000000005,4.33,250180,108718383.00000001,0.0,0,4.32,0
20160722,1469116800000,4.33,4.33,4.25,4.26,273148,116876003.0,0.0,0,4.33,0
20160725,1469376000000,4.260000000000001,4.29,4.23,4.25,153362,65175836.00000001,0.0,0,4.260000000000001,0
20160726,1469462400000,4.24,4.3100000000000005,4.24,4.3,191292,81900263.00000001,0.0,0,4.25,0
20160727,1469548800000,4.3,4.31,4.05,4.09,417915,173589448.99999997,0.0,0,4.3,0
20160728,1469635200000,4.090000000000001,4.130000000000001,4.0600000000000005,4.11,238960,97933018.0,0.0,0,4.090000000000001,0
20160729,1469721600000,4.11,4.15,4.08,4.12,173063,71248377.0,0.0,0,4.11,0
20160801,1469980800000,4.14,4.15,4.08,4.14,230288,95001606.0,0.0,0,4.12,0
20160802,1470067200000,4.15,4.15,4.12,4.14,107369,44429162.0,0.0,0,4.14,0
20160803,1470153600000,4.1499999999999995,4.25,4.14,4.2299999999999995,284787,120167531.0,0.0,0,4.14,0
20160804,1470240000000,4.22,4.26,4.17,4.25,191651,80845827.0,0.0,0,4.2299999999999995,0
20160805,1470326400000,4.25,4.44,4.23,4.4,898049,391939418.0,0.0,0,4.25,0
20160808,1470585600000,4.4,4.4,4.4,4.4,0,0.0,0.0,0,4.4,1
20160809,1470672000000,4.4,4.4,4.4,4.4,0,0.0,0.0,0,4.4,1
20160810,1470758400000,4.4,4.4,4.4,4.4,0,0.0,0.0,0,4.4,1
20160811,1470844800000,4.4,4.4,4.4,4.4,0,0.0,0.0,0,4.4,1
20160812,1470931200000,4.4,4.4,4.4,4.4,0,0.0,0.0,0,4.4,1
20160815,1471190400000,4.4,4.4,4.4,4.4,0,0.0,0.0,0,4.4,1
20160816,1471276800000,4.4,4.4,4.4,4.4,0,0.0,0.0,0,4.4,1
20160817,1471363200000,4.4,4.4,4.4,4.4,0,0.0,0.0,0,4.4,1
20160818,1471449600000,4.4,4.4,4.4,4.4,0,0.0,0.0,0,4.4,1
20160819,1471536000000,4.4,4.4,4.4,4.4,0,0.0,0.0,0,4.4,1
20160822,1471795200000,4.4,4.4,4.4,4.4,0,0.0,0.0,0,4.4,1
20160823,1471881600000,4.4,4.4,4.4,4.4,0,0.0,0.0,0,4.4,1
20160824,1471968000000,4.4,4.4,4.4,4.4,0,0.0,0.0,0,4.4,1
20160825,1472054400000,4.4,4.4,4.4,4.4,0,0.0,0.0,0,4.4,1
20160826,1472140800000,4.4,4.4,4.4,4.4,0,0.0,0.0,0,4.4,1
20160829,1472400000000,4.4,4.4,4.4,4.4,0,0.0,0.0,0,4.4,1
20160830,1472486400000,4.4,4.4,4.4,4.4,0,0.0,0.0,0,4.4,1
20160831,1472572800000,4.4,4.4,4.4,4.4,0,0.0,0.0,0,4.4,1
20160901,1472659200000,4.4,4.4,4.4,4.4,0,0.0,0.0,0,4.4,1
20160902,1472745600000,4.4,4.4,4.4,4.4,0,0.0,0.0,0,4.4,1
20160905,1473004800000,4.4,4.4,4.4,4.4,0,0.0,0.0,0,4.4,1
20160906,1473091200000,4.4,4.4,4.4,4.4,0,0.0,0.0,0,4.4,1
20160907,1473177600000,4.4,4.4,4.4,4.4,0,0.0,0.0,0,4.4,1
20160908,1473264000000,4.4,4.4,4.4,4.4,0,0.0,0.0,0,4.4,1
20160909,1473350400000,4.4,4.4,4.4,4.4,0,0.0,0.0,0,4.4,1
20160912,1473609600000,4.4,4.4,4.4,4.4,0,0.0,0.0,0,4.4,1
20160913,1473696000000,4.4,4.4,4.4,4.4,0,0.0,0.0,0,4.4,1
20160914,1473782400000,4.4,4.4,4.4,4.4,0,0.0,0.0,0,4.4,1
20160919,1474214400000,4.4,4.4,4.4,4.4,0,0.0,0.0,0,4.4,1
20160920,1474300800000,4.4,4.4,4.4,4.4,0,0.0,0.0,0,4.4,1
20160921,1474387200000,4.4,4.4,4.4,4.4,0,0.0,0.0,0,4.4,1
20160922,1474473600000,4.4,4.4,4.4,4.4,0,0.0,0.0,0,4.4,1
20160923,1474560000000,4.4,4.4,4.4,4.4,0,0.0,0.0,0,4.4,1
20160926,1474819200000,4.4,4.4,4.4,4.4,0,0.0,0.0,0,4.4,1
20160927,1474905600000,4.4,4.4,4.4,4.4,0,0.0,0.0,0,4.4,1
20160928,1474992000000,4.4,4.4,4.4,4.4,0,0.0,0.0,0,4.4,1
20160929,1475078400000,4.4,4.4,4.4,4.4,0,0.0,0.0,0,4.4,1
20160930,1475164800000,4.4,4.4,4.4,4.4,0,0.0,0.0,0,4.4,1
20161010,1476028800000,4.4,4.4,4.4,4.4,0,0.0,0.0,0,4.4,1
20161011,1476115200000,4.4,4.4,4.4,4.4,0,0.0,0.0,0,4.4,1
20161012,1476201600000,4.4,4.4,4.4,4.4,0,0.0,0.0,0,4.4,1
20161013,1476288000000,4.4,4.4,4.4,4.4,0,0.0,0.0,0,4.4,1
20161014,1476374400000,4.4,4.4,4.4,4.4,0,0.0,0.0,0,4.4,1
20161017,1476633600000,4.4,4.4,4.4,4.4,0,0.0,0.0,0,4.4,1
20161018,1476720000000,4.4,4.4,4.4,4.4,0,0.0,0.0,0,4.4,1
20161019,1476806400000,4.4,4.4,4.4,4.4,0,0.0,0.0,0,4.4,1
20161020,1476892800000,4.4,4.4,4.4,4.4,0,0.0,0.0,0,4.4,1
20161021,1476979200000,4.4,4.4,4.4,4.4,0,0.0,0.0,0,4.4,1
20161024,1477238400000,4.4,4.4,4.4,4.4,0,0.0,0.0,0,4.4,1
20161025,1477324800000,4.4,4.4,4.4,4.4,0,0.0,0.0,0,4.4,1
20161026,1477411200000,4.4,4.4,4.4,4.4,0,0.0,0.0,0,4.4,1
20161027,1477497600000,4.4,4.4,4.4,4.4,0,0.0,0.0,0,4.4,1
20161028,1477584000000,4.4,4.4,4.4,4.4,0,0.0,0.0,0,4.4,1
20161031,1477843200000,4.4,4.4,4.4,4.4,0,0.0,0.0,0,4.4,1
20161101,1477929600000,4.4,4.4,4.4,4.4,0,0.0,0.0,0,4.4,1
20161102,1478016000000,4.4,4.4,4.4,4.4,0,0.0,0.0,0,4.4,1
20161103,1478102400000,4.4,4.4,4.4,4.4,0,0.0,0.0,0,4.4,1
20161104,1478188800000,4.4,4.4,4.4,4.4,0,0.0,0.0,0,4.4,1
20161107,1478448000000,4.4,4.4,4.4,4.4,0,0.0,0.0,0,4.4,1
20161108,1478534400000,4.4,4.4,4.4,4.4,0,0.0,0.0,0,4.4,1
20161109,1478620800000,4.4,4.4,4.4,4.4,0,0.0,0.0,0,4.4,1
20161110,1478707200000,4.4,4.4,4.4,4.4,0,0.0,0.0,0,4.4,1
20161111,1478793600000,4.4,4.4,4.4,4.4,0,0.0,0.0,0,4.4,1
20161114,1479052800000,4.4,4.4,4.4,4.4,0,0.0,0.0,0,4.4,1
20161115,1479139200000,4.4,4.4,4.4,4.4,0,0.0,0.0,0,4.4,1
20161116,1479225600000,4.4,4.4,4.4,4.4,0,0.0,0.0,0,4.4,1
20161117,1479312000000,4.4,4.4,4.4,4.4,0,0.0,0.0,0,4.4,1
20161118,1479398400000,4.4,4.4,4.4,4.4,0,0.0,0.0,0,4.4,1
20161121,1479657600000,4.4,4.4,4.4,4.4,0,0.0,0.0,0,4.4,1
20161122,1479744000000,4.4,4.4,4.4,4.4,0,0.0,0.0,0,4.4,1
20161123,1479830400000,4.4,4.4,4.4,4.4,0,0.0,0.0,0,4.4,1
20161124,1479916800000,4.4,4.4,4.4,4.4,0,0.0,0.0,0,4.4,1
20161125,1480003200000,4.4,4.4,4.4,4.4,0,0.0,0.0,0,4.4,1
20161128,1480262400000,4.4,4.4,4.4,4.4,0,0.0,0.0,0,4.4,1
20161129,1480348800000,4.4,4.4,4.4,4.4,0,0.0,0.0,0,4.4,1
20161130,1480435200000,4.4,4.4,4.4,4.4,0,0.0,0.0,0,4.4,1
20161201,1480521600000,4.4,4.4,4.4,4.4,0,0.0,0.0,0,4.4,1
20161202,1480608000000,4.4,4.4,4.4,4.4,0,0.0,0.0,0,4.4,1
20161205,1480867200000,4.4,4.4,4.4,4.4,0,0.0,0.0,0,4.4,1
20161206,1480953600000,4.4,4.4,4.4,4.4,0,0.0,0.0,0,4.4,1
20161207,1481040000000,4.4,4.4,4.4,4.4,0,0.0,0.0,0,4.4,1
20161208,1481126400000,4.4,4.4,4.4,4.4,0,0.0,0.0,0,4.4,1
20161209,1481212800000,4.4,4.4,4.4,4.4,0,0.0,0.0,0,4.4,1
20161212,1481472000000,4.4,4.4,4.4,4.4,0,0.0,0.0,0,4.4,1
20161213,1481558400000,4.4,4.4,4.4,4.4,0,0.0,0.0,0,4.4,1
20161214,1481644800000,4.4,4.4,4.4,4.4,0,0.0,0.0,0,4.4,1
20161215,1481731200000,4.4,4.4,4.4,4.4,0,0.0,0.0,0,4.4,1
20161216,1481817600000,4.4,4.4,4.4,4.4,0,0.0,0.0,0,4.4,1
20161219,1482076800000,4.4,4.4,4.4,4.4,0,0.0,0.0,0,4.4,1
20161220,1482163200000,4.4,4.4,4.4,4.4,0,0.0,0.0,0,4.4,1
20161221,1482249600000,4.4,4.4,4.4,4.4,0,0.0,0.0,0,4.4,1
20161222,1482336000000,4.4,4.4,4.4,4.4,0,0.0,0.0,0,4.4,1
20161223,1482422400000,4.4,4.4,4.4,4.4,0,0.0,0.0,0,4.4,1
20161226,1482681600000,4.4,4.4,4.4,4.4,0,0.0,0.0,0,4.4,1
20161227,1482768000000,4.4,4.4,4.4,4.4,0,0.0,0.0,0,4.4,1
20161228,1482854400000,4.4,4.4,4.4,4.4,0,0.0,0.0,0,4.4,1
20161229,1482940800000,4.4,4.4,4.4,4.4,0,0.0,0.0,0,4.4,1
20161230,1483027200000,4.5,4.840000000000001,4.4,4.840000000000001,503656,237139230.00000003,0.0,0,4.4,0
20170103,1483372800000,5.19,5.19,4.66,4.76,2020018,978951958.0,0.0,0,4.84,0
20170104,1483459200000,4.7700000000000005,4.7700000000000005,4.62,4.71,1002382,469308405.0,0.0,0,4.76,0
20170105,1483545600000,4.67,4.67,4.54,4.55,911868,418739776.00000006,0.0,0,4.71,0
20170106,1483632000000,4.52,4.63,4.51,4.55,486994,222616624.00000003,0.0,0,4.55,0
20170109,1483891200000,4.529999999999999,4.55,4.43,4.4799999999999995,441334,197516037.0,0.0,0,4.55,0
20170110,1483977600000,4.47,4.55,4.42,4.54,434192,194894525.0,0.0,0,4.4799999999999995,0
20170111,1484064000000,4.5,4.54,4.44,4.45,285814,128305634.0,0.0,0,4.54,0
20170112,1484150400000,4.57,4.760000000000001,4.5200000000000005,4.5600000000000005,946783,438587156.0,0.0,0,4.45,0
20170113,1484236800000,4.49,4.53,4.41,4.42,417098,186216205.0,0.0,0,4.5600000000000005,0
20170116,1484496000000,4.36,4.37,4.0,4.15,506996,213237637.00000003,0.0,0,4.42,0
20170117,1484582400000,4.14,4.2,4.09,4.2,216445,89618785.99999999,0.0,0,4.1499999999999995,0
20170118,1484668800000,4.180000000000001,4.2,4.15,4.16,144130,60139966.0,0.0,0,4.2,0
20170119,1484755200000,4.1499999999999995,4.159999999999999,4.1,4.14,180730,74495390.0,0.0,0,4.159999999999999,0
20170120,1484841600000,4.13,4.2,4.11,4.19,171806,71732632.0,0.0,0,4.140000000000001,0
20170123,1485100800000,4.18,4.28,4.17,4.24,210134,88943756.0,0.0,0,4.1899999999999995,0
20170124,1485187200000,4.220000000000001,4.24,4.19,4.24,173165,72988674.0,0.0,0,4.24,0
20170125,1485273600000,4.2299999999999995,4.27,4.22,4.25,137555,58497944.0,0.0,0,4.239999999999999,0
20170126,1485360000000,4.26,4.33,4.25,4.33,187490,80470235.0,0.0,0,4.25,0
20170203,1486051200000,4.31,4.38,4.26,4.34,203683,88082684.00000001,0.0,0,4.33,0
20170206,1486310400000,4.319999999999999,4.359999999999999,4.3,4.34,165151,71540119.99999999,0.0,0,4.34,0
20170207,1486396800000,4.33,4.5,4.3,4.49,451824,200017535.0,0.0,0,4.34,0
20170208,1486483200000,4.46,4.51,4.42,4.47,278346,124178046.0,0.0,0,4.49,0
20170209,1486569600000,4.47,4.55,4.46,4.49,277849,124960972.0,0.0,0,4.47,0
20170210,1486656000000,4.4799999999999995,4.5,4.42,4.4799999999999995,286542,127747303.0,0.0,0,4.49,0
20170213,1486915200000,4.550000000000001,4.590000000000001,4.48,4.510000000000001,283600,128175072.0,0.0,0,4.48,0
20170214,1487001600000,4.49,4.5200000000000005,4.44,4.5200000000000005,265986,118943406.0,0.0,0,4.510000000000001,0
20170215,1487088000000,4.65,4.7700000000000005,4.5200000000000005,4.5600000000000005,824836,384249719.0,0.0,0,4.5200000000000005,0
20170216,1487174400000,4.49,4.65,4.42,4.64,570363,259520241.0,0.0,0,4.56,0
20170217,1487260800000,4.590000000000001,4.61,4.5200000000000005,4.53,340823,155680233.0,0.0,0,4.640000000000001,0
20170220,1487520000000,4.53,4.590000000000001,4.5200000000000005,4.590000000000001,228378,103964652.00000001,0.0,0,4.53,0
20170221,1487606400000,4.59,4.63,4.55,4.62,279104,128165494.0,0.0,0,4.59,0
20170222,1487692800000,4.6,4.64,4.58,4.61,216832,99887647.00000001,0.0,0,4.62,0
20170223,1487779200000,4.6,4.66,4.58,4.6,328322,151700649.00000003,0.0,0,4.61,0
20170224,1487865600000,4.61,4.61,4.5200000000000005,4.5600000000000005,247499,112541752.00000001,0.0,0,4.6000000000000005,0
20170227,1488124800000,4.5600000000000005,4.57,4.53,4.53,196981,89555715.0,0.0,0,4.5600000000000005,0
20170228,1488211200000,4.54,4.6000000000000005,4.5200000000000005,4.57,216043,98588583.99999999,0.0,0,4.53,0
20170301,1488297600000,4.5600000000000005,4.74,4.5600000000000005,4.73,603029,282128216.0,0.0,0,4.57,0
20170302,1488384000000,4.72,5.07,4.7,4.890000000000001,1157883,566303998.0,0.0,0,4.73,0
20170303,1488470400000,4.88,4.98,4.83,4.89,546844,268252003.00000003,0.0,0,4.89,0
20170306,1488729600000,4.8999999999999995,4.9799999999999995,4.84,4.9799999999999995,488639,240695243.0,0.0,0,4.89,0
20170307,1488816000000,4.96,5.0600000000000005,4.91,4.91,452720,225224025.99999997,0.0,0,4.98,0
20170308,1488902400000,4.9,4.96,4.87,4.96,328385,161437762.0,0.0,0,4.91,0
20170309,1488988800000,4.96,4.96,4.84,4.8999999999999995,341783,166856932.0,0.0,0,4.96,0
20170310,1489075200000,4.95,4.96,4.87,4.92,267735,131493912.0,0.0,0,4.9,0
20170313,1489334400000,4.92,4.92,4.92,4.92,0,0.0,0.0,0,4.92,1
20170314,1489420800000,4.92,4.92,4.92,4.92,0,0.0,0.0,0,4.92,1
20170315,1489507200000,4.92,4.92,4.92,4.92,0,0.0,0.0,0,4.92,1
20170316,1489593600000,4.92,4.92,4.92,4.92,0,0.0,0.0,0,4.92,1
20170317,1489680000000,4.92,4.92,4.92,4.92,0,0.0,0.0,0,4.92,1
20170320,1489939200000,4.92,4.92,4.92,4.92,0,0.0,0.0,0,4.92,1
20170321,1490025600000,4.92,4.92,4.92,4.92,0,0.0,0.0,0,4.92,1
20170322,1490112000000,4.92,4.92,4.92,4.92,0,0.0,0.0,0,4.92,1
20170323,1490198400000,4.92,4.92,4.92,4.92,0,0.0,0.0,0,4.92,1
20170324,1490284800000,4.92,4.92,4.92,4.92,0,0.0,0.0,0,4.92,1
20170327,1490544000000,4.92,4.92,4.92,4.92,0,0.0,0.0,0,4.92,1
20170328,1490630400000,4.92,4.92,4.92,4.92,0,0.0,0.0,0,4.92,1
20170329,1490716800000,4.92,4.92,4.92,4.92,0,0.0,0.0,0,4.92,1
20170330,1490803200000,4.92,4.92,4.92,4.92,0,0.0,0.0,0,4.92,1
20170331,1490889600000,4.92,4.92,4.92,4.92,0,0.0,0.0,0,4.92,1
20170405,1491321600000,4.92,4.92,4.92,4.92,0,0.0,0.0,0,4.92,1
20170406,1491408000000,4.92,4.92,4.92,4.92,0,0.0,0.0,0,4.92,1
20170407,1491494400000,4.92,4.92,4.92,4.92,0,0.0,0.0,0,4.92,1
20170410,1491753600000,4.92,4.92,4.92,4.92,0,0.0,0.0,0,4.92,1
20170411,1491840000000,4.92,4.92,4.92,4.92,0,0.0,0.0,0,4.92,1
20170412,1491926400000,4.92,4.92,4.92,4.92,0,0.0,0.0,0,4.92,1
20170413,1492012800000,4.92,4.92,4.92,4.92,0,0.0,0.0,0,4.92,1
20170414,1492099200000,4.92,4.92,4.92,4.92,0,0.0,0.0,0,4.92,1
20170417,1492358400000,4.92,4.92,4.92,4.92,0,0.0,0.0,0,4.92,1
20170418,1492444800000,4.92,4.92,4.92,4.92,0,0.0,0.0,0,4.92,1
20170419,1492531200000,4.92,4.92,4.92,4.92,0,0.0,0.0,0,4.92,1
20170420,1492617600000,4.92,4.92,4.92,4.92,0,0.0,0.0,0,4.92,1
20170421,1492704000000,4.43,4.66,4.43,4.43,794327,354645218.0,0.0,0,4.92,0
20170424,1492963200000,4.36,4.46,4.21,4.43,426336,185312166.0,0.0,0,4.43,0
20170425,1493049600000,4.4,4.550000000000001,4.3500000000000005,4.540000000000001,275143,122553577.99999999,0.0,0,4.430000000000001,0
20170426,1493136000000,4.51,4.59,4.49,4.58,221246,100601119.0,0.0,0,4.54,0
20170427,1493222400000,4.57,4.6000000000000005,4.41,4.58,237111,106982594.0,0.0,0,4.58,0
20170428,1493308800000,4.55,4.59,4.5,4.57,146023,66408694.0,0.0,0,4.58,0
20170502,1493654400000,4.529999999999999,4.6,4.51,4.59,193075,88059650.0,0.0,0,4.569999999999999,0
20170503,1493740800000,4.569999999999999,4.58,4.47,4.51,182235,82611528.0,0.0,0,4.59,0
20170504,1493827200000,4.510000000000001,4.510000000000001,4.4,4.42,158958,70509797.0,0.0,0,4.510000000000001,0
20170505,1493913600000,4.4,4.4,4.3100000000000005,4.36,170908,74223523.0,0.0,0,4.420000000000001,0
20170508,1494172800000,4.34,4.43,4.3,4.35,147812,64554318.00000001,0.0,0,4.359999999999999,0
20170509,1494259200000,4.36,4.41,4.3100000000000005,4.3500000000000005,125179,54676391.0,0.0,0,4.3500000000000005,0
20170510,1494345600000,4.35,4.35,3.92,3.92,387564,159928110.0,0.0,0,4.35,0
20170511,1494432000000,3.5300000000000002,3.74,3.5300000000000002,3.6900000000000004,551411,199844192.99999997,0.0,0,3.9200000000000004,0
20170512,1494518400000,3.61,3.92,3.61,3.83,343515,129583392.0,0.0,0,3.69,0
20170515,1494777600000,3.93,3.97,3.8000000000000003,3.9000000000000004,179262,69919068.0,0.0,0,3.83,0
20170516,1494864000000,3.9,3.9499999999999997,3.84,3.94,123359,48058652.0,0.0,0,3.9,0
20170517,1494950400000,3.9499999999999997,4.05,3.9,3.9899999999999998,158422,63134308.0,0.0,0,3.94,0
20170518,1495036800000,3.95,4.0200000000000005,3.93,3.99,108577,43150692.99999999,0.0,0,3.99,0
20170519,1495123200000,3.98,4.0200000000000005,3.95,3.99,87997,35003000.0,0.0,0,3.99,0
20170522,1495382400000,3.9699999999999998,4.11,3.9,4.05,261104,105170174.0,0.0,0,3.9899999999999998,0
20170523,1495468800000,4.13,4.13,3.99,4.04,207907,84270111.0,0.0,0,4.05,0
20170524,1495555200000,4.05,4.11,3.98,4.09,224615,90872050.0,0.0,0,4.04,0
20170525,1495641600000,4.1,4.18,4.05,4.16,186327,76897206.0,0.0,0,4.09,0
20170526,1495728000000,4.17,4.28,4.13,4.26,206109,87228967.0,0.0,0,4.16,0
20170531,1496160000000,4.260000000000001,4.290000000000001,4.0200000000000005,4.0600000000000005,451311,185997677.99999997,0.0,0,4.260000000000001,0
20170601,1496246400000,4.01,4.12,3.93,4.01,215040,86430545.0,0.0,0,4.0600000000000005,0
20170602,1496332800000,4.0,4.07,3.99,4.05,150799,60818430.0,0.0,0,4.01,0
20170605,1496592000000,4.08,4.1000000000000005,4.0200000000000005,4.03,92717,37529590.00000001,0.0,0,4.050000000000001,0
20170606,1496678400000,4.03,4.06,4.0,4.04,80738,32522421.0,0.0,0,4.03,0
20170607,1496764800000,4.0200000000000005,4.12,4.0200000000000005,4.1000000000000005,240695,98133890.00000001,0.0,0,4.04,0
20170608,1496851200000,4.1,4.17,4.05,4.1499999999999995,243763,100519234.0,0.0,0,4.1,0
20170609,1496937600000,4.16,4.2,4.12,4.17,267044,111082011.0,0.0,0,4.15,0
20170612,1497196800000,4.17,4.18,4.1,4.18,153578,63768431.0,0.0,0,4.17,0
20170613,1497283200000,4.17,4.1899999999999995,4.14,4.1499999999999995,109173,45482098.0,0.0,0,4.18,0
20170614,1497369600000,4.17,4.22,4.12,4.18,217509,90699189.00000001,0.0,0,4.15,0
20170615,1497456000000,4.159999999999999,4.26,4.14,4.21,206140,86415476.0,0.0,0,4.18,0
20170616,1497542400000,4.24,4.24,4.17,4.17,139453,58569701.0,0.0,0,4.21,0
20170619,1497801600000,4.17,4.180000000000001,4.11,4.140000000000001,234281,96874218.0,0.0,0,4.17,0
20170620,1497888000000,4.16,4.16,4.08,4.1,150785,62014551.00000001,0.0,0,4.14,0
20170621,1497974400000,4.09,4.1000000000000005,3.99,4.0200000000000005,175884,70978113.0,0.0,0,4.1000000000000005,0
20170622,1498060800000,4.01,4.05,3.95,4.01,159248,63801878.0,0.0,0,4.0200000000000005,0
20170623,1498147200000,4.01,4.05,3.94,4.04,119649,47751604.0,0.0,0,4.01,0
20170626,1498406400000,4.04,4.04,4.04,4.04,0,0.0,0.0,0,4.04,1
20170627,1498492800000,4.04,4.04,4.04,4.04,0,0.0,0.0,0,4.04,1
20170628,1498579200000,4.04,4.04,4.04,4.04,0,0.0,0.0,0,4.04,1
20170629,1498665600000,4.04,4.04,4.04,4.04,0,0.0,0.0,0,4.04,1
20170630,1498752000000,4.04,4.04,4.04,4.04,0,0.0,0.0,0,4.04,1
20170703,1499011200000,4.04,4.04,4.04,4.04,0,0.0,0.0,0,4.04,1
20170704,1499097600000,4.04,4.04,4.04,4.04,0,0.0,0.0,0,4.04,1
20170705,1499184000000,4.04,4.04,4.04,4.04,0,0.0,0.0,0,4.04,1
20170706,1499270400000,4.04,4.04,4.04,4.04,0,0.0,0.0,0,4.04,1
20170707,1499356800000,4.04,4.04,4.04,4.04,0,0.0,0.0,0,4.04,1
20170710,1499616000000,4.04,4.04,4.04,4.04,0,0.0,0.0,0,4.04,1
20170711,1499702400000,4.04,4.04,4.04,4.04,0,0.0,0.0,0,4.04,1
20170712,1499788800000,4.04,4.04,4.04,4.04,0,0.0,0.0,0,4.04,1
20170713,1499875200000,4.04,4.04,4.04,4.04,0,0.0,0.0,0,4.04,1
20170714,1499961600000,4.04,4.04,4.04,4.04,0,0.0,0.0,0,4.04,1
20170717,1500220800000,4.04,4.04,4.04,4.04,0,0.0,0.0,0,4.04,1
20170718,1500307200000,4.04,4.04,4.04,4.04,0,0.0,0.0,0,4.04,1
20170719,1500393600000,4.04,4.04,4.04,4.04,0,0.0,0.0,0,4.04,1
20170720,1500480000000,4.04,4.04,4.04,4.04,0,0.0,0.0,0,4.04,1
20170721,1500566400000,4.04,4.04,4.04,4.04,0,0.0,0.0,0,4.04,1
20170724,1500825600000,4.04,4.04,4.04,4.04,0,0.0,0.0,0,4.04,1
20170725,1500912000000,4.04,4.04,4.04,4.04,0,0.0,0.0,0,4.04,1
20170726,1500998400000,4.04,4.04,4.04,4.04,0,0.0,0.0,0,4.04,1
20170727,1501084800000,4.04,4.04,4.04,4.04,0,0.0,0.0,0,4.04,1
20170728,1501171200000,4.04,4.04,4.04,4.04,0,0.0,0.0,0,4.04,1
20170731,1501430400000,4.04,4.04,4.04,4.04,0,0.0,0.0,0,4.04,1
20170801,1501516800000,4.04,4.04,4.04,4.04,0,0.0,0.0,0,4.04,1
20170802,1501603200000,4.04,4.04,4.04,4.04,0,0.0,0.0,0,4.04,1
20170803,1501689600000,4.04,4.04,4.04,4.04,0,0.0,0.0,0,4.04,1
20170804,1501776000000,4.04,4.04,4.04,4.04,0,0.0,0.0,0,4.04,1
20170807,1502035200000,4.04,4.04,4.04,4.04,0,0.0,0.0,0,4.04,1
20170808,1502121600000,4.04,4.04,4.04,4.04,0,0.0,0.0,0,4.04,1
20170809,1502208000000,4.04,4.04,4.04,4.04,0,0.0,0.0,0,4.04,1
20170810,1502294400000,4.04,4.04,4.04,4.04,0,0.0,0.0,0,4.04,1
20170811,1502380800000,4.04,4.04,4.04,4.04,0,0.0,0.0,0,4.04,1
20170814,1502640000000,4.04,4.04,4.04,4.04,0,0.0,0.0,0,4.04,1
20170815,1502726400000,4.04,4.04,4.04,4.04,0,0.0,0.0,0,4.04,1
20170816,1502812800000,4.04,4.04,4.04,4.04,0,0.0,0.0,0,4.04,1
20170817,1502899200000,4.04,4.04,4.04,4.04,0,0.0,0.0,0,4.04,1
20170818,1502985600000,4.04,4.04,4.04,4.04,0,0.0,0.0,0,4.04,1
20170821,1503244800000,4.04,4.04,4.04,4.04,0,0.0,0.0,0,4.04,1
20170822,1503331200000,4.04,4.04,4.04,4.04,0,0.0,0.0,0,4.04,1
20170823,1503417600000,4.04,4.04,4.04,4.04,0,0.0,0.0,0,4.04,1
20170824,1503504000000,4.04,4.04,4.04,4.04,0,0.0,0.0,0,4.04,1
20170825,1503590400000,4.04,4.04,4.04,4.04,0,0.0,0.0,0,4.04,1
20170828,1503849600000,4.04,4.04,4.04,4.04,0,0.0,0.0,0,4.04,1
20170829,1503936000000,4.04,4.04,4.04,4.04,0,0.0,0.0,0,4.04,1
20170830,1504022400000,4.04,4.04,4.04,4.04,0,0.0,0.0,0,4.04,1
20170831,1504108800000,4.04,4.04,4.04,4.04,0,0.0,0.0,0,4.04,1
20170901,1504195200000,4.04,4.04,4.04,4.04,0,0.0,0.0,0,4.04,1
20170904,1504454400000,4.04,4.04,4.04,4.04,0,0.0,0.0,0,4.04,1
20170905,1504540800000,4.04,4.04,4.04,4.04,0,0.0,0.0,0,4.04,1
20170906,1504627200000,4.04,4.04,4.04,4.04,0,0.0,0.0,0,4.04,1
20170907,1504713600000,4.04,4.04,4.04,4.04,0,0.0,0.0,0,4.04,1
20170908,1504800000000,4.04,4.04,4.04,4.04,0,0.0,0.0,0,4.04,1
20170911,1505059200000,4.04,4.04,4.04,4.04,0,0.0,0.0,0,4.04,1
20170912,1505145600000,4.44,4.44,4.44,4.44,125427,55690005.0,0.0,0,4.04,0
20170913,1505232000000,4.88,4.88,4.88,4.88,297499,145179683.0,0.0,0,4.4399999999999995,0
20170914,1505318400000,5.01,5.26,5.0,5.16,2409828,1238789400.9999998,0.0,0,4.88,0
20170915,1505404800000,5.05,5.16,5.0,5.09,1235317,626719727.0,0.0,0,5.16,0
20170918,1505664000000,5.1,5.1499999999999995,5.05,5.14,765697,390548218.0,0.0,0,5.09,0
20170919,1505750400000,5.24,5.640000000000001,5.2,5.44,1454447,787716602.0,0.0,0,5.140000000000001,0
20170920,1505836800000,5.430000000000001,5.620000000000001,5.3500000000000005,5.550000000000001,1119847,614850858.9999999,0.0,0,5.44,0
20170921,1505923200000,5.5,5.75,5.49,5.69,1011760,571655155.0,0.0,0,5.55,0
20170922,1506009600000,5.73,6.16,5.66,5.79,1358519,797958027.0,0.0,0,5.69,0
20170925,1506268800000,5.67,5.7,5.32,5.44,923379,505895324.0,0.0,0,5.79,0
20170926,1506355200000,5.49,5.5200000000000005,5.33,5.39,575238,311101567.0,0.0,0,5.44,0
20170927,1506441600000,5.39,5.45,5.33,5.4,354508,191185910.0,0.0,0,5.39,0
20170928,1506528000000,5.4,5.43,5.25,5.27,314972,168664923.0,0.0,0,5.4,0
20170929,1506614400000,5.359999999999999,5.63,5.26,5.58,565182,307916627.99999994,0.0,0,5.27,0
20171009,1507478400000,5.65,5.68,5.5,5.55,429791,238985406.99999997,0.0,0,5.58,0
20171010,1507564800000,5.550000000000001,5.750000000000001,5.5200000000000005,5.630000000000001,527125,296309884.0,0.0,0,5.550000000000001,0
20171011,1507651200000,5.6,5.75,5.59,5.63,355487,201572860.99999997,0.0,0,5.63,0
20171012,1507737600000,5.67,5.67,5.5,5.59,313219,174310827.0,0.0,0,5.63,0
20171013,1507824000000,5.61,5.61,5.49,5.5,205795,113751934.0,0.0,0,5.59,0
20171016,1508083200000,5.51,5.55,5.33,5.35,270244,146829189.0,0.0,0,5.5,0
20171017,1508169600000,5.35,5.41,5.3,5.37,169891,91200434.0,0.0,0,5.35,0
20171018,1508256000000,5.42,5.42,5.25,5.31,244873,130151824.0,0.0,0,5.37,0
20171019,1508342400000,5.28,5.3100000000000005,5.11,5.180000000000001,250079,130317242.99999999,0.0,0,5.3100000000000005,0
20171020,1508428800000,5.19,5.24,5.15,5.19,167164,86855888.0,0.0,0,5.180000000000001,0
20171023,1508688000000,5.2,5.25,5.15,5.19,208742,108819823.00000001,0.0,0,5.19,0
20171024,1508774400000,5.2,5.210000000000001,5.0600000000000005,5.15,209110,107522675.99999999,0.0,0,5.19,0
20171025,1508860800000,5.16,5.2,5.07,5.09,155638,79706456.00000001,0.0,0,5.15,0
20171026,1508947200000,5.08,5.09,4.74,4.79,589074,287613770.0,0.0,0,5.09,0
20171027,1509033600000,4.88,4.95,4.83,4.93,332025,162704318.0,0.0,0,4.79,0
20171030,1509292800000,4.960000000000001,4.970000000000001,4.44,4.800000000000001,406245,192540455.0,0.0,0,4.930000000000001,0
20171031,1509379200000,4.77,4.89,4.75,4.84,308020,148957233.0,0.0,0,4.8,0
20171101,1509465600000,4.86,5.050000000000001,4.86,4.91,295712,146719982.0,0.0,0,4.840000000000001,0
20171102,1509552000000,4.920000000000001,4.930000000000001,4.7700000000000005,4.87,164707,79751849.99999999,0.0,0,4.91,0
20171103,1509638400000,4.880000000000001,4.880000000000001,4.7700000000000005,4.8100000000000005,164438,79174439.0,0.0,0,4.87,0
20171106,1509897600000,4.859999999999999,4.859999999999999,4.8,4.81,124565,60088766.0,0.0,0,4.81,0
20171107,1509984000000,4.8,4.83,4.49,4.5,583572,268583325.00000006,0.0,0,4.8100000000000005,0
20171108,1510070400000,4.49,4.54,4.05,4.12,2096954,884962034.0,0.0,0,4.5,0
20171109,1510156800000,4.11,4.15,4.0200000000000005,4.11,797740,326612182.0,0.0,0,4.12,0
20171110,1510243200000,4.1,4.12,3.98,4.02,623952,251475440.0,0.0,0,4.11,0
20171113,1510502400000,4.04,4.0600000000000005,3.97,3.98,367133,147183784.0,0.0,0,4.0200000000000005,0
20171114,1510588800000,3.98,4.01,3.92,3.9699999999999998,389353,154177809.0,0.0,0,3.98,0
20171115,1510675200000,3.94,4.06,3.94,4.05,434311,173751179.0,0.0,0,3.9699999999999998,0
20171116,1510761600000,4.05,4.05,3.98,3.98,307121,123199988.0,0.0,0,4.05,0
20171117,1510848000000,3.9800000000000004,3.99,3.8000000000000003,3.81,516265,199121112.00000003,0.0,0,3.9800000000000004,0
20171120,1511107200000,3.81,3.82,3.69,3.81,262568,98485356.99999999,0.0,0,3.81,0
20171121,1511193600000,3.79,3.84,3.77,3.82,186675,70942553.0,0.0,0,3.81,0
20171122,1511280000000,3.83,3.87,3.8000000000000003,3.85,166263,63783308.00000001,0.0,0,3.8200000000000003,0
20171123,1511366400000,3.83,3.8800000000000003,3.7600000000000002,3.83,204608,78466271.0,0.0,0,3.85,0
20171124,1511452800000,3.7800000000000002,3.8400000000000003,3.7800000000000002,3.8400000000000003,110093,42096441.00000001,0.0,0,3.83,0
20171127,1511712000000,3.8400000000000003,3.95,3.8200000000000003,3.8600000000000003,270436,105391328.0,0.0,0,3.8400000000000003,0
20171128,1511798400000,3.88,3.91,3.85,3.9,145858,56750117.0,0.0,0,3.86,0
20171129,1511884800000,3.92,3.92,3.88,3.9,167688,65340786.00000001,0.0,0,3.9,0
20171130,1511971200000,3.89,3.89,3.81,3.81,174742,67012184.00000001,0.0,0,3.9,0
20171201,1512057600000,3.79,3.8200000000000003,3.7600000000000002,3.81,126382,47932243.0,0.0,0,3.81,0
20171204,1512316800000,3.8200000000000003,3.85,3.7800000000000002,3.81,122724,46805183.0,0.0,0,3.81,0
20171205,1512403200000,3.82,3.82,3.61,3.6799999999999997,189330,70446410.99999999,0.0,0,3.81,0
20171206,1512489600000,3.65,3.66,3.54,3.61,222807,80142523.00000001,0.0,0,3.68,0
20171207,1512576000000,3.59,3.6399999999999997,3.59,3.6199999999999997,117780,42589842.0,0.0,0,3.61,0
20171208,1512662400000,3.6,3.68,3.6,3.67,100986,36901906.0,0.0,0,3.62,0
20171211,1512921600000,3.67,3.69,3.65,3.6799999999999997,95745,35106216.0,0.0,0,3.67,0
20171212,1513008000000,3.69,3.69,3.62,3.65,98167,35809561.00000001,0.0,0,3.68,0
20171213,1513094400000,3.6399999999999997,3.67,3.63,3.6599999999999997,78294,28568744.0,0.0,0,3.65,0
20171214,1513180800000,3.6599999999999997,3.6599999999999997,3.61,3.6199999999999997,113248,41028753.0,0.0,0,3.6599999999999997,0
20171215,1513267200000,3.62,3.6300000000000003,3.5700000000000003,3.6100000000000003,110436,39763774.00000001,0.0,0,3.62,0
20171218,1513526400000,3.61,3.62,3.58,3.62,82563,29718496.0,0.0,0,3.61,0
20171219,1513612800000,3.62,3.66,3.6,3.63,91519,33279901.0,0.0,0,3.62,0
20171220,1513699200000,3.63,3.66,3.6,3.65,121281,43973482.0,0.0,0,3.63,0
20171221,1513785600000,3.64,3.65,3.6,3.63,81802,29647186.0,0.0,0,3.65,0
20171222,1513872000000,3.61,3.63,3.6,3.62,78321,28288542.000000004,0.0,0,3.63,0
20171225,1514131200000,3.64,3.64,3.5700000000000003,3.58,88710,31850616.000000004,0.0,0,3.62,0
20171226,1514217600000,3.57,3.6,3.5,3.59,148572,52638996.0,0.0,0,3.58,0
20171227,1514304000000,3.5700000000000003,3.5900000000000003,3.5500000000000003,3.56,86661,30965709.0,0.0,0,3.5900000000000003,0
20171228,1514390400000,3.56,3.74,3.52,3.73,368523,134589325.0,0.0,0,3.56,0
20171229,1514476800000,3.7399999999999998,3.85,3.67,3.81,348914,132220408.0,0.0,0,3.73,0
20180102,1514822400000,3.8,3.9,3.77,3.82,248921,95322807.0,0.0,0,3.81,0
20180103,1514908800000,3.81,3.85,3.77,3.84,165966,63127993.0,0.0,0,3.82,0
20180104,1514995200000,3.85,3.85,3.7800000000000002,3.79,115602,43964188.0,0.0,0,3.8400000000000003,0
20180105,1515081600000,3.79,3.8,3.73,3.7399999999999998,129267,48521959.00000001,0.0,0,3.79,0
20180108,1515340800000,3.74,3.81,3.74,3.79,148205,56120597.0,0.0,0,3.74,0
20180109,1515427200000,3.8000000000000003,3.8000000000000003,3.74,3.75,108537,40826568.00000001,0.0,0,3.79,0
20180110,1515513600000,3.75,3.7600000000000002,3.68,3.69,148146,54993090.00000001,0.0,0,3.75,0
20180111,1515600000000,3.69,3.71,3.66,3.7,102795,37872552.0,0.0,0,3.69,0
20180112,1515686400000,3.69,3.7199999999999998,3.67,3.69,93865,34666543.0,0.0,0,3.6999999999999997,0
20180115,1515945600000,3.7,3.7100000000000004,3.5300000000000002,3.54,186518,67152838.0,0.0,0,3.6900000000000004,0
20180116,1516032000000,3.54,3.5700000000000003,3.5100000000000002,3.5700000000000003,86294,30711746.0,0.0,0,3.54,0
20180117,1516118400000,3.5700000000000003,3.6500000000000004,3.5300000000000002,3.64,140073,50211382.0,0.0,0,3.5700000000000003,0
20180118,1516204800000,3.65,3.65,3.59,3.5999999999999996,94382,34065060.00000001,0.0,0,3.6399999999999997,0
20180119,1516291200000,3.5900000000000003,3.6,3.5500000000000003,3.56,93791,33495496.0,0.0,0,3.6,0
20180122,1516550400000,3.56,3.6,3.5300000000000002,3.5900000000000003,72507,25877785.0,0.0,0,3.56,0
20180123,1516636800000,3.59,3.74,3.58,3.71,278115,102267425.0,0.0,0,3.59,0
20180124,1516723200000,3.71,3.73,3.64,3.69,171347,63046085.0,0.0,0,3.71,0
20180125,1516809600000,3.6799999999999997,3.78,3.67,3.69,191871,71628526.0,0.0,0,3.69,0
20180126,1516896000000,3.6999999999999997,3.76,3.67,3.7399999999999998,185483,68844381.0,0.0,0,3.69,0
20180129,1517155200000,3.75,3.75,3.67,3.67,160410,59424630.00000001,0.0,0,3.7399999999999998,0
20180130,1517241600000,3.68,3.7,3.62,3.63,98428,35857456.0,0.0,0,3.67,0
20180131,1517328000000,3.62,3.62,3.54,3.56,114550,40893258.0,0.0,0,3.63,0
20180201,1517414400000,3.49,3.49,3.2,3.2,444080,144631821.00000003,0.0,0,3.56,0
20180202,1517500800000,2.98,3.1999999999999997,2.9,3.16,294355,89377561.0,0.0,0,3.1999999999999997,0
20180205,1517760000000,3.16,3.16,3.16,3.16,0,0.0,0.0,0,3.16,1
20180206,1517846400000,3.16,3.16,3.16,3.16,0,0.0,0.0,0,3.16,1
20180207,1517932800000,3.16,3.16,3.16,3.16,0,0.0,0.0,0,3.16,1
20180208,1518019200000,3.16,3.16,3.16,3.16,0,0.0,0.0,0,3.16,1
20180209,1518105600000,3.16,3.16,3.16,3.16,0,0.0,0.0,0,3.16,1
20180212,1518364800000,3.16,3.16,3.16,3.16,0,0.0,0.0,0,3.16,1
20180213,1518451200000,3.16,3.16,3.16,3.16,0,0.0,0.0,0,3.16,1
20180214,1518537600000,3.16,3.16,3.16,3.16,0,0.0,0.0,0,3.16,1
20180222,1519228800000,3.16,3.16,3.16,3.16,0,0.0,0.0,0,3.16,1
20180223,1519315200000,3.16,3.16,3.16,3.16,0,0.0,0.0,0,3.16,1
20180226,1519574400000,3.16,3.16,3.16,3.16,0,0.0,0.0,0,3.16,1
20180227,1519660800000,3.16,3.16,3.16,3.16,0,0.0,0.0,0,3.16,1
20180228,1519747200000,3.16,3.16,3.16,3.16,0,0.0,0.0,0,3.16,1
20180301,1519833600000,3.16,3.16,3.16,3.16,0,0.0,0.0,0,3.16,1
20180302,1519920000000,3.16,3.16,3.16,3.16,0,0.0,0.0,0,3.16,1
20180305,1520179200000,3.16,3.16,3.16,3.16,0,0.0,0.0,0,3.16,1
20180306,1520265600000,3.16,3.16,3.16,3.16,0,0.0,0.0,0,3.16,1
20180307,1520352000000,3.16,3.16,3.16,3.16,0,0.0,0.0,0,3.16,1
20180308,1520438400000,3.16,3.16,3.16,3.16,0,0.0,0.0,0,3.16,1
20180309,1520524800000,3.16,3.16,3.16,3.16,0,0.0,0.0,0,3.16,1
20180312,1520784000000,3.16,3.16,3.16,3.16,0,0.0,0.0,0,3.16,1
20180313,1520870400000,3.16,3.16,3.16,3.16,0,0.0,0.0,0,3.16,1
20180314,1520956800000,3.16,3.16,3.16,3.16,0,0.0,0.0,0,3.16,1
20180315,1521043200000,3.16,3.16,3.16,3.16,0,0.0,0.0,0,3.16,1
20180316,1521129600000,3.16,3.16,3.16,3.16,0,0.0,0.0,0,3.16,1
20180319,1521388800000,3.16,3.16,3.16,3.16,0,0.0,0.0,0,3.16,1
20180320,1521475200000,3.16,3.16,3.16,3.16,0,0.0,0.0,0,3.16,1
20180321,1521561600000,3.16,3.16,3.16,3.16,0,0.0,0.0,0,3.16,1
20180322,1521648000000,3.16,3.16,3.16,3.16,0,0.0,0.0,0,3.16,1
20180323,1521734400000,3.16,3.16,3.16,3.16,0,0.0,0.0,0,3.16,1
20180326,1521993600000,3.16,3.16,3.16,3.16,0,0.0,0.0,0,3.16,1
20180327,1522080000000,3.16,3.16,3.16,3.16,0,0.0,0.0,0,3.16,1
20180328,1522166400000,3.16,3.16,3.16,3.16,0,0.0,0.0,0,3.16,1
20180329,1522252800000,3.16,3.16,3.16,3.16,0,0.0,0.0,0,3.16,1
20180330,1522339200000,3.16,3.16,3.16,3.16,0,0.0,0.0,0,3.16,1
20180402,1522598400000,3.16,3.16,3.16,3.16,0,0.0,0.0,0,3.16,1
20180403,1522684800000,3.16,3.16,3.16,3.16,0,0.0,0.0,0,3.16,1
20180404,1522771200000,3.16,3.16,3.16,3.16,0,0.0,0.0,0,3.16,1
20180409,1523203200000,3.16,3.16,3.16,3.16,0,0.0,0.0,0,3.16,1
20180410,1523289600000,3.16,3.16,3.16,3.16,0,0.0,0.0,0,3.16,1
20180411,1523376000000,3.16,3.16,3.16,3.16,0,0.0,0.0,0,3.16,1
20180412,1523462400000,3.16,3.16,3.16,3.16,0,0.0,0.0,0,3.16,1
20180413,1523548800000,3.16,3.16,3.16,3.16,0,0.0,0.0,0,3.16,1
20180416,1523808000000,3.16,3.16,3.16,3.16,0,0.0,0.0,0,3.16,1
20180417,1523894400000,3.16,3.16,3.16,3.16,0,0.0,0.0,0,3.16,1
20180418,1523980800000,3.16,3.16,3.16,3.16,0,0.0,0.0,0,3.16,1
20180419,1524067200000,3.16,3.16,3.16,3.16,0,0.0,0.0,0,3.16,1
20180420,1524153600000,3.16,3.16,3.16,3.16,0,0.0,0.0,0,3.16,1
20180423,1524412800000,3.16,3.16,3.16,3.16,0,0.0,0.0,0,3.16,1
20180424,1524499200000,3.16,3.16,3.16,3.16,0,0.0,0.0,0,3.16,1
20180425,1524585600000,3.16,3.16,3.16,3.16,0,0.0,0.0,0,3.16,1
20180426,1524672000000,3.16,3.16,3.16,3.16,0,0.0,0.0,0,3.16,1
20180427,1524758400000,3.16,3.16,3.16,3.16,0,0.0,0.0,0,3.16,1
20180502,1525190400000,3.16,3.16,3.16,3.16,0,0.0,0.0,0,3.16,1
20180503,1525276800000,3.16,3.16,3.16,3.16,0,0.0,0.0,0,3.16,1
20180504,1525363200000,3.16,3.16,3.16,3.16,0,0.0,0.0,0,3.16,1
20180507,1525622400000,3.16,3.16,3.16,3.16,0,0.0,0.0,0,3.16,1
20180508,1525708800000,3.16,3.16,3.16,3.16,0,0.0,0.0,0,3.16,1
20180509,1525795200000,3.16,3.16,3.16,3.16,0,0.0,0.0,0,3.16,1
20180510,1525881600000,3.16,3.16,3.16,3.16,0,0.0,0.0,0,3.16,1
20180511,1525968000000,3.16,3.16,3.16,3.16,0,0.0,0.0,0,3.16,1
20180514,1526227200000,3.16,3.16,3.16,3.16,0,0.0,0.0,0,3.16,1
20180515,1526313600000,3.16,3.16,3.16,3.16,0,0.0,0.0,0,3.16,1
20180516,1526400000000,3.16,3.16,3.16,3.16,0,0.0,0.0,0,3.16,1
20180517,1526486400000,3.16,3.16,3.16,3.16,0,0.0,0.0,0,3.16,1
20180518,1526572800000,3.16,3.16,3.16,3.16,0,0.0,0.0,0,3.16,1
20180521,1526832000000,3.16,3.16,3.16,3.16,0,0.0,0.0,0,3.16,1
20180522,1526918400000,3.16,3.16,3.16,3.16,0,0.0,0.0,0,3.16,1
20180523,1527004800000,3.16,3.16,3.16,3.16,0,0.0,0.0,0,3.16,1
20180524,1527091200000,3.16,3.16,3.16,3.16,0,0.0,0.0,0,3.16,1
20180525,1527177600000,3.16,3.16,3.16,3.16,0,0.0,0.0,0,3.16,1
20180528,1527436800000,3.16,3.16,3.16,3.16,0,0.0,0.0,0,3.16,1
20180529,1527523200000,3.16,3.16,3.16,3.16,0,0.0,0.0,0,3.16,1
20180530,1527609600000,3.16,3.16,3.16,3.16,0,0.0,0.0,0,3.16,1
20180531,1527696000000,3.16,3.16,3.16,3.16,0,0.0,0.0,0,3.16,1
20180601,1527782400000,3.16,3.16,3.16,3.16,0,0.0,0.0,0,3.16,1
20180604,1528041600000,3.16,3.16,3.16,3.16,0,0.0,0.0,0,3.16,1
20180605,1528128000000,2.84,3.0,2.84,2.8899999999999997,433774,125288192.99999999,0.0,0,3.1599999999999997,0
20180606,1528214400000,2.84,2.92,2.84,2.8499999999999996,166776,47939134.0,0.0,0,2.8899999999999997,0
20180607,1528300800000,2.84,2.91,2.81,2.82,154954,44195828.0,0.0,0,2.85,0
20180608,1528387200000,2.82,2.83,2.59,2.7199999999999998,311936,82985012.0,0.0,0,2.82,0
20180611,1528646400000,2.72,2.72,2.56,2.56,189173,49468777.0,0.0,0,2.72,0
20180612,1528732800000,2.5500000000000003,2.5900000000000003,2.45,2.48,252645,63043638.00000001,0.0,0,2.56,0
20180613,1528819200000,2.48,2.5300000000000002,2.45,2.45,160775,39977898.0,0.0,0,2.48,0
20180614,1528905600000,2.4299999999999997,2.4699999999999998,2.4,2.42,139468,33818352.0,0.0,0,2.4499999999999997,0
20180615,1528992000000,2.4299999999999997,2.66,2.42,2.56,344212,88393173.0,0.0,0,2.42,0
20180619,1529337600000,2.5100000000000002,2.5300000000000002,2.3000000000000003,2.3400000000000003,262649,63314642.00000001,0.0,0,2.5600000000000005,0
20180620,1529424000000,2.2800000000000002,2.3800000000000003,2.2800000000000002,2.3400000000000003,141175,32967432.0,0.0,0,2.3400000000000003,0
20180621,1529510400000,2.34,2.39,2.23,2.2399999999999998,176467,40842144.00000001,0.0,0,2.34,0
20180622,1529596800000,2.23,2.29,2.21,2.28,201182,45313595.0,0.0,0,2.2399999999999998,0
20180625,1529856000000,2.29,2.33,2.24,2.25,157180,35941658.0,0.0,0,2.2800000000000002,0
20180626,1529942400000,2.15,2.26,2.15,2.21,174602,38673847.0,0.0,0,2.25,0
20180627,1530028800000,2.22,2.25,2.22,2.24,129569,28912986.0,0.0,0,2.2100000000000004,0
20180628,1530115200000,2.2399999999999998,2.28,2.21,2.21,123177,27655293.0,0.0,0,2.2399999999999998,0
20180629,1530201600000,2.2,2.24,2.1,2.24,266372,58089170.00000001,0.0,0,2.21,0
20180702,1530460800000,2.2199999999999998,2.2399999999999998,2.19,2.1999999999999997,125546,27788045.0,0.0,0,2.2399999999999998,0
20180703,1530547200000,2.2,2.24,2.18,2.24,121656,26916297.0,0.0,0,2.2,0
20180704,1530633600000,2.24,2.24,2.18,2.2,103605,22852989.0,0.0,0,2.24,0
20180705,1530720000000,2.2,2.21,2.1,2.1,129340,27808836.000000004,0.0,0,2.2,0
20180706,1530806400000,2.12,2.15,2.02,2.09,161767,33912654.0,0.0,0,2.1,0
20180709,1531065600000,2.0799999999999996,2.13,2.07,2.1199999999999997,116970,24656294.0,0.0,0,2.09,0
20180710,1531152000000,2.13,2.15,2.1,2.14,98817,21022222.000000004,0.0,0,2.12,0
20180711,1531238400000,2.11,2.11,2.04,2.08,123978,25749612.999999996,0.0,0,2.14,0
20180712,1531324800000,2.06,2.14,2.06,2.12,118153,24974798.0,0.0,0,2.08,0
20180713,1531411200000,2.1199999999999997,2.32,2.11,2.1999999999999997,325207,71819742.00000001,0.0,0,2.1199999999999997,0
20180716,1531670400000,2.17,2.19,2.15,2.17,156092,33765879.00000001,0.0,0,2.1999999999999997,0
20180717,1531756800000,2.1599999999999997,2.1999999999999997,2.13,2.1799999999999997,117697,25438750.000000004,0.0,0,2.17,0
20180718,1531843200000,2.18,2.21,2.16,2.17,90652,19810777.0,0.0,0,2.18,0
20180719,1531929600000,2.1599999999999997,2.1799999999999997,2.11,2.1199999999999997,100560,21563633.000000004,0.0,0,2.17,0
20180720,1532016000000,2.13,2.17,2.09,2.1599999999999997,93512,19957682.0,0.0,0,2.1199999999999997,0
20180723,1532275200000,2.15,2.2,2.14,2.2,122818,26717427.000000004,0.0,0,2.16,0
20180724,1532361600000,2.2,2.29,2.18,2.29,209647,47159585.00000001,0.0,0,2.2,0
20180725,1532448000000,2.27,2.3400000000000003,2.24,2.31,204498,46927770.0,0.0,0,2.29,0
20180726,1532534400000,2.42,2.54,2.42,2.54,177399,44714583.0,0.0,0,2.31,0
20180727,1532620800000,2.79,2.79,2.54,2.55,1067509,289914350.0,0.0,0,2.54,0
20180730,1532880000000,2.4200000000000004,2.4400000000000004,2.3000000000000003,2.3200000000000003,685300,161412104.0,0.0,0,2.5500000000000003,0
20180731,1532966400000,2.34,2.36,2.29,2.32,231354,53922829.0,0.0,0,2.32,0
20180801,1533052800000,2.3200000000000003,2.35,2.2800000000000002,2.2800000000000002,194995,45242531.0,0.0,0,2.3200000000000003,0
20180802,1533139200000,2.27,2.29,2.16,2.21,195716,43368293.00000001,0.0,0,2.2800000000000002,0
20180803,1533225600000,2.21,2.27,2.2,2.21,180243,40365445.0,0.0,0,2.21,0
20180806,1533484800000,2.2199999999999998,2.2399999999999998,2.19,2.23,138429,30628760.0,0.0,0,2.21,0
20180807,1533571200000,2.22,2.3000000000000003,2.2,2.29,198595,44827259.0,0.0,0,2.23,0
20180808,1533657600000,2.2800000000000002,2.3200000000000003,2.2600000000000002,2.2800000000000002,158008,36168396.99999999,0.0,0,2.29,0
20180809,1533744000000,2.27,2.34,2.25,2.33,195798,45309631.0,0.0,0,2.28,0
20180810,1533830400000,2.34,2.34,2.31,2.33,131057,30465082.0,0.0,0,2.33,0
20180813,1534089600000,2.3000000000000003,2.31,2.2600000000000002,2.3000000000000003,135595,30917853.000000004,0.0,0,2.33,0
20180814,1534176000000,2.29,2.3200000000000003,2.2800000000000002,2.31,96290,22103928.0,0.0,0,2.3000000000000003,0
20180815,1534262400000,2.3000000000000003,2.3400000000000003,2.2800000000000002,2.29,148034,34202673.99999999,0.0,0,2.31,0
20180816,1534348800000,2.3000000000000003,2.3200000000000003,2.24,2.29,101275,23144923.0,0.0,0,2.29,0
20180817,1534435200000,2.29,2.32,2.19,2.19,144619,32410135.0,0.0,0,2.29,0
20180820,1534694400000,2.18,2.22,2.16,2.22,92108,20130141.000000004,0.0,0,2.19,0
20180821,1534780800000,2.22,2.24,2.2,2.23,72283,16071171.0,0.0,0,2.22,0
20180822,1534867200000,2.2199999999999998,2.2199999999999998,2.17,2.1799999999999997,85536,18781464.0,0.0,0,2.23,0
20180823,1534953600000,2.1799999999999997,2.1999999999999997,2.17,2.19,58779,12846436.0,0.0,0,2.1799999999999997,0
20180824,1535040000000,2.19,2.1999999999999997,2.17,2.1799999999999997,56453,12333790.0,0.0,0,2.19,0
20180827,1535299200000,2.19,2.22,2.18,2.21,73814,16251267.999999998,0.0,0,2.18,0
20180828,1535385600000,2.1999999999999997,2.28,2.19,2.26,142813,32045810.000000004,0.0,0,2.21,0
20180829,1535472000000,2.2600000000000002,2.3200000000000003,2.24,2.3000000000000003,168712,38681366.0,0.0,0,2.2600000000000002,0
20180830,1535558400000,2.29,2.29,2.22,2.23,131928,29773108.0,0.0,0,2.3000000000000003,0
20180831,1535644800000,2.24,2.25,2.2,2.23,76938,17135304.0,0.0,0,2.23,0
20180903,1535904000000,2.22,2.24,2.18,2.21,110975,24440005.0,0.0,0,2.23,0
20180904,1535990400000,2.2,2.25,2.18,2.23,156329,34634737.99999999,0.0,0,2.21,0
20180905,1536076800000,2.2199999999999998,2.26,2.21,2.2199999999999998,164177,36641284.0,0.0,0,2.23,0
20180906,1536163200000,2.19,2.21,2.13,2.1599999999999997,182734,39693543.00000001,0.0,0,2.2199999999999998,0
20180907,1536249600000,2.13,2.19,2.13,2.17,125805,27248093.0,0.0,0,2.1599999999999997,0
20180910,1536508800000,2.17,2.18,2.14,2.14,92686,20037301.0,0.0,0,2.17,0
20180911,1536595200000,2.16,2.19,2.14,2.17,94786,20470653.0,0.0,0,2.14,0
20180912,1536681600000,2.15,2.2199999999999998,2.15,2.21,212640,46602183.0,0.0,0,2.17,0
20180913,1536768000000,2.1999999999999997,2.21,2.15,2.1799999999999997,200565,43631309.0,0.0,0,2.21,0
20180914,1536854400000,2.18,2.2,2.16,2.18,96524,21032807.0,0.0,0,2.18,0
20180917,1537113600000,2.17,2.1799999999999997,2.13,2.13,92216,19742688.999999996,0.0,0,2.1799999999999997,0
20180918,1537200000000,2.1399999999999997,2.17,2.13,2.1599999999999997,87467,18796742.0,0.0,0,2.13,0
20180919,1537286400000,2.1599999999999997,2.1999999999999997,2.15,2.1999999999999997,153333,33406165.999999996,0.0,0,2.1599999999999997,0
20180920,1537372800000,2.1999999999999997,2.21,2.17,2.19,104937,22955428.000000004,0.0,0,2.1999999999999997,0
20180921,1537459200000,2.2,2.21,2.18,2.21,155681,34181508.0,0.0,0,2.19,0
20180925,1537804800000,2.1999999999999997,2.1999999999999997,2.17,2.1799999999999997,106565,23274086.000000004,0.0,0,2.21,0
20180926,1537891200000,2.18,2.19,2.12,2.16,255464,55217564.99999999,0.0,0,2.18,0
20180927,1537977600000,2.16,2.16,2.12,2.13,181600,38810173.0,0.0,0,2.16,0
20180928,1538064000000,2.13,2.1999999999999997,2.09,2.1999999999999997,359665,77410785.0,0.0,0,2.13,0
20181008,1538928000000,2.16,2.17,2.12,2.14,187882,40318769.99999999,0.0,0,2.2,0
20181009,1539014400000,2.16,2.16,2.1,2.13,139588,29757847.000000004,0.0,0,2.14,0
20181010,1539100800000,2.1199999999999997,2.13,2.09,2.1199999999999997,121531,25623836.0,0.0,0,2.13,0
20181011,1539187200000,2.06,2.06,1.9100000000000001,1.9100000000000001,405198,79066662.0,0.0,0,2.12,0
20181012,1539273600000,1.82,1.85,1.72,1.78,465596,82046758.0,0.0,0,1.91,0
20181015,1539532800000,1.78,1.8,1.71,1.72,185206,32679562.0,0.0,0,1.78,0
20181016,1539619200000,1.72,1.76,1.7,1.71,149625,25796905.0,0.0,0,1.72,0
20181017,1539705600000,1.73,1.75,1.7,1.73,147335,25409853.0,0.0,0,1.71,0
20181018,1539792000000,1.71,1.72,1.56,1.56,356901,57585082.0,0.0,0,1.73,0
20181019,1539878400000,1.48,1.58,1.45,1.58,347632,52732109.00000001,0.0,0,1.56,0
20181022,1540137600000,1.61,1.7400000000000002,1.6,1.7400000000000002,497645,84204994.0,0.0,0,1.58,0
20181023,1540224000000,1.77,1.78,1.7,1.72,471176,82194674.0,0.0,0,1.74,0
20181024,1540310400000,1.71,1.74,1.68,1.72,237634,40746822.00000001,0.0,0,1.72,0
20181025,1540396800000,1.6600000000000001,1.7200000000000002,1.62,1.7000000000000002,255538,42663574.00000001,0.0,0,1.7200000000000002,0
20181026,1540483200000,1.72,1.85,1.71,1.77,478422,85008329.00000001,0.0,0,1.7,0
20181029,1540742400000,1.75,1.83,1.73,1.75,278307,49389518.00000001,0.0,0,1.77,0
20181030,1540828800000,1.76,1.82,1.71,1.79,274967,48574727.0,0.0,0,1.75,0
20181031,1540915200000,1.79,1.83,1.78,1.8,306516,55425452.0,0.0,0,1.79,0
20181101,1541001600000,1.8,1.84,1.79,1.82,255535,46445387.0,0.0,0,1.8,0
20181102,1541088000000,1.83,1.86,1.82,1.85,225633,41462369.0,0.0,0,1.82,0
20181105,1541347200000,1.85,1.8900000000000001,1.83,1.87,260363,48363071.0,0.0,0,1.85,0
20181106,1541433600000,1.87,1.87,1.82,1.85,170640,31404094.0,0.0,0,1.87,0
20181107,1541520000000,1.86,1.9400000000000002,1.83,1.86,339540,64058429.0,0.0,0,1.85,0
20181108,1541606400000,1.86,1.9700000000000002,1.85,1.9300000000000002,419067,80204551.0,0.0,0,1.86,0
20181109,1541692800000,1.9000000000000001,2.02,1.8800000000000001,1.9800000000000002,479701,94104501.0,0.0,0,1.9300000000000002,0
20181112,1541952000000,1.95,2.18,1.95,2.18,841491,178016566.99999997,0.0,0,1.98,0
20181113,1542038400000,2.2,2.2800000000000002,2.16,2.21,1095594,244270593.0,0.0,0,2.18,0
20181114,1542124800000,2.17,2.2399999999999998,2.13,2.15,587109,127320059.00000001,0.0,0,2.21,0
20181115,1542211200000,2.1599999999999997,2.17,2.09,2.1399999999999997,447234,94961200.0,0.0,0,2.15,0
20181116,1542297600000,2.15,2.17,2.14,2.16,355666,76576285.0,0.0,0,2.14,0
20181119,1542556800000,2.14,2.15,2.06,2.1,398957,83253637.0,0.0,0,2.16,0
20181120,1542643200000,2.08,2.17,2.06,2.09,375589,79410987.0,0.0,0,2.1,0
20181121,1542729600000,2.06,2.1100000000000003,2.0300000000000002,2.1100000000000003,240591,49880003.0,0.0,0,2.0900000000000003,0
20181122,1542816000000,2.12,2.13,2.08,2.09,180505,37938754.0,0.0,0,2.11,0
20181123,1542902400000,2.08,2.09,1.94,1.96,362846,72873607.0,0.0,0,2.09,0
20181126,1543161600000,1.95,1.98,1.92,1.96,145161,28411902.0,0.0,0,1.96,0
20181127,1543248000000,1.98,2.0,1.95,1.98,127561,25219544.000000004,0.0,0,1.96,0
20181128,1543334400000,1.99,2.01,1.92,2.01,189081,37365121.0,0.0,0,1.98,0
20181129,1543420800000,2.01,2.05,1.97,1.97,215332,43557221.0,0.0,0,2.01,0
20181130,1543507200000,1.94,2.01,1.94,2.01,156332,30882132.999999996,0.0,0,1.97,0
20181203,1543766400000,2.0300000000000002,2.1100000000000003,2.0300000000000002,2.08,310132,64145278.0,0.0,0,2.0100000000000002,0
20181204,1543852800000,2.0799999999999996,2.0799999999999996,2.05,2.0799999999999996,143975,29758120.0,0.0,0,2.0799999999999996,0
20181205,1543939200000,2.0300000000000002,2.1500000000000004,2.0100000000000002,2.1,387829,81449681.0,0.0,0,2.08,0
20181206,1544025600000,2.08,2.09,2.0,2.01,285578,58169663.00000001,0.0,0,2.1,0
20181207,1544112000000,2.02,2.03,1.98,2.01,161909,32499012.000000004,0.0,0,2.01,0
20181210,1544371200000,1.98,2.0,1.96,1.98,119474,23590752.0,0.0,0,2.01,0
20181211,1544457600000,1.98,1.99,1.96,1.99,79993,15811621.0,0.0,0,1.98,0
20181212,1544544000000,1.99,2.01,1.98,2.0,88536,17652959.0,0.0,0,1.99,0
20181213,1544630400000,1.99,2.02,1.97,2.0,122152,24414461.0,0.0,0,2.0,0
20181214,1544716800000,1.99,2.0,1.92,1.92,152942,29896919.0,0.0,0,2.0,0
20181217,1544976000000,1.9000000000000001,1.9200000000000002,1.86,1.9000000000000001,134034,25466366.0,0.0,0,1.9200000000000002,0
20181218,1545062400000,1.9000000000000001,1.9100000000000001,1.86,1.8800000000000001,120853,22789844.0,0.0,0,1.9000000000000001,0
20181219,1545148800000,1.8900000000000001,1.9000000000000001,1.87,1.87,65695,12382848.0,0.0,0,1.8800000000000001,0
20181220,1545235200000,1.87,1.8800000000000001,1.85,1.87,80361,14977634.0,0.0,0,1.87,0
20181221,1545321600000,1.86,1.87,1.85,1.86,68885,12790905.0,0.0,0,1.87,0
20181224,1545580800000,1.86,1.8800000000000001,1.84,1.87,78343,14578423.000000002,0.0,0,1.86,0
20181225,1545667200000,1.85,1.86,1.76,1.83,151750,27484980.0,0.0,0,1.87,0
20181226,1545753600000,1.83,1.84,1.8,1.81,76030,13832254.0,0.0,0,1.83,0
20181227,1545840000000,1.83,1.85,1.77,1.77,104736,19105624.0,0.0,0,1.81,0
20181228,1545926400000,1.78,1.82,1.77,1.8,105807,19026855.0,0.0,0,1.77,0
20190102,1546358400000,1.82,1.82,1.79,1.8,88208,15922956.0,0.0,0,1.8,0
20190103,1546444800000,1.81,1.83,1.78,1.8,85807,15516387.0,0.0,0,1.8,0
20190104,1546531200000,1.79,1.9100000000000001,1.77,1.8800000000000001,207240,38442800.0,0.0,0,1.8,0
20190107,1546790400000,1.8900000000000001,2.0300000000000002,1.8800000000000001,1.9700000000000002,363648,71140277.0,0.0,0,1.8800000000000001,0
20190108,1546876800000,1.96,2.01,1.94,1.96,214142,42270669.00000001,0.0,0,1.97,0
20190109,1546963200000,1.98,2.02,1.95,1.97,238798,47478086.0,0.0,0,1.96,0
20190110,1547049600000,1.99,2.02,1.96,1.99,191889,38256342.0,0.0,0,1.97,0
20190111,1547136000000,1.99,2.19,1.98,2.09,521911,108658187.99999999,0.0,0,1.99,0
20190114,1547395200000,2.09,2.18,2.06,2.13,507421,107616913.0,0.0,0,2.09,0
20190115,1547481600000,2.13,2.13,2.04,2.06,362668,74997528.0,0.0,0,2.13,0
20190116,1547568000000,2.06,2.1,2.0100000000000002,2.0300000000000002,258902,53140534.0,0.0,0,2.06,0
20190117,1547654400000,2.05,2.12,2.02,2.09,435911,90534458.99999999,0.0,0,2.03,0
20190118,1547740800000,2.07,2.15,2.05,2.09,498034,105231945.0,0.0,0,2.09,0
20190121,1548000000000,2.09,2.2600000000000002,2.06,2.16,730900,156751880.0,0.0,0,2.09,0
20190122,1548086400000,2.13,2.17,2.07,2.07,456157,96378984.0,0.0,0,2.1599999999999997,0
20190123,1548172800000,2.05,2.19,2.04,2.1,496579,105427421.0,0.0,0,2.07,0
20190124,1548259200000,2.12,2.12,2.06,2.07,312451,65120619.0,0.0,0,2.1,0
20190125,1548345600000,2.07,2.08,2.0,2.01,317077,64441171.0,0.0,0,2.07,0
20190128,1548604800000,2.01,2.04,1.96,1.97,208352,41548198.0,0.0,0,2.01,0
20190129,1548691200000,1.9700000000000002,1.9700000000000002,1.83,1.9000000000000001,283908,53802601.0,0.0,0,1.9700000000000002,0
20190130,1548777600000,1.9200000000000002,1.9200000000000002,1.87,1.87,155778,29475755.0,0.0,0,1.9000000000000001,0
20190131,1548864000000,1.68,1.75,1.68,1.68,538160,91020763.00000001,0.0,0,1.8699999999999999,0
20190201,1548950400000,1.6500000000000001,1.7500000000000002,1.6500000000000001,1.7400000000000002,248448,42595578.0,0.0,0,1.6800000000000002,0
20190211,1549814400000,1.78,1.85,1.77,1.85,242496,44107941.0,0.0,0,1.74,0
20190212,1549900800000,1.85,1.9100000000000001,1.83,1.86,271511,50947718.00000001,0.0,0,1.85,0
20190213,1549987200000,1.87,1.9300000000000002,1.87,1.9000000000000001,260365,49495493.0,0.0,0,1.86,0
20190214,1550073600000,1.9100000000000001,1.9200000000000002,1.87,1.8900000000000001,214306,40482478.0,0.0,0,1.9000000000000001,0
20190215,1550160000000,1.9000000000000001,1.9400000000000002,1.8900000000000001,1.9200000000000002,229169,44079795.0,0.0,0,1.8900000000000001,0
20190218,1550419200000,1.9200000000000002,1.9900000000000002,1.9100000000000001,1.9900000000000002,244896,47943471.0,0.0,0,1.9200000000000002,0
20190219,1550505600000,2.0,2.03,1.97,2.01,359272,71803848.0,0.0,0,1.99,0
20190220,1550592000000,2.02,2.09,1.99,2.05,401599,82044011.00000001,0.0,0,2.01,0
20190221,1550678400000,2.04,2.06,1.99,2.01,394851,79970844.0,0.0,0,2.05,0
20190222,1550764800000,1.99,2.07,1.98,2.06,378701,77027323.0,0.0,0,2.01,0
20190225,1551024000000,2.0799999999999996,2.1999999999999997,2.07,2.19,761824,163835556.0,0.0,0,2.06,0
20190226,1551110400000,2.18,2.41,2.16,2.3000000000000003,1506824,345947486.99999994,0.0,0,2.19,0
20190227,1551196800000,2.23,2.38,2.21,2.32,1239772,282917018.00000006,0.0,0,2.3,0
20190228,1551283200000,2.4,2.5500000000000003,2.33,2.39,1595748,389944188.0,0.0,0,2.3200000000000003,0
20190301,1551369600000,2.39,2.4,2.23,2.35,1118617,257623087.0,0.0,0,2.39,0
20190304,1551628800000,2.3499999999999996,2.4,2.32,2.3699999999999997,1165260,274572597.0,0.0,0,2.3499999999999996,0
20190305,1551715200000,2.3699999999999997,2.61,2.32,2.61,1929517,482297161.00000006,0.0,0,2.3699999999999997,0
20190306,1551801600000,2.8200000000000003,2.87,2.7,2.87,1794304,510395107.0,0.0,0,2.6100000000000003,0
20190307,1551888000000,3.0900000000000003,3.16,2.89,2.99,3156407,954684653.0,0.0,0,2.87,0
20190308,1551974400000,2.78,2.94,2.69,2.69,1637053,457634380.00000006,0.0,0,2.9899999999999998,0
20190311,1552233600000,2.65,2.79,2.58,2.79,1095284,294408295.0,0.0,0,2.69,0
20190312,1552320000000,2.79,2.86,2.73,2.79,1012639,282524715.0,0.0,0,2.79,0
20190313,1552406400000,2.78,2.78,2.61,2.67,746175,201165902.0,0.0,0,2.79,0
20190314,1552492800000,2.6300000000000003,2.66,2.45,2.5,707178,178957750.0,0.0,0,2.6700000000000004,0
20190315,1552579200000,2.4899999999999998,2.57,2.48,2.5,506189,128089655.0,0.0,0,2.5,0
20190318,1552838400000,2.54,2.6300000000000003,2.5300000000000002,2.6300000000000003,545746,140236243.0,0.0,0,2.5000000000000004,0
20190319,1552924800000,2.64,2.67,2.58,2.61,437038,114472656.0,0.0,0,2.63,0
20190320,1553011200000,2.5900000000000003,2.6300000000000003,2.5300000000000002,2.6100000000000003,404299,104412784.00000001,0.0,0,2.6100000000000003,0
20190321,1553097600000,2.61,2.6799999999999997,2.59,2.6599999999999997,662614,175476061.00000003,0.0,0,2.61,0
20190322,1553184000000,2.65,2.65,2.56,2.62,456613,118922875.00000001,0.0,0,2.66,0
20190325,1553443200000,2.58,2.61,2.52,2.56,348155,89730309.0,0.0,0,2.62,0
20190326,1553529600000,2.5700000000000003,2.6,2.41,2.44,502929,125243768.0,0.0,0,2.56,0
20190327,1553616000000,2.44,2.47,2.37,2.47,413408,100355286.0,0.0,0,2.44,0
20190328,1553702400000,2.4699999999999998,2.48,2.38,2.3899999999999997,335718,81547596.00000001,0.0,0,2.4699999999999998,0
20190329,1553788800000,2.3299999999999996,2.4699999999999998,2.32,2.46,469234,112714624.0,0.0,0,2.3899999999999997,0
20190401,1554048000000,2.5,2.62,2.49,2.5900000000000003,626631,161124161.0,0.0,0,2.4600000000000004,0
20190402,1554134400000,2.61,2.68,2.56,2.62,620715,161645429.0,0.0,0,2.59,0
20190403,1554220800000,2.59,2.64,2.56,2.62,455908,118629030.0,0.0,0,2.62,0
20190404,1554307200000,2.6199999999999997,2.6599999999999997,2.59,2.6199999999999997,474751,124701826.0,0.0,0,2.6199999999999997,0
20190408,1554652800000,2.65,2.73,2.6,2.67,778633,207619849.0,0.0,0,2.62,0
20190409,1554739200000,2.67,2.67,2.61,2.65,355729,93545731.0,0.0,0,2.67,0
20190410,1554825600000,2.61,2.69,2.57,2.67,522650,137918647.0,0.0,0,2.65,0
20190411,1554912000000,2.66,2.68,2.58,2.6,391265,102813959.0,0.0,0,2.67,0
20190412,1554998400000,2.6,2.6,2.5300000000000002,2.56,319045,81766179.00000001,0.0,0,2.6,0
20190415,1555257600000,2.59,2.71,2.59,2.61,678378,179868294.0,0.0,0,2.56,0
20190416,1555344000000,2.59,2.7,2.58,2.7,680767,181263111.00000003,0.0,0,2.61,0
20190417,1555430400000,2.71,2.74,2.66,2.7,595540,160895745.0,0.0,0,2.7,0
20190418,1555516800000,2.69,2.7600000000000002,2.68,2.69,473692,128695030.0,0.0,0,2.7,0
20190419,1555603200000,2.67,2.7399999999999998,2.65,2.7399999999999998,454742,123004568.0,0.0,0,2.69,0
20190422,1555862400000,2.7600000000000002,2.7800000000000002,2.66,2.67,449959,122150122.0,0.0,0,2.74,0
20190423,1555948800000,2.68,2.69,2.58,2.59,404873,105787261.0,0.0,0,2.67,0
20190424,1556035200000,2.6,2.61,2.52,2.61,355960,91327865.0,0.0,0,2.59,0
20190425,1556121600000,2.6100000000000003,2.6300000000000003,2.45,2.46,414813,105087828.0,0.0,0,2.6100000000000003,0
20190426,1556208000000,2.29,2.36,2.21,2.2199999999999998,921187,207641404.00000003,0.0,0,2.46,0
20190429,1556467200000,2.2,2.22,2.02,2.03,613311,127919510.00000001,0.0,0,2.22,0
20190430,1556553600000,2.0100000000000002,2.1700000000000004,2.0100000000000002,2.1100000000000003,401925,84422619.0,0.0,0,2.0300000000000002,0
20190506,1557072000000,2.07,2.08,1.94,1.98,457402,91800767.0,0.0,0,2.11,0
20190507,1557158400000,2.02,2.05,1.96,2.01,273677,54990517.0,0.0,0,1.98,0
20190508,1557244800000,1.97,2.08,1.93,2.04,323916,65710341.0,0.0,0,2.01,0
20190509,1557331200000,2.01,2.05,1.98,2.0,209127,42118386.0,0.0,0,2.04,0
20190510,1557417600000,2.0,2.07,1.99,2.05,281739,57283244.0,0.0,0,2.0,0
20190513,1557676800000,2.02,2.03,1.96,1.99,239470,47813014.0,0.0,0,2.05,0
20190514,1557763200000,1.97,2.02,1.96,1.98,184641,36802276.00000001,0.0,0,1.99,0
20190515,1557849600000,1.99,2.03,1.99,2.01,198309,39830463.00000001,0.0,0,1.98,0
20190516,1557936000000,2.01,2.18,2.0,2.08,450210,93979513.00000001,0.0,0,2.01,0
20190517,1558022400000,2.09,2.09,1.97,1.99,325749,65728756.00000001,0.0,0,2.08,0
20190520,1558281600000,2.0,2.0100000000000002,1.8800000000000001,1.9300000000000002,276605,53132517.0,0.0,0,1.9900000000000002,0
20190521,1558368000000,1.94,2.0,1.92,1.97,192562,37775235.0,0.0,0,1.93,0
20190522,1558454400000,1.97,1.98,1.94,1.95,156346,30663665.0,0.0,0,1.97,0
20190523,1558540800000,1.9500000000000002,1.9600000000000002,1.9000000000000001,1.9100000000000001,141172,27189854.0,0.0,0,1.9500000000000002,0
20190524,1558627200000,1.9100000000000001,1.9400000000000002,1.8900000000000001,1.9100000000000001,137403,26282755.0,0.0,0,1.9100000000000001,0
20190527,1558886400000,1.9100000000000001,1.9500000000000002,1.8800000000000001,1.9400000000000002,165914,31804583.0,0.0,0,1.9100000000000001,0
20190528,1558972800000,1.93,1.97,1.92,1.93,161111,31404255.0,0.0,0,1.94,0
20190529,1559059200000,1.92,1.95,1.92,1.92,126021,24383435.0,0.0,0,1.93,0
20190530,1559145600000,1.9100000000000001,1.9500000000000002,1.87,1.9400000000000002,201016,38505549.00000001,0.0,0,1.9200000000000002,0
20190531,1559232000000,1.95,1.96,1.92,1.94,177992,34541900.0,0.0,0,1.94,0
20190603,1559491200000,1.9400000000000002,1.9400000000000002,1.9000000000000001,1.9100000000000001,166536,31925287.000000004,0.0,0,1.9400000000000002,0
20190604,1559577600000,1.9100000000000001,1.9100000000000001,1.8800000000000001,1.8900000000000001,133183,25192479.999999996,0.0,0,1.9100000000000001,0
20190605,1559664000000,1.9100000000000001,1.9100000000000001,1.87,1.8800000000000001,99554,18869154.0,0.0,0,1.8900000000000001,0
20190606,1559750400000,1.8800000000000001,1.8900000000000001,1.78,1.8,188598,34342753.0,0.0,0,1.8800000000000001,0
20190610,1560096000000,1.81,1.85,1.8,1.84,114963,20969536.000000004,0.0,0,1.8,0
20190611,1560182400000,1.84,1.9400000000000002,1.83,1.9300000000000002,205117,39139521.00000001,0.0,0,1.84,0
20190612,1560268800000,1.94,1.99,1.92,1.94,228657,44730362.0,0.0,0,1.93,0
20190613,1560355200000,1.95,2.05,1.93,2.03,364301,72980452.0,0.0,0,1.94,0
20190614,1560441600000,2.03,2.04,1.98,1.99,213901,43011156.00000001,0.0,0,2.03,0
20190617,1560700800000,2.01,2.02,1.96,1.97,135268,26770861.000000004,0.0,0,1.99,0
20190618,1560787200000,1.99,2.0,1.92,1.93,118996,23144155.0,0.0,0,1.97,0
20190619,1560873600000,1.97,1.99,1.94,1.94,128478,25228346.0,0.0,0,1.93,0
20190620,1560960000000,1.9300000000000002,1.9800000000000002,1.9100000000000001,1.9800000000000002,162646,31737869.0,0.0,0,1.9400000000000002,0
20190621,1561046400000,1.99,2.05,1.99,2.02,268444,54323967.0,0.0,0,1.98,0
20190624,1561305600000,2.03,2.04,2.0,2.03,157564,31904554.000000004,0.0,0,2.02,0
20190625,1561392000000,2.03,2.04,1.96,1.98,187914,37240481.0,0.0,0,2.03,0
20190626,1561478400000,1.97,1.99,1.95,1.95,113852,22443229.999999996,0.0,0,1.98,0
20190627,1561564800000,1.96,1.99,1.95,1.95,126527,24896564.0,0.0,0,1.95,0
20190628,1561651200000,1.97,1.97,1.92,1.93,125329,24255725.0,0.0,0,1.95,0
20190701,1561910400000,1.96,1.98,1.95,1.98,152752,30019619.0,0.0,0,1.93,0
20190702,1561996800000,1.98,1.98,1.94,1.95,139903,27409756.999999996,0.0,0,1.98,0
20190703,1562083200000,1.9500000000000002,1.9500000000000002,1.9100000000000001,1.9200000000000002,129957,25030449.0,0.0,0,1.9500000000000002,0
20190704,1562169600000,1.9300000000000002,1.9300000000000002,1.8800000000000001,1.9000000000000001,129010,24625994.0,0.0,0,1.9200000000000002,0
20190705,1562256000000,1.9000000000000001,1.9100000000000001,1.8800000000000001,1.9000000000000001,82156,15559287.000000002,0.0,0,1.9000000000000001,0
20190708,1562515200000,1.8900000000000001,1.8900000000000001,1.82,1.83,163694,30050710.0,0.0,0,1.9000000000000001,0
20190709,1562601600000,1.84,1.84,1.81,1.83,91079,16622073.0,0.0,0,1.83,0
20190710,1562688000000,1.83,1.83,1.8,1.8,88586,16054281.0,0.0,0,1.83,0
20190711,1562774400000,1.8,1.84,1.8,1.83,96071,17482513.0,0.0,0,1.8,0
20190712,1562860800000,1.83,1.83,1.78,1.8,116233,20891709.999999996,0.0,0,1.83,0
20190715,1563120000000,1.8,1.81,1.76,1.8,112627,20160611.0,0.0,0,1.8,0
20190716,1563206400000,1.8,1.82,1.79,1.81,85996,15552422.000000002,0.0,0,1.8,0
20190717,1563292800000,1.81,1.82,1.78,1.79,105231,18909865.0,0.0,0,1.81,0
20190718,1563379200000,1.78,1.78,1.76,1.76,100630,17808826.0,0.0,0,1.79,0
20190719,1563465600000,1.76,1.8,1.76,1.79,98567,17605683.000000004,0.0,0,1.76,0
20190722,1563724800000,1.79,1.79,1.71,1.73,137384,23954582.0,0.0,0,1.79,0
20190723,1563811200000,1.74,1.74,1.72,1.73,78343,13557893.000000002,0.0,0,1.73,0
20190724,1563897600000,1.73,1.78,1.73,1.76,113304,19877101.0,0.0,0,1.73,0
20190725,1563984000000,1.75,1.76,1.74,1.75,62116,10849423.999999998,0.0,0,1.76,0
20190726,1564070400000,1.75,1.75,1.73,1.74,59059,10276713.0,0.0,0,1.75,0
20190729,1564329600000,1.75,1.75,1.71,1.72,79848,13772996.0,0.0,0,1.74,0
20190730,1564416000000,1.71,1.74,1.71,1.73,87800,15161799.0,0.0,0,1.72,0
20190731,1564502400000,1.72,1.72,1.7,1.71,77221,13185024.000000002,0.0,0,1.73,0
20190801,1564588800000,1.7,1.7,1.68,1.69,91724,15499844.0,0.0,0,1.71,0
20190802,1564675200000,1.6800000000000002,1.6800000000000002,1.6400000000000001,1.6600000000000001,119679,19812953.0,0.0,0,1.6900000000000002,0
20190805,1564934400000,1.6500000000000001,1.6700000000000002,1.6300000000000001,1.6500000000000001,76020,12542582.0,0.0,0,1.6600000000000001,0
20190806,1565020800000,1.62,1.62,1.54,1.58,158804,24998166.0,0.0,0,1.6500000000000001,0
20190807,1565107200000,1.6,1.6400000000000001,1.59,1.61,134572,21652165.0,0.0,0,1.58,0
20190808,1565193600000,1.6300000000000001,1.6600000000000001,1.62,1.6500000000000001,142024,23316644.000000004,0.0,15,1.61,0
20190809,1565280000000,1.6600000000000001,1.6700000000000002,1.62,1.62,87792,14442975.000000002,0.0,15,1.6500000000000001,0
20190812,1565539200000,1.62,1.6500000000000001,1.62,1.6400000000000001,75984,12389587.000000002,0.0,15,1.62,0
20190813,1565625600000,1.6400000000000001,1.6500000000000001,1.62,1.6500000000000001,89475,14631275.0,0.0,15,1.6400000000000001,0
20190814,1565712000000,1.6600000000000001,1.6800000000000002,1.6300000000000001,1.6400000000000001,96278,15916265.999999998,0.0,15,1.6500000000000001,0
20190815,1565798400000,1.6,1.6500000000000001,1.56,1.6400000000000001,112900,18110054.0,0.0,15,1.6400000000000001,0
20190816,1565884800000,1.6500000000000001,1.6500000000000001,1.59,1.61,113709,18500757.999999996,0.0,15,1.6400000000000001,0
20190819,1566144000000,1.61,1.6800000000000002,1.61,1.6700000000000002,163913,27121792.0,0.0,15,1.61,0
20190820,1566230400000,1.68,1.74,1.67,1.7,187637,32015925.000000004,0.0,15,1.67,0
20190821,1566316800000,1.7,1.72,1.67,1.68,85180,14384547.000000002,0.0,15,1.7,0
20190822,1566403200000,1.6900000000000002,1.6900000000000002,1.6600000000000001,1.6800000000000002,98205,16433302.000000002,0.0,15,1.6800000000000002,0
20190823,1566489600000,1.68,1.73,1.67,1.7,152955,25995509.0,0.0,15,1.68,0
20190826,1566748800000,1.6700000000000002,1.6900000000000002,1.6400000000000001,1.6700000000000002,127819,21285226.0,0.0,15,1.7000000000000002,0
20190827,1566835200000,1.68,1.74,1.67,1.74,192381,33058221.0,0.0,15,1.67,0
20190828,1566921600000,1.74,1.79,1.72,1.77,262934,46229917.0,0.0,15,1.74,0
20190829,1567008000000,1.77,1.78,1.74,1.75,152720,26877504.0,0.0,15,1.77,0
20190830,1567094400000,1.76,1.77,1.69,1.7,150050,26079570.0,0.0,15,1.75,0
20190902,1567353600000,1.7,1.75,1.7,1.75,114093,19753608.0,0.0,15,1.7,0
20190903,1567440000000,1.75,1.76,1.73,1.74,128880,22461004.0,0.0,15,1.75,0
20190904,1567526400000,1.74,1.76,1.73,1.75,129294,22531014.0,0.0,15,1.74,0
20190905,1567612800000,1.75,1.79,1.74,1.77,200916,35559151.0,0.0,15,1.75,0
20190906,1567699200000,1.77,1.78,1.73,1.75,139724,24432514.0,0.0,15,1.77,0
20190909,1567958400000,1.76,1.78,1.74,1.77,185532,32584755.0,0.0,15,1.75,0
20190910,1568044800000,1.77,1.81,1.76,1.79,261799,46669135.0,0.0,15,1.77,0
20190911,1568131200000,1.79,1.8,1.77,1.78,165945,29601182.0,0.0,15,1.79,0
20190912,1568217600000,1.78,1.78,1.75,1.77,113874,20098366.0,0.0,15,1.78,0
20190916,1568563200000,1.77,1.81,1.77,1.8,205614,36869747.0,0.0,15,1.77,0
20190917,1568649600000,1.8,1.8,1.71,1.72,192917,33716632.0,0.0,15,1.8,0
20190918,1568736000000,1.73,1.74,1.7,1.7,153702,26380148.999999996,0.0,15,1.72,0
20190919,1568822400000,1.71,1.71,1.67,1.7,131348,22163944.0,0.0,15,1.7,0
20190920,1568908800000,1.7,1.71,1.68,1.69,115951,19683932.0,0.0,15,1.7,0
20190923,1569168000000,1.7000000000000002,1.7000000000000002,1.6500000000000001,1.6600000000000001,111704,18604446.0,0.0,15,1.6900000000000002,0
20190924,1569254400000,1.6600000000000001,1.6900000000000002,1.6500000000000001,1.6800000000000002,99797,16689144.0,0.0,15,1.6600000000000001,0
20190925,1569340800000,1.6700000000000002,1.6700000000000002,1.6300000000000001,1.6300000000000001,112390,18490130.0,0.0,15,1.6800000000000002,0
20190926,1569427200000,1.6300000000000001,1.6400000000000001,1.58,1.59,130351,20952456.0,0.0,15,1.6300000000000001,0
20190927,1569513600000,1.6,1.6300000000000001,1.6,1.62,93248,15083986.0,0.0,15,1.59,0
20190930,1569772800000,1.62,1.62,1.6,1.6,72718,11695343.000000002,0.0,15,1.62,0
20191008,1570464000000,1.59,1.62,1.59,1.6,75820,12153029.0,0.0,15,1.6,0
20191009,1570550400000,1.6,1.61,1.57,1.61,67020,10675173.000000002,0.0,15,1.6,0
20191010,1570636800000,1.61,1.6300000000000001,1.6,1.61,85995,13907636.000000002,0.0,15,1.61,0
20191011,1570723200000,1.62,1.6700000000000002,1.61,1.6500000000000001,145937,23918522.0,0.0,15,1.61,0
20191014,1570982400000,1.6400000000000001,1.6700000000000002,1.6400000000000001,1.6600000000000001,133793,22126016.0,0.0,15,1.6500000000000001,0
20191015,1571068800000,1.6600000000000001,1.6600000000000001,1.6300000000000001,1.6400000000000001,100527,16475201.0,0.0,15,1.6600000000000001,0
20191016,1571155200000,1.6400000000000001,1.6500000000000001,1.61,1.62,89731,14656870.000000002,0.0,15,1.6400000000000001,0
20191017,1571241600000,1.61,1.6400000000000001,1.61,1.62,70658,11464545.0,0.0,15,1.62,0
20191018,1571328000000,1.62,1.6600000000000001,1.6,1.61,126511,20606422.000000004,0.0,15,1.62,0
20191021,1571587200000,1.61,1.62,1.58,1.61,100167,16051869.000000002,0.0,15,1.61,0
20191022,1571673600000,1.61,1.62,1.59,1.62,109166,17551986.0,0.0,15,1.61,0
20191023,1571760000000,1.62,1.62,1.59,1.6,87214,13999055.0,0.0,15,1.62,0
20191024,1571846400000,1.6,1.61,1.59,1.6,63743,10186296.0,0.0,15,1.6,0
20191025,1571932800000,1.59,1.62,1.58,1.62,90772,14559654.0,0.0,15,1.6,0
20191028,1572192000000,1.61,1.6400000000000001,1.61,1.6400000000000001,122259,19892209.999999996,0.0,15,1.62,0
20191029,1572278400000,1.6300000000000001,1.6500000000000001,1.62,1.62,152894,24965585.0,0.0,15,1.6400000000000001,0
20191030,1572364800000,1.62,1.62,1.57,1.58,157666,25065384.0,0.0,15,1.62,0
20191031,1572451200000,1.59,1.59,1.52,1.53,144511,22395312.0,0.0,15,1.58,0
20191101,1572537600000,1.53,1.6,1.51,1.6,308240,48592954.0,0.0,15,1.53,0
20191104,1572796800000,1.59,1.6300000000000001,1.59,1.6300000000000001,229190,37081840.0,0.0,15,1.6,0
20191105,1572883200000,1.6300000000000001,1.6300000000000001,1.58,1.59,130244,20850866.0,0.0,15,1.6300000000000001,0
20191106,1572969600000,1.6,1.6,1.55,1.56,129824,20339846.000000004,0.0,15,1.59,0
20191107,1573056000000,1.56,1.6300000000000001,1.54,1.6300000000000001,266372,42762563.0,0.0,15,1.56,0
20191108,1573142400000,1.62,1.6500000000000001,1.61,1.6500000000000001,218331,35682640.0,0.0,15,1.6300000000000001,0
20191111,1573401600000,1.6400000000000001,1.6500000000000001,1.61,1.6400000000000001,148034,24176447.0,0.0,15,1.6500000000000001,0
20191112,1573488000000,1.6300000000000001,1.8,1.6300000000000001,1.7000000000000002,1138356,199071960.0,0.0,15,1.6400000000000001,0
20191113,1573574400000,1.65,1.65,1.53,1.57,979234,152425114.0,0.0,15,1.7,0
20191114,1573660800000,1.51,1.55,1.51,1.53,296138,45356368.0,0.0,15,1.57,0
20191115,1573747200000,1.51,1.53,1.49,1.5,218818,32977128.999999996,0.0,15,1.53,0
20191118,1574006400000,1.49,1.5,1.46,1.48,161429,23903626.0,0.0,15,1.5,0
20191119,1574092800000,1.48,1.53,1.47,1.51,181549,27379287.0,0.0,15,1.48,0
20191120,1574179200000,1.51,1.56,1.5,1.53,218817,33369533.0,0.0,15,1.51,0
20191121,1574265600000,1.52,1.59,1.5,1.54,316025,48811123.0,0.0,15,1.53,0
20191122,1574352000000,1.53,1.58,1.52,1.54,206742,31981691.0,0.0,15,1.54,0
20191125,1574611200000,1.53,1.57,1.53,1.56,250488,38915894.0,0.0,15,1.54,0
20191126,1574697600000,1.56,1.56,1.52,1.54,167582,25699535.0,0.0,15,1.56,0
20191127,1574784000000,1.54,1.54,1.5,1.51,126058,19110328.0,0.0,15,1.54,0
20191128,1574870400000,1.5,1.52,1.5,1.51,76373,11532757.0,0.0,15,1.51,0
20191129,1574956800000,1.51,1.52,1.5,1.52,57821,8737235.0,0.0,15,1.51,0
20191202,1575216000000,1.51,1.52,1.5,1.51,86072,12968526.0,0.0,15,1.52,0
20191203,1575302400000,1.5,1.52,1.48,1.51,75905,11360491.000000002,0.0,15,1.51,0
20191204,1575388800000,1.51,1.52,1.5,1.51,59867,9037832.0,0.0,15,1.51,0
20191205,1575475200000,1.52,1.53,1.5,1.53,108113,16430996.000000002,0.0,15,1.51,0
20191206,1575561600000,1.52,1.53,1.5,1.52,109756,16605159.999999998,0.0,15,1.53,0
20191209,1575820800000,1.52,1.52,1.5,1.5,110299,16618072.0,0.0,15,1.52,0
20191210,1575907200000,1.5,1.52,1.49,1.52,119606,18070404.0,0.0,15,1.5,0
20191211,1575993600000,1.52,1.52,1.5,1.51,86458,13062427.0,0.0,15,1.52,0
20191212,1576080000000,1.51,1.52,1.5,1.5,77120,11600281.0,0.0,15,1.51,0
20191213,1576166400000,1.5,1.52,1.5,1.52,99540,15050686.0,0.0,15,1.5,0
20191216,1576425600000,1.53,1.56,1.52,1.55,211418,32469378.999999996,0.0,15,1.52,0
20191217,1576512000000,1.54,1.57,1.53,1.57,255490,39782994.0,0.0,15,1.55,0
20191218,1576598400000,1.56,1.57,1.55,1.55,189137,29444755.0,0.0,15,1.57,0
20191219,1576684800000,1.56,1.59,1.55,1.58,274738,43159574.0,0.0,15,1.55,0
20191220,1576771200000,1.58,1.59,1.56,1.56,178421,28136155.0,0.0,15,1.58,0
20191223,1577030400000,1.55,1.56,1.52,1.52,162631,24989598.0,0.0,15,1.56,0
20191224,1577116800000,1.52,1.59,1.51,1.57,239260,37227620.0,0.0,15,1.52,0
20191225,1577203200000,1.57,1.59,1.54,1.56,171889,26848058.0,0.0,15,1.57,0
20191226,1577289600000,1.56,1.58,1.54,1.57,191667,29929422.0,0.0,15,1.56,0
20191227,1577376000000,1.57,1.62,1.56,1.58,351031,55796557.99999999,0.0,15,1.57,0
20191230,1577635200000,1.56,1.58,1.53,1.57,225926,35125779.00000001,0.0,15,1.58,0
20191231,1577721600000,1.57,1.57,1.54,1.56,141609,22024875.0,0.0,15,1.57,0
20200102,1577894400000,1.56,1.6,1.56,1.58,208633,32994204.999999996,0.0,15,1.56,0
20200103,1577980800000,1.59,1.6300000000000001,1.58,1.62,291311,46835718.00000001,0.0,15,1.58,0
20200106,1578240000000,1.61,1.6700000000000002,1.6,1.6500000000000001,311296,51071766.0,0.0,15,1.62,0
20200107,1578326400000,1.6500000000000001,1.7200000000000002,1.6400000000000001,1.7200000000000002,353599,59682147.00000001,0.0,15,1.6500000000000001,0
20200108,1578412800000,1.7000000000000002,1.7100000000000002,1.6500000000000001,1.6600000000000001,299446,50236383.0,0.0,15,1.7200000000000002,0
20200109,1578499200000,1.6700000000000002,1.7000000000000002,1.6600000000000001,1.6900000000000002,213503,35909008.0,0.0,15,1.6600000000000001,0
20200110,1578585600000,1.6900000000000002,1.6900000000000002,1.6400000000000001,1.6500000000000001,153644,25460206.000000004,0.0,15,1.6900000000000002,0
20200113,1578844800000,1.6500000000000001,1.6500000000000001,1.62,1.6400000000000001,130564,21279478.000000004,0.0,15,1.6500000000000001,0
20200114,1578931200000,1.6500000000000001,1.6800000000000002,1.6400000000000001,1.6500000000000001,193084,31989423.0,0.0,15,1.6400000000000001,0
20200115,1579017600000,1.6500000000000001,1.6500000000000001,1.59,1.62,217999,35245192.0,0.0,15,1.6500000000000001,0
20200116,1579104000000,1.62,1.62,1.57,1.58,205969,32737724.0,0.0,15,1.62,0
20200117,1579190400000,1.57,1.59,1.55,1.56,179687,28059049.0,0.0,15,1.58,0
20200120,1579449600000,1.55,1.56,1.53,1.54,146315,22548274.000000004,0.0,15,1.56,0
20200121,1579536000000,1.55,1.57,1.53,1.56,148865,23110973.0,0.0,15,1.54,0
20200122,1579622400000,1.54,1.56,1.53,1.55,113485,17512142.0,0.0,15,1.56,0
20200123,1579708800000,1.4000000000000001,1.4000000000000001,1.4000000000000001,1.4000000000000001,199175,27884500.0,0.0,15,1.55,0
20200203,1580659200000,1.26,1.26,1.26,1.26,33982,4281732.0,0.0,15,1.4,0
20200204,1580745600000,1.1300000000000001,1.2100000000000002,1.1300000000000001,1.1600000000000001,967560,110566530.0,0.0,15,1.2600000000000002,0
20200205,1580832000000,1.1400000000000001,1.2200000000000002,1.1300000000000001,1.1900000000000002,536521,63227453.0,0.0,15,1.1600000000000001,0
20200206,1580918400000,1.19,1.21,1.16,1.2,523419,62080921.0,0.0,15,1.19,0
20200207,1581004800000,1.2,1.2,1.16,1.18,406659,48054219.0,0.0,15,1.2,0
20200210,1581264000000,1.18,1.25,1.16,1.24,563816,68018639.0,0.0,15,1.18,0
20200211,1581350400000,1.24,1.25,1.21,1.23,347605,42770034.0,0.0,15,1.24,0
20200212,1581436800000,1.22,1.28,1.21,1.27,415316,52120188.0,0.0,15,1.23,0
20200213,1581523200000,1.26,1.27,1.23,1.25,411590,51462367.99999999,0.0,15,1.27,0
20200214,1581609600000,1.24,1.27,1.23,1.25,271576,34049167.0,0.0,15,1.25,0
20200217,1581868800000,1.26,1.28,1.25,1.28,378747,48088910.0,0.0,15,1.25,0
20200218,1581955200000,1.29,1.32,1.28,1.32,377508,49215344.0,0.0,15,1.28,0
20200219,1582041600000,1.31,1.35,1.3,1.33,405798,54146006.0,0.0,15,1.32,0
20200220,1582128000000,1.33,1.3900000000000001,1.32,1.3900000000000001,441625,59989025.0,0.0,15,1.33,0
20200221,1582214400000,1.3800000000000001,1.4200000000000002,1.37,1.3900000000000001,350191,48716477.0,0.0,15,1.3900000000000001,0
20200224,1582473600000,1.3800000000000001,1.3900000000000001,1.33,1.35,374526,50598486.0,0.0,15,1.3900000000000001,0
20200225,1582560000000,1.33,1.35,1.26,1.35,455230,59628376.0,0.0,15,1.35,0
20200226,1582646400000,1.33,1.49,1.31,1.49,1120012,162083408.00000003,0.0,15,1.35,0
20200227,1582732800000,1.5000000000000002,1.5000000000000002,1.3900000000000001,1.4000000000000001,1103232,158093790.0,0.0,15,1.4900000000000002,0
20200228,1582819200000,1.33,1.37,1.3,1.31,549202,73118175.0,0.0,15,1.4000000000000001,0
20200302,1583078400000,1.31,1.36,1.3,1.34,326956,43684234.0,0.0,15,1.31,0
20200303,1583164800000,1.35,1.3800000000000001,1.33,1.34,318589,43121745.0,0.0,15,1.34,0
20200304,1583251200000,1.32,1.35,1.32,1.35,215507,28684767.000000004,0.0,15,1.34,0
20200305,1583337600000,1.35,1.3900000000000001,1.35,1.3900000000000001,385124,52802356.00000001,0.0,15,1.35,0
20200306,1583424000000,1.36,1.4000000000000001,1.35,1.3900000000000001,328549,45256752.0,0.0,15,1.3900000000000001,0
20200309,1583683200000,1.36,1.3800000000000001,1.32,1.33,297793,40125524.0,0.0,15,1.3900000000000001,0
20200310,1583769600000,1.3,1.35,1.28,1.35,318399,41734677.0,0.0,15,1.33,0
20200311,1583856000000,1.35,1.35,1.32,1.33,251011,33559676.0,0.0,15,1.35,0
20200312,1583942400000,1.31,1.32,1.29,1.3,188014,24501896.0,0.0,15,1.33,0
20200313,1584028800000,1.23,1.29,1.2,1.28,293274,36564679.0,0.0,15,1.3,0
20200316,1584288000000,1.3,1.31,1.26,1.26,235637,30336106.0,0.0,15,1.28,0
20200317,1584374400000,1.23,1.27,1.21,1.24,203792,25240076.0,0.0,15,1.26,0
20200318,1584460800000,1.25,1.28,1.23,1.24,165370,20727310.0,0.0,15,1.24,0
20200319,1584547200000,1.24,1.24,1.2,1.23,183570,22345076.0,0.0,15,1.24,0
20200320,1584633600000,1.24,1.24,1.22,1.23,113073,13907674.0,0.0,15,1.23,0
20200323,1584892800000,1.21,1.22,1.19,1.2,151704,18293522.0,0.0,15,1.23,0
20200324,1584979200000,1.2,1.22,1.18,1.21,179369,21579052.0,0.0,15,1.2,0
20200325,1585065600000,1.22,1.24,1.21,1.23,182162,22329463.0,0.0,15,1.21,0
20200326,1585152000000,1.23,1.23,1.21,1.22,135759,16541735.999999998,0.0,15,1.23,0
20200327,1585238400000,1.22,1.23,1.21,1.21,112039,13637491.000000002,0.0,15,1.22,0
20200330,1585497600000,1.2000000000000002,1.2000000000000002,1.1500000000000001,1.1600000000000001,203789,23786684.000000004,0.0,15,1.2100000000000002,0
20200331,1585584000000,1.1700000000000002,1.1800000000000002,1.1400000000000001,1.1500000000000001,188170,21752624.0,0.0,15,1.1600000000000001,0
20200401,1585670400000,1.1400000000000001,1.1500000000000001,1.12,1.1300000000000001,208070,23610849.999999996,0.0,15,1.1500000000000001,0
20200402,1585756800000,1.12,1.1400000000000001,1.04,1.1400000000000001,494820,53879972.0,0.0,15,1.1300000000000001,0
20200403,1585843200000,1.12,1.1300000000000001,1.1,1.1,234047,26000695.000000004,0.0,15,1.1400000000000001,0
20200407,1586188800000,1.11,1.1300000000000001,1.1,1.12,237361,26529534.000000004,0.0,15,1.1,0
20200408,1586275200000,1.12,1.1300000000000001,1.11,1.12,181268,20235882.0,0.0,15,1.12,0
20200409,1586361600000,1.12,1.1800000000000002,1.11,1.1800000000000002,372611,42632815.00000001,0.0,15,1.12,0
20200410,1586448000000,1.1700000000000002,1.1700000000000002,1.1300000000000001,1.1300000000000001,287334,32845286.000000004,0.0,15,1.1800000000000002,0
20200413,1586707200000,1.1300000000000001,1.1300000000000001,1.1,1.11,169369,18827389.0,0.0,15,1.1300000000000001,0
20200414,1586793600000,1.11,1.1400000000000001,1.1,1.1300000000000001,141573,15930714.0,0.0,15,1.11,0
20200415,1586880000000,1.12,1.1300000000000001,1.11,1.11,148696,16612180.000000002,0.0,15,1.1300000000000001,0
20200416,1586966400000,1.11,1.12,1.08,1.12,297908,32740969.0,0.0,15,1.11,0
20200417,1587052800000,1.11,1.1400000000000001,1.1,1.11,233367,26117309.0,0.0,15,1.12,0
20200420,1587312000000,1.08,1.09,1.0,1.03,1017461,104396434.00000001,0.0,15,1.11,0
20200421,1587398400000,1.03,1.04,0.97,1.0,657531,64991805.00000001,0.0,15,1.03,0
20200422,1587484800000,0.98,0.99,0.96,0.98,388395,38037144.0,0.0,15,1.0,0
20200423,1587571200000,0.98,0.99,0.92,0.93,869696,82015758.00000001,0.0,15,0.98,0
20200424,1587657600000,0.9199999999999999,0.9299999999999999,0.84,0.85,1210073,104861008.99999999,0.0,15,0.9299999999999999,0
20200427,1587916800000,0.9400000000000001,0.9400000000000001,0.91,0.9400000000000001,559466,52503715.0,0.0,15,0.8500000000000001,0
20200428,1588003200000,1.03,1.03,1.02,1.03,803321,82688998.0,0.0,15,0.9400000000000001,0
20200429,1588089600000,1.1,1.13,0.99,1.13,2429024,260714165.00000003,0.0,15,1.03,0
20200430,1588176000000,1.13,1.13,1.13,1.13,0,0.0,0.0,0,1.13,1
20200506,1588694400000,1.07,1.07,1.07,1.07,41357,4425199.0,0.0,15,1.1300000000000001,0
20200507,1588780800000,1.02,1.02,1.02,1.02,72424,7387248.0,0.0,15,1.07,0
20200508,1588867200000,0.97,0.97,0.97,0.97,176078,17079566.0,0.0,15,1.02,0
20200511,1589126400000,0.92,1.01,0.92,0.9400000000000001,1111837,105045288.0,0.0,15,0.9700000000000001,0
20200512,1589212800000,0.92,0.98,0.9,0.96,726997,67632870.0,0.0,15,0.9400000000000001,0
20200513,1589299200000,0.96,1.0,0.96,0.99,432694,42547014.0,0.0,15,0.96,0
20200514,1589385600000,0.99,1.0,0.97,0.98,308972,30411356.0,0.0,15,0.99,0
20200515,1589472000000,0.99,1.0,0.98,1.0,283359,28100975.0,0.0,15,0.98,0
20200518,1589731200000,1.01,1.01,0.99,1.01,258623,25797528.0,0.0,15,1.0,0
20200519,1589817600000,1.0,1.02,1.0,1.0,223615,22497723.000000004,0.0,15,1.01,0
20200520,1589904000000,1.0,1.0,0.96,0.97,248272,24466091.0,0.0,15,1.0,0
20200521,1589990400000,0.97,1.0,0.96,0.98,189723,18625149.0,0.0,15,0.97,0
20200522,1590076800000,0.98,0.99,0.96,0.99,179527,17543463.0,0.0,15,0.98,0
20200525,1590336000000,0.99,1.01,0.98,1.01,213358,21364008.0,0.0,15,0.99,0
20200526,1590422400000,1.01,1.01,0.99,1.0,214891,21477801.0,0.0,15,1.01,0
20200527,1590508800000,1.01,1.05,1.0,1.05,271935,27987529.0,0.0,15,1.0,0
20200528,1590595200000,1.08,1.1,1.05,1.08,459309,49336089.00000001,0.0,15,1.05,0
20200529,1590681600000,1.1300000000000001,1.1300000000000001,1.1300000000000001,1.1300000000000001,90763,10256272.0,0.0,15,1.08,0
20200601,1590940800000,1.1500000000000001,1.1500000000000001,1.07,1.08,887889,96955020.0,0.0,15,1.1300000000000001,0
20200602,1591027200000,1.07,1.08,1.04,1.06,270889,28734336.0,0.0,15,1.08,0
20200603,1591113600000,1.08,1.11,1.08,1.11,514649,56702820.0,0.0,15,1.06,0
20200604,1591200000000,1.08,1.11,1.08,1.1,310065,33908745.0,0.0,15,1.11,0
20200605,1591286400000,1.1,1.11,1.07,1.08,283416,30803966.0,0.0,15,1.1,0
20200608,1591545600000,1.08,1.09,1.08,1.09,150772,16354926.0,0.0,15,1.08,0
20200609,1591632000000,1.09,1.1,1.08,1.09,160457,17529296.0,0.0,15,1.09,0
20200610,1591718400000,1.09,1.1,1.08,1.08,142910,15514206.000000002,0.0,15,1.09,0
20200611,1591804800000,1.08,1.08,1.06,1.07,224194,24016996.0,0.0,15,1.08,0
20200612,1591891200000,1.06,1.1,1.05,1.09,229544,24791553.0,0.0,15,1.07,0
20200615,1592150400000,1.08,1.09,1.07,1.08,152596,16483879.0,0.0,15,1.09,0
20200616,1592236800000,1.08,1.09,1.08,1.09,147146,15926811.000000002,0.0,15,1.08,0
20200617,1592323200000,1.08,1.09,1.07,1.08,156260,16871727.000000004,0.0,15,1.09,0
20200618,1592409600000,1.08,1.08,1.07,1.07,108485,11656430.999999998,0.0,15,1.08,0
20200619,1592496000000,1.07,1.08,1.06,1.07,144719,15479325.0,0.0,15,1.07,0
20200622,1592755200000,1.07,1.07,1.05,1.06,150804,16008426.0,0.0,15,1.07,0
20200623,1592841600000,1.06,1.07,1.04,1.04,182002,19051025.0,0.0,15,1.06,0
20200624,1592928000000,1.05,1.08,1.04,1.06,189993,20215103.0,0.0,15,1.04,0
20200629,1593360000000,1.06,1.06,1.04,1.05,162048,17032495.0,0.0,15,1.06,0
20200630,1593446400000,1.05,1.06,1.04,1.05,123626,13013087.0,0.0,15,1.05,0
20200701,1593532800000,1.06,1.07,1.05,1.06,157998,16770406.0,0.0,15,1.05,0
20200702,1593619200000,1.06,1.07,1.06,1.07,118925,12640189.0,0.0,15,1.06,0
20200703,1593705600000,1.07,1.07,1.06,1.07,163284,17376317.0,0.0,15,1.07,0
20200706,1593964800000,1.07,1.08,1.06,1.08,380460,40749784.0,0.0,15,1.07,0
20200707,1594051200000,1.07,1.08,1.06,1.06,322593,34427560.0,0.0,15,1.08,0
20200708,1594137600000,1.06,1.07,1.05,1.06,253345,26900172.0,0.0,15,1.06,0
20200709,1594224000000,1.06,1.07,1.05,1.06,280585,29795249.0,0.0,15,1.06,0
20200710,1594310400000,1.06,1.07,1.06,1.06,217302,23080174.999999996,0.0,15,1.06,0
20200713,1594569600000,1.06,1.07,1.05,1.06,298297,31622444.000000004,0.0,15,1.06,0
20200714,1594656000000,1.08,1.11,1.08,1.11,267379,29381804.0,0.0,15,1.06,0
20200715,1594742400000,1.1400000000000001,1.1700000000000002,1.1300000000000001,1.1700000000000002,1300449,150414320.0,0.0,15,1.11,0
20200716,1594828800000,1.1600000000000001,1.1600000000000001,1.11,1.12,679439,76919953.0,0.0,15,1.1700000000000002,0
20200717,1594915200000,1.12,1.1600000000000001,1.11,1.1500000000000001,342938,39109254.0,0.0,15,1.12,0
20200720,1595174400000,1.1400000000000001,1.1500000000000001,1.12,1.1400000000000001,368449,41898692.0,0.0,15,1.1500000000000001,0
20200721,1595260800000,1.1400000000000001,1.1500000000000001,1.1300000000000001,1.1400000000000001,304931,34784192.0,0.0,15,1.1400000000000001,0
20200722,1595347200000,1.1400000000000001,1.1500000000000001,1.1400000000000001,1.1400000000000001,223288,25503285.0,0.0,15,1.1400000000000001,0
20200723,1595433600000,1.1500000000000001,1.2000000000000002,1.1400000000000001,1.1900000000000002,450388,52453923.00000001,0.0,15,1.1400000000000001,0
20200724,1595520000000,1.17,1.2,1.16,1.17,431690,50788370.99999999,0.0,15,1.19,0
20200727,1595779200000,1.17,1.2,1.16,1.19,367622,43718739.0,0.0,15,1.17,0
20200728,1595865600000,1.19,1.25,1.18,1.25,669257,82356085.0,0.0,15,1.19,0
20200729,1595952000000,1.23,1.23,1.19,1.22,440264,53343780.0,0.0,15,1.25,0
20200730,1596038400000,1.21,1.24,1.18,1.2,491377,58840927.00000001,0.0,15,1.22,0
20200731,1596124800000,1.19,1.22,1.18,1.2,369552,44332453.0,0.0,15,1.2,0
20200803,1596384000000,1.1400000000000001,1.2100000000000002,1.1400000000000001,1.2100000000000002,834684,96872808.0,0.0,15,1.2000000000000002,0
20200804,1596470400000,1.2100000000000002,1.2100000000000002,1.2100000000000002,1.2100000000000002,0,0.0,0.0,0,1.2100000000000002,1
20200805,1596556800000,1.2100000000000002,1.2100000000000002,1.2100000000000002,1.2100000000000002,0,0.0,0.0,0,1.2100000000000002,1
20200806,1596643200000,1.2,1.23,1.16,1.18,700529,83401549.0,0.0,15,1.21,0
20200807,1596729600000,1.19,1.24,1.18,1.22,580799,70681794.0,0.0,15,1.18,0
20200810,1596988800000,1.21,1.21,1.17,1.21,399799,47725155.0,0.0,15,1.22,0
20200811,1597075200000,1.2,1.26,1.2,1.23,573397,70943200.0,0.0,15,1.21,0
20200812,1597161600000,1.22,1.28,1.21,1.27,486575,61182955.0,0.0,15,1.23,0
20200813,1597248000000,1.26,1.33,1.25,1.33,483404,63718345.0,0.0,15,1.27,0
20200814,1597334400000,1.36,1.4000000000000001,1.34,1.4000000000000001,284388,39469036.0,0.0,15,1.33,0
20200817,1597593600000,1.47,1.47,1.47,1.47,49702,7306121.000000001,0.0,15,1.4,0
20200818,1597680000000,1.54,1.54,1.4000000000000001,1.4000000000000001,1079468,155184652.0,0.0,15,1.4700000000000002,0
20200819,1597766400000,1.4100000000000001,1.4400000000000002,1.4000000000000001,1.4100000000000001,414149,58600606.0,0.0,15,1.4000000000000001,0
20200820,1597852800000,1.43,1.48,1.41,1.47,646078,94852185.99999999,0.0,15,1.41,0
20200821,1597939200000,1.44,1.47,1.42,1.43,387126,55853134.0,0.0,15,1.47,0
20200824,1598198400000,1.4100000000000001,1.4300000000000002,1.36,1.3800000000000001,415578,57627500.0,0.0,15,1.4300000000000002,0
20200825,1598284800000,1.3800000000000001,1.4500000000000002,1.37,1.4400000000000002,430683,61834144.0,0.0,15,1.3800000000000001,0
20200826,1598371200000,1.4100000000000001,1.4300000000000002,1.3800000000000001,1.4000000000000001,383144,53377271.0,0.0,15,1.4400000000000002,0
20200827,1598457600000,1.3800000000000001,1.4100000000000001,1.3800000000000001,1.4000000000000001,188999,26322477.0,0.0,15,1.4000000000000001,0
20200828,1598544000000,1.4000000000000001,1.4200000000000002,1.3800000000000001,1.4000000000000001,159939,22366958.000000004,0.0,15,1.4000000000000001,0
20200831,1598803200000,1.4000000000000001,1.4500000000000002,1.3800000000000001,1.4300000000000002,261869,37103726.0,0.0,15,1.4000000000000001,0
20200901,1598889600000,1.4200000000000002,1.4400000000000002,1.3900000000000001,1.4000000000000001,214436,30243773.0,0.0,15,1.4300000000000002,0
20200902,1598976000000,1.4000000000000001,1.4100000000000001,1.3800000000000001,1.3900000000000001,194305,27062068.0,0.0,15,1.4000000000000001,0
20200903,1599062400000,1.3900000000000001,1.4100000000000001,1.3800000000000001,1.3900000000000001,164337,22900642.000000004,0.0,15,1.3900000000000001,0
20200904,1599148800000,1.3800000000000001,1.4200000000000002,1.37,1.4100000000000001,221981,30805910.0,0.0,15,1.3900000000000001,0
20200907,1599408000000,1.4100000000000001,1.4200000000000002,1.3800000000000001,1.3900000000000001,186589,26019863.0,0.0,15,1.4100000000000001,0
20200908,1599494400000,1.3900000000000001,1.4000000000000001,1.37,1.3900000000000001,165629,22895275.999999996,0.0,15,1.3900000000000001,0
20200909,1599580800000,1.3800000000000001,1.3900000000000001,1.37,1.37,165675,22833247.0,0.0,15,1.3900000000000001,0
20200910,1599667200000,1.3800000000000001,1.3900000000000001,1.3,1.3,298405,40261636.0,0.0,15,1.37,0
20200911,1599753600000,1.3,1.31,1.25,1.3,213122,27432793.000000004,0.0,15,1.3,0
20200914,1600012800000,1.29,1.36,1.29,1.35,184104,24588888.0,0.0,15,1.3,0
20200915,1600099200000,1.34,1.36,1.33,1.35,132084,17792038.0,0.0,15,1.35,0
20200916,1600185600000,1.34,1.35,1.31,1.32,134606,17898468.0,0.0,15,1.35,0
20200917,1600272000000,1.33,1.33,1.3,1.31,102907,13483274.999999998,0.0,15,1.32,0
20200918,1600358400000,1.31,1.34,1.3,1.33,101938,13470394.0,0.0,15,1.31,0
20200921,1600617600000,1.34,1.37,1.33,1.34,121410,16342273.000000002,0.0,15,1.33,0
20200922,1600704000000,1.34,1.37,1.32,1.36,156904,21161150.0,0.0,15,1.34,0
20200923,1600790400000,1.36,1.37,1.33,1.33,127670,17138581.0,0.0,15,1.36,0
20200924,1600876800000,1.32,1.33,1.3,1.31,120269,15768549.0,0.0,15,1.33,0
20200925,1600963200000,1.31,1.32,1.29,1.3,84358,10948342.0,0.0,15,1.31,0
20200928,1601222400000,1.3,1.32,1.29,1.3,83739,10913493.0,0.0,15,1.3,0
20200929,1601308800000,1.31,1.31,1.29,1.3,85826,11164299.0,0.0,15,1.3,0
20200930,1601395200000,1.3,1.31,1.29,1.31,65152,8461426.0,0.0,15,1.3,0
20201009,1602172800000,1.31,1.34,1.3,1.34,107798,14272591.000000002,0.0,15,1.31,0
20201012,1602432000000,1.33,1.37,1.32,1.37,161228,21727962.0,0.0,15,1.34,0
20201013,1602518400000,1.36,1.3800000000000001,1.35,1.36,87967,11993232.000000002,0.0,15,1.37,0
20201014,1602604800000,1.36,1.36,1.31,1.33,109068,14550875.0,0.0,15,1.36,0
20201015,1602691200000,1.33,1.36,1.33,1.34,94543,12678718.0,0.0,15,1.33,0
20201016,1602777600000,1.33,1.36,1.33,1.36,113114,15289223.0,0.0,15,1.34,0
20201019,1603036800000,1.36,1.37,1.35,1.37,119773,16290908.0,0.0,15,1.36,0
20201020,1603123200000,1.36,1.37,1.35,1.37,73108,9947438.0,0.0,15,1.37,0
20201021,1603209600000,1.36,1.37,1.35,1.36,53931,7317556.000000001,0.0,15,1.37,0
20201022,1603296000000,1.35,1.36,1.34,1.35,69389,9392430.0,0.0,15,1.36,0
20201023,1603382400000,1.35,1.36,1.34,1.35,63276,8538148.0,0.0,15,1.35,0
20201026,1603641600000,1.35,1.4200000000000002,1.35,1.4200000000000002,326549,45950823.0,0.0,15,1.35,0
20201027,1603728000000,1.4100000000000001,1.4400000000000002,1.3800000000000001,1.4100000000000001,232043,32808831.999999996,0.0,15,1.4200000000000002,0
20201028,1603814400000,1.4100000000000001,1.4400000000000002,1.3800000000000001,1.4300000000000002,161662,22786582.000000004,0.0,15,1.4100000000000001,0
20201029,1603900800000,1.4100000000000001,1.4900000000000002,1.4000000000000001,1.4700000000000002,219352,32160768.0,0.0,15,1.4300000000000002,0
20201030,1603987200000,1.47,1.48,1.41,1.41,224835,32552914.0,0.0,15,1.47,0
20201102,1604246400000,1.4100000000000001,1.4300000000000002,1.3800000000000001,1.4100000000000001,177736,25002809.0,0.0,15,1.4100000000000001,0
20201103,1604332800000,1.41,1.46,1.41,1.44,173538,24942526.000000004,0.0,15,1.41,0
20201104,1604419200000,1.44,1.45,1.42,1.42,112962,16163497.000000002,0.0,15,1.44,0
20201105,1604505600000,1.43,1.47,1.42,1.44,126297,18228424.0,0.0,15,1.42,0
20201106,1604592000000,1.44,1.46,1.43,1.46,173767,25157974.0,0.0,15,1.44,0
20201109,1604851200000,1.46,1.53,1.46,1.5,264826,40045007.0,0.0,15,1.46,0
20201110,1604937600000,1.53,1.58,1.53,1.58,449640,70745868.00000001,0.0,15,1.5,0
20201111,1605024000000,1.59,1.6600000000000001,1.56,1.6600000000000001,474904,76992855.0,0.0,15,1.58,0
20201112,1605110400000,1.73,1.74,1.58,1.6,732061,122161225.00000001,0.0,15,1.6600000000000001,0
20201113,1605196800000,1.57,1.6600000000000001,1.57,1.6500000000000001,400212,64640320.99999999,0.0,15,1.6,0
20201116,1605456000000,1.6400000000000001,1.6900000000000002,1.62,1.6700000000000002,284910,47476807.0,0.0,15,1.6500000000000001,0
20201117,1605542400000,1.6600000000000001,1.7500000000000002,1.6600000000000001,1.7500000000000002,382670,66194320.0,0.0,15,1.6700000000000002,0
20201118,1605628800000,1.8,1.84,1.75,1.84,628496,114664557.0,0.0,15,1.75,0
20201119,1605715200000,1.81,1.86,1.75,1.81,481366,87005007.0,0.0,15,1.84,0
20201120,1605801600000,1.81,1.9,1.77,1.87,352427,64907293.99999999,0.0,15,1.81,0
20201123,1606060800000,1.87,1.9600000000000002,1.86,1.9600000000000002,399604,77176539.0,0.0,15,1.87,0
20201124,1606147200000,1.99,2.06,1.95,2.06,545267,109906380.0,0.0,15,1.96,0
20201125,1606233600000,2.08,2.16,1.96,1.96,1155927,240139967.0,0.0,15,2.06,0
20201126,1606320000000,1.9000000000000001,1.9600000000000002,1.86,1.86,544551,102814070.0,0.0,15,1.9600000000000002,0
20201127,1606406400000,1.8,1.83,1.77,1.77,809946,144020121.0,0.0,15,1.86,0
20201130,1606665600000,1.74,1.85,1.72,1.8,481867,86265446.0,0.0,15,1.77,0
20201201,1606752000000,1.79,1.83,1.75,1.78,320136,57162521.00000001,0.0,15,1.8,0
20201202,1606838400000,1.78,1.81,1.75,1.79,188662,33501691.0,0.0,15,1.78,0
20201203,1606924800000,1.79,1.8,1.76,1.78,189885,33765343.0,0.0,15,1.79,0
20201204,1607011200000,1.79,1.87,1.77,1.87,275360,50620176.0,0.0,15,1.78,0
20201207,1607270400000,1.9200000000000002,1.9600000000000002,1.9100000000000001,1.9600000000000002,545731,106288350.0,0.0,15,1.87,0
20201208,1607356800000,1.9500000000000002,1.9900000000000002,1.87,1.9500000000000002,399965,77012902.0,0.0,15,1.9600000000000002,0
20201209,1607443200000,1.9300000000000002,1.9500000000000002,1.85,1.85,405281,76507213.99999999,0.0,15,1.9500000000000002,0
20201210,1607529600000,1.85,1.9,1.78,1.8800000000000001,210693,38863488.99999999,0.0,15,1.85,0
20201211,1607616000000,1.8800000000000001,1.9500000000000002,1.85,1.9000000000000001,225703,42949638.00000001,0.0,15,1.8800000000000001,0
20201214,1607875200000,1.9200000000000002,2.0,1.9000000000000001,2.0,434296,85998676.0,0.0,15,1.9000000000000001,0
20201215,1607961600000,2.0,2.03,1.93,1.98,344127,68182188.0,0.0,15,2.0,0
20201216,1608048000000,1.96,2.08,1.96,2.08,436916,88765767.0,0.0,15,1.98,0
20201217,1608134400000,2.05,2.08,1.99,2.0,426704,86571533.0,0.0,15,2.08,0
20201218,1608220800000,1.97,2.04,1.97,2.03,188737,38076542.0,0.0,15,2.0,0
20201221,1608480000000,2.09,2.12,2.06,2.06,287114,59990348.0,0.0,15,2.0300000000000002,0
20201222,1608566400000,2.05,2.13,2.05,2.09,278935,58415922.99999999,0.0,15,2.0599999999999996,0
20201223,1608652800000,2.09,2.11,2.04,2.08,238157,49424277.0,0.0,15,2.09,0
20201224,1608739200000,2.06,2.08,1.98,1.98,337807,67649903.00000001,0.0,15,2.08,0
20201225,1608825600000,1.9200000000000002,1.9700000000000002,1.8800000000000001,1.8800000000000001,463643,88066071.0,0.0,15,1.9800000000000002,0
20201228,1609084800000,1.82,1.94,1.82,1.9100000000000001,195487,37012420.0,0.0,15,1.8800000000000001,0
20201229,1609171200000,1.9100000000000001,1.9100000000000001,1.83,1.85,215736,40246783.00000001,0.0,15,1.9100000000000001,0
20201230,1609257600000,1.87,1.87,1.8,1.84,143541,26399628.000000004,0.0,15,1.85,0
20201231,1609344000000,1.84,1.85,1.82,1.84,131319,24075017.0,0.0,15,1.84,0
20210104,1609689600000,1.85,1.9300000000000002,1.85,1.9300000000000002,247167,47522625.0,0.0,15,1.84,0
20210105,1609776000000,1.9200000000000002,1.9200000000000002,1.83,1.85,402182,74823104.0,0.0,15,1.9300000000000002,0
20210106,1609862400000,1.85,1.86,1.76,1.77,287550,51314660.0,0.0,15,1.85,0
20210107,1609948800000,1.76,1.76,1.68,1.69,339089,57667616.0,0.0,15,1.77,0
20210108,1610035200000,1.6900000000000002,1.7600000000000002,1.62,1.7400000000000002,272052,45944354.0,0.0,15,1.6900000000000002,0
20210111,1610294400000,1.72,1.73,1.68,1.69,146933,24910793.0,0.0,15,1.74,0
20210112,1610380800000,1.7000000000000002,1.7600000000000002,1.6600000000000001,1.7400000000000002,158116,27222952.000000004,0.0,15,1.6900000000000002,0
20210113,1610467200000,1.75,1.81,1.73,1.77,158133,28245678.999999996,0.0,15,1.74,0
20210114,1610553600000,1.77,1.86,1.77,1.86,251205,46145805.0,0.0,15,1.77,0
20210115,1610640000000,1.87,1.9000000000000001,1.83,1.86,201357,37400598.0,0.0,15,1.86,0
20210118,1610899200000,1.86,1.9100000000000001,1.86,1.9000000000000001,129339,24498960.000000004,0.0,15,1.86,0
20210119,1610985600000,1.9000000000000001,1.9400000000000002,1.86,1.9300000000000002,169491,32252131.0,0.0,15,1.9000000000000001,0
20210120,1611072000000,1.9300000000000002,1.9500000000000002,1.9000000000000001,1.9100000000000001,129234,24813603.0,0.0,15,1.9300000000000002,0
20210121,1611158400000,1.9100000000000001,1.9300000000000002,1.87,1.8900000000000001,163503,30910830.0,0.0,15,1.9100000000000001,0
20210122,1611244800000,1.8900000000000001,1.8900000000000001,1.81,1.82,195018,35771290.0,0.0,15,1.8900000000000001,0
20210125,1611504000000,1.82,1.8900000000000001,1.8,1.84,170164,31513574.0,0.0,15,1.82,0
20210126,1611590400000,1.84,1.8800000000000001,1.82,1.87,119113,22057691.000000004,0.0,15,1.84,0
20210127,1611676800000,1.87,1.9200000000000002,1.86,1.9200000000000002,160849,30540424.0,0.0,15,1.87,0
20210128,1611763200000,1.9500000000000002,1.9700000000000002,1.83,1.85,279172,52769203.00000001,0.0,15,1.9200000000000002,0
20210129,1611849600000,1.86,1.86,1.77,1.77,180097,32444102.0,0.0,15,1.85,0
20210201,1612108800000,1.76,1.86,1.75,1.84,137464,25139709.0,0.0,15,1.77,0
20210202,1612195200000,1.84,1.85,1.79,1.82,107564,19549379.0,0.0,15,1.84,0
20210203,1612281600000,1.81,1.83,1.77,1.78,116794,20898138.0,0.0,15,1.82,0
20210204,1612368000000,1.78,1.82,1.76,1.78,128223,22931810.0,0.0,15,1.78,0
20210205,1612454400000,1.79,1.8,1.73,1.74,140491,24739358.0,0.0,15,1.78,0
20210208,1612713600000,1.73,1.77,1.72,1.73,115029,20047243.0,0.0,15,1.74,0
20210209,1612800000000,1.74,1.78,1.72,1.77,99706,17450699.0,0.0,15,1.73,0
20210210,1612886400000,1.78,1.8,1.76,1.79,102107,18160504.0,0.0,15,1.77,0
20210218,1613577600000,1.83,1.8800000000000001,1.82,1.8800000000000001,212130,39613684.0,0.0,15,1.79,0
20210219,1613664000000,1.87,1.9600000000000002,1.86,1.9300000000000002,245374,47175664.0,0.0,15,1.8800000000000001,0
20210222,1613923200000,1.95,2.03,1.95,1.99,345433,69517832.0,0.0,15,1.93,0
20210223,1614009600000,1.96,1.99,1.93,1.96,247969,48587861.0,0.0,15,1.99,0
20210224,1614096000000,1.96,2.0,1.93,1.95,187568,36811561.0,0.0,15,1.96,0
20210225,1614182400000,1.96,2.02,1.96,1.99,220698,43887214.0,0.0,15,1.95,0
20210226,1614268800000,2.0,2.09,1.96,2.09,520646,107187475.0,0.0,15,1.99,0
20210301,1614528000000,2.0799999999999996,2.17,2.05,2.1199999999999997,479296,100818035.0,0.0,15,2.09,0
20210302,1614614400000,2.19,2.23,2.13,2.19,664802,146218446.0,0.0,15,2.12,0
20210303,1614700800000,2.1599999999999997,2.3,2.15,2.3,566834,127126665.0,0.0,15,2.19,0
20210304,1614787200000,2.33,2.42,2.33,2.4,961567,230871288.0,0.0,15,2.3000000000000003,0
20210305,1614873600000,2.35,2.4200000000000004,2.2800000000000002,2.41,599002,141002437.0,0.0,15,2.4000000000000004,0
20210308,1615132800000,2.48,2.51,2.38,2.4,445882,108529667.0,0.0,15,2.4099999999999997,0
20210309,1615219200000,2.37,2.41,2.2800000000000002,2.2800000000000002,549993,126442328.0,0.0,15,2.4000000000000004,0
20210310,1615305600000,2.23,2.39,2.19,2.37,522519,118712883.00000001,0.0,15,2.28,0
20210311,1615392000000,2.34,2.4499999999999997,2.32,2.42,359775,85919851.0,0.0,15,2.3699999999999997,0
20210312,1615478400000,2.47,2.54,2.43,2.54,559235,140018981.0,0.0,15,2.4200000000000004,0
20210315,1615737600000,2.54,2.54,2.54,2.54,0,0.0,0.0,0,2.54,1
20210316,1615824000000,2.36,2.75,2.29,2.48,1557193,388510942.0,0.0,15,2.54,0
20210317,1615910400000,2.6,2.7300000000000004,2.5500000000000003,2.7300000000000004,1020354,277080948.00000006,0.0,15,2.4800000000000004,0
20210318,1615996800000,2.89,2.9699999999999998,2.71,2.77,1997330,565111684.0,0.0,15,2.73,0
20210319,1616083200000,2.6,2.95,2.58,2.8000000000000003,1343927,366606048.0,0.0,15,2.77,0
20210322,1616342400000,2.74,2.8200000000000003,2.68,2.7,977930,266779336.00000003,0.0,15,2.8000000000000003,0
20210323,1616428800000,2.6500000000000004,2.6900000000000004,2.47,2.47,1011571,257611896.00000003,0.0,15,2.7,0
20210324,1616515200000,2.4099999999999997,2.51,2.34,2.34,740425,177445254.0,0.0,15,2.4699999999999998,0
20210325,1616601600000,2.38,2.43,2.33,2.36,437573,103768926.00000001,0.0,15,2.34,0
20210326,1616688000000,2.35,2.37,2.29,2.32,451266,104884604.0,0.0,15,2.36,0
20210329,1616947200000,2.3899999999999997,2.4299999999999997,2.32,2.3499999999999996,387597,91931328.00000001,0.0,15,2.32,0
20210330,1617033600000,2.34,2.3899999999999997,2.32,2.36,329302,77568874.0,0.0,15,2.3499999999999996,0
20210331,1617120000000,2.35,2.35,2.3000000000000003,2.31,254372,58891051.00000001,0.0,15,2.3600000000000003,0
20210401,1617206400000,2.31,2.34,2.21,2.34,522697,118900752.0,0.0,15,2.31,0
20210402,1617292800000,2.3400000000000003,2.3600000000000003,2.2800000000000002,2.3000000000000003,226357,52324369.00000001,0.0,15,2.3400000000000003,0
20210406,1617638400000,2.2800000000000002,2.3000000000000003,2.2600000000000002,2.29,247460,56310947.0,0.0,15,2.3000000000000003,0
20210407,1617724800000,2.28,2.45,2.25,2.42,546663,129223364.00000001,0.0,15,2.29,0
20210408,1617811200000,2.42,2.52,2.41,2.43,566183,139368889.0,0.0,15,2.42,0
20210409,1617897600000,2.44,2.45,2.37,2.38,296063,70960741.0,0.0,15,2.43,0
20210412,1618156800000,2.37,2.39,2.33,2.34,216696,50969398.00000001,0.0,15,2.38,0
20210413,1618243200000,2.36,2.36,2.29,2.3,185827,42919420.0,0.0,15,2.34,0
20210414,1618329600000,2.3000000000000003,2.3400000000000003,2.3000000000000003,2.3200000000000003,140566,32618062.0,0.0,15,2.3000000000000003,0
20210415,1618416000000,2.3400000000000003,2.3400000000000003,2.3000000000000003,2.33,134271,31169945.0,0.0,15,2.3200000000000003,0
20210416,1618502400000,2.32,2.38,2.31,2.35,169268,39708235.00000001,0.0,15,2.33,0
20210419,1618761600000,2.36,2.42,2.33,2.39,218386,51877042.00000001,0.0,15,2.35,0
20210420,1618848000000,2.38,2.39,2.35,2.36,177452,42020125.0,0.0,15,2.39,0
20210421,1618934400000,2.35,2.36,2.31,2.31,166985,38821541.00000001,0.0,15,2.36,0
20210422,1619020800000,2.32,2.4,2.32,2.3499999999999996,206065,48639362.0,0.0,15,2.31,0
20210423,1619107200000,2.35,2.38,2.31,2.32,139767,32601994.0,0.0,15,2.35,0
20210426,1619366400000,2.32,2.55,2.32,2.46,549628,133620593.0,0.0,15,2.32,0
20210427,1619452800000,2.44,2.46,2.34,2.3499999999999996,393768,93711609.00000001,0.0,15,2.46,0
20210428,1619539200000,2.33,2.33,2.25,2.27,308610,70536475.0,0.0,15,2.35,0
20210429,1619625600000,2.28,2.31,2.25,2.27,165106,37740400.0,0.0,15,2.27,0
20210430,1619712000000,2.27,2.2800000000000002,2.22,2.24,187549,42128520.0,0.0,15,2.27,0
20210506,1620230400000,2.25,2.31,2.24,2.2600000000000002,180772,40965833.0,0.0,15,2.24,0
20210507,1620316800000,2.27,2.32,2.23,2.28,262859,59751789.00000001,0.0,15,2.26,0
20210510,1620576000000,2.3,2.44,2.29,2.4,612086,145256329.00000003,0.0,15,2.2800000000000002,0
20210511,1620662400000,2.36,2.37,2.29,2.3,352669,81533645.0,0.0,15,2.4,0
20210512,1620748800000,2.27,2.33,2.25,2.31,267189,61419404.0,0.0,15,2.3,0
20210513,1620835200000,2.29,2.3,2.25,2.27,239778,54525175.0,0.0,15,2.31,0
20210514,1620921600000,2.2600000000000002,2.2800000000000002,2.24,2.2800000000000002,192408,43379261.0,0.0,15,2.27,0
20210517,1621180800000,2.2600000000000002,2.2600000000000002,2.24,2.24,171515,38548275.0,0.0,15,2.2800000000000002,0
20210518,1621267200000,2.25,2.27,2.24,2.25,142710,32166170.000000004,0.0,15,2.24,0
20210519,1621353600000,2.25,2.25,2.23,2.23,138204,30928610.0,0.0,15,2.25,0
20210520,1621440000000,2.2199999999999998,2.23,2.07,2.0999999999999996,430999,91593700.0,0.0,15,2.23,0
20210521,1621526400000,2.0,2.15,1.95,2.14,342277,71051620.99999999,0.0,15,2.1,0
20210524,1621785600000,2.11,2.14,2.06,2.07,215279,45068716.0,0.0,15,2.14,0
20210525,1621872000000,2.09,2.11,2.04,2.1,210598,43598910.0,0.0,15,2.07,0
20210526,1621958400000,2.09,2.1399999999999997,2.07,2.13,178502,37625401.0,0.0,15,2.0999999999999996,0
20210527,1622044800000,2.13,2.17,2.11,2.13,155712,33352493.0,0.0,15,2.13,0
20210528,1622131200000,2.15,2.1999999999999997,2.15,2.1599999999999997,235150,51083697.0,0.0,15,2.13,0
20210531,1622390400000,2.1599999999999997,2.1799999999999997,2.13,2.1399999999999997,170908,36782272.0,0.0,15,2.1599999999999997,0
20210601,1622476800000,2.14,2.15,2.1,2.13,139841,29652689.0,0.0,15,2.14,0
20210602,1622563200000,2.11,2.13,2.1,2.11,154528,32669385.0,0.0,15,2.13,0
20210603,1622649600000,2.1,2.2,2.1,2.16,259446,56164858.0,0.0,15,2.11,0
20210604,1622736000000,2.14,2.16,2.12,2.13,151328,32366717.0,0.0,15,2.16,0
20210607,1622995200000,2.13,2.17,2.12,2.12,143769,30725491.000000004,0.0,15,2.13,0
20210608,1623081600000,2.11,2.13,2.08,2.11,177711,37337109.0,0.0,15,2.12,0
20210609,1623168000000,2.13,2.3200000000000003,2.12,2.3200000000000003,911180,207056437.00000003,0.0,15,2.1100000000000003,0
20210610,1623254400000,2.27,2.29,2.2,2.22,852576,191064548.0,0.0,15,2.3200000000000003,0
20210611,1623340800000,2.23,2.29,2.22,2.24,425674,95856622.0,0.0,15,2.22,0
20210615,1623686400000,2.24,2.27,2.14,2.16,325072,70989637.0,0.0,15,2.24,0
20210616,1623772800000,2.14,2.15,2.1,2.1,202485,42879013.0,0.0,15,2.16,0
20210617,1623859200000,2.0999999999999996,2.1199999999999997,2.09,2.0999999999999996,167798,35309870.0,0.0,15,2.0999999999999996,0
20210618,1623945600000,2.09,2.15,2.06,2.12,188279,39604462.0,0.0,15,2.1,0
20210621,1624204800000,2.1,2.12,2.08,2.09,190864,40018378.0,0.0,15,2.12,0
20210622,1624291200000,2.09,2.15,2.09,2.1199999999999997,194934,41307689.00000001,0.0,15,2.09,0
20210623,1624377600000,2.12,2.13,2.1,2.11,147779,31212465.0,0.0,15,2.12,0
20210624,1624464000000,2.11,2.12,2.08,2.09,147865,30932744.000000004,0.0,15,2.11,0
20210625,1624550400000,2.11,2.12,2.08,2.11,115298,24228315.0,0.0,15,2.09,0
20210628,1624809600000,2.11,2.1199999999999997,2.09,2.09,123278,25881979.999999996,0.0,15,2.11,0
20210629,1624896000000,2.09,2.0999999999999996,2.07,2.09,151494,31528005.0,0.0,15,2.09,0
20210630,1624982400000,2.09,2.0999999999999996,2.07,2.07,109745,22825333.0,0.0,15,2.09,0
20210701,1625068800000,2.07,2.08,1.99,1.99,279892,56710245.00000001,0.0,15,2.07,0
20210702,1625155200000,1.98,2.09,1.95,2.03,250202,50858385.0,0.0,15,1.99,0
20210705,1625414400000,2.0500000000000003,2.1900000000000004,2.0300000000000002,2.1,310991,65442878.99999999,0.0,15,2.0300000000000002,0
20210706,1625500800000,2.0799999999999996,2.15,2.07,2.13,283099,59909881.0,0.0,15,2.0999999999999996,0
20210707,1625587200000,2.14,2.2800000000000002,2.1,2.24,670635,146781443.00000003,0.0,15,2.13,0
20210708,1625673600000,2.23,2.26,2.17,2.1999999999999997,418022,92237019.00000001,0.0,15,2.2399999999999998,0
20210709,1625760000000,2.18,2.31,2.16,2.25,580260,131268483.0,0.0,15,2.2,0
20210712,1626019200000,2.27,2.3600000000000003,2.2600000000000002,2.29,499808,114953833.0,0.0,15,2.2500000000000004,0
20210713,1626105600000,2.27,2.3400000000000003,2.22,2.29,552654,126137888.0,0.0,15,2.29,0
20210714,1626192000000,2.27,2.4800000000000004,2.2600000000000002,2.33,783107,182993144.0,0.0,15,2.29,0
20210715,1626278400000,2.2800000000000002,2.33,2.22,2.24,457700,103186884.0,0.0,15,2.33,0
20210716,1626364800000,2.25,2.33,2.24,2.25,435512,99407041.0,0.0,15,2.24,0
20210719,1626624000000,2.1999999999999997,2.25,2.17,2.1999999999999997,382895,84374736.0,0.0,15,2.25,0
20210720,1626710400000,2.18,2.33,2.16,2.29,487515,109892057.0,0.0,15,2.2,0
20210721,1626796800000,2.3000000000000003,2.37,2.2800000000000002,2.3600000000000003,618493,144739355.0,0.0,15,2.29,0
20210722,1626883200000,2.3699999999999997,2.4,2.34,2.38,504818,120170280.0,0.0,15,2.36,0
20210723,1626969600000,2.38,2.4899999999999998,2.36,2.4,680738,164966627.0,0.0,15,2.38,0
20210726,1627228800000,2.4,2.46,2.32,2.4099999999999997,520015,124951056.00000001,0.0,15,2.4,0
20210727,1627315200000,2.42,2.5100000000000002,2.31,2.33,628470,151365008.0,0.0,15,2.41,0
20210728,1627401600000,2.28,2.33,2.15,2.29,495105,112085189.0,0.0,15,2.33,0
20210729,1627488000000,2.3,2.36,2.27,2.29,273776,63110821.0,0.0,15,2.29,0
20210730,1627574400000,2.29,2.33,2.2600000000000002,2.3200000000000003,324038,74583339.00000001,0.0,15,2.29,0
20210802,1627833600000,2.32,2.35,2.25,2.32,338606,77680117.0,0.0,15,2.32,0
20210803,1627920000000,2.33,2.33,2.27,2.27,227482,52120159.0,0.0,15,2.32,0
20210804,1628006400000,2.25,2.35,2.25,2.35,330901,76612843.0,0.0,15,2.27,0
20210805,1628092800000,2.35,2.35,2.27,2.29,254494,58456084.00000001,0.0,15,2.35,0
20210806,1628179200000,2.29,2.3600000000000003,2.2600000000000002,2.3400000000000003,362249,84070803.0,0.0,15,2.29,0
20210809,1628438400000,2.31,2.41,2.31,2.39,473149,112491769.0,0.0,15,2.34,0
20210810,1628524800000,2.3699999999999997,2.4499999999999997,2.36,2.3899999999999997,356735,85768712.0,0.0,15,2.3899999999999997,0
20210811,1628611200000,2.39,2.42,2.37,2.42,358031,85651607.0,0.0,15,2.39,0
20210812,1628697600000,2.41,2.47,2.39,2.46,468970,114228806.99999999,0.0,15,2.42,0
20210813,1628784000000,2.45,2.49,2.41,2.47,581175,142245363.0,0.0,15,2.46,0
20210816,1629043200000,2.4,2.44,2.32,2.3899999999999997,606889,143852120.00000003,0.0,15,2.4699999999999998,0
20210817,1629129600000,2.3899999999999997,2.4099999999999997,2.32,2.3299999999999996,530732,125215406.99999999,0.0,15,2.3899999999999997,0
20210818,1629216000000,2.33,2.34,2.27,2.28,308867,71052361.0,0.0,15,2.33,0
20210819,1629302400000,2.29,2.3,2.25,2.27,227318,51681129.0,0.0,15,2.28,0
20210820,1629388800000,2.2600000000000002,2.2800000000000002,2.2,2.2600000000000002,318699,71352536.0,0.0,15,2.27,0
20210823,1629648000000,2.2600000000000002,2.43,2.24,2.4000000000000004,684969,162405658.0,0.0,15,2.2600000000000002,0
20210824,1629734400000,2.43,2.58,2.43,2.5500000000000003,1358622,342462004.0,0.0,15,2.4000000000000004,0
20210825,1629820800000,2.56,2.6100000000000003,2.5100000000000002,2.5300000000000002,911287,232062864.0,0.0,15,2.5500000000000003,0
20210826,1629907200000,2.58,2.5900000000000003,2.45,2.45,731518,181773501.0,0.0,15,2.5300000000000002,0
20210827,1629993600000,2.44,2.4899999999999998,2.36,2.46,613989,148851543.0,0.0,15,2.4499999999999997,0
20210830,1630252800000,2.48,2.57,2.46,2.48,848046,214052282.0,0.0,15,2.46,0
20210831,1630339200000,2.48,2.49,2.39,2.46,552463,135158237.0,0.0,15,2.48,0
20210901,1630425600000,2.45,2.5100000000000002,2.35,2.36,626758,150752269.0,0.0,15,2.46,0
20210902,1630512000000,2.36,2.46,2.31,2.42,663288,159231523.0,0.0,15,2.36,0
20210903,1630598400000,2.43,2.5100000000000002,2.37,2.4,632899,154114094.0,0.0,15,2.42,0
20210906,1630857600000,2.41,2.42,2.35,2.37,419234,99383849.0,0.0,15,2.4,0
20210907,1630944000000,2.3699999999999997,2.4099999999999997,2.36,2.4,347254,82992222.0,0.0,15,2.3699999999999997,0
20210908,1631030400000,2.4,2.5100000000000002,2.39,2.49,851348,209442697.0,0.0,15,2.4,0
20210909,1631116800000,2.49,2.62,2.49,2.6,1187707,305477345.0,0.0,15,2.49,0
20210910,1631203200000,2.57,2.63,2.52,2.53,895700,229835422.0,0.0,15,2.6,0
20210913,1631462400000,2.58,2.69,2.54,2.67,1403865,368015257.99999994,0.0,15,2.5300000000000002,0
20210914,1631548800000,2.62,2.65,2.56,2.57,1087807,282482492.0,0.0,15,2.67,0
20210915,1631635200000,2.56,2.58,2.52,2.57,597207,152067146.0,0.0,15,2.57,0
20210916,1631721600000,2.57,2.63,2.48,2.48,757337,193216054.0,0.0,15,2.57,0
20210917,1631808000000,2.46,2.64,2.45,2.5500000000000003,1034351,264729457.0,0.0,15,2.48,0
20210922,1632240000000,2.5,2.57,2.46,2.54,575778,144594657.0,0.0,15,2.55,0
20210923,1632326400000,2.5500000000000003,2.6700000000000004,2.5300000000000002,2.56,1018133,264633237.99999997,0.0,15,2.54,0
20210924,1632412800000,2.56,2.5700000000000003,2.37,2.4,952277,233557020.0,0.0,15,2.56,0
20210927,1632672000000,2.4200000000000004,2.4400000000000004,2.2,2.24,768371,175435886.0,0.0,15,2.4000000000000004,0
20210928,1632758400000,2.26,2.26,2.19,2.23,527121,116976244.00000001,0.0,15,2.2399999999999998,0
20210929,1632844800000,2.1999999999999997,2.2199999999999998,2.13,2.15,454344,98480243.00000001,0.0,15,2.23,0
20210930,1632931200000,2.13,2.2199999999999998,2.13,2.1999999999999997,223203,48853264.00000001,0.0,15,2.15,0
20211008,1633622400000,2.21,2.26,2.21,2.23,186869,41723258.0,0.0,15,2.2,0
20211011,1633881600000,2.2399999999999998,2.26,2.21,2.23,195562,43588844.0,0.0,15,2.23,0
20211012,1633968000000,2.2199999999999998,2.23,2.15,2.1799999999999997,230812,50247050.0,0.0,15,2.23,0
20211013,1634054400000,2.17,2.1999999999999997,2.15,2.1799999999999997,148646,32343559.0,0.0,15,2.1799999999999997,0
20211014,1634140800000,2.1799999999999997,2.2199999999999998,2.15,2.1999999999999997,198629,43542990.0,0.0,15,2.1799999999999997,0
20211015,1634227200000,2.2,2.2,2.16,2.17,130836,28506255.000000004,0.0,15,2.2,0
20211018,1634486400000,2.19,2.22,2.16,2.21,177918,38964066.0,0.0,15,2.17,0
20211019,1634572800000,2.1999999999999997,2.1999999999999997,2.17,2.1799999999999997,155658,34013411.0,0.0,15,2.21,0
20211020,1634659200000,2.18,2.18,2.16,2.16,128905,27912867.0,0.0,15,2.18,0
20211021,1634745600000,2.16,2.18,2.14,2.14,152108,32833526.0,0.0,15,2.16,0
20211022,1634832000000,2.13,2.13,2.06,2.1,257640,53954417.00000001,0.0,15,2.14,0
20211025,1635091200000,2.11,2.11,2.08,2.11,95443,20013057.0,0.0,15,2.1,0
20211026,1635177600000,2.1,2.11,2.06,2.06,150197,31256628.0,0.0,15,2.11,0
20211027,1635264000000,2.06,2.08,2.0100000000000002,2.0300000000000002,171375,34788060.0,0.0,15,2.06,0
20211028,1635350400000,2.02,2.03,1.98,2.0,185701,37175174.0,0.0,15,2.03,0
20211029,1635436800000,2.0,2.08,2.0,2.07,188152,38543969.0,0.0,15,2.0,0
20211101,1635696000000,2.07,2.14,2.06,2.12,185972,39231930.0,0.0,15,2.07,0
20211102,1635782400000,2.13,2.14,2.02,2.05,172425,35640311.0,0.0,15,2.12,0
20211103,1635868800000,2.06,2.0700000000000003,2.0300000000000002,2.0700000000000003,127145,26068445.0,0.0,15,2.0500000000000003,0
20211104,1635955200000,2.07,2.0999999999999996,2.05,2.0999999999999996,174131,36092145.0,0.0,15,2.07,0
20211105,1636041600000,2.09,2.12,2.08,2.08,132814,27809766.0,0.0,15,2.1,0
20211108,1636300800000,2.0799999999999996,2.0999999999999996,2.07,2.0999999999999996,107558,22481313.0,0.0,15,2.0799999999999996,0
20211109,1636387200000,2.09,2.1,2.08,2.08,109856,22890039.0,0.0,15,2.1,0
20211110,1636473600000,2.08,2.1,2.04,2.1,145342,30009144.000000004,0.0,15,2.08,0
20211111,1636560000000,2.09,2.12,2.08,2.1,147079,30882776.0,0.0,15,2.1,0
20211112,1636646400000,2.11,2.14,2.1,2.13,181455,38481462.0,0.0,15,2.1,0
20211115,1636905600000,2.1199999999999997,2.1399999999999997,2.11,2.13,124464,26491025.0,0.0,15,2.13,0
20211116,1636992000000,2.13,2.22,2.12,2.19,326987,71344324.0,0.0,15,2.13,0
20211117,1637078400000,2.1999999999999997,2.2399999999999998,2.19,2.2199999999999998,207811,46009583.00000001,0.0,15,2.19,0
20211118,1637164800000,2.22,2.23,2.16,2.17,305528,66763058.0,0.0,15,2.22,0
20211119,1637251200000,2.17,2.19,2.14,2.17,181471,39345456.0,0.0,15,2.17,0
20211122,1637510400000,2.17,2.18,2.14,2.16,130183,28143981.0,0.0,15,2.17,0
20211123,1637596800000,2.17,2.2,2.16,2.2,168289,36787847.0,0.0,15,2.16,0
20211124,1637683200000,2.1999999999999997,2.23,2.17,2.2199999999999998,209150,46137441.0,0.0,15,2.1999999999999997,0
20211125,1637769600000,2.22,2.22,2.18,2.19,138543,30485406.000000004,0.0,15,2.22,0
20211126,1637856000000,2.19,2.21,2.15,2.17,133258,28961957.0,0.0,15,2.19,0
20211129,1638115200000,2.14,2.17,2.12,2.15,124599,26800945.0,0.0,15,2.17,0
20211130,1638201600000,2.1599999999999997,2.2199999999999998,2.15,2.19,267797,58865252.00000001,0.0,15,2.15,0
20211201,1638288000000,2.19,2.22,2.16,2.21,187030,40908967.0,0.0,15,2.19,0
20211202,1638374400000,2.21,2.23,2.18,2.18,173467,38229719.0,0.0,15,2.21,0
20211203,1638460800000,2.19,2.25,2.17,2.23,332166,73511676.0,0.0,15,2.1799999999999997,0
20211206,1638720000000,2.23,2.3400000000000003,2.22,2.27,477449,109090087.99999999,0.0,15,2.23,0
20211207,1638806400000,2.2600000000000002,2.3200000000000003,2.22,2.29,309900,70501900.0,0.0,15,2.27,0
20211208,1638892800000,2.3000000000000003,2.31,2.2600000000000002,2.29,190408,43394927.99999999,0.0,15,2.29,0
20211209,1638979200000,2.29,2.29,2.25,2.26,216147,49008360.00000001,0.0,15,2.29,0
20211210,1639065600000,2.26,2.3,2.25,2.28,195512,44625886.0,0.0,15,2.26,0
20211213,1639324800000,2.2800000000000002,2.3000000000000003,2.2800000000000002,2.2800000000000002,152520,34872200.00000001,0.0,15,2.2800000000000002,0
20211214,1639411200000,2.28,2.3,2.27,2.28,186379,42576724.0,0.0,15,2.28,0
20211215,1639497600000,2.2800000000000002,2.33,2.2800000000000002,2.3000000000000003,226833,52354732.0,0.0,15,2.2800000000000002,0
20211216,1639584000000,2.31,2.33,2.2800000000000002,2.3200000000000003,214668,49500175.0,0.0,15,2.3000000000000003,0
20211217,1639670400000,2.32,2.35,2.29,2.3,192898,44686430.0,0.0,15,2.32,0
20211220,1639929600000,2.29,2.3200000000000003,2.2600000000000002,2.27,272761,62218083.0,0.0,15,2.3000000000000003,0
20211221,1640016000000,2.28,2.39,2.27,2.36,587288,137035645.00000003,0.0,15,2.27,0
20211222,1640102400000,2.3699999999999997,2.38,2.32,2.3499999999999996,312267,73465171.0,0.0,15,2.36,0
20211223,1640188800000,2.34,2.39,2.31,2.36,396308,93396984.0,0.0,15,2.35,0
20211224,1640275200000,2.41,2.6,2.41,2.6,2922578,755099127.0,0.0,15,2.3600000000000003,0
20211227,1640534400000,2.51,2.75,2.48,2.65,2636946,690571064.0,0.0,15,2.6,0
20211228,1640620800000,2.5500000000000003,2.6900000000000004,2.5100000000000002,2.6700000000000004,1673755,433211789.0,0.0,15,2.6500000000000004,0
20211229,1640707200000,2.67,2.94,2.67,2.94,2772054,793968940.0000001,0.0,15,2.67,0
20211230,1640793600000,3.0,3.0900000000000003,2.7600000000000002,3.0100000000000002,3350622,985019495.0000001,0.0,15,2.9400000000000004,0
20211231,1640880000000,2.99,3.31,2.87,3.31,2494727,783763106.0,0.0,15,3.0100000000000002,0
20220104,1641225600000,3.5,3.63,3.19,3.1999999999999997,3521938,1174990228.0,0.0,15,3.31,0
20220105,1641312000000,3.24,3.35,2.91,2.97,3207371,1008546310.9999999,0.0,15,3.2,0
20220106,1641398400000,2.8800000000000003,3.1,2.7600000000000002,3.0100000000000002,2394448,693893762.0,0.0,15,2.97,0
20220107,1641484800000,3.02,3.31,2.97,3.06,2771125,867830697.0,0.0,15,3.0100000000000002,0
20220110,1641744000000,3.06,3.07,2.84,2.9899999999999998,1723282,507160597.99999994,0.0,15,3.06,0
20220111,1641830400000,2.95,2.99,2.8000000000000003,2.8200000000000003,1467610,420687084.0,0.0,15,2.99,0
20220112,1641916800000,2.8,2.97,2.79,2.92,1366951,391838495.00000006,0.0,15,2.82,0
20220113,1642003200000,3.0,3.0500000000000003,2.85,2.92,1772872,521063262.00000006,0.0,15,2.92,0
20220114,1642089600000,2.89,3.12,2.83,3.0100000000000002,2251030,677173047.0,0.0,15,2.92,0
20220117,1642348800000,3.08,3.14,2.89,2.95,1405074,416851430.0,0.0,15,3.0100000000000002,0
20220118,1642435200000,2.91,2.93,2.72,2.8000000000000003,1784920,499127781.0,0.0,15,2.95,0
20220119,1642521600000,2.79,2.79,2.7,2.73,880456,240596463.99999997,0.0,15,2.8000000000000003,0
20220120,1642608000000,2.72,2.73,2.6,2.61,961524,255458361.0,0.0,15,2.73,0
20220121,1642694400000,2.63,2.73,2.61,2.71,711201,190004917.0,0.0,15,2.61,0
20220124,1642953600000,2.6799999999999997,2.6999999999999997,2.63,2.65,482651,127922422.0,0.0,15,2.71,0
20220125,1643040000000,2.66,2.71,2.54,2.58,831224,216572684.0,0.0,15,2.65,0
20220126,1643126400000,2.58,2.62,2.5100000000000002,2.5900000000000003,533792,137592613.00000003,0.0,15,2.58,0
20220127,1643212800000,2.56,2.62,2.5100000000000002,2.52,500569,128522263.00000001,0.0,15,2.5900000000000003,0
20220128,1643299200000,2.52,2.62,2.47,2.5900000000000003,498924,127206878.99999999,0.0,15,2.52,0
20220207,1644163200000,2.61,2.69,2.58,2.66,443011,117560131.0,0.0,15,2.59,0
20220208,1644249600000,2.65,2.7199999999999998,2.63,2.7199999999999998,544471,145755760.0,0.0,15,2.6599999999999997,0
20220209,1644336000000,2.77,2.81,2.72,2.79,650704,180011583.0,0.0,15,2.72,0
20220210,1644422400000,2.78,2.83,2.75,2.78,502147,139657341.00000003,0.0,15,2.79,0
20220211,1644508800000,2.76,2.76,2.67,2.6799999999999997,430415,116588144.0,0.0,15,2.78,0
20220214,1644768000000,2.65,2.7600000000000002,2.64,2.71,404675,109753269.0,0.0,15,2.68,0
20220215,1644854400000,2.72,2.72,2.62,2.65,389601,103399595.0,0.0,15,2.71,0
20220216,1644940800000,2.67,2.92,2.64,2.92,1586269,456426767.0,0.0,15,2.65,0
20220217,1645027200000,2.99,3.14,2.93,3.04,3335970,1017548184.9999999,0.0,15,2.9200000000000004,0
20220218,1645113600000,2.95,2.96,2.87,2.91,1348578,392206595.0,0.0,15,3.04,0
20220221,1645372800000,2.9000000000000004,2.9000000000000004,2.8000000000000003,2.87,1183304,336271031.0,0.0,15,2.91,0
20220222,1645459200000,2.85,2.89,2.81,2.84,859647,244371241.99999997,0.0,15,2.87,0
20220223,1645545600000,2.85,2.9200000000000004,2.8000000000000003,2.9200000000000004,1131862,324179087.0,0.0,15,2.8400000000000003,0
20220224,1645632000000,2.91,2.91,2.68,2.7600000000000002,1174553,328884029.00000006,0.0,15,2.92,0
20220225,1645718400000,2.7600000000000002,2.8600000000000003,2.7600000000000002,2.83,706108,199202836.0,0.0,15,2.7600000000000002,0
20220228,1645977600000,2.84,2.88,2.75,2.88,668457,189488992.0,0.0,15,2.83,0
20220301,1646064000000,2.88,2.89,2.83,2.86,411829,117512382.0,0.0,15,2.88,0
20220302,1646150400000,2.81,2.9000000000000004,2.8000000000000003,2.85,621208,177298767.0,0.0,15,2.8600000000000003,0
20220303,1646236800000,2.85,2.9000000000000004,2.7800000000000002,2.8000000000000003,907038,257100930.00000003,0.0,15,2.85,0
20220304,1646323200000,2.8000000000000003,2.81,2.7,2.71,672960,183942616.0,0.0,15,2.8000000000000003,0
20220307,1646582400000,2.71,2.75,2.67,2.6999999999999997,437121,118199930.0,0.0,15,2.71,0
20220308,1646668800000,2.69,2.69,2.56,2.62,553209,145196307.00000003,0.0,15,2.7,0
20220309,1646755200000,2.6100000000000003,2.6300000000000003,2.41,2.54,638877,161864199.0,0.0,15,2.62,0
20220310,1646841600000,2.5900000000000003,2.6100000000000003,2.5500000000000003,2.56,461196,118850627.0,0.0,15,2.5400000000000005,0
20220311,1646928000000,2.53,2.54,2.44,2.53,557538,138549908.0,0.0,15,2.56,0
20220314,1647187200000,2.5100000000000002,2.56,2.45,2.47,446495,111827435.99999999,0.0,15,2.5300000000000002,0
20220315,1647273600000,2.45,2.46,2.31,2.31,537829,128601109.0,0.0,15,2.47,0
20220316,1647360000000,2.35,2.41,2.2600000000000002,2.39,502968,117952600.0,0.0,15,2.31,0
20220317,1647446400000,2.41,2.47,2.41,2.43,431670,105413348.0,0.0,15,2.39,0
20220318,1647532800000,2.43,2.46,2.39,2.46,338301,82573125.0,0.0,15,2.43,0
20220321,1647792000000,2.46,2.48,2.42,2.4699999999999998,364271,89513339.0,0.0,15,2.46,0
20220322,1647878400000,2.4699999999999998,2.51,2.44,2.4899999999999998,312807,77395543.0,0.0,15,2.4699999999999998,0
20220323,1647964800000,2.49,2.5,2.45,2.47,258984,63978417.00000001,0.0,15,2.49,0
20220324,1648051200000,2.4499999999999997,2.4699999999999998,2.42,2.42,241148,58688869.0,0.0,15,2.4699999999999998,0
20220325,1648137600000,2.41,2.45,2.41,2.43,223684,54361788.0,0.0,15,2.42,0
20220328,1648396800000,2.42,2.44,2.36,2.3899999999999997,236980,56727938.00000001,0.0,15,2.4299999999999997,0
20220329,1648483200000,2.4,2.42,2.35,2.35,241005,57176112.0,0.0,15,2.39,0
20220330,1648569600000,2.37,2.4,2.35,2.38,251613,59712986.00000001,0.0,15,2.35,0
20220331,1648656000000,2.37,2.4,2.35,2.37,211118,50201241.0,0.0,15,2.38,0
20220401,1648742400000,2.3499999999999996,2.36,2.32,2.34,268017,62739925.0,0.0,15,2.3699999999999997,0
20220406,1649174400000,2.3299999999999996,2.3899999999999997,2.32,2.38,239164,56606387.99999999,0.0,15,2.34,0
20220407,1649260800000,2.3899999999999997,2.3899999999999997,2.32,2.3299999999999996,264069,62275618.0,0.0,15,2.38,0
20220408,1649347200000,2.33,2.47,2.3000000000000003,2.4400000000000004,539281,128639572.00000001,0.0,15,2.33,0
20220411,1649606400000,2.41,2.42,2.31,2.33,454024,106977319.0,0.0,15,2.44,0
20220412,1649692800000,2.33,2.3600000000000003,2.2800000000000002,2.35,333155,77122847.0,0.0,15,2.33,0
20220413,1649779200000,2.3499999999999996,2.4299999999999997,2.34,2.3899999999999997,426971,102006378.0,0.0,15,2.3499999999999996,0
20220414,1649865600000,2.4,2.4099999999999997,2.36,2.38,258339,61438575.0,0.0,15,2.3899999999999997,0
20220415,1649952000000,2.37,2.39,2.31,2.32,284177,66368260.0,0.0,15,2.38,0
20220418,1650211200000,2.31,2.3400000000000003,2.2800000000000002,2.3200000000000003,159384,36844765.0,0.0,15,2.3200000000000003,0
20220419,1650297600000,2.3299999999999996,2.3699999999999997,2.32,2.36,162952,38302616.0,0.0,15,2.32,0
20220420,1650384000000,2.35,2.37,2.3000000000000003,2.31,187518,43788994.0,0.0,15,2.3600000000000003,0
20220421,1650470400000,2.3,2.31,2.19,2.1999999999999997,369904,82937968.0,0.0,15,2.31,0
20220422,1650556800000,2.2,2.2,2.14,2.17,195087,42245549.0,0.0,15,2.2,0
20220425,1650816000000,2.14,2.14,2.0,2.01,314815,64981638.0,0.0,15,2.17,0
20220426,1650902400000,2.01,2.06,1.98,2.01,253044,50903125.0,0.0,15,2.01,0
20220427,1650988800000,1.98,2.05,1.92,2.04,336127,66698191.0,0.0,15,2.01,0
20220428,1651075200000,2.03,2.03,1.95,1.97,221022,44038905.00000001,0.0,15,2.04,0
20220429,1651161600000,1.98,2.07,1.98,2.07,262173,53256211.0,0.0,15,1.97,0
20220505,1651680000000,2.06,2.1,2.04,2.09,181498,37724182.0,0.0,15,2.07,0
20220506,1651766400000,2.0500000000000003,2.0700000000000003,2.0300000000000002,2.0500000000000003,169453,34729817.0,0.0,15,2.0900000000000003,0
20220509,1652025600000,2.05,2.14,2.04,2.13,257169,54256558.00000001,0.0,15,2.05,0
20220510,1652112000000,2.11,2.1399999999999997,2.09,2.1199999999999997,182937,38735649.0,0.0,15,2.13,0
20220511,1652198400000,2.14,2.17,2.12,2.12,248870,53319319.00000001,0.0,15,2.12,0
20220512,1652284800000,2.0999999999999996,2.1399999999999997,2.09,2.1199999999999997,167468,35437637.00000001,0.0,15,2.1199999999999997,0
20220513,1652371200000,2.13,2.14,2.1,2.13,145658,30896757.999999996,0.0,15,2.12,0
20220516,1652630400000,2.14,2.17,2.12,2.16,174717,37528255.0,0.0,15,2.13,0
20220517,1652716800000,2.1599999999999997,2.17,2.11,2.1399999999999997,175690,37571612.0,0.0,15,2.1599999999999997,0
20220518,1652803200000,2.16,2.2600000000000002,2.14,2.24,349027,77111832.0,0.0,15,2.14,0
20220519,1652889600000,2.21,2.33,2.2,2.31,382630,86935625.0,0.0,15,2.24,0
20220520,1652976000000,2.31,2.36,2.31,2.34,250617,58395455.0,0.0,15,2.31,0
20220523,1653235200000,2.34,2.39,2.33,2.36,261111,61641269.0,0.0,15,2.34,0
20220524,1653321600000,2.36,2.38,2.25,2.26,299883,69492177.0,0.0,15,2.36,0
20220525,1653408000000,2.26,2.34,2.25,2.32,227234,52415981.0,0.0,15,2.26,0
20220526,1653494400000,2.3200000000000003,2.3400000000000003,2.2600000000000002,2.29,229086,52520301.0,0.0,15,2.3200000000000003,0
20220527,1653580800000,2.3000000000000003,2.4200000000000004,2.2800000000000002,2.3200000000000003,460173,107288290.00000001,0.0,15,2.29,0
20220530,1653840000000,2.31,2.32,2.25,2.27,262215,59713903.0,0.0,15,2.32,0
20220531,1653926400000,2.28,2.29,2.23,2.27,203249,45882044.0,0.0,15,2.27,0
20220601,1654012800000,2.27,2.29,2.25,2.27,156673,35577840.0,0.0,15,2.27,0
20220602,1654099200000,2.2800000000000002,2.29,2.2600000000000002,2.2800000000000002,125066,28458715.0,0.0,15,2.27,0
20220606,1654444800000,2.28,2.37,2.27,2.35,302683,70372726.0,0.0,15,2.28,0
20220607,1654531200000,2.35,2.35,2.29,2.33,216907,50164429.0,0.0,15,2.35,0
20220608,1654617600000,2.33,2.35,2.27,2.31,204020,47197475.00000001,0.0,15,2.33,0
20220609,1654704000000,2.33,2.33,2.25,2.28,191005,43655103.0,0.0,15,2.31,0
20220610,1654790400000,2.27,2.39,2.25,2.36,404441,94459090.00000001,0.0,15,2.28,0
20220613,1655049600000,2.3499999999999996,2.42,2.34,2.42,526285,126261407.00000001,0.0,15,2.36,0
20220614,1655136000000,2.41,2.41,2.33,2.4,321487,76326964.99999999,0.0,15,2.42,0
20220615,1655222400000,2.4,2.42,2.38,2.38,264148,63213551.0,0.0,15,2.4,0
20220616,1655308800000,2.39,2.62,2.39,2.62,777802,198862219.0,0.0,15,2.3800000000000003,0
20220617,1655395200000,2.6500000000000004,2.6900000000000004,2.5500000000000003,2.6300000000000003,1682413,441950772.0,0.0,15,2.62,0
20220620,1655654400000,2.63,2.73,2.59,2.69,1176404,314762549.0,0.0,15,2.63,0
20220621,1655740800000,2.69,2.69,2.69,2.69,0,0.0,0.0,0,2.69,1
20220622,1655827200000,2.69,2.69,2.69,2.69,0,0.0,0.0,0,2.69,1
20220623,1655913600000,2.7800000000000002,2.96,2.43,2.8200000000000003,1641454,445351396.00000006,0.0,15,2.6900000000000004,0
20220624,1656000000000,2.83,2.98,2.79,2.8,1200096,344324518.0,0.0,15,2.82,0
20220627,1656259200000,2.77,2.7800000000000002,2.64,2.7,1024482,275052899.0,0.0,15,2.8000000000000003,0
20220628,1656345600000,2.6799999999999997,2.6999999999999997,2.61,2.65,566839,150140520.0,0.0,15,2.6999999999999997,0
20220629,1656432000000,2.64,2.6500000000000004,2.5300000000000002,2.54,499375,128829898.0,0.0,15,2.6500000000000004,0
20220630,1656518400000,2.54,2.5900000000000003,2.5100000000000002,2.52,489604,124628344.0,0.0,15,2.54,0
20220701,1656604800000,2.52,2.6900000000000004,2.49,2.6700000000000004,771823,201014833.0,0.0,15,2.52,0
20220704,1656864000000,2.65,2.7,2.6,2.69,486233,128889741.0,0.0,15,2.67,0
20220705,1656950400000,2.6799999999999997,2.71,2.63,2.71,413377,110359090.00000001,0.0,15,2.69,0
20220706,1657036800000,2.98,2.98,2.94,2.98,807106,240448747.0,0.0,15,2.71,0
20220707,1657123200000,3.28,3.28,3.21,3.28,950786,311841557.00000006,0.0,15,2.98,0
20220708,1657209600000,3.6100000000000003,3.6100000000000003,2.95,2.96,3793991,1222137271.0,0.0,15,3.2800000000000002,0
20220711,1657468800000,2.88,3.14,2.79,2.99,2012355,600162802.9999999,0.0,15,2.96,0
20220712,1657555200000,2.9099999999999997,3.06,2.86,2.86,1439472,421755875.00000006,0.0,15,2.9899999999999998,0
20220713,1657641600000,2.81,2.85,2.75,2.82,1015044,283723580.0,0.0,15,2.86,0
20220714,1657728000000,2.8,2.83,2.75,2.78,828395,230062305.0,0.0,15,2.82,0
20220715,1657814400000,2.76,2.77,2.65,2.65,1052499,282720250.0,0.0,15,2.78,0
20220718,1658073600000,2.61,2.79,2.61,2.76,829247,225879066.99999997,0.0,15,2.65,0
20220719,1658160000000,2.7600000000000002,2.9000000000000004,2.74,2.83,925331,261882408.99999997,0.0,15,2.7600000000000002,0
20220720,1658246400000,2.85,3.1100000000000003,2.83,3.1100000000000003,2227522,671623260.0,0.0,15,2.83,0
20220721,1658332800000,3.04,3.3200000000000003,2.95,3.1700000000000004,2543838,793420683.0,0.0,15,3.1100000000000003,0
20220722,1658419200000,3.14,3.16,3.0500000000000003,3.0700000000000003,1200246,370921948.00000006,0.0,15,3.1700000000000004,0
20220725,1658678400000,3.07,3.11,2.96,2.98,718752,216625323.0,0.0,15,3.07,0
20220726,1658764800000,2.97,2.99,2.93,2.96,568438,168214623.0,0.0,15,2.98,0
20220727,1658851200000,2.96,3.02,2.93,2.96,616330,183003898.0,0.0,15,2.96,0
20220728,1658937600000,2.9699999999999998,3.08,2.96,3.07,973936,294394218.0,0.0,15,2.96,0
20220729,1659024000000,3.04,3.04,2.94,2.98,793620,237081052.0,0.0,15,3.07,0
20220801,1659283200000,2.95,2.97,2.87,2.92,553055,160774261.0,0.0,15,2.98,0
20220802,1659369600000,2.88,2.89,2.73,2.77,743784,207197110.0,0.0,15,2.92,0
20220803,1659456000000,2.7399999999999998,2.86,2.73,2.75,562004,157637115.0,0.0,15,2.77,0
20220804,1659542400000,2.8000000000000003,2.8400000000000003,2.72,2.79,414045,115097372.0,0.0,15,2.75,0
20220805,1659628800000,2.81,2.8200000000000003,2.74,2.8000000000000003,347553,96476875.00000001,0.0,15,2.79,0
20220808,1659888000000,2.78,2.93,2.77,2.93,562888,161595854.0,0.0,15,2.8,0
20220809,1659974400000,2.9499999999999997,3.02,2.9,2.9899999999999998,634357,188505743.0,0.0,15,2.9299999999999997,0
20220810,1660060800000,3.0,3.0,2.92,2.9499999999999997,435890,128342437.0,0.0,15,2.9899999999999998,0
20220811,1660147200000,2.95,2.96,2.91,2.96,371410,109060345.99999999,0.0,15,2.95,0
20220812,1660233600000,2.92,3.01,2.88,2.94,538864,158856733.00000003,0.0,15,2.96,0
20220815,1660492800000,2.9,3.0,2.9,2.9899999999999998,464679,136677748.0,0.0,15,2.94,0
20220816,1660579200000,2.98,3.02,2.95,2.96,496334,147755846.0,0.0,15,2.99,0
20220817,1660665600000,2.95,3.18,2.93,3.1100000000000003,1315159,404877881.0,0.0,15,2.96,0
20220818,1660752000000,3.0700000000000003,3.08,3.0100000000000002,3.02,713419,216237237.0,0.0,15,3.1100000000000003,0
20220819,1660838400000,3.02,3.03,2.96,2.96,478398,142636462.00000003,0.0,15,3.02,0
20220822,1661097600000,3.07,3.18,3.0,3.05,1007003,309844010.0,0.0,15,2.96,0
20220823,1661184000000,3.04,3.0500000000000003,2.99,3.0100000000000002,481059,144620905.00000003,0.0,15,3.0500000000000003,0
20220824,1661270400000,3.02,3.04,2.89,2.89,628582,185130141.0,0.0,15,3.0100000000000002,0
20220825,1661356800000,2.9,2.93,2.81,2.92,419623,121163476.00000001,0.0,15,2.89,0
20220826,1661443200000,2.9099999999999997,2.92,2.84,2.8499999999999996,320089,92071769.0,0.0,15,2.92,0
20220829,1661702400000,2.78,2.9,2.77,2.89,224000,63766837.0,0.0,15,2.85,0
20220830,1661788800000,2.8899999999999997,2.92,2.84,2.86,196355,56279324.0,0.0,15,2.8899999999999997,0
20220831,1661875200000,2.84,2.86,2.75,2.76,333292,92872278.0,0.0,15,2.86,0
20220901,1661961600000,2.77,2.8,2.75,2.75,165922,45945197.0,0.0,15,2.76,0
20220902,1662048000000,2.75,2.78,2.73,2.78,142163,39280467.0,0.0,15,2.75,0
20220905,1662307200000,2.7800000000000002,2.8200000000000003,2.7600000000000002,2.8000000000000003,163089,45578189.00000001,0.0,15,2.7800000000000002,0
20220906,1662393600000,2.81,2.88,2.79,2.86,273788,77858548.0,0.0,15,2.8,0
20220907,1662480000000,2.84,2.87,2.83,2.86,215174,61319997.0,0.0,15,2.86,0
20220908,1662566400000,2.85,2.85,2.7800000000000002,2.8000000000000003,261801,73510744.0,0.0,15,2.8600000000000003,0
20220909,1662652800000,2.79,2.81,2.77,2.79,166375,46409700.0,0.0,15,2.8,0
20220913,1662998400000,2.79,2.8200000000000003,2.7600000000000002,2.77,159070,44350646.0,0.0,15,2.79,0
20220914,1663084800000,2.7199999999999998,2.75,2.71,2.73,178948,48844012.0,0.0,15,2.77,0
20220915,1663171200000,2.7399999999999998,2.77,2.63,2.67,271001,72617413.00000001,0.0,15,2.73,0
20220916,1663257600000,2.65,2.66,2.6,2.6,202427,53144185.0,0.0,15,2.67,0
20220919,1663516800000,2.6,2.62,2.54,2.55,168353,43292657.0,0.0,15,2.6,0
20220920,1663603200000,2.57,2.68,2.56,2.65,258370,68205781.00000001,0.0,15,2.5500000000000003,0
20220921,1663689600000,2.61,2.69,2.61,2.67,181729,48236495.0,0.0,15,2.65,0
20220922,1663776000000,2.6599999999999997,2.71,2.65,2.65,167933,44961012.99999999,0.0,15,2.67,0
20220923,1663862400000,2.64,2.67,2.58,2.59,182553,47740276.0,0.0,15,2.65,0
20220926,1664121600000,2.5900000000000003,2.5900000000000003,2.45,2.47,278357,69870020.00000001,0.0,15,2.5900000000000003,0
20220927,1664208000000,2.47,2.56,2.47,2.5500000000000003,199157,50230562.0,0.0,15,2.47,0
20220928,1664294400000,2.55,2.55,2.46,2.4699999999999998,175636,43921321.0,0.0,15,2.55,0
20220929,1664380800000,2.49,2.52,2.39,2.43,176318,43138030.0,0.0,15,2.47,0
20220930,1664467200000,2.4299999999999997,2.4699999999999998,2.42,2.44,125775,30721657.0,0.0,15,2.4299999999999997,0
20221010,1665331200000,2.4499999999999997,2.4899999999999998,2.42,2.44,136599,33441077.0,0.0,15,2.44,0
20221011,1665417600000,2.46,2.4899999999999998,2.4,2.4699999999999998,125549,30707662.0,0.0,15,2.44,0
20221012,1665504000000,2.4699999999999998,2.55,2.44,2.55,204796,51172366.0,0.0,15,2.4699999999999998,0
20221013,1665590400000,2.55,2.59,2.52,2.57,168203,43204985.0,0.0,15,2.55,0
20221014,1665676800000,2.58,2.65,2.58,2.63,195568,51159155.00000001,0.0,15,2.5700000000000003,0
20221017,1665936000000,2.62,2.66,2.6,2.65,166931,44082383.0,0.0,15,2.63,0
20221018,1666022400000,2.66,2.68,2.62,2.62,152587,40292350.00000001,0.0,15,2.65,0
20221019,1666108800000,2.63,2.6599999999999997,2.61,2.6199999999999997,142453,37487986.0,0.0,15,2.6199999999999997,0
20221020,1666195200000,2.62,2.64,2.58,2.6,124854,32537892.999999996,0.0,15,2.62,0
20221021,1666281600000,2.6,2.62,2.58,2.59,112404,29266935.0,0.0,15,2.6,0
20221024,1666540800000,2.6100000000000003,2.64,2.5500000000000003,2.5700000000000003,201710,52568530.0,0.0,15,2.5900000000000003,0
20221025,1666627200000,2.5700000000000003,2.6100000000000003,2.5100000000000002,2.6,160926,41175572.0,0.0,15,2.5700000000000003,0
20221026,1666713600000,2.6199999999999997,2.6399999999999997,2.59,2.63,165537,43368167.00000001,0.0,15,2.5999999999999996,0
20221027,1666800000000,2.63,2.65,2.61,2.6199999999999997,121143,31892410.000000004,0.0,15,2.63,0
20221028,1666886400000,2.62,2.62,2.52,2.54,198788,50856237.0,0.0,15,2.62,0
20221031,1667145600000,2.54,2.64,2.52,2.61,202912,52674330.00000001,0.0,15,2.54,0
20221101,1667232000000,2.61,2.65,2.6,2.65,159560,42031085.0,0.0,15,2.61,0
20221102,1667318400000,2.65,2.7800000000000002,2.64,2.7,284968,77395929.0,0.0,15,2.65,0
20221103,1667404800000,2.69,2.76,2.67,2.7399999999999998,232267,63134574.00000001,0.0,15,2.6999999999999997,0
20221104,1667491200000,2.73,2.7600000000000002,2.72,2.74,235488,64647986.0,0.0,15,2.74,0
20221107,1667750400000,2.76,2.78,2.73,2.76,238522,65655154.00000001,0.0,15,2.7399999999999998,0
20221108,1667836800000,2.7600000000000002,2.79,2.74,2.79,224291,62139932.0,0.0,15,2.7600000000000002,0
20221109,1667923200000,2.8,2.82,2.77,2.77,166643,46469990.00000001,0.0,15,2.79,0
20221110,1668009600000,2.7600000000000002,2.7800000000000002,2.74,2.74,180324,49661749.0,0.0,15,2.77,0
20221111,1668096000000,2.7800000000000002,2.81,2.7600000000000002,2.7800000000000002,235840,65577896.00000001,0.0,15,2.74,0
20221114,1668355200000,2.77,2.79,2.73,2.7399999999999998,190536,52529100.0,0.0,15,2.78,0
20221115,1668441600000,2.73,2.77,2.72,2.77,170253,46871417.0,0.0,15,2.74,0
20221116,1668528000000,2.77,2.79,2.75,2.77,149247,41324088.0,0.0,15,2.77,0
20221117,1668614400000,2.7600000000000002,2.7600000000000002,2.72,2.74,209618,57303840.0,0.0,15,2.77,0
20221118,1668700800000,2.75,2.75,2.7,2.71,165025,44949388.0,0.0,15,2.74,0
20221121,1668960000000,2.6799999999999997,2.7199999999999998,2.67,2.6999999999999997,159989,43143571.0,0.0,15,2.71,0
20221122,1669046400000,2.71,2.7600000000000002,2.7,2.7,183025,49928307.0,0.0,15,2.7,0
20221123,1669132800000,2.71,2.71,2.63,2.6799999999999997,200565,53610592.0,0.0,15,2.6999999999999997,0
20221124,1669219200000,2.7,2.74,2.7,2.72,149459,40580448.0,0.0,15,2.68,0
20221125,1669305600000,2.71,2.71,2.68,2.7,112454,30297025.0,0.0,15,2.72,0
20221128,1669564800000,2.69,2.69,2.62,2.63,172743,45539720.0,0.0,15,2.7,0
20221129,1669651200000,2.63,2.71,2.63,2.6999999999999997,195629,52361256.0,0.0,15,2.63,0
20221130,1669737600000,2.7,2.73,2.68,2.72,150024,40654167.0,0.0,15,2.7,0
20221201,1669824000000,2.74,2.75,2.7,2.71,126803,34495794.0,0.0,15,2.72,0
20221202,1669910400000,2.6999999999999997,2.7199999999999998,2.69,2.71,122311,33053421.000000004,0.0,15,2.71,0
20221205,1670169600000,2.71,2.7600000000000002,2.7,2.75,274905,75306236.0,0.0,15,2.71,0
20221206,1670256000000,2.75,2.7600000000000002,2.72,2.74,142558,38993868.99999999,0.0,15,2.75,0
20221207,1670342400000,2.73,2.7399999999999998,2.71,2.7199999999999998,139408,37927477.0,0.0,15,2.7399999999999998,0
20221208,1670428800000,2.71,2.73,2.69,2.6999999999999997,115440,31254048.0,0.0,15,2.7199999999999998,0
20221209,1670515200000,2.6799999999999997,2.7199999999999998,2.67,2.7199999999999998,151064,40703345.00000001,0.0,15,2.6999999999999997,0
20221212,1670774400000,2.71,2.71,2.65,2.6599999999999997,152686,40867626.00000001,0.0,15,2.7199999999999998,0
20221213,1670860800000,2.67,2.68,2.64,2.64,112822,29989599.0,0.0,15,2.66,0
20221214,1670947200000,2.65,2.71,2.65,2.67,137078,36784054.99999999,0.0,15,2.64,0
20221215,1671033600000,2.6799999999999997,2.6799999999999997,2.63,2.65,142631,37770155.0,0.0,15,2.67,0
20221216,1671120000000,2.63,2.65,2.62,2.63,110319,29027694.000000004,0.0,15,2.65,0
20221219,1671379200000,2.6100000000000003,2.6300000000000003,2.5500000000000003,2.5700000000000003,155511,40113364.0,0.0,15,2.6300000000000003,0
20221220,1671465600000,2.57,2.6,2.54,2.57,88463,22722688.0,0.0,15,2.57,0
20221221,1671552000000,2.57,2.58,2.52,2.52,138190,35170318.00000001,0.0,15,2.57,0
20221222,1671638400000,2.54,2.5700000000000003,2.45,2.46,168885,42200981.00000001,0.0,15,2.52,0
20221223,1671724800000,2.4499999999999997,2.4899999999999998,2.44,2.48,117695,29006591.000000004,0.0,15,2.46,0
20221226,1671984000000,2.48,2.53,2.46,2.53,115828,28937623.0,0.0,15,2.48,0
20221227,1672070400000,2.53,2.57,2.52,2.57,101592,25881585.0,0.0,15,2.53,0
20221228,1672156800000,2.61,2.63,2.57,2.59,160004,41477532.0,0.0,15,2.57,0
20221229,1672243200000,2.57,2.6,2.54,2.55,121402,31152482.0,0.0,15,2.59,0
20221230,1672329600000,2.5700000000000003,2.5900000000000003,2.5500000000000003,2.58,70958,18231653.0,0.0,15,2.5500000000000003,0
20230103,1672675200000,2.59,2.62,2.56,2.62,130940,34026873.00000001,0.0,15,2.58,0
20230104,1672761600000,2.61,2.68,2.6,2.66,175279,46376768.0,0.0,15,2.62,0
20230105,1672848000000,2.65,2.68,2.64,2.66,124114,32998925.000000004,0.0,15,2.66,0
20230106,1672934400000,2.66,2.67,2.64,2.64,103330,27436096.999999996,0.0,15,2.66,0
20230109,1673193600000,2.65,2.69,2.64,2.68,147172,39397083.0,0.0,15,2.64,0
20230110,1673280000000,2.69,2.7,2.64,2.65,135329,35998587.0,0.0,15,2.68,0
20230111,1673366400000,2.65,2.67,2.63,2.63,224232,59429280.0,0.0,15,2.65,0
20230112,1673452800000,2.6399999999999997,2.6599999999999997,2.61,2.6199999999999997,120141,31642057.0,0.0,15,2.63,0
20230113,1673539200000,2.6399999999999997,2.65,2.61,2.63,97856,25754104.000000004,0.0,15,2.6199999999999997,0
20230116,1673798400000,2.63,2.65,2.62,2.64,128464,33888470.0,0.0,15,2.63,0
20230117,1673884800000,2.6399999999999997,2.65,2.61,2.63,98220,25817973.000000004,0.0,15,2.6399999999999997,0
20230118,1673971200000,2.62,2.67,2.62,2.66,134012,35526359.0,0.0,15,2.63,0
20230119,1674057600000,2.67,2.67,2.64,2.65,112733,29897488.0,0.0,15,2.66,0
20230120,1674144000000,2.65,2.6999999999999997,2.65,2.6999999999999997,185226,49744719.0,0.0,15,2.65,0
20230130,1675008000000,2.73,2.77,2.72,2.75,262140,71981289.00000001,0.0,15,2.7,0
20230131,1675094400000,2.75,2.78,2.71,2.77,271498,74897977.0,0.0,15,2.75,0
20230201,1675180800000,2.77,2.85,2.7600000000000002,2.8400000000000003,428802,121074366.00000001,0.0,15,2.77,0
20230202,1675267200000,2.85,2.85,2.7800000000000002,2.8000000000000003,276576,77524896.00000001,0.0,15,2.8400000000000003,0
20230203,1675353600000,2.8,2.81,2.75,2.8,226230,62840141.0,0.0,15,2.8,0
20230206,1675612800000,2.78,2.79,2.73,2.76,214234,59091508.00000001,0.0,15,2.8,0
20230207,1675699200000,2.76,2.79,2.75,2.79,139591,38701562.0,0.0,15,2.76,0
20230208,1675785600000,2.79,2.82,2.77,2.77,149125,41606540.0,0.0,15,2.79,0
20230209,1675872000000,2.77,2.8000000000000003,2.7600000000000002,2.79,143534,40015155.0,0.0,15,2.77,0
20230210,1675958400000,2.79,2.81,2.77,2.78,159888,44602459.00000001,0.0,15,2.79,0
20230213,1676217600000,2.7800000000000002,2.8000000000000003,2.7600000000000002,2.79,163083,45322686.0,0.0,15,2.7800000000000002,0
20230214,1676304000000,2.79,2.81,2.7800000000000002,2.7800000000000002,171223,47842951.00000001,0.0,15,2.79,0
20230215,1676390400000,2.8,2.81,2.77,2.78,156183,43547424.99999999,0.0,15,2.78,0
20230216,1676476800000,2.79,2.79,2.67,2.6999999999999997,296303,81183352.0,0.0,15,2.78,0
20230217,1676563200000,2.69,2.73,2.68,2.69,195452,52962093.0,0.0,15,2.7,0
20230220,1676822400000,2.68,2.74,2.68,2.73,178164,48318482.00000001,0.0,15,2.69,0
20230221,1676908800000,2.7399999999999998,2.79,2.73,2.77,216571,59852514.0,0.0,15,2.73,0
20230222,1676995200000,2.76,2.77,2.73,2.76,134847,37063107.0,0.0,15,2.77,0
20230223,1677081600000,2.7600000000000002,2.77,2.74,2.7600000000000002,116482,32078896.999999996,0.0,15,2.7600000000000002,0
20230224,1677168000000,2.7600000000000002,2.77,2.74,2.7600000000000002,136282,37474682.0,0.0,15,2.7600000000000002,0
20230227,1677427200000,2.75,2.76,2.71,2.71,148615,40504963.0,0.0,15,2.76,0
20230228,1677513600000,2.71,2.73,2.7,2.73,109851,29829207.0,0.0,15,2.71,0
20230301,1677600000000,2.73,2.75,2.71,2.75,139444,38086551.0,0.0,15,2.73,0
20230302,1677686400000,2.74,2.7600000000000002,2.74,2.75,154737,42541297.00000001,0.0,15,2.75,0
20230303,1677772800000,2.7399999999999998,2.75,2.71,2.73,135315,36893882.0,0.0,15,2.75,0
20230306,1678032000000,2.73,2.7399999999999998,2.69,2.7199999999999998,133150,36111868.0,0.0,15,2.73,0
20230307,1678118400000,2.7199999999999998,2.7199999999999998,2.65,2.65,189389,50814065.0,0.0,15,2.7199999999999998,0
20230308,1678204800000,2.65,2.67,2.63,2.65,131020,34722463.0,0.0,15,2.65,0
20230309,1678291200000,2.6999999999999997,2.85,2.67,2.7199999999999998,503557,137272928.99999997,0.0,15,2.65,0
20230310,1678377600000,2.69,2.7199999999999998,2.65,2.6599999999999997,337878,90435731.0,0.0,15,2.7199999999999998,0
20230313,1678636800000,2.65,2.6599999999999997,2.57,2.59,360015,93536168.0,0.0,15,2.6599999999999997,0
20230314,1678723200000,2.59,2.6,2.52,2.54,275463,70242915.0,0.0,15,2.59,0
20230315,1678809600000,2.55,2.59,2.54,2.57,183381,47130200.99999999,0.0,15,2.54,0
20230316,1678896000000,2.55,2.56,2.5,2.52,180192,45621157.0,0.0,15,2.57,0
20230317,1678982400000,2.54,2.55,2.52,2.52,187338,47446037.0,0.0,15,2.52,0
20230320,1679241600000,2.52,2.5500000000000003,2.5100000000000002,2.52,158779,40152951.0,0.0,15,2.52,0
20230321,1679328000000,2.5300000000000002,2.5700000000000003,2.5100000000000002,2.5700000000000003,163618,41499681.0,0.0,15,2.52,0
20230322,1679414400000,2.57,2.57,2.54,2.56,155404,39699952.99999999,0.0,15,2.57,0
20230323,1679500800000,2.54,2.56,2.5300000000000002,2.5500000000000003,124637,31661348.000000004,0.0,15,2.56,0
20230324,1679587200000,2.55,2.56,2.52,2.54,115992,29395026.0,0.0,15,2.55,0
20230327,1679846400000,2.53,2.54,2.5,2.52,187863,47305278.0,0.0,15,2.54,0
20230328,1679932800000,2.53,2.53,2.5,2.51,134723,33869982.0,0.0,15,2.52,0
20230329,1680019200000,2.51,2.52,2.46,2.46,192745,47789045.00000001,0.0,15,2.51,0
20230330,1680105600000,2.47,2.49,2.45,2.49,154355,38108174.99999999,0.0,15,2.46,0
20230331,1680192000000,2.48,2.5,2.47,2.49,107906,26874239.999999996,0.0,15,2.49,0
20230403,1680451200000,2.4899999999999998,2.51,2.48,2.5,129227,32181386.0,0.0,15,2.4899999999999998,0
20230404,1680537600000,2.4899999999999998,2.5,2.46,2.46,137432,33932908.0,0.0,15,2.5,0
20230406,1680710400000,2.46,2.47,2.43,2.44,127459,31138023.0,0.0,15,2.46,0
20230407,1680796800000,2.46,2.4699999999999998,2.44,2.4699999999999998,98928,24354106.0,0.0,15,2.44,0
20230410,1681056000000,2.4699999999999998,2.4699999999999998,2.42,2.4299999999999997,141704,34650996.0,0.0,15,2.4699999999999998,0
20230411,1681142400000,2.43,2.47,2.39,2.47,159332,38635301.0,0.0,15,2.43,0
20230412,1681228800000,2.47,2.49,2.45,2.47,119661,29528568.000000004,0.0,15,2.47,0
20230413,1681315200000,2.47,2.48,2.45,2.47,143936,35485358.00000001,0.0,15,2.47,0
20230414,1681401600000,2.45,2.45,2.41,2.43,217455,52816177.00000001,0.0,15,2.47,0
20230417,1681660800000,2.43,2.43,2.39,2.41,154113,37088846.00000001,0.0,15,2.43,0
20230418,1681747200000,2.41,2.41,2.33,2.35,224225,52925994.0,0.0,15,2.41,0
20230419,1681833600000,2.35,2.37,2.31,2.35,177572,41394538.0,0.0,15,2.35,0
20230420,1681920000000,2.34,2.34,2.27,2.28,202440,46358580.0,0.0,15,2.35,0
20230421,1682006400000,2.27,2.31,2.24,2.24,174400,39579763.0,0.0,15,2.2800000000000002,0
20230424,1682265600000,2.23,2.25,2.17,2.23,184062,40712689.0,0.0,15,2.2399999999999998,0
20230425,1682352000000,2.2199999999999998,2.23,2.13,2.17,171051,37174217.0,0.0,15,2.23,0
20230426,1682438400000,2.1599999999999997,2.2199999999999998,2.15,2.21,172014,37821807.0,0.0,15,2.17,0
20230427,1682524800000,2.21,2.21,2.18,2.2,119739,26301216.0,0.0,15,2.21,0
20230428,1682611200000,2.1999999999999997,2.25,2.19,2.25,117104,26150014.0,0.0,15,2.1999999999999997,0
20230504,1683129600000,2.2399999999999998,2.31,2.23,2.27,150195,34196077.0,0.0,15,2.25,0
20230505,1683216000000,2.27,2.28,2.23,2.25,92475,20759411.0,0.0,15,2.27,0
20230508,1683475200000,2.25,2.27,2.23,2.26,84030,18953763.0,0.0,15,2.25,0
20230509,1683561600000,2.2600000000000002,2.27,2.22,2.23,127587,28658464.0,0.0,15,2.2600000000000002,0
20230510,1683648000000,2.23,2.25,2.22,2.25,76383,17067053.0,0.0,15,2.23,0
20230511,1683734400000,2.25,2.26,2.23,2.25,71505,16036242.000000002,0.0,15,2.25,0
20230512,1683820800000,2.25,2.25,2.19,2.1999999999999997,106151,23502406.0,0.0,15,2.25,0
20230515,1684080000000,2.19,2.24,2.18,2.23,116425,25709177.0,0.0,15,2.2,0
20230516,1684166400000,2.23,2.23,2.19,2.1999999999999997,80771,17830413.0,0.0,15,2.23,0
20230517,1684252800000,2.1999999999999997,2.23,2.19,2.23,90370,19987535.000000004,0.0,15,2.1999999999999997,0
20230518,1684339200000,2.23,2.25,2.22,2.24,87834,19624584.0,0.0,15,2.23,0
20230519,1684425600000,2.2399999999999998,2.2399999999999998,2.21,2.23,46214,10280261.999999998,0.0,15,2.2399999999999998,0
20230522,1684684800000,2.23,2.23,2.21,2.2199999999999998,71452,15842598.0,0.0,15,2.23,0
20230523,1684771200000,2.22,2.22,2.18,2.19,83884,18449852.0,0.0,15,2.22,0
20230524,1684857600000,2.1799999999999997,2.19,2.15,2.1599999999999997,121731,26369341.0,0.0,15,2.19,0
20230525,1684944000000,2.1599999999999997,2.1599999999999997,2.11,2.13,107358,22903753.0,0.0,15,2.1599999999999997,0
20230526,1685030400000,2.12,2.13,2.06,2.11,147770,30819093.0,0.0,15,2.13,0
20230529,1685289600000,2.11,2.13,2.05,2.0599999999999996,133622,27816459.000000004,0.0,15,2.11,0
20230530,1685376000000,2.06,2.07,2.02,2.07,113058,23143799.0,0.0,15,2.06,0
20230531,1685462400000,2.07,2.07,2.04,2.05,71313,14674178.0,0.0,15,2.07,0
20230601,1685548800000,2.05,2.11,2.04,2.09,107593,22379454.0,0.0,15,2.05,0
20230602,1685635200000,2.09,2.11,2.08,2.1,88766,18660348.0,0.0,15,2.09,0
20230605,1685894400000,2.11,2.1199999999999997,2.09,2.11,77922,16396432.0,0.0,15,2.0999999999999996,0
20230606,1685980800000,2.11,2.11,2.06,2.07,87216,18219279.0,0.0,15,2.11,0
20230607,1686067200000,2.07,2.0799999999999996,2.05,2.0599999999999996,63677,13118498.0,0.0,15,2.07,0
20230608,1686153600000,2.0599999999999996,2.07,2.05,2.0599999999999996,58498,12051837.0,0.0,15,2.0599999999999996,0
20230609,1686240000000,2.06,2.0700000000000003,2.0300000000000002,2.04,77896,15935951.000000002,0.0,15,2.06,0
20230612,1686499200000,2.04,2.08,2.0100000000000002,2.0700000000000003,153471,31308670.0,0.0,15,2.04,0
20230613,1686585600000,2.06,2.09,2.06,2.07,75803,15698669.999999998,0.0,15,2.07,0
20230614,1686672000000,2.0799999999999996,2.0799999999999996,2.05,2.0599999999999996,66596,13711951.0,0.0,15,2.07,0
20230615,1686758400000,2.05,2.08,2.04,2.08,83010,17076208.0,0.0,15,2.06,0
20230616,1686844800000,2.07,2.09,2.06,2.07,95110,19782639.0,0.0,15,2.08,0
20230619,1687104000000,2.07,2.08,2.04,2.04,95632,19609152.0,0.0,15,2.07,0
20230620,1687190400000,2.04,2.05,2.0,2.01,142663,28971195.000000004,0.0,15,2.04,0
20230621,1687276800000,2.01,2.03,1.96,1.97,194907,38803565.99999999,0.0,15,2.01,0
20230626,1687708800000,1.9700000000000002,1.9700000000000002,1.9100000000000001,1.9200000000000002,269817,52330924.0,0.0,15,1.9700000000000002,0
20230627,1687795200000,1.9200000000000002,2.0100000000000002,1.9000000000000001,2.0,399434,77981119.00000001,0.0,15,1.9200000000000002,0
20230628,1687881600000,2.01,2.01,1.94,1.98,163487,32228378.000000004,0.0,15,2.0,0
20230629,1687968000000,1.97,2.0,1.97,1.97,186950,37097166.0,0.0,15,1.98,0
20230630,1688054400000,1.98,2.09,1.98,2.05,327178,66798850.00000001,0.0,15,1.97,0
20230703,1688313600000,2.04,2.08,2.04,2.08,184829,38228484.0,0.0,15,2.05,0
20230704,1688400000000,2.1,2.1,2.04,2.06,129886,26808829.000000004,0.0,15,2.08,0
20230705,1688486400000,2.0599999999999996,2.13,2.05,2.09,270852,56718574.0,0.0,15,2.0599999999999996,0
20230706,1688572800000,2.08,2.09,2.06,2.07,143803,29762677.0,0.0,15,2.09,0
20230707,1688659200000,2.06,2.08,2.04,2.06,110055,22655903.0,0.0,15,2.07,0
20230710,1688918400000,2.0799999999999996,2.0799999999999996,2.05,2.0599999999999996,93959,19387931.000000004,0.0,15,2.0599999999999996,0
20230711,1689004800000,2.07,2.08,2.04,2.07,133987,27593335.0,0.0,15,2.06,0
20230712,1689091200000,2.07,2.09,2.04,2.05,150628,31120139.0,0.0,15,2.07,0
20230713,1689177600000,2.04,2.08,2.04,2.08,133608,27638118.0,0.0,15,2.05,0
20230714,1689264000000,2.0799999999999996,2.09,2.05,2.0599999999999996,120711,24916647.0,0.0,15,2.0799999999999996,0
20230717,1689523200000,2.04,2.08,2.0100000000000002,2.0500000000000003,200837,41093302.0,0.0,15,2.06,0
20230718,1689609600000,2.05,2.07,2.02,2.06,154726,31717818.0,0.0,15,2.05,0
20230719,1689696000000,2.05,2.07,2.04,2.06,118602,24404906.0,0.0,15,2.06,0
20230720,1689782400000,2.0599999999999996,2.0999999999999996,2.05,2.0599999999999996,190512,39506128.00000001,0.0,15,2.0599999999999996,0
20230721,1689868800000,2.06,2.09,2.04,2.09,189922,39399832.0,0.0,15,2.06,0
20230724,1690128000000,2.08,2.09,2.06,2.07,139277,28846500.0,0.0,15,2.09,0
20230725,1690214400000,2.0799999999999996,2.1199999999999997,2.07,2.1199999999999997,253802,53361525.0,0.0,15,2.07,0
20230726,1690300800000,2.1199999999999997,2.21,2.11,2.1799999999999997,466959,100908430.0,0.0,15,2.1199999999999997,0
20230727,1690387200000,2.1799999999999997,2.1999999999999997,2.15,2.1599999999999997,285306,61941397.0,0.0,15,2.1799999999999997,0
20230728,1690473600000,2.15,2.19,2.14,2.19,242854,52701413.0,0.0,15,2.16,0
20230731,1690732800000,2.19,2.2600000000000002,2.18,2.24,305457,68075775.0,0.0,15,2.19,0
20230801,1690819200000,2.23,2.45,2.23,2.37,1015096,238020705.0,0.0,15,2.2399999999999998,0
20230802,1690905600000,2.36,2.39,2.29,2.3,773754,180171641.0,0.0,15,2.37,0
20230803,1690992000000,2.27,2.32,2.25,2.26,399388,90539354.00000001,0.0,15,2.3,0
20230804,1691078400000,2.26,2.29,2.21,2.21,338923,75657960.0,0.0,15,2.26,0
20230807,1691337600000,2.1999999999999997,2.23,2.17,2.2199999999999998,191048,42222186.0,0.0,15,2.21,0
20230808,1691424000000,2.2,2.24,2.18,2.24,206592,45658781.0,0.0,15,2.22,0
20230809,1691510400000,2.23,2.23,2.18,2.21,208609,45919824.00000001,0.0,15,2.24,0
20230810,1691596800000,2.2,2.25,2.18,2.23,207242,46003281.00000001,0.0,15,2.21,0
20230811,1691683200000,2.23,2.24,2.18,2.24,214694,47570205.0,0.0,15,2.23,0
20230814,1691942400000,2.23,2.43,2.22,2.3000000000000003,756730,174076380.00000003,0.0,15,2.24,0
20230815,1692028800000,2.28,2.28,2.13,2.1599999999999997,625831,136334158.0,0.0,15,2.3,0
20230816,1692115200000,2.13,2.1599999999999997,2.11,2.13,225068,48027150.99999999,0.0,15,2.1599999999999997,0
20230817,1692201600000,2.11,2.15,2.08,2.14,192830,40738697.0,0.0,15,2.13,0
20230818,1692288000000,2.13,2.1599999999999997,2.11,2.1199999999999997,195027,41641130.0,0.0,15,2.1399999999999997,0
20230821,1692547200000,2.11,2.13,2.07,2.07,172199,36084886.0,0.0,15,2.1199999999999997,0
20230822,1692633600000,2.08,2.0900000000000003,2.0300000000000002,2.0700000000000003,185690,38201388.0,0.0,15,2.0700000000000003,0
20230823,1692720000000,2.06,2.06,2.0300000000000002,2.0300000000000002,96572,19734394.0,0.0,15,2.0700000000000003,0
20230824,1692806400000,2.0300000000000002,2.0500000000000003,2.0100000000000002,2.0300000000000002,114523,23269484.0,0.0,15,2.0300000000000002,0
20230825,1692892800000,2.03,2.05,2.0,2.01,150822,30569358.0,0.0,15,2.03,0
20230828,1693152000000,2.07,2.1599999999999997,2.07,2.0999999999999996,431344,91187309.00000001,0.0,15,2.01,0
20230829,1693238400000,2.12,2.13,2.08,2.12,165187,34779873.0,0.0,15,2.1,0
20230830,1693324800000,2.11,2.13,2.07,2.0799999999999996,151802,31822155.999999996,0.0,15,2.1199999999999997,0
20230831,1693411200000,2.08,2.09,2.06,2.07,115565,23920772.0,0.0,15,2.08,0
20230901,1693497600000,2.07,2.09,2.05,2.07,105584,21919556.0,0.0,15,2.07,0
20230904,1693756800000,2.0799999999999996,2.15,2.07,2.15,295021,62730779.00000001,0.0,15,2.07,0
20230905,1693843200000,2.1399999999999997,2.15,2.11,2.1199999999999997,177487,37703403.00000001,0.0,15,2.15,0
20230906,1693929600000,2.1199999999999997,2.15,2.11,2.13,148832,31702342.0,0.0,15,2.1199999999999997,0
20230907,1694016000000,2.1199999999999997,2.13,2.07,2.07,137863,28850529.0,0.0,15,2.13,0
20230908,1694102400000,2.07,2.09,2.07,2.09,93250,19379364.0,0.0,15,2.07,0
20230911,1694361600000,2.09,2.11,2.06,2.09,124746,26056440.0,0.0,15,2.09,0
20230912,1694448000000,2.09,2.11,2.08,2.09,114964,24054702.000000004,0.0,15,2.09,0
20230913,1694534400000,2.09,2.11,2.06,2.07,112557,23470704.999999996,0.0,15,2.09,0
20230914,1694620800000,2.07,2.0799999999999996,2.05,2.07,104959,21675376.0,0.0,15,2.07,0
20230915,1694707200000,2.07,2.09,2.05,2.07,104928,21754397.0,0.0,15,2.07,0
20230918,1694966400000,2.07,2.09,2.05,2.0799999999999996,93284,19374175.0,0.0,15,2.07,0
20230919,1695052800000,2.08,2.08,2.06,2.06,82097,16997168.0,0.0,15,2.08,0
20230920,1695139200000,2.06,2.07,2.04,2.04,93251,19163928.0,0.0,15,2.06,0
20230921,1695225600000,2.0500000000000003,2.06,2.0300000000000002,2.0300000000000002,86794,17739083.000000004,0.0,15,2.04,0
20230922,1695312000000,2.03,2.06,2.02,2.05,102134,20856933.0,0.0,15,2.03,0
20230925,1695571200000,2.05,2.07,2.04,2.05,94234,19324759.0,0.0,15,2.05,0
20230926,1695657600000,2.0500000000000003,2.06,2.0100000000000002,2.02,118462,24088616.000000004,0.0,15,2.0500000000000003,0
20230927,1695744000000,2.0100000000000002,2.04,2.0100000000000002,2.0300000000000002,75244,15290623.0,0.0,15,2.02,0
20230928,1695830400000,2.04,2.06,2.0300000000000002,2.04,82650,16876869.0,0.0,15,2.0300000000000002,0
20231009,1696780800000,2.04,2.04,2.0,2.01,117965,23768184.0,0.0,15,2.04,0
20231010,1696867200000,2.0100000000000002,2.04,2.0100000000000002,2.0300000000000002,109339,22156339.0,0.0,15,2.0100000000000002,0
20231011,1696953600000,2.03,2.03,1.99,2.01,162018,32536910.0,0.0,15,2.03,0
20231012,1697040000000,2.0,2.02,1.99,2.02,83106,16671914.000000002,0.0,15,2.01,0
20231013,1697126400000,2.01,2.01,1.99,1.99,78729,15740960.0,0.0,15,2.02,0
20231016,1697385600000,2.0,2.04,1.99,2.02,146354,29453494.0,0.0,15,1.99,0
20231017,1697472000000,2.02,2.02,1.99,2.01,103397,20744902.0,0.0,15,2.02,0
20231018,1697558400000,2.0,2.0,1.94,1.95,140715,27680350.000000004,0.0,15,2.01,0
20231019,1697644800000,1.94,1.97,1.92,1.95,114745,22383366.000000004,0.0,15,1.95,0
20231020,1697731200000,1.94,1.97,1.93,1.95,111552,21762745.0,0.0,15,1.95,0
20231023,1697990400000,1.9400000000000002,1.9500000000000002,1.85,1.87,190562,36056387.0,0.0,15,1.9500000000000002,0
20231024,1698076800000,1.87,1.9400000000000002,1.86,1.9400000000000002,195169,37210725.0,0.0,15,1.87,0
20231025,1698163200000,1.94,1.98,1.94,1.96,118915,23386023.000000004,0.0,15,1.94,0
20231026,1698249600000,1.96,1.97,1.93,1.96,76701,14926436.0,0.0,15,1.96,0
20231027,1698336000000,1.96,1.99,1.94,1.98,124665,24568756.000000004,0.0,15,1.96,0
20231030,1698595200000,1.98,2.02,1.97,2.01,139112,27883799.0,0.0,15,1.98,0
20231031,1698681600000,2.01,2.03,2.0,2.02,120946,24347522.0,0.0,15,2.01,0
20231101,1698768000000,2.02,2.0500000000000003,2.0100000000000002,2.0300000000000002,122706,24935785.0,0.0,15,2.02,0
20231102,1698854400000,2.04,2.05,2.02,2.02,133464,27119809.0,0.0,15,2.03,0
20231103,1698940800000,2.02,2.05,2.02,2.03,112570,22919765.0,0.0,15,2.02,0
20231106,1699200000000,2.04,2.05,2.02,2.05,127371,25956849.0,0.0,15,2.03,0
20231107,1699286400000,2.0500000000000003,2.0500000000000003,2.0300000000000002,2.0300000000000002,77561,15782185.000000002,0.0,15,2.0500000000000003,0
20231108,1699372800000,2.0300000000000002,2.04,2.0100000000000002,2.02,108523,21977799.0,0.0,15,2.0300000000000002,0
20231109,1699459200000,2.02,2.0300000000000002,2.0100000000000002,2.0100000000000002,86032,17367913.0,0.0,15,2.02,0
20231110,1699545600000,2.01,2.02,2.0,2.02,75809,15248887.000000002,0.0,15,2.01,0
20231113,1699804800000,2.02,2.0500000000000003,2.0100000000000002,2.0500000000000003,151372,30701820.0,0.0,15,2.02,0
20231114,1699891200000,2.05,2.05,2.02,2.04,111469,22702795.0,0.0,15,2.05,0
20231115,1699977600000,2.04,2.0500000000000003,2.0300000000000002,2.04,107034,21863870.0,0.0,15,2.04,0
20231116,1700064000000,2.04,2.05,2.02,2.02,108321,21991614.0,0.0,15,2.04,0
20231117,1700150400000,2.02,2.22,2.0100000000000002,2.22,1074682,233413643.99999997,0.0,15,2.02,0
20231120,1700409600000,2.18,2.3600000000000003,2.14,2.25,1732289,388739273.0,0.0,15,2.22,0
20231121,1700496000000,2.23,2.3,2.19,2.1999999999999997,909081,202153122.0,0.0,15,2.25,0
20231122,1700582400000,2.2,2.22,2.14,2.14,564087,122258210.0,0.0,15,2.2,0
20231123,1700668800000,2.16,2.16,2.14,2.15,269299,57900455.00000001,0.0,15,2.14,0
20231124,1700755200000,2.16,2.16,2.12,2.12,293265,62679575.0,0.0,15,2.15,0
20231127,1701014400000,2.1199999999999997,2.15,2.09,2.1199999999999997,256930,54449297.0,0.0,15,2.1199999999999997,0
20231128,1701100800000,2.11,2.1199999999999997,2.07,2.0999999999999996,315471,65901817.0,0.0,15,2.1199999999999997,0
20231129,1701187200000,2.09,2.1,2.06,2.07,297369,61823737.0,0.0,15,2.1,0
20231130,1701273600000,2.08,2.11,2.06,2.1,398785,83380956.99999999,0.0,15,2.07,0
20231201,1701360000000,2.09,2.1199999999999997,2.07,2.11,278437,58372429.0,0.0,15,2.0999999999999996,0
20231204,1701619200000,2.11,2.13,2.1,2.12,248475,52714748.0,0.0,15,2.11,0
20231205,1701705600000,2.1199999999999997,2.1199999999999997,2.05,2.0599999999999996,222864,46431506.0,0.0,15,2.1199999999999997,0
20231206,1701792000000,2.05,2.13,2.05,2.1199999999999997,349596,73702258.0,0.0,15,2.0599999999999996,0
20231207,1701878400000,2.12,2.12,2.08,2.09,200750,42142556.0,0.0,15,2.12,0
20231208,1701964800000,2.09,2.1,2.04,2.04,245196,50612468.0,0.0,15,2.09,0
20231211,1702224000000,2.04,2.06,2.02,2.06,205840,42070221.0,0.0,15,2.04,0
20231212,1702310400000,2.06,2.0700000000000003,2.0300000000000002,2.0700000000000003,116146,23839995.0,0.0,15,2.06,0
20231213,1702396800000,2.0599999999999996,2.11,2.05,2.07,212891,44284922.0,0.0,15,2.07,0
20231214,1702483200000,2.08,2.09,2.06,2.06,127012,26298929.000000004,0.0,15,2.07,0
20231215,1702569600000,2.06,2.27,2.06,2.27,932406,206836123.0,0.0,15,2.06,0
20231218,1702828800000,2.3000000000000003,2.3000000000000003,2.16,2.17,1279528,281007075.0,0.0,15,2.27,0
20231219,1702915200000,2.19,2.2,2.12,2.15,626424,134818062.0,0.0,15,2.17,0
20231220,1703001600000,2.16,2.18,2.12,2.13,491815,105482861.00000001,0.0,15,2.15,0
20231221,1703088000000,2.14,2.24,2.1,2.21,912584,198514248.0,0.0,15,2.13,0
20231222,1703174400000,2.19,2.2,2.14,2.17,566378,122420744.99999999,0.0,15,2.21,0
20231225,1703433600000,2.15,2.16,2.1,2.14,376348,79970909.0,0.0,15,2.17,0
20231226,1703520000000,2.12,2.18,2.12,2.14,377555,81122969.0,0.0,15,2.14,0
20231227,1703606400000,2.13,2.2399999999999998,2.11,2.19,649466,141783033.0,0.0,15,2.1399999999999997,0
20231228,1703692800000,2.1999999999999997,2.2199999999999998,2.17,2.1999999999999997,535566,117381332.0,0.0,15,2.19,0
20231229,1703779200000,2.19,2.26,2.19,2.21,481664,106840291.0,0.0,15,2.1999999999999997,0
20240102,1704124800000,2.2,2.24,2.2,2.22,419247,92868649.0,0.0,15,2.21,0
20240103,1704211200000,2.2199999999999998,2.2199999999999998,2.15,2.19,420477,91481063.0,0.0,15,2.2199999999999998,0
20240104,1704297600000,2.1799999999999997,2.19,2.15,2.17,217510,47117024.99999999,0.0,15,2.19,0
20240105,1704384000000,2.1599999999999997,2.19,2.11,2.1199999999999997,333896,71615829.0,0.0,15,2.17,0
20240108,1704643200000,2.0999999999999996,2.1399999999999997,2.09,2.0999999999999996,222451,46942363.0,0.0,15,2.1199999999999997,0
20240109,1704729600000,2.0999999999999996,2.2199999999999998,2.09,2.17,461624,99360714.99999999,0.0,15,2.0999999999999996,0
20240110,1704816000000,2.15,2.17,2.1,2.15,300251,64283852.0,0.0,15,2.17,0
20240111,1704902400000,2.15,2.22,2.12,2.2,506179,110268975.0,0.0,15,2.15,0
20240112,1704988800000,2.19,2.2,2.14,2.14,335928,72763907.0,0.0,15,2.2,0
20240115,1705248000000,2.13,2.16,2.12,2.13,156565,33461908.000000004,0.0,15,2.14,0
20240116,1705334400000,2.13,2.13,2.04,2.09,361367,75232780.0,0.0,15,2.13,0
20240117,1705420800000,2.08,2.0900000000000003,2.0100000000000002,2.02,241613,49297200.0,0.0,15,2.0900000000000003,0
20240118,1705507200000,2.0,2.01,1.92,1.97,372348,72876139.0,0.0,15,2.02,0
20240119,1705593600000,1.97,2.0,1.94,1.94,158140,31062025.0,0.0,15,1.97,0
20240122,1705852800000,1.9500000000000002,1.96,1.83,1.83,236632,44611737.0,0.0,15,1.9400000000000002,0
20240123,1705939200000,1.72,1.8399999999999999,1.72,1.83,273192,49101154.00000001,0.0,15,1.83,0
20240124,1706025600000,1.83,1.85,1.76,1.84,202677,36783766.0,0.0,15,1.83,0
20240125,1706112000000,1.83,1.9400000000000002,1.83,1.9100000000000001,279955,52973996.0,0.0,15,1.84,0
20240126,1706198400000,1.9100000000000001,2.0,1.9000000000000001,1.9500000000000002,306203,60110785.00000001,0.0,15,1.9100000000000001,0
20240129,1706457600000,1.9500000000000002,1.9700000000000002,1.8900000000000001,1.8900000000000001,193330,37121104.0,0.0,15,1.9500000000000002,0
20240130,1706544000000,1.8800000000000001,1.9100000000000001,1.82,1.83,173304,32387850.0,0.0,15,1.8900000000000001,0
20240131,1706630400000,1.79,1.85,1.76,1.77,285654,51161070.0,0.0,15,1.83,0
20240201,1706716800000,1.77,1.77,1.67,1.69,321533,54893434.0,0.0,15,1.77,0
20240202,1706803200000,1.7,1.72,1.53,1.62,314790,51340747.0,0.0,15,1.69,0
20240205,1707062400000,1.58,1.6,1.46,1.46,298786,44643209.00000001,0.0,15,1.6199999999999999,0
20240206,1707148800000,1.4400000000000002,1.55,1.35,1.4900000000000002,269983,38894946.0,0.0,15,1.4600000000000002,0
20240207,1707235200000,1.49,1.54,1.45,1.47,245762,36741325.0,0.0,15,1.49,0
20240208,1707321600000,1.47,1.58,1.47,1.58,255252,39183332.0,0.0,15,1.47,0
20240219,1708272000000,1.6,1.6600000000000001,1.6,1.6300000000000001,200408,32587227.0,0.0,15,1.58,0
20240220,1708358400000,1.62,1.62,1.59,1.61,122031,19635101.0,0.0,15,1.6300000000000001,0
20240221,1708444800000,1.6,1.6800000000000002,1.6,1.6500000000000001,233325,38597152.0,0.0,15,1.61,0
20240222,1708531200000,1.6500000000000001,1.6700000000000002,1.6400000000000001,1.6700000000000002,175090,29001604.0,0.0,15,1.6500000000000001,0
20240223,1708617600000,1.6700000000000002,1.7100000000000002,1.6600000000000001,1.7100000000000002,247012,41585760.0,0.0,15,1.6700000000000002,0
20240226,1708876800000,1.72,1.77,1.71,1.74,227863,39656479.0,0.0,15,1.71,0
20240227,1708963200000,1.75,1.78,1.74,1.78,163274,28751498.0,0.0,15,1.74,0
20240228,1709049600000,1.7800000000000002,1.83,1.6500000000000001,1.6600000000000001,380025,66336280.0,0.0,15,1.7800000000000002,0
20240229,1709136000000,1.6400000000000001,1.7100000000000002,1.6300000000000001,1.7100000000000002,257432,43370791.0,0.0,15,1.6600000000000001,0
20240301,1709222400000,1.73,1.74,1.7,1.72,181010,31096477.000000004,0.0,15,1.71,0
20240304,1709481600000,1.72,1.74,1.67,1.69,145626,24658098.0,0.0,15,1.72,0
20240305,1709568000000,1.6900000000000002,1.7000000000000002,1.6600000000000001,1.6600000000000001,121708,20389095.0,0.0,15,1.6900000000000002,0
20240306,1709654400000,1.6400000000000001,1.7000000000000002,1.6400000000000001,1.6900000000000002,135461,22698003.000000004,0.0,15,1.6600000000000001,0
20240307,1709740800000,1.69,1.77,1.68,1.71,255014,44079821.0,0.0,15,1.69,0
20240308,1709827200000,1.71,1.73,1.68,1.7,118281,20083682.0,0.0,15,1.71,0
20240311,1710086400000,1.7,1.74,1.69,1.74,154831,26694063.0,0.0,15,1.7,0
20240312,1710172800000,1.74,1.76,1.73,1.75,174600,30441390.0,0.0,15,1.74,0
20240313,1710259200000,1.75,1.76,1.72,1.72,140994,24373427.0,0.0,15,1.75,0
20240314,1710345600000,1.74,1.78,1.73,1.77,287238,50612771.0,0.0,15,1.72,0
20240315,1710432000000,1.76,1.95,1.74,1.88,694391,129539647.0,0.0,15,1.77,0
20240318,1710691200000,1.9000000000000001,1.9300000000000002,1.84,1.86,475788,88998006.0,0.0,15,1.8800000000000001,0
20240319,1710777600000,1.86,1.9300000000000002,1.84,1.8800000000000001,416694,78235249.00000001,0.0,15,1.86,0
20240320,1710864000000,1.97,2.07,1.97,2.07,885559,182613677.00000003,0.0,15,1.88,0
20240321,1710950400000,2.15,2.21,2.06,2.08,1684696,358649638.0,0.0,15,2.07,0
20240322,1711036800000,2.11,2.29,2.02,2.23,2029808,442984802.0,0.0,15,2.08,0
20240325,1711296000000,2.1500000000000004,2.1500000000000004,2.0100000000000002,2.0100000000000002,1463270,300137628.0,0.0,15,2.2300000000000004,0
20240326,1711382400000,1.98,2.05,1.92,1.97,622370,124024764.0,0.0,15,2.01,0
20240327,1711468800000,1.9600000000000002,1.9600000000000002,1.85,1.85,685578,130014185.0,0.0,15,1.9700000000000002,0
20240328,1711555200000,1.85,1.9700000000000002,1.85,1.9200000000000002,522437,100219316.0,0.0,15,1.85,0
20240329,1711641600000,1.9300000000000002,1.9500000000000002,1.8800000000000001,1.9200000000000002,442589,84742962.00000001,0.0,15,1.9200000000000002,0
20240401,1711900800000,1.92,1.98,1.92,1.96,437169,85565152.0,0.0,15,1.92,0
20240402,1711987200000,1.96,2.03,1.95,1.98,424765,84633099.0,0.0,15,1.96,0
20240403,1712073600000,1.99,2.18,1.97,2.18,938528,199346175.00000003,0.0,15,1.98,0
20240408,1712505600000,2.22,2.37,2.12,2.13,2193529,495422681.0,0.0,15,2.18,0
20240409,1712592000000,2.1,2.2,2.1,2.15,1051576,225421245.0,0.0,15,2.13,0
20240410,1712678400000,2.14,2.15,2.04,2.07,841830,175740516.99999997,0.0,15,2.15,0
20240411,1712764800000,2.0500000000000003,2.1100000000000003,2.0300000000000002,2.06,564239,116523636.0,0.0,15,2.0700000000000003,0
20240412,1712851200000,2.08,2.08,2.02,2.03,415956,85197398.0,0.0,15,2.06,0
20240415,1713110400000,2.02,2.0300000000000002,1.86,1.9100000000000001,678476,130864140.00000001,0.0,15,2.0300000000000002,0
20240416,1713196800000,1.89,1.89,1.72,1.72,614170,108372147.0,0.0,15,1.91,0
20240417,1713283200000,1.72,1.8199999999999998,1.7,1.8,459153,81970740.99999999,0.0,15,1.72,0
20240418,1713369600000,1.8,1.82,1.77,1.81,394299,71027420.0,0.0,15,1.8,0
20240419,1713456000000,1.85,1.8800000000000001,1.79,1.8,439611,80562765.0,0.0,15,1.81,0
20240422,1713715200000,1.78,1.8,1.73,1.73,301708,53040978.0,0.0,15,1.8,0
20240423,1713801600000,1.71,1.74,1.71,1.72,196134,33842146.0,0.0,15,1.73,0
20240424,1713888000000,1.73,1.76,1.71,1.75,180652,31367418.999999996,0.0,15,1.72,0
20240425,1713974400000,1.74,1.77,1.72,1.75,200370,35083455.00000001,0.0,15,1.75,0
20240426,1714060800000,1.75,1.81,1.73,1.81,342779,61067776.0,0.0,15,1.75,0
20240429,1714320000000,1.82,1.8800000000000001,1.79,1.87,432556,79355067.0,0.0,15,1.81,0
20240430,1714406400000,1.9000000000000001,1.9400000000000002,1.85,1.8800000000000001,475952,89669911.00000001,0.0,15,1.87,0
20240506,1714924800000,1.8900000000000001,1.9400000000000002,1.8800000000000001,1.9300000000000002,371113,70961155.0,0.0,15,1.8800000000000001,0
20240507,1715011200000,1.9400000000000002,1.9500000000000002,1.9100000000000001,1.9300000000000002,290392,56101804.00000001,0.0,15,1.9300000000000002,0
20240508,1715097600000,1.9300000000000002,1.9300000000000002,1.8900000000000001,1.9000000000000001,240297,45879062.00000001,0.0,15,1.9300000000000002,0
20240509,1715184000000,1.9100000000000001,1.9600000000000002,1.9000000000000001,1.9400000000000002,275302,53365269.0,0.0,15,1.9000000000000001,0
20240510,1715270400000,1.95,1.97,1.93,1.95,272809,53064954.0,0.0,15,1.94,0
20240513,1715529600000,1.9400000000000002,1.9400000000000002,1.8900000000000001,1.9100000000000001,236604,45298683.0,0.0,15,1.9500000000000002,0
20240514,1715616000000,1.9100000000000001,1.9400000000000002,1.9000000000000001,1.9100000000000001,179300,34481456.0,0.0,15,1.9100000000000001,0
20240515,1715702400000,1.9100000000000001,1.9400000000000002,1.8800000000000001,1.9000000000000001,211557,40487291.00000001,0.0,15,1.9100000000000001,0
20240516,1715788800000,1.9200000000000002,1.9500000000000002,1.9100000000000001,1.9200000000000002,225619,43498555.0,0.0,15,1.9000000000000001,0
20240517,1715875200000,1.9200000000000002,1.9400000000000002,1.9000000000000001,1.9300000000000002,194874,37391156.0,0.0,15,1.9200000000000002,0
20240520,1716134400000,1.94,1.99,1.93,1.99,385747,76120645.0,0.0,15,1.93,0
20240521,1716220800000,1.99,1.99,1.92,1.94,320817,62491941.0,0.0,15,1.99,0
20240522,1716307200000,1.93,1.96,1.93,1.94,183047,35521886.0,0.0,15,1.94,0
20240523,1716393600000,1.9300000000000002,1.9300000000000002,1.87,1.8900000000000001,217715,41198307.0,0.0,15,1.9400000000000002,0
20240524,1716480000000,1.87,2.08,1.86,1.9600000000000002,621223,122095837.00000001,0.0,15,1.8900000000000001,0
20240527,1716739200000,1.9300000000000002,1.9500000000000002,1.87,1.9000000000000001,514992,97761676.0,0.0,15,1.9600000000000002,0
20240528,1716825600000,1.8900000000000001,1.9200000000000002,1.87,1.8800000000000001,309107,58580120.0,0.0,15,1.9000000000000001,0
20240529,1716912000000,1.87,1.9200000000000002,1.86,1.9100000000000001,292867,55590634.00000001,0.0,15,1.8800000000000001,0
20240530,1716998400000,1.9100000000000001,1.9100000000000001,1.86,1.87,255927,47966643.99999999,0.0,15,1.9100000000000001,0
20240531,1717084800000,1.8800000000000001,1.9000000000000001,1.87,1.8800000000000001,161780,30394985.0,0.0,15,1.87,0
20240603,1717344000000,1.8800000000000001,1.8800000000000001,1.78,1.81,344998,62624036.0,0.0,15,1.8800000000000001,0
20240604,1717430400000,1.81,1.81,1.76,1.78,161021,28624193.0,0.0,15,1.81,0
20240605,1717516800000,1.78,1.78,1.74,1.75,132644,23328418.0,0.0,15,1.78,0
20240606,1717603200000,1.7500000000000002,1.7800000000000002,1.6500000000000001,1.6700000000000002,330292,55834099.0,0.0,15,1.7500000000000002,0
20240607,1717689600000,1.69,1.74,1.69,1.73,178395,30690338.0,0.0,15,1.67,0
20240611,1718035200000,1.72,1.72,1.67,1.7,153704,26001549.0,0.0,15,1.73,0
20240612,1718121600000,1.71,1.73,1.69,1.72,120283,20634129.0,0.0,15,1.7,0
20240613,1718208000000,1.72,1.73,1.69,1.7,125762,21485682.000000004,0.0,15,1.72,0
20240614,1718294400000,1.7,1.73,1.68,1.71,139995,23914393.000000004,0.0,15,1.7,0
20240617,1718553600000,1.72,1.72,1.68,1.69,112126,18953978.0,0.0,15,1.71,0
20240618,1718640000000,1.68,1.73,1.68,1.71,146142,25022700.000000004,0.0,15,1.69,0
20240619,1718726400000,1.72,1.74,1.7,1.71,110178,18886855.999999996,0.0,15,1.71,0
20240620,1718812800000,1.7100000000000002,1.7200000000000002,1.6600000000000001,1.6700000000000002,147986,24892172.000000004,0.0,15,1.7100000000000002,0
20240621,1718899200000,1.6700000000000002,1.7200000000000002,1.6600000000000001,1.7000000000000002,188231,31909227.999999996,0.0,15,1.6700000000000002,0
20240624,1719158400000,1.69,1.76,1.68,1.72,327667,56504451.00000001,0.0,15,1.7,0
20240625,1719244800000,1.71,1.74,1.69,1.7,174994,29892633.000000004,0.0,15,1.72,0
20240626,1719331200000,1.7000000000000002,1.7400000000000002,1.6600000000000001,1.7400000000000002,213648,36202960.0,0.0,15,1.7000000000000002,0
20240627,1719417600000,1.73,1.76,1.7,1.71,158164,27358299.000000004,0.0,15,1.74,0
20240628,1719504000000,1.7,1.75,1.7,1.73,163316,28201113.000000004,0.0,15,1.71,0
20240701,1719763200000,1.72,1.74,1.71,1.73,126672,21863564.0,0.0,15,1.73,0
20240702,1719849600000,1.73,1.79,1.73,1.76,191044,33632377.0,0.0,15,1.73,0
20240703,1719936000000,1.75,1.79,1.75,1.78,174286,30871386.000000004,0.0,15,1.76,0
20240704,1720022400000,1.79,1.8,1.73,1.74,152166,26719613.0,0.0,15,1.78,0
20240705,1720108800000,1.74,1.79,1.72,1.78,154721,27285695.0,0.0,15,1.74,0
20240708,1720368000000,1.79,1.79,1.74,1.75,107773,18900438.0,0.0,15,1.78,0
20240709,1720454400000,1.79,1.83,1.75,1.81,290277,52206278.0,0.0,15,1.75,0
20240710,1720540800000,1.81,1.86,1.79,1.83,266078,48834823.00000001,0.0,15,1.81,0
20240711,1720627200000,1.85,1.9300000000000002,1.85,1.9200000000000002,397097,75584879.0,0.0,15,1.83,0
20240712,1720713600000,1.9100000000000001,1.9200000000000002,1.87,1.8800000000000001,233157,44060490.00000001,0.0,15,1.9200000000000002,0
20240715,1720972800000,1.8800000000000001,1.8800000000000001,1.83,1.83,165393,30579144.0,0.0,15,1.8800000000000001,0
20240716,1721059200000,1.83,1.86,1.82,1.84,121126,22306899.0,0.0,15,1.83,0
20240717,1721145600000,1.85,1.86,1.8,1.8,140216,25522006.0,0.0,15,1.84,0
20240718,1721232000000,1.79,1.81,1.76,1.8,147663,26328321.000000004,0.0,15,1.8,0
20240719,1721318400000,1.8,1.82,1.78,1.81,101337,18239946.0,0.0,15,1.8,0
20240722,1721577600000,1.8,1.82,1.78,1.8,91255,16422539.0,0.0,15,1.81,0
20240723,1721664000000,1.8,1.83,1.78,1.78,127264,22953370.000000004,0.0,15,1.8,0
20240724,1721750400000,1.78,1.79,1.74,1.75,136549,24084063.0,0.0,15,1.78,0
20240725,1721836800000,1.75,1.77,1.73,1.74,121162,21164816.000000004,0.0,15,1.75,0
20240726,1721923200000,1.74,1.77,1.73,1.76,134171,23584543.0,0.0,15,1.74,0
20240729,1722182400000,1.76,1.76,1.74,1.74,103821,18137960.0,0.0,15,1.76,0
20240730,1722268800000,1.75,1.77,1.73,1.76,106472,18638242.0,0.0,15,1.74,0
20240731,1722355200000,1.75,1.81,1.75,1.81,158345,28369668.0,0.0,15,1.76,0
20240801,1722441600000,1.81,1.84,1.8,1.83,187537,34195750.00000001,0.0,15,1.81,0
20240802,1722528000000,1.82,1.83,1.79,1.8,139905,25324694.0,0.0,15,1.83,0
20240805,1722787200000,1.79,1.82,1.76,1.76,154080,27563205.0,0.0,15,1.8,0
20240806,1722873600000,1.78,1.79,1.76,1.78,106467,18893253.0,0.0,15,1.76,0
20240807,1722960000000,1.79,1.79,1.77,1.78,75823,13505874.0,0.0,15,1.78,0
20240808,1723046400000,1.78,1.8,1.76,1.8,122918,21875655.0,0.0,15,1.78,0
20240809,1723132800000,1.8,1.81,1.79,1.79,106516,19154802.0,0.0,15,1.8,0
20240812,1723392000000,1.8,1.82,1.78,1.79,167690,30190585.0,0.0,15,1.79,0
20240813,1723478400000,1.79,1.81,1.77,1.79,119559,21329053.999999996,0.0,15,1.79,0
20240814,1723564800000,1.79,1.8,1.77,1.77,85881,15293991.0,0.0,15,1.79,0
20240815,1723651200000,1.76,1.8,1.75,1.79,111214,19775676.0,0.0,15,1.77,0
20240816,1723737600000,1.79,1.8,1.78,1.8,101030,18108339.000000004,0.0,15,1.79,0
20240819,1723996800000,1.8,1.82,1.78,1.8,172205,31090937.0,0.0,15,1.8,0
20240820,1724083200000,1.8,1.8,1.76,1.77,128544,22850769.000000004,0.0,15,1.8,0
20240821,1724169600000,1.77,1.78,1.75,1.75,64068,11286013.0,0.0,15,1.77,0
20240822,1724256000000,1.76,1.76,1.71,1.71,110768,19180749.000000004,0.0,15,1.75,0
20240823,1724342400000,1.72,1.72,1.67,1.69,114651,19410148.0,0.0,15,1.71,0
20240826,1724601600000,1.69,1.75,1.69,1.75,129662,22462341.000000004,0.0,15,1.69,0
20240827,1724688000000,1.75,1.75,1.71,1.72,82317,14204624.000000002,0.0,15,1.75,0
20240828,1724774400000,1.71,1.74,1.71,1.72,62994,10875309.0,0.0,15,1.72,0
20240829,1724860800000,1.73,1.75,1.71,1.74,94058,16299106.0,0.0,15,1.72,0
20240830,1724947200000,1.73,1.78,1.73,1.76,130300,22955595.0,0.0,15,1.74,0
20240902,1725206400000,1.75,1.78,1.74,1.75,92093,16194535.0,0.0,15,1.76,0
20240903,1725292800000,1.75,1.76,1.73,1.74,82697,14436292.000000002,0.0,15,1.75,0
20240904,1725379200000,1.73,1.75,1.72,1.73,95840,16621309.0,0.0,15,1.74,0
20240905,1725465600000,1.74,1.75,1.72,1.73,65064,11271058.0,0.0,15,1.73,0
20240906,1725552000000,1.73,1.75,1.7,1.71,124301,21472794.0,0.0,15,1.73,0
20240909,1725811200000,1.71,1.72,1.69,1.71,75990,12971685.0,0.0,15,1.71,0
20240910,1725897600000,1.71,1.73,1.69,1.72,112619,19264588.0,0.0,15,1.71,0
20240911,1725984000000,1.72,1.72,1.69,1.7,69346,11801448.000000002,0.0,15,1.72,0
20240912,1726070400000,1.7,1.72,1.7,1.7,58377,9953536.0,0.0,15,1.7,0
20240913,1726156800000,1.7,1.71,1.69,1.69,62465,10611794.0,0.0,15,1.7,0
20240918,1726588800000,1.7000000000000002,1.7100000000000002,1.6600000000000001,1.6900000000000002,112395,18898923.0,0.0,15,1.6900000000000002,0
20240919,1726675200000,1.69,1.73,1.68,1.73,146663,25098438.0,0.0,15,1.69,0
20240920,1726761600000,1.74,1.74,1.71,1.72,69619,11987000.000000002,0.0,15,1.73,0
20240923,1727020800000,1.72,1.73,1.71,1.72,72563,12482006.0,0.0,15,1.72,0
20240924,1727107200000,1.73,1.79,1.72,1.78,256707,45303659.0,0.0,15,1.72,0
20240925,1727193600000,1.8,1.8900000000000001,1.79,1.86,518539,95750244.00000001,0.0,15,1.78,0
20240926,1727280000000,1.86,1.8900000000000001,1.84,1.8900000000000001,289342,54188675.0,0.0,15,1.86,0
20240927,1727366400000,1.9000000000000001,1.9600000000000002,1.9000000000000001,1.9500000000000002,308745,59861654.00000001,0.0,15,1.8900000000000001,0
20240930,1727625600000,2.1,2.12,1.95,2.1,1125490,230754303.0,0.0,15,1.95,0
20241008,1728316800000,2.29,2.3000000000000003,2.1,2.19,1131891,248760536.0,0.0,15,2.1,0
20241009,1728403200000,2.15,2.15,1.97,1.97,784045,159299569.0,0.0,15,2.19,0
20241010,1728489600000,1.9900000000000002,2.02,1.9000000000000001,1.9500000000000002,478986,93875573.0,0.0,15,1.9700000000000002,0
20241011,1728576000000,1.9400000000000002,1.9600000000000002,1.87,1.8800000000000001,328938,62823372.00000001,0.0,15,1.9500000000000002,0
20241014,1728835200000,1.8800000000000001,1.9600000000000002,1.8800000000000001,1.9500000000000002,321209,61900467.0,0.0,15,1.8800000000000001,0
20241015,1728921600000,1.9400000000000002,1.9700000000000002,1.9100000000000001,1.9100000000000001,287071,55608858.00000001,0.0,15,1.9500000000000002,0
20241016,1729008000000,1.9000000000000001,1.9600000000000002,1.8900000000000001,1.9500000000000002,306089,59369493.0,0.0,15,1.9100000000000001,0
20241017,1729094400000,1.9400000000000002,1.9600000000000002,1.9000000000000001,1.9100000000000001,301048,58008826.0,0.0,15,1.9500000000000002,0
20241018,1729180800000,1.9100000000000001,2.0300000000000002,1.8900000000000001,1.9800000000000002,554042,108908039.0,0.0,15,1.9100000000000001,0
20241021,1729440000000,1.97,1.98,1.94,1.96,380464,74550452.0,0.0,15,1.98,0
20241022,1729526400000,1.97,1.99,1.95,1.99,331067,65380178.00000001,0.0,15,1.96,0
20241023,1729612800000,1.99,2.03,1.97,2.02,359667,72345378.0,0.0,15,1.99,0
20241024,1729699200000,2.01,2.05,1.99,2.04,328477,66407861.99999999,0.0,15,2.02,0
20241025,1729785600000,2.0500000000000003,2.0700000000000003,2.0300000000000002,2.06,385819,79222892.00000001,0.0,15,2.04,0
20241028,1730044800000,2.05,2.1799999999999997,2.05,2.17,732591,156663454.0,0.0,15,2.0599999999999996,0
20241029,1730131200000,2.17,2.19,2.08,2.1,535567,113357438.0,0.0,15,2.17,0
20241030,1730217600000,2.0999999999999996,2.25,2.09,2.2199999999999998,948377,207585511.0,0.0,15,2.0999999999999996,0
20241031,1730304000000,2.23,2.33,2.17,2.28,1059134,239999404.0,0.0,15,2.2199999999999998,0
20241101,1730390400000,2.2800000000000002,2.4200000000000004,2.24,2.24,1693387,396507675.99999994,0.0,15,2.2800000000000002,0
20241104,1730649600000,2.24,2.31,2.18,2.27,898481,202999013.0,0.0,15,2.24,0
20241105,1730736000000,2.2800000000000002,2.35,2.2600000000000002,2.3400000000000003,882372,205039297.0,0.0,15,2.27,0
20241106,1730822400000,2.38,2.49,2.37,2.4,1308188,317751907.00000006,0.0,15,2.3400000000000003,0
20241107,1730908800000,2.3699999999999997,2.56,2.34,2.51,1287379,317029424.0,0.0,15,2.4,0
20241108,1730995200000,2.6,2.6300000000000003,2.45,2.47,1302068,327522323.0,0.0,15,2.5100000000000002,0
20241111,1731254400000,2.44,2.48,2.4,2.4299999999999997,867407,211147626.0,0.0,15,2.4699999999999998,0
20241112,1731340800000,2.44,2.46,2.32,2.3499999999999996,771139,183317240.0,0.0,15,2.4299999999999997,0
20241113,1731427200000,2.3600000000000003,2.4400000000000004,2.3000000000000003,2.3600000000000003,681693,160939236.0,0.0,15,2.35,0
20241114,1731513600000,2.3600000000000003,2.3600000000000003,2.2800000000000002,2.29,484965,112198398.00000001,0.0,15,2.3600000000000003,0
20241115,1731600000000,2.29,2.33,2.24,2.25,462148,105693161.00000001,0.0,15,2.29,0
20241118,1731859200000,2.25,2.2800000000000002,2.18,2.2,488262,108480526.0,0.0,15,2.25,0
20241119,1731945600000,2.19,2.23,2.15,2.23,481252,105363936.00000001,0.0,15,2.1999999999999997,0
20241120,1732032000000,2.2399999999999998,2.28,2.21,2.28,453948,102284374.00000001,0.0,15,2.23,0
20241121,1732118400000,2.28,2.36,2.27,2.36,654859,152270754.0,0.0,15,2.28,0
20241122,1732204800000,2.35,2.4,2.27,2.29,663666,155069891.0,0.0,15,2.36,0
20241125,1732464000000,2.28,2.32,2.25,2.29,383566,87635487.99999999,0.0,15,2.29,0
20241126,1732550400000,2.29,2.38,2.29,2.35,558878,130973504.0,0.0,15,2.29,0
20241127,1732636800000,2.35,2.35,2.22,2.3200000000000003,549816,124676463.0,0.0,15,2.35,0
20241128,1732723200000,2.31,2.37,2.3000000000000003,2.3400000000000003,593536,139110549.0,0.0,15,2.3200000000000003,0
20241129,1732809600000,2.33,2.3400000000000003,2.2600000000000002,2.3400000000000003,497696,115079493.0,0.0,15,2.3400000000000003,0
20241202,1733068800000,2.34,2.5100000000000002,2.33,2.48,1152362,279905708.0,0.0,15,2.34,0
20241203,1733155200000,2.5,2.52,2.41,2.44,643558,157205114.0,0.0,15,2.48,0
20241204,1733241600000,2.45,2.52,2.41,2.42,726485,178486513.0,0.0,15,2.44,0
20241205,1733328000000,2.42,2.5300000000000002,2.39,2.52,1057421,263397237.00000003,0.0,15,2.42,0
20241206,1733414400000,2.5300000000000002,2.7700000000000005,2.49,2.7700000000000005,2542098,686776893.0,0.0,15,2.52,0
20241209,1733673600000,2.7199999999999998,2.75,2.61,2.6599999999999997,2830812,758392214.0,0.0,15,2.77,0
20241210,1733760000000,2.72,2.81,2.64,2.73,2066957,566074210.0,0.0,15,2.66,0
20241211,1733846400000,2.7600000000000002,3.0,2.74,3.0,3447841,1007194127.0000001,0.0,15,2.7300000000000004,0
20241212,1733932800000,3.0500000000000003,3.0700000000000003,2.87,2.92,3014941,890031970.0,0.0,15,3.0,0
20241213,1734019200000,2.88,2.93,2.77,2.79,2102963,595842873.0000001,0.0,15,2.92,0
20241216,1734278400000,2.8200000000000003,3.0700000000000003,2.7800000000000002,3.0700000000000003,1731803,512699346.0,0.0,15,2.79,0
20241217,1734364800000,3.38,3.38,3.09,3.38,3997081,1325747063.0,0.0,15,3.07,0
20241218,1734451200000,3.72,3.72,3.72,3.72,503271,187216626.0,0.0,15,3.3800000000000003,0
20241219,1734537600000,4.09,4.09,3.79,4.09,5489200,2218642536.0,0.0,15,3.72,0
20241220,1734624000000,3.9000000000000004,4.5,3.8200000000000003,4.12,9335342,3960841709.9999995,0.0,15,4.09,0
20241223,1734883200000,4.01,4.48,3.71,3.71,8591697,3607577555.0,0.0,15,4.12,0
20241224,1734969600000,3.7,4.08,3.5300000000000002,3.8600000000000003,7347830,2826690349.0,0.0,15,3.7100000000000004,0
20241225,1735056000000,3.58,4.19,3.47,3.89,7199747,2700239915.0,0.0,15,3.8600000000000003,0
20241226,1735142400000,3.95,4.28,3.73,4.28,3336754,1383576600.0000002,0.0,15,3.89,0
20241227,1735228800000,4.71,4.71,4.07,4.15,9547848,4254770554.0,0.0,15,4.28,0
20241230,1735488000000,4.16,4.29,3.7600000000000002,3.8000000000000003,6601703,2645112140.9999995,0.0,15,4.15,0
20241231,1735574400000,3.67,3.7399999999999998,3.42,3.42,4051560,1422237207.0,0.0,15,3.8,0
20250102,1735747200000,3.3,3.76,3.23,3.76,6944987,2546274002.0,0.0,15,3.42,0
20250103,1735833600000,3.6500000000000004,3.75,3.45,3.5900000000000003,4958257,1791739945.0,0.0,15,3.7600000000000002,0
20250106,1736092800000,3.54,3.66,3.43,3.47,3146230,1107199362.0,0.0,15,3.5900000000000003,0
20250107,1736179200000,3.57,3.8200000000000003,3.56,3.8200000000000003,5732622,2167675335.0,0.0,15,3.47,0
20250108,1736265600000,3.68,4.18,3.66,4.0,7597669,2953767895.0,0.0,15,3.8200000000000003,0
20250109,1736352000000,3.88,4.03,3.75,3.82,4824962,1867610893.0000002,0.0,15,4.0,0
20250110,1736438400000,3.6799999999999997,3.77,3.44,3.4499999999999997,4237807,1511256905.0,0.0,15,3.82,0
20250113,1736697600000,3.25,3.4,3.19,3.27,2553580,838498999.0,0.0,15,3.45,0
20250114,1736784000000,3.3000000000000003,3.49,3.24,3.4600000000000004,3163643,1076247665.0,0.0,15,3.27,0
20250115,1736870400000,3.47,3.5100000000000002,3.2800000000000002,3.3200000000000003,2606395,877254556.0,0.0,15,3.4600000000000004,0
20250116,1736956800000,3.34,3.5700000000000003,3.33,3.46,3458203,1189779392.9999998,0.0,15,3.3200000000000003,0
20250117,1737043200000,3.3800000000000003,3.4000000000000004,3.2800000000000002,3.31,2198571,729798950.0,0.0,15,3.4600000000000004,0
20250120,1737302400000,3.43,3.64,3.43,3.64,3004972,1081067582.0,0.0,15,3.31,0
20250121,1737388800000,3.8200000000000003,3.97,3.64,3.81,6118531,2310648783.0,0.0,15,3.64,0
20250122,1737475200000,3.74,4.19,3.74,3.8600000000000003,4946145,1952974141.0000002,0.0,15,3.81,0
20250123,1737561600000,3.94,4.12,3.73,3.73,4542157,1780481166.0,0.0,15,3.86,0
20250124,1737648000000,3.72,4.1000000000000005,3.66,4.1000000000000005,5711450,2299474272.0,0.0,15,3.73,0
20250127,1737907200000,4.010000000000001,4.140000000000001,3.7800000000000002,3.99,5798638,2307355185.0000005,0.0,15,4.1000000000000005,0
20250205,1738684800000,3.77,3.98,3.59,3.9099999999999997,4286130,1619264376.0,0.0,15,3.9899999999999998,0
20250206,1738771200000,3.82,4.0,3.71,3.99,4599522,1781608899.0,0.0,15,3.91,0
20250207,1738857600000,3.9099999999999997,4.06,3.84,3.94,4603194,1828891455.0,0.0,15,3.9899999999999998,0
20250210,1739116800000,3.88,4.1,3.88,3.9899999999999998,3530112,1410357743.0,0.0,15,3.94,0
20250211,1739203200000,3.9899999999999998,4.29,3.96,4.22,5303839,2207582768.0,0.0,15,3.9899999999999998,0
20250212,1739289600000,4.11,4.18,4.0,4.15,3766956,1535699498.0,0.0,15,4.22,0
20250213,1739376000000,4.08,4.1000000000000005,3.93,3.93,3103499,1238449747.0,0.0,15,4.15,0
20250214,1739462400000,3.89,3.98,3.81,3.84,1924449,743925700.0000001,0.0,15,3.93,0
20250217,1739721600000,3.78,3.95,3.75,3.92,1927467,746740122.0000001,0.0,15,3.84,0
20250218,1739808000000,3.89,3.99,3.8000000000000003,3.83,1880848,732143080.0,0.0,15,3.9200000000000004,0
20250219,1739894400000,3.84,3.89,3.77,3.88,1626462,625494609.0,0.0,15,3.83,0
20250220,1739980800000,3.85,4.03,3.83,3.93,1929351,758107481.0000001,0.0,15,3.88,0
20250221,1740067200000,3.9099999999999997,4.05,3.84,4.0,2845929,1129565882.0,0.0,15,3.9299999999999997,0
20250224,1740326400000,4.0,4.26,3.91,4.2,4005012,1660408620.0,0.0,15,4.0,0
20250225,1740412800000,4.1000000000000005,4.180000000000001,4.03,4.08,2414182,985242732.0,0.0,15,4.2,0
20250226,1740499200000,4.05,4.38,3.99,4.24,3355214,1387374207.0,0.0,15,4.08,0
20250227,1740585600000,4.2299999999999995,4.359999999999999,4.1,4.159999999999999,2418738,1017456559.0,0.0,15,4.239999999999999,0
20250228,1740672000000,4.08,4.08,3.85,3.86,2145197,850732702.0,0.0,15,4.16,0
20250303,1740931200000,3.89,3.93,3.81,3.87,1037314,402749610.0,0.0,15,3.86,0
20250304,1741017600000,3.83,3.89,3.8000000000000003,3.89,817395,315399210.0,0.0,15,3.87,0
20250305,1741104000000,3.86,3.89,3.81,3.88,921593,355436293.0,0.0,15,3.89,0
20250306,1741190400000,3.88,3.98,3.87,3.97,1487317,586772698.0,0.0,15,3.88,0
20250307,1741276800000,3.94,4.0200000000000005,3.91,3.92,1308666,516765465.0,0.0,15,3.97,0
20250310,1741536000000,3.94,4.0,3.91,3.94,861586,340184137.0,0.0,15,3.92,0
20250311,1741622400000,3.89,3.92,3.85,3.92,808685,314077426.0,0.0,15,3.94,0
20250312,1741708800000,3.92,3.98,3.92,3.94,1199167,473575287.0,0.0,15,3.92,0
20250313,1741795200000,3.9200000000000004,3.95,3.8000000000000003,3.85,1163062,447660787.0,0.0,15,3.9400000000000004,0
20250314,1741881600000,3.85,3.9000000000000004,3.8000000000000003,3.89,865331,333838479.0,0.0,15,3.85,0
20250317,1742140800000,3.9,4.18,3.9,4.03,2481897,1009608250.0,0.0,15,3.89,0
20250318,1742227200000,4.0,4.0200000000000005,3.95,3.97,1305591,519157267.0,0.0,15,4.03,0
20250319,1742313600000,3.98,3.9899999999999998,3.9,3.9099999999999997,824651,323772582.0,0.0,15,3.9699999999999998,0
20250320,1742400000000,3.88,3.94,3.88,3.92,785136,307857735.00000006,0.0,15,3.9099999999999997,0
20250321,1742486400000,3.9,3.92,3.84,3.86,869401,336217119.0,0.0,15,3.92,0
20250324,1742745600000,3.86,3.88,3.67,3.7399999999999998,1110463,414408535.0,0.0,15,3.86,0
20250325,1742832000000,3.7399999999999998,3.79,3.71,3.76,632729,237807948.99999997,0.0,15,3.7399999999999998,0
20250326,1742918400000,3.75,3.81,3.73,3.73,654135,246536423.0,0.0,15,3.76,0
20250327,1743004800000,3.71,3.72,3.6,3.61,826145,300400428.00000006,0.0,15,3.73,0
20250328,1743091200000,3.6,3.61,3.5,3.51,727812,257325589.0,0.0,15,3.61,0
20250331,1743350400000,3.44,3.45,3.31,3.4,945412,318633752.0,0.0,15,3.5100000000000002,0
20250401,1743436800000,3.42,3.43,3.37,3.38,555757,188772421.0,0.0,15,3.4,0
20250402,1743523200000,3.37,3.41,3.35,3.39,410449,139116313.0,0.0,15,3.38,0
20250403,1743609600000,3.36,3.41,3.33,3.37,469146,158497712.00000003,0.0,15,3.39,0
20250407,1743955200000,3.1500000000000004,3.1500000000000004,3.0300000000000002,3.0300000000000002,560694,171209601.0,0.0,15,3.37,0
20250408,1744041600000,2.85,2.97,2.74,2.8600000000000003,1209641,343084366.0,0.0,15,3.0300000000000002,0
20250409,1744128000000,2.77,2.9499999999999997,2.57,2.9299999999999997,1208862,334941049.00000006,0.0,15,2.86,0
20250410,1744214400000,2.98,3.08,2.98,3.0,899859,271945461.0,0.0,15,2.93,0
20250411,1744300800000,3.04,3.1500000000000004,3.0100000000000002,3.1,1132948,351140737.0,0.0,15,3.0000000000000004,0
20250414,1744560000000,3.14,3.19,3.12,3.15,812389,256390367.0,0.0,15,3.1,0
20250415,1744646400000,3.16,3.16,3.08,3.12,525986,163840094.0,0.0,15,3.15,0
20250416,1744732800000,3.1,3.11,3.0,3.05,469124,143254802.0,0.0,15,3.12,0
20250417,1744819200000,3.03,3.08,3.02,3.02,381380,116326113.00000001,0.0,15,3.05,0
20250418,1744905600000,3.02,3.08,3.0,3.07,457327,139197604.0,0.0,15,3.02,0
20250421,1745164800000,3.0700000000000003,3.12,3.0300000000000002,3.12,463798,143372768.0,0.0,15,3.0700000000000003,0
20250422,1745251200000,3.1100000000000003,3.12,3.0700000000000003,3.08,409287,126355673.0,0.0,15,3.12,0
20250423,1745337600000,3.09,3.13,3.08,3.1,442912,137413295.0,0.0,15,3.08,0
20250424,1745424000000,3.12,3.15,3.06,3.07,586743,181465802.00000003,0.0,15,3.1,0
20250425,1745510400000,3.0700000000000003,3.14,3.0700000000000003,3.0900000000000003,620643,193089265.00000003,0.0,15,3.0700000000000003,0
20250428,1745769600000,3.1,3.12,3.04,3.05,416868,127612289.00000001,0.0,15,3.09,0
20250429,1745856000000,3.05,3.1,3.02,3.08,427791,131778385.0,0.0,15,3.05,0
20250430,1745942400000,3.08,3.14,3.06,3.11,496475,154714948.0,0.0,15,3.08,0
20250506,1746460800000,3.1399999999999997,3.25,3.13,3.25,815669,262525440.0,0.0,15,3.11,0
20250507,1746547200000,3.27,3.31,3.21,3.25,757905,246608213.0,0.0,15,3.25,0
20250508,1746633600000,3.23,3.49,3.23,3.44,1759167,596239346.0000001,0.0,15,3.25,0
20250509,1746720000000,3.37,3.37,3.2600000000000002,3.3000000000000003,1080740,357070329.99999994,0.0,15,3.4400000000000004,0
20250512,1746979200000,3.31,3.37,3.27,3.35,863883,286503323.0,0.0,15,3.3,0
20250513,1747065600000,3.39,3.41,3.29,3.29,577325,192026770.0,0.0,15,3.35,0
20250514,1747152000000,3.29,3.35,3.2800000000000002,3.3000000000000003,505502,167224029.0,0.0,15,3.29,0
20250515,1747238400000,3.29,3.29,3.23,3.23,466690,151768731.00000003,0.0,15,3.3,0
20250516,1747324800000,3.2199999999999998,3.29,3.21,3.25,375280,122313130.00000001,0.0,15,3.23,0
20250519,1747584000000,3.25,3.27,3.2,3.2600000000000002,392352,127179153.0,0.0,15,3.25,0
20250520,1747670400000,3.26,3.29,3.23,3.29,432962,141395733.0,0.0,15,3.26,0
20250521,1747756800000,3.28,3.32,3.23,3.26,623366,202885540.99999997,0.0,15,3.29,0
20250522,1747843200000,3.23,3.29,3.2,3.21,449223,145122000.0,0.0,15,3.2600000000000002,0
20250523,1747929600000,3.21,3.22,3.12,3.12,466587,147995454.0,0.0,15,3.21,0
20250526,1748188800000,3.12,3.19,3.1,3.19,339336,107414746.0,0.0,15,3.12,0
20250527,1748275200000,3.1999999999999997,3.1999999999999997,3.13,3.15,297165,93427358.0,0.0,15,3.19,0
20250528,1748361600000,3.15,3.17,3.12,3.13,263391,82700004.99999999,0.0,15,3.15,0
20250529,1748448000000,3.18,3.37,3.16,3.25,1004640,327459451.0,0.0,15,3.1300000000000003,0
20250530,1748534400000,3.19,3.23,3.13,3.1399999999999997,652037,205765342.0,0.0,15,3.25,0
20250603,1748880000000,3.12,3.15,3.12,3.14,290367,91122667.0,0.0,15,3.14,0
20250604,1748966400000,3.14,3.35,3.14,3.3000000000000003,1523496,498984462.00000006,0.0,15,3.14,0
20250605,1749052800000,3.27,3.3800000000000003,3.22,3.33,1333225,440688838.0,0.0,15,3.3000000000000003,0
20250606,1749139200000,3.33,3.4400000000000004,3.3000000000000003,3.3200000000000003,869357,290670093.0,0.0,15,3.33,0
20250609,1749398400000,3.35,3.37,3.29,3.34,719555,239637583.00000003,0.0,15,3.32,0
20250610,1749484800000,3.3400000000000003,3.4200000000000004,3.2600000000000002,3.3000000000000003,850409,283819543.0,0.0,15,3.3400000000000003,0
20250611,1749571200000,3.3,3.38,3.29,3.33,692071,231145338.0,0.0,15,3.3,0
20250612,1749657600000,3.33,3.4000000000000004,3.2800000000000002,3.3800000000000003,1107609,372295707.0,0.0,15,3.33,0
20250613,1749744000000,3.35,3.37,3.25,3.25,826534,271989210.0,0.0,15,3.38,0
20250616,1750003200000,3.25,3.3200000000000003,3.22,3.27,452588,148705415.0,0.0,15,3.25,0
20250617,1750089600000,3.28,3.29,3.21,3.23,451658,146246819.0,0.0,15,3.27,0
20250618,1750176000000,3.2199999999999998,3.23,3.17,3.21,364660,116617668.0,0.0,15,3.23,0
20250619,1750262400000,3.21,3.2800000000000002,3.16,3.17,584351,187338527.0,0.0,15,3.21,0
20250620,1750348800000,3.1599999999999997,3.19,3.13,3.13,347871,109449702.0,0.0,15,3.17,0
20250623,1750608000000,3.1199999999999997,3.1599999999999997,3.09,3.15,338743,106364861.00000001,0.0,15,3.13,0
20250624,1750694400000,3.1599999999999997,3.2199999999999998,3.15,3.2199999999999998,417794,133848261.00000001,0.0,15,3.15,0
20250625,1750780800000,3.23,3.25,3.19,3.23,415200,133474246.0,0.0,15,3.2199999999999998,0
20250626,1750867200000,3.23,3.38,3.23,3.29,1086717,360681007.0,0.0,15,3.23,0
20250627,1750953600000,3.2800000000000002,3.3600000000000003,3.2800000000000002,3.3400000000000003,890129,296444152.0,0.0,15,3.29,0
20250630,1751212800000,3.39,3.4000000000000004,3.3200000000000003,3.3400000000000003,633916,211656689.0,0.0,15,3.3400000000000003,0
20250701,1751299200000,3.33,3.35,3.3000000000000003,3.3400000000000003,558641,185725898.99999997,0.0,15,3.3400000000000003,0
20250702,1751385600000,3.32,3.35,3.29,3.33,484298,160707905.00000003,0.0,15,3.34,0
20250703,1751472000000,3.33,3.43,3.3200000000000003,3.3400000000000003,513306,172086421.0,0.0,15,3.33,0
20250704,1751558400000,3.35,3.38,3.31,3.32,641440,214593956.00000003,0.0,15,3.34,0
20250707,1751817600000,3.29,3.33,3.29,3.32,342599,113466734.0,0.0,15,3.32,0
20250708,1751904000000,3.31,3.47,3.3000000000000003,3.4600000000000004,1529481,521519983.0,0.0,15,3.3200000000000003,0
20250709,1751990400000,3.48,3.48,3.38,3.4,859012,293323767.00000006,0.0,15,3.46,0
20250710,1752076800000,3.38,3.56,3.38,3.5,1595805,556704072.0,0.0,15,3.4,0
20250711,1752163200000,3.45,3.49,3.41,3.46,995236,342694796.0,0.0,15,3.5,0
20250714,1752422400000,3.46,3.46,3.4,3.4099999999999997,645997,220557738.0,0.0,15,3.46,0
20250715,1752508800000,3.4099999999999997,3.44,3.34,3.3899999999999997,650823,220458617.0,0.0,15,3.4099999999999997,0
20250716,1752595200000,3.39,3.42,3.35,3.37,441501,149159724.0,0.0,15,3.39,0
20250717,1752681600000,3.36,3.39,3.35,3.39,375299,126584974.00000001,0.0,15,3.37,0
20250718,1752768000000,3.38,3.4,3.35,3.37,397210,133858785.0,0.0,15,3.39,0
20250721,1753027200000,3.3899999999999997,3.44,3.38,3.4299999999999997,612768,209440529.0,0.0,15,3.37,0
20250722,1753113600000,3.44,3.4499999999999997,3.38,3.4099999999999997,482640,164273963.0,0.0,15,3.4299999999999997,0
20250723,1753200000000,3.4099999999999997,3.4499999999999997,3.38,3.38,787408,268840140.0,0.0,15,3.4099999999999997,0
20250724,1753286400000,3.38,3.43,3.37,3.43,590998,201767576.00000003,0.0,15,3.38,0
20250725,1753372800000,3.43,3.44,3.39,3.41,451322,153922127.0,0.0,15,3.43,0
20250728,1753632000000,3.4,3.4099999999999997,3.36,3.3699999999999997,541684,183027653.0,0.0,15,3.4099999999999997,0
20250729,1753718400000,3.36,3.5500000000000003,3.35,3.5300000000000002,1740336,601758670.0,0.0,15,3.37,0
20250730,1753804800000,3.58,3.73,3.56,3.62,2691563,978391881.0,0.0,15,3.5300000000000002,0
20250731,1753891200000,3.6,3.69,3.52,3.63,1771881,642349446.0,0.0,15,3.62,0
20250801,1753977600000,3.66,3.68,3.52,3.53,1234215,441351764.0,0.0,15,3.63,0
20250804,1754236800000,3.5,3.6100000000000003,3.47,3.6,798140,283287974.0,0.0,15,3.5300000000000002,0
20250805,1754323200000,3.59,3.96,3.56,3.89,3844558,1470737153.0,0.0,15,3.6,0
20250806,1754409600000,3.79,4.03,3.77,3.95,3027660,1183176454.0,0.0,15,3.89,0
20250807,1754496000000,3.93,4.05,3.91,3.96,1879452,745429409.0,0.0,15,3.95,0
20250808,1754582400000,3.9499999999999997,4.05,3.94,4.0,1529225,609892335.0,0.0,15,3.96,0
20250811,1754841600000,3.96,4.03,3.86,4.02,1476100,585209250.0,0.0,15,4.0,0
20250812,1754928000000,4.01,4.3,3.98,4.19,2902374,1212941959.0000002,0.0,15,4.02,0
20250813,1755014400000,4.13,4.29,4.12,4.24,2276362,958785841.0,0.0,15,4.19,0
20250814,1755100800000,4.32,4.66,4.3100000000000005,4.3100000000000005,5329944,2413705651.0,0.0,15,4.24,0
20250815,1755187200000,4.340000000000001,4.74,4.2700000000000005,4.74,5532299,2561395750.9999995,0.0,15,4.3100000000000005,0
20250818,1755446400000,4.8,4.8,4.51,4.6,4913350,2260649448.0,0.0,15,4.74,0
20250819,1755532800000,4.59,5.04,4.39,4.779999999999999,4676778,2187784079.0,0.0,15,4.6,0
20250820,1755619200000,4.680000000000001,4.890000000000001,4.5200000000000005,4.640000000000001,3022110,1413461297.0000002,0.0,15,4.78,0
20250821,1755705600000,4.57,4.74,4.4,4.430000000000001,2521371,1137739448.0,0.0,15,4.640000000000001,0
20250822,1755792000000,4.470000000000001,4.57,4.4,4.48,1909194,852823718.9999999,0.0,15,4.430000000000001,0
20250825,1756051200000,4.53,4.53,4.36,4.390000000000001,2187073,969434321.0,0.0,15,4.48,0
20250826,1756137600000,4.37,4.39,4.29,4.33,1350415,586091585.0,0.0,15,4.39,0
20250827,1756224000000,4.33,4.37,4.15,4.16,1880029,803021754.0,0.0,15,4.33,0
20250828,1756310400000,4.15,4.210000000000001,4.0200000000000005,4.2,1581114,653008445.0000001,0.0,15,4.16,0
20250829,1756396800000,4.25,4.25,4.12,4.15,906355,376922375.0,0.0,15,4.2,0
20250901,1756656000000,4.15,4.19,4.11,4.15,945000,391910808.0,0.0,15,4.15,0
20250902,1756742400000,4.1499999999999995,4.1499999999999995,4.01,4.06,1119941,455931439.0,0.0,15,4.1499999999999995,0
20250903,1756828800000,4.06,4.1,3.94,3.96,911802,366392186.0,0.0,15,4.06,0
20250904,1756915200000,3.9899999999999998,4.06,3.84,3.9099999999999997,1112030,441964560.00000006,0.0,15,3.96,0
20250905,1757001600000,3.92,4.04,3.9,4.03,878507,349088399.0,0.0,15,3.9099999999999997,0
20250908,1757260800000,4.03,4.08,3.99,4.0200000000000005,772386,310882563.0,0.0,15,4.03,0
20250909,1757347200000,4.02,4.06,3.96,3.98,733082,293691684.99999994,0.0,15,4.02,0
20250910,1757433600000,3.99,4.03,3.95,3.98,511566,203819285.0,0.0,15,3.98,0
20250911,1757520000000,3.98,4.15,3.93,4.140000000000001,1315098,533965034.0,0.0,15,3.98,0
20250912,1757606400000,4.16,4.34,4.12,4.24,2117845,895717683.0000001,0.0,15,4.14,0
20250915,1757865600000,4.25,4.300000000000001,4.15,4.220000000000001,1018942,428929421.0,0.0,15,4.24,0
20250916,1757952000000,4.199999999999999,4.2299999999999995,4.14,4.21,866023,361868868.99999994,0.0,15,4.22,0
20250917,1758038400000,4.21,4.3100000000000005,4.16,4.26,1032333,438378596.0,0.0,15,4.21,0
20250918,1758124800000,4.24,4.24,4.0600000000000005,4.11,1236893,515137020.0,0.0,15,4.260000000000001,0
20250919,1758211200000,4.140000000000001,4.16,4.0200000000000005,4.04,786605,320012656.00000006,0.0,15,4.11,0
20250922,1758470400000,4.11,4.11,4.0200000000000005,4.08,634713,257962363.0,0.0,15,4.04,0
20250923,1758556800000,4.08,4.25,3.99,4.24,1968256,815033040.0000001,0.0,15,4.08,0
20250924,1758643200000,4.2,4.2,4.0600000000000005,4.16,1291650,531387741.0,0.0,15,4.24,0
20250925,1758729600000,4.14,4.41,4.14,4.359999999999999,2622613,1128715257.0,0.0,15,4.159999999999999,0
20250926,1758816000000,4.27,4.34,4.18,4.1899999999999995,1583760,670496202.0,0.0,15,4.359999999999999,0
20250929,1759075200000,4.1899999999999995,4.27,4.13,4.17,990638,414393817.00000006,0.0,15,4.1899999999999995,0
20250930,1759161600000,4.17,4.24,4.13,4.18,872741,364406656.0,0.0,15,4.17,0
20251009,1759939200000,4.21,4.29,4.2,4.2700000000000005,1363975,580803418.0,0.0,15,4.180000000000001,0
20251010,1760025600000,4.260000000000001,4.390000000000001,4.19,4.3100000000000005,1580365,679048453.9999999,0.0,15,4.2700000000000005,0
20251013,1760284800000,4.0,4.27,4.0,4.26,1227557,509304457.99999994,0.0,15,4.31,0
20251014,1760371200000,4.23,4.3500000000000005,4.0600000000000005,4.07,1717714,717383214.9999999,0.0,15,4.260000000000001,0
20251015,1760457600000,4.05,4.09,3.97,4.07,899988,363698174.00000006,0.0,15,4.07,0
20251016,1760544000000,4.04,4.05,3.88,3.8899999999999997,1099816,434140484.0,0.0,15,4.07,0
20251017,1760630400000,3.89,3.92,3.77,3.77,699215,267931038.00000003,0.0,15,3.89,0
20251020,1760889600000,3.8000000000000003,3.81,3.74,3.7800000000000002,454786,171554512.0,0.0,15,3.77,0
20251021,1760976000000,3.7800000000000002,3.8400000000000003,3.74,3.83,455160,173304818.00000003,0.0,15,3.7800000000000002,0
20251022,1761062400000,3.8200000000000003,3.85,3.7800000000000002,3.8200000000000003,378445,144625002.00000003,0.0,15,3.83,0
20251023,1761148800000,3.81,3.83,3.73,3.81,425583,160236258.99999997,0.0,15,3.82,0
20251024,1761235200000,3.81,3.85,3.79,3.81,373501,142360304.0,0.0,15,3.81,0
20251027,1761494400000,3.8400000000000003,3.93,3.8200000000000003,3.9000000000000004,745148,289736243.00000006,0.0,15,3.8100000000000005,0
20251028,1761580800000,3.92,3.9299999999999997,3.84,3.86,436310,168872236.0,0.0,15,3.9,0
20251029,1761667200000,3.8600000000000003,3.87,3.8000000000000003,3.8600000000000003,453309,173868025.00000003,0.0,15,3.8600000000000003,0
20251030,1761753600000,3.83,3.85,3.71,3.7199999999999998,741130,279282626.00000006,0.0,15,3.86,0
20251031,1761840000000,3.73,3.78,3.73,3.75,350188,131392050.00000001,0.0,15,3.72,0
20251103,1762099200000,3.75,3.8200000000000003,3.7,3.8000000000000003,503916,190572300.0,0.0,15,3.75,0
20251104,1762185600000,3.7800000000000002,3.79,3.72,3.75,370923,139199375.0,0.0,15,3.8000000000000003,0
20251105,1762272000000,3.7199999999999998,3.82,3.71,3.8,618045,234258342.0,0.0,15,3.75,0
20251106,1762358400000,3.82,3.84,3.77,3.84,455289,173545984.0,0.0,15,3.8,0
20251107,1762444800000,3.82,3.83,3.77,3.78,386925,146720998.0,0.0,15,3.84,0
20251110,1762704000000,3.81,3.82,3.77,3.81,396231,150554601.0,0.0,15,3.78,0
20251111,1762790400000,3.81,3.87,3.8000000000000003,3.83,561163,215467133.0,0.0,15,3.81,0
20251112,1762876800000,3.8400000000000003,3.8400000000000003,3.74,3.77,542914,205084091.0,0.0,15,3.83,0
20251113,1762963200000,3.7600000000000002,3.9000000000000004,3.7600000000000002,3.8800000000000003,930718,359360540.0,0.0,15,3.77,0
20251114,1763049600000,3.86,3.89,3.83,3.85,541233,208657387.0,0.0,15,3.88,0
20251117,1763308800000,3.85,3.86,3.81,3.86,395774,151820713.0,0.0,15,3.85,0
20251118,1763395200000,3.85,3.85,3.74,3.7600000000000002,581145,219185851.0,0.0,15,3.8600000000000003,0
20251119,1763481600000,3.75,3.81,3.68,3.71,424705,158274326.0,0.0,15,3.7600000000000002,0
20251120,1763568000000,3.72,3.77,3.68,3.7,334309,124509560.00000001,0.0,15,3.71,0
20251121,1763654400000,3.68,3.68,3.5100000000000002,3.52,611936,218684812.00000003,0.0,15,3.7,0
20251124,1763913600000,3.54,3.58,3.5,3.56,340022,120344994.00000001,0.0,15,3.52,0
20251125,1764000000000,3.54,3.66,3.54,3.64,405919,147452637.0,0.0,15,3.56,0
20251126,1764086400000,3.64,3.66,3.58,3.58,269125,97340160.0,0.0,15,3.64,0
20251127,1764172800000,3.6,3.62,3.54,3.55,265976,95204446.00000001,0.0,15,3.58,0
20251128,1764259200000,3.55,3.57,3.52,3.56,268697,95465441.00000001,0.0,15,3.55,0
20251201,1764518400000,3.56,3.64,3.5500000000000003,3.6100000000000003,394245,142326973.00000003,0.0,15,3.56,0
20251202,1764604800000,3.62,3.62,3.5500000000000003,3.5900000000000003,271723,97005384.0,0.0,15,3.6100000000000003,0
20251203,1764691200000,3.5900000000000003,3.95,3.5500000000000003,3.95,2639698,1033978213.0,0.0,15,3.5900000000000003,0
20251204,1764777600000,3.88,4.1,3.83,3.95,3151812,1251937816.0,0.0,15,3.95,0
20251205,1764864000000,3.8899999999999997,4.2299999999999995,3.84,4.09,2613420,1053522683.0,0.0,15,3.9499999999999997,0
20251208,1765123200000,4.01,4.12,3.98,4.08,1732809,699301688.0,0.0,15,4.09,0
20251209,1765209600000,4.03,4.08,4.0,4.07,1207126,487172942.0,0.0,15,4.08,0
20251210,1765296000000,4.04,4.05,3.92,3.96,974258,385902410.0,0.0,15,4.07,0
20251211,1765382400000,3.95,4.16,3.95,4.08,1781936,726706138.0,0.0,15,3.96,0
20251212,1765468800000,4.0,4.16,4.0,4.12,1766190,726646282.0000001,0.0,15,4.08,0
20251215,1765728000000,4.09,4.25,4.04,4.09,1420231,588692975.0,0.0,15,4.12,0
20251216,1765814400000,4.08,4.17,4.0,4.0,1197602,487180782.0,0.0,15,4.09,0
20251217,1765900800000,3.95,3.99,3.8200000000000003,3.9600000000000004,1160505,452960774.00000006,0.0,15,4.0,0
20251218,1765987200000,3.94,4.09,3.91,3.96,678984,271297248.0,0.0,15,3.96,0
20251219,1766073600000,3.96,4.03,3.95,4.01,617471,247006037.0,0.0,15,3.96,0
20251222,1766332800000,4.0,4.03,3.97,4.01,607339,242940955.00000003,0.0,15,4.01,0
20251223,1766419200000,4.01,4.01,3.85,3.86,848554,332246430.0,0.0,15,4.01,0
20251224,1766505600000,3.88,3.9899999999999998,3.86,3.9699999999999998,739728,292127055.0,0.0,15,3.86,0
20251225,1766592000000,3.94,3.9899999999999998,3.88,3.98,752994,296826607.0,0.0,15,3.9699999999999998,0
20251226,1766678400000,3.9699999999999998,4.03,3.92,4.01,924417,368419912.0,0.0,15,3.98,0
20251229,1766937600000,4.0,4.02,3.92,3.9299999999999997,670023,265527902.0,0.0,15,4.01,0
20251230,1767024000000,3.9,4.05,3.81,3.88,979543,383964015.0,0.0,15,3.93,0
20251231,1767110400000,3.86,3.96,3.83,3.85,617165,238646841.00000003,0.0,15,3.88,0
20260105,1767542400000,3.86,3.95,3.85,3.89,563175,218610618.0,0.0,15,3.85,0
20260106,1767628800000,3.8899999999999997,4.02,3.88,4.0,1057568,420351647.00000006,0.0,15,3.8899999999999997,0
20260107,1767715200000,4.0,4.04,3.95,3.97,820402,327347502.00000006,0.0,15,4.0,0
20260108,1767801600000,3.9699999999999998,4.08,3.94,4.03,992319,400184896.0,0.0,15,3.9699999999999998,0
20260109,1767888000000,4.03,4.05,3.98,4.02,859443,344851419.0,0.0,15,4.03,0
20260112,1768147200000,4.0200000000000005,4.07,3.99,4.07,1100927,444148860.0,0.0,15,4.0200000000000005,0
20260113,1768233600000,4.07,4.09,3.93,3.94,1107180,441105038.00000006,0.0,15,4.07,0
20260114,1768320000000,3.96,4.03,3.91,3.97,1122274,447463899.99999994,0.0,15,3.94,0
20260115,1768406400000,3.98,4.23,3.95,4.15,2361830,971713741.0,0.0,15,3.97,0
20260116,1768492800000,4.19,4.21,3.99,4.0200000000000005,1607337,654119504.0,0.0,15,4.15,0
20260119,1768752000000,4.01,4.0200000000000005,3.91,3.99,712692,282886194.0,0.0,15,4.0200000000000005,0
20260120,1768838400000,4.0,4.02,3.9,3.9499999999999997,821847,323525470.0,0.0,15,3.9899999999999998,0
20260121,1768924800000,3.93,4.03,3.89,4.0,775075,307810018.0,0.0,15,3.95,0
20260122,1769011200000,3.98,4.140000000000001,3.97,4.1000000000000005,1192789,486298689.99999994,0.0,15,4.0,0
20260123,1769097600000,4.09,4.16,4.05,4.1499999999999995,1352251,556747093.0,0.0,15,4.1,0
20260126,1769356800000,4.159999999999999,4.25,4.14,4.22,1609630,676677929.0,0.0,15,4.1499999999999995,0
20260127,1769443200000,4.2,4.24,4.07,4.15,1073116,443612895.0,0.0,15,4.220000000000001,0
20260128,1769529600000,4.1499999999999995,4.39,4.13,4.32,2380835,1023359988.0000001,0.0,15,4.1499999999999995,0
20260129,1769616000000,4.35,4.36,4.17,4.2299999999999995,1741620,740477147.0,0.0,15,4.32,0
20260130,1769702400000,4.11,4.12,3.85,3.95,1727791,686308929.0,0.0,15,4.23,0
20260202,1769961600000,3.89,3.89,3.66,3.68,1185840,447559005.0,0.0,15,3.95,0
20260203,1770048000000,3.71,3.82,3.69,3.81,656398,246059747.00000003,0.0,15,3.68,0
20260204,1770134400000,3.8,3.85,3.77,3.82,501832,190821585.0,0.0,15,3.81,0
20260205,1770220800000,3.79,3.79,3.72,3.73,492285,184612271.00000003,0.0,15,3.8200000000000003,0
20260206,1770307200000,3.69,3.77,3.66,3.72,427617,159417885.0,0.0,15,3.73,0
20260209,1770566400000,3.75,3.85,3.75,3.82,555778,212237697.99999997,0.0,15,3.72,0
20260210,1770652800000,3.83,3.9200000000000004,3.8000000000000003,3.85,486741,187522514.0,0.0,15,3.8200000000000003,0
20260211,1770739200000,3.8400000000000003,3.8800000000000003,3.8200000000000003,3.8400000000000003,418261,160912671.0,0.0,15,3.85,0
20260212,1770825600000,3.85,3.85,3.7800000000000002,3.79,420963,160696887.0,0.0,15,3.8400000000000003,0
20260213,1770912000000,3.77,3.8,3.73,3.7399999999999998,346136,130247508.0,0.0,15,3.79,0
20260224,1771862400000,3.79,3.89,3.79,3.85,608265,234141103.00000003,0.0,15,3.74,0
20260225,1771948800000,3.86,4.0,3.84,3.9699999999999998,866082,342497969.99999994,0.0,15,3.8499999999999996,0
20260226,1772035200000,3.98,3.9899999999999998,3.92,3.9499999999999997,497251,196249272.00000003,0.0,15,3.9699999999999998,0
20260227,1772121600000,3.95,3.99,3.93,3.99,481766,191212207.0,0.0,15,3.95,0
20260302,1772380800000,3.97,3.97,3.87,3.94,682464,267849954.0,0.0,15,3.99,0
20260303,1772467200000,3.91,3.9299999999999997,3.69,3.69,828672,314510710.0,0.0,15,3.94,0
20260304,1772553600000,3.67,3.75,3.64,3.67,518776,191343594.0,0.0,15,3.69,0
20260305,1772640000000,3.73,3.8,3.73,3.75,490018,184368978.0,0.0,15,3.67,0
20260306,1772726400000,3.7199999999999998,3.75,3.67,3.7399999999999998,387745,144032253.00000003,0.0,15,3.75,0
20260309,1772985600000,3.67,3.68,3.58,3.65,699307,253364397.0,0.0,15,3.74,0
20260310,1773072000000,3.6799999999999997,3.7199999999999998,3.67,3.7199999999999998,409480,151493810.0,0.0,15,3.65,0
20260311,1773158400000,3.7199999999999998,3.7399999999999998,3.67,3.71,378182,139880899.0,0.0,15,3.7199999999999998,0
20260312,1773244800000,3.6999999999999997,3.7199999999999998,3.65,3.67,369719,136140535.0,0.0,15,3.71,0
20260313,1773331200000,3.6599999999999997,3.6799999999999997,3.59,3.5999999999999996,479851,174283404.00000003,0.0,15,3.67,0
20260316,1773590400000,3.6,3.62,3.5100000000000002,3.58,489096,173810801.0,0.0,15,3.6,0
20260317,1773676800000,3.6,3.7300000000000004,3.5300000000000002,3.54,625199,225811035.0,0.0,15,3.58,0
20260318,1773763200000,3.4899999999999998,3.53,3.48,3.52,467857,163974317.99999997,0.0,15,3.54,0
20260319,1773849600000,3.4899999999999998,3.4899999999999998,3.36,3.38,481123,164078652.00000003,0.0,15,3.52,0
20260320,1773936000000,3.4000000000000004,3.4200000000000004,3.2800000000000002,3.29,390056,129818799.0,0.0,15,3.3800000000000003,0
20260323,1774195200000,3.21,3.22,3.04,3.06,554813,173938741.0,0.0,15,3.29,0
20260324,1774281600000,3.13,3.23,3.09,3.2199999999999998,488927,154133534.0,0.0,15,3.06,0
20260325,1774368000000,3.2399999999999998,3.32,3.23,3.31,367579,120879688.0,0.0,15,3.22,0
20260326,1774454400000,3.31,3.32,3.21,3.23,344497,112255311.0,0.0,15,3.31,0
20260327,1774540800000,3.19,3.37,3.15,3.36,528975,175517763.0,0.0,15,3.23,0
20260330,1774800000000,3.33,3.41,3.29,3.4,407497,136941294.0,0.0,15,3.36,0
20260331,1774886400000,3.4,3.44,3.34,3.3499999999999996,361243,122269884.00000001,0.0,15,3.4,0
20260401,1774972800000,3.4000000000000004,3.41,3.3200000000000003,3.35,346939,116092847.99999999,0.0,15,3.35,0
20260402,1775059200000,3.3400000000000003,3.3600000000000003,3.2600000000000002,3.29,290149,95755883.0,0.0,15,3.35,0
20260403,1775145600000,3.29,3.3000000000000003,3.2,3.22,256147,82639439.00000001,0.0,15,3.29,0
20260407,1775491200000,3.23,3.3200000000000003,3.22,3.3200000000000003,283708,93353242.99999999,0.0,15,3.22,0
20260408,1775577600000,3.48,3.58,3.45,3.5500000000000003,854128,300478590.00000006,0.0,15,3.3200000000000003,0
20260409,1775664000000,3.51,3.63,3.5,3.61,773483,277523244.0,0.0,15,3.55,0
20260410,1775750400000,3.65,3.67,3.6,3.6,618745,224375637.0,0.0,15,3.61,0
20260413,1776009600000,3.62,3.62,3.56,3.6,422922,151716494.0,0.0,15,3.6,0
20260414,1776096000000,3.6199999999999997,3.6599999999999997,3.59,3.65,501327,182015299.00000003,0.0,15,3.5999999999999996,0
20260415,1776182400000,3.65,3.69,3.58,3.58,423931,153616063.00000003,0.0,15,3.65,0
20260416,1776268800000,3.57,3.61,3.56,3.6,361852,130094874.0,0.0,15,3.58,0
20260417,1776355200000,3.61,3.6599999999999997,3.59,3.65,378424,137588608.00000003,0.0,15,3.5999999999999996,0
20260420,1776614400000,3.65,3.71,3.64,3.69,516153,190090196.0,0.0,15,3.65,0
20260421,1776700800000,3.67,3.69,3.62,3.66,361283,131643003.99999999,0.0,15,3.69,0
20260422,1776787200000,3.66,3.75,3.62,3.69,596681,220210756.0,0.0,15,3.66,0
20260423,1776873600000,3.68,3.68,3.5700000000000003,3.58,482410,174110246.00000003,0.0,15,3.6900000000000004,0
20260424,1776960000000,3.56,3.62,3.5500000000000003,3.6,346005,124384071.0,0.0,15,3.58,0
20260427,1777219200000,3.58,3.6700000000000004,3.5700000000000003,3.66,390515,141816307.0,0.0,15,3.6,0
20260428,1777305600000,3.66,3.69,3.58,3.6,359103,130182742.0,0.0,15,3.66,0
20260429,1777392000000,3.61,3.65,3.59,3.63,351864,127737103.0,0.0,15,3.5999999999999996,0
20260430,1777478400000,3.63,3.68,3.62,3.65,334698,122097734.0,0.0,15,3.63,0
20260506,1777996800000,3.65,3.72,3.64,3.71,589356,217268625.0,0.0,15,3.65,0
20260507,1778083200000,3.73,3.7800000000000002,3.7,3.73,500503,186704680.0,0.0,15,3.71,0
20260508,1778169600000,3.72,3.79,3.7,3.7800000000000002,590698,221828794.00000003,0.0,15,3.73,0
20260511,1778428800000,3.8000000000000003,3.8200000000000003,3.7,3.72,548923,205282792.00000003,0.0,15,3.7800000000000002,0
20260512,1778515200000,3.75,3.75,3.64,3.68,430942,159206921.0,0.0,15,3.72,0
20260513,1778601600000,3.68,3.73,3.66,3.68,435106,160888598.0,0.0,15,3.68,0
20260514,1778688000000,3.69,3.7,3.58,3.58,531457,192547961.0,0.0,15,3.68,0
20260515,1778774400000,3.58,3.6,3.47,3.49,481967,170306342.0,0.0,15,3.58,0
20260518,1779033600000,3.5,3.58,3.4,3.57,481144,168926062.0,0.0,15,3.4899999999999998,0
20260519,1779120000000,3.5700000000000003,3.7500000000000004,3.5700000000000003,3.68,680379,251110746.0,0.0,15,3.5700000000000003,0
20260520,1779206400000,3.64,3.6500000000000004,3.5500000000000003,3.6300000000000003,404226,145573360.0,0.0,15,3.68,0
20260521,1779292800000,3.6500000000000004,3.67,3.41,3.42,500938,177144761.0,0.0,15,3.6300000000000003,0
20260522,1779379200000,3.43,3.66,3.41,3.62,643441,229285275.0,0.0,15,3.42,0
20260525,1779638400000,3.6500000000000004,3.6900000000000004,3.5500000000000003,3.6,428918,154753089.0,0.0,15,3.62,0
20260526,1779724800000,3.58,3.96,3.54,3.84,1804075,684800356.0,0.0,15,3.6,0
