date,time,open,high,low,close,volume,amount,settelementPrice,openInterest,preClose,suspendFlag
20120503,1335974400000,,,,,0,0.0,0.0,0,,1
20120504,1336060800000,,,,,0,0.0,0.0,0,,1
20120507,1336320000000,,,,,0,0.0,0.0,0,,1
20120508,1336406400000,,,,,0,0.0,0.0,0,,1
20120509,1336492800000,,,,,0,0.0,0.0,0,,1
20120510,1336579200000,,,,,0,0.0,0.0,0,,1
20120511,1336665600000,,,,,0,0.0,0.0,0,,1
20120514,1336924800000,,,,,0,0.0,0.0,0,,1
20120515,1337011200000,,,,,0,0.0,0.0,0,,1
20120516,1337097600000,,,,,0,0.0,0.0,0,,1
20120517,1337184000000,,,,,0,0.0,0.0,0,,1
20120518,1337270400000,,,,,0,0.0,0.0,0,,1
20120521,1337529600000,,,,,0,0.0,0.0,0,,1
20120522,1337616000000,,,,,0,0.0,0.0,0,,1
20120523,1337702400000,,,,,0,0.0,0.0,0,,1
20120524,1337788800000,,,,,0,0.0,0.0,0,,1
20120525,1337875200000,,,,,0,0.0,0.0,0,,1
20120528,1338134400000,,,,,0,0.0,0.0,0,,1
20120529,1338220800000,,,,,0,0.0,0.0,0,,1
20120530,1338307200000,,,,,0,0.0,0.0,0,,1
20120531,1338393600000,,,,,0,0.0,0.0,0,,1
20120601,1338480000000,,,,,0,0.0,0.0,0,,1
20120604,1338739200000,,,,,0,0.0,0.0,0,,1
20120605,1338825600000,,,,,0,0.0,0.0,0,,1
20120606,1338912000000,,,,,0,0.0,0.0,0,,1
20120607,1338998400000,,,,,0,0.0,0.0,0,,1
20120608,1339084800000,,,,,0,0.0,0.0,0,,1
20120611,1339344000000,,,,,0,0.0,0.0,0,,1
20120612,1339430400000,,,,,0,0.0,0.0,0,,1
20120613,1339516800000,,,,,0,0.0,0.0,0,,1
20120614,1339603200000,,,,,0,0.0,0.0,0,,1
20120615,1339689600000,,,,,0,0.0,0.0,0,,1
20120618,1339948800000,,,,,0,0.0,0.0,0,,1
20120619,1340035200000,,,,,0,0.0,0.0,0,,1
20120620,1340121600000,,,,,0,0.0,0.0,0,,1
20120621,1340208000000,,,,,0,0.0,0.0,0,,1
20120625,1340553600000,,,,,0,0.0,0.0,0,,1
20120626,1340640000000,,,,,0,0.0,0.0,0,,1
20120627,1340726400000,,,,,0,0.0,0.0,0,,1
20120628,1340812800000,,,,,0,0.0,0.0,0,,1
20120629,1340899200000,,,,,0,0.0,0.0,0,,1
20120702,1341158400000,,,,,0,0.0,0.0,0,,1
20120703,1341244800000,,,,,0,0.0,0.0,0,,1
20120704,1341331200000,,,,,0,0.0,0.0,0,,1
20120705,1341417600000,,,,,0,0.0,0.0,0,,1
20120706,1341504000000,,,,,0,0.0,0.0,0,,1
20120709,1341763200000,,,,,0,0.0,0.0,0,,1
20120710,1341849600000,,,,,0,0.0,0.0,0,,1
20120711,1341936000000,,,,,0,0.0,0.0,0,,1
20120712,1342022400000,,,,,0,0.0,0.0,0,,1
20120713,1342108800000,,,,,0,0.0,0.0,0,,1
20120716,1342368000000,,,,,0,0.0,0.0,0,,1
20120717,1342454400000,,,,,0,0.0,0.0,0,,1
20120718,1342540800000,,,,,0,0.0,0.0,0,,1
20120719,1342627200000,,,,,0,0.0,0.0,0,,1
20120720,1342713600000,,,,,0,0.0,0.0,0,,1
20120723,1342972800000,,,,,0,0.0,0.0,0,,1
20120724,1343059200000,,,,,0,0.0,0.0,0,,1
20120725,1343145600000,,,,,0,0.0,0.0,0,,1
20120726,1343232000000,,,,,0,0.0,0.0,0,,1
20120727,1343318400000,,,,,0,0.0,0.0,0,,1
20120730,1343577600000,,,,,0,0.0,0.0,0,,1
20120731,1343664000000,,,,,0,0.0,0.0,0,,1
20120801,1343750400000,,,,,0,0.0,0.0,0,,1
20120802,1343836800000,,,,,0,0.0,0.0,0,,1
20120803,1343923200000,,,,,0,0.0,0.0,0,,1
20120806,1344182400000,,,,,0,0.0,0.0,0,,1
20120807,1344268800000,,,,,0,0.0,0.0,0,,1
20120808,1344355200000,,,,,0,0.0,0.0,0,,1
20120809,1344441600000,,,,,0,0.0,0.0,0,,1
20120810,1344528000000,,,,,0,0.0,0.0,0,,1
20120813,1344787200000,,,,,0,0.0,0.0,0,,1
20120814,1344873600000,,,,,0,0.0,0.0,0,,1
20120815,1344960000000,,,,,0,0.0,0.0,0,,1
20120816,1345046400000,,,,,0,0.0,0.0,0,,1
20120817,1345132800000,,,,,0,0.0,0.0,0,,1
20120820,1345392000000,,,,,0,0.0,0.0,0,,1
20120821,1345478400000,,,,,0,0.0,0.0,0,,1
20120822,1345564800000,,,,,0,0.0,0.0,0,,1
20120823,1345651200000,,,,,0,0.0,0.0,0,,1
20120824,1345737600000,,,,,0,0.0,0.0,0,,1
20120827,1345996800000,,,,,0,0.0,0.0,0,,1
20120828,1346083200000,,,,,0,0.0,0.0,0,,1
20120829,1346169600000,,,,,0,0.0,0.0,0,,1
20120830,1346256000000,,,,,0,0.0,0.0,0,,1
20120831,1346342400000,,,,,0,0.0,0.0,0,,1
20120903,1346601600000,,,,,0,0.0,0.0,0,,1
20120904,1346688000000,,,,,0,0.0,0.0,0,,1
20120905,1346774400000,,,,,0,0.0,0.0,0,,1
20120906,1346860800000,,,,,0,0.0,0.0,0,,1
20120907,1346947200000,,,,,0,0.0,0.0,0,,1
20120910,1347206400000,,,,,0,0.0,0.0,0,,1
20120911,1347292800000,,,,,0,0.0,0.0,0,,1
20120912,1347379200000,,,,,0,0.0,0.0,0,,1
20120913,1347465600000,,,,,0,0.0,0.0,0,,1
20120914,1347552000000,,,,,0,0.0,0.0,0,,1
20120917,1347811200000,,,,,0,0.0,0.0,0,,1
20120918,1347897600000,,,,,0,0.0,0.0,0,,1
20120919,1347984000000,,,,,0,0.0,0.0,0,,1
20120920,1348070400000,,,,,0,0.0,0.0,0,,1
20120921,1348156800000,,,,,0,0.0,0.0,0,,1
20120924,1348416000000,,,,,0,0.0,0.0,0,,1
20120925,1348502400000,,,,,0,0.0,0.0,0,,1
20120926,1348588800000,,,,,0,0.0,0.0,0,,1
20120927,1348675200000,,,,,0,0.0,0.0,0,,1
20120928,1348761600000,,,,,0,0.0,0.0,0,,1
20121008,1349625600000,,,,,0,0.0,0.0,0,,1
20121009,1349712000000,,,,,0,0.0,0.0,0,,1
20121010,1349798400000,,,,,0,0.0,0.0,0,,1
20121011,1349884800000,,,,,0,0.0,0.0,0,,1
20121012,1349971200000,,,,,0,0.0,0.0,0,,1
20121015,1350230400000,,,,,0,0.0,0.0,0,,1
20121016,1350316800000,,,,,0,0.0,0.0,0,,1
20121017,1350403200000,,,,,0,0.0,0.0,0,,1
20121018,1350489600000,,,,,0,0.0,0.0,0,,1
20121019,1350576000000,,,,,0,0.0,0.0,0,,1
20121022,1350835200000,,,,,0,0.0,0.0,0,,1
20121023,1350921600000,,,,,0,0.0,0.0,0,,1
20121024,1351008000000,,,,,0,0.0,0.0,0,,1
20121025,1351094400000,,,,,0,0.0,0.0,0,,1
20121026,1351180800000,,,,,0,0.0,0.0,0,,1
20121029,1351440000000,,,,,0,0.0,0.0,0,,1
20121030,1351526400000,,,,,0,0.0,0.0,0,,1
20121031,1351612800000,,,,,0,0.0,0.0,0,,1
20121101,1351699200000,,,,,0,0.0,0.0,0,,1
20121102,1351785600000,,,,,0,0.0,0.0,0,,1
20121105,1352044800000,,,,,0,0.0,0.0,0,,1
20121106,1352131200000,,,,,0,0.0,0.0,0,,1
20121107,1352217600000,,,,,0,0.0,0.0,0,,1
20121108,1352304000000,,,,,0,0.0,0.0,0,,1
20121109,1352390400000,,,,,0,0.0,0.0,0,,1
20121112,1352649600000,,,,,0,0.0,0.0,0,,1
20121113,1352736000000,,,,,0,0.0,0.0,0,,1
20121114,1352822400000,,,,,0,0.0,0.0,0,,1
20121115,1352908800000,,,,,0,0.0,0.0,0,,1
20121116,1352995200000,,,,,0,0.0,0.0,0,,1
20121119,1353254400000,,,,,0,0.0,0.0,0,,1
20121120,1353340800000,,,,,0,0.0,0.0,0,,1
20121121,1353427200000,,,,,0,0.0,0.0,0,,1
20121122,1353513600000,,,,,0,0.0,0.0,0,,1
20121123,1353600000000,,,,,0,0.0,0.0,0,,1
20121126,1353859200000,,,,,0,0.0,0.0,0,,1
20121127,1353945600000,,,,,0,0.0,0.0,0,,1
20121128,1354032000000,,,,,0,0.0,0.0,0,,1
20121129,1354118400000,,,,,0,0.0,0.0,0,,1
20121130,1354204800000,,,,,0,0.0,0.0,0,,1
20121203,1354464000000,,,,,0,0.0,0.0,0,,1
20121204,1354550400000,,,,,0,0.0,0.0,0,,1
20121205,1354636800000,,,,,0,0.0,0.0,0,,1
20121206,1354723200000,,,,,0,0.0,0.0,0,,1
20121207,1354809600000,,,,,0,0.0,0.0,0,,1
20121210,1355068800000,,,,,0,0.0,0.0,0,,1
20121211,1355155200000,,,,,0,0.0,0.0,0,,1
20121212,1355241600000,,,,,0,0.0,0.0,0,,1
20121213,1355328000000,,,,,0,0.0,0.0,0,,1
20121214,1355414400000,,,,,0,0.0,0.0,0,,1
20121217,1355673600000,,,,,0,0.0,0.0,0,,1
20121218,1355760000000,,,,,0,0.0,0.0,0,,1
20121219,1355846400000,,,,,0,0.0,0.0,0,,1
20121220,1355932800000,,,,,0,0.0,0.0,0,,1
20121221,1356019200000,,,,,0,0.0,0.0,0,,1
20121224,1356278400000,,,,,0,0.0,0.0,0,,1
20121225,1356364800000,,,,,0,0.0,0.0,0,,1
20121226,1356451200000,,,,,0,0.0,0.0,0,,1
20121227,1356537600000,,,,,0,0.0,0.0,0,,1
20121228,1356624000000,,,,,0,0.0,0.0,0,,1
20121231,1356883200000,,,,,0,0.0,0.0,0,,1
20130104,1357228800000,,,,,0,0.0,0.0,0,,1
20130107,1357488000000,,,,,0,0.0,0.0,0,,1
20130108,1357574400000,,,,,0,0.0,0.0,0,,1
20130109,1357660800000,,,,,0,0.0,0.0,0,,1
20130110,1357747200000,,,,,0,0.0,0.0,0,,1
20130111,1357833600000,,,,,0,0.0,0.0,0,,1
20130114,1358092800000,,,,,0,0.0,0.0,0,,1
20130115,1358179200000,,,,,0,0.0,0.0,0,,1
20130116,1358265600000,,,,,0,0.0,0.0,0,,1
20130117,1358352000000,,,,,0,0.0,0.0,0,,1
20130118,1358438400000,,,,,0,0.0,0.0,0,,1
20130121,1358697600000,,,,,0,0.0,0.0,0,,1
20130122,1358784000000,,,,,0,0.0,0.0,0,,1
20130123,1358870400000,,,,,0,0.0,0.0,0,,1
20130124,1358956800000,,,,,0,0.0,0.0,0,,1
20130125,1359043200000,,,,,0,0.0,0.0,0,,1
20130128,1359302400000,,,,,0,0.0,0.0,0,,1
20130129,1359388800000,,,,,0,0.0,0.0,0,,1
20130130,1359475200000,,,,,0,0.0,0.0,0,,1
20130131,1359561600000,,,,,0,0.0,0.0,0,,1
20130201,1359648000000,,,,,0,0.0,0.0,0,,1
20130204,1359907200000,,,,,0,0.0,0.0,0,,1
20130205,1359993600000,,,,,0,0.0,0.0,0,,1
20130206,1360080000000,,,,,0,0.0,0.0,0,,1
20130207,1360166400000,,,,,0,0.0,0.0,0,,1
20130208,1360252800000,,,,,0,0.0,0.0,0,,1
20130218,1361116800000,,,,,0,0.0,0.0,0,,1
20130219,1361203200000,,,,,0,0.0,0.0,0,,1
20130220,1361289600000,,,,,0,0.0,0.0,0,,1
20130221,1361376000000,,,,,0,0.0,0.0,0,,1
20130222,1361462400000,,,,,0,0.0,0.0,0,,1
20130225,1361721600000,,,,,0,0.0,0.0,0,,1
20130226,1361808000000,,,,,0,0.0,0.0,0,,1
20130227,1361894400000,,,,,0,0.0,0.0,0,,1
20130228,1361980800000,,,,,0,0.0,0.0,0,,1
20130301,1362067200000,,,,,0,0.0,0.0,0,,1
20130304,1362326400000,,,,,0,0.0,0.0,0,,1
20130305,1362412800000,,,,,0,0.0,0.0,0,,1
20130306,1362499200000,,,,,0,0.0,0.0,0,,1
20130307,1362585600000,,,,,0,0.0,0.0,0,,1
20130308,1362672000000,,,,,0,0.0,0.0,0,,1
20130311,1362931200000,,,,,0,0.0,0.0,0,,1
20130312,1363017600000,,,,,0,0.0,0.0,0,,1
20130313,1363104000000,,,,,0,0.0,0.0,0,,1
20130314,1363190400000,,,,,0,0.0,0.0,0,,1
20130315,1363276800000,,,,,0,0.0,0.0,0,,1
20130318,1363536000000,,,,,0,0.0,0.0,0,,1
20130319,1363622400000,,,,,0,0.0,0.0,0,,1
20130320,1363708800000,,,,,0,0.0,0.0,0,,1
20130321,1363795200000,,,,,0,0.0,0.0,0,,1
20130322,1363881600000,,,,,0,0.0,0.0,0,,1
20130325,1364140800000,,,,,0,0.0,0.0,0,,1
20130326,1364227200000,,,,,0,0.0,0.0,0,,1
20130327,1364313600000,,,,,0,0.0,0.0,0,,1
20130328,1364400000000,,,,,0,0.0,0.0,0,,1
20130329,1364486400000,,,,,0,0.0,0.0,0,,1
20130401,1364745600000,,,,,0,0.0,0.0,0,,1
20130402,1364832000000,,,,,0,0.0,0.0,0,,1
20130403,1364918400000,,,,,0,0.0,0.0,0,,1
20130408,1365350400000,,,,,0,0.0,0.0,0,,1
20130409,1365436800000,,,,,0,0.0,0.0,0,,1
20130410,1365523200000,,,,,0,0.0,0.0,0,,1
20130411,1365609600000,,,,,0,0.0,0.0,0,,1
20130412,1365696000000,,,,,0,0.0,0.0,0,,1
20130415,1365955200000,,,,,0,0.0,0.0,0,,1
20130416,1366041600000,,,,,0,0.0,0.0,0,,1
20130417,1366128000000,,,,,0,0.0,0.0,0,,1
20130418,1366214400000,,,,,0,0.0,0.0,0,,1
20130419,1366300800000,,,,,0,0.0,0.0,0,,1
20130422,1366560000000,,,,,0,0.0,0.0,0,,1
20130423,1366646400000,,,,,0,0.0,0.0,0,,1
20130424,1366732800000,,,,,0,0.0,0.0,0,,1
20130425,1366819200000,,,,,0,0.0,0.0,0,,1
20130426,1366905600000,,,,,0,0.0,0.0,0,,1
20130502,1367424000000,,,,,0,0.0,0.0,0,,1
20130503,1367510400000,,,,,0,0.0,0.0,0,,1
20130506,1367769600000,,,,,0,0.0,0.0,0,,1
20130507,1367856000000,,,,,0,0.0,0.0,0,,1
20130508,1367942400000,,,,,0,0.0,0.0,0,,1
20130509,1368028800000,,,,,0,0.0,0.0,0,,1
20130510,1368115200000,,,,,0,0.0,0.0,0,,1
20130513,1368374400000,,,,,0,0.0,0.0,0,,1
20130514,1368460800000,,,,,0,0.0,0.0,0,,1
20130515,1368547200000,,,,,0,0.0,0.0,0,,1
20130516,1368633600000,,,,,0,0.0,0.0,0,,1
20130517,1368720000000,,,,,0,0.0,0.0,0,,1
20130520,1368979200000,,,,,0,0.0,0.0,0,,1
20130521,1369065600000,,,,,0,0.0,0.0,0,,1
20130522,1369152000000,,,,,0,0.0,0.0,0,,1
20130523,1369238400000,,,,,0,0.0,0.0,0,,1
20130524,1369324800000,,,,,0,0.0,0.0,0,,1
20130527,1369584000000,,,,,0,0.0,0.0,0,,1
20130528,1369670400000,,,,,0,0.0,0.0,0,,1
20130529,1369756800000,,,,,0,0.0,0.0,0,,1
20130530,1369843200000,,,,,0,0.0,0.0,0,,1
20130531,1369929600000,,,,,0,0.0,0.0,0,,1
20130603,1370188800000,,,,,0,0.0,0.0,0,,1
20130604,1370275200000,,,,,0,0.0,0.0,0,,1
20130605,1370361600000,,,,,0,0.0,0.0,0,,1
20130606,1370448000000,,,,,0,0.0,0.0,0,,1
20130607,1370534400000,,,,,0,0.0,0.0,0,,1
20130613,1371052800000,,,,,0,0.0,0.0,0,,1
20130614,1371139200000,,,,,0,0.0,0.0,0,,1
20130617,1371398400000,,,,,0,0.0,0.0,0,,1
20130618,1371484800000,,,,,0,0.0,0.0,0,,1
20130619,1371571200000,,,,,0,0.0,0.0,0,,1
20130620,1371657600000,,,,,0,0.0,0.0,0,,1
20130621,1371744000000,,,,,0,0.0,0.0,0,,1
20130624,1372003200000,,,,,0,0.0,0.0,0,,1
20130625,1372089600000,,,,,0,0.0,0.0,0,,1
20130626,1372176000000,,,,,0,0.0,0.0,0,,1
20130627,1372262400000,,,,,0,0.0,0.0,0,,1
20130628,1372348800000,,,,,0,0.0,0.0,0,,1
20130701,1372608000000,,,,,0,0.0,0.0,0,,1
20130702,1372694400000,,,,,0,0.0,0.0,0,,1
20130703,1372780800000,,,,,0,0.0,0.0,0,,1
20130704,1372867200000,,,,,0,0.0,0.0,0,,1
20130705,1372953600000,,,,,0,0.0,0.0,0,,1
20130708,1373212800000,,,,,0,0.0,0.0,0,,1
20130709,1373299200000,,,,,0,0.0,0.0,0,,1
20130710,1373385600000,,,,,0,0.0,0.0,0,,1
20130711,1373472000000,,,,,0,0.0,0.0,0,,1
20130712,1373558400000,,,,,0,0.0,0.0,0,,1
20130715,1373817600000,,,,,0,0.0,0.0,0,,1
20130716,1373904000000,,,,,0,0.0,0.0,0,,1
20130717,1373990400000,,,,,0,0.0,0.0,0,,1
20130718,1374076800000,,,,,0,0.0,0.0,0,,1
20130719,1374163200000,,,,,0,0.0,0.0,0,,1
20130722,1374422400000,,,,,0,0.0,0.0,0,,1
20130723,1374508800000,,,,,0,0.0,0.0,0,,1
20130724,1374595200000,,,,,0,0.0,0.0,0,,1
20130725,1374681600000,,,,,0,0.0,0.0,0,,1
20130726,1374768000000,,,,,0,0.0,0.0,0,,1
20130729,1375027200000,,,,,0,0.0,0.0,0,,1
20130730,1375113600000,,,,,0,0.0,0.0,0,,1
20130731,1375200000000,,,,,0,0.0,0.0,0,,1
20130801,1375286400000,,,,,0,0.0,0.0,0,,1
20130802,1375372800000,,,,,0,0.0,0.0,0,,1
20130805,1375632000000,,,,,0,0.0,0.0,0,,1
20130806,1375718400000,,,,,0,0.0,0.0,0,,1
20130807,1375804800000,,,,,0,0.0,0.0,0,,1
20130808,1375891200000,,,,,0,0.0,0.0,0,,1
20130809,1375977600000,,,,,0,0.0,0.0,0,,1
20130812,1376236800000,,,,,0,0.0,0.0,0,,1
20130813,1376323200000,,,,,0,0.0,0.0,0,,1
20130814,1376409600000,,,,,0,0.0,0.0,0,,1
20130815,1376496000000,,,,,0,0.0,0.0,0,,1
20130816,1376582400000,,,,,0,0.0,0.0,0,,1
20130819,1376841600000,,,,,0,0.0,0.0,0,,1
20130820,1376928000000,,,,,0,0.0,0.0,0,,1
20130821,1377014400000,,,,,0,0.0,0.0,0,,1
20130822,1377100800000,,,,,0,0.0,0.0,0,,1
20130823,1377187200000,,,,,0,0.0,0.0,0,,1
20130826,1377446400000,,,,,0,0.0,0.0,0,,1
20130827,1377532800000,,,,,0,0.0,0.0,0,,1
20130828,1377619200000,,,,,0,0.0,0.0,0,,1
20130829,1377705600000,,,,,0,0.0,0.0,0,,1
20130830,1377792000000,,,,,0,0.0,0.0,0,,1
20130902,1378051200000,,,,,0,0.0,0.0,0,,1
20130903,1378137600000,,,,,0,0.0,0.0,0,,1
20130904,1378224000000,,,,,0,0.0,0.0,0,,1
20130905,1378310400000,,,,,0,0.0,0.0,0,,1
20130906,1378396800000,,,,,0,0.0,0.0,0,,1
20130909,1378656000000,,,,,0,0.0,0.0,0,,1
20130910,1378742400000,,,,,0,0.0,0.0,0,,1
20130911,1378828800000,,,,,0,0.0,0.0,0,,1
20130912,1378915200000,,,,,0,0.0,0.0,0,,1
20130913,1379001600000,,,,,0,0.0,0.0,0,,1
20130916,1379260800000,,,,,0,0.0,0.0,0,,1
20130917,1379347200000,,,,,0,0.0,0.0,0,,1
20130918,1379433600000,,,,,0,0.0,0.0,0,,1
20130923,1379865600000,,,,,0,0.0,0.0,0,,1
20130924,1379952000000,,,,,0,0.0,0.0,0,,1
20130925,1380038400000,,,,,0,0.0,0.0,0,,1
20130926,1380124800000,,,,,0,0.0,0.0,0,,1
20130927,1380211200000,,,,,0,0.0,0.0,0,,1
20130930,1380470400000,,,,,0,0.0,0.0,0,,1
20131008,1381161600000,,,,,0,0.0,0.0,0,,1
20131009,1381248000000,,,,,0,0.0,0.0,0,,1
20131010,1381334400000,,,,,0,0.0,0.0,0,,1
20131011,1381420800000,,,,,0,0.0,0.0,0,,1
20131014,1381680000000,,,,,0,0.0,0.0,0,,1
20131015,1381766400000,,,,,0,0.0,0.0,0,,1
20131016,1381852800000,,,,,0,0.0,0.0,0,,1
20131017,1381939200000,,,,,0,0.0,0.0,0,,1
20131018,1382025600000,,,,,0,0.0,0.0,0,,1
20131021,1382284800000,,,,,0,0.0,0.0,0,,1
20131022,1382371200000,,,,,0,0.0,0.0,0,,1
20131023,1382457600000,,,,,0,0.0,0.0,0,,1
20131024,1382544000000,,,,,0,0.0,0.0,0,,1
20131025,1382630400000,,,,,0,0.0,0.0,0,,1
20131028,1382889600000,,,,,0,0.0,0.0,0,,1
20131029,1382976000000,,,,,0,0.0,0.0,0,,1
20131030,1383062400000,,,,,0,0.0,0.0,0,,1
20131031,1383148800000,,,,,0,0.0,0.0,0,,1
20131101,1383235200000,,,,,0,0.0,0.0,0,,1
20131104,1383494400000,,,,,0,0.0,0.0,0,,1
20131105,1383580800000,,,,,0,0.0,0.0,0,,1
20131106,1383667200000,,,,,0,0.0,0.0,0,,1
20131107,1383753600000,,,,,0,0.0,0.0,0,,1
20131108,1383840000000,,,,,0,0.0,0.0,0,,1
20131111,1384099200000,,,,,0,0.0,0.0,0,,1
20131112,1384185600000,,,,,0,0.0,0.0,0,,1
20131113,1384272000000,,,,,0,0.0,0.0,0,,1
20131114,1384358400000,,,,,0,0.0,0.0,0,,1
20131115,1384444800000,,,,,0,0.0,0.0,0,,1
20131118,1384704000000,,,,,0,0.0,0.0,0,,1
20131119,1384790400000,,,,,0,0.0,0.0,0,,1
20131120,1384876800000,,,,,0,0.0,0.0,0,,1
20131121,1384963200000,,,,,0,0.0,0.0,0,,1
20131122,1385049600000,,,,,0,0.0,0.0,0,,1
20131125,1385308800000,,,,,0,0.0,0.0,0,,1
20131126,1385395200000,,,,,0,0.0,0.0,0,,1
20131127,1385481600000,,,,,0,0.0,0.0,0,,1
20131128,1385568000000,,,,,0,0.0,0.0,0,,1
20131129,1385654400000,,,,,0,0.0,0.0,0,,1
20131202,1385913600000,,,,,0,0.0,0.0,0,,1
20131203,1386000000000,,,,,0,0.0,0.0,0,,1
20131204,1386086400000,,,,,0,0.0,0.0,0,,1
20131205,1386172800000,,,,,0,0.0,0.0,0,,1
20131206,1386259200000,,,,,0,0.0,0.0,0,,1
20131209,1386518400000,,,,,0,0.0,0.0,0,,1
20131210,1386604800000,,,,,0,0.0,0.0,0,,1
20131211,1386691200000,,,,,0,0.0,0.0,0,,1
20131212,1386777600000,,,,,0,0.0,0.0,0,,1
20131213,1386864000000,,,,,0,0.0,0.0,0,,1
20131216,1387123200000,,,,,0,0.0,0.0,0,,1
20131217,1387209600000,,,,,0,0.0,0.0,0,,1
20131218,1387296000000,,,,,0,0.0,0.0,0,,1
20131219,1387382400000,,,,,0,0.0,0.0,0,,1
20131220,1387468800000,,,,,0,0.0,0.0,0,,1
20131223,1387728000000,,,,,0,0.0,0.0,0,,1
20131224,1387814400000,,,,,0,0.0,0.0,0,,1
20131225,1387900800000,,,,,0,0.0,0.0,0,,1
20131226,1387987200000,,,,,0,0.0,0.0,0,,1
20131227,1388073600000,,,,,0,0.0,0.0,0,,1
20131230,1388332800000,,,,,0,0.0,0.0,0,,1
20131231,1388419200000,,,,,0,0.0,0.0,0,,1
20140102,1388592000000,,,,,0,0.0,0.0,0,,1
20140103,1388678400000,,,,,0,0.0,0.0,0,,1
20140106,1388937600000,,,,,0,0.0,0.0,0,,1
20140107,1389024000000,,,,,0,0.0,0.0,0,,1
20140108,1389110400000,,,,,0,0.0,0.0,0,,1
20140109,1389196800000,,,,,0,0.0,0.0,0,,1
20140110,1389283200000,,,,,0,0.0,0.0,0,,1
20140113,1389542400000,,,,,0,0.0,0.0,0,,1
20140114,1389628800000,,,,,0,0.0,0.0,0,,1
20140115,1389715200000,,,,,0,0.0,0.0,0,,1
20140116,1389801600000,,,,,0,0.0,0.0,0,,1
20140117,1389888000000,,,,,0,0.0,0.0,0,,1
20140120,1390147200000,,,,,0,0.0,0.0,0,,1
20140121,1390233600000,,,,,0,0.0,0.0,0,,1
20140122,1390320000000,,,,,0,0.0,0.0,0,,1
20140123,1390406400000,,,,,0,0.0,0.0,0,,1
20140124,1390492800000,,,,,0,0.0,0.0,0,,1
20140127,1390752000000,,,,,0,0.0,0.0,0,,1
20140128,1390838400000,,,,,0,0.0,0.0,0,,1
20140129,1390924800000,,,,,0,0.0,0.0,0,,1
20140130,1391011200000,,,,,0,0.0,0.0,0,,1
20140207,1391702400000,,,,,0,0.0,0.0,0,,1
20140210,1391961600000,,,,,0,0.0,0.0,0,,1
20140211,1392048000000,,,,,0,0.0,0.0,0,,1
20140212,1392134400000,,,,,0,0.0,0.0,0,,1
20140213,1392220800000,,,,,0,0.0,0.0,0,,1
20140214,1392307200000,,,,,0,0.0,0.0,0,,1
20140217,1392566400000,,,,,0,0.0,0.0,0,,1
20140218,1392652800000,,,,,0,0.0,0.0,0,,1
20140219,1392739200000,,,,,0,0.0,0.0,0,,1
20140220,1392825600000,,,,,0,0.0,0.0,0,,1
20140221,1392912000000,,,,,0,0.0,0.0,0,,1
20140224,1393171200000,,,,,0,0.0,0.0,0,,1
20140225,1393257600000,,,,,0,0.0,0.0,0,,1
20140226,1393344000000,,,,,0,0.0,0.0,0,,1
20140227,1393430400000,,,,,0,0.0,0.0,0,,1
20140228,1393516800000,,,,,0,0.0,0.0,0,,1
20140303,1393776000000,,,,,0,0.0,0.0,0,,1
20140304,1393862400000,,,,,0,0.0,0.0,0,,1
20140305,1393948800000,,,,,0,0.0,0.0,0,,1
20140306,1394035200000,,,,,0,0.0,0.0,0,,1
20140307,1394121600000,,,,,0,0.0,0.0,0,,1
20140310,1394380800000,,,,,0,0.0,0.0,0,,1
20140311,1394467200000,,,,,0,0.0,0.0,0,,1
20140312,1394553600000,,,,,0,0.0,0.0,0,,1
20140313,1394640000000,,,,,0,0.0,0.0,0,,1
20140314,1394726400000,,,,,0,0.0,0.0,0,,1
20140317,1394985600000,,,,,0,0.0,0.0,0,,1
20140318,1395072000000,,,,,0,0.0,0.0,0,,1
20140319,1395158400000,,,,,0,0.0,0.0,0,,1
20140320,1395244800000,,,,,0,0.0,0.0,0,,1
20140321,1395331200000,,,,,0,0.0,0.0,0,,1
20140324,1395590400000,,,,,0,0.0,0.0,0,,1
20140325,1395676800000,,,,,0,0.0,0.0,0,,1
20140326,1395763200000,,,,,0,0.0,0.0,0,,1
20140327,1395849600000,,,,,0,0.0,0.0,0,,1
20140328,1395936000000,,,,,0,0.0,0.0,0,,1
20140331,1396195200000,,,,,0,0.0,0.0,0,,1
20140401,1396281600000,,,,,0,0.0,0.0,0,,1
20140402,1396368000000,,,,,0,0.0,0.0,0,,1
20140403,1396454400000,,,,,0,0.0,0.0,0,,1
20140404,1396540800000,,,,,0,0.0,0.0,0,,1
20140408,1396886400000,,,,,0,0.0,0.0,0,,1
20140409,1396972800000,,,,,0,0.0,0.0,0,,1
20140410,1397059200000,,,,,0,0.0,0.0,0,,1
20140411,1397145600000,,,,,0,0.0,0.0,0,,1
20140414,1397404800000,,,,,0,0.0,0.0,0,,1
20140415,1397491200000,,,,,0,0.0,0.0,0,,1
20140416,1397577600000,,,,,0,0.0,0.0,0,,1
20140417,1397664000000,,,,,0,0.0,0.0,0,,1
20140418,1397750400000,,,,,0,0.0,0.0,0,,1
20140421,1398009600000,,,,,0,0.0,0.0,0,,1
20140422,1398096000000,,,,,0,0.0,0.0,0,,1
20140423,1398182400000,,,,,0,0.0,0.0,0,,1
20140424,1398268800000,,,,,0,0.0,0.0,0,,1
20140425,1398355200000,,,,,0,0.0,0.0,0,,1
20140428,1398614400000,,,,,0,0.0,0.0,0,,1
20140429,1398700800000,,,,,0,0.0,0.0,0,,1
20140430,1398787200000,,,,,0,0.0,0.0,0,,1
20140505,1399219200000,,,,,0,0.0,0.0,0,,1
20140506,1399305600000,,,,,0,0.0,0.0,0,,1
20140507,1399392000000,,,,,0,0.0,0.0,0,,1
20140508,1399478400000,,,,,0,0.0,0.0,0,,1
20140509,1399564800000,,,,,0,0.0,0.0,0,,1
20140512,1399824000000,,,,,0,0.0,0.0,0,,1
20140513,1399910400000,,,,,0,0.0,0.0,0,,1
20140514,1399996800000,,,,,0,0.0,0.0,0,,1
20140515,1400083200000,,,,,0,0.0,0.0,0,,1
20140516,1400169600000,,,,,0,0.0,0.0,0,,1
20140519,1400428800000,,,,,0,0.0,0.0,0,,1
20140520,1400515200000,,,,,0,0.0,0.0,0,,1
20140521,1400601600000,,,,,0,0.0,0.0,0,,1
20140522,1400688000000,,,,,0,0.0,0.0,0,,1
20140523,1400774400000,,,,,0,0.0,0.0,0,,1
20140526,1401033600000,,,,,0,0.0,0.0,0,,1
20140527,1401120000000,,,,,0,0.0,0.0,0,,1
20140528,1401206400000,,,,,0,0.0,0.0,0,,1
20140529,1401292800000,,,,,0,0.0,0.0,0,,1
20140530,1401379200000,,,,,0,0.0,0.0,0,,1
20140603,1401724800000,,,,,0,0.0,0.0,0,,1
20140604,1401811200000,,,,,0,0.0,0.0,0,,1
20140605,1401897600000,,,,,0,0.0,0.0,0,,1
20140606,1401984000000,,,,,0,0.0,0.0,0,,1
20140609,1402243200000,,,,,0,0.0,0.0,0,,1
20140610,1402329600000,,,,,0,0.0,0.0,0,,1
20140611,1402416000000,,,,,0,0.0,0.0,0,,1
20140612,1402502400000,,,,,0,0.0,0.0,0,,1
20140613,1402588800000,,,,,0,0.0,0.0,0,,1
20140616,1402848000000,,,,,0,0.0,0.0,0,,1
20140617,1402934400000,,,,,0,0.0,0.0,0,,1
20140618,1403020800000,,,,,0,0.0,0.0,0,,1
20140619,1403107200000,,,,,0,0.0,0.0,0,,1
20140620,1403193600000,,,,,0,0.0,0.0,0,,1
20140623,1403452800000,,,,,0,0.0,0.0,0,,1
20140624,1403539200000,,,,,0,0.0,0.0,0,,1
20140625,1403625600000,,,,,0,0.0,0.0,0,,1
20140626,1403712000000,,,,,0,0.0,0.0,0,,1
20140627,1403798400000,,,,,0,0.0,0.0,0,,1
20140630,1404057600000,,,,,0,0.0,0.0,0,,1
20140701,1404144000000,,,,,0,0.0,0.0,0,,1
20140702,1404230400000,,,,,0,0.0,0.0,0,,1
20140703,1404316800000,,,,,0,0.0,0.0,0,,1
20140704,1404403200000,,,,,0,0.0,0.0,0,,1
20140707,1404662400000,,,,,0,0.0,0.0,0,,1
20140708,1404748800000,,,,,0,0.0,0.0,0,,1
20140709,1404835200000,,,,,0,0.0,0.0,0,,1
20140710,1404921600000,,,,,0,0.0,0.0,0,,1
20140711,1405008000000,,,,,0,0.0,0.0,0,,1
20140714,1405267200000,,,,,0,0.0,0.0,0,,1
20140715,1405353600000,,,,,0,0.0,0.0,0,,1
20140716,1405440000000,,,,,0,0.0,0.0,0,,1
20140717,1405526400000,,,,,0,0.0,0.0,0,,1
20140718,1405612800000,,,,,0,0.0,0.0,0,,1
20140721,1405872000000,,,,,0,0.0,0.0,0,,1
20140722,1405958400000,,,,,0,0.0,0.0,0,,1
20140723,1406044800000,,,,,0,0.0,0.0,0,,1
20140724,1406131200000,,,,,0,0.0,0.0,0,,1
20140725,1406217600000,,,,,0,0.0,0.0,0,,1
20140728,1406476800000,,,,,0,0.0,0.0,0,,1
20140729,1406563200000,,,,,0,0.0,0.0,0,,1
20140730,1406649600000,,,,,0,0.0,0.0,0,,1
20140731,1406736000000,,,,,0,0.0,0.0,0,,1
20140801,1406822400000,,,,,0,0.0,0.0,0,,1
20140804,1407081600000,,,,,0,0.0,0.0,0,,1
20140805,1407168000000,,,,,0,0.0,0.0,0,,1
20140806,1407254400000,,,,,0,0.0,0.0,0,,1
20140807,1407340800000,,,,,0,0.0,0.0,0,,1
20140808,1407427200000,,,,,0,0.0,0.0,0,,1
20140811,1407686400000,,,,,0,0.0,0.0,0,,1
20140812,1407772800000,,,,,0,0.0,0.0,0,,1
20140813,1407859200000,,,,,0,0.0,0.0,0,,1
20140814,1407945600000,,,,,0,0.0,0.0,0,,1
20140815,1408032000000,,,,,0,0.0,0.0,0,,1
20140818,1408291200000,,,,,0,0.0,0.0,0,,1
20140819,1408377600000,,,,,0,0.0,0.0,0,,1
20140820,1408464000000,,,,,0,0.0,0.0,0,,1
20140821,1408550400000,,,,,0,0.0,0.0,0,,1
20140822,1408636800000,,,,,0,0.0,0.0,0,,1
20140825,1408896000000,,,,,0,0.0,0.0,0,,1
20140826,1408982400000,,,,,0,0.0,0.0,0,,1
20140827,1409068800000,,,,,0,0.0,0.0,0,,1
20140828,1409155200000,,,,,0,0.0,0.0,0,,1
20140829,1409241600000,,,,,0,0.0,0.0,0,,1
20140901,1409500800000,,,,,0,0.0,0.0,0,,1
20140902,1409587200000,,,,,0,0.0,0.0,0,,1
20140903,1409673600000,,,,,0,0.0,0.0,0,,1
20140904,1409760000000,,,,,0,0.0,0.0,0,,1
20140905,1409846400000,,,,,0,0.0,0.0,0,,1
20140909,1410192000000,,,,,0,0.0,0.0,0,,1
20140910,1410278400000,,,,,0,0.0,0.0,0,,1
20140911,1410364800000,,,,,0,0.0,0.0,0,,1
20140912,1410451200000,,,,,0,0.0,0.0,0,,1
20140915,1410710400000,,,,,0,0.0,0.0,0,,1
20140916,1410796800000,,,,,0,0.0,0.0,0,,1
20140917,1410883200000,,,,,0,0.0,0.0,0,,1
20140918,1410969600000,,,,,0,0.0,0.0,0,,1
20140919,1411056000000,,,,,0,0.0,0.0,0,,1
20140922,1411315200000,,,,,0,0.0,0.0,0,,1
20140923,1411401600000,,,,,0,0.0,0.0,0,,1
20140924,1411488000000,,,,,0,0.0,0.0,0,,1
20140925,1411574400000,,,,,0,0.0,0.0,0,,1
20140926,1411660800000,,,,,0,0.0,0.0,0,,1
20140929,1411920000000,,,,,0,0.0,0.0,0,,1
20140930,1412006400000,,,,,0,0.0,0.0,0,,1
20141008,1412697600000,,,,,0,0.0,0.0,0,,1
20141009,1412784000000,,,,,0,0.0,0.0,0,,1
20141010,1412870400000,,,,,0,0.0,0.0,0,,1
20141013,1413129600000,,,,,0,0.0,0.0,0,,1
20141014,1413216000000,,,,,0,0.0,0.0,0,,1
20141015,1413302400000,,,,,0,0.0,0.0,0,,1
20141016,1413388800000,,,,,0,0.0,0.0,0,,1
20141017,1413475200000,,,,,0,0.0,0.0,0,,1
20141020,1413734400000,,,,,0,0.0,0.0,0,,1
20141021,1413820800000,,,,,0,0.0,0.0,0,,1
20141022,1413907200000,,,,,0,0.0,0.0,0,,1
20141023,1413993600000,,,,,0,0.0,0.0,0,,1
20141024,1414080000000,,,,,0,0.0,0.0,0,,1
20141027,1414339200000,,,,,0,0.0,0.0,0,,1
20141028,1414425600000,,,,,0,0.0,0.0,0,,1
20141029,1414512000000,,,,,0,0.0,0.0,0,,1
20141030,1414598400000,,,,,0,0.0,0.0,0,,1
20141031,1414684800000,,,,,0,0.0,0.0,0,,1
20141103,1414944000000,,,,,0,0.0,0.0,0,,1
20141104,1415030400000,,,,,0,0.0,0.0,0,,1
20141105,1415116800000,,,,,0,0.0,0.0,0,,1
20141106,1415203200000,,,,,0,0.0,0.0,0,,1
20141107,1415289600000,,,,,0,0.0,0.0,0,,1
20141110,1415548800000,,,,,0,0.0,0.0,0,,1
20141111,1415635200000,,,,,0,0.0,0.0,0,,1
20141112,1415721600000,,,,,0,0.0,0.0,0,,1
20141113,1415808000000,,,,,0,0.0,0.0,0,,1
20141114,1415894400000,,,,,0,0.0,0.0,0,,1
20141117,1416153600000,,,,,0,0.0,0.0,0,,1
20141118,1416240000000,,,,,0,0.0,0.0,0,,1
20141119,1416326400000,,,,,0,0.0,0.0,0,,1
20141120,1416412800000,,,,,0,0.0,0.0,0,,1
20141121,1416499200000,,,,,0,0.0,0.0,0,,1
20141124,1416758400000,,,,,0,0.0,0.0,0,,1
20141125,1416844800000,,,,,0,0.0,0.0,0,,1
20141126,1416931200000,,,,,0,0.0,0.0,0,,1
20141127,1417017600000,,,,,0,0.0,0.0,0,,1
20141128,1417104000000,,,,,0,0.0,0.0,0,,1
20141201,1417363200000,,,,,0,0.0,0.0,0,,1
20141202,1417449600000,,,,,0,0.0,0.0,0,,1
20141203,1417536000000,,,,,0,0.0,0.0,0,,1
20141204,1417622400000,,,,,0,0.0,0.0,0,,1
20141205,1417708800000,,,,,0,0.0,0.0,0,,1
20141208,1417968000000,,,,,0,0.0,0.0,0,,1
20141209,1418054400000,,,,,0,0.0,0.0,0,,1
20141210,1418140800000,,,,,0,0.0,0.0,0,,1
20141211,1418227200000,,,,,0,0.0,0.0,0,,1
20141212,1418313600000,,,,,0,0.0,0.0,0,,1
20141215,1418572800000,,,,,0,0.0,0.0,0,,1
20141216,1418659200000,,,,,0,0.0,0.0,0,,1
20141217,1418745600000,,,,,0,0.0,0.0,0,,1
20141218,1418832000000,,,,,0,0.0,0.0,0,,1
20141219,1418918400000,,,,,0,0.0,0.0,0,,1
20141222,1419177600000,,,,,0,0.0,0.0,0,,1
20141223,1419264000000,,,,,0,0.0,0.0,0,,1
20141224,1419350400000,,,,,0,0.0,0.0,0,,1
20141225,1419436800000,,,,,0,0.0,0.0,0,,1
20141226,1419523200000,,,,,0,0.0,0.0,0,,1
20141229,1419782400000,,,,,0,0.0,0.0,0,,1
20141230,1419868800000,,,,,0,0.0,0.0,0,,1
20141231,1419955200000,,,,,0,0.0,0.0,0,,1
20150105,1420387200000,,,,,0,0.0,0.0,0,,1
20150106,1420473600000,,,,,0,0.0,0.0,0,,1
20150107,1420560000000,,,,,0,0.0,0.0,0,,1
20150108,1420646400000,,,,,0,0.0,0.0,0,,1
20150109,1420732800000,,,,,0,0.0,0.0,0,,1
20150112,1420992000000,,,,,0,0.0,0.0,0,,1
20150113,1421078400000,,,,,0,0.0,0.0,0,,1
20150114,1421164800000,,,,,0,0.0,0.0,0,,1
20150115,1421251200000,,,,,0,0.0,0.0,0,,1
20150116,1421337600000,,,,,0,0.0,0.0,0,,1
20150119,1421596800000,,,,,0,0.0,0.0,0,,1
20150120,1421683200000,,,,,0,0.0,0.0,0,,1
20150121,1421769600000,,,,,0,0.0,0.0,0,,1
20150122,1421856000000,,,,,0,0.0,0.0,0,,1
20150123,1421942400000,,,,,0,0.0,0.0,0,,1
20150126,1422201600000,,,,,0,0.0,0.0,0,,1
20150127,1422288000000,,,,,0,0.0,0.0,0,,1
20150128,1422374400000,,,,,0,0.0,0.0,0,,1
20150129,1422460800000,,,,,0,0.0,0.0,0,,1
20150130,1422547200000,,,,,0,0.0,0.0,0,,1
20150202,1422806400000,,,,,0,0.0,0.0,0,,1
20150203,1422892800000,,,,,0,0.0,0.0,0,,1
20150204,1422979200000,,,,,0,0.0,0.0,0,,1
20150205,1423065600000,,,,,0,0.0,0.0,0,,1
20150206,1423152000000,,,,,0,0.0,0.0,0,,1
20150209,1423411200000,,,,,0,0.0,0.0,0,,1
20150210,1423497600000,,,,,0,0.0,0.0,0,,1
20150211,1423584000000,,,,,0,0.0,0.0,0,,1
20150212,1423670400000,,,,,0,0.0,0.0,0,,1
20150213,1423756800000,,,,,0,0.0,0.0,0,,1
20150216,1424016000000,,,,,0,0.0,0.0,0,,1
20150217,1424102400000,,,,,0,0.0,0.0,0,,1
20150225,1424793600000,,,,,0,0.0,0.0,0,,1
20150226,1424880000000,,,,,0,0.0,0.0,0,,1
20150227,1424966400000,,,,,0,0.0,0.0,0,,1
20150302,1425225600000,,,,,0,0.0,0.0,0,,1
20150303,1425312000000,,,,,0,0.0,0.0,0,,1
20150304,1425398400000,,,,,0,0.0,0.0,0,,1
20150305,1425484800000,,,,,0,0.0,0.0,0,,1
20150306,1425571200000,,,,,0,0.0,0.0,0,,1
20150309,1425830400000,,,,,0,0.0,0.0,0,,1
20150310,1425916800000,,,,,0,0.0,0.0,0,,1
20150311,1426003200000,,,,,0,0.0,0.0,0,,1
20150312,1426089600000,,,,,0,0.0,0.0,0,,1
20150313,1426176000000,,,,,0,0.0,0.0,0,,1
20150316,1426435200000,,,,,0,0.0,0.0,0,,1
20150317,1426521600000,,,,,0,0.0,0.0,0,,1
20150318,1426608000000,,,,,0,0.0,0.0,0,,1
20150319,1426694400000,,,,,0,0.0,0.0,0,,1
20150320,1426780800000,,,,,0,0.0,0.0,0,,1
20150323,1427040000000,,,,,0,0.0,0.0,0,,1
20150324,1427126400000,,,,,0,0.0,0.0,0,,1
20150325,1427212800000,,,,,0,0.0,0.0,0,,1
20150326,1427299200000,,,,,0,0.0,0.0,0,,1
20150327,1427385600000,,,,,0,0.0,0.0,0,,1
20150330,1427644800000,,,,,0,0.0,0.0,0,,1
20150331,1427731200000,,,,,0,0.0,0.0,0,,1
20150401,1427817600000,,,,,0,0.0,0.0,0,,1
20150402,1427904000000,,,,,0,0.0,0.0,0,,1
20150403,1427990400000,,,,,0,0.0,0.0,0,,1
20150407,1428336000000,,,,,0,0.0,0.0,0,,1
20150408,1428422400000,,,,,0,0.0,0.0,0,,1
20150409,1428508800000,,,,,0,0.0,0.0,0,,1
20150410,1428595200000,,,,,0,0.0,0.0,0,,1
20150413,1428854400000,,,,,0,0.0,0.0,0,,1
20150414,1428940800000,,,,,0,0.0,0.0,0,,1
20150415,1429027200000,,,,,0,0.0,0.0,0,,1
20150416,1429113600000,,,,,0,0.0,0.0,0,,1
20150417,1429200000000,,,,,0,0.0,0.0,0,,1
20150420,1429459200000,,,,,0,0.0,0.0,0,,1
20150421,1429545600000,,,,,0,0.0,0.0,0,,1
20150422,1429632000000,,,,,0,0.0,0.0,0,,1
20150423,1429718400000,,,,,0,0.0,0.0,0,,1
20150424,1429804800000,,,,,0,0.0,0.0,0,,1
20150427,1430064000000,,,,,0,0.0,0.0,0,,1
20150428,1430150400000,,,,,0,0.0,0.0,0,,1
20150429,1430236800000,,,,,0,0.0,0.0,0,,1
20150430,1430323200000,,,,,0,0.0,0.0,0,,1
20150504,1430668800000,,,,,0,0.0,0.0,0,,1
20150505,1430755200000,,,,,0,0.0,0.0,0,,1
20150506,1430841600000,,,,,0,0.0,0.0,0,,1
20150507,1430928000000,,,,,0,0.0,0.0,0,,1
20150508,1431014400000,,,,,0,0.0,0.0,0,,1
20150511,1431273600000,,,,,0,0.0,0.0,0,,1
20150512,1431360000000,,,,,0,0.0,0.0,0,,1
20150513,1431446400000,,,,,0,0.0,0.0,0,,1
20150514,1431532800000,,,,,0,0.0,0.0,0,,1
20150515,1431619200000,,,,,0,0.0,0.0,0,,1
20150518,1431878400000,,,,,0,0.0,0.0,0,,1
20150519,1431964800000,,,,,0,0.0,0.0,0,,1
20150520,1432051200000,,,,,0,0.0,0.0,0,,1
20150521,1432137600000,,,,,0,0.0,0.0,0,,1
20150522,1432224000000,,,,,0,0.0,0.0,0,,1
20150525,1432483200000,,,,,0,0.0,0.0,0,,1
20150526,1432569600000,,,,,0,0.0,0.0,0,,1
20150527,1432656000000,,,,,0,0.0,0.0,0,,1
20150528,1432742400000,,,,,0,0.0,0.0,0,,1
20150529,1432828800000,,,,,0,0.0,0.0,0,,1
20150601,1433088000000,,,,,0,0.0,0.0,0,,1
20150602,1433174400000,,,,,0,0.0,0.0,0,,1
20150603,1433260800000,,,,,0,0.0,0.0,0,,1
20150604,1433347200000,,,,,0,0.0,0.0,0,,1
20150605,1433433600000,,,,,0,0.0,0.0,0,,1
20150608,1433692800000,,,,,0,0.0,0.0,0,,1
20150609,1433779200000,,,,,0,0.0,0.0,0,,1
20150610,1433865600000,,,,,0,0.0,0.0,0,,1
20150611,1433952000000,,,,,0,0.0,0.0,0,,1
20150612,1434038400000,,,,,0,0.0,0.0,0,,1
20150615,1434297600000,,,,,0,0.0,0.0,0,,1
20150616,1434384000000,,,,,0,0.0,0.0,0,,1
20150617,1434470400000,,,,,0,0.0,0.0,0,,1
20150618,1434556800000,,,,,0,0.0,0.0,0,,1
20150619,1434643200000,,,,,0,0.0,0.0,0,,1
20150623,1434988800000,,,,,0,0.0,0.0,0,,1
20150624,1435075200000,,,,,0,0.0,0.0,0,,1
20150625,1435161600000,,,,,0,0.0,0.0,0,,1
20150626,1435248000000,,,,,0,0.0,0.0,0,,1
20150629,1435507200000,,,,,0,0.0,0.0,0,,1
20150630,1435593600000,,,,,0,0.0,0.0,0,,1
20150701,1435680000000,,,,,0,0.0,0.0,0,,1
20150702,1435766400000,,,,,0,0.0,0.0,0,,1
20150703,1435852800000,,,,,0,0.0,0.0,0,,1
20150706,1436112000000,,,,,0,0.0,0.0,0,,1
20150707,1436198400000,,,,,0,0.0,0.0,0,,1
20150708,1436284800000,,,,,0,0.0,0.0,0,,1
20150709,1436371200000,,,,,0,0.0,0.0,0,,1
20150710,1436457600000,,,,,0,0.0,0.0,0,,1
20150713,1436716800000,,,,,0,0.0,0.0,0,,1
20150714,1436803200000,,,,,0,0.0,0.0,0,,1
20150715,1436889600000,,,,,0,0.0,0.0,0,,1
20150716,1436976000000,,,,,0,0.0,0.0,0,,1
20150717,1437062400000,,,,,0,0.0,0.0,0,,1
20150720,1437321600000,,,,,0,0.0,0.0,0,,1
20150721,1437408000000,,,,,0,0.0,0.0,0,,1
20150722,1437494400000,,,,,0,0.0,0.0,0,,1
20150723,1437580800000,,,,,0,0.0,0.0,0,,1
20150724,1437667200000,,,,,0,0.0,0.0,0,,1
20150727,1437926400000,,,,,0,0.0,0.0,0,,1
20150728,1438012800000,,,,,0,0.0,0.0,0,,1
20150729,1438099200000,,,,,0,0.0,0.0,0,,1
20150730,1438185600000,,,,,0,0.0,0.0,0,,1
20150731,1438272000000,,,,,0,0.0,0.0,0,,1
20150803,1438531200000,,,,,0,0.0,0.0,0,,1
20150804,1438617600000,,,,,0,0.0,0.0,0,,1
20150805,1438704000000,,,,,0,0.0,0.0,0,,1
20150806,1438790400000,,,,,0,0.0,0.0,0,,1
20150807,1438876800000,,,,,0,0.0,0.0,0,,1
20150810,1439136000000,,,,,0,0.0,0.0,0,,1
20150811,1439222400000,,,,,0,0.0,0.0,0,,1
20150812,1439308800000,,,,,0,0.0,0.0,0,,1
20150813,1439395200000,,,,,0,0.0,0.0,0,,1
20150814,1439481600000,,,,,0,0.0,0.0,0,,1
20150817,1439740800000,,,,,0,0.0,0.0,0,,1
20150818,1439827200000,,,,,0,0.0,0.0,0,,1
20150819,1439913600000,,,,,0,0.0,0.0,0,,1
20150820,1440000000000,,,,,0,0.0,0.0,0,,1
20150821,1440086400000,,,,,0,0.0,0.0,0,,1
20150824,1440345600000,,,,,0,0.0,0.0,0,,1
20150825,1440432000000,,,,,0,0.0,0.0,0,,1
20150826,1440518400000,,,,,0,0.0,0.0,0,,1
20150827,1440604800000,,,,,0,0.0,0.0,0,,1
20150828,1440691200000,,,,,0,0.0,0.0,0,,1
20150831,1440950400000,,,,,0,0.0,0.0,0,,1
20150901,1441036800000,,,,,0,0.0,0.0,0,,1
20150902,1441123200000,,,,,0,0.0,0.0,0,,1
20150907,1441555200000,,,,,0,0.0,0.0,0,,1
20150908,1441641600000,,,,,0,0.0,0.0,0,,1
20150909,1441728000000,,,,,0,0.0,0.0,0,,1
20150910,1441814400000,,,,,0,0.0,0.0,0,,1
20150911,1441900800000,,,,,0,0.0,0.0,0,,1
20150914,1442160000000,,,,,0,0.0,0.0,0,,1
20150915,1442246400000,,,,,0,0.0,0.0,0,,1
20150916,1442332800000,,,,,0,0.0,0.0,0,,1
20150917,1442419200000,,,,,0,0.0,0.0,0,,1
20150918,1442505600000,,,,,0,0.0,0.0,0,,1
20150921,1442764800000,,,,,0,0.0,0.0,0,,1
20150922,1442851200000,,,,,0,0.0,0.0,0,,1
20150923,1442937600000,,,,,0,0.0,0.0,0,,1
20150924,1443024000000,,,,,0,0.0,0.0,0,,1
20150925,1443110400000,,,,,0,0.0,0.0,0,,1
20150928,1443369600000,,,,,0,0.0,0.0,0,,1
20150929,1443456000000,,,,,0,0.0,0.0,0,,1
20150930,1443542400000,,,,,0,0.0,0.0,0,,1
20151008,1444233600000,,,,,0,0.0,0.0,0,,1
20151009,1444320000000,,,,,0,0.0,0.0,0,,1
20151012,1444579200000,,,,,0,0.0,0.0,0,,1
20151013,1444665600000,,,,,0,0.0,0.0,0,,1
20151014,1444752000000,,,,,0,0.0,0.0,0,,1
20151015,1444838400000,,,,,0,0.0,0.0,0,,1
20151016,1444924800000,,,,,0,0.0,0.0,0,,1
20151019,1445184000000,,,,,0,0.0,0.0,0,,1
20151020,1445270400000,,,,,0,0.0,0.0,0,,1
20151021,1445356800000,,,,,0,0.0,0.0,0,,1
20151022,1445443200000,,,,,0,0.0,0.0,0,,1
20151023,1445529600000,,,,,0,0.0,0.0,0,,1
20151026,1445788800000,,,,,0,0.0,0.0,0,,1
20151027,1445875200000,,,,,0,0.0,0.0,0,,1
20151028,1445961600000,,,,,0,0.0,0.0,0,,1
20151029,1446048000000,,,,,0,0.0,0.0,0,,1
20151030,1446134400000,,,,,0,0.0,0.0,0,,1
20151102,1446393600000,,,,,0,0.0,0.0,0,,1
20151103,1446480000000,,,,,0,0.0,0.0,0,,1
20151104,1446566400000,,,,,0,0.0,0.0,0,,1
20151105,1446652800000,,,,,0,0.0,0.0,0,,1
20151106,1446739200000,,,,,0,0.0,0.0,0,,1
20151109,1446998400000,,,,,0,0.0,0.0,0,,1
20151110,1447084800000,,,,,0,0.0,0.0,0,,1
20151111,1447171200000,,,,,0,0.0,0.0,0,,1
20151112,1447257600000,,,,,0,0.0,0.0,0,,1
20151113,1447344000000,,,,,0,0.0,0.0,0,,1
20151116,1447603200000,,,,,0,0.0,0.0,0,,1
20151117,1447689600000,,,,,0,0.0,0.0,0,,1
20151118,1447776000000,,,,,0,0.0,0.0,0,,1
20151119,1447862400000,,,,,0,0.0,0.0,0,,1
20151120,1447948800000,,,,,0,0.0,0.0,0,,1
20151123,1448208000000,,,,,0,0.0,0.0,0,,1
20151124,1448294400000,,,,,0,0.0,0.0,0,,1
20151125,1448380800000,,,,,0,0.0,0.0,0,,1
20151126,1448467200000,,,,,0,0.0,0.0,0,,1
20151127,1448553600000,,,,,0,0.0,0.0,0,,1
20151130,1448812800000,,,,,0,0.0,0.0,0,,1
20151201,1448899200000,,,,,0,0.0,0.0,0,,1
20151202,1448985600000,,,,,0,0.0,0.0,0,,1
20151203,1449072000000,,,,,0,0.0,0.0,0,,1
20151204,1449158400000,,,,,0,0.0,0.0,0,,1
20151207,1449417600000,,,,,0,0.0,0.0,0,,1
20151208,1449504000000,,,,,0,0.0,0.0,0,,1
20151209,1449590400000,,,,,0,0.0,0.0,0,,1
20151210,1449676800000,,,,,0,0.0,0.0,0,,1
20151211,1449763200000,,,,,0,0.0,0.0,0,,1
20151214,1450022400000,,,,,0,0.0,0.0,0,,1
20151215,1450108800000,,,,,0,0.0,0.0,0,,1
20151216,1450195200000,,,,,0,0.0,0.0,0,,1
20151217,1450281600000,,,,,0,0.0,0.0,0,,1
20151218,1450368000000,,,,,0,0.0,0.0,0,,1
20151221,1450627200000,,,,,0,0.0,0.0,0,,1
20151222,1450713600000,,,,,0,0.0,0.0,0,,1
20151223,1450800000000,,,,,0,0.0,0.0,0,,1
20151224,1450886400000,,,,,0,0.0,0.0,0,,1
20151225,1450972800000,,,,,0,0.0,0.0,0,,1
20151228,1451232000000,,,,,0,0.0,0.0,0,,1
20151229,1451318400000,,,,,0,0.0,0.0,0,,1
20151230,1451404800000,,,,,0,0.0,0.0,0,,1
20151231,1451491200000,,,,,0,0.0,0.0,0,,1
20160104,1451836800000,,,,,0,0.0,0.0,0,,1
20160105,1451923200000,,,,,0,0.0,0.0,0,,1
20160106,1452009600000,,,,,0,0.0,0.0,0,,1
20160107,1452096000000,,,,,0,0.0,0.0,0,,1
20160108,1452182400000,,,,,0,0.0,0.0,0,,1
20160111,1452441600000,,,,,0,0.0,0.0,0,,1
20160112,1452528000000,,,,,0,0.0,0.0,0,,1
20160113,1452614400000,,,,,0,0.0,0.0,0,,1
20160114,1452700800000,,,,,0,0.0,0.0,0,,1
20160115,1452787200000,,,,,0,0.0,0.0,0,,1
20160118,1453046400000,,,,,0,0.0,0.0,0,,1
20160119,1453132800000,,,,,0,0.0,0.0,0,,1
20160120,1453219200000,,,,,0,0.0,0.0,0,,1
20160121,1453305600000,,,,,0,0.0,0.0,0,,1
20160122,1453392000000,,,,,0,0.0,0.0,0,,1
20160125,1453651200000,,,,,0,0.0,0.0,0,,1
20160126,1453737600000,,,,,0,0.0,0.0,0,,1
20160127,1453824000000,,,,,0,0.0,0.0,0,,1
20160128,1453910400000,,,,,0,0.0,0.0,0,,1
20160129,1453996800000,,,,,0,0.0,0.0,0,,1
20160201,1454256000000,,,,,0,0.0,0.0,0,,1
20160202,1454342400000,,,,,0,0.0,0.0,0,,1
20160203,1454428800000,,,,,0,0.0,0.0,0,,1
20160204,1454515200000,,,,,0,0.0,0.0,0,,1
20160205,1454601600000,,,,,0,0.0,0.0,0,,1
20160215,1455465600000,,,,,0,0.0,0.0,0,,1
20160216,1455552000000,,,,,0,0.0,0.0,0,,1
20160217,1455638400000,,,,,0,0.0,0.0,0,,1
20160218,1455724800000,,,,,0,0.0,0.0,0,,1
20160219,1455811200000,,,,,0,0.0,0.0,0,,1
20160222,1456070400000,,,,,0,0.0,0.0,0,,1
20160223,1456156800000,,,,,0,0.0,0.0,0,,1
20160224,1456243200000,,,,,0,0.0,0.0,0,,1
20160225,1456329600000,,,,,0,0.0,0.0,0,,1
20160226,1456416000000,,,,,0,0.0,0.0,0,,1
20160229,1456675200000,,,,,0,0.0,0.0,0,,1
20160301,1456761600000,,,,,0,0.0,0.0,0,,1
20160302,1456848000000,,,,,0,0.0,0.0,0,,1
20160303,1456934400000,,,,,0,0.0,0.0,0,,1
20160304,1457020800000,,,,,0,0.0,0.0,0,,1
20160307,1457280000000,,,,,0,0.0,0.0,0,,1
20160308,1457366400000,,,,,0,0.0,0.0,0,,1
20160309,1457452800000,,,,,0,0.0,0.0,0,,1
20160310,1457539200000,,,,,0,0.0,0.0,0,,1
20160311,1457625600000,,,,,0,0.0,0.0,0,,1
20160314,1457884800000,,,,,0,0.0,0.0,0,,1
20160315,1457971200000,,,,,0,0.0,0.0,0,,1
20160316,1458057600000,,,,,0,0.0,0.0,0,,1
20160317,1458144000000,,,,,0,0.0,0.0,0,,1
20160318,1458230400000,,,,,0,0.0,0.0,0,,1
20160321,1458489600000,,,,,0,0.0,0.0,0,,1
20160322,1458576000000,,,,,0,0.0,0.0,0,,1
20160323,1458662400000,,,,,0,0.0,0.0,0,,1
20160324,1458748800000,,,,,0,0.0,0.0,0,,1
20160325,1458835200000,,,,,0,0.0,0.0,0,,1
20160328,1459094400000,,,,,0,0.0,0.0,0,,1
20160329,1459180800000,,,,,0,0.0,0.0,0,,1
20160330,1459267200000,,,,,0,0.0,0.0,0,,1
20160331,1459353600000,,,,,0,0.0,0.0,0,,1
20160401,1459440000000,,,,,0,0.0,0.0,0,,1
20160405,1459785600000,,,,,0,0.0,0.0,0,,1
20160406,1459872000000,,,,,0,0.0,0.0,0,,1
20160407,1459958400000,,,,,0,0.0,0.0,0,,1
20160408,1460044800000,,,,,0,0.0,0.0,0,,1
20160411,1460304000000,,,,,0,0.0,0.0,0,,1
20160412,1460390400000,,,,,0,0.0,0.0,0,,1
20160413,1460476800000,,,,,0,0.0,0.0,0,,1
20160414,1460563200000,,,,,0,0.0,0.0,0,,1
20160415,1460649600000,,,,,0,0.0,0.0,0,,1
20160418,1460908800000,,,,,0,0.0,0.0,0,,1
20160419,1460995200000,,,,,0,0.0,0.0,0,,1
20160420,1461081600000,,,,,0,0.0,0.0,0,,1
20160421,1461168000000,,,,,0,0.0,0.0,0,,1
20160422,1461254400000,,,,,0,0.0,0.0,0,,1
20160425,1461513600000,,,,,0,0.0,0.0,0,,1
20160426,1461600000000,,,,,0,0.0,0.0,0,,1
20160427,1461686400000,,,,,0,0.0,0.0,0,,1
20160428,1461772800000,,,,,0,0.0,0.0,0,,1
20160429,1461859200000,,,,,0,0.0,0.0,0,,1
20160503,1462204800000,,,,,0,0.0,0.0,0,,1
20160504,1462291200000,,,,,0,0.0,0.0,0,,1
20160505,1462377600000,,,,,0,0.0,0.0,0,,1
20160506,1462464000000,,,,,0,0.0,0.0,0,,1
20160509,1462723200000,,,,,0,0.0,0.0,0,,1
20160510,1462809600000,,,,,0,0.0,0.0,0,,1
20160511,1462896000000,,,,,0,0.0,0.0,0,,1
20160512,1462982400000,,,,,0,0.0,0.0,0,,1
20160513,1463068800000,,,,,0,0.0,0.0,0,,1
20160516,1463328000000,,,,,0,0.0,0.0,0,,1
20160517,1463414400000,,,,,0,0.0,0.0,0,,1
20160518,1463500800000,,,,,0,0.0,0.0,0,,1
20160519,1463587200000,,,,,0,0.0,0.0,0,,1
20160520,1463673600000,,,,,0,0.0,0.0,0,,1
20160523,1463932800000,,,,,0,0.0,0.0,0,,1
20160524,1464019200000,,,,,0,0.0,0.0,0,,1
20160525,1464105600000,,,,,0,0.0,0.0,0,,1
20160526,1464192000000,,,,,0,0.0,0.0,0,,1
20160527,1464278400000,,,,,0,0.0,0.0,0,,1
20160530,1464537600000,,,,,0,0.0,0.0,0,,1
20160531,1464624000000,,,,,0,0.0,0.0,0,,1
20160601,1464710400000,,,,,0,0.0,0.0,0,,1
20160602,1464796800000,,,,,0,0.0,0.0,0,,1
20160603,1464883200000,,,,,0,0.0,0.0,0,,1
20160606,1465142400000,,,,,0,0.0,0.0,0,,1
20160607,1465228800000,,,,,0,0.0,0.0,0,,1
20160608,1465315200000,,,,,0,0.0,0.0,0,,1
20160613,1465747200000,,,,,0,0.0,0.0,0,,1
20160614,1465833600000,,,,,0,0.0,0.0,0,,1
20160615,1465920000000,,,,,0,0.0,0.0,0,,1
20160616,1466006400000,,,,,0,0.0,0.0,0,,1
20160617,1466092800000,,,,,0,0.0,0.0,0,,1
20160620,1466352000000,,,,,0,0.0,0.0,0,,1
20160621,1466438400000,,,,,0,0.0,0.0,0,,1
20160622,1466524800000,,,,,0,0.0,0.0,0,,1
20160623,1466611200000,,,,,0,0.0,0.0,0,,1
20160624,1466697600000,,,,,0,0.0,0.0,0,,1
20160627,1466956800000,,,,,0,0.0,0.0,0,,1
20160628,1467043200000,,,,,0,0.0,0.0,0,,1
20160629,1467129600000,,,,,0,0.0,0.0,0,,1
20160630,1467216000000,,,,,0,0.0,0.0,0,,1
20160701,1467302400000,,,,,0,0.0,0.0,0,,1
20160704,1467561600000,,,,,0,0.0,0.0,0,,1
20160705,1467648000000,,,,,0,0.0,0.0,0,,1
20160706,1467734400000,,,,,0,0.0,0.0,0,,1
20160707,1467820800000,,,,,0,0.0,0.0,0,,1
20160708,1467907200000,,,,,0,0.0,0.0,0,,1
20160711,1468166400000,,,,,0,0.0,0.0,0,,1
20160712,1468252800000,,,,,0,0.0,0.0,0,,1
20160713,1468339200000,,,,,0,0.0,0.0,0,,1
20160714,1468425600000,,,,,0,0.0,0.0,0,,1
20160715,1468512000000,,,,,0,0.0,0.0,0,,1
20160718,1468771200000,,,,,0,0.0,0.0,0,,1
20160719,1468857600000,,,,,0,0.0,0.0,0,,1
20160720,1468944000000,,,,,0,0.0,0.0,0,,1
20160721,1469030400000,,,,,0,0.0,0.0,0,,1
20160722,1469116800000,,,,,0,0.0,0.0,0,,1
20160725,1469376000000,,,,,0,0.0,0.0,0,,1
20160726,1469462400000,,,,,0,0.0,0.0,0,,1
20160727,1469548800000,,,,,0,0.0,0.0,0,,1
20160728,1469635200000,,,,,0,0.0,0.0,0,,1
20160729,1469721600000,,,,,0,0.0,0.0,0,,1
20160801,1469980800000,,,,,0,0.0,0.0,0,,1
20160802,1470067200000,,,,,0,0.0,0.0,0,,1
20160803,1470153600000,,,,,0,0.0,0.0,0,,1
20160804,1470240000000,,,,,0,0.0,0.0,0,,1
20160805,1470326400000,,,,,0,0.0,0.0,0,,1
20160808,1470585600000,,,,,0,0.0,0.0,0,,1
20160809,1470672000000,,,,,0,0.0,0.0,0,,1
20160810,1470758400000,,,,,0,0.0,0.0,0,,1
20160811,1470844800000,,,,,0,0.0,0.0,0,,1
20160812,1470931200000,,,,,0,0.0,0.0,0,,1
20160815,1471190400000,,,,,0,0.0,0.0,0,,1
20160816,1471276800000,,,,,0,0.0,0.0,0,,1
20160817,1471363200000,,,,,0,0.0,0.0,0,,1
20160818,1471449600000,,,,,0,0.0,0.0,0,,1
20160819,1471536000000,,,,,0,0.0,0.0,0,,1
20160822,1471795200000,,,,,0,0.0,0.0,0,,1
20160823,1471881600000,,,,,0,0.0,0.0,0,,1
20160824,1471968000000,,,,,0,0.0,0.0,0,,1
20160825,1472054400000,,,,,0,0.0,0.0,0,,1
20160826,1472140800000,,,,,0,0.0,0.0,0,,1
20160829,1472400000000,,,,,0,0.0,0.0,0,,1
20160830,1472486400000,,,,,0,0.0,0.0,0,,1
20160831,1472572800000,,,,,0,0.0,0.0,0,,1
20160901,1472659200000,,,,,0,0.0,0.0,0,,1
20160902,1472745600000,,,,,0,0.0,0.0,0,,1
20160905,1473004800000,,,,,0,0.0,0.0,0,,1
20160906,1473091200000,,,,,0,0.0,0.0,0,,1
20160907,1473177600000,,,,,0,0.0,0.0,0,,1
20160908,1473264000000,,,,,0,0.0,0.0,0,,1
20160909,1473350400000,,,,,0,0.0,0.0,0,,1
20160912,1473609600000,,,,,0,0.0,0.0,0,,1
20160913,1473696000000,,,,,0,0.0,0.0,0,,1
20160914,1473782400000,,,,,0,0.0,0.0,0,,1
20160919,1474214400000,,,,,0,0.0,0.0,0,,1
20160920,1474300800000,,,,,0,0.0,0.0,0,,1
20160921,1474387200000,,,,,0,0.0,0.0,0,,1
20160922,1474473600000,,,,,0,0.0,0.0,0,,1
20160923,1474560000000,,,,,0,0.0,0.0,0,,1
20160926,1474819200000,,,,,0,0.0,0.0,0,,1
20160927,1474905600000,,,,,0,0.0,0.0,0,,1
20160928,1474992000000,,,,,0,0.0,0.0,0,,1
20160929,1475078400000,,,,,0,0.0,0.0,0,,1
20160930,1475164800000,,,,,0,0.0,0.0,0,,1
20161010,1476028800000,,,,,0,0.0,0.0,0,,1
20161011,1476115200000,,,,,0,0.0,0.0,0,,1
20161012,1476201600000,,,,,0,0.0,0.0,0,,1
20161013,1476288000000,,,,,0,0.0,0.0,0,,1
20161014,1476374400000,,,,,0,0.0,0.0,0,,1
20161017,1476633600000,,,,,0,0.0,0.0,0,,1
20161018,1476720000000,,,,,0,0.0,0.0,0,,1
20161019,1476806400000,,,,,0,0.0,0.0,0,,1
20161020,1476892800000,,,,,0,0.0,0.0,0,,1
20161021,1476979200000,,,,,0,0.0,0.0,0,,1
20161024,1477238400000,,,,,0,0.0,0.0,0,,1
20161025,1477324800000,,,,,0,0.0,0.0,0,,1
20161026,1477411200000,,,,,0,0.0,0.0,0,,1
20161027,1477497600000,,,,,0,0.0,0.0,0,,1
20161028,1477584000000,,,,,0,0.0,0.0,0,,1
20161031,1477843200000,,,,,0,0.0,0.0,0,,1
20161101,1477929600000,,,,,0,0.0,0.0,0,,1
20161102,1478016000000,,,,,0,0.0,0.0,0,,1
20161103,1478102400000,,,,,0,0.0,0.0,0,,1
20161104,1478188800000,,,,,0,0.0,0.0,0,,1
20161107,1478448000000,,,,,0,0.0,0.0,0,,1
20161108,1478534400000,,,,,0,0.0,0.0,0,,1
20161109,1478620800000,,,,,0,0.0,0.0,0,,1
20161110,1478707200000,,,,,0,0.0,0.0,0,,1
20161111,1478793600000,,,,,0,0.0,0.0,0,,1
20161114,1479052800000,,,,,0,0.0,0.0,0,,1
20161115,1479139200000,,,,,0,0.0,0.0,0,,1
20161116,1479225600000,,,,,0,0.0,0.0,0,,1
20161117,1479312000000,,,,,0,0.0,0.0,0,,1
20161118,1479398400000,,,,,0,0.0,0.0,0,,1
20161121,1479657600000,,,,,0,0.0,0.0,0,,1
20161122,1479744000000,,,,,0,0.0,0.0,0,,1
20161123,1479830400000,,,,,0,0.0,0.0,0,,1
20161124,1479916800000,,,,,0,0.0,0.0,0,,1
20161125,1480003200000,,,,,0,0.0,0.0,0,,1
20161128,1480262400000,,,,,0,0.0,0.0,0,,1
20161129,1480348800000,,,,,0,0.0,0.0,0,,1
20161130,1480435200000,,,,,0,0.0,0.0,0,,1
20161201,1480521600000,,,,,0,0.0,0.0,0,,1
20161202,1480608000000,,,,,0,0.0,0.0,0,,1
20161205,1480867200000,,,,,0,0.0,0.0,0,,1
20161206,1480953600000,,,,,0,0.0,0.0,0,,1
20161207,1481040000000,,,,,0,0.0,0.0,0,,1
20161208,1481126400000,,,,,0,0.0,0.0,0,,1
20161209,1481212800000,,,,,0,0.0,0.0,0,,1
20161212,1481472000000,,,,,0,0.0,0.0,0,,1
20161213,1481558400000,,,,,0,0.0,0.0,0,,1
20161214,1481644800000,,,,,0,0.0,0.0,0,,1
20161215,1481731200000,,,,,0,0.0,0.0,0,,1
20161216,1481817600000,,,,,0,0.0,0.0,0,,1
20161219,1482076800000,,,,,0,0.0,0.0,0,,1
20161220,1482163200000,,,,,0,0.0,0.0,0,,1
20161221,1482249600000,,,,,0,0.0,0.0,0,,1
20161222,1482336000000,,,,,0,0.0,0.0,0,,1
20161223,1482422400000,,,,,0,0.0,0.0,0,,1
20161226,1482681600000,,,,,0,0.0,0.0,0,,1
20161227,1482768000000,,,,,0,0.0,0.0,0,,1
20161228,1482854400000,,,,,0,0.0,0.0,0,,1
20161229,1482940800000,,,,,0,0.0,0.0,0,,1
20161230,1483027200000,,,,,0,0.0,0.0,0,,1
20170103,1483372800000,,,,,0,0.0,0.0,0,,1
20170104,1483459200000,,,,,0,0.0,0.0,0,,1
20170105,1483545600000,,,,,0,0.0,0.0,0,,1
20170106,1483632000000,,,,,0,0.0,0.0,0,,1
20170109,1483891200000,,,,,0,0.0,0.0,0,,1
20170110,1483977600000,,,,,0,0.0,0.0,0,,1
20170111,1484064000000,,,,,0,0.0,0.0,0,,1
20170112,1484150400000,,,,,0,0.0,0.0,0,,1
20170113,1484236800000,,,,,0,0.0,0.0,0,,1
20170116,1484496000000,,,,,0,0.0,0.0,0,,1
20170117,1484582400000,,,,,0,0.0,0.0,0,,1
20170118,1484668800000,,,,,0,0.0,0.0,0,,1
20170119,1484755200000,,,,,0,0.0,0.0,0,,1
20170120,1484841600000,,,,,0,0.0,0.0,0,,1
20170123,1485100800000,,,,,0,0.0,0.0,0,,1
20170124,1485187200000,,,,,0,0.0,0.0,0,,1
20170125,1485273600000,,,,,0,0.0,0.0,0,,1
20170126,1485360000000,,,,,0,0.0,0.0,0,,1
20170203,1486051200000,,,,,0,0.0,0.0,0,,1
20170206,1486310400000,,,,,0,0.0,0.0,0,,1
20170207,1486396800000,,,,,0,0.0,0.0,0,,1
20170208,1486483200000,,,,,0,0.0,0.0,0,,1
20170209,1486569600000,,,,,0,0.0,0.0,0,,1
20170210,1486656000000,,,,,0,0.0,0.0,0,,1
20170213,1486915200000,,,,,0,0.0,0.0,0,,1
20170214,1487001600000,,,,,0,0.0,0.0,0,,1
20170215,1487088000000,,,,,0,0.0,0.0,0,,1
20170216,1487174400000,,,,,0,0.0,0.0,0,,1
20170217,1487260800000,,,,,0,0.0,0.0,0,,1
20170220,1487520000000,,,,,0,0.0,0.0,0,,1
20170221,1487606400000,,,,,0,0.0,0.0,0,,1
20170222,1487692800000,,,,,0,0.0,0.0,0,,1
20170223,1487779200000,,,,,0,0.0,0.0,0,,1
20170224,1487865600000,,,,,0,0.0,0.0,0,,1
20170227,1488124800000,,,,,0,0.0,0.0,0,,1
20170228,1488211200000,,,,,0,0.0,0.0,0,,1
20170301,1488297600000,,,,,0,0.0,0.0,0,,1
20170302,1488384000000,,,,,0,0.0,0.0,0,,1
20170303,1488470400000,,,,,0,0.0,0.0,0,,1
20170306,1488729600000,,,,,0,0.0,0.0,0,,1
20170307,1488816000000,,,,,0,0.0,0.0,0,,1
20170308,1488902400000,,,,,0,0.0,0.0,0,,1
20170309,1488988800000,,,,,0,0.0,0.0,0,,1
20170310,1489075200000,,,,,0,0.0,0.0,0,,1
20170313,1489334400000,,,,,0,0.0,0.0,0,,1
20170314,1489420800000,,,,,0,0.0,0.0,0,,1
20170315,1489507200000,,,,,0,0.0,0.0,0,,1
20170316,1489593600000,,,,,0,0.0,0.0,0,,1
20170317,1489680000000,,,,,0,0.0,0.0,0,,1
20170320,1489939200000,,,,,0,0.0,0.0,0,,1
20170321,1490025600000,,,,,0,0.0,0.0,0,,1
20170322,1490112000000,,,,,0,0.0,0.0,0,,1
20170323,1490198400000,,,,,0,0.0,0.0,0,,1
20170324,1490284800000,,,,,0,0.0,0.0,0,,1
20170327,1490544000000,,,,,0,0.0,0.0,0,,1
20170328,1490630400000,,,,,0,0.0,0.0,0,,1
20170329,1490716800000,,,,,0,0.0,0.0,0,,1
20170330,1490803200000,,,,,0,0.0,0.0,0,,1
20170331,1490889600000,,,,,0,0.0,0.0,0,,1
20170405,1491321600000,,,,,0,0.0,0.0,0,,1
20170406,1491408000000,,,,,0,0.0,0.0,0,,1
20170407,1491494400000,,,,,0,0.0,0.0,0,,1
20170410,1491753600000,,,,,0,0.0,0.0,0,,1
20170411,1491840000000,,,,,0,0.0,0.0,0,,1
20170412,1491926400000,,,,,0,0.0,0.0,0,,1
20170413,1492012800000,,,,,0,0.0,0.0,0,,1
20170414,1492099200000,,,,,0,0.0,0.0,0,,1
20170417,1492358400000,,,,,0,0.0,0.0,0,,1
20170418,1492444800000,,,,,0,0.0,0.0,0,,1
20170419,1492531200000,,,,,0,0.0,0.0,0,,1
20170420,1492617600000,,,,,0,0.0,0.0,0,,1
20170421,1492704000000,,,,,0,0.0,0.0,0,,1
20170424,1492963200000,,,,,0,0.0,0.0,0,,1
20170425,1493049600000,,,,,0,0.0,0.0,0,,1
20170426,1493136000000,,,,,0,0.0,0.0,0,,1
20170427,1493222400000,,,,,0,0.0,0.0,0,,1
20170428,1493308800000,,,,,0,0.0,0.0,0,,1
20170502,1493654400000,,,,,0,0.0,0.0,0,,1
20170503,1493740800000,,,,,0,0.0,0.0,0,,1
20170504,1493827200000,,,,,0,0.0,0.0,0,,1
20170505,1493913600000,,,,,0,0.0,0.0,0,,1
20170508,1494172800000,,,,,0,0.0,0.0,0,,1
20170509,1494259200000,,,,,0,0.0,0.0,0,,1
20170510,1494345600000,,,,,0,0.0,0.0,0,,1
20170511,1494432000000,,,,,0,0.0,0.0,0,,1
20170512,1494518400000,,,,,0,0.0,0.0,0,,1
20170515,1494777600000,,,,,0,0.0,0.0,0,,1
20170516,1494864000000,,,,,0,0.0,0.0,0,,1
20170517,1494950400000,,,,,0,0.0,0.0,0,,1
20170518,1495036800000,,,,,0,0.0,0.0,0,,1
20170519,1495123200000,,,,,0,0.0,0.0,0,,1
20170522,1495382400000,,,,,0,0.0,0.0,0,,1
20170523,1495468800000,,,,,0,0.0,0.0,0,,1
20170524,1495555200000,,,,,0,0.0,0.0,0,,1
20170525,1495641600000,,,,,0,0.0,0.0,0,,1
20170526,1495728000000,,,,,0,0.0,0.0,0,,1
20170531,1496160000000,,,,,0,0.0,0.0,0,,1
20170601,1496246400000,,,,,0,0.0,0.0,0,,1
20170602,1496332800000,,,,,0,0.0,0.0,0,,1
20170605,1496592000000,,,,,0,0.0,0.0,0,,1
20170606,1496678400000,,,,,0,0.0,0.0,0,,1
20170607,1496764800000,,,,,0,0.0,0.0,0,,1
20170608,1496851200000,,,,,0,0.0,0.0,0,,1
20170609,1496937600000,,,,,0,0.0,0.0,0,,1
20170612,1497196800000,,,,,0,0.0,0.0,0,,1
20170613,1497283200000,,,,,0,0.0,0.0,0,,1
20170614,1497369600000,,,,,0,0.0,0.0,0,,1
20170615,1497456000000,,,,,0,0.0,0.0,0,,1
20170616,1497542400000,,,,,0,0.0,0.0,0,,1
20170619,1497801600000,,,,,0,0.0,0.0,0,,1
20170620,1497888000000,,,,,0,0.0,0.0,0,,1
20170621,1497974400000,,,,,0,0.0,0.0,0,,1
20170622,1498060800000,,,,,0,0.0,0.0,0,,1
20170623,1498147200000,,,,,0,0.0,0.0,0,,1
20170626,1498406400000,,,,,0,0.0,0.0,0,,1
20170627,1498492800000,,,,,0,0.0,0.0,0,,1
20170628,1498579200000,,,,,0,0.0,0.0,0,,1
20170629,1498665600000,,,,,0,0.0,0.0,0,,1
20170630,1498752000000,,,,,0,0.0,0.0,0,,1
20170703,1499011200000,,,,,0,0.0,0.0,0,,1
20170704,1499097600000,,,,,0,0.0,0.0,0,,1
20170705,1499184000000,,,,,0,0.0,0.0,0,,1
20170706,1499270400000,,,,,0,0.0,0.0,0,,1
20170707,1499356800000,,,,,0,0.0,0.0,0,,1
20170710,1499616000000,,,,,0,0.0,0.0,0,,1
20170711,1499702400000,,,,,0,0.0,0.0,0,,1
20170712,1499788800000,,,,,0,0.0,0.0,0,,1
20170713,1499875200000,,,,,0,0.0,0.0,0,,1
20170714,1499961600000,,,,,0,0.0,0.0,0,,1
20170717,1500220800000,,,,,0,0.0,0.0,0,,1
20170718,1500307200000,,,,,0,0.0,0.0,0,,1
20170719,1500393600000,,,,,0,0.0,0.0,0,,1
20170720,1500480000000,,,,,0,0.0,0.0,0,,1
20170721,1500566400000,,,,,0,0.0,0.0,0,,1
20170724,1500825600000,,,,,0,0.0,0.0,0,,1
20170725,1500912000000,,,,,0,0.0,0.0,0,,1
20170726,1500998400000,,,,,0,0.0,0.0,0,,1
20170727,1501084800000,,,,,0,0.0,0.0,0,,1
20170728,1501171200000,,,,,0,0.0,0.0,0,,1
20170731,1501430400000,,,,,0,0.0,0.0,0,,1
20170801,1501516800000,,,,,0,0.0,0.0,0,,1
20170802,1501603200000,,,,,0,0.0,0.0,0,,1
20170803,1501689600000,,,,,0,0.0,0.0,0,,1
20170804,1501776000000,,,,,0,0.0,0.0,0,,1
20170807,1502035200000,,,,,0,0.0,0.0,0,,1
20170808,1502121600000,,,,,0,0.0,0.0,0,,1
20170809,1502208000000,,,,,0,0.0,0.0,0,,1
20170810,1502294400000,,,,,0,0.0,0.0,0,,1
20170811,1502380800000,,,,,0,0.0,0.0,0,,1
20170814,1502640000000,,,,,0,0.0,0.0,0,,1
20170815,1502726400000,,,,,0,0.0,0.0,0,,1
20170816,1502812800000,,,,,0,0.0,0.0,0,,1
20170817,1502899200000,,,,,0,0.0,0.0,0,,1
20170818,1502985600000,,,,,0,0.0,0.0,0,,1
20170821,1503244800000,,,,,0,0.0,0.0,0,,1
20170822,1503331200000,,,,,0,0.0,0.0,0,,1
20170823,1503417600000,,,,,0,0.0,0.0,0,,1
20170824,1503504000000,,,,,0,0.0,0.0,0,,1
20170825,1503590400000,,,,,0,0.0,0.0,0,,1
20170828,1503849600000,,,,,0,0.0,0.0,0,,1
20170829,1503936000000,,,,,0,0.0,0.0,0,,1
20170830,1504022400000,,,,,0,0.0,0.0,0,,1
20170831,1504108800000,,,,,0,0.0,0.0,0,,1
20170901,1504195200000,,,,,0,0.0,0.0,0,,1
20170904,1504454400000,,,,,0,0.0,0.0,0,,1
20170905,1504540800000,,,,,0,0.0,0.0,0,,1
20170906,1504627200000,,,,,0,0.0,0.0,0,,1
20170907,1504713600000,,,,,0,0.0,0.0,0,,1
20170908,1504800000000,,,,,0,0.0,0.0,0,,1
20170911,1505059200000,,,,,0,0.0,0.0,0,,1
20170912,1505145600000,,,,,0,0.0,0.0,0,,1
20170913,1505232000000,,,,,0,0.0,0.0,0,,1
20170914,1505318400000,,,,,0,0.0,0.0,0,,1
20170915,1505404800000,,,,,0,0.0,0.0,0,,1
20170918,1505664000000,,,,,0,0.0,0.0,0,,1
20170919,1505750400000,,,,,0,0.0,0.0,0,,1
20170920,1505836800000,,,,,0,0.0,0.0,0,,1
20170921,1505923200000,,,,,0,0.0,0.0,0,,1
20170922,1506009600000,,,,,0,0.0,0.0,0,,1
20170925,1506268800000,,,,,0,0.0,0.0,0,,1
20170926,1506355200000,,,,,0,0.0,0.0,0,,1
20170927,1506441600000,,,,,0,0.0,0.0,0,,1
20170928,1506528000000,,,,,0,0.0,0.0,0,,1
20170929,1506614400000,,,,,0,0.0,0.0,0,,1
20171009,1507478400000,,,,,0,0.0,0.0,0,,1
20171010,1507564800000,,,,,0,0.0,0.0,0,,1
20171011,1507651200000,,,,,0,0.0,0.0,0,,1
20171012,1507737600000,,,,,0,0.0,0.0,0,,1
20171013,1507824000000,,,,,0,0.0,0.0,0,,1
20171016,1508083200000,,,,,0,0.0,0.0,0,,1
20171017,1508169600000,,,,,0,0.0,0.0,0,,1
20171018,1508256000000,,,,,0,0.0,0.0,0,,1
20171019,1508342400000,,,,,0,0.0,0.0,0,,1
20171020,1508428800000,,,,,0,0.0,0.0,0,,1
20171023,1508688000000,,,,,0,0.0,0.0,0,,1
20171024,1508774400000,,,,,0,0.0,0.0,0,,1
20171025,1508860800000,,,,,0,0.0,0.0,0,,1
20171026,1508947200000,,,,,0,0.0,0.0,0,,1
20171027,1509033600000,,,,,0,0.0,0.0,0,,1
20171030,1509292800000,,,,,0,0.0,0.0,0,,1
20171031,1509379200000,,,,,0,0.0,0.0,0,,1
20171101,1509465600000,,,,,0,0.0,0.0,0,,1
20171102,1509552000000,,,,,0,0.0,0.0,0,,1
20171103,1509638400000,,,,,0,0.0,0.0,0,,1
20171106,1509897600000,,,,,0,0.0,0.0,0,,1
20171107,1509984000000,,,,,0,0.0,0.0,0,,1
20171108,1510070400000,,,,,0,0.0,0.0,0,,1
20171109,1510156800000,,,,,0,0.0,0.0,0,,1
20171110,1510243200000,,,,,0,0.0,0.0,0,,1
20171113,1510502400000,,,,,0,0.0,0.0,0,,1
20171114,1510588800000,,,,,0,0.0,0.0,0,,1
20171115,1510675200000,,,,,0,0.0,0.0,0,,1
20171116,1510761600000,,,,,0,0.0,0.0,0,,1
20171117,1510848000000,,,,,0,0.0,0.0,0,,1
20171120,1511107200000,,,,,0,0.0,0.0,0,,1
20171121,1511193600000,,,,,0,0.0,0.0,0,,1
20171122,1511280000000,,,,,0,0.0,0.0,0,,1
20171123,1511366400000,,,,,0,0.0,0.0,0,,1
20171124,1511452800000,,,,,0,0.0,0.0,0,,1
20171127,1511712000000,,,,,0,0.0,0.0,0,,1
20171128,1511798400000,,,,,0,0.0,0.0,0,,1
20171129,1511884800000,,,,,0,0.0,0.0,0,,1
20171130,1511971200000,,,,,0,0.0,0.0,0,,1
20171201,1512057600000,,,,,0,0.0,0.0,0,,1
20171204,1512316800000,,,,,0,0.0,0.0,0,,1
20171205,1512403200000,,,,,0,0.0,0.0,0,,1
20171206,1512489600000,,,,,0,0.0,0.0,0,,1
20171207,1512576000000,,,,,0,0.0,0.0,0,,1
20171208,1512662400000,,,,,0,0.0,0.0,0,,1
20171211,1512921600000,,,,,0,0.0,0.0,0,,1
20171212,1513008000000,,,,,0,0.0,0.0,0,,1
20171213,1513094400000,,,,,0,0.0,0.0,0,,1
20171214,1513180800000,,,,,0,0.0,0.0,0,,1
20171215,1513267200000,,,,,0,0.0,0.0,0,,1
20171218,1513526400000,,,,,0,0.0,0.0,0,,1
20171219,1513612800000,,,,,0,0.0,0.0,0,,1
20171220,1513699200000,,,,,0,0.0,0.0,0,,1
20171221,1513785600000,,,,,0,0.0,0.0,0,,1
20171222,1513872000000,,,,,0,0.0,0.0,0,,1
20171225,1514131200000,,,,,0,0.0,0.0,0,,1
20171226,1514217600000,,,,,0,0.0,0.0,0,,1
20171227,1514304000000,,,,,0,0.0,0.0,0,,1
20171228,1514390400000,,,,,0,0.0,0.0,0,,1
20171229,1514476800000,,,,,0,0.0,0.0,0,,1
20180102,1514822400000,,,,,0,0.0,0.0,0,,1
20180103,1514908800000,,,,,0,0.0,0.0,0,,1
20180104,1514995200000,,,,,0,0.0,0.0,0,,1
20180105,1515081600000,,,,,0,0.0,0.0,0,,1
20180108,1515340800000,,,,,0,0.0,0.0,0,,1
20180109,1515427200000,,,,,0,0.0,0.0,0,,1
20180110,1515513600000,,,,,0,0.0,0.0,0,,1
20180111,1515600000000,,,,,0,0.0,0.0,0,,1
20180112,1515686400000,,,,,0,0.0,0.0,0,,1
20180115,1515945600000,,,,,0,0.0,0.0,0,,1
20180116,1516032000000,,,,,0,0.0,0.0,0,,1
20180117,1516118400000,,,,,0,0.0,0.0,0,,1
20180118,1516204800000,,,,,0,0.0,0.0,0,,1
20180119,1516291200000,,,,,0,0.0,0.0,0,,1
20180122,1516550400000,,,,,0,0.0,0.0,0,,1
20180123,1516636800000,,,,,0,0.0,0.0,0,,1
20180124,1516723200000,,,,,0,0.0,0.0,0,,1
20180125,1516809600000,,,,,0,0.0,0.0,0,,1
20180126,1516896000000,,,,,0,0.0,0.0,0,,1
20180129,1517155200000,,,,,0,0.0,0.0,0,,1
20180130,1517241600000,,,,,0,0.0,0.0,0,,1
20180131,1517328000000,,,,,0,0.0,0.0,0,,1
20180201,1517414400000,,,,,0,0.0,0.0,0,,1
20180202,1517500800000,,,,,0,0.0,0.0,0,,1
20180205,1517760000000,,,,,0,0.0,0.0,0,,1
20180206,1517846400000,,,,,0,0.0,0.0,0,,1
20180207,1517932800000,,,,,0,0.0,0.0,0,,1
20180208,1518019200000,,,,,0,0.0,0.0,0,,1
20180209,1518105600000,,,,,0,0.0,0.0,0,,1
20180212,1518364800000,,,,,0,0.0,0.0,0,,1
20180213,1518451200000,,,,,0,0.0,0.0,0,,1
20180214,1518537600000,,,,,0,0.0,0.0,0,,1
20180222,1519228800000,,,,,0,0.0,0.0,0,,1
20180223,1519315200000,,,,,0,0.0,0.0,0,,1
20180226,1519574400000,,,,,0,0.0,0.0,0,,1
20180227,1519660800000,,,,,0,0.0,0.0,0,,1
20180228,1519747200000,,,,,0,0.0,0.0,0,,1
20180301,1519833600000,,,,,0,0.0,0.0,0,,1
20180302,1519920000000,,,,,0,0.0,0.0,0,,1
20180305,1520179200000,,,,,0,0.0,0.0,0,,1
20180306,1520265600000,,,,,0,0.0,0.0,0,,1
20180307,1520352000000,,,,,0,0.0,0.0,0,,1
20180308,1520438400000,,,,,0,0.0,0.0,0,,1
20180309,1520524800000,,,,,0,0.0,0.0,0,,1
20180312,1520784000000,,,,,0,0.0,0.0,0,,1
20180313,1520870400000,,,,,0,0.0,0.0,0,,1
20180314,1520956800000,,,,,0,0.0,0.0,0,,1
20180315,1521043200000,,,,,0,0.0,0.0,0,,1
20180316,1521129600000,,,,,0,0.0,0.0,0,,1
20180319,1521388800000,,,,,0,0.0,0.0,0,,1
20180320,1521475200000,,,,,0,0.0,0.0,0,,1
20180321,1521561600000,,,,,0,0.0,0.0,0,,1
20180322,1521648000000,,,,,0,0.0,0.0,0,,1
20180323,1521734400000,,,,,0,0.0,0.0,0,,1
20180326,1521993600000,,,,,0,0.0,0.0,0,,1
20180327,1522080000000,,,,,0,0.0,0.0,0,,1
20180328,1522166400000,,,,,0,0.0,0.0,0,,1
20180329,1522252800000,,,,,0,0.0,0.0,0,,1
20180330,1522339200000,,,,,0,0.0,0.0,0,,1
20180402,1522598400000,,,,,0,0.0,0.0,0,,1
20180403,1522684800000,,,,,0,0.0,0.0,0,,1
20180404,1522771200000,,,,,0,0.0,0.0,0,,1
20180409,1523203200000,,,,,0,0.0,0.0,0,,1
20180410,1523289600000,,,,,0,0.0,0.0,0,,1
20180411,1523376000000,,,,,0,0.0,0.0,0,,1
20180412,1523462400000,,,,,0,0.0,0.0,0,,1
20180413,1523548800000,,,,,0,0.0,0.0,0,,1
20180416,1523808000000,,,,,0,0.0,0.0,0,,1
20180417,1523894400000,,,,,0,0.0,0.0,0,,1
20180418,1523980800000,,,,,0,0.0,0.0,0,,1
20180419,1524067200000,,,,,0,0.0,0.0,0,,1
20180420,1524153600000,,,,,0,0.0,0.0,0,,1
20180423,1524412800000,,,,,0,0.0,0.0,0,,1
20180424,1524499200000,,,,,0,0.0,0.0,0,,1
20180425,1524585600000,,,,,0,0.0,0.0,0,,1
20180426,1524672000000,,,,,0,0.0,0.0,0,,1
20180427,1524758400000,,,,,0,0.0,0.0,0,,1
20180502,1525190400000,,,,,0,0.0,0.0,0,,1
20180503,1525276800000,,,,,0,0.0,0.0,0,,1
20180504,1525363200000,,,,,0,0.0,0.0,0,,1
20180507,1525622400000,,,,,0,0.0,0.0,0,,1
20180508,1525708800000,,,,,0,0.0,0.0,0,,1
20180509,1525795200000,,,,,0,0.0,0.0,0,,1
20180510,1525881600000,,,,,0,0.0,0.0,0,,1
20180511,1525968000000,,,,,0,0.0,0.0,0,,1
20180514,1526227200000,,,,,0,0.0,0.0,0,,1
20180515,1526313600000,,,,,0,0.0,0.0,0,,1
20180516,1526400000000,,,,,0,0.0,0.0,0,,1
20180517,1526486400000,,,,,0,0.0,0.0,0,,1
20180518,1526572800000,,,,,0,0.0,0.0,0,,1
20180521,1526832000000,,,,,0,0.0,0.0,0,,1
20180522,1526918400000,,,,,0,0.0,0.0,0,,1
20180523,1527004800000,,,,,0,0.0,0.0,0,,1
20180524,1527091200000,,,,,0,0.0,0.0,0,,1
20180525,1527177600000,,,,,0,0.0,0.0,0,,1
20180528,1527436800000,,,,,0,0.0,0.0,0,,1
20180529,1527523200000,,,,,0,0.0,0.0,0,,1
20180530,1527609600000,,,,,0,0.0,0.0,0,,1
20180531,1527696000000,,,,,0,0.0,0.0,0,,1
20180601,1527782400000,,,,,0,0.0,0.0,0,,1
20180604,1528041600000,,,,,0,0.0,0.0,0,,1
20180605,1528128000000,,,,,0,0.0,0.0,0,,1
20180606,1528214400000,,,,,0,0.0,0.0,0,,1
20180607,1528300800000,,,,,0,0.0,0.0,0,,1
20180608,1528387200000,,,,,0,0.0,0.0,0,,1
20180611,1528646400000,,,,,0,0.0,0.0,0,,1
20180612,1528732800000,,,,,0,0.0,0.0,0,,1
20180613,1528819200000,,,,,0,0.0,0.0,0,,1
20180614,1528905600000,,,,,0,0.0,0.0,0,,1
20180615,1528992000000,,,,,0,0.0,0.0,0,,1
20180619,1529337600000,,,,,0,0.0,0.0,0,,1
20180620,1529424000000,,,,,0,0.0,0.0,0,,1
20180621,1529510400000,,,,,0,0.0,0.0,0,,1
20180622,1529596800000,,,,,0,0.0,0.0,0,,1
20180625,1529856000000,,,,,0,0.0,0.0,0,,1
20180626,1529942400000,,,,,0,0.0,0.0,0,,1
20180627,1530028800000,,,,,0,0.0,0.0,0,,1
20180628,1530115200000,,,,,0,0.0,0.0,0,,1
20180629,1530201600000,,,,,0,0.0,0.0,0,,1
20180702,1530460800000,,,,,0,0.0,0.0,0,,1
20180703,1530547200000,,,,,0,0.0,0.0,0,,1
20180704,1530633600000,,,,,0,0.0,0.0,0,,1
20180705,1530720000000,,,,,0,0.0,0.0,0,,1
20180706,1530806400000,,,,,0,0.0,0.0,0,,1
20180709,1531065600000,,,,,0,0.0,0.0,0,,1
20180710,1531152000000,,,,,0,0.0,0.0,0,,1
20180711,1531238400000,,,,,0,0.0,0.0,0,,1
20180712,1531324800000,,,,,0,0.0,0.0,0,,1
20180713,1531411200000,,,,,0,0.0,0.0,0,,1
20180716,1531670400000,,,,,0,0.0,0.0,0,,1
20180717,1531756800000,,,,,0,0.0,0.0,0,,1
20180718,1531843200000,,,,,0,0.0,0.0,0,,1
20180719,1531929600000,,,,,0,0.0,0.0,0,,1
20180720,1532016000000,,,,,0,0.0,0.0,0,,1
20180723,1532275200000,,,,,0,0.0,0.0,0,,1
20180724,1532361600000,,,,,0,0.0,0.0,0,,1
20180725,1532448000000,,,,,0,0.0,0.0,0,,1
20180726,1532534400000,,,,,0,0.0,0.0,0,,1
20180727,1532620800000,,,,,0,0.0,0.0,0,,1
20180730,1532880000000,,,,,0,0.0,0.0,0,,1
20180731,1532966400000,,,,,0,0.0,0.0,0,,1
20180801,1533052800000,,,,,0,0.0,0.0,0,,1
20180802,1533139200000,,,,,0,0.0,0.0,0,,1
20180803,1533225600000,,,,,0,0.0,0.0,0,,1
20180806,1533484800000,,,,,0,0.0,0.0,0,,1
20180807,1533571200000,,,,,0,0.0,0.0,0,,1
20180808,1533657600000,,,,,0,0.0,0.0,0,,1
20180809,1533744000000,,,,,0,0.0,0.0,0,,1
20180810,1533830400000,,,,,0,0.0,0.0,0,,1
20180813,1534089600000,,,,,0,0.0,0.0,0,,1
20180814,1534176000000,,,,,0,0.0,0.0,0,,1
20180815,1534262400000,,,,,0,0.0,0.0,0,,1
20180816,1534348800000,,,,,0,0.0,0.0,0,,1
20180817,1534435200000,,,,,0,0.0,0.0,0,,1
20180820,1534694400000,,,,,0,0.0,0.0,0,,1
20180821,1534780800000,,,,,0,0.0,0.0,0,,1
20180822,1534867200000,,,,,0,0.0,0.0,0,,1
20180823,1534953600000,,,,,0,0.0,0.0,0,,1
20180824,1535040000000,,,,,0,0.0,0.0,0,,1
20180827,1535299200000,,,,,0,0.0,0.0,0,,1
20180828,1535385600000,,,,,0,0.0,0.0,0,,1
20180829,1535472000000,,,,,0,0.0,0.0,0,,1
20180830,1535558400000,,,,,0,0.0,0.0,0,,1
20180831,1535644800000,,,,,0,0.0,0.0,0,,1
20180903,1535904000000,,,,,0,0.0,0.0,0,,1
20180904,1535990400000,,,,,0,0.0,0.0,0,,1
20180905,1536076800000,,,,,0,0.0,0.0,0,,1
20180906,1536163200000,,,,,0,0.0,0.0,0,,1
20180907,1536249600000,,,,,0,0.0,0.0,0,,1
20180910,1536508800000,,,,,0,0.0,0.0,0,,1
20180911,1536595200000,,,,,0,0.0,0.0,0,,1
20180912,1536681600000,,,,,0,0.0,0.0,0,,1
20180913,1536768000000,,,,,0,0.0,0.0,0,,1
20180914,1536854400000,,,,,0,0.0,0.0,0,,1
20180917,1537113600000,,,,,0,0.0,0.0,0,,1
20180918,1537200000000,,,,,0,0.0,0.0,0,,1
20180919,1537286400000,,,,,0,0.0,0.0,0,,1
20180920,1537372800000,,,,,0,0.0,0.0,0,,1
20180921,1537459200000,,,,,0,0.0,0.0,0,,1
20180925,1537804800000,,,,,0,0.0,0.0,0,,1
20180926,1537891200000,,,,,0,0.0,0.0,0,,1
20180927,1537977600000,,,,,0,0.0,0.0,0,,1
20180928,1538064000000,,,,,0,0.0,0.0,0,,1
20181008,1538928000000,,,,,0,0.0,0.0,0,,1
20181009,1539014400000,,,,,0,0.0,0.0,0,,1
20181010,1539100800000,,,,,0,0.0,0.0,0,,1
20181011,1539187200000,,,,,0,0.0,0.0,0,,1
20181012,1539273600000,,,,,0,0.0,0.0,0,,1
20181015,1539532800000,,,,,0,0.0,0.0,0,,1
20181016,1539619200000,,,,,0,0.0,0.0,0,,1
20181017,1539705600000,,,,,0,0.0,0.0,0,,1
20181018,1539792000000,,,,,0,0.0,0.0,0,,1
20181019,1539878400000,,,,,0,0.0,0.0,0,,1
20181022,1540137600000,,,,,0,0.0,0.0,0,,1
20181023,1540224000000,,,,,0,0.0,0.0,0,,1
20181024,1540310400000,,,,,0,0.0,0.0,0,,1
20181025,1540396800000,,,,,0,0.0,0.0,0,,1
20181026,1540483200000,,,,,0,0.0,0.0,0,,1
20181029,1540742400000,,,,,0,0.0,0.0,0,,1
20181030,1540828800000,,,,,0,0.0,0.0,0,,1
20181031,1540915200000,,,,,0,0.0,0.0,0,,1
20181101,1541001600000,,,,,0,0.0,0.0,0,,1
20181102,1541088000000,,,,,0,0.0,0.0,0,,1
20181105,1541347200000,,,,,0,0.0,0.0,0,,1
20181106,1541433600000,,,,,0,0.0,0.0,0,,1
20181107,1541520000000,,,,,0,0.0,0.0,0,,1
20181108,1541606400000,,,,,0,0.0,0.0,0,,1
20181109,1541692800000,,,,,0,0.0,0.0,0,,1
20181112,1541952000000,,,,,0,0.0,0.0,0,,1
20181113,1542038400000,,,,,0,0.0,0.0,0,,1
20181114,1542124800000,,,,,0,0.0,0.0,0,,1
20181115,1542211200000,,,,,0,0.0,0.0,0,,1
20181116,1542297600000,,,,,0,0.0,0.0,0,,1
20181119,1542556800000,,,,,0,0.0,0.0,0,,1
20181120,1542643200000,,,,,0,0.0,0.0,0,,1
20181121,1542729600000,,,,,0,0.0,0.0,0,,1
20181122,1542816000000,,,,,0,0.0,0.0,0,,1
20181123,1542902400000,,,,,0,0.0,0.0,0,,1
20181126,1543161600000,,,,,0,0.0,0.0,0,,1
20181127,1543248000000,,,,,0,0.0,0.0,0,,1
20181128,1543334400000,,,,,0,0.0,0.0,0,,1
20181129,1543420800000,,,,,0,0.0,0.0,0,,1
20181130,1543507200000,,,,,0,0.0,0.0,0,,1
20181203,1543766400000,,,,,0,0.0,0.0,0,,1
20181204,1543852800000,,,,,0,0.0,0.0,0,,1
20181205,1543939200000,,,,,0,0.0,0.0,0,,1
20181206,1544025600000,,,,,0,0.0,0.0,0,,1
20181207,1544112000000,,,,,0,0.0,0.0,0,,1
20181210,1544371200000,,,,,0,0.0,0.0,0,,1
20181211,1544457600000,,,,,0,0.0,0.0,0,,1
20181212,1544544000000,,,,,0,0.0,0.0,0,,1
20181213,1544630400000,,,,,0,0.0,0.0,0,,1
20181214,1544716800000,,,,,0,0.0,0.0,0,,1
20181217,1544976000000,,,,,0,0.0,0.0,0,,1
20181218,1545062400000,,,,,0,0.0,0.0,0,,1
20181219,1545148800000,,,,,0,0.0,0.0,0,,1
20181220,1545235200000,,,,,0,0.0,0.0,0,,1
20181221,1545321600000,,,,,0,0.0,0.0,0,,1
20181224,1545580800000,,,,,0,0.0,0.0,0,,1
20181225,1545667200000,,,,,0,0.0,0.0,0,,1
20181226,1545753600000,,,,,0,0.0,0.0,0,,1
20181227,1545840000000,,,,,0,0.0,0.0,0,,1
20181228,1545926400000,,,,,0,0.0,0.0,0,,1
20190102,1546358400000,,,,,0,0.0,0.0,0,,1
20190103,1546444800000,,,,,0,0.0,0.0,0,,1
20190104,1546531200000,,,,,0,0.0,0.0,0,,1
20190107,1546790400000,,,,,0,0.0,0.0,0,,1
20190108,1546876800000,,,,,0,0.0,0.0,0,,1
20190109,1546963200000,,,,,0,0.0,0.0,0,,1
20190110,1547049600000,,,,,0,0.0,0.0,0,,1
20190111,1547136000000,,,,,0,0.0,0.0,0,,1
20190114,1547395200000,,,,,0,0.0,0.0,0,,1
20190115,1547481600000,,,,,0,0.0,0.0,0,,1
20190116,1547568000000,,,,,0,0.0,0.0,0,,1
20190117,1547654400000,,,,,0,0.0,0.0,0,,1
20190118,1547740800000,,,,,0,0.0,0.0,0,,1
20190121,1548000000000,,,,,0,0.0,0.0,0,,1
20190122,1548086400000,,,,,0,0.0,0.0,0,,1
20190123,1548172800000,,,,,0,0.0,0.0,0,,1
20190124,1548259200000,,,,,0,0.0,0.0,0,,1
20190125,1548345600000,,,,,0,0.0,0.0,0,,1
20190128,1548604800000,,,,,0,0.0,0.0,0,,1
20190129,1548691200000,,,,,0,0.0,0.0,0,,1
20190130,1548777600000,,,,,0,0.0,0.0,0,,1
20190131,1548864000000,,,,,0,0.0,0.0,0,,1
20190201,1548950400000,,,,,0,0.0,0.0,0,,1
20190211,1549814400000,,,,,0,0.0,0.0,0,,1
20190212,1549900800000,,,,,0,0.0,0.0,0,,1
20190213,1549987200000,,,,,0,0.0,0.0,0,,1
20190214,1550073600000,,,,,0,0.0,0.0,0,,1
20190215,1550160000000,,,,,0,0.0,0.0,0,,1
20190218,1550419200000,,,,,0,0.0,0.0,0,,1
20190219,1550505600000,,,,,0,0.0,0.0,0,,1
20190220,1550592000000,,,,,0,0.0,0.0,0,,1
20190221,1550678400000,,,,,0,0.0,0.0,0,,1
20190222,1550764800000,,,,,0,0.0,0.0,0,,1
20190225,1551024000000,,,,,0,0.0,0.0,0,,1
20190226,1551110400000,,,,,0,0.0,0.0,0,,1
20190227,1551196800000,,,,,0,0.0,0.0,0,,1
20190228,1551283200000,,,,,0,0.0,0.0,0,,1
20190301,1551369600000,,,,,0,0.0,0.0,0,,1
20190304,1551628800000,,,,,0,0.0,0.0,0,,1
20190305,1551715200000,,,,,0,0.0,0.0,0,,1
20190306,1551801600000,,,,,0,0.0,0.0,0,,1
20190307,1551888000000,,,,,0,0.0,0.0,0,,1
20190308,1551974400000,,,,,0,0.0,0.0,0,,1
20190311,1552233600000,,,,,0,0.0,0.0,0,,1
20190312,1552320000000,,,,,0,0.0,0.0,0,,1
20190313,1552406400000,,,,,0,0.0,0.0,0,,1
20190314,1552492800000,,,,,0,0.0,0.0,0,,1
20190315,1552579200000,,,,,0,0.0,0.0,0,,1
20190318,1552838400000,,,,,0,0.0,0.0,0,,1
20190319,1552924800000,,,,,0,0.0,0.0,0,,1
20190320,1553011200000,,,,,0,0.0,0.0,0,,1
20190321,1553097600000,,,,,0,0.0,0.0,0,,1
20190322,1553184000000,,,,,0,0.0,0.0,0,,1
20190325,1553443200000,,,,,0,0.0,0.0,0,,1
20190326,1553529600000,,,,,0,0.0,0.0,0,,1
20190327,1553616000000,,,,,0,0.0,0.0,0,,1
20190328,1553702400000,,,,,0,0.0,0.0,0,,1
20190329,1553788800000,,,,,0,0.0,0.0,0,,1
20190401,1554048000000,,,,,0,0.0,0.0,0,,1
20190402,1554134400000,,,,,0,0.0,0.0,0,,1
20190403,1554220800000,,,,,0,0.0,0.0,0,,1
20190404,1554307200000,,,,,0,0.0,0.0,0,,1
20190408,1554652800000,,,,,0,0.0,0.0,0,,1
20190409,1554739200000,,,,,0,0.0,0.0,0,,1
20190410,1554825600000,,,,,0,0.0,0.0,0,,1
20190411,1554912000000,,,,,0,0.0,0.0,0,,1
20190412,1554998400000,,,,,0,0.0,0.0,0,,1
20190415,1555257600000,,,,,0,0.0,0.0,0,,1
20190416,1555344000000,16.15,19.38,16.15,19.38,326,618170.0000000001,0.0,0,13.459999999999999,0
20190417,1555430400000,21.32,21.32,21.32,21.32,161,345086.00000000006,0.0,0,19.38,0
20190418,1555516800000,23.45,23.45,23.45,23.45,338,794578.9999999999,0.0,0,21.32,0
20190419,1555603200000,25.8,25.8,25.8,25.8,782,2017973.0,0.0,0,23.45,0
20190422,1555862400000,28.38,28.38,28.38,28.38,1574,4468317.0,0.0,0,25.799999999999997,0
20190423,1555948800000,31.220000000000002,31.220000000000002,31.220000000000002,31.220000000000002,7714,24085855.0,0.0,0,28.380000000000003,0
20190424,1556035200000,33.01,34.339999999999996,32.11,34.339999999999996,282492,945512139.0000001,0.0,0,31.22,0
20190425,1556121600000,33.0,37.47,32.8,35.809999999999995,241374,840269907.0000001,0.0,0,34.339999999999996,0
20190426,1556208000000,36.2,39.39,36.2,39.39,175413,662298390.0,0.0,0,35.81,0
20190429,1556467200000,40.440000000000005,41.77,35.45,35.45,183825,687038210.0,0.0,0,39.39,0
20190430,1556553600000,35.5,38.62,35.5,36.81,154909,570865863.0000001,0.0,0,35.45,0
20190506,1557072000000,34.53,38.96,34.51,38.25,201756,749237352.0,0.0,0,36.809999999999995,0
20190507,1557158400000,38.0,40.24,36.1,39.06,186812,715970542.0,0.0,0,38.25,0
20190508,1557244800000,37.3,39.0,36.5,36.96,147445,552892759.0,0.0,0,39.06,0
20190509,1557331200000,35.91,37.5,33.26,33.32,143297,502076467.0,0.0,0,36.96,0
20190510,1557417600000,33.23,34.84,33.18,34.52,121066,410906087.0,0.0,0,33.32,0
20190513,1557676800000,33.510000000000005,34.580000000000005,33.2,33.88,72828,246985540.99999997,0.0,0,34.52,0
20190514,1557763200000,33.36,34.94,33.36,33.67,81626,279441896.0,0.0,0,33.88,0
20190515,1557849600000,33.97,35.8,33.3,35.39,105601,365733736.0,0.0,0,33.669999999999995,0
20190516,1557936000000,34.87,38.93,34.86,38.93,128918,482519972.0,0.0,0,35.39,0
20190517,1558022400000,38.0,38.47,36.35,36.72,107064,400182420.00000006,0.0,0,38.93,0
20190520,1558281600000,36.21,36.550000000000004,33.06,34.49,73777,255490931.0,0.0,0,36.72,0
20190521,1558368000000,34.49,35.440000000000005,34.410000000000004,34.50000000000001,47883,167162601.0,0.0,0,34.49,0
20190522,1558454400000,33.93,34.18,32.61,33.15,68096,226689971.0,0.0,0,34.5,0
20190523,1558540800000,32.5,32.68,31.53,31.700000000000003,49594,158857546.0,0.0,0,33.15,0
20190524,1558627200000,31.400000000000002,32.95,31.400000000000002,32.6,36463,117395355.0,0.0,0,31.700000000000003,0
20190527,1558886400000,32.699999999999996,33.669999999999995,32.26,33.01,35268,116041820.0,0.0,0,32.6,0
20190528,1558972800000,33.0,34.25,32.79,33.22,35740,120064816.00000001,0.0,0,33.01,0
20190529,1559059200000,33.199999999999996,34.449999999999996,33.01,33.8,36554,124150701.00000001,0.0,0,33.22,0
20190530,1559145600000,33.5,37.18,33.0,36.6,93693,336760320.00000006,0.0,0,33.8,0
20190531,1559232000000,36.03,39.92,35.45,37.6,117653,444295956.0,0.0,0,36.6,0
20190603,1559491200000,37.17,37.87,35.07,35.43,75147,271097214.0,0.0,0,37.6,0
20190604,1559577600000,35.620000000000005,37.2,34.81,35.440000000000005,63175,226986543.0,0.0,0,35.43,0
20190605,1559664000000,35.4,36.49,34.49,36.03,52974,188511976.00000003,0.0,0,35.440000000000005,0
20190606,1559750400000,35.5,39.63,35.02,37.02,101080,383072824.0,0.0,0,36.03,0
20190610,1560096000000,37.68,40.72,37.06,40.72,86611,339594157.0,0.0,0,37.02,0
20190611,1560182400000,42.81,44.3,39.0,41.96,146007,608950557.9999999,0.0,0,40.72,0
20190612,1560268800000,40.27,41.27,39.03,39.17,116696,467448157.0,0.0,0,41.96,0
20190613,1560355200000,38.47,40.08,38.11,39.92,70810,277558055.0,0.0,0,39.17,0
20190614,1560441600000,39.55,39.870000000000005,36.71,36.74,67578,257475751.99999997,0.0,0,39.92,0
20190617,1560700800000,36.5,37.64,36.46,37.0,34040,126096554.0,0.0,0,36.74,0
20190618,1560787200000,37.0,38.26,36.03,38.1,46722,174018182.00000003,0.0,0,36.800000000000004,0
20190619,1560873600000,38.31,39.96,38.31,39.27,59441,232687083.0,0.0,0,38.1,0
20190620,1560960000000,38.53,39.63,38.0,39.37,49227,191942318.00000003,0.0,0,39.27,0
20190621,1561046400000,39.36,40.199999999999996,38.58,38.8,46503,182698860.0,0.0,0,39.37,0
20190624,1561305600000,38.1,38.71,37.76,38.22,33429,127636396.00000001,0.0,0,38.8,0
20190625,1561392000000,38.24,40.800000000000004,38.02,40.56,84113,334796738.0,0.0,0,38.220000000000006,0
20190626,1561478400000,39.79,42.5,39.75,40.14,82027,336181635.0,0.0,0,40.56,0
20190627,1561564800000,40.5,43.55,40.0,43.55,93685,391481294.0,0.0,0,40.14,0
20190628,1561651200000,43.14,44.45,40.89,41.95,92196,392852033.0,0.0,0,43.55,0
20190701,1561910400000,42.419999999999995,46.15,41.62,46.15,89558,398369356.0,0.0,0,41.949999999999996,0
20190702,1561996800000,46.95,49.1,45.050000000000004,46.38,139206,654607786.0,0.0,0,46.150000000000006,0
20190703,1562083200000,45.15,48.699999999999996,45.01,45.339999999999996,111834,522367189.0,0.0,0,46.379999999999995,0
20190704,1562169600000,45.010000000000005,45.85,42.81,44.410000000000004,90324,396968099.0,0.0,0,45.34,0
20190705,1562256000000,44.300000000000004,46.2,44.06,46.2,76153,343064502.0,0.0,0,44.410000000000004,0
20190708,1562515200000,45.88,47.300000000000004,43.06,44.03,79848,361392417.0,0.0,0,46.2,0
20190709,1562601600000,43.39,43.940000000000005,42.06,43.150000000000006,54516,234325324.0,0.0,0,44.03,0
20190710,1562688000000,43.0,43.86,42.68,42.96,38664,166981870.0,0.0,0,43.15,0
20190711,1562774400000,43.300000000000004,43.94,42.03,42.300000000000004,43558,187241311.99999997,0.0,0,42.96,0
20190712,1562860800000,42.12,44.4,42.01,43.839999999999996,58207,252230541.00000003,0.0,0,42.3,0
20190715,1563120000000,43.330000000000005,45.830000000000005,43.31,45.03,63082,281274531.00000006,0.0,0,43.84,0
20190716,1563206400000,45.0,45.120000000000005,43.85,44.7,42802,189882901.0,0.0,0,45.03,0
20190717,1563292800000,44.3,44.5,43.4,43.8,37266,163855297.0,0.0,0,44.699999999999996,0
20190718,1563379200000,43.400000000000006,44.49,41.7,41.800000000000004,46845,202390810.99999997,0.0,0,43.800000000000004,0
20190719,1563465600000,41.269999999999996,42.29,40.12,40.98,60815,250255802.0,0.0,0,41.8,0
20190722,1563724800000,40.900000000000006,40.980000000000004,38.230000000000004,38.86000000000001,46572,182440216.0,0.0,0,40.980000000000004,0
20190723,1563811200000,38.88,39.49,38.410000000000004,39.49,23954,93648953.99999999,0.0,0,38.86000000000001,0
20190724,1563897600000,39.45,40.150000000000006,39.160000000000004,39.21,34683,137370286.0,0.0,0,39.49,0
20190725,1563984000000,39.06,41.45,38.6,41.39,62931,251627200.00000003,0.0,0,39.21,0
20190726,1564070400000,40.81,41.0,40.24,40.25,33625,136225270.0,0.0,0,41.39,0
20190729,1564329600000,40.2,40.730000000000004,40.14,40.410000000000004,18596,75160082.0,0.0,0,40.25,0
20190730,1564416000000,40.43,40.49,39.81,39.81,21080,84366816.00000001,0.0,0,40.410000000000004,0
20190731,1564502400000,39.68,39.68,38.28,38.52,30846,119945508.0,0.0,0,39.81,0
20190801,1564588800000,38.11,39.18,37.93,38.9,23094,89631799.0,0.0,0,38.52,0
20190802,1564675200000,38.15,40.12,37.0,39.69,40252,155486623.0,0.0,0,38.9,0
20190805,1564934400000,41.52,43.25,41.1,41.88,77249,324723309.0,0.0,0,39.690000000000005,0
20190806,1565020800000,41.18,44.1,40.82,43.85,69627,295006305.0,0.0,0,41.88,0
20190807,1565107200000,43.300000000000004,44.050000000000004,42.81,43.24,40244,174770061.0,0.0,0,43.85,0
20190808,1565193600000,43.22,43.9,42.78,43.76,25057,108834813.99999999,0.0,15,43.24,0
20190809,1565280000000,43.76,45.379999999999995,43.4,43.94,41840,185786383.00000003,0.0,15,43.76,0
20190812,1565539200000,43.550000000000004,44.57,42.7,44.120000000000005,25361,111201044.0,0.0,15,43.940000000000005,0
20190813,1565625600000,43.660000000000004,44.68000000000001,43.300000000000004,43.99,19691,86891857.0,0.0,15,44.120000000000005,0
20190814,1565712000000,44.63,45.8,43.18,45.58,38130,170400267.0,0.0,15,43.99,0
20190815,1565798400000,44.72,46.08,44.6,46.03,30379,137852191.0,0.0,15,45.58,0
20190816,1565884800000,45.8,47.98,45.5,45.8,41441,194905491.00000003,0.0,15,46.03,0
20190819,1566144000000,45.81,47.44,45.5,46.13,46689,216375071.0,0.0,15,45.8,0
20190820,1566230400000,45.88,46.32,44.81,44.88,32026,145376461.99999997,0.0,15,46.13,0
20190821,1566316800000,44.95,46.39,44.61,46.019999999999996,32737,148850348.0,0.0,15,44.88,0
20190822,1566403200000,45.95,45.96000000000001,44.300000000000004,44.77,26321,118346803.99999999,0.0,15,46.02,0
20190823,1566489600000,44.5,46.46,44.4,45.43,28200,128517392.0,0.0,15,44.769999999999996,0
20190826,1566748800000,44.98,46.79,44.72,46.48,29733,136911599.0,0.0,15,45.43,0
20190827,1566835200000,46.6,48.7,46.6,47.96,40884,194936824.00000003,0.0,15,46.480000000000004,0
20190828,1566921600000,47.9,48.19,46.71,47.88,32997,156220235.0,0.0,15,47.96,0
20190829,1567008000000,47.74,47.980000000000004,46.59,46.59,22629,106856428.99999999,0.0,15,47.88,0
20190830,1567094400000,46.58,47.58,45.15,45.6,28777,133682773.0,0.0,15,46.589999999999996,0
20190902,1567353600000,45.08,46.71,45.08,46.0,23264,107194643.0,0.0,15,45.6,0
20190903,1567440000000,46.010000000000005,46.42,45.2,45.82,23247,106313715.0,0.0,15,46.0,0
20190904,1567526400000,46.00000000000001,47.6,45.300000000000004,47.6,38153,177416402.00000003,0.0,15,45.82000000000001,0
20190905,1567612800000,47.86,47.86,46.54,47.3,48705,229231928.00000003,0.0,15,47.6,0
20190906,1567699200000,47.300000000000004,47.37,46.21,46.4,20886,97380049.0,0.0,15,47.300000000000004,0
20190909,1567958400000,46.55,47.44,46.01,47.44,29496,137832763.0,0.0,15,46.4,0
20190910,1568044800000,47.120000000000005,47.190000000000005,46.410000000000004,46.56,21862,102290619.0,0.0,15,47.440000000000005,0
20190911,1568131200000,46.739999999999995,47.5,46.26,46.26,24804,116159020.0,0.0,15,46.559999999999995,0
20190912,1568217600000,46.3,46.3,44.75,44.86,36436,164714626.00000003,0.0,15,46.26,0
20190916,1568563200000,45.07,45.09,44.660000000000004,44.940000000000005,11964,53681874.0,0.0,15,44.86000000000001,0
20190917,1568649600000,44.720000000000006,45.510000000000005,44.550000000000004,44.720000000000006,13112,59031637.0,0.0,15,44.940000000000005,0
20190918,1568736000000,44.77,46.59,44.68,45.7,31285,143287864.0,0.0,15,44.72,0
20190919,1568822400000,45.43,46.1,45.1,46.050000000000004,20643,94065432.0,0.0,15,45.7,0
20190920,1568908800000,46.5,48.0,45.81,47.45,41716,195982225.00000003,0.0,15,46.050000000000004,0
20190923,1569168000000,47.4,47.93,45.17,45.65,31758,147910041.0,0.0,15,47.45,0
20190924,1569254400000,45.82,46.199999999999996,45.22,45.83,18622,85205650.0,0.0,15,45.65,0
20190925,1569340800000,45.88,50.410000000000004,45.64,50.410000000000004,87555,430709125.00000006,0.0,15,45.83,0
20190926,1569427200000,49.59,50.50000000000001,47.300000000000004,48.6,63145,309704160.0,0.0,15,50.410000000000004,0
20190927,1569513600000,48.6,51.5,47.86,49.88,47272,235314959.0,0.0,15,48.6,0
20190930,1569772800000,49.88,53.46,48.64,51.980000000000004,43243,221262710.00000003,0.0,15,49.88,0
20191008,1570464000000,52.0,53.38,50.5,51.26,35157,182057971.0,0.0,15,51.98,0
20191009,1570550400000,50.6,50.63,48.75,49.9,28215,139395155.0,0.0,15,51.26,0
20191010,1570636800000,49.77,53.300000000000004,49.31,52.5,37192,190848326.0,0.0,15,49.900000000000006,0
20191011,1570723200000,52.51,55.42,51.9,52.65,36789,196121114.99999997,0.0,15,52.5,0
20191014,1570982400000,53.27,54.78,52.050000000000004,53.14000000000001,25594,136269594.0,0.0,15,52.650000000000006,0
20191015,1571068800000,52.72,54.08,52.5,53.95,18580,99382708.00000001,0.0,15,53.14,0
20191016,1571155200000,53.7,56.88,53.27,55.85,30715,170122586.00000003,0.0,15,53.95,0
20191017,1571241600000,55.50000000000001,57.510000000000005,54.910000000000004,57.510000000000005,23534,132275870.0,0.0,15,55.85,0
20191018,1571328000000,56.99,61.46,54.1,55.800000000000004,57114,333247555.0,0.0,15,57.510000000000005,0
20191021,1571587200000,55.730000000000004,55.730000000000004,51.78,52.47,51027,271234342.00000006,0.0,15,55.800000000000004,0
20191022,1571673600000,52.27,54.1,52.27,53.900000000000006,28208,150658362.0,0.0,15,52.470000000000006,0
20191023,1571760000000,53.900000000000006,55.550000000000004,53.59,53.900000000000006,26738,145637688.0,0.0,15,53.900000000000006,0
20191024,1571846400000,53.95,54.800000000000004,52.53,53.22,21879,116947529.0,0.0,15,53.9,0
20191025,1571932800000,53.53,54.65,52.67,53.75,24024,128936179.0,0.0,15,53.22,0
20191028,1572192000000,53.370000000000005,56.64,52.81,55.980000000000004,26210,143356633.0,0.0,15,53.75,0
20191029,1572278400000,50.38,50.38,50.38,50.38,9944,50097872.0,0.0,15,55.980000000000004,0
20191030,1572364800000,45.45,47.38,45.34,46.17,100562,460558917.0,0.0,15,50.38,0
20191031,1572451200000,45.75,48.33,45.0,47.43,59948,280018937.0,0.0,15,46.17,0
20191101,1572537600000,46.93,48.66,46.51,47.559999999999995,32363,154556598.99999997,0.0,15,47.43,0
20191104,1572796800000,47.65,47.75,46.53,47.31,22446,106011767.0,0.0,15,47.56,0
20191105,1572883200000,47.5,49.18,47.13,49.07,31824,153896087.0,0.0,15,47.31,0
20191106,1572969600000,48.59,48.97,48.31,48.52,18204,88337593.0,0.0,15,49.07,0
20191107,1573056000000,48.57,49.78,48.34,49.21,19230,94421378.00000001,0.0,15,48.52,0
20191108,1573142400000,49.71,50.5,48.76,49.01,20819,102844005.99999999,0.0,15,49.21,0
20191111,1573401600000,48.5,48.980000000000004,45.96,48.9,38650,182661320.0,0.0,15,49.01,0
20191112,1573488000000,48.0,48.5,47.22,47.4,18149,86635430.0,0.0,15,48.9,0
20191113,1573574400000,47.7,48.290000000000006,47.2,47.400000000000006,16565,78939785.0,0.0,15,47.400000000000006,0
20191114,1573660800000,47.68,47.940000000000005,46.63,47.300000000000004,21141,99905152.0,0.0,15,47.400000000000006,0
20191115,1573747200000,47.5,47.75,46.88,46.900000000000006,15407,72671376.0,0.0,15,47.300000000000004,0
20191118,1574006400000,46.57,47.04,45.6,46.77,16794,77772725.0,0.0,15,46.9,0
20191119,1574092800000,46.82,48.19,46.51,47.949999999999996,19071,90799294.00000001,0.0,15,46.769999999999996,0
20191120,1574179200000,47.93,48.46,47.12,47.199999999999996,13562,64767450.0,0.0,15,47.949999999999996,0
20191121,1574265600000,46.88,47.47,46.28,46.370000000000005,11137,52104579.00000001,0.0,15,47.2,0
20191122,1574352000000,46.6,46.75,42.2,43.900000000000006,33074,147992544.0,0.0,15,46.370000000000005,0
20191125,1574611200000,43.839999999999996,43.96,42.01,42.46,35414,150968550.0,0.0,15,43.9,0
20191126,1574697600000,42.5,43.96,42.5,43.62,18486,80286791.00000001,0.0,15,42.46,0
20191127,1574784000000,43.89,44.65,43.22,44.16,17250,76395193.0,0.0,15,43.62,0
20191128,1574870400000,44.0,44.49,43.03,43.730000000000004,8969,39288558.0,0.0,15,44.160000000000004,0
20191129,1574956800000,43.83,43.83,42.89,43.43,8018,34684194.00000001,0.0,15,43.730000000000004,0
20191202,1575216000000,43.34,43.9,43.07,43.5,8215,35829076.00000001,0.0,15,43.43,0
20191203,1575302400000,43.6,45.88,43.06,45.59,24056,108180240.0,0.0,15,43.5,0
20191204,1575388800000,45.18000000000001,45.870000000000005,44.410000000000004,44.690000000000005,14858,66866172.00000001,0.0,15,45.59,0
20191205,1575475200000,44.7,44.95,44.31,44.550000000000004,16133,71827348.00000001,0.0,15,44.690000000000005,0
20191206,1575561600000,44.68,45.15,44.0,44.7,13559,60435673.00000001,0.0,15,44.55,0
20191209,1575820800000,44.720000000000006,44.800000000000004,43.7,43.81,14545,64045621.00000001,0.0,15,44.7,0
20191210,1575907200000,43.699999999999996,43.8,42.87,43.55,14801,63897351.99999999,0.0,15,43.809999999999995,0
20191211,1575993600000,43.56,43.56,42.88,42.93,12087,52065720.0,0.0,15,43.550000000000004,0
20191212,1576080000000,42.93,43.55,42.76,43.309999999999995,13036,56487549.0,0.0,15,42.93,0
20191213,1576166400000,43.85,43.85,43.02,43.25,16805,72761120.0,0.0,15,43.31,0
20191216,1576425600000,43.25,43.82,42.43,43.8,21173,91306890.00000001,0.0,15,43.25,0
20191217,1576512000000,43.92,45.78,43.660000000000004,45.21,31299,141204994.0,0.0,15,43.800000000000004,0
20191218,1576598400000,45.00000000000001,45.2,44.300000000000004,44.510000000000005,17537,78235309.0,0.0,15,45.21,0
20191219,1576684800000,44.68,44.68,43.85,44.190000000000005,13283,58631745.00000001,0.0,15,44.51,0
20191220,1576771200000,44.19,44.89,44.0,44.3,9032,40207090.00000001,0.0,15,44.19,0
20191223,1577030400000,44.330000000000005,45.75000000000001,44.300000000000004,45.2,22935,104024113.0,0.0,15,44.300000000000004,0
20191224,1577116800000,44.88,45.96,44.81,45.660000000000004,18116,82491308.0,0.0,15,45.2,0
20191225,1577203200000,45.300000000000004,45.690000000000005,44.88,45.260000000000005,14215,64321886.0,0.0,15,45.660000000000004,0
20191226,1577289600000,45.15,46.15,45.0,45.93,13203,60323260.00000001,0.0,15,45.26,0
20191227,1577376000000,45.940000000000005,47.0,45.52,45.56,12986,60047555.00000001,0.0,15,45.93,0
20191230,1577635200000,45.56,45.79,44.89,45.21,14158,63972933.00000001,0.0,15,45.56,0
20191231,1577721600000,45.010000000000005,45.5,44.67,44.9,12054,54248324.00000001,0.0,15,45.21,0
20200102,1577894400000,45.01,45.87,44.82,45.58,14324,64931121.00000001,0.0,15,44.9,0
20200103,1577980800000,45.790000000000006,45.790000000000006,44.480000000000004,44.730000000000004,15548,69740692.99999999,0.0,15,45.580000000000005,0
20200106,1578240000000,44.1,44.489999999999995,43.08,43.42,24955,108765227.0,0.0,15,44.73,0
20200107,1578326400000,43.4,44.23,43.11,44.06,17279,75395788.0,0.0,15,43.42,0
20200108,1578412800000,44.2,44.2,43.1,43.190000000000005,14669,63655578.0,0.0,15,44.06,0
20200109,1578499200000,43.36,43.79,43.36,43.68,12503,54484978.0,0.0,15,43.19,0
20200110,1578585600000,43.79,44.98,43.68,44.66,20443,90847534.0,0.0,15,43.68,0
20200113,1578844800000,44.6,45.39,44.56,45.27,17726,79984278.99999999,0.0,15,44.660000000000004,0
20200114,1578931200000,45.260000000000005,45.35,44.2,44.690000000000005,16747,74792709.0,0.0,15,45.27,0
20200115,1579017600000,44.6,45.54,44.31,45.31,15440,69617072.0,0.0,15,44.690000000000005,0
20200116,1579104000000,45.21,46.0,45.0,45.08,17454,79341433.0,0.0,15,45.31,0
20200117,1579190400000,45.019999999999996,45.589999999999996,44.58,45.26,13805,62320606.00000001,0.0,15,45.08,0
20200120,1579449600000,45.5,45.99,44.9,45.25,15093,68669258.00000001,0.0,15,45.26,0
20200121,1579536000000,44.89,45.15,42.82,42.910000000000004,25941,113183318.0,0.0,15,45.25,0
20200122,1579622400000,42.980000000000004,42.980000000000004,41.56,42.24,16829,70899023.0,0.0,15,42.910000000000004,0
20200123,1579708800000,40.17,41.9,38.08,39.4,38029,150501721.00000003,0.0,15,42.239999999999995,0
20200203,1580659200000,35.46,35.46,35.46,35.46,3639,12903894.0,0.0,15,39.4,0
20200204,1580745600000,32.2,34.57,32.2,34.370000000000005,28527,96854143.99999999,0.0,15,35.46,0
20200205,1580832000000,34.5,36.37,34.4,34.74,17277,60812116.00000001,0.0,15,34.37,0
20200206,1580918400000,34.540000000000006,37.99,34.27,37.35,26539,95489470.99999999,0.0,15,34.74,0
20200207,1581004800000,37.269999999999996,38.0,36.54,37.62,17473,64960270.99999999,0.0,15,37.35,0
20200210,1581264000000,37.620000000000005,38.85,37.300000000000004,38.61000000000001,18080,68988690.0,0.0,15,37.620000000000005,0
20200211,1581350400000,38.5,39.7,38.5,39.07,14476,56627287.0,0.0,15,38.61,0
20200212,1581436800000,39.07,39.7,38.24,38.89,13157,51162337.99999999,0.0,15,39.07,0
20200213,1581523200000,38.800000000000004,39.260000000000005,37.480000000000004,37.900000000000006,19915,76013489.0,0.0,15,38.89,0
20200214,1581609600000,37.98,38.29,37.15,37.41,14018,52729750.00000001,0.0,15,37.9,0
20200217,1581868800000,37.31,39.35,37.25,39.04,18314,70773162.00000001,0.0,15,37.41,0
20200218,1581955200000,39.56,39.620000000000005,38.59,39.540000000000006,18330,71741865.0,0.0,15,39.040000000000006,0
20200219,1582041600000,39.47,40.96,39.0,40.52,36237,145566523.0,0.0,15,39.54,0
20200220,1582128000000,40.519999999999996,42.46,40.11,41.35,30700,126477153.0,0.0,15,40.519999999999996,0
20200221,1582214400000,41.48,42.78,40.4,40.8,20045,82121493.0,0.0,15,41.35,0
20200224,1582473600000,40.2,41.370000000000005,39.800000000000004,41.00000000000001,15291,61776888.0,0.0,15,40.800000000000004,0
20200225,1582560000000,40.81,41.98,40.0,41.58,20356,84204518.0,0.0,15,41.0,0
20200226,1582646400000,41.0,41.86,40.68,40.68,13606,55899527.0,0.0,15,41.58,0
20200227,1582732800000,40.68,44.75,40.68,44.75,36958,161566418.99999997,0.0,15,40.68,0
20200228,1582819200000,43.86,46.5,43.5,44.1,47366,211770067.00000003,0.0,15,44.75,0
20200302,1583078400000,44.55,46.28,43.12,45.68,32251,145116881.99999997,0.0,15,44.099999999999994,0
20200303,1583164800000,46.050000000000004,48.510000000000005,45.050000000000004,47.120000000000005,44066,206928922.0,0.0,15,45.68000000000001,0
20200304,1583251200000,46.92,48.71,46.88,47.89,21531,102394785.0,0.0,15,47.120000000000005,0
20200305,1583337600000,46.5,50.0,45.94,48.4,54166,259155234.99999997,0.0,15,47.89,0
20200306,1583424000000,47.5,48.3,45.75,45.77,33171,153924287.99999997,0.0,15,48.4,0
20200309,1583683200000,44.39,44.91,41.44,41.61,34969,149336508.0,0.0,15,45.769999999999996,0
20200310,1583769600000,41.03,43.800000000000004,40.050000000000004,43.7,32718,137579231.0,0.0,15,41.61000000000001,0
20200311,1583856000000,43.76,44.6,43.0,43.19,16900,73678359.0,0.0,15,43.7,0
20200312,1583942400000,42.5,43.8,41.61,42.35,13793,58424214.00000001,0.0,15,43.19,0
20200313,1584028800000,39.39,43.88,39.13,42.35,18068,75444251.0,0.0,15,42.35,0
20200316,1584288000000,42.67,43.49,41.32,41.5,22480,95416801.00000001,0.0,15,42.35,0
20200317,1584374400000,41.50000000000001,43.00000000000001,39.800000000000004,40.45,14107,57235565.0,0.0,15,41.50000000000001,0
20200318,1584460800000,40.75,42.18,40.28,40.63,14612,60363781.0,0.0,15,40.45,0
20200319,1584547200000,40.81,42.42,40.46,41.78,17129,71237499.0,0.0,15,40.63,0
20200320,1584633600000,42.25,43.58,41.82,43.34,15109,64508747.0,0.0,15,41.78,0
20200323,1584892800000,42.480000000000004,44.14,42.2,42.82,13290,57389557.0,0.0,15,43.34,0
20200324,1584979200000,43.22,45.64,42.83,45.58,25985,116013219.0,0.0,15,42.82,0
20200325,1585065600000,47.0,49.4,44.0,46.0,37942,172949530.00000003,0.0,15,45.58,0
20200326,1585152000000,45.2,50.06,45.0,48.98,36777,177098267.0,0.0,15,46.0,0
20200327,1585238400000,48.480000000000004,50.45,47.99,48.620000000000005,23590,115883061.0,0.0,15,48.980000000000004,0
20200330,1585497600000,48.11,49.91,47.0,47.91,19624,95173088.0,0.0,15,48.62,0
20200331,1585584000000,48.00000000000001,49.980000000000004,47.050000000000004,49.980000000000004,28450,139277166.0,0.0,15,47.910000000000004,0
20200401,1585670400000,49.53,49.66,46.69,46.919999999999995,27179,129929423.0,0.0,15,49.98,0
20200402,1585756800000,46.89,48.28,45.68,47.25,20560,97496218.0,0.0,15,46.92,0
20200403,1585843200000,47.25,48.55,46.61,46.76,22541,106982773.0,0.0,15,47.25,0
20200407,1586188800000,47.290000000000006,48.27,46.910000000000004,47.63,18714,89207330.00000001,0.0,15,46.760000000000005,0
20200408,1586275200000,47.45,50.5,46.07,49.1,31785,155441900.00000003,0.0,15,47.63,0
20200409,1586361600000,49.77,52.24,49.13,51.2,35595,180678035.99999997,0.0,15,49.1,0
20200410,1586448000000,50.85,51.88,49.0,49.43,21497,108344749.0,0.0,15,51.2,0
20200413,1586707200000,49.84,52.25,48.57,51.93,19966,102522665.0,0.0,15,49.43,0
20200414,1586793600000,51.64,54.11,51.0,51.19,29663,154450557.0,0.0,15,51.93,0
20200415,1586880000000,51.01,51.49,49.11,49.35,23066,114986309.0,0.0,15,51.19,0
20200416,1586966400000,48.300000000000004,48.89,47.7,47.93,32776,157792829.0,0.0,15,49.35,0
20200417,1587052800000,48.11,48.35,46.56,46.82,38838,183168682.99999997,0.0,15,47.93,0
20200420,1587312000000,47.07000000000001,47.470000000000006,46.480000000000004,47.230000000000004,20600,96979695.0,0.0,15,46.82000000000001,0
20200421,1587398400000,47.23,47.23,46.18,46.75,20973,97910259.0,0.0,15,47.23,0
20200422,1587484800000,46.24,48.980000000000004,46.24,48.7,47322,227324498.00000003,0.0,15,46.75,0
20200423,1587571200000,48.92,49.5,47.9,48.699999999999996,42340,207402814.0,0.0,15,48.699999999999996,0
20200424,1587657600000,49.13,49.87,48.5,48.83,27194,133738172.0,0.0,15,48.7,0
20200427,1587916800000,48.83,49.78,47.89,49.2,32008,157005581.0,0.0,15,48.83,0
20200428,1588003200000,50.0,52.5,50.0,51.5,57576,295912692.0,0.0,15,49.2,0
20200429,1588089600000,52.0,54.0,50.83,50.96,52560,276675969.0,0.0,15,51.5,0
20200430,1588176000000,52.0,52.67,50.7,51.2,30650,157910067.0,0.0,15,50.96,0
20200506,1588694400000,50.96,56.32000000000001,50.300000000000004,56.32000000000001,38508,206979252.0,0.0,15,51.2,0
20200507,1588780800000,56.32,58.5,55.22,58.39,36628,207805823.00000003,0.0,15,56.32,0
20200508,1588867200000,40.0,41.2,39.1,39.74,39082,156228041.99999997,0.0,15,40.08,0
20200511,1589126400000,39.38,39.86,38.46,38.730000000000004,36201,141213681.0,0.0,15,39.74,0
20200512,1589212800000,39.3,40.5,38.64,39.85,41901,166740156.0,0.0,15,38.730000000000004,0
20200513,1589299200000,42.0,43.84,41.84,43.84,76794,334363131.00000006,0.0,15,39.85,0
20200514,1589385600000,44.37,47.88,44.0,45.44,98735,448514734.0,0.0,15,43.84,0
20200515,1589472000000,45.5,47.16,44.69,46.48,54303,249139740.0,0.0,15,45.44,0
20200518,1589731200000,46.61,49.75,45.13,47.34,59631,281421511.00000006,0.0,15,46.480000000000004,0
20200519,1589817600000,47.300000000000004,48.290000000000006,46.2,47.2,40518,190202593.0,0.0,15,47.34,0
20200520,1589904000000,47.0,47.300000000000004,45.7,46.190000000000005,40487,188110757.0,0.0,15,47.2,0
20200521,1589990400000,46.22,46.589999999999996,45.08,45.16,40815,186429026.0,0.0,15,46.19,0
20200522,1590076800000,45.02,46.080000000000005,43.38,44.57,48247,215925830.0,0.0,15,45.160000000000004,0
20200525,1590336000000,44.599999999999994,46.019999999999996,44.37,45.739999999999995,35753,162522152.00000003,0.0,15,44.57,0
20200526,1590422400000,46.0,47.300000000000004,45.34,46.93000000000001,44001,205579430.0,0.0,15,45.74,0
20200527,1590508800000,47.0,48.0,45.45,45.82,60906,285106113.0,0.0,15,46.93,0
20200528,1590595200000,45.84,46.25,44.1,45.18,40178,181425171.0,0.0,15,45.82,0
20200529,1590681600000,45.620000000000005,49.59,45.230000000000004,48.28,58720,281567390.0,0.0,15,45.18000000000001,0
20200601,1590940800000,49.48,49.699999999999996,47.94,48.98,39303,191256215.00000003,0.0,15,48.28,0
20200602,1591027200000,48.64,48.900000000000006,45.59,46.1,54426,253940437.0,0.0,15,48.980000000000004,0
20200603,1591113600000,45.67,46.84,44.63,46.0,40128,184333277.00000003,0.0,15,46.1,0
20200604,1591200000000,46.080000000000005,49.50000000000001,46.050000000000004,49.300000000000004,53547,259900158.0,0.0,15,46.00000000000001,0
20200605,1591286400000,48.07,48.99,46.88,47.82,43599,208637213.0,0.0,15,49.300000000000004,0
20200608,1591545600000,47.980000000000004,49.85,47.300000000000004,47.690000000000005,39684,191387882.00000003,0.0,15,47.82000000000001,0
20200609,1591632000000,47.699999999999996,49.199999999999996,47.69,48.8,24289,117793384.00000001,0.0,15,47.69,0
20200610,1591718400000,49.39,50.199999999999996,48.47,49.26,37577,185199767.99999997,0.0,15,48.8,0
20200611,1591804800000,49.53,49.53,47.300000000000004,47.86000000000001,36333,175196490.0,0.0,15,49.260000000000005,0
20200612,1591891200000,46.98,49.15,46.68,48.95,26753,129345861.00000001,0.0,15,47.86,0
20200615,1592150400000,48.760000000000005,51.38,48.7,50.400000000000006,39204,196961815.0,0.0,15,48.95,0
20200616,1592236800000,51.0,54.599999999999994,50.19,54.599999999999994,40474,215488530.0,0.0,15,50.4,0
20200617,1592323200000,54.59,54.59,52.2,52.7,32183,170102617.0,0.0,15,54.6,0
20200618,1592409600000,52.4,53.55,51.9,52.61,22050,115670006.0,0.0,15,52.699999999999996,0
20200619,1592496000000,52.900000000000006,54.5,52.52,53.050000000000004,27375,146569327.0,0.0,15,52.61000000000001,0
20200622,1592755200000,53.57,53.6,51.7,52.32,25525,133833316.0,0.0,15,53.050000000000004,0
20200623,1592841600000,52.14,53.45,52.14,53.19,19242,102245618.00000001,0.0,15,52.32,0
20200624,1592928000000,53.300000000000004,53.89,52.02,53.21,22769,120035654.0,0.0,15,53.190000000000005,0
20200629,1593360000000,52.84,54.800000000000004,52.84,54.400000000000006,26619,143858502.0,0.0,15,53.21,0
20200630,1593446400000,54.38,56.6,54.120000000000005,55.580000000000005,18837,103633878.00000001,0.0,15,54.400000000000006,0
20200701,1593532800000,55.59,58.660000000000004,55.02,56.93000000000001,33355,190709515.0,0.0,15,55.580000000000005,0
20200702,1593619200000,56.37,56.95,54.5,54.8,50791,280615174.00000006,0.0,15,56.93,0
20200703,1593705600000,60.28,60.28,60.28,60.28,20347,122654248.0,0.0,15,54.8,0
20200706,1593964800000,61.25,63.88,58.6,59.65,81909,498683152.00000006,0.0,15,60.28,0
20200707,1594051200000,59.0,59.480000000000004,57.2,58.77,65524,381428432.0,0.0,15,59.650000000000006,0
20200708,1594137600000,58.0,60.98,57.51,60.199999999999996,50525,302127449.0,0.0,15,58.769999999999996,0
20200709,1594224000000,60.0,61.23,59.75,60.33,33145,200104521.0,0.0,15,60.2,0
20200710,1594310400000,60.33,61.63,59.03,61.050000000000004,44816,271512551.00000006,0.0,15,60.33,0
20200713,1594569600000,60.550000000000004,61.900000000000006,60.2,61.400000000000006,43069,263097882.0,0.0,15,61.050000000000004,0
20200714,1594656000000,61.400000000000006,61.550000000000004,57.7,59.11,51542,303463602.0,0.0,15,61.400000000000006,0
20200715,1594742400000,59.28,63.2,58.71,61.56,61438,375025134.0,0.0,15,59.11,0
20200716,1594828800000,61.48,62.0,55.4,55.4,64361,373265416.0,0.0,15,61.56,0
20200717,1594915200000,53.87,56.68,52.01,56.25,49482,271667169.0,0.0,15,55.4,0
20200720,1595174400000,56.8,56.87,53.5,54.97,47028,256637988.00000003,0.0,15,56.25,0
20200721,1595260800000,55.00000000000001,59.150000000000006,54.300000000000004,58.940000000000005,55387,318965315.0,0.0,15,54.970000000000006,0
20200722,1595347200000,58.88,60.32,57.88,58.95,34502,203351884.0,0.0,15,58.940000000000005,0
20200723,1595433600000,58.52,60.02,57.96,59.56,27258,161571377.0,0.0,15,58.95,0
20200724,1595520000000,59.56,60.8,55.86,56.0,45574,266226875.0,0.0,15,59.56,0
20200727,1595779200000,57.93,59.300000000000004,56.52,57.870000000000005,37738,218399405.0,0.0,15,56.0,0
20200728,1595865600000,59.06,61.02,57.88,59.95,48292,290012075.0,0.0,15,57.870000000000005,0
20200729,1595952000000,60.46,60.97,59.18,59.99,41542,248867478.0,0.0,15,59.95,0
20200730,1596038400000,59.99,59.99,57.27,58.1,50900,295969582.0,0.0,15,59.99,0
20200731,1596124800000,57.88,58.540000000000006,56.7,58.300000000000004,28656,165702660.0,0.0,15,58.1,0
20200803,1596384000000,58.63,58.88,57.57,58.19,28569,165515657.0,0.0,15,58.3,0
20200804,1596470400000,58.3,60.25,58.0,58.12,36415,214998574.0,0.0,15,58.19,0
20200805,1596556800000,57.53,59.580000000000005,56.88,59.53,31305,183606995.0,0.0,15,58.120000000000005,0
20200806,1596643200000,59.52,60.0,58.07,58.36,28621,168538206.99999997,0.0,15,59.53,0
20200807,1596729600000,57.57000000000001,59.36000000000001,55.660000000000004,57.00000000000001,25921,148290690.99999997,0.0,15,58.36000000000001,0
20200810,1596988800000,57.0,58.59,57.0,58.38,24555,142622490.00000003,0.0,15,57.0,0
20200811,1597075200000,58.87,59.94,57.69,58.0,30973,182637597.0,0.0,15,58.379999999999995,0
20200812,1597161600000,57.94,58.51,54.0,56.24,37014,206852632.0,0.0,15,58.0,0
20200813,1597248000000,56.5,57.44,56.19,56.769999999999996,19804,112533833.0,0.0,15,56.239999999999995,0
20200814,1597334400000,57.980000000000004,58.4,56.03,57.51,19555,112500520.0,0.0,15,56.77,0
20200817,1597593600000,58.0,60.7,57.82,60.0,53245,319008916.0,0.0,15,57.51,0
20200818,1597680000000,60.61,63.01,59.18,62.0,64881,397638230.00000006,0.0,15,60.0,0
20200819,1597766400000,61.92,63.88,61.38,62.400000000000006,56403,354565595.0,0.0,15,62.0,0
20200820,1597852800000,63.150000000000006,66.80000000000001,62.050000000000004,62.190000000000005,107249,690517383.0,0.0,15,62.400000000000006,0
20200821,1597939200000,63.46,66.94,62.54,65.27,73927,482235170.0,0.0,15,62.19,0
20200824,1598198400000,64.99,67.5,64.5,66.7,60002,398030948.0,0.0,15,65.27,0
20200825,1598284800000,67.07000000000001,69.9,66.71000000000001,69.35000000000001,55662,381872983.0,0.0,15,66.7,0
20200826,1598371200000,67.9,70.73,67.76,69.49000000000001,48235,334279949.00000006,0.0,15,69.35000000000001,0
20200827,1598457600000,70.11,71.38000000000001,69.12,69.98,44705,314614869.00000006,0.0,15,69.49000000000001,0
20200828,1598544000000,69.67,71.78,63.0,71.4,52793,368192760.00000006,0.0,15,69.98,0
20200831,1598803200000,71.57,72.17,69.0,70.18,40547,284799873.0,0.0,15,71.4,0
20200901,1598889600000,70.80000000000001,72.15,69.57000000000001,72.00000000000001,39857,284666156.0,0.0,15,70.18,0
20200902,1598976000000,71.95,74.6,71.03,74.45,40766,298549167.0,0.0,15,72.0,0
20200903,1599062400000,74.6,78.38,68.91,70.28,76160,558411012.0000001,0.0,15,74.45,0
20200904,1599148800000,66.01,69.77,63.4,65.36,65923,433491635.0,0.0,15,70.28,0
20200907,1599408000000,63.970000000000006,65.79,61.230000000000004,61.7,49244,312122505.0,0.0,15,65.36,0
20200908,1599494400000,61.89,62.76,59.39,61.39,47491,288539290.0,0.0,15,61.7,0
20200909,1599580800000,60.66,60.839999999999996,57.01,57.76,45400,265112870.0,0.0,15,61.39,0
20200910,1599667200000,59.25,59.83,56.0,56.3,50581,291812862.0,0.0,15,57.76,0
20200911,1599753600000,55.74,58.29,55.74,58.150000000000006,46230,265909106.0,0.0,15,56.300000000000004,0
20200914,1600012800000,58.9,62.35,58.18,61.9,69788,422462000.0,0.0,15,58.15,0
20200915,1600099200000,61.3,67.25999999999999,61.19,66.82,66310,428315742.00000006,0.0,15,61.9,0
20200916,1600185600000,66.24000000000001,66.59,61.67,62.0,53561,337692045.0,0.0,15,66.82000000000001,0
20200917,1600272000000,62.61,62.83,57.5,61.36,56430,338288987.00000006,0.0,15,62.0,0
20200918,1600358400000,61.37,62.49,59.5,60.43,44726,272095260.0,0.0,15,61.36,0
20200921,1600617600000,61.67,63.52,60.050000000000004,62.68000000000001,42790,264561722.00000003,0.0,15,60.43000000000001,0
20200922,1600704000000,61.27,63.980000000000004,60.53,62.78,40335,253624442.0,0.0,15,62.68,0
20200923,1600790400000,63.08,65.4,61.6,64.35,40719,260412819.0,0.0,15,62.78,0
20200924,1600876800000,64.88,66.0,62.11,63.5,35010,222404121.0,0.0,15,64.35,0
20200925,1600963200000,64.12,65.49,63.6,63.77,31893,205947503.0,0.0,15,63.5,0
20200928,1601222400000,64.35,65.27,62.58,63.25,22068,140459805.00000003,0.0,15,63.769999999999996,0
20200929,1601308800000,63.220000000000006,65.56,61.620000000000005,64.80000000000001,36894,235742485.0,0.0,15,63.25000000000001,0
20200930,1601395200000,65.42,68.0,64.4,65.60000000000001,37809,250080950.00000003,0.0,15,64.80000000000001,0
20201009,1602172800000,66.5,67.0,63.63,64.8,43178,279358102.0,0.0,15,65.60000000000001,0
20201012,1602432000000,65.0,68.44,64.98,67.97,41333,276982401.0,0.0,15,64.8,0
20201013,1602518400000,68.36,68.92,67.2,67.68,23382,158806187.0,0.0,15,67.97,0
20201014,1602604800000,67.62,71.48,67.2,71.0,32563,228655362.0,0.0,15,67.68,0
20201015,1602691200000,71.0,71.6,68.94,71.25,25173,177219487.00000003,0.0,15,71.0,0
20201016,1602777600000,70.01,71.26,68.85000000000001,70.78000000000002,22850,159895527.0,0.0,15,71.25000000000001,0
20201019,1603036800000,70.27,70.77,67.0,68.5,31934,218199414.00000003,0.0,15,70.78,0
20201020,1603123200000,68.00999999999999,70.88,66.35,70.85,28979,200765475.0,0.0,15,68.5,0
20201021,1603209600000,70.80000000000001,72.50000000000001,69.57000000000001,70.85000000000001,26280,185502692.0,0.0,15,70.85000000000001,0
20201022,1603296000000,71.74000000000001,71.74000000000001,68.2,70.85000000000001,20003,140171925.0,0.0,15,70.85000000000001,0
20201023,1603382400000,67.8,70.87,66.5,67.5,40121,275537759.00000006,0.0,15,70.85,0
20201026,1603641600000,67.65,67.65,63.81,66.15,29091,191285840.00000003,0.0,15,67.5,0
20201027,1603728000000,66.82,68.45,65.86,66.95,25647,171988616.00000003,0.0,15,66.15,0
20201028,1603814400000,66.89,67.96,66.5,67.58,18938,127554749.0,0.0,15,66.95,0
20201029,1603900800000,67.50000000000001,69.94000000000001,66.46000000000001,69.80000000000001,35347,242938853.00000003,0.0,15,67.58000000000001,0
20201030,1603987200000,69.73,69.8,64.61,65.4,35653,237060269.0,0.0,15,69.8,0
20201102,1604246400000,66.0,66.84,64.51,65.30000000000001,25280,166126696.0,0.0,15,65.4,0
20201103,1604332800000,65.46,65.88,64.63,65.31,15998,104370828.0,0.0,15,65.3,0
20201104,1604419200000,65.25,66.6,64.0,66.11,24337,158369858.0,0.0,15,65.31,0
20201105,1604505600000,66.5,68.88000000000001,65.7,68.68,28469,192089989.0,0.0,15,66.11,0
20201106,1604592000000,68.75,69.82,65.6,67.0,30045,202586318.0,0.0,15,68.67999999999999,0
20201109,1604851200000,66.8,67.56,66.0,67.42,27632,184798350.0,0.0,15,67.0,0
20201110,1604937600000,66.8,67.25,65.41,65.72,28037,185627106.0,0.0,15,67.42,0
20201111,1605024000000,65.67999999999999,67.14999999999999,64.8,65.24,26875,177812347.0,0.0,15,65.72,0
20201112,1605110400000,65.24000000000001,66.3,63.88,64.19,22974,148604557.0,0.0,15,65.24000000000001,0
20201113,1605196800000,63.879999999999995,64.67999999999999,62.33,62.989999999999995,21996,139194573.0,0.0,15,64.19,0
20201116,1605456000000,62.5,63.19,60.83,62.67,28774,178562565.0,0.0,15,62.989999999999995,0
20201117,1605542400000,62.800000000000004,63.31,61.2,61.7,22606,140309140.0,0.0,15,62.67,0
20201118,1605628800000,61.7,62.6,60.800000000000004,61.400000000000006,16998,104355637.99999999,0.0,15,61.7,0
20201119,1605715200000,60.98,62.49,59.5,62.03,16863,103582009.0,0.0,15,61.4,0
20201120,1605801600000,62.21,63.2,61.45,63.09,19937,124983668.0,0.0,15,62.03,0
20201123,1606060800000,62.98,63.3,61.75,62.01,15647,97432253.0,0.0,15,63.09,0
20201124,1606147200000,62.39,62.620000000000005,60.77,61.330000000000005,12166,74578109.0,0.0,15,62.010000000000005,0
20201125,1606233600000,61.61,61.730000000000004,58.46,59.85,23820,142064002.00000003,0.0,15,61.33,0
20201126,1606320000000,59.37,60.98,58.4,60.5,20824,124920714.0,0.0,15,59.85,0
20201127,1606406400000,60.940000000000005,60.940000000000005,59.7,60.68,13045,78775557.0,0.0,15,60.5,0
20201130,1606665600000,60.26,60.26,58.5,58.8,26483,156674467.0,0.0,15,60.68,0
20201201,1606752000000,59.61,61.88,59.0,61.3,25299,153889616.00000003,0.0,15,58.8,0
20201202,1606838400000,63.00000000000001,65.0,61.730000000000004,62.900000000000006,37844,238993417.0,0.0,15,61.300000000000004,0
20201203,1606924800000,63.07,64.5,62.31,63.27,23476,148918777.0,0.0,15,62.900000000000006,0
20201204,1607011200000,63.06,67.88,63.06,67.34,50043,330443324.0,0.0,15,63.27,0
20201207,1607270400000,67.87,69.44,67.36,68.1,39889,272306180.0,0.0,15,67.34,0
20201208,1607356800000,68.88,69.0,66.53,68.0,31394,212450548.0,0.0,15,68.1,0
20201209,1607443200000,68.88,70.32,66.8,68.7,24091,166558163.99999997,0.0,15,68.0,0
20201210,1607529600000,68.22,70.0,67.73,69.55,25015,173534541.0,0.0,15,68.7,0
20201211,1607616000000,69.88,70.3,68.41,68.41,28243,196488102.0,0.0,15,69.55,0
20201214,1607875200000,69.66,72.88,69.0,72.43,33999,242762823.0,0.0,15,68.41,0
20201215,1607961600000,72.63,72.8,70.78,72.0,22644,162609365.0,0.0,15,72.43,0
20201216,1608048000000,71.97,72.64999999999999,70.69,71.81,21175,151583215.0,0.0,15,72.0,0
20201217,1608134400000,71.81,73.71000000000001,71.2,71.5,26946,194785549.0,0.0,15,71.81,0
20201218,1608220800000,70.07000000000001,71.25000000000001,69.10000000000001,70.37,26511,186115741.0,0.0,15,71.50000000000001,0
20201221,1608480000000,70.80000000000001,72.34,69.71000000000001,71.25000000000001,18279,130260507.0,0.0,15,70.37,0
20201222,1608566400000,71.21000000000001,72.2,69.7,69.7,19456,137027202.0,0.0,15,71.25,0
20201223,1608652800000,70.69,73.0,70.59,71.99000000000001,22808,164280128.00000003,0.0,15,69.7,0
20201224,1608739200000,72.2,72.99,69.3,69.38,24415,172453771.0,0.0,15,71.99,0
20201225,1608825600000,69.63,70.8,68.83,69.1,21818,152429112.0,0.0,15,69.38,0
20201228,1609084800000,69.87,71.71,69.0,71.2,26876,190422674.0,0.0,15,69.1,0
20201229,1609171200000,71.29,73.2,70.87,71.35000000000001,26291,188917561.0,0.0,15,71.2,0
20201230,1609257600000,71.25,76.0,71.13,76.0,45622,339582717.0,0.0,15,71.35,0
20201231,1609344000000,77.23,82.24,75.5,82.24,51730,406648786.0,0.0,15,76.0,0
20210104,1609689600000,81.85,81.85,74.02,76.47999999999999,72832,550129340.0000001,0.0,15,82.24,0
20210105,1609776000000,74.06,76.03999999999999,71.58,74.35,57135,420614102.0,0.0,15,76.48,0
20210106,1609862400000,74.37,79.39,74.37,78.33,50527,389857160.00000006,0.0,15,74.35000000000001,0
20210107,1609948800000,77.77,78.28,73.64,74.97,37336,281143072.0,0.0,15,78.33,0
20210108,1610035200000,75.7,76.8,73.36,74.88,32248,241323365.0,0.0,15,74.97,0
20210111,1610294400000,74.01,74.48,67.39,67.58,57428,399120204.0,0.0,15,74.88,0
20210112,1610380800000,67.0,70.83,66.5,69.8,55069,382243664.0,0.0,15,67.58,0
20210113,1610467200000,69.81,70.86,68.56,70.0,32559,227112781.00000003,0.0,15,69.8,0
20210114,1610553600000,69.58,70.27,66.8,69.11999999999999,26582,182766561.0,0.0,15,70.0,0
20210115,1610640000000,69.68,69.68,66.11,67.06,31943,214895897.00000003,0.0,15,69.12,0
20210118,1610899200000,67.5,69.66000000000001,66.51,68.62,29094,199995660.0,0.0,15,67.06,0
20210119,1610985600000,67.99,69.28,66.22,66.6,33716,227327371.00000003,0.0,15,68.62,0
20210120,1611072000000,66.42999999999999,67.67,65.11,66.52,35206,233544049.0,0.0,15,66.6,0
20210121,1611158400000,66.59,72.44,66.55,71.86,54996,385822115.0,0.0,15,66.52,0
20210122,1611244800000,64.67,65.3,64.67,64.67,67535,436837196.0,0.0,15,71.86,0
20210125,1611504000000,64.71000000000001,65.08,61.660000000000004,62.50000000000001,128305,808289342.0,0.0,15,64.67,0
20210126,1611590400000,62.48,64.6,61.33,62.8,64452,408431921.99999994,0.0,15,62.5,0
20210127,1611676800000,63.48,66.53999999999999,63.01,64.64,58517,376576037.99999994,0.0,15,62.8,0
20210128,1611763200000,62.93,64.0,61.63,61.650000000000006,45305,283712364.0,0.0,15,64.64,0
20210129,1611849600000,62.0,63.1,60.6,61.7,37630,232752138.0,0.0,15,61.65,0
20210201,1612108800000,61.870000000000005,62.43,59.88,60.190000000000005,37997,231317719.00000003,0.0,15,61.7,0
20210202,1612195200000,60.35,64.9,59.58,64.49,64403,405290336.0,0.0,15,60.19,0
20210203,1612281600000,65.0,65.14,63.5,64.19,31133,199659216.0,0.0,15,64.49,0
20210204,1612368000000,63.760000000000005,65.89,62.42,63.28,29683,190150568.0,0.0,15,64.19,0
20210205,1612454400000,63.300000000000004,68.88,63.1,67.2,68713,459809801.0,0.0,15,63.28,0
20210208,1612713600000,67.72999999999999,68.82,66.1,67.69999999999999,39000,263107091.0,0.0,15,67.19999999999999,0
20210209,1612800000000,68.0,70.26,66.48,69.52000000000001,44522,307364545.00000006,0.0,15,67.7,0
20210210,1612886400000,69.89999999999999,70.67,68.52,70.16,37021,259034234.0,0.0,15,69.52,0
20210218,1613577600000,70.16,72.0,64.64,65.72,47350,318239477.0,0.0,15,70.16,0
20210219,1613664000000,65.44,65.99,62.0,63.58,38758,246040340.99999997,0.0,15,65.72,0
20210222,1613923200000,63.56,63.7,62.21,62.38,30463,191235250.0,0.0,15,63.58,0
20210223,1614009600000,61.760000000000005,63.400000000000006,61.2,61.46,24694,152771996.0,0.0,15,62.38,0
20210224,1614096000000,61.04,61.589999999999996,59.58,59.989999999999995,28085,169266922.0,0.0,15,61.46,0
20210225,1614182400000,60.0,60.66,58.01,58.61,26950,158755982.0,0.0,15,59.989999999999995,0
20210226,1614268800000,57.57,58.66,56.58,57.14,22153,127021477.0,0.0,15,58.61,0
20210301,1614528000000,57.510000000000005,58.22,56.06,56.53,36267,206427103.00000003,0.0,15,57.14,0
20210302,1614614400000,56.7,57.00000000000001,56.300000000000004,56.61000000000001,19075,107988123.0,0.0,15,56.53,0
20210303,1614700800000,56.50000000000001,58.2,55.910000000000004,57.650000000000006,23700,135751303.0,0.0,15,56.61000000000001,0
20210304,1614787200000,57.75,57.75,55.0,55.75,20669,115718726.99999999,0.0,15,57.65,0
20210305,1614873600000,54.95,55.18,53.2,53.77,30228,163071443.00000003,0.0,15,55.75,0
20210308,1615132800000,54.22,55.19,50.0,50.13,34232,179105230.0,0.0,15,53.77,0
20210309,1615219200000,49.4,50.1,46.58,46.6,57467,275282782.0,0.0,15,50.129999999999995,0
20210310,1615305600000,47.6,48.26,46.64,46.9,34050,161003906.0,0.0,15,46.6,0
20210311,1615392000000,47.27,50.910000000000004,46.910000000000004,49.95,42946,211353015.0,0.0,15,46.900000000000006,0
20210312,1615478400000,49.82,50.050000000000004,48.59,48.89,29327,143910984.99999997,0.0,15,49.95,0
20210315,1615737600000,48.410000000000004,48.99,46.82,47.36,20261,96684658.0,0.0,15,48.89,0
20210316,1615824000000,47.71,48.35,45.45,45.71,50363,232693396.0,0.0,15,47.36,0
20210317,1615910400000,46.050000000000004,46.28,44.660000000000004,45.86000000000001,33245,151867175.0,0.0,15,45.71,0
20210318,1615996800000,46.22,46.64,45.26,45.8,34282,157552280.0,0.0,15,45.86,0
20210319,1616083200000,45.21,45.7,44.35,44.67,32565,146424720.00000003,0.0,15,45.800000000000004,0
20210322,1616342400000,44.7,46.040000000000006,44.300000000000004,45.120000000000005,32060,144399301.0,0.0,15,44.67,0
20210323,1616428800000,45.230000000000004,45.540000000000006,43.63,44.31,31645,140731343.99999997,0.0,15,45.120000000000005,0
20210324,1616515200000,44.050000000000004,46.75,43.78,45.34,68242,309734973.0,0.0,15,44.31,0
20210325,1616601600000,44.900000000000006,48.38,44.27,47.650000000000006,59767,279671714.99999994,0.0,15,45.34,0
20210326,1616688000000,47.449999999999996,49.26,47.04,48.91,46998,227323436.00000003,0.0,15,47.65,0
20210329,1616947200000,48.8,51.269999999999996,48.51,49.29,46752,232839553.0,0.0,15,48.91,0
20210330,1617033600000,49.38,49.93,49.0,49.3,22412,110620202.0,0.0,15,49.29,0
20210331,1617120000000,48.48,48.8,46.72,48.339999999999996,57413,274111645.0,0.0,15,49.3,0
20210401,1617206400000,48.6,49.339999999999996,48.11,48.23,22650,109812838.0,0.0,15,48.339999999999996,0
20210402,1617292800000,48.28,49.21,47.01,47.22,42839,204810702.0,0.0,15,48.23,0
20210406,1617638400000,47.8,47.9,46.51,47.199999999999996,30124,141876870.0,0.0,15,47.22,0
20210407,1617724800000,47.230000000000004,47.25,45.42,46.32,36064,166184194.0,0.0,15,47.2,0
20210408,1617811200000,46.400000000000006,46.400000000000006,45.2,45.400000000000006,37819,173207805.0,0.0,15,46.32,0
20210409,1617897600000,45.330000000000005,45.75,44.56,44.650000000000006,24528,109996966.0,0.0,15,45.400000000000006,0
20210412,1618156800000,44.7,44.93,43.38,43.6,25297,111488450.0,0.0,15,44.650000000000006,0
20210413,1618243200000,43.58,44.45,42.53,42.79,24514,106198993.00000001,0.0,15,43.6,0
20210414,1618329600000,42.56,43.2,42.21,42.95,25193,107649930.0,0.0,15,42.79,0
20210415,1618416000000,42.78,42.9,42.01,42.33,20440,86428761.0,0.0,15,42.949999999999996,0
20210416,1618502400000,42.35,42.81,40.88,42.64,42323,177369934.0,0.0,15,42.330000000000005,0
20210419,1618761600000,42.88,43.79,42.11,43.76,32214,139229693.0,0.0,15,42.64,0
20210420,1618848000000,43.75000000000001,44.690000000000005,43.300000000000004,44.150000000000006,33398,147270434.0,0.0,15,43.760000000000005,0
20210421,1618934400000,44.2,46.5,44.2,45.92,47569,215794153.0,0.0,15,44.150000000000006,0
20210422,1619020800000,45.6,46.15,44.4,46.06,38221,172553270.99999997,0.0,15,45.92,0
20210423,1619107200000,45.8,45.8,44.43,44.48,29989,134173175.99999999,0.0,15,46.06,0
20210426,1619366400000,44.089999999999996,45.04,43.47,43.519999999999996,36092,159003142.0,0.0,15,44.48,0
20210427,1619452800000,43.42,43.78,42.5,42.98,31235,134177096.00000001,0.0,15,43.52,0
20210428,1619539200000,42.28,47.28,42.28,46.35,95821,436224361.0,0.0,15,42.980000000000004,0
20210429,1619625600000,47.0,47.230000000000004,44.88,44.96,64388,293947205.0,0.0,15,46.35,0
20210430,1619712000000,44.9,45.04,43.11,44.0,39647,173709231.0,0.0,15,44.96,0
20210506,1620230400000,43.93,45.45,42.75,44.8,41890,184499722.00000003,0.0,15,44.0,0
20210507,1620316800000,44.32,44.79,42.79,42.9,42529,184113207.00000003,0.0,15,44.8,0
20210510,1620576000000,42.41,42.64,40.51,40.739999999999995,43240,178504898.00000003,0.0,15,42.9,0
20210511,1620662400000,40.19,41.65,39.9,40.08,35447,143372593.0,0.0,15,40.74,0
20210512,1620748800000,40.14,41.690000000000005,38.7,41.46,46356,186492268.0,0.0,15,40.080000000000005,0
20210513,1620835200000,40.9,41.82,40.53,41.71,19948,82489897.00000001,0.0,15,41.46,0
20210514,1620921600000,42.00000000000001,45.49,41.800000000000004,44.260000000000005,60363,264468116.0,0.0,15,41.71,0
20210517,1621180800000,45.0,46.61,44.58,45.5,59655,271978221.00000006,0.0,15,44.26,0
20210518,1621267200000,46.15,46.97,44.71,46.79,43835,201292554.0,0.0,15,45.5,0
20210519,1621353600000,46.87,47.44,45.5,45.7,31248,144859130.00000003,0.0,15,46.79,0
20210520,1621440000000,46.01,46.599999999999994,45.69,46.199999999999996,23452,108274170.0,0.0,15,45.699999999999996,0
20210521,1621526400000,46.2,46.28,44.300000000000004,44.88,34589,155565446.0,0.0,15,46.2,0
20210524,1621785600000,37.9,37.97,36.32,37.58,32647,122284095.00000001,0.0,15,37.19,0
20210525,1621872000000,37.57,38.300000000000004,36.660000000000004,38.120000000000005,46840,176148691.0,0.0,15,37.580000000000005,0
20210526,1621958400000,38.480000000000004,38.58,37.1,37.2,38245,143967313.99999997,0.0,15,38.120000000000005,0
20210527,1622044800000,37.0,38.47,36.93,38.0,40633,154204011.0,0.0,15,37.2,0
20210528,1622131200000,38.120000000000005,38.25000000000001,36.410000000000004,36.730000000000004,50986,189467319.0,0.0,15,38.00000000000001,0
20210531,1622390400000,36.71,36.71,35.6,36.13,51312,184995408.0,0.0,15,36.730000000000004,0
20210601,1622476800000,36.269999999999996,37.4,35.86,36.7,61069,223737290.00000003,0.0,15,36.13,0
20210602,1622563200000,36.7,36.99,35.5,35.54,53512,193211494.0,0.0,15,36.7,0
20210603,1622649600000,35.32,36.05,34.5,34.72,51653,182037187.0,0.0,15,35.54,0
20210604,1622736000000,34.5,34.980000000000004,33.56,33.64,66764,227720289.0,0.0,15,34.72,0
20210607,1622995200000,33.699999999999996,33.99,32.15,32.699999999999996,93534,306551729.00000006,0.0,15,33.64,0
20210608,1623081600000,32.6,32.67,29.43,29.44,191449,582453569.0,0.0,15,32.7,0
20210609,1623168000000,29.43,29.45,28.73,28.89,100827,292855424.0,0.0,15,29.44,0
20210610,1623254400000,29.14,29.279999999999998,28.38,28.5,98075,282627749.0,0.0,15,28.89,0
20210611,1623340800000,28.41,29.38,28.18,28.45,88477,254295913.99999997,0.0,15,28.5,0
20210615,1623686400000,28.29,28.45,27.25,28.41,76814,214231596.99999997,0.0,15,28.45,0
20210616,1623772800000,28.42,29.55,27.85,28.130000000000003,125809,361533710.0,0.0,15,28.41,0
20210617,1623859200000,27.990000000000002,28.880000000000003,27.62,27.880000000000003,76900,215954143.0,0.0,15,28.130000000000003,0
20210618,1623945600000,27.99,28.53,27.41,28.52,64491,180822366.0,0.0,15,27.88,0
20210621,1624204800000,28.4,28.85,28.02,28.29,46384,131526181.0,0.0,15,28.52,0
20210622,1624291200000,28.200000000000003,28.590000000000003,27.830000000000002,28.55,53910,152678232.0,0.0,15,28.290000000000003,0
20210623,1624377600000,28.49,28.6,28.0,28.08,44343,124992195.0,0.0,15,28.55,0
20210624,1624464000000,28.03,30.08,27.34,29.53,121410,347891873.0,0.0,15,28.08,0
20210625,1624550400000,29.21,29.3,28.7,29.009999999999998,73598,213454062.0,0.0,15,29.53,0
20210628,1624809600000,29.19,29.23,28.490000000000002,28.55,45301,129981216.0,0.0,15,29.01,0
20210629,1624896000000,28.5,28.95,28.09,28.69,46177,131942763.0,0.0,15,28.55,0
20210630,1624982400000,28.580000000000002,29.69,28.3,29.43,62579,181735700.99999997,0.0,15,28.69,0
20210701,1625068800000,30.0,32.37,29.73,32.37,123359,389552394.99999994,0.0,15,29.43,0
20210702,1625155200000,32.480000000000004,34.720000000000006,32.480000000000004,32.92,203510,678898299.0,0.0,15,32.370000000000005,0
20210705,1625414400000,32.43,35.0,31.48,33.75,140468,471601740.0,0.0,15,32.92,0
20210706,1625500800000,34.08,34.5,31.5,32.16,111273,360244559.0,0.0,15,33.75,0
20210707,1625587200000,32.01,32.36,31.2,31.55,72212,228476140.0,0.0,15,32.16,0
20210708,1625673600000,31.3,32.2,30.5,31.86,92595,290421274.00000006,0.0,15,31.55,0
20210709,1625760000000,31.16,32.4,31.03,31.080000000000002,57118,179158872.0,0.0,15,31.86,0
20210712,1626019200000,30.87,31.56,30.5,31.23,49322,153555167.00000003,0.0,15,31.08,0
20210713,1626105600000,31.05,32.79,30.89,32.76,82102,263854715.0,0.0,15,31.23,0
20210714,1626192000000,32.3,32.75,31.84,32.29,51989,167593983.0,0.0,15,32.76,0
20210715,1626278400000,32.05,32.65,31.43,31.9,44700,142780935.0,0.0,15,32.29,0
20210716,1626364800000,31.840000000000003,31.990000000000002,30.92,31.3,47655,148942160.0,0.0,15,31.900000000000002,0
20210719,1626624000000,30.82,31.110000000000003,28.240000000000002,28.8,108235,315897013.0,0.0,15,31.3,0
20210720,1626710400000,28.48,29.1,28.400000000000002,28.8,34188,98115459.0,0.0,15,28.8,0
20210721,1626796800000,28.97,29.75,28.73,29.31,33819,98881876.0,0.0,15,28.8,0
20210722,1626883200000,29.310000000000002,29.78,28.48,28.67,44325,127737585.0,0.0,15,29.310000000000002,0
20210723,1626969600000,28.6,28.67,27.91,28.01,36456,102476659.00000001,0.0,15,28.67,0
20210726,1627228800000,28.009999999999998,28.009999999999998,26.2,26.5,70473,188498976.0,0.0,15,28.009999999999998,0
20210727,1627315200000,26.35,26.8,25.0,25.3,61292,157766420.0,0.0,15,26.5,0
20210728,1627401600000,24.79,25.22,23.0,23.97,68477,166001761.0,0.0,15,25.3,0
20210729,1627488000000,24.3,24.85,24.28,24.43,35254,86383923.00000001,0.0,15,23.970000000000002,0
20210730,1627574400000,24.42,24.98,23.75,24.8,47322,114730906.0,0.0,15,24.43,0
20210802,1627833600000,24.84,25.75,23.81,25.7,73922,184188534.0,0.0,15,24.799999999999997,0
20210803,1627920000000,25.12,26.3,25.12,25.55,55147,142133034.00000003,0.0,15,25.7,0
20210804,1628006400000,25.55,25.68,25.02,25.11,37490,94459939.00000001,0.0,15,25.55,0
20210805,1628092800000,24.96,25.46,24.52,24.64,41715,103636023.0,0.0,15,25.11,0
20210806,1628179200000,24.61,24.61,23.95,24.099999999999998,39273,94923858.0,0.0,15,24.64,0
20210809,1628438400000,24.12,26.51,24.12,26.51,96680,248366050.00000003,0.0,15,24.1,0
20210810,1628524800000,26.68,28.18,25.88,27.88,133462,361451492.0,0.0,15,26.509999999999998,0
20210811,1628611200000,27.35,28.500000000000004,26.990000000000002,27.1,76732,211539498.0,0.0,15,27.880000000000003,0
20210812,1628697600000,26.8,27.400000000000002,25.580000000000002,25.630000000000003,98121,256316625.0,0.0,15,27.1,0
20210813,1628784000000,25.63,26.330000000000002,25.3,25.810000000000002,53292,137733742.0,0.0,15,25.63,0
20210816,1629043200000,25.869999999999997,26.49,25.29,25.73,64337,166451535.0,0.0,15,25.81,0
20210817,1629129600000,25.73,25.73,24.8,24.900000000000002,51472,129620977.00000001,0.0,15,25.73,0
20210818,1629216000000,24.79,24.9,24.18,24.3,53471,130510712.00000001,0.0,15,24.9,0
20210819,1629302400000,24.310000000000002,24.98,24.05,24.11,52115,127191368.0,0.0,15,24.3,0
20210820,1629388800000,24.13,24.25,23.11,23.259999999999998,48397,113169051.0,0.0,15,24.11,0
20210823,1629648000000,23.31,23.65,23.16,23.53,39955,93859866.0,0.0,15,23.26,0
20210824,1629734400000,23.53,24.03,23.35,23.62,44551,105243478.0,0.0,15,23.53,0
20210825,1629820800000,23.400000000000002,24.09,23.23,23.57,39892,94499725.00000001,0.0,15,23.62,0
20210826,1629907200000,23.46,25.02,23.03,24.09,112350,271252410.0,0.0,15,23.57,0
20210827,1629993600000,24.0,24.0,23.3,23.32,51323,120716298.00000001,0.0,15,24.09,0
20210830,1630252800000,23.32,23.450000000000003,21.21,22.04,90997,202005668.0,0.0,15,23.32,0
20210831,1630339200000,19.94,21.3,19.900000000000002,21.17,102076,209150078.0,0.0,15,22.040000000000003,0
20210901,1630425600000,21.43,21.65,20.48,21.35,63238,133552041.0,0.0,15,21.17,0
20210902,1630512000000,21.099999999999998,21.36,20.47,20.82,55378,115362344.99999999,0.0,15,21.349999999999998,0
20210903,1630598400000,20.779999999999998,21.33,20.54,21.099999999999998,47596,100091905.0,0.0,15,20.82,0
20210906,1630857600000,21.1,21.75,20.8,21.48,45802,98072021.0,0.0,15,21.1,0
20210907,1630944000000,21.36,21.7,21.22,21.58,41536,89282911.0,0.0,15,21.48,0
20210908,1631030400000,21.78,21.860000000000003,21.35,21.68,36089,77973777.99999999,0.0,15,21.580000000000002,0
20210909,1631116800000,21.68,21.94,21.53,21.75,37078,80593167.00000001,0.0,15,21.68,0
20210910,1631203200000,21.76,21.76,21.32,21.54,46461,99853056.0,0.0,15,21.75,0
20210913,1631462400000,21.540000000000003,21.75,21.35,21.39,30736,66066919.0,0.0,15,21.540000000000003,0
20210914,1631548800000,21.48,21.74,21.02,21.08,31954,68225017.0,0.0,15,21.39,0
20210915,1631635200000,21.08,21.08,20.34,20.79,36918,76179411.0,0.0,15,21.08,0
20210916,1631721600000,20.700000000000003,21.490000000000002,20.6,21.1,48303,102264647.0,0.0,15,20.790000000000003,0
20210917,1631808000000,21.26,21.28,20.5,20.94,31585,65677980.00000001,0.0,15,21.1,0
20210922,1632240000000,20.61,20.82,20.55,20.68,17503,36191619.0,0.0,15,20.94,0
20210923,1632326400000,20.68,22.45,20.63,21.93,71039,154641363.0,0.0,15,20.68,0
20210924,1632412800000,21.8,22.95,21.77,22.419999999999998,78938,177743317.0,0.0,15,21.93,0
20210927,1632672000000,22.430000000000003,23.430000000000003,21.900000000000002,23.380000000000003,92365,212469041.99999997,0.0,15,22.42,0
20210928,1632758400000,23.01,23.060000000000002,22.400000000000002,22.6,47870,108446498.0,0.0,15,23.380000000000003,0
20210929,1632844800000,22.54,22.54,21.72,22.06,51487,113616000.0,0.0,15,22.599999999999998,0
20210930,1632931200000,22.0,23.66,22.0,22.9,67447,155274124.0,0.0,15,22.06,0
20211008,1633622400000,23.0,23.450000000000003,22.6,22.71,63907,146787343.00000003,0.0,15,22.900000000000002,0
20211011,1633881600000,22.88,23.46,22.61,23.27,57403,133116786.0,0.0,15,22.71,0
20211012,1633968000000,22.95,24.439999999999998,22.95,24.02,103508,247260865.0,0.0,15,23.27,0
20211013,1634054400000,24.2,24.4,23.41,24.39,74226,177909161.99999997,0.0,15,24.02,0
20211014,1634140800000,24.37,25.22,23.98,23.98,69446,169445585.0,0.0,15,24.39,0
20211015,1634227200000,23.66,24.0,23.0,23.15,59394,138889028.0,0.0,15,23.98,0
20211018,1634486400000,23.0,23.0,22.2,22.36,47021,105477276.0,0.0,15,23.15,0
20211019,1634572800000,22.3,23.150000000000002,22.3,22.87,43423,98758617.00000001,0.0,15,22.36,0
20211020,1634659200000,22.869999999999997,23.279999999999998,22.56,22.75,24882,56723825.0,0.0,15,22.869999999999997,0
20211021,1634745600000,22.7,23.39,22.61,23.21,38323,88298898.0,0.0,15,22.75,0
20211022,1634832000000,23.22,23.89,22.7,23.74,59044,137897007.0,0.0,15,23.21,0
20211025,1635091200000,23.75,23.98,23.43,23.88,50512,119686209.0,0.0,15,23.74,0
20211026,1635177600000,23.880000000000003,24.5,23.03,23.150000000000002,61197,145468957.0,0.0,15,23.880000000000003,0
20211027,1635264000000,22.94,23.0,22.34,22.65,46668,105272595.0,0.0,15,23.15,0
20211028,1635350400000,22.42,24.400000000000002,22.400000000000002,24.200000000000003,109708,261385627.0,0.0,15,22.650000000000002,0
20211029,1635436800000,23.3,25.84,23.23,24.82,204021,509079295.0,0.0,15,24.2,0
20211101,1635696000000,24.650000000000002,24.68,23.87,24.080000000000002,78773,190645563.0,0.0,15,24.82,0
20211102,1635782400000,23.88,25.72,23.84,25.71,166246,419056376.0,0.0,15,24.08,0
20211103,1635868800000,25.92,26.23,25.0,25.68,139559,355832440.0,0.0,15,25.71,0
20211104,1635955200000,25.480000000000004,28.250000000000004,25.310000000000002,28.250000000000004,220141,608272624.9999999,0.0,15,25.680000000000003,0
20211105,1636041600000,29.180000000000003,29.75,27.580000000000002,28.48,272268,782681969.0,0.0,15,28.250000000000004,0
20211108,1636300800000,27.7,28.05,26.36,26.41,173074,467644544.0,0.0,15,28.48,0
20211109,1636387200000,26.41,26.98,25.96,26.98,112791,299864992.0,0.0,15,26.41,0
20211110,1636473600000,26.67,27.3,25.5,27.3,132319,348006590.0,0.0,15,26.98,0
20211111,1636560000000,26.8,27.25,26.5,27.01,90102,242460335.0,0.0,15,27.3,0
20211112,1636646400000,27.01,27.93,26.71,27.45,93647,255994792.00000003,0.0,15,27.01,0
20211115,1636905600000,27.77,28.3,27.05,28.3,103368,287784767.0,0.0,15,27.45,0
20211116,1636992000000,28.020000000000003,28.35,27.6,27.73,74420,207756780.00000003,0.0,15,28.3,0
20211117,1637078400000,27.520000000000003,27.69,26.19,26.68,86430,230307334.00000003,0.0,15,27.73,0
20211118,1637164800000,26.689999999999998,27.0,26.2,26.72,60163,159771468.0,0.0,15,26.68,0
20211119,1637251200000,26.720000000000002,27.0,26.28,26.990000000000002,56160,149761927.0,0.0,15,26.720000000000002,0
20211122,1637510400000,26.74,27.44,26.66,27.31,61315,165789268.0,0.0,15,26.99,0
20211123,1637596800000,27.31,27.31,26.5,26.8,49550,132993790.0,0.0,15,27.31,0
20211124,1637683200000,26.8,26.85,25.89,25.900000000000002,59099,154588557.0,0.0,15,26.8,0
20211125,1637769600000,25.790000000000003,26.3,25.6,25.62,40132,104006683.0,0.0,15,25.900000000000002,0
20211126,1637856000000,25.64,25.87,24.43,24.57,87887,217844761.0,0.0,15,25.62,0
20211129,1638115200000,24.2,24.94,24.0,24.4,56455,138072861.00000003,0.0,15,24.57,0
20211130,1638201600000,24.4,24.689999999999998,24.2,24.65,39888,97530213.0,0.0,15,24.4,0
20211201,1638288000000,24.5,24.77,24.32,24.57,31660,77553815.00000001,0.0,15,24.65,0
20211202,1638374400000,24.69,25.200000000000003,24.51,24.610000000000003,41514,103255370.0,0.0,15,24.57,0
20211203,1638460800000,24.5,24.900000000000002,24.12,24.7,40068,97866877.0,0.0,15,24.61,0
20211206,1638720000000,24.52,24.580000000000002,23.8,23.82,45780,110772702.00000001,0.0,15,24.7,0
20211207,1638806400000,23.900000000000002,24.740000000000002,23.740000000000002,24.630000000000003,59434,145066103.0,0.0,15,23.82,0
20211208,1638892800000,24.630000000000003,25.380000000000003,24.42,25.150000000000002,55430,138807484.00000003,0.0,15,24.630000000000003,0
20211209,1638979200000,25.16,26.5,25.01,26.18,92548,239386192.0,0.0,15,25.150000000000002,0
20211210,1639065600000,26.18,26.89,25.96,26.18,106778,282079463.99999994,0.0,15,26.18,0
20211213,1639324800000,26.0,26.6,26.0,26.39,70401,185678464.0,0.0,15,26.18,0
20211214,1639411200000,26.1,27.41,25.85,26.630000000000003,89467,238509138.00000003,0.0,15,26.39,0
20211215,1639497600000,26.63,26.77,25.5,25.62,79855,207198280.0,0.0,15,26.63,0
20211216,1639584000000,25.75,25.8,25.01,25.55,55448,141143634.00000003,0.0,15,25.62,0
20211217,1639670400000,25.85,25.86,25.12,25.220000000000002,37489,94704233.0,0.0,15,25.55,0
20211220,1639929600000,25.22,25.54,24.95,24.97,35038,88426634.0,0.0,15,25.22,0
20211221,1640016000000,24.830000000000002,25.590000000000003,24.810000000000002,25.380000000000003,36342,91998506.00000001,0.0,15,24.970000000000002,0
20211222,1640102400000,25.48,25.610000000000003,25.150000000000002,25.330000000000002,26031,65963713.0,0.0,15,25.380000000000003,0
20211223,1640188800000,25.42,25.42,24.650000000000002,25.01,37200,92657876.0,0.0,15,25.330000000000002,0
20211224,1640275200000,24.96,25.599999999999998,24.79,25.419999999999998,47884,121063441.0,0.0,15,25.009999999999998,0
20211227,1640534400000,25.500000000000004,27.900000000000002,25.400000000000002,27.490000000000002,164879,441745544.0,0.0,15,25.42,0
20211228,1640620800000,27.54,29.18,27.27,28.259999999999998,187553,532555772.99999994,0.0,15,27.49,0
20211229,1640707200000,28.310000000000002,28.55,26.900000000000002,26.92,93830,259063876.00000003,0.0,15,28.26,0
20211230,1640793600000,26.87,26.98,26.490000000000002,26.6,54067,144186223.99999997,0.0,15,26.92,0
20211231,1640880000000,26.48,27.0,26.41,26.81,61835,165457895.0,0.0,15,26.6,0
20220104,1641225600000,26.830000000000002,27.5,26.6,27.42,67058,181043560.00000003,0.0,15,26.810000000000002,0
20220105,1641312000000,27.35,28.560000000000002,27.05,27.75,87418,242656913.00000003,0.0,15,27.42,0
20220106,1641398400000,27.38,27.7,26.82,27.0,54199,146989745.0,0.0,15,27.75,0
20220107,1641484800000,26.759999999999998,27.29,26.27,27.03,59942,160314710.0,0.0,15,27.0,0
20220110,1641744000000,26.900000000000002,27.0,25.89,26.400000000000002,53772,141336433.0,0.0,15,27.03,0
20220111,1641830400000,26.03,26.2,25.11,25.189999999999998,79621,202825810.0,0.0,15,26.4,0
20220112,1641916800000,25.19,25.810000000000002,25.17,25.740000000000002,40197,102510679.0,0.0,15,25.19,0
20220113,1642003200000,25.92,27.21,25.78,26.040000000000003,70160,185130180.0,0.0,15,25.740000000000002,0
20220114,1642089600000,26.21,26.22,24.84,25.05,73304,185650964.0,0.0,15,26.04,0
20220117,1642348800000,24.900000000000002,24.950000000000003,24.080000000000002,24.3,54313,132031012.0,0.0,15,25.05,0
20220118,1642435200000,24.310000000000002,24.650000000000002,23.900000000000002,24.500000000000004,37246,90284626.0,0.0,15,24.3,0
20220119,1642521600000,24.35,24.44,23.900000000000002,23.990000000000002,34978,84266088.00000001,0.0,15,24.500000000000004,0
20220120,1642608000000,23.93,24.15,23.02,23.099999999999998,47150,111313864.0,0.0,15,23.99,0
20220121,1642694400000,23.1,23.39,22.6,22.720000000000002,46057,105779438.0,0.0,15,23.1,0
20220124,1642953600000,22.5,22.91,22.45,22.55,25944,58722614.0,0.0,15,22.72,0
20220125,1643040000000,22.55,22.9,21.77,21.81,37311,83057255.00000001,0.0,15,22.55,0
20220126,1643126400000,21.759999999999998,22.189999999999998,21.11,21.47,35918,77355617.0,0.0,15,21.81,0
20220127,1643212800000,21.78,21.84,20.98,20.98,28208,59848426.0,0.0,15,21.47,0
20220128,1643299200000,21.250000000000004,21.39,20.900000000000002,21.000000000000004,29153,61679488.00000001,0.0,15,20.98,0
20220207,1644163200000,21.19,21.98,21.19,21.51,30457,65753048.0,0.0,15,21.0,0
20220208,1644249600000,21.54,21.98,21.21,21.91,25202,54482326.00000001,0.0,15,21.51,0
20220209,1644336000000,22.3,22.39,21.86,22.2,22344,49494320.99999999,0.0,15,21.91,0
20220210,1644422400000,22.36,22.65,22.13,22.59,22931,51440704.0,0.0,15,22.2,0
20220211,1644508800000,22.45,22.45,21.56,21.63,40915,89542175.00000001,0.0,15,22.59,0
20220214,1644768000000,21.6,22.1,21.41,21.85,29891,65386599.00000001,0.0,15,21.63,0
20220215,1644854400000,21.84,22.2,21.64,21.77,18011,39372893.00000001,0.0,15,21.85,0
20220216,1644940800000,21.73,22.080000000000002,21.35,21.900000000000002,22589,49069605.0,0.0,15,21.770000000000003,0
20220217,1645027200000,21.89,22.0,21.64,21.8,22121,48158527.00000001,0.0,15,21.900000000000002,0
20220218,1645113600000,21.650000000000002,22.060000000000002,21.42,21.970000000000002,24571,53472073.0,0.0,15,21.8,0
20220221,1645372800000,21.970000000000002,22.630000000000003,21.78,22.1,33460,74390515.0,0.0,15,21.970000000000002,0
20220222,1645459200000,21.96,22.56,21.82,22.14,34978,77690355.0,0.0,15,22.1,0
20220223,1645545600000,22.32,22.32,22.04,22.189999999999998,22254,49266476.0,0.0,15,22.14,0
20220224,1645632000000,22.16,23.0,21.54,21.7,51524,114423430.0,0.0,15,22.189999999999998,0
20220225,1645718400000,21.69,22.0,21.5,21.61,29109,63367830.00000001,0.0,15,21.7,0
20220228,1645977600000,21.720000000000002,22.330000000000002,20.92,21.970000000000002,62927,136605167.0,0.0,15,21.610000000000003,0
20220301,1646064000000,21.95,22.68,21.87,22.26,42448,94696926.0,0.0,15,21.970000000000002,0
20220302,1646150400000,22.259999999999998,22.38,21.95,22.04,18897,41759657.0,0.0,15,22.259999999999998,0
20220303,1646236800000,22.14,22.200000000000003,21.37,21.42,30049,65030159.0,0.0,15,22.040000000000003,0
20220304,1646323200000,21.349999999999998,21.58,21.04,21.06,26566,56358746.00000001,0.0,15,21.419999999999998,0
20220307,1646582400000,21.06,21.06,19.75,19.8,49533,100026188.99999999,0.0,15,21.06,0
20220308,1646668800000,19.799999999999997,20.18,18.72,18.79,50403,96782459.0,0.0,15,19.799999999999997,0
20220309,1646755200000,18.79,18.86,17.0,17.84,71065,127591491.0,0.0,15,18.79,0
20220310,1646841600000,18.25,18.44,17.87,18.28,53488,97271387.0,0.0,15,17.84,0
20220311,1646928000000,18.1,18.860000000000003,17.76,18.8,57791,105786498.0,0.0,15,18.28,0
20220314,1647187200000,18.599999999999998,19.16,18.36,18.95,53267,100385999.0,0.0,15,18.8,0
20220315,1647273600000,18.82,18.82,17.43,17.43,39430,71190066.0,0.0,15,18.95,0
20220316,1647360000000,17.650000000000002,17.900000000000002,16.62,17.77,41408,71814601.0,0.0,15,17.43,0
20220317,1647446400000,17.92,18.8,17.69,18.43,43219,79515374.0,0.0,15,17.77,0
20220318,1647532800000,18.34,18.5,18.03,18.330000000000002,24517,44851902.0,0.0,15,18.43,0
20220321,1647792000000,18.38,18.57,18.11,18.25,26502,48551141.99999999,0.0,15,18.33,0
20220322,1647878400000,18.32,18.42,17.96,18.17,26107,47419750.99999999,0.0,15,18.25,0
20220323,1647964800000,18.28,18.45,18.02,18.16,21993,40119454.0,0.0,15,18.169999999999998,0
20220324,1648051200000,18.160000000000004,18.160000000000004,17.740000000000002,17.750000000000004,25500,45555065.0,0.0,15,18.160000000000004,0
20220325,1648137600000,17.75,18.13,17.5,17.5,23060,41055995.0,0.0,15,17.75,0
20220328,1648396800000,17.49,17.62,17.02,17.41,28381,49225974.0,0.0,15,17.5,0
20220329,1648483200000,17.55,17.55,16.88,17.09,28424,48768272.0,0.0,15,17.41,0
20220330,1648569600000,17.06,17.779999999999998,17.06,17.759999999999998,36598,63971087.00000001,0.0,15,17.09,0
20220331,1648656000000,17.830000000000002,18.53,17.57,17.93,55569,100415704.0,0.0,15,17.76,0
20220401,1648742400000,17.930000000000003,17.970000000000002,17.01,17.05,67987,118244715.0,0.0,15,17.930000000000003,0
20220406,1649174400000,17.1,17.19,16.6,16.71,64382,108003997.00000001,0.0,15,17.05,0
20220407,1649260800000,16.720000000000002,16.92,16.080000000000002,16.110000000000003,55418,90471272.0,0.0,15,16.71,0
20220408,1649347200000,16.14,16.3,15.48,15.65,48748,76723734.00000001,0.0,15,16.11,0
20220411,1649606400000,15.500000000000002,16.17,15.200000000000001,15.290000000000001,46859,73145465.0,0.0,15,15.65,0
20220412,1649692800000,15.25,16.14,15.24,16.11,43423,68171716.0,0.0,15,15.290000000000001,0
20220413,1649779200000,16.11,16.560000000000002,15.55,16.17,53256,85868313.00000001,0.0,15,16.11,0
20220414,1649865600000,16.18,17.07,16.06,16.9,52650,88130750.0,0.0,15,16.169999999999998,0
20220415,1649952000000,16.900000000000002,17.8,16.73,17.2,103927,180595024.0,0.0,15,16.900000000000002,0
20220418,1650211200000,16.99,17.689999999999998,16.9,17.099999999999998,60202,104272271.0,0.0,15,17.2,0
20220419,1650297600000,16.990000000000002,17.53,16.98,17.31,50986,88033427.00000001,0.0,15,17.1,0
20220420,1650384000000,17.29,19.04,16.95,18.68,159771,292370883.0,0.0,15,17.31,0
20220421,1650470400000,18.4,19.5,18.25,18.76,159404,300266913.99999994,0.0,15,18.68,0
20220422,1650556800000,18.0,18.65,17.7,17.83,103422,186360148.0,0.0,15,18.759999999999998,0
20220425,1650816000000,17.4,17.79,16.4,16.47,85991,146142493.0,0.0,15,17.83,0
20220426,1650902400000,17.540000000000003,18.12,17.35,18.12,33734,60666309.00000001,0.0,15,16.470000000000002,0
20220427,1650988800000,19.150000000000002,19.78,18.12,19.380000000000003,250136,472140751.0,0.0,15,18.12,0
20220428,1651075200000,18.98,21.32,18.580000000000002,21.32,230773,462361084.0,0.0,15,19.380000000000003,0
20220429,1651161600000,21.34,22.0,20.3,21.0,198648,415225467.0,0.0,15,21.32,0
20220505,1651680000000,20.5,21.490000000000002,20.1,21.200000000000003,159626,334117445.0,0.0,15,21.0,0
20220506,1651766400000,20.430000000000003,20.490000000000002,19.580000000000002,19.94,126478,252839929.99999997,0.0,15,21.200000000000003,0
20220509,1652025600000,19.52,21.93,19.52,21.28,140233,292289464.99999994,0.0,15,19.94,0
20220510,1652112000000,21.01,21.43,20.5,21.0,90009,188401589.00000003,0.0,15,21.28,0
20220511,1652198400000,21.2,21.57,20.81,21.34,98751,209735003.0,0.0,15,21.0,0
20220512,1652284800000,21.37,22.25,20.85,22.0,116143,249916652.0,0.0,15,21.34,0
20220513,1652371200000,21.82,22.18,21.06,21.119999999999997,82886,178171407.0,0.0,15,22.0,0
20220516,1652630400000,21.0,21.07,20.3,20.66,73595,152065446.0,0.0,15,21.12,0
20220517,1652716800000,20.549999999999997,21.0,19.81,20.95,80350,163980078.0,0.0,15,20.66,0
20220518,1652803200000,20.82,20.84,20.22,20.299999999999997,51276,105232018.0,0.0,15,20.95,0
20220519,1652889600000,19.89,20.580000000000002,19.8,20.5,41476,84200103.0,0.0,15,20.3,0
20220520,1652976000000,20.6,21.3,20.42,21.14,70979,148980353.0,0.0,15,20.450000000000003,0
20220523,1653235200000,21.14,21.14,20.6,20.64,41306,85861342.0,0.0,15,21.14,0
20220524,1653321600000,20.6,20.9,19.52,19.54,78797,157354225.0,0.0,15,20.64,0
20220525,1653408000000,19.55,20.2,19.55,19.89,53346,105618522.0,0.0,15,19.54,0
20220526,1653494400000,19.73,20.3,19.7,20.11,42356,84833542.0,0.0,15,19.89,0
20220527,1653580800000,20.119999999999997,20.36,19.88,19.93,33322,66721337.00000001,0.0,15,20.11,0
20220530,1653840000000,19.91,20.85,19.89,20.38,71404,145776315.0,0.0,15,19.93,0
20220531,1653926400000,20.28,21.200000000000003,19.990000000000002,20.990000000000002,80747,167960927.00000003,0.0,15,20.380000000000003,0
20220601,1654012800000,21.69,21.92,20.990000000000002,21.130000000000003,93655,200794522.0,0.0,15,20.990000000000002,0
20220602,1654099200000,21.320000000000004,21.450000000000003,20.650000000000002,20.810000000000002,51643,107615627.00000001,0.0,15,21.130000000000003,0
20220606,1654444800000,20.810000000000002,21.450000000000003,20.51,21.380000000000003,68484,144355404.0,0.0,15,20.810000000000002,0
20220607,1654531200000,21.279999999999998,22.65,21.2,22.55,116247,257511867.0,0.0,15,21.38,0
20220608,1654617600000,22.59,23.2,22.0,22.3,108855,245328743.0,0.0,15,22.55,0
20220609,1654704000000,22.63,23.2,21.72,21.84,67050,148653986.0,0.0,15,22.299999999999997,0
20220610,1654790400000,21.85,21.990000000000002,21.35,21.84,47377,103012715.0,0.0,15,21.84,0
20220613,1655049600000,21.73,22.189999999999998,21.13,22.15,70773,153199907.0,0.0,15,21.84,0
20220614,1655136000000,21.67,22.09,21.32,22.02,61386,133387046.0,0.0,15,22.15,0
20220615,1655222400000,21.93,22.48,21.6,21.6,60932,134069127.00000001,0.0,15,22.020000000000003,0
20220616,1655308800000,21.6,22.9,21.5,22.34,77008,172820447.0,0.0,15,21.6,0
20220617,1655395200000,22.11,22.75,22.02,22.47,44051,98638450.0,0.0,15,22.34,0
20220620,1655654400000,22.7,23.47,22.5,23.08,70884,163195829.0,0.0,15,22.47,0
20220621,1655740800000,22.9,23.2,22.25,22.49,52163,118423558.0,0.0,15,23.08,0
20220622,1655827200000,22.44,22.73,22.1,22.270000000000003,43502,97537547.0,0.0,15,22.490000000000002,0
20220623,1655913600000,22.26,22.53,21.91,22.44,39581,88106047.00000001,0.0,15,22.27,0
20220624,1656000000000,22.16,24.68,22.16,24.68,126341,303328761.0,0.0,15,22.44,0
20220627,1656259200000,25.680000000000003,27.150000000000002,25.01,26.57,190676,503109504.0,0.0,15,24.680000000000003,0
20220628,1656345600000,26.85,27.36,26.3,27.0,118534,317751235.0,0.0,15,26.57,0
20220629,1656432000000,27.53,28.8,26.59,26.7,147315,405917801.0,0.0,15,27.0,0
20220630,1656518400000,26.67,28.85,26.580000000000002,28.470000000000002,140168,391587414.0,0.0,15,26.700000000000003,0
20220701,1656604800000,28.28,28.500000000000004,27.580000000000002,28.180000000000003,71069,199666135.0,0.0,15,28.470000000000002,0
20220704,1656864000000,28.21,29.87,28.02,29.5,98938,288628073.0,0.0,15,28.18,0
20220705,1656950400000,29.27,29.38,27.27,28.18,124205,348546560.99999994,0.0,15,29.5,0
20220706,1657036800000,27.990000000000002,28.630000000000003,27.42,27.8,68219,190186149.00000003,0.0,15,28.180000000000003,0
20220707,1657123200000,27.71,27.790000000000003,26.400000000000002,27.230000000000004,69706,189041480.00000003,0.0,15,27.8,0
20220708,1657209600000,27.73,28.360000000000003,27.240000000000002,27.3,54718,151203807.00000003,0.0,15,27.23,0
20220711,1657468800000,27.11,27.4,26.09,26.45,88079,233547182.99999997,0.0,15,27.3,0
20220712,1657555200000,26.69,26.77,25.84,25.97,72147,188527304.00000003,0.0,15,26.45,0
20220713,1657641600000,26.19,26.48,25.71,26.16,44717,116977306.0,0.0,15,25.970000000000002,0
20220714,1657728000000,26.05,26.75,25.43,25.96,57484,150054138.0,0.0,15,26.16,0
20220715,1657814400000,26.77,27.77,25.95,26.99,101040,272344669.0,0.0,15,25.96,0
20220718,1658073600000,27.220000000000002,27.89,26.53,27.1,87976,237945687.0,0.0,15,26.990000000000002,0
20220719,1658160000000,27.09,28.330000000000002,26.8,28.1,97813,272312815.0,0.0,15,27.1,0
20220720,1658246400000,28.200000000000003,29.090000000000003,27.42,27.590000000000003,84311,237487677.0,0.0,15,28.1,0
20220721,1658332800000,27.7,28.1,27.25,27.31,55955,154517036.00000003,0.0,15,27.59,0
20220722,1658419200000,27.37,27.48,26.45,26.68,53364,143328290.0,0.0,15,27.31,0
20220725,1658678400000,26.590000000000003,27.090000000000003,26.400000000000002,26.53,49054,130620134.0,0.0,15,26.680000000000003,0
20220726,1658764800000,26.53,27.66,26.53,27.21,50220,136301221.0,0.0,15,26.53,0
20220727,1658851200000,27.21,27.21,24.990000000000002,25.23,114192,291543831.00000006,0.0,15,27.21,0
20220728,1658937600000,25.3,26.060000000000002,25.23,25.8,95888,247381053.0,0.0,15,25.23,0
20220729,1659024000000,25.55,25.7,24.73,24.86,69585,173932216.0,0.0,15,25.8,0
20220801,1659283200000,24.500000000000004,25.450000000000003,24.080000000000002,25.220000000000002,55986,140155359.0,0.0,15,24.860000000000003,0
20220802,1659369600000,25.000000000000004,25.610000000000003,24.400000000000002,25.200000000000003,60112,151062403.0,0.0,15,25.220000000000002,0
20220803,1659456000000,25.05,25.840000000000003,24.560000000000002,24.650000000000002,45909,115198613.00000001,0.0,15,25.200000000000003,0
20220804,1659542400000,24.74,25.12,24.52,25.12,28213,70134763.0,0.0,15,24.65,0
20220805,1659628800000,25.060000000000002,25.5,25.01,25.46,31682,80135318.0,0.0,15,25.12,0
20220808,1659888000000,25.45,25.95,25.23,25.34,38372,97733209.0,0.0,15,25.46,0
20220809,1659974400000,25.3,25.3,24.6,25.01,31561,78827226.00000001,0.0,15,25.34,0
20220810,1660060800000,24.8,24.99,24.2,24.37,49188,120401240.0,0.0,15,25.009999999999998,0
20220811,1660147200000,24.41,25.560000000000002,24.37,25.51,52737,132524511.0,0.0,15,24.37,0
20220812,1660233600000,25.43,25.72,25.11,25.2,37746,95546985.99999999,0.0,15,25.509999999999998,0
20220815,1660492800000,25.2,25.68,24.68,24.82,64941,162292558.0,0.0,15,25.2,0
20220816,1660579200000,25.0,25.259999999999998,24.7,25.07,40957,102477688.0,0.0,15,24.82,0
20220817,1660665600000,25.12,27.490000000000002,24.830000000000002,26.8,93163,245406306.0,0.0,15,25.07,0
20220818,1660752000000,26.83,26.9,25.54,25.939999999999998,73022,189574029.00000003,0.0,15,26.8,0
20220819,1660838400000,25.94,26.330000000000002,25.560000000000002,26.000000000000004,54825,142813969.0,0.0,15,25.94,0
20220822,1661097600000,26.0,26.46,25.42,26.25,52794,137701558.00000003,0.0,15,26.0,0
20220823,1661184000000,26.169999999999998,26.3,23.7,23.75,147533,363068186.0,0.0,15,26.25,0
20220824,1661270400000,23.72,23.97,23.0,23.41,91335,213709096.0,0.0,15,23.75,0
20220825,1661356800000,23.4,23.669999999999998,23.04,23.27,67566,157573972.0,0.0,15,23.41,0
20220826,1661443200000,23.39,24.05,23.23,23.740000000000002,61644,146233232.0,0.0,15,23.27,0
20220829,1661702400000,23.32,24.5,23.26,24.150000000000002,56573,135904969.00000003,0.0,15,23.740000000000002,0
20220830,1661788800000,24.13,24.78,23.93,24.69,60701,148657027.0,0.0,15,24.15,0
20220831,1661875200000,24.8,25.28,24.5,24.8,62175,154660826.0,0.0,15,24.69,0
20220901,1661961600000,24.81,25.49,24.63,24.97,54727,137309144.0,0.0,15,24.8,0
20220902,1662048000000,24.8,25.2,24.66,25.1,38986,97589989.0,0.0,15,24.97,0
20220905,1662307200000,24.950000000000003,25.11,23.62,23.84,56277,135096851.0,0.0,15,25.1,0
20220906,1662393600000,23.89,24.28,23.68,24.18,28872,69409308.00000001,0.0,15,23.84,0
20220907,1662480000000,24.1,24.18,23.48,23.79,41767,98841113.0,0.0,15,24.18,0
20220908,1662566400000,23.89,24.099999999999998,23.2,23.33,45500,107126061.0,0.0,15,23.79,0
20220909,1662652800000,23.500000000000004,23.8,23.150000000000002,23.660000000000004,28298,66838115.00000001,0.0,15,23.330000000000002,0
20220913,1662998400000,23.71,24.09,23.48,23.97,34257,81678199.0,0.0,15,23.66,0
20220914,1663084800000,23.62,24.3,23.5,24.18,34928,84108686.0,0.0,15,23.97,0
20220915,1663171200000,24.16,26.0,24.09,25.18,111377,281071423.0,0.0,15,24.18,0
20220916,1663257600000,25.0,25.95,24.55,24.8,76806,193763195.0,0.0,15,25.18,0
20220919,1663516800000,24.82,25.1,23.82,24.65,54454,133629725.0,0.0,15,24.8,0
20220920,1663603200000,24.7,25.2,24.48,24.72,34064,84233175.0,0.0,15,24.650000000000002,0
20220921,1663689600000,24.720000000000002,25.1,24.3,24.77,38280,94643635.0,0.0,15,24.720000000000002,0
20220922,1663776000000,24.5,25.05,24.25,24.51,39154,96059171.0,0.0,15,24.77,0
20220923,1663862400000,24.31,24.7,23.72,24.299999999999997,32683,79286347.0,0.0,15,24.509999999999998,0
20220926,1664121600000,24.110000000000003,25.610000000000003,24.080000000000002,24.990000000000002,55917,140234827.0,0.0,15,24.3,0
20220927,1664208000000,25.02,26.46,24.87,26.380000000000003,77680,201441499.00000003,0.0,15,24.990000000000002,0
20220928,1664294400000,26.39,26.880000000000003,26.12,26.35,70714,187025151.0,0.0,15,26.380000000000003,0
20220929,1664380800000,26.25,26.990000000000002,26.1,26.28,48701,128935297.0,0.0,15,26.35,0
20220930,1664467200000,26.48,26.88,25.86,26.009999999999998,40535,106373530.0,0.0,15,26.28,0
20221010,1665331200000,25.25,26.96,25.16,25.9,74582,195013979.00000003,0.0,15,26.01,0
20221011,1665417600000,25.860000000000003,26.990000000000002,25.310000000000002,26.880000000000003,75620,199633465.00000003,0.0,15,25.900000000000002,0
20221012,1665504000000,26.64,26.75,24.69,25.990000000000002,86484,221540937.00000003,0.0,15,26.880000000000003,0
20221013,1665590400000,26.0,27.2,25.86,26.47,55722,148412855.0,0.0,15,25.99,0
20221014,1665676800000,26.47,27.119999999999997,25.7,26.73,69847,186601655.00000003,0.0,15,26.47,0
20221017,1665936000000,26.73,27.87,26.580000000000002,27.57,60428,166022804.0,0.0,15,26.73,0
20221018,1666022400000,27.610000000000003,27.660000000000004,26.560000000000002,26.970000000000002,62784,169355948.0,0.0,15,27.570000000000004,0
20221019,1666108800000,26.560000000000002,26.900000000000002,26.01,26.26,54992,144253994.0,0.0,15,26.970000000000002,0
20221020,1666195200000,26.099999999999998,26.75,25.97,26.16,36797,96898335.0,0.0,15,26.259999999999998,0
20221021,1666281600000,26.16,26.349999999999998,25.38,25.68,37190,95711777.00000001,0.0,15,26.16,0
20221024,1666540800000,25.76,25.76,24.21,24.85,77939,192493530.0,0.0,15,25.68,0
20221025,1666627200000,24.38,25.84,24.38,25.47,66780,168189643.0,0.0,15,24.849999999999998,0
20221026,1666713600000,26.38,28.02,25.98,28.02,207675,577078637.0,0.0,15,25.47,0
20221027,1666800000000,28.0,28.83,27.5,28.03,153416,431971832.0,0.0,15,28.02,0
20221028,1666886400000,28.38,29.0,27.5,28.47,116133,329572137.0,0.0,15,28.03,0
20221031,1667145600000,28.53,28.63,27.32,28.15,83379,232450747.99999997,0.0,15,28.47,0
20221101,1667232000000,28.1,28.990000000000002,27.32,28.88,103093,292734601.0,0.0,15,28.15,0
20221102,1667318400000,28.5,31.05,28.5,31.01,141090,425727250.0,0.0,15,28.88,0
20221103,1667404800000,30.56,30.88,30.07,30.15,91113,276525543.0,0.0,15,31.01,0
20221104,1667491200000,30.330000000000002,31.5,30.07,30.65,94100,288955779.0,0.0,15,30.15,0
20221107,1667750400000,30.23,31.259999999999998,29.86,30.72,72669,222760749.00000003,0.0,15,30.65,0
20221108,1667836800000,30.5,31.3,30.2,30.55,48743,148971465.0,0.0,15,30.72,0
20221109,1667923200000,30.500000000000004,30.680000000000003,29.580000000000002,29.8,53152,158987554.0,0.0,15,30.55,0
20221110,1668009600000,29.69,30.19,29.46,29.880000000000003,38468,114645875.0,0.0,15,29.8,0
20221111,1668096000000,30.78,30.990000000000002,28.91,29.07,72538,214492468.99999997,0.0,15,29.88,0
20221114,1668355200000,28.8,29.380000000000003,28.69,29.14,50256,145869338.0,0.0,15,29.07,0
20221115,1668441600000,29.099999999999998,29.64,28.7,29.37,39519,115350489.0,0.0,15,29.14,0
20221116,1668528000000,29.37,30.1,28.830000000000002,29.680000000000003,48816,144912942.0,0.0,15,29.37,0
20221117,1668614400000,29.53,29.96,29.060000000000002,29.630000000000003,36097,106524947.0,0.0,15,29.680000000000003,0
20221118,1668700800000,29.5,30.34,29.32,29.57,43826,130613218.0,0.0,15,29.63,0
20221121,1668960000000,29.3,29.32,28.19,28.810000000000002,69852,200081193.0,0.0,15,29.57,0
20221122,1669046400000,28.69,28.990000000000002,27.900000000000002,28.080000000000002,55094,155433616.0,0.0,15,28.810000000000002,0
20221123,1669132800000,27.94,28.04,27.3,27.91,41010,113593005.0,0.0,15,28.080000000000002,0
20221124,1669219200000,27.930000000000003,28.1,27.310000000000002,27.580000000000002,37310,102810599.00000001,0.0,15,27.910000000000004,0
20221125,1669305600000,27.6,27.830000000000002,27.400000000000002,27.48,23719,65312856.99999999,0.0,15,27.580000000000002,0
20221128,1669564800000,27.02,27.64,26.54,27.509999999999998,53760,145462780.0,0.0,15,27.48,0
20221129,1669651200000,27.68,27.88,27.11,27.66,55791,153666639.0,0.0,15,27.509999999999998,0
20221130,1669737600000,27.66,27.66,26.51,26.900000000000002,68348,183809071.0,0.0,15,27.66,0
20221201,1669824000000,27.990000000000002,28.39,27.150000000000002,27.180000000000003,104459,288621324.0,0.0,15,26.900000000000002,0
20221202,1669910400000,27.080000000000002,28.28,27.05,28.2,102779,287677843.0,0.0,15,27.18,0
20221205,1670169600000,28.8,29.07,27.400000000000002,27.790000000000003,102441,287620042.0,0.0,15,28.200000000000003,0
20221206,1670256000000,27.43,29.0,27.43,28.04,91886,260479201.0,0.0,15,27.79,0
20221207,1670342400000,28.11,28.85,27.8,28.43,69278,196513998.99999997,0.0,15,28.04,0
20221208,1670428800000,28.21,28.49,27.7,27.89,41819,117007459.0,0.0,15,28.43,0
20221209,1670515200000,27.93,29.28,27.3,29.11,87258,248235212.0,0.0,15,27.89,0
20221212,1670774400000,29.06,29.4,28.45,28.5,69152,198797645.99999997,0.0,15,29.11,0
20221213,1670860800000,28.55,29.1,27.94,28.59,58969,168603482.0,0.0,15,28.5,0
20221214,1670947200000,28.42,29.700000000000003,28.19,29.66,102815,301727929.0,0.0,15,28.59,0
20221215,1671033600000,29.58,29.58,28.36,28.419999999999998,96411,278091119.0,0.0,15,29.66,0
20221216,1671120000000,28.160000000000004,28.500000000000004,27.810000000000002,28.240000000000002,56738,159600389.0,0.0,15,28.42,0
20221219,1671379200000,28.35,28.560000000000002,27.37,27.48,58226,161445188.0,0.0,15,28.240000000000002,0
20221220,1671465600000,27.3,27.6,26.76,26.85,46683,125964460.0,0.0,15,27.48,0
20221221,1671552000000,26.7,27.4,26.54,26.669999999999998,41998,113140524.00000001,0.0,15,26.849999999999998,0
20221222,1671638400000,26.720000000000002,27.450000000000003,26.28,26.44,52177,140131326.0,0.0,15,26.67,0
20221223,1671724800000,26.07,26.94,26.01,26.6,34252,91238794.0,0.0,15,26.44,0
20221226,1671984000000,26.44,27.67,26.44,27.14,45788,124710126.0,0.0,15,26.6,0
20221227,1672070400000,27.130000000000003,27.580000000000002,26.990000000000002,27.400000000000002,31167,85192117.0,0.0,15,27.14,0
20221228,1672156800000,27.3,27.689999999999998,26.95,27.25,30788,83880288.0,0.0,15,27.4,0
20221229,1672243200000,27.27,27.45,26.98,27.330000000000002,26328,71815490.00000001,0.0,15,27.25,0
20221230,1672329600000,27.5,27.68,26.68,27.48,40597,110747998.0,0.0,15,27.33,0
20230103,1672675200000,27.46,27.71,27.01,27.5,44269,121579888.0,0.0,15,27.48,0
20230104,1672761600000,27.400000000000002,27.590000000000003,27.150000000000002,27.290000000000003,35056,95824675.00000001,0.0,15,27.500000000000004,0
20230105,1672848000000,27.25,28.28,27.18,27.56,62925,173904930.0,0.0,15,27.29,0
20230106,1672934400000,27.560000000000002,27.76,26.740000000000002,27.05,51368,139019711.0,0.0,15,27.560000000000002,0
20230109,1673193600000,27.060000000000002,28.490000000000002,27.060000000000002,28.320000000000004,85795,240049976.0,0.0,15,27.05,0
20230110,1673280000000,28.34,28.55,28.1,28.39,33596,95043778.99999999,0.0,15,28.32,0
20230111,1673366400000,28.330000000000002,28.490000000000002,27.900000000000002,27.950000000000003,38176,107429843.0,0.0,15,28.39,0
20230112,1673452800000,27.96,28.23,26.8,27.240000000000002,59109,161118042.0,0.0,15,27.95,0
20230113,1673539200000,27.35,27.93,27.09,27.85,39839,110079306.99999999,0.0,15,27.24,0
20230116,1673798400000,27.91,29.099999999999998,27.88,28.39,71667,205384928.0,0.0,15,27.849999999999998,0
20230117,1673884800000,29.0,29.400000000000002,26.76,26.900000000000002,114625,312484276.0,0.0,15,28.39,0
20230118,1673971200000,26.900000000000002,27.450000000000003,26.490000000000002,26.520000000000003,68150,182886000.0,0.0,15,26.900000000000002,0
20230119,1674057600000,26.55,26.630000000000003,26.12,26.53,51372,135563190.00000003,0.0,15,26.52,0
20230120,1674144000000,26.5,26.740000000000002,26.1,26.130000000000003,63569,166874502.0,0.0,15,26.53,0
20230130,1675008000000,26.279999999999998,26.49,25.95,26.12,92816,242870801.0,0.0,15,26.13,0
20230131,1675094400000,26.13,26.5,26.0,26.43,56887,149739464.0,0.0,15,26.12,0
20230201,1675180800000,26.45,26.619999999999997,26.22,26.58,60801,160741095.0,0.0,15,26.43,0
20230202,1675267200000,26.6,27.35,26.6,27.220000000000002,75397,203791192.0,0.0,15,26.580000000000002,0
20230203,1675353600000,27.05,27.200000000000003,26.1,26.380000000000003,67098,177623329.0,0.0,15,27.220000000000002,0
20230206,1675612800000,26.240000000000002,26.51,25.85,26.110000000000003,50501,132085222.0,0.0,15,26.380000000000003,0
20230207,1675699200000,26.18,26.39,25.38,25.7,64531,166358899.00000003,0.0,15,26.11,0
20230208,1675785600000,25.64,25.75,25.41,25.46,30808,78659630.99999999,0.0,15,25.7,0
20230209,1675872000000,25.42,25.84,25.39,25.61,38922,99825008.0,0.0,15,25.46,0
20230210,1675958400000,25.62,26.09,25.61,25.96,46030,119269458.00000001,0.0,15,25.61,0
20230213,1676217600000,25.96,26.740000000000002,25.96,26.650000000000002,90719,239820096.00000003,0.0,15,25.96,0
20230214,1676304000000,26.85,26.98,26.5,26.95,85526,229216950.0,0.0,15,26.65,0
20230215,1676390400000,26.87,27.14,26.53,26.720000000000002,49578,132692472.00000001,0.0,15,26.950000000000003,0
20230216,1676476800000,26.66,27.1,26.28,26.490000000000002,53833,143852147.0,0.0,15,26.720000000000002,0
20230217,1676563200000,26.42,27.150000000000002,26.400000000000002,26.450000000000003,49847,133361949.00000001,0.0,15,26.490000000000002,0
20230220,1676822400000,26.6,26.740000000000002,26.17,26.650000000000002,51200,135630356.0,0.0,15,26.450000000000003,0
20230221,1676908800000,26.71,27.23,26.48,27.14,66859,179945625.0,0.0,15,26.650000000000002,0
20230222,1676995200000,27.09,27.580000000000002,26.8,27.48,58075,158640464.0,0.0,15,27.14,0
20230223,1677081600000,27.59,27.98,26.94,27.130000000000003,79578,217198039.99999997,0.0,15,27.48,0
20230224,1677168000000,27.15,27.25,26.95,27.15,36720,99546605.0,0.0,15,27.13,0
20230227,1677427200000,27.130000000000003,27.380000000000003,26.6,27.200000000000003,37055,100183706.0,0.0,15,27.150000000000002,0
20230228,1677513600000,27.060000000000002,27.630000000000003,27.060000000000002,27.520000000000003,45107,123905098.0,0.0,15,27.200000000000003,0
20230301,1677600000000,27.520000000000003,27.6,27.1,27.34,32650,89110263.0,0.0,15,27.520000000000003,0
20230302,1677686400000,27.650000000000002,27.660000000000004,26.740000000000002,26.8,63075,170570086.0,0.0,15,27.340000000000003,0
20230303,1677772800000,26.83,27.169999999999998,26.18,26.49,63930,169643355.0,0.0,15,26.8,0
20230306,1678032000000,26.41,26.51,26.0,26.32,47270,124321094.99999999,0.0,15,26.49,0
20230307,1678118400000,26.35,26.5,25.76,25.78,49931,130131719.0,0.0,15,26.32,0
20230308,1678204800000,25.759999999999998,25.9,25.45,25.55,39458,100949560.0,0.0,15,25.779999999999998,0
20230309,1678291200000,25.55,25.84,25.43,25.66,35735,91575167.0,0.0,15,25.55,0
20230310,1678377600000,25.450000000000003,25.660000000000004,25.240000000000002,25.270000000000003,38849,98721920.0,0.0,15,25.660000000000004,0
20230313,1678636800000,25.3,25.84,25.3,25.740000000000002,44940,115268251.00000001,0.0,15,25.27,0
20230314,1678723200000,25.71,25.75,24.79,24.86,61760,154912595.0,0.0,15,25.74,0
20230315,1678809600000,25.04,25.400000000000002,24.73,24.89,41759,104521696.0,0.0,15,24.86,0
20230316,1678896000000,24.73,25.18,24.66,24.94,34318,85493137.00000001,0.0,15,24.89,0
20230317,1678982400000,24.95,25.1,24.71,24.720000000000002,33836,84086334.00000001,0.0,15,24.94,0
20230320,1679241600000,24.75,24.790000000000003,24.01,24.240000000000002,44000,106658670.0,0.0,15,24.720000000000002,0
20230321,1679328000000,24.340000000000003,24.970000000000002,24.310000000000002,24.89,33571,82998278.0,0.0,15,24.240000000000002,0
20230322,1679414400000,24.939999999999998,25.32,24.72,24.72,26612,66368934.0,0.0,15,24.89,0
20230323,1679500800000,24.69,24.79,24.25,24.34,38553,94279483.00000001,0.0,15,24.72,0
20230324,1679587200000,24.45,24.84,24.32,24.36,35039,86054799.0,0.0,15,24.34,0
20230327,1679846400000,24.400000000000002,24.490000000000002,23.900000000000002,24.000000000000004,43595,105199729.0,0.0,15,24.360000000000003,0
20230328,1679932800000,24.11,24.4,23.84,24.27,34351,82943452.0,0.0,15,24.0,0
20230329,1680019200000,24.340000000000003,24.400000000000002,24.060000000000002,24.320000000000004,20430,49497830.0,0.0,15,24.270000000000003,0
20230330,1680105600000,24.349999999999998,24.919999999999998,24.29,24.91,35732,88029768.0,0.0,15,24.32,0
20230331,1680192000000,24.919999999999998,25.3,24.88,24.959999999999997,37183,93210465.99999999,0.0,15,24.91,0
20230403,1680451200000,24.97,24.990000000000002,24.64,24.84,37362,92493248.0,0.0,15,24.96,0
20230404,1680537600000,25.070000000000004,25.220000000000002,24.310000000000002,24.51,52641,129957832.0,0.0,15,24.840000000000003,0
20230406,1680710400000,24.59,24.7,24.32,24.57,28861,70770888.0,0.0,15,24.51,0
20230407,1680796800000,24.69,25.1,24.55,24.830000000000002,35009,87175585.0,0.0,15,24.57,0
20230410,1681056000000,24.830000000000002,24.900000000000002,24.17,24.46,45837,111966761.0,0.0,15,24.830000000000002,0
20230411,1681142400000,17.3,17.3,16.78,16.810000000000002,74709,126487855.00000001,0.0,15,17.28,0
20230412,1681228800000,16.88,16.88,16.02,16.07,121105,196613809.0,0.0,15,16.81,0
20230413,1681315200000,16.05,16.37,15.9,16.27,76697,124250114.0,0.0,15,16.07,0
20230414,1681401600000,16.32,16.51,16.05,16.060000000000002,67054,108508334.0,0.0,15,16.27,0
20230417,1681660800000,16.18,16.65,16.07,16.61,96258,158564350.0,0.0,15,16.06,0
20230418,1681747200000,16.78,17.360000000000003,16.580000000000002,17.220000000000002,120875,206035696.0,0.0,15,16.610000000000003,0
20230419,1681833600000,17.18,17.39,16.84,17.16,86575,148431024.0,0.0,15,17.22,0
20230420,1681920000000,17.23,17.490000000000002,17.05,17.16,65820,113748750.00000001,0.0,15,17.16,0
20230421,1682006400000,17.299999999999997,17.389999999999997,17.06,17.099999999999998,57405,98851342.00000001,0.0,15,17.16,0
20230424,1682265600000,17.1,17.2,16.5,16.61,68505,113935269.00000001,0.0,15,17.1,0
20230425,1682352000000,16.72,17.12,16.23,16.650000000000002,63234,104733464.00000001,0.0,15,16.61,0
20230426,1682438400000,16.63,16.889999999999997,16.4,16.83,49918,83309276.0,0.0,15,16.65,0
20230427,1682524800000,16.849999999999998,17.439999999999998,16.7,17.21,57101,97503103.0,0.0,15,16.83,0
20230428,1682611200000,17.3,17.44,16.93,17.16,46145,79065174.0,0.0,15,17.21,0
20230504,1683129600000,17.12,17.53,17.0,17.16,58488,101007447.0,0.0,15,17.16,0
20230505,1683216000000,17.16,17.18,16.86,17.13,43517,74016038.0,0.0,15,17.16,0
20230508,1683475200000,17.17,17.290000000000003,16.76,16.830000000000002,47170,79821665.0,0.0,15,17.130000000000003,0
20230509,1683561600000,16.89,16.89,16.5,16.52,54346,90562363.0,0.0,15,16.83,0
20230510,1683648000000,16.54,16.6,16.32,16.48,40954,67369638.0,0.0,15,16.52,0
20230511,1683734400000,16.540000000000003,16.700000000000003,16.35,16.39,29320,48290945.0,0.0,15,16.48,0
20230512,1683820800000,16.290000000000003,16.610000000000003,16.1,16.130000000000003,36718,59764308.0,0.0,15,16.39,0
20230515,1684080000000,16.01,16.29,15.96,16.29,33588,54108099.0,0.0,15,16.130000000000003,0
20230516,1684166400000,16.310000000000002,16.490000000000002,16.1,16.12,35020,56865142.0,0.0,15,16.290000000000003,0
20230517,1684252800000,16.180000000000003,16.23,16.01,16.020000000000003,32118,51620244.0,0.0,15,16.12,0
20230518,1684339200000,16.02,16.16,15.780000000000001,15.830000000000002,49381,78754752.0,0.0,15,16.02,0
20230519,1684425600000,15.830000000000002,16.16,15.620000000000001,16.02,46003,73162132.0,0.0,15,15.830000000000002,0
20230522,1684684800000,16.16,16.7,16.02,16.68,61512,101486917.0,0.0,15,16.02,0
20230523,1684771200000,16.68,16.7,16.32,16.35,40314,66363796.99999999,0.0,15,16.68,0
20230524,1684857600000,16.36,16.36,15.950000000000001,15.950000000000001,43147,69275427.0,0.0,15,16.35,0
20230525,1684944000000,15.95,16.05,15.66,15.74,34236,54066135.0,0.0,15,15.95,0
20230526,1685030400000,15.69,15.82,15.51,15.7,34384,53762427.0,0.0,15,15.74,0
20230529,1685289600000,15.74,15.84,15.41,15.46,40055,62147061.0,0.0,15,15.7,0
20230530,1685376000000,15.5,15.66,15.17,15.42,37277,57268861.0,0.0,15,15.459999999999999,0
20230531,1685462400000,15.4,15.46,15.08,15.15,31217,47460205.0,0.0,15,15.42,0
20230601,1685548800000,15.04,15.33,15.02,15.1,41293,62526008.0,0.0,15,15.15,0
20230602,1685635200000,15.180000000000001,15.38,15.05,15.290000000000001,40200,61311308.0,0.0,15,15.100000000000001,0
20230605,1685894400000,15.240000000000002,15.240000000000002,15.030000000000001,15.080000000000002,38366,57882265.00000001,0.0,15,15.290000000000001,0
20230606,1685980800000,15.0,15.16,14.75,14.76,48374,72110716.0,0.0,15,15.08,0
20230607,1686067200000,14.850000000000001,15.030000000000001,14.700000000000001,14.790000000000001,28778,42556994.00000001,0.0,15,14.760000000000002,0
20230608,1686153600000,14.74,14.94,14.68,14.82,28799,42623972.0,0.0,15,14.79,0
20230609,1686240000000,14.8,14.87,14.5,14.57,42947,62883595.00000001,0.0,15,14.82,0
20230612,1686499200000,14.52,15.35,14.5,15.27,77075,115835356.0,0.0,15,14.57,0
20230613,1686585600000,15.270000000000001,15.32,15.06,15.16,39702,60236770.0,0.0,15,15.270000000000001,0
20230614,1686672000000,15.17,15.56,15.17,15.49,46097,71239785.00000001,0.0,15,15.16,0
20230615,1686758400000,15.48,15.68,15.39,15.66,39955,62202888.0,0.0,15,15.49,0
20230616,1686844800000,15.66,15.68,15.41,15.43,38651,59972458.0,0.0,15,15.66,0
20230619,1687104000000,15.4,15.63,15.25,15.3,40211,61814944.0,0.0,15,15.43,0
20230620,1687190400000,15.209999999999999,15.37,15.1,15.12,41389,62869407.0,0.0,15,15.299999999999999,0
20230621,1687276800000,15.120000000000001,15.21,14.9,14.92,39721,59728314.0,0.0,15,15.120000000000001,0
20230626,1687708800000,14.9,14.9,14.530000000000001,14.56,49400,72327593.0,0.0,15,14.920000000000002,0
20230627,1687795200000,14.59,14.7,14.41,14.44,43455,62965008.0,0.0,15,14.56,0
20230628,1687881600000,14.41,14.719999999999999,14.36,14.649999999999999,42298,61578005.0,0.0,15,14.44,0
20230629,1687968000000,14.58,14.75,14.44,14.49,37204,54167470.0,0.0,15,14.65,0
20230630,1688054400000,14.450000000000001,14.82,14.450000000000001,14.610000000000001,47342,69254910.0,0.0,15,14.49,0
20230703,1688313600000,14.63,15.020000000000001,14.63,14.88,48421,72042648.0,0.0,15,14.610000000000001,0
20230704,1688400000000,14.920000000000002,15.080000000000002,14.780000000000001,15.000000000000002,33523,50116794.0,0.0,15,14.88,0
20230705,1688486400000,15.06,15.06,14.6,14.709999999999999,47233,69484817.0,0.0,15,15.0,0
20230706,1688572800000,14.709999999999999,14.83,14.61,14.68,27393,40234566.0,0.0,15,14.709999999999999,0
20230707,1688659200000,14.58,14.72,14.5,14.57,32899,47974922.0,0.0,15,14.68,0
20230710,1688918400000,14.64,14.780000000000001,14.55,14.75,31511,46317755.0,0.0,15,14.57,0
20230711,1689004800000,14.799999999999999,14.799999999999999,14.6,14.75,22375,32870016.0,0.0,15,14.75,0
20230712,1689091200000,14.76,14.89,14.66,14.75,29641,43819037.0,0.0,15,14.75,0
20230713,1689177600000,14.760000000000002,14.950000000000001,14.71,14.91,42442,63038056.00000001,0.0,15,14.75,0
20230714,1689264000000,14.9,14.94,14.65,14.67,35062,51830083.0,0.0,15,14.91,0
20230717,1689523200000,14.66,14.75,14.42,14.73,34489,50492269.0,0.0,15,14.67,0
20230718,1689609600000,14.709999999999999,14.78,14.61,14.629999999999999,28550,41896757.0,0.0,15,14.729999999999999,0
20230719,1689696000000,14.59,14.719999999999999,14.43,14.58,36834,53618158.0,0.0,15,14.629999999999999,0
20230720,1689782400000,14.58,14.709999999999999,14.51,14.56,31815,46529332.00000001,0.0,15,14.58,0
20230721,1689868800000,14.56,15.0,14.5,14.88,67295,99759159.0,0.0,15,14.56,0
20230724,1690128000000,14.89,14.950000000000001,14.55,14.66,54017,79105017.99999999,0.0,15,14.88,0
20230725,1690214400000,14.77,15.09,14.69,15.01,67876,101497198.0,0.0,15,14.66,0
20230726,1690300800000,14.98,15.08,14.91,15.05,35648,53523848.0,0.0,15,15.01,0
20230727,1690387200000,15.030000000000001,15.14,14.950000000000001,15.06,45580,68657936.00000001,0.0,15,15.05,0
20230728,1690473600000,14.98,15.280000000000001,14.96,15.260000000000002,46396,70405630.0,0.0,15,15.06,0
20230731,1690732800000,15.36,15.78,15.35,15.48,69288,107219176.0,0.0,15,15.26,0
20230801,1690819200000,15.47,15.64,15.38,15.49,66308,102901942.0,0.0,15,15.48,0
20230802,1690905600000,15.530000000000001,15.75,15.48,15.63,69146,108115701.0,0.0,15,15.49,0
20230803,1690992000000,15.68,15.81,15.6,15.78,58022,91185294.00000001,0.0,15,15.629999999999999,0
20230804,1691078400000,15.89,15.99,15.4,15.41,67660,105272082.0,0.0,15,15.780000000000001,0
20230807,1691337600000,15.3,15.42,15.08,15.23,60885,92491371.0,0.0,15,15.41,0
20230808,1691424000000,15.23,15.299999999999999,15.02,15.219999999999999,39419,59714108.99999999,0.0,15,15.23,0
20230809,1691510400000,15.15,15.280000000000001,15.13,15.200000000000001,24097,36651680.0,0.0,15,15.22,0
20230810,1691596800000,15.16,15.24,15.05,15.22,26613,40261123.0,0.0,15,15.200000000000001,0
20230811,1691683200000,15.149999999999999,15.26,14.86,14.879999999999999,39195,58835254.0,0.0,15,15.219999999999999,0
20230814,1691942400000,14.790000000000001,14.8,14.530000000000001,14.770000000000001,34640,50841428.00000001,0.0,15,14.88,0
20230815,1692028800000,14.82,14.850000000000001,14.450000000000001,14.55,28098,40983610.00000001,0.0,15,14.770000000000001,0
20230816,1692115200000,14.5,14.63,14.41,14.41,24575,35637993.0,0.0,15,14.55,0
20230817,1692201600000,14.41,14.58,14.16,14.52,39083,56113068.99999999,0.0,15,14.41,0
20230818,1692288000000,14.54,14.57,14.1,14.1,45144,64584228.0,0.0,15,14.52,0
20230821,1692547200000,14.09,14.25,13.92,14.05,39640,55945460.0,0.0,15,14.1,0
20230822,1692633600000,14.13,14.2,12.75,12.97,164876,214373429.0,0.0,15,14.05,0
20230823,1692720000000,13.059999999999999,13.07,12.52,12.59,80706,102372642.0,0.0,15,12.969999999999999,0
20230824,1692806400000,12.6,12.82,12.36,12.729999999999999,67380,84952779.00000001,0.0,15,12.59,0
20230825,1692892800000,12.7,12.83,12.51,12.62,48933,62033075.0,0.0,15,12.73,0
20230828,1693152000000,13.2,13.35,12.61,12.66,70864,91253173.0,0.0,15,12.62,0
20230829,1693238400000,12.629999999999999,13.049999999999999,12.61,13.03,60217,77542492.0,0.0,15,12.66,0
20230830,1693324800000,13.02,13.28,13.0,13.12,39325,51735490.0,0.0,15,13.03,0
20230831,1693411200000,13.04,13.25,13.0,13.16,29938,39313233.0,0.0,15,13.12,0
20230901,1693497600000,13.23,13.38,13.15,13.3,36398,48440504.0,0.0,15,13.16,0
20230904,1693756800000,13.399999999999999,13.74,13.36,13.69,55851,75798175.0,0.0,15,13.299999999999999,0
20230905,1693843200000,13.67,13.75,13.52,13.53,27467,37353516.00000001,0.0,15,13.69,0
20230906,1693929600000,13.57,13.58,13.38,13.450000000000001,23112,31070596.0,0.0,15,13.530000000000001,0
20230907,1694016000000,13.46,13.5,13.16,13.2,36346,48182862.0,0.0,15,13.45,0
20230908,1694102400000,13.1,13.23,13.07,13.07,22412,29439611.0,0.0,15,13.200000000000001,0
20230911,1694361600000,13.07,13.48,13.05,13.39,42579,56728082.0,0.0,15,13.07,0
20230912,1694448000000,13.31,13.58,13.3,13.49,25758,34693275.0,0.0,15,13.39,0
20230913,1694534400000,13.46,13.55,13.31,13.4,23498,31528987.0,0.0,15,13.49,0
20230914,1694620800000,13.4,13.43,13.16,13.2,30411,40348208.0,0.0,15,13.4,0
20230915,1694707200000,13.209999999999999,13.4,13.19,13.33,30454,40458769.00000001,0.0,15,13.2,0
20230918,1694966400000,13.36,13.58,13.01,13.52,41396,55244636.0,0.0,15,13.33,0
20230919,1695052800000,13.46,13.5,13.25,13.46,27840,37284987.00000001,0.0,15,13.52,0
20230920,1695139200000,13.42,13.52,13.4,13.44,23402,31506077.0,0.0,15,13.46,0
20230921,1695225600000,13.41,13.41,13.01,13.01,46039,60497781.99999999,0.0,15,13.44,0
20230922,1695312000000,13.06,13.350000000000001,12.950000000000001,13.350000000000001,38395,50689389.99999999,0.0,15,13.010000000000002,0
20230925,1695571200000,13.39,13.4,13.17,13.19,24470,32358001.000000004,0.0,15,13.35,0
20230926,1695657600000,13.190000000000001,13.350000000000001,13.13,13.17,28830,38125752.0,0.0,15,13.190000000000001,0
20230927,1695744000000,13.11,13.51,13.11,13.33,33976,45344927.0,0.0,15,13.17,0
20230928,1695830400000,13.35,13.879999999999999,13.35,13.4,49173,66372108.0,0.0,15,13.33,0
20231009,1696780800000,13.28,13.36,13.09,13.25,42931,56837141.0,0.0,15,13.4,0
20231010,1696867200000,13.22,13.38,13.08,13.11,27217,35925858.00000001,0.0,15,13.25,0
20231011,1696953600000,13.16,13.43,13.1,13.299999999999999,38948,51856502.0,0.0,15,13.11,0
20231012,1697040000000,13.379999999999999,14.0,12.86,12.899999999999999,118901,157528494.0,0.0,15,13.299999999999999,0
20231013,1697126400000,12.860000000000001,13.0,12.47,12.930000000000001,60139,76772385.0,0.0,15,12.9,0
20231016,1697385600000,12.83,12.9,12.55,12.680000000000001,48472,61419250.0,0.0,15,12.930000000000001,0
20231017,1697472000000,12.73,12.82,12.51,12.79,32414,41213910.0,0.0,15,12.68,0
20231018,1697558400000,12.76,12.76,12.36,12.49,55413,69211647.0,0.0,15,12.79,0
20231019,1697644800000,12.42,12.7,12.34,12.44,35975,45171953.0,0.0,15,12.49,0
20231020,1697731200000,12.459999999999999,12.8,12.34,12.37,48529,60737337.0,0.0,15,12.44,0
20231023,1697990400000,12.350000000000001,12.530000000000001,12.22,12.38,41335,51110218.00000001,0.0,15,12.370000000000001,0
20231024,1698076800000,12.42,12.77,12.32,12.71,47002,59391205.0,0.0,15,12.38,0
20231025,1698163200000,12.74,13.11,12.68,13.03,52455,67791914.99999999,0.0,15,12.709999999999999,0
20231026,1698249600000,13.030000000000001,13.27,12.9,13.22,50945,66483708.99999999,0.0,15,13.030000000000001,0
20231027,1698336000000,13.23,14.100000000000001,13.13,14.020000000000001,127439,175462593.00000003,0.0,15,13.22,0
20231030,1698595200000,14.45,15.08,14.35,14.9,183089,270845976.00000006,0.0,15,14.02,0
20231031,1698681600000,14.9,14.97,14.49,14.75,101592,149224474.0,0.0,15,14.9,0
20231101,1698768000000,14.950000000000001,14.98,14.620000000000001,14.770000000000001,51004,75329362.0,0.0,15,14.750000000000002,0
20231102,1698854400000,14.77,14.85,14.52,14.62,42614,62412013.0,0.0,15,14.77,0
20231103,1698940800000,14.66,14.959999999999999,14.52,14.77,55511,82096799.0,0.0,15,14.62,0
20231106,1699200000000,14.81,14.96,14.63,14.92,66070,97838895.00000001,0.0,15,14.770000000000001,0
20231107,1699286400000,14.89,15.200000000000001,14.790000000000001,14.88,59682,89495312.0,0.0,15,14.920000000000002,0
20231108,1699372800000,14.9,14.98,14.780000000000001,14.830000000000002,47083,69926105.0,0.0,15,14.88,0
20231109,1699459200000,14.83,14.959999999999999,14.77,14.9,36269,53923956.0,0.0,15,14.83,0
20231110,1699545600000,14.809999999999999,14.879999999999999,14.69,14.77,36080,53333787.00000001,0.0,15,14.9,0
20231113,1699804800000,14.770000000000001,14.82,14.55,14.690000000000001,37116,54452173.0,0.0,15,14.770000000000001,0
20231114,1699891200000,14.700000000000001,14.780000000000001,14.46,14.510000000000002,37010,53915369.00000001,0.0,15,14.690000000000001,0
20231115,1699977600000,14.65,14.65,14.48,14.55,33621,48947319.99999999,0.0,15,14.51,0
20231116,1700064000000,14.54,14.6,14.27,14.33,36496,52531387.99999999,0.0,15,14.549999999999999,0
20231117,1700150400000,14.33,14.43,14.25,14.37,26593,38215221.0,0.0,15,14.33,0
20231120,1700409600000,14.38,14.520000000000001,14.3,14.370000000000001,31204,44926819.00000001,0.0,15,14.370000000000001,0
20231121,1700496000000,14.46,14.670000000000002,14.370000000000001,14.600000000000001,46574,67745077.0,0.0,15,14.370000000000001,0
20231122,1700582400000,14.450000000000001,14.59,14.4,14.49,27976,40574655.99999999,0.0,15,14.6,0
20231123,1700668800000,14.55,14.64,14.32,14.63,28981,41994413.0,0.0,15,14.49,0
20231124,1700755200000,14.700000000000001,14.700000000000001,14.46,14.63,32902,47990710.99999999,0.0,15,14.63,0
20231127,1701014400000,14.559999999999999,14.61,14.36,14.57,37813,54792096.0,0.0,15,14.629999999999999,0
20231128,1701100800000,14.450000000000001,14.64,14.4,14.59,23894,34770359.0,0.0,15,14.57,0
20231129,1701187200000,14.56,14.750000000000002,14.530000000000001,14.64,29871,43751072.0,0.0,15,14.590000000000002,0
20231130,1701273600000,14.59,14.99,14.5,14.95,75464,112113882.0,0.0,15,14.64,0
20231201,1701360000000,14.96,15.18,14.82,14.88,82656,123603974.0,0.0,15,14.950000000000001,0
20231204,1701619200000,14.870000000000001,14.870000000000001,14.21,14.440000000000001,86127,124125543.0,0.0,15,14.88,0
20231205,1701705600000,14.43,14.69,14.35,14.53,63375,92408075.0,0.0,15,14.44,0
20231206,1701792000000,14.450000000000001,14.68,14.32,14.530000000000001,28761,41701742.0,0.0,15,14.530000000000001,0
20231207,1701878400000,14.41,14.600000000000001,14.21,14.420000000000002,44573,63844120.00000001,0.0,15,14.530000000000001,0
20231208,1701964800000,14.360000000000001,14.58,14.23,14.26,34319,49380641.0,0.0,15,14.42,0
20231211,1702224000000,14.170000000000002,14.31,13.870000000000001,14.250000000000002,42153,59683774.0,0.0,15,14.260000000000002,0
20231212,1702310400000,14.27,14.28,14.11,14.19,30576,43414003.0,0.0,15,14.25,0
20231213,1702396800000,14.15,14.16,13.75,13.8,49074,68091288.0,0.0,15,14.19,0
20231214,1702483200000,13.81,13.98,13.75,13.79,33646,46601703.0,0.0,15,13.8,0
20231215,1702569600000,13.76,13.889999999999999,13.6,13.68,35924,49258015.0,0.0,15,13.79,0
20231218,1702828800000,13.610000000000001,13.790000000000001,13.46,13.520000000000001,35708,48540665.0,0.0,15,13.680000000000001,0
20231219,1702915200000,13.530000000000001,13.58,13.39,13.48,26653,35911726.0,0.0,15,13.520000000000001,0
20231220,1703001600000,13.48,13.6,13.24,13.24,29545,39537427.99999999,0.0,15,13.48,0
20231221,1703088000000,13.200000000000001,13.23,12.790000000000001,12.83,119106,154446878.0,0.0,15,13.24,0
20231222,1703174400000,12.9,12.91,12.540000000000001,12.63,89629,113599233.99999999,0.0,15,12.83,0
20231225,1703433600000,12.69,12.77,12.51,12.76,57397,72718010.00000001,0.0,15,12.629999999999999,0
20231226,1703520000000,12.76,12.84,12.6,12.629999999999999,35156,44683274.0,0.0,15,12.76,0
20231227,1703606400000,12.59,12.93,12.59,12.85,36084,45983828.0,0.0,15,12.629999999999999,0
20231228,1703692800000,12.85,13.370000000000001,12.81,13.25,50165,65654288.00000001,0.0,15,12.85,0
20231229,1703779200000,13.25,13.41,13.25,13.29,30024,40031666.0,0.0,15,13.25,0
20240102,1704124800000,13.299999999999999,13.469999999999999,13.1,13.389999999999999,59601,79518086.0,0.0,15,13.29,0
20240103,1704211200000,13.38,13.5,13.25,13.36,42361,56623731.0,0.0,15,13.39,0
20240104,1704297600000,13.41,13.41,13.11,13.18,35966,47527220.0,0.0,15,13.36,0
20240105,1704384000000,13.15,13.219999999999999,12.94,13.03,35022,45850695.00000001,0.0,15,13.18,0
20240108,1704643200000,12.96,13.1,12.75,12.82,33195,42752933.0,0.0,15,13.03,0
20240109,1704729600000,12.790000000000001,12.83,12.540000000000001,12.71,40026,50690579.0,0.0,15,12.82,0
20240110,1704816000000,12.65,12.92,12.51,12.89,33518,42799244.0,0.0,15,12.709999999999999,0
20240111,1704902400000,12.84,12.99,12.75,12.92,33430,42992728.0,0.0,15,12.89,0
20240112,1704988800000,12.88,13.14,12.82,12.99,28634,37232612.00000001,0.0,15,12.92,0
20240115,1705248000000,12.89,13.090000000000002,12.88,12.89,33110,42882690.0,0.0,15,12.99,0
20240116,1705334400000,12.85,12.97,12.76,12.95,34353,44200219.0,0.0,15,12.89,0
20240117,1705420800000,12.9,12.94,12.57,12.58,32786,41862155.0,0.0,15,12.950000000000001,0
20240118,1705507200000,12.55,12.59,12.05,12.440000000000001,51674,63471375.0,0.0,15,12.58,0
20240119,1705593600000,12.42,12.540000000000001,12.31,12.35,27466,34084711.0,0.0,15,12.440000000000001,0
20240122,1705852800000,12.32,12.35,11.48,11.51,54006,64389788.00000001,0.0,15,12.35,0
20240123,1705939200000,11.69,11.92,11.41,11.86,57547,67397331.00000001,0.0,15,11.51,0
20240124,1706025600000,11.92,12.180000000000001,11.72,12.16,58150,69721256.0,0.0,15,11.860000000000001,0
20240125,1706112000000,12.15,12.37,12.0,12.21,57417,70036003.99999999,0.0,15,12.16,0
20240126,1706198400000,12.2,12.34,12.02,12.049999999999999,40904,49641941.00000001,0.0,15,12.209999999999999,0
20240129,1706457600000,12.03,12.39,11.83,11.95,62345,75153606.0,0.0,15,12.05,0
20240130,1706544000000,11.71,11.85,11.48,11.49,49617,57949109.0,0.0,15,11.950000000000001,0
20240131,1706630400000,11.5,11.719999999999999,11.11,11.139999999999999,57402,64970218.99999999,0.0,15,11.49,0
20240201,1706716800000,11.120000000000001,11.39,10.98,11.1,57470,64128746.0,0.0,15,11.14,0
20240202,1706803200000,11.110000000000001,11.24,10.38,10.73,70261,76560300.0,0.0,15,11.100000000000001,0
20240205,1707062400000,10.629999999999999,10.9,10.02,10.54,104621,108997040.0,0.0,15,10.73,0
20240206,1707148800000,10.46,11.430000000000001,10.21,11.420000000000002,84457,92505316.0,0.0,15,10.540000000000001,0
20240207,1707235200000,11.5,12.559999999999999,11.44,12.559999999999999,135173,167425454.0,0.0,15,11.42,0
20240208,1707321600000,12.790000000000001,13.49,12.4,12.46,148385,191991231.00000003,0.0,15,12.56,0
20240219,1708272000000,12.67,12.68,11.98,12.21,106697,130386796.0,0.0,15,12.46,0
20240220,1708358400000,12.1,12.15,11.82,12.02,80258,95989372.0,0.0,15,12.21,0
20240221,1708444800000,11.9,12.88,11.82,12.47,100401,125288352.0,0.0,15,12.02,0
20240222,1708531200000,12.47,12.48,12.200000000000001,12.370000000000001,65044,79980963.00000001,0.0,15,12.47,0
20240223,1708617600000,12.360000000000001,12.370000000000001,12.05,12.280000000000001,65330,79513211.00000001,0.0,15,12.370000000000001,0
20240226,1708876800000,12.200000000000001,12.41,11.9,12.110000000000001,73665,89233823.0,0.0,15,12.280000000000001,0
20240227,1708963200000,12.09,12.280000000000001,11.98,12.280000000000001,50735,61598627.0,0.0,15,12.110000000000001,0
20240228,1709049600000,12.260000000000002,12.56,12.040000000000001,12.05,82400,101350059.0,0.0,15,12.280000000000001,0
20240229,1709136000000,12.06,12.32,12.0,12.28,60295,73582312.0,0.0,15,12.05,0
20240301,1709222400000,12.440000000000001,12.440000000000001,12.06,12.18,64878,78811476.0,0.0,15,12.280000000000001,0
20240304,1709481600000,12.23,12.29,12.02,12.12,54135,65590672.0,0.0,15,12.18,0
20240305,1709568000000,12.04,12.18,12.0,12.1,50583,61166032.0,0.0,15,12.12,0
20240306,1709654400000,12.07,12.12,11.75,11.9,57999,69178604.0,0.0,15,12.1,0
20240307,1709740800000,11.89,12.030000000000001,11.700000000000001,11.700000000000001,45070,53518074.0,0.0,15,11.9,0
20240308,1709827200000,11.74,11.8,11.55,11.690000000000001,34189,39894719.0,0.0,15,11.700000000000001,0
20240311,1710086400000,11.74,12.190000000000001,11.65,12.190000000000001,62894,75133617.0,0.0,15,11.69,0
20240312,1710172800000,12.170000000000002,12.48,12.120000000000001,12.48,66619,82323687.0,0.0,15,12.190000000000001,0
20240313,1710259200000,12.48,12.700000000000001,12.4,12.58,64171,80701036.0,0.0,15,12.48,0
20240314,1710345600000,12.469999999999999,12.719999999999999,12.36,12.44,45549,57112111.0,0.0,15,12.58,0
20240315,1710432000000,12.44,12.77,12.4,12.77,63880,80617310.00000001,0.0,15,12.44,0
20240318,1710691200000,12.77,12.77,12.41,12.65,64303,80711597.99999999,0.0,15,12.77,0
20240319,1710777600000,12.56,12.930000000000001,12.540000000000001,12.72,50912,64914716.00000001,0.0,15,12.65,0
20240320,1710864000000,12.72,12.83,12.66,12.790000000000001,32902,41911247.0,0.0,15,12.72,0
20240321,1710950400000,12.790000000000001,12.950000000000001,12.63,12.8,38907,49817264.0,0.0,15,12.790000000000001,0
20240322,1711036800000,12.81,12.9,12.51,12.6,42834,54147232.00000001,0.0,15,12.799999999999999,0
20240325,1711296000000,12.549999999999999,12.68,12.36,12.389999999999999,32655,40843051.0,0.0,15,12.6,0
20240326,1711382400000,12.33,12.65,12.33,12.51,35134,43858368.0,0.0,15,12.39,0
20240327,1711468800000,12.52,12.74,12.4,12.4,34194,42920051.0,0.0,15,12.51,0
20240328,1711555200000,13.0,13.33,12.64,12.780000000000001,109848,140950810.0,0.0,15,12.4,0
20240329,1711641600000,12.77,13.02,12.66,12.98,76814,99106331.0,0.0,15,12.78,0
20240401,1711900800000,12.85,13.45,12.85,13.379999999999999,78280,103802142.0,0.0,15,12.98,0
20240402,1711987200000,13.38,13.75,13.22,13.64,79662,108078753.0,0.0,15,13.38,0
20240403,1712073600000,13.59,13.73,13.52,13.639999999999999,46515,63266965.0,0.0,15,13.639999999999999,0
20240408,1712505600000,13.600000000000001,13.610000000000001,13.22,13.33,64554,86259412.0,0.0,15,13.64,0
20240409,1712592000000,13.34,13.530000000000001,13.23,13.450000000000001,43227,57940255.99999999,0.0,15,13.33,0
20240410,1712678400000,13.48,13.5,13.23,13.34,31364,41898576.0,0.0,15,13.450000000000001,0
20240411,1712764800000,13.27,13.479999999999999,13.11,13.27,35492,47273820.0,0.0,15,13.34,0
20240412,1712851200000,13.13,13.38,13.07,13.1,28239,37215957.0,0.0,15,13.27,0
20240415,1713110400000,13.09,13.38,13.0,13.19,45857,60509863.0,0.0,15,13.1,0
20240416,1713196800000,13.030000000000001,13.32,12.97,13.05,65237,85768809.0,0.0,15,13.190000000000001,0
20240417,1713283200000,13.15,13.209999999999999,12.93,13.18,72843,95271953.00000001,0.0,15,13.049999999999999,0
20240418,1713369600000,13.110000000000001,13.6,12.98,13.33,59948,80138269.0,0.0,15,13.18,0
20240419,1713456000000,13.24,13.459999999999999,13.19,13.43,46194,61736156.0,0.0,15,13.33,0
20240422,1713715200000,13.4,13.840000000000002,13.38,13.67,65342,89369630.0,0.0,15,13.430000000000001,0
20240423,1713801600000,13.770000000000001,13.850000000000001,13.540000000000001,13.72,46700,63888085.0,0.0,15,13.670000000000002,0
20240424,1713888000000,13.72,13.750000000000002,13.370000000000001,13.520000000000001,51264,69209476.0,0.0,15,13.72,0
20240425,1713974400000,13.5,13.59,13.35,13.469999999999999,39436,53109389.0,0.0,15,13.52,0
20240426,1714060800000,13.65,13.96,13.620000000000001,13.950000000000001,92037,127371628.0,0.0,15,13.47,0
20240429,1714320000000,13.9,13.94,13.67,13.88,96140,132777115.0,0.0,15,13.95,0
20240430,1714406400000,13.799999999999999,14.01,13.77,13.969999999999999,63215,88010333.0,0.0,15,13.879999999999999,0
20240506,1714924800000,14.06,14.23,13.950000000000001,14.07,85152,119760806.0,0.0,15,13.97,0
20240507,1715011200000,14.049999999999999,14.48,14.01,14.39,104197,149032922.0,0.0,15,14.07,0
20240508,1715097600000,14.39,14.44,14.24,14.3,52547,75282549.00000001,0.0,15,14.39,0
20240509,1715184000000,14.39,14.58,14.26,14.34,72033,103887155.0,0.0,15,14.299999999999999,0
20240510,1715270400000,14.44,14.58,14.34,14.44,48825,70457091.0,0.0,15,14.34,0
20240513,1715529600000,14.45,14.45,14.11,14.149999999999999,54743,77655782.0,0.0,15,14.44,0
20240514,1715616000000,14.24,14.36,14.17,14.27,39619,56552115.0,0.0,15,14.15,0
20240515,1715702400000,14.280000000000001,14.35,14.07,14.09,35710,50697234.00000001,0.0,15,14.27,0
20240516,1715788800000,14.09,14.18,14.01,14.03,36639,51588531.0,0.0,15,14.09,0
20240517,1715875200000,14.01,14.48,14.01,14.459999999999999,66630,95123553.0,0.0,15,14.03,0
20240520,1716134400000,14.5,14.65,14.33,14.46,55936,80900089.0,0.0,15,14.46,0
20240521,1716220800000,14.47,14.500000000000002,14.200000000000001,14.23,38751,55429452.0,0.0,15,14.46,0
20240522,1716307200000,14.34,14.34,13.92,13.99,47278,66365471.00000001,0.0,15,14.23,0
20240523,1716393600000,13.99,14.03,13.68,13.719999999999999,40729,56151194.0,0.0,15,13.99,0
20240524,1716480000000,13.620000000000001,13.82,13.530000000000001,13.590000000000002,35658,48613485.0,0.0,15,13.72,0
20240527,1716739200000,13.66,13.71,13.47,13.680000000000001,39165,53176440.00000001,0.0,15,13.59,0
20240528,1716825600000,13.620000000000001,13.73,13.370000000000001,13.41,29801,40185188.99999999,0.0,15,13.680000000000001,0
20240529,1716912000000,13.39,13.55,13.290000000000001,13.350000000000001,34494,46275296.0,0.0,15,13.41,0
20240530,1716998400000,13.35,13.46,13.23,13.370000000000001,29169,38879704.0,0.0,15,13.35,0
20240531,1717084800000,13.36,13.48,13.27,13.28,23864,31890535.0,0.0,15,13.37,0
20240603,1717344000000,13.280000000000001,13.48,13.13,13.23,39537,52489193.0,0.0,15,13.280000000000001,0
20240604,1717430400000,13.17,13.44,13.16,13.41,36726,48892374.99999999,0.0,15,13.23,0
20240605,1717516800000,13.47,13.56,13.21,13.23,33931,45360625.0,0.0,15,13.41,0
20240606,1717603200000,13.22,13.290000000000001,12.870000000000001,12.930000000000001,76255,99419493.0,0.0,15,13.23,0
20240607,1717689600000,12.97,13.110000000000001,12.8,12.92,41397,53655704.00000001,0.0,15,12.930000000000001,0
20240611,1718035200000,12.84,13.09,12.72,12.99,40882,52896194.99999999,0.0,15,12.92,0
20240612,1718121600000,13.08,13.13,12.790000000000001,12.840000000000002,44716,57873213.0,0.0,15,12.99,0
20240613,1718208000000,12.77,12.92,12.61,12.77,41300,52570353.0,0.0,15,12.84,0
20240614,1718294400000,12.5,12.59,12.14,12.450000000000001,46097,56920097.0,0.0,15,12.370000000000001,0
20240617,1718553600000,12.41,12.58,12.32,12.46,41925,52281122.0,0.0,15,12.450000000000001,0
20240618,1718640000000,12.57,12.57,12.31,12.370000000000001,41050,50918309.0,0.0,15,12.46,0
20240619,1718726400000,12.370000000000001,12.43,12.16,12.23,32021,39340758.0,0.0,15,12.370000000000001,0
20240620,1718812800000,12.22,12.3,11.99,12.0,29936,36235657.0,0.0,15,12.23,0
20240621,1718899200000,11.979999999999999,12.15,11.94,12.04,31013,37351088.0,0.0,15,12.0,0
20240624,1719158400000,12.100000000000001,12.100000000000001,11.64,11.700000000000001,35359,41599795.00000001,0.0,15,12.040000000000001,0
20240625,1719244800000,11.68,11.94,11.66,11.75,29258,34530608.0,0.0,15,11.7,0
20240626,1719331200000,11.82,11.99,11.700000000000001,11.99,22869,27095038.999999996,0.0,15,11.750000000000002,0
20240627,1719417600000,11.98,11.98,11.5,11.62,46013,53448046.0,0.0,15,11.99,0
20240628,1719504000000,11.600000000000001,11.780000000000001,11.38,11.41,40851,47253965.0,0.0,15,11.620000000000001,0
20240701,1719763200000,11.43,11.64,11.33,11.56,33790,38819762.00000001,0.0,15,11.41,0
20240702,1719849600000,11.58,11.600000000000001,11.3,11.350000000000001,51347,58527275.00000001,0.0,15,11.56,0
20240703,1719936000000,11.32,11.41,11.21,11.260000000000002,36908,41687073.0,0.0,15,11.350000000000001,0
20240704,1720022400000,11.309999999999999,11.35,10.94,10.959999999999999,39087,43260136.0,0.0,15,11.26,0
20240705,1720108800000,10.98,11.12,10.85,11.08,42953,47252433.00000001,0.0,15,10.959999999999999,0
20240708,1720368000000,11.08,11.22,10.66,10.7,47821,51554739.00000001,0.0,15,11.08,0
20240709,1720454400000,10.700000000000001,10.88,10.55,10.790000000000001,51448,55191440.00000001,0.0,15,10.700000000000001,0
20240710,1720540800000,10.76,10.95,10.69,10.879999999999999,33275,36172815.0,0.0,15,10.79,0
20240711,1720627200000,10.99,11.2,10.83,10.98,67098,74007638.0,0.0,15,10.88,0
20240712,1720713600000,10.969999999999999,11.02,10.61,10.86,63676,68776338.0,0.0,15,10.979999999999999,0
20240715,1720972800000,10.82,10.94,10.77,10.809999999999999,40020,43423247.0,0.0,15,10.86,0
20240716,1721059200000,10.76,10.82,10.5,10.57,61143,65050593.00000001,0.0,15,10.81,0
20240717,1721145600000,10.559999999999999,10.77,10.36,10.709999999999999,46756,49532895.0,0.0,15,10.57,0
20240718,1721232000000,10.66,10.94,10.57,10.9,54606,58828399.00000001,0.0,15,10.71,0
20240719,1721318400000,10.860000000000001,10.97,10.700000000000001,10.940000000000001,45829,49806748.0,0.0,15,10.9,0
20240722,1721577600000,10.96,10.97,10.74,10.82,45473,49150595.00000001,0.0,15,10.94,0
20240723,1721664000000,10.790000000000001,10.8,10.33,10.36,47068,49503106.0,0.0,15,10.82,0
20240724,1721750400000,10.370000000000001,10.43,10.07,10.17,36738,37688231.0,0.0,15,10.36,0
20240725,1721836800000,10.180000000000001,10.4,10.120000000000001,10.280000000000001,36029,37002998.00000001,0.0,15,10.170000000000002,0
20240726,1721923200000,10.28,10.48,10.25,10.4,29807,30974702.999999996,0.0,15,10.28,0
20240729,1722182400000,10.34,10.459999999999999,10.11,10.139999999999999,38930,39736226.00000001,0.0,15,10.399999999999999,0
20240730,1722268800000,10.14,10.17,10.0,10.1,37513,37772545.0,0.0,15,10.14,0
20240731,1722355200000,10.100000000000001,10.74,10.05,10.71,70844,74246896.00000001,0.0,15,10.100000000000001,0
20240801,1722441600000,10.7,10.82,10.25,10.33,78496,82080722.00000001,0.0,15,10.71,0
20240802,1722528000000,10.25,10.55,10.16,10.36,63395,65905756.00000001,0.0,15,10.33,0
20240805,1722787200000,10.35,10.66,10.28,10.309999999999999,63291,66253234.0,0.0,15,10.36,0
20240806,1722873600000,10.4,10.629999999999999,10.35,10.59,47228,49669952.0,0.0,15,10.31,0
20240807,1722960000000,10.57,10.59,10.34,10.54,44500,46606102.0,0.0,15,10.59,0
20240808,1723046400000,10.510000000000002,10.88,10.450000000000001,10.780000000000001,67799,72688485.0,0.0,15,10.540000000000001,0
20240809,1723132800000,10.780000000000001,10.850000000000001,10.540000000000001,10.55,50765,54053786.0,0.0,15,10.780000000000001,0
20240812,1723392000000,10.540000000000001,10.82,10.48,10.63,54627,58230072.99999999,0.0,15,10.55,0
20240813,1723478400000,10.64,10.65,10.4,10.540000000000001,38493,40364502.00000001,0.0,15,10.63,0
20240814,1723564800000,10.51,10.52,10.23,10.26,48108,49580783.99999999,0.0,15,10.540000000000001,0
20240815,1723651200000,10.23,10.46,10.200000000000001,10.32,37912,39157678.0,0.0,15,10.260000000000002,0
20240816,1723737600000,10.3,10.3,10.06,10.08,53290,53932529.0,0.0,15,10.32,0
20240819,1723996800000,10.080000000000002,10.21,9.950000000000001,10.020000000000001,55287,55486278.0,0.0,15,10.080000000000002,0
20240820,1724083200000,9.98,10.07,9.85,9.879999999999999,42123,41812368.0,0.0,15,10.02,0
20240821,1724169600000,9.85,9.91,9.66,9.7,57477,56003166.0,0.0,15,9.88,0
20240822,1724256000000,9.760000000000002,9.770000000000001,9.540000000000001,9.63,42108,40574101.99999999,0.0,15,9.700000000000001,0
20240823,1724342400000,9.63,9.76,9.57,9.73,36489,35337904.0,0.0,15,9.63,0
20240826,1724601600000,9.73,9.760000000000002,9.55,9.59,42593,41009678.0,0.0,15,9.73,0
20240827,1724688000000,9.56,9.700000000000001,9.450000000000001,9.660000000000002,42007,40299214.0,0.0,15,9.590000000000002,0
20240828,1724774400000,9.68,9.82,9.61,9.68,59656,57908594.00000001,0.0,15,9.66,0
20240829,1724860800000,9.700000000000001,9.96,9.64,9.92,56358,55394248.0,0.0,15,9.68,0
20240830,1724947200000,9.91,10.36,9.66,10.17,88516,88937280.0,0.0,15,9.92,0
20240902,1725206400000,10.000000000000002,10.000000000000002,9.200000000000001,9.21,217760,204847405.0,0.0,15,10.170000000000002,0
20240903,1725292800000,9.16,9.35,9.01,9.24,120241,110619223.0,0.0,15,9.209999999999999,0
20240904,1725379200000,9.18,9.299999999999999,9.1,9.16,71969,66168811.00000001,0.0,15,9.24,0
20240905,1725465600000,9.17,9.35,9.16,9.25,60878,56382813.0,0.0,15,9.16,0
20240906,1725552000000,9.25,9.3,9.06,9.08,54163,49497195.0,0.0,15,9.25,0
20240909,1725811200000,9.040000000000001,9.11,8.83,8.94,78981,70787405.0,0.0,15,9.08,0
20240910,1725897600000,8.99,8.99,8.700000000000001,8.8,64904,57145296.99999999,0.0,15,8.940000000000001,0
20240911,1725984000000,8.790000000000001,8.98,8.71,8.88,51986,46131807.0,0.0,15,8.8,0
20240912,1726070400000,8.879999999999999,9.02,8.78,8.799999999999999,42552,37844941.0,0.0,15,8.879999999999999,0
20240913,1726156800000,8.79,8.809999999999999,8.53,8.559999999999999,52248,45176862.0,0.0,15,8.799999999999999,0
20240918,1726588800000,8.56,8.66,8.5,8.62,51872,44466752.0,0.0,15,8.56,0
20240919,1726675200000,8.63,9.13,8.63,9.0,92625,82751817.0,0.0,15,8.620000000000001,0
20240920,1726761600000,8.979999999999999,8.979999999999999,8.78,8.879999999999999,52280,46369358.99999999,0.0,15,9.0,0
20240923,1727020800000,8.850000000000001,9.0,8.8,8.82,45432,40287265.0,0.0,15,8.88,0
20240924,1727107200000,8.899999999999999,9.24,8.86,9.24,91720,83421887.00000001,0.0,15,8.82,0
20240925,1727193600000,9.3,9.48,9.17,9.17,100786,94108911.0,0.0,15,9.24,0
20240926,1727280000000,9.149999999999999,10.09,9.11,10.09,179363,173283500.0,0.0,15,9.17,0
20240927,1727366400000,10.68,11.1,10.48,11.1,198854,216411115.0,0.0,15,10.09,0
20240930,1727625600000,12.0,12.209999999999999,11.59,12.209999999999999,308027,369136566.0,0.0,15,11.1,0
20241008,1728316800000,13.43,13.43,12.25,12.7,334832,430768990.00000006,0.0,15,12.21,0
20241009,1728403200000,12.200000000000001,12.950000000000001,11.81,12.67,238048,297077348.0,0.0,15,12.700000000000001,0
20241010,1728489600000,12.549999999999999,12.9,12.1,12.549999999999999,187734,235574569.00000003,0.0,15,12.67,0
20241011,1728576000000,12.55,13.000000000000002,12.370000000000001,12.620000000000001,146628,186258563.0,0.0,15,12.55,0
20241014,1728835200000,12.44,13.35,12.41,13.19,233191,301590373.0,0.0,15,12.620000000000001,0
20241015,1728921600000,12.99,13.3,12.8,12.8,123933,161678100.0,0.0,15,13.190000000000001,0
20241016,1729008000000,12.68,13.05,12.49,12.870000000000001,109028,139909776.0,0.0,15,12.8,0
20241017,1729094400000,12.95,13.11,12.61,12.62,83492,107300896.00000001,0.0,15,12.87,0
20241018,1729180800000,12.58,12.99,12.36,12.76,122651,155051517.0,0.0,15,12.62,0
20241021,1729440000000,12.8,12.950000000000001,12.46,12.74,119860,152309590.0,0.0,15,12.760000000000002,0
20241022,1729526400000,12.73,13.260000000000002,12.63,13.21,123954,160860597.0,0.0,15,12.74,0
20241023,1729612800000,13.209999999999999,13.99,13.11,13.87,183352,251809517.0,0.0,15,13.209999999999999,0
20241024,1729699200000,13.91,14.06,13.71,13.9,130617,181104587.00000003,0.0,15,13.870000000000001,0
20241025,1729785600000,14.25,14.5,13.47,13.58,222264,307446021.0,0.0,15,13.9,0
20241028,1730044800000,14.0,14.25,13.52,14.219999999999999,190961,266797973.0,0.0,15,13.58,0
20241029,1730131200000,14.200000000000001,14.39,13.9,13.96,109906,155795341.0,0.0,15,14.22,0
20241030,1730217600000,13.86,14.1,13.59,13.76,81239,112254003.0,0.0,15,13.959999999999999,0
20241031,1730304000000,13.74,14.27,13.56,14.22,111724,156086324.0,0.0,15,13.76,0
20241101,1730390400000,14.03,14.4,13.93,14.1,91702,130183434.0,0.0,15,14.219999999999999,0
20241104,1730649600000,14.090000000000002,14.580000000000002,14.030000000000001,14.56,102966,148102200.00000003,0.0,15,14.100000000000001,0
20241105,1730736000000,14.500000000000002,14.9,14.280000000000001,14.8,105753,155708187.0,0.0,15,14.56,0
20241106,1730822400000,14.8,14.8,14.32,14.46,119563,173474657.0,0.0,15,14.8,0
20241107,1730908800000,14.379999999999999,15.74,14.26,15.51,183960,279202993.00000006,0.0,15,14.459999999999999,0
20241108,1730995200000,15.700000000000001,15.780000000000001,15.31,15.58,103929,161347712.0,0.0,15,15.51,0
20241111,1731254400000,15.4,15.56,15.06,15.450000000000001,83220,127213176.00000001,0.0,15,15.58,0
20241112,1731340800000,15.530000000000001,15.780000000000001,15.23,15.370000000000001,71249,110377570.00000001,0.0,15,15.450000000000001,0
20241113,1731427200000,15.299999999999999,15.33,15.01,15.1,53297,80721103.00000001,0.0,15,15.37,0
20241114,1731513600000,15.100000000000001,15.170000000000002,14.700000000000001,14.750000000000002,45957,68645919.0,0.0,15,15.100000000000001,0
20241115,1731600000000,14.72,14.87,14.5,14.52,50505,73955158.0,0.0,15,14.75,0
20241118,1731859200000,14.62,14.62,13.84,13.95,99036,140054521.0,0.0,15,14.52,0
20241119,1731945600000,13.950000000000001,14.270000000000001,13.88,14.14,74972,105759223.0,0.0,15,13.950000000000001,0
20241120,1732032000000,14.18,14.39,14.08,14.36,57739,82137350.0,0.0,15,14.14,0
20241121,1732118400000,14.22,14.38,13.99,14.19,42548,60512460.0,0.0,15,14.36,0
20241122,1732204800000,14.17,14.17,13.35,13.35,103668,141341090.00000003,0.0,15,14.19,0
20241125,1732464000000,13.280000000000001,13.73,13.280000000000001,13.57,55439,74955912.0,0.0,15,13.350000000000001,0
20241126,1732550400000,13.57,13.68,13.4,13.5,42258,57162164.99999999,0.0,15,13.57,0
20241127,1732636800000,13.56,13.870000000000001,13.31,13.850000000000001,48576,66284946.0,0.0,15,13.5,0
20241128,1732723200000,13.780000000000001,13.83,13.57,13.61,35515,48576993.0,0.0,15,13.85,0
20241129,1732809600000,13.67,14.16,13.65,13.82,67288,93581119.0,0.0,15,13.610000000000001,0
20241202,1733068800000,13.98,14.270000000000001,13.790000000000001,14.170000000000002,83841,118452907.0,0.0,15,13.82,0
20241203,1733155200000,14.18,14.27,13.93,14.02,48230,67844645.0,0.0,15,14.17,0
20241204,1733241600000,13.98,14.37,13.93,14.01,54412,76984651.0,0.0,15,14.02,0
20241205,1733328000000,13.91,13.98,13.71,13.930000000000001,36907,51099583.0,0.0,15,14.010000000000002,0
20241206,1733414400000,13.860000000000001,14.180000000000001,13.72,14.15,58817,82189636.0,0.0,15,13.930000000000001,0
20241209,1733673600000,14.120000000000001,14.15,13.72,13.9,62091,86436114.0,0.0,15,14.15,0
20241210,1733760000000,14.6,15.29,14.51,14.84,352566,534724196.0,0.0,15,13.9,0
20241211,1733846400000,14.4,14.850000000000001,14.200000000000001,14.600000000000001,253804,369071452.0,0.0,15,14.840000000000002,0
20241212,1733932800000,14.469999999999999,15.379999999999999,14.36,15.34,209320,312959405.0,0.0,15,14.6,0
20241213,1734019200000,15.200000000000001,15.26,14.65,14.94,217730,324673203.0,0.0,15,15.34,0
20241216,1734278400000,14.930000000000001,14.940000000000001,14.280000000000001,14.64,151215,220617082.0,0.0,15,14.940000000000001,0
20241217,1734364800000,14.56,14.72,14.34,14.44,84319,122134520.0,0.0,15,14.64,0
20241218,1734451200000,14.430000000000001,14.5,14.21,14.24,62058,88823892.0,0.0,15,14.440000000000001,0
20241219,1734537600000,14.17,14.26,13.85,14.18,83271,116924147.00000001,0.0,15,14.24,0
20241220,1734624000000,14.06,14.700000000000001,14.040000000000001,14.370000000000001,68524,99140622.0,0.0,15,14.180000000000001,0
20241223,1734883200000,14.42,14.44,13.85,13.879999999999999,61136,86210183.0,0.0,15,14.37,0
20241224,1734969600000,13.8,14.16,13.8,14.05,63474,88518377.0,0.0,15,13.88,0
20241225,1735056000000,14.0,14.02,13.57,13.66,65628,90034574.0,0.0,15,14.05,0
20241226,1735142400000,13.74,13.83,13.51,13.61,49850,67937241.0,0.0,15,13.66,0
20241227,1735228800000,13.58,13.72,13.47,13.540000000000001,48710,66182533.0,0.0,15,13.610000000000001,0
20241230,1735488000000,13.64,13.76,13.41,13.43,54165,73386654.0,0.0,15,13.540000000000001,0
20241231,1735574400000,13.46,13.64,13.3,13.34,47957,64497199.0,0.0,15,13.430000000000001,0
20250102,1735747200000,13.37,13.92,13.33,13.6,127878,174894955.0,0.0,15,13.34,0
20250103,1735833600000,13.5,13.71,12.92,12.95,98969,130801330.00000001,0.0,15,13.6,0
20250106,1736092800000,12.93,13.219999999999999,12.61,12.93,73582,95479870.0,0.0,15,12.95,0
20250107,1736179200000,12.86,12.98,12.6,12.83,58141,74072919.0,0.0,15,12.93,0
20250108,1736265600000,12.7,13.27,12.6,13.049999999999999,75877,98041840.0,0.0,15,12.83,0
20250109,1736352000000,13.1,13.32,13.0,13.14,53883,70780045.0,0.0,15,13.05,0
20250110,1736438400000,13.110000000000001,13.240000000000002,12.780000000000001,12.8,62758,81186161.0,0.0,15,13.14,0
20250113,1736697600000,12.75,12.93,12.6,12.86,53597,68775349.0,0.0,15,12.799999999999999,0
20250114,1736784000000,12.86,13.5,12.84,13.43,55225,73243088.0,0.0,15,12.86,0
20250115,1736870400000,13.43,13.58,13.11,13.219999999999999,62599,83400380.0,0.0,15,13.43,0
20250116,1736956800000,13.17,13.41,13.1,13.19,51984,68820407.0,0.0,15,13.219999999999999,0
20250117,1737043200000,13.13,13.430000000000001,13.05,13.34,60646,80639774.0,0.0,15,13.190000000000001,0
20250120,1737302400000,13.39,13.66,13.24,13.4,78330,105341924.00000001,0.0,15,13.34,0
20250121,1737388800000,13.469999999999999,13.75,13.18,13.709999999999999,66035,89270870.0,0.0,15,13.4,0
20250122,1737475200000,14.31,14.4,13.55,13.870000000000001,132539,182564210.00000003,0.0,15,13.71,0
20250123,1737561600000,13.99,14.18,13.74,13.75,130327,181079146.0,0.0,15,13.870000000000001,0
20250124,1737648000000,13.75,13.82,13.33,13.55,80621,108746347.0,0.0,15,13.75,0
20250127,1737907200000,13.51,13.84,13.51,13.61,46953,64295981.00000001,0.0,15,13.549999999999999,0
20250205,1738684800000,13.72,13.72,13.06,13.08,78291,103483912.0,0.0,15,13.610000000000001,0
20250206,1738771200000,13.11,13.22,12.84,13.19,89020,116184227.0,0.0,15,13.08,0
20250207,1738857600000,13.19,13.5,13.08,13.25,60193,80002452.00000001,0.0,15,13.19,0
20250210,1739116800000,13.26,13.5,13.16,13.4,66851,88936372.0,0.0,15,13.25,0
20250211,1739203200000,13.4,13.46,13.14,13.38,46550,61872018.0,0.0,15,13.4,0
20250212,1739289600000,13.379999999999999,13.379999999999999,13.1,13.23,49833,65795995.0,0.0,15,13.379999999999999,0
20250213,1739376000000,13.23,13.32,13.13,13.15,52155,69055955.0,0.0,15,13.23,0
20250214,1739462400000,13.14,13.200000000000001,12.88,12.98,64410,83661050.0,0.0,15,13.15,0
20250217,1739721600000,12.89,13.24,12.88,12.99,69261,90504390.0,0.0,15,12.98,0
20250218,1739808000000,13.000000000000002,13.07,12.700000000000001,12.770000000000001,53927,69296462.0,0.0,15,12.99,0
20250219,1739894400000,12.770000000000001,12.950000000000001,12.72,12.84,46522,59773346.00000001,0.0,15,12.770000000000001,0
20250220,1739980800000,12.84,12.930000000000001,12.55,12.780000000000001,76435,97619894.00000001,0.0,15,12.84,0
20250221,1740067200000,12.780000000000001,12.92,12.64,12.71,56460,71883748.0,0.0,15,12.780000000000001,0
20250224,1740326400000,12.72,12.96,12.64,12.700000000000001,56530,72131209.0,0.0,15,12.71,0
20250225,1740412800000,12.7,12.7,12.51,12.54,44809,56328625.00000001,0.0,15,12.7,0
20250226,1740499200000,12.54,12.7,12.52,12.66,42975,54208812.0,0.0,15,12.54,0
20250227,1740585600000,12.700000000000001,13.18,12.65,13.05,110170,143355600.0,0.0,15,12.66,0
20250228,1740672000000,13.06,13.420000000000002,12.950000000000001,13.21,106428,141538359.0,0.0,15,13.05,0
20250303,1740931200000,13.37,13.5,13.08,13.17,100586,133945741.0,0.0,15,13.21,0
20250304,1741017600000,13.0,13.15,12.9,12.9,63773,82902062.0,0.0,15,13.17,0
20250305,1741104000000,12.9,12.94,12.57,12.63,58882,74509501.00000001,0.0,15,12.9,0
20250306,1741190400000,12.63,12.69,12.41,12.6,76716,96137292.0,0.0,15,12.63,0
20250307,1741276800000,12.61,12.89,12.51,12.81,71781,91193215.0,0.0,15,12.6,0
20250310,1741536000000,12.74,12.9,12.620000000000001,12.82,53024,67794429.0,0.0,15,12.81,0
20250311,1741622400000,12.7,13.35,12.66,13.35,89209,116806686.00000001,0.0,15,12.82,0
20250312,1741708800000,13.33,13.41,13.08,13.13,52240,68976029.0,0.0,15,13.35,0
20250313,1741795200000,13.100000000000001,13.270000000000001,13.030000000000001,13.180000000000001,52599,69296564.0,0.0,15,13.13,0
20250314,1741881600000,13.21,14.040000000000001,13.21,13.89,163619,226021889.0,0.0,15,13.180000000000001,0
20250317,1742140800000,13.89,14.15,13.83,13.9,85093,118638124.00000001,0.0,15,13.89,0
20250318,1742227200000,13.91,14.15,13.85,14.02,71030,99253974.00000001,0.0,15,13.9,0
20250319,1742313600000,13.99,14.120000000000001,13.870000000000001,13.88,44530,62207380.0,0.0,15,14.020000000000001,0
20250320,1742400000000,13.85,13.99,13.57,13.620000000000001,46831,64214977.0,0.0,15,13.88,0
20250321,1742486400000,13.52,13.87,13.52,13.66,44924,61574668.0,0.0,15,13.62,0
20250324,1742745600000,13.700000000000001,13.88,13.63,13.74,52685,72305044.0,0.0,15,13.66,0
20250325,1742832000000,13.74,13.74,13.43,13.64,45930,62322619.0,0.0,15,13.74,0
20250326,1742918400000,13.52,13.74,13.51,13.58,32484,44229663.00000001,0.0,15,13.64,0
20250327,1743004800000,13.450000000000001,13.660000000000002,13.450000000000001,13.56,36416,49409653.0,0.0,15,13.580000000000002,0
20250328,1743091200000,14.16,14.379999999999999,13.84,13.9,201305,283568837.0,0.0,15,13.56,0
20250331,1743350400000,14.030000000000001,14.600000000000001,14.030000000000001,14.170000000000002,178326,255467986.0,0.0,15,13.9,0
20250401,1743436800000,14.17,14.59,14.15,14.280000000000001,111258,159342405.99999997,0.0,15,14.17,0
20250402,1743523200000,14.260000000000002,14.56,14.200000000000001,14.360000000000001,77603,111589914.0,0.0,15,14.280000000000001,0
20250403,1743609600000,14.290000000000001,14.55,14.120000000000001,14.49,90828,130375646.99999999,0.0,15,14.360000000000001,0
20250407,1743955200000,13.92,14.57,13.06,13.530000000000001,181362,253989930.0,0.0,15,14.49,0
20250408,1744041600000,13.58,14.57,13.58,14.56,223245,318816061.00000006,0.0,15,13.53,0
20250409,1744128000000,14.42,14.6,14.0,14.39,207566,296805346.0,0.0,15,14.56,0
20250410,1744214400000,14.180000000000001,14.46,14.030000000000001,14.160000000000002,235622,334991001.00000006,0.0,15,14.39,0
20250411,1744300800000,14.04,14.2,13.77,14.059999999999999,142176,199300796.0,0.0,15,14.16,0
20250414,1744560000000,14.09,14.52,13.99,14.23,167026,238710401.0,0.0,15,14.06,0
20250415,1744646400000,14.200000000000001,14.93,14.06,14.63,257692,375232490.00000006,0.0,15,14.23,0
20250416,1744732800000,14.52,14.65,14.19,14.44,166645,240182797.0,0.0,15,14.629999999999999,0
20250417,1744819200000,14.31,14.73,14.22,14.600000000000001,174639,254135872.00000003,0.0,15,14.440000000000001,0
20250418,1744905600000,14.540000000000001,14.57,13.9,13.97,150874,213251980.0,0.0,15,14.6,0
20250421,1745164800000,13.84,14.05,13.84,13.959999999999999,85740,119699552.0,0.0,15,13.97,0
20250422,1745251200000,13.9,14.13,13.790000000000001,14.010000000000002,89274,124805458.0,0.0,15,13.96,0
20250423,1745337600000,14.01,14.15,13.89,13.91,81218,113761490.0,0.0,15,14.01,0
20250424,1745424000000,13.82,14.040000000000001,13.780000000000001,13.870000000000001,82391,114329358.0,0.0,15,13.910000000000002,0
20250425,1745510400000,13.81,14.030000000000001,13.81,13.84,60877,84638860.0,0.0,15,13.870000000000001,0
20250428,1745769600000,13.84,13.84,12.85,12.91,178182,235072953.0,0.0,15,13.84,0
20250429,1745856000000,11.930000000000001,12.080000000000002,11.620000000000001,11.620000000000001,278984,325845961.0,0.0,15,12.91,0
20250430,1745942400000,11.510000000000002,11.66,11.21,11.22,235427,268613006.0,0.0,15,11.620000000000001,0
20250506,1746460800000,11.22,11.38,11.200000000000001,11.290000000000001,157229,177322086.0,0.0,15,11.22,0
20250507,1746547200000,11.350000000000001,11.56,11.3,11.42,148733,169270217.0,0.0,15,11.290000000000001,0
20250508,1746633600000,11.379999999999999,11.559999999999999,11.28,11.44,135828,155315554.0,0.0,15,11.42,0
20250509,1746720000000,11.5,11.58,11.38,11.520000000000001,120245,138222494.00000003,0.0,15,11.440000000000001,0
20250512,1746979200000,11.62,11.64,11.42,11.52,110131,126698361.0,0.0,15,11.52,0
20250513,1747065600000,11.549999999999999,11.6,11.36,11.389999999999999,116545,133257805.0,0.0,15,11.52,0
20250514,1747152000000,11.430000000000001,11.440000000000001,11.290000000000001,11.39,108480,123092548.0,0.0,15,11.39,0
20250515,1747238400000,11.39,11.39,11.26,11.35,100121,113499241.00000001,0.0,15,11.39,0
20250516,1747324800000,10.79,10.79,10.5,10.66,142246,150528923.0,0.0,15,10.8,0
20250519,1747584000000,10.85,11.73,10.85,11.73,317687,366762051.0,0.0,15,10.66,0
20250520,1747670400000,11.96,12.31,11.75,12.1,411618,496796878.0,0.0,15,11.73,0
20250521,1747756800000,12.08,12.34,11.8,11.89,215511,257594735.00000003,0.0,15,12.100000000000001,0
20250522,1747843200000,11.89,11.93,11.64,11.64,142759,167518538.99999997,0.0,15,11.89,0
20250523,1747929600000,11.72,11.790000000000001,11.55,11.58,100661,117633692.00000001,0.0,15,11.64,0
20250526,1748188800000,11.58,11.84,11.49,11.790000000000001,107990,126434589.00000001,0.0,15,11.58,0
20250527,1748275200000,11.76,12.049999999999999,11.68,11.99,125729,149351277.99999997,0.0,15,11.79,0
20250528,1748361600000,11.9,11.99,11.77,11.86,70621,83761780.0,0.0,15,11.99,0
20250529,1748448000000,11.86,11.92,11.59,11.67,82497,96312457.0,0.0,15,11.86,0
20250530,1748534400000,11.670000000000002,11.72,11.46,11.48,53471,61941322.00000001,0.0,15,11.670000000000002,0
20250603,1748880000000,11.459999999999999,11.58,11.35,11.52,65965,75607330.0,0.0,15,11.48,0
20250604,1748966400000,11.53,11.85,11.44,11.77,86017,100203695.0,0.0,15,11.52,0
20250605,1749052800000,11.770000000000001,11.8,11.46,11.49,93112,107407859.0,0.0,15,11.770000000000001,0
20250606,1749139200000,11.48,11.54,11.35,11.379999999999999,46854,53388823.0,0.0,15,11.49,0
20250609,1749398400000,11.38,11.430000000000001,11.3,11.370000000000001,52377,59575693.99999999,0.0,15,11.38,0
20250610,1749484800000,11.370000000000001,11.620000000000001,11.24,11.57,90606,103461475.0,0.0,15,11.370000000000001,0
20250611,1749571200000,11.5,11.590000000000002,11.46,11.5,44802,51603347.0,0.0,15,11.57,0
20250612,1749657600000,11.5,11.56,11.4,11.48,40908,46881158.0,0.0,15,11.5,0
20250613,1749744000000,11.4,11.47,11.08,11.12,69597,78021041.00000001,0.0,15,11.48,0
20250616,1750003200000,11.110000000000001,11.180000000000001,10.96,11.010000000000002,53281,58848172.00000001,0.0,15,11.120000000000001,0
20250617,1750089600000,11.08,11.180000000000001,10.97,11.09,41045,45395702.0,0.0,15,11.01,0
20250618,1750176000000,11.17,11.17,10.91,10.95,37674,41319247.0,0.0,15,11.09,0
20250619,1750262400000,10.93,10.97,10.83,10.86,37308,40634370.0,0.0,15,10.95,0
20250620,1750348800000,10.86,10.99,10.83,10.98,42611,46597961.0,0.0,15,10.86,0
20250623,1750608000000,10.930000000000001,10.930000000000001,10.790000000000001,10.89,39724,43106061.0,0.0,15,10.98,0
20250624,1750694400000,10.9,11.090000000000002,10.870000000000001,11.080000000000002,43894,48320457.0,0.0,15,10.89,0
20250625,1750780800000,11.11,11.25,11.08,11.25,53765,60057844.99999999,0.0,15,11.08,0
20250626,1750867200000,11.16,11.280000000000001,11.14,11.16,34510,38641492.0,0.0,15,11.25,0
20250627,1750953600000,11.13,11.23,11.13,11.16,31285,34987353.00000001,0.0,15,11.16,0
20250630,1751212800000,11.2,11.21,11.08,11.12,40769,45456306.0,0.0,15,11.16,0
20250701,1751299200000,11.14,11.17,11.01,11.15,40958,45492860.0,0.0,15,11.12,0
20250702,1751385600000,11.14,11.18,11.07,11.16,31853,35414103.00000001,0.0,15,11.15,0
20250703,1751472000000,11.12,11.32,11.09,11.25,44214,49704310.99999999,0.0,15,11.16,0
20250704,1751558400000,11.25,11.28,11.16,11.22,31180,34976941.0,0.0,15,11.25,0
20250707,1751817600000,11.219999999999999,11.26,11.19,11.25,26167,29416727.0,0.0,15,11.219999999999999,0
20250708,1751904000000,11.22,11.290000000000001,11.22,11.290000000000001,36040,40605966.0,0.0,15,11.25,0
20250709,1751990400000,11.299999999999999,11.399999999999999,11.28,11.309999999999999,45493,51634090.0,0.0,15,11.29,0
20250710,1752076800000,11.3,11.31,11.13,11.200000000000001,57624,64576712.0,0.0,15,11.31,0
20250711,1752163200000,11.250000000000002,11.360000000000001,11.200000000000001,11.330000000000002,50233,56795284.0,0.0,15,11.200000000000001,0
20250714,1752422400000,11.34,11.38,11.3,11.34,37644,42671575.0,0.0,15,11.33,0
20250715,1752508800000,11.33,11.389999999999999,11.19,11.209999999999999,40858,45973595.0,0.0,15,11.34,0
20250716,1752595200000,11.25,11.41,11.21,11.38,44711,50724568.0,0.0,15,11.21,0
20250717,1752681600000,11.360000000000001,11.49,11.31,11.41,42747,48661108.0,0.0,15,11.38,0
20250718,1752768000000,11.41,11.5,11.39,11.49,37935,43499611.00000001,0.0,15,11.41,0
20250721,1753027200000,11.5,11.54,11.43,11.49,44363,50906132.0,0.0,15,11.49,0
20250722,1753113600000,11.459999999999999,11.549999999999999,11.43,11.549999999999999,60866,69992625.0,0.0,15,11.49,0
20250723,1753200000000,11.55,11.6,11.48,11.5,47898,55340844.0,0.0,15,11.55,0
20250724,1753286400000,11.47,11.540000000000001,11.370000000000001,11.540000000000001,49144,56317879.0,0.0,15,11.500000000000002,0
20250725,1753372800000,11.540000000000001,11.64,11.47,11.48,42193,48672929.0,0.0,15,11.540000000000001,0
20250728,1753632000000,11.450000000000001,11.58,11.4,11.44,45535,52293660.00000001,0.0,15,11.48,0
20250729,1753718400000,11.45,11.5,11.33,11.42,38782,44163323.0,0.0,15,11.44,0
20250730,1753804800000,11.44,11.58,11.41,11.55,63485,73132927.0,0.0,15,11.42,0
20250731,1753891200000,11.51,11.54,11.26,11.29,60089,68234803.0,0.0,15,11.549999999999999,0
20250801,1753977600000,11.3,11.35,11.25,11.32,29965,33867325.0,0.0,15,11.29,0
20250804,1754236800000,11.219999999999999,11.35,11.11,11.209999999999999,46658,52274678.0,0.0,15,11.32,0
20250805,1754323200000,11.25,11.3,11.22,11.3,26987,30390752.0,0.0,15,11.21,0
20250806,1754409600000,11.3,11.3,11.200000000000001,11.3,27431,30859396.0,0.0,15,11.3,0
20250807,1754496000000,11.3,11.3,11.200000000000001,11.21,47893,53799603.0,0.0,15,11.3,0
20250808,1754582400000,11.21,11.24,11.14,11.16,34354,38375139.0,0.0,15,11.21,0
20250811,1754841600000,11.19,11.280000000000001,11.15,11.25,50024,56123947.0,0.0,15,11.16,0
20250812,1754928000000,11.27,11.290000000000001,11.23,11.24,38699,43566333.00000001,0.0,15,11.25,0
20250813,1755014400000,11.26,11.290000000000001,11.14,11.25,43537,48831830.0,0.0,15,11.24,0
20250814,1755100800000,11.24,12.38,11.21,11.82,259902,308042107.0,0.0,15,11.25,0
20250815,1755187200000,11.780000000000001,12.09,11.56,11.93,198242,234458204.00000003,0.0,15,11.82,0
20250818,1755446400000,11.84,12.11,11.74,12.03,113005,134895760.99999997,0.0,15,11.93,0
20250819,1755532800000,12.05,12.05,11.89,11.93,72087,86088554.0,0.0,15,12.030000000000001,0
20250820,1755619200000,11.93,12.34,11.83,12.3,136625,166396590.0,0.0,15,11.93,0
20250821,1755705600000,12.39,12.4,12.13,12.16,92785,113245509.0,0.0,15,12.3,0
20250822,1755792000000,12.16,12.26,12.09,12.22,75776,92339375.0,0.0,15,12.16,0
20250825,1756051200000,12.26,12.52,12.16,12.42,107050,131934647.0,0.0,15,12.22,0
20250826,1756137600000,12.360000000000001,12.520000000000001,12.290000000000001,12.31,81774,101393725.00000001,0.0,15,12.420000000000002,0
20250827,1756224000000,12.26,12.479999999999999,12.19,12.37,121084,149624949.0,0.0,15,12.309999999999999,0
20250828,1756310400000,12.61,13.03,11.94,12.12,207569,255766653.0,0.0,15,12.37,0
20250829,1756396800000,12.23,12.3,12.05,12.05,123119,149716408.0,0.0,15,12.120000000000001,0
20250901,1756656000000,12.07,12.35,12.0,12.13,104279,127044371.0,0.0,15,12.05,0
20250902,1756742400000,12.26,12.28,11.94,12.02,79648,96074643.0,0.0,15,12.129999999999999,0
20250903,1756828800000,12.02,12.14,11.75,11.81,56273,66860103.0,0.0,15,12.02,0
20250904,1756915200000,11.77,11.98,11.75,11.88,64139,76117423.0,0.0,15,11.81,0
20250905,1757001600000,11.879999999999999,12.03,11.78,12.01,63984,76344958.00000001,0.0,15,11.879999999999999,0
20250908,1757260800000,12.0,12.34,11.99,12.15,82007,99592181.00000001,0.0,15,12.01,0
20250909,1757347200000,12.1,12.18,12.01,12.14,40673,49208818.0,0.0,15,12.15,0
20250910,1757433600000,12.16,12.17,12.06,12.08,38784,46991328.00000001,0.0,15,12.14,0
20250911,1757520000000,12.08,12.17,11.94,12.16,58088,70043116.0,0.0,15,12.08,0
20250912,1757606400000,12.3,12.3,11.92,11.95,76427,91899971.99999999,0.0,15,12.16,0
20250915,1757865600000,11.93,12.18,11.9,12.0,55612,67111517.0,0.0,15,11.950000000000001,0
20250916,1757952000000,12.0,12.05,11.88,11.96,38134,45568386.00000001,0.0,15,12.0,0
20250917,1758038400000,11.95,12.01,11.83,11.91,38762,46084858.0,0.0,15,11.96,0
20250918,1758124800000,11.9,11.9,11.6,11.639999999999999,64345,75587789.00000001,0.0,15,11.91,0
20250919,1758211200000,11.65,11.75,11.59,11.72,41095,47954259.99999999,0.0,15,11.64,0
20250922,1758470400000,11.690000000000001,11.74,11.55,11.600000000000001,35521,41303713.0,0.0,15,11.72,0
20250923,1758556800000,11.55,11.6,11.33,11.53,47294,54099896.0,0.0,15,11.6,0
20250924,1758643200000,11.54,11.79,11.52,11.6,37862,44063351.00000001,0.0,15,11.53,0
20250925,1758729600000,11.57,11.680000000000001,11.47,11.51,30119,34749111.0,0.0,15,11.600000000000001,0
20250926,1758816000000,11.540000000000001,11.540000000000001,11.4,11.43,27163,31119892.0,0.0,15,11.51,0
20250929,1759075200000,11.43,11.54,11.28,11.51,38061,43484075.0,0.0,15,11.43,0
20250930,1759161600000,11.51,11.6,11.43,11.56,28088,32376561.0,0.0,15,11.51,0
20251009,1759939200000,11.549999999999999,11.56,11.35,11.4,52163,59478179.0,0.0,15,11.56,0
20251010,1760025600000,11.38,11.53,11.33,11.5,62202,71075426.0,0.0,15,11.4,0
20251013,1760284800000,11.399999999999999,11.44,11.28,11.299999999999999,67309,76385345.0,0.0,15,11.5,0
20251014,1760371200000,11.360000000000001,11.450000000000001,11.3,11.41,49120,55902482.0,0.0,15,11.3,0
20251015,1760457600000,11.450000000000001,11.58,11.38,11.520000000000001,43814,50451834.0,0.0,15,11.41,0
20251016,1760544000000,11.46,11.680000000000001,11.46,11.600000000000001,40515,46852618.0,0.0,15,11.520000000000001,0
20251017,1760630400000,11.6,11.69,11.5,11.54,43848,50791721.0,0.0,15,11.6,0
20251020,1760889600000,11.54,11.59,11.35,11.389999999999999,36264,41462758.0,0.0,15,11.54,0
20251021,1760976000000,11.37,11.479999999999999,11.36,11.41,29249,33433736.0,0.0,15,11.389999999999999,0
20251022,1761062400000,11.42,11.48,11.38,11.4,29302,33429746.0,0.0,15,11.41,0
20251023,1761148800000,11.370000000000001,11.46,11.32,11.450000000000001,36071,41112595.99999999,0.0,15,11.4,0
20251024,1761235200000,11.45,11.459999999999999,11.35,11.36,36726,41814683.0,0.0,15,11.45,0
20251027,1761494400000,11.360000000000001,11.4,11.3,11.32,37571,42602165.0,0.0,15,11.360000000000001,0
20251028,1761580800000,11.32,11.35,11.26,11.28,26044,29414779.999999996,0.0,15,11.32,0
20251029,1761667200000,11.270000000000001,11.430000000000001,11.21,11.4,49166,55707916.0,0.0,15,11.280000000000001,0
20251030,1761753600000,11.4,11.48,11.35,11.41,40453,46234375.00000001,0.0,15,11.4,0
20251031,1761840000000,11.549999999999999,12.04,11.53,11.94,132460,157741634.00000003,0.0,15,11.41,0
20251103,1762099200000,11.9,12.5,11.88,12.4,143262,175981998.0,0.0,15,11.940000000000001,0
20251104,1762185600000,12.38,12.42,12.15,12.23,106125,130162285.0,0.0,15,12.4,0
20251105,1762272000000,12.12,12.36,12.11,12.149999999999999,74627,91284375.0,0.0,15,12.229999999999999,0
20251106,1762358400000,12.14,12.48,12.09,12.4,81776,101017092.99999999,0.0,15,12.15,0
20251107,1762444800000,12.370000000000001,12.750000000000002,12.370000000000001,12.530000000000001,96532,121703752.00000001,0.0,15,12.4,0
20251110,1762704000000,12.45,13.09,12.41,13.05,137753,177636404.0,0.0,15,12.53,0
20251111,1762790400000,13.04,13.04,12.86,12.91,75153,97153583.0,0.0,15,13.049999999999999,0
20251112,1762876800000,12.9,13.55,12.89,13.450000000000001,144065,193113843.0,0.0,15,12.91,0
20251113,1762963200000,13.450000000000001,13.57,13.24,13.55,92198,123529063.0,0.0,15,13.450000000000001,0
20251114,1763049600000,13.49,13.72,13.07,13.08,105321,139831527.0,0.0,15,13.55,0
20251117,1763308800000,13.05,13.43,12.91,13.31,108016,142399974.0,0.0,15,13.08,0
20251118,1763395200000,13.370000000000001,13.370000000000001,12.9,13.040000000000001,62003,80928171.0,0.0,15,13.31,0
20251119,1763481600000,12.969999999999999,13.19,12.93,12.98,36545,47555450.0,0.0,15,13.04,0
20251120,1763568000000,13.06,13.09,12.73,12.89,62631,80492795.0,0.0,15,12.98,0
20251121,1763654400000,12.94,13.2,12.84,12.86,87804,114249925.99999999,0.0,15,12.89,0
20251124,1763913600000,13.07,13.250000000000002,12.950000000000001,12.96,68499,89830881.0,0.0,15,12.860000000000001,0
20251125,1764000000000,12.99,13.030000000000001,12.82,12.91,64120,82864964.00000001,0.0,15,12.96,0
20251126,1764086400000,12.91,13.02,12.77,12.84,47803,61452898.00000001,0.0,15,12.91,0
20251127,1764172800000,12.82,13.05,12.8,12.850000000000001,48424,62567485.0,0.0,15,12.84,0
20251128,1764259200000,12.870000000000001,13.02,12.66,12.9,60384,77840699.0,0.0,15,12.85,0
20251201,1764518400000,12.94,13.17,12.85,13.0,55689,72507663.0,0.0,15,12.9,0
20251202,1764604800000,13.0,13.19,12.91,13.040000000000001,39482,51467908.0,0.0,15,13.0,0
20251203,1764691200000,13.08,13.16,12.96,13.020000000000001,46464,60618086.0,0.0,15,13.040000000000001,0
20251204,1764777600000,13.03,13.05,12.66,12.7,68106,87141651.00000001,0.0,15,13.02,0
20251205,1764864000000,12.700000000000001,12.780000000000001,12.63,12.770000000000001,43230,54953338.0,0.0,15,12.700000000000001,0
20251208,1765123200000,12.790000000000001,12.82,12.540000000000001,12.63,44540,56376737.00000001,0.0,15,12.770000000000001,0
20251209,1765209600000,12.61,12.94,12.59,12.69,53072,67902333.0,0.0,15,12.629999999999999,0
20251210,1765296000000,12.72,13.040000000000001,12.71,12.96,66071,85372516.0,0.0,15,12.690000000000001,0
20251211,1765382400000,13.0,13.0,12.38,12.39,77804,97739374.0,0.0,15,12.96,0
20251212,1765468800000,12.49,12.49,12.27,12.34,51471,63557515.00000001,0.0,15,12.389999999999999,0
20251215,1765728000000,12.49,12.64,12.4,12.610000000000001,49311,61970284.0,0.0,15,12.34,0
20251216,1765814400000,12.72,12.75,12.51,12.62,47386,59836132.0,0.0,15,12.61,0
20251217,1765900800000,12.660000000000002,12.830000000000002,12.530000000000001,12.73,52497,66656050.00000001,0.0,15,12.620000000000001,0
20251218,1765987200000,12.770000000000001,12.870000000000001,12.63,12.74,34665,44251022.0,0.0,15,12.73,0
20251219,1766073600000,12.82,13.03,12.59,12.99,55342,71022520.0,0.0,15,12.74,0
20251222,1766332800000,12.97,13.0,12.76,12.879999999999999,38244,49126478.0,0.0,15,12.99,0
20251223,1766419200000,12.870000000000001,12.950000000000001,12.72,12.75,32526,41670406.0,0.0,15,12.88,0
20251224,1766505600000,12.72,12.76,12.5,12.54,40937,51439327.0,0.0,15,12.75,0
20251225,1766592000000,12.620000000000001,12.71,12.56,12.610000000000001,38879,49137139.00000001,0.0,15,12.540000000000001,0
20251226,1766678400000,12.64,12.69,12.5,12.55,27447,34505285.0,0.0,15,12.61,0
20251229,1766937600000,12.55,12.690000000000001,12.47,12.57,38197,48120630.0,0.0,15,12.55,0
20251230,1767024000000,12.58,12.67,12.5,12.61,37481,47169293.0,0.0,15,12.57,0
20251231,1767110400000,12.61,12.67,12.42,12.52,38832,48677357.0,0.0,15,12.61,0
20260105,1767542400000,12.53,12.8,12.49,12.75,44797,56785455.0,0.0,15,12.52,0
20260106,1767628800000,12.700000000000001,12.770000000000001,12.540000000000001,12.690000000000001,45741,57838808.0,0.0,15,12.750000000000002,0
20260107,1767715200000,12.65,12.88,12.65,12.71,51374,65551496.0,0.0,15,12.69,0
20260108,1767801600000,12.7,12.879999999999999,12.52,12.82,64649,81979814.0,0.0,15,12.709999999999999,0
20260109,1767888000000,12.73,13.030000000000001,12.72,12.91,68936,88930201.0,0.0,15,12.82,0
20260112,1768147200000,12.9,13.43,12.84,13.28,85781,112229339.0,0.0,15,12.91,0
20260113,1768233600000,13.200000000000001,13.290000000000001,12.950000000000001,13.05,67354,88531999.0,0.0,15,13.280000000000001,0
20260114,1768320000000,13.040000000000001,13.16,12.620000000000001,12.71,88135,113511892.0,0.0,15,13.05,0
20260115,1768406400000,12.64,12.9,12.59,12.75,45884,58469939.0,0.0,15,12.709999999999999,0
20260116,1768492800000,12.780000000000001,12.860000000000001,12.56,12.690000000000001,45069,57128233.0,0.0,15,12.75,0
20260119,1768752000000,12.59,13.34,12.59,13.16,107261,140347332.00000003,0.0,15,12.69,0
20260120,1768838400000,13.21,13.7,13.08,13.51,111869,149525103.0,0.0,15,13.16,0
20260121,1768924800000,13.47,13.520000000000001,13.13,13.200000000000001,62877,83143385.0,0.0,15,13.510000000000002,0
20260122,1769011200000,13.2,13.4,13.18,13.219999999999999,53184,70617526.0,0.0,15,13.2,0
20260123,1769097600000,13.28,13.36,13.08,13.24,55388,73188025.0,0.0,15,13.22,0
20260126,1769356800000,13.200000000000001,13.25,12.96,13.08,63895,83605133.00000001,0.0,15,13.24,0
20260127,1769443200000,13.07,13.15,12.51,12.56,90567,114943057.00000001,0.0,15,13.08,0
20260128,1769529600000,12.58,12.63,12.41,12.46,51964,64938821.0,0.0,15,12.56,0
20260129,1769616000000,12.48,13.11,12.43,13.1,115109,147537561.0,0.0,15,12.459999999999999,0
20260130,1769702400000,13.120000000000001,13.43,12.91,13.23,124905,164911328.0,0.0,15,13.1,0
20260202,1769961600000,13.11,13.74,13.09,13.23,111000,148891447.0,0.0,15,13.23,0
20260203,1770048000000,13.24,13.65,13.23,13.47,100085,134636996.0,0.0,15,13.23,0
20260204,1770134400000,13.41,13.57,13.36,13.52,77496,104327279.0,0.0,15,13.469999999999999,0
20260205,1770220800000,13.520000000000001,14.870000000000001,13.46,14.510000000000002,417100,606517773.0,0.0,15,13.520000000000001,0
20260206,1770307200000,14.450000000000001,14.910000000000002,14.280000000000001,14.32,398600,582049788.0,0.0,15,14.510000000000002,0
20260209,1770566400000,14.280000000000001,14.600000000000001,14.22,14.3,238515,342665489.00000006,0.0,15,14.32,0
20260210,1770652800000,14.36,14.36,13.61,13.87,150254,207884942.0,0.0,15,14.299999999999999,0
20260211,1770739200000,13.9,13.959999999999999,13.69,13.719999999999999,92472,127610614.0,0.0,15,13.87,0
20260212,1770825600000,13.75,13.78,13.43,13.45,97917,132193798.00000001,0.0,15,13.719999999999999,0
20260213,1770912000000,13.45,13.59,13.27,13.299999999999999,82126,110342599.0,0.0,15,13.45,0
20260224,1771862400000,13.33,13.43,13.17,13.34,75500,100515597.0,0.0,15,13.3,0
20260225,1771948800000,13.42,13.51,13.19,13.229999999999999,83245,110959603.00000001,0.0,15,13.34,0
20260226,1772035200000,13.22,13.330000000000002,13.200000000000001,13.290000000000001,54051,71719606.0,0.0,15,13.23,0
20260227,1772121600000,13.22,13.56,13.22,13.42,59414,79715845.0,0.0,15,13.290000000000001,0
20260302,1772380800000,13.29,13.459999999999999,13.11,13.219999999999999,68732,90919764.00000001,0.0,15,13.42,0
20260303,1772467200000,13.23,13.48,13.200000000000001,13.280000000000001,73392,97667158.0,0.0,15,13.22,0
20260304,1772553600000,13.200000000000001,13.280000000000001,12.73,12.83,86816,112326872.0,0.0,15,13.280000000000001,0
20260305,1772640000000,12.89,13.1,12.76,12.84,55213,71106980.0,0.0,15,12.83,0
20260306,1772726400000,12.84,13.01,12.6,12.91,74721,96424827.00000001,0.0,15,12.84,0
20260309,1772985600000,12.8,12.990000000000002,12.530000000000001,12.740000000000002,101157,128625883.00000001,0.0,15,12.910000000000002,0
20260310,1773072000000,12.860000000000001,12.9,12.71,12.89,48971,62823479.0,0.0,15,12.74,0
20260311,1773158400000,12.88,12.89,12.57,12.73,86296,109471000.00000001,0.0,15,12.89,0
20260312,1773244800000,12.5,12.53,12.1,12.15,170459,207775240.00000003,0.0,15,12.73,0
20260313,1773331200000,12.16,12.55,12.13,12.350000000000001,130076,160949273.0,0.0,15,12.15,0
20260316,1773590400000,12.46,12.76,12.41,12.7,137318,173422485.0,0.0,15,12.35,0
20260317,1773676800000,12.74,13.1,12.66,12.86,117827,152506553.0,0.0,15,12.7,0
20260318,1773763200000,12.780000000000001,13.020000000000001,12.72,12.84,67354,86479753.99999999,0.0,15,12.860000000000001,0
20260319,1773849600000,12.860000000000001,12.870000000000001,12.370000000000001,12.4,66735,83789549.00000001,0.0,15,12.840000000000002,0
20260320,1773936000000,12.41,12.530000000000001,12.31,12.32,50108,62150108.99999999,0.0,15,12.4,0
20260323,1774195200000,12.13,12.200000000000001,11.8,11.89,92067,109933455.00000001,0.0,15,12.32,0
20260324,1774281600000,12.01,12.15,11.82,12.08,49533,59358664.0,0.0,15,11.89,0
20260325,1774368000000,12.080000000000002,12.21,12.030000000000001,12.200000000000001,46708,56735026.0,0.0,15,12.080000000000002,0
20260326,1774454400000,12.26,12.39,12.15,12.26,45216,55437886.00000001,0.0,15,12.200000000000001,0
20260327,1774540800000,12.200000000000001,12.41,12.14,12.360000000000001,70223,86507455.0,0.0,15,12.26,0
20260330,1774800000000,12.299999999999999,12.57,12.26,12.459999999999999,50663,63191861.0,0.0,15,12.36,0
20260331,1774886400000,12.46,12.590000000000002,12.280000000000001,12.280000000000001,42279,52441327.00000001,0.0,15,12.46,0
20260401,1774972800000,12.41,12.66,12.3,12.59,68583,85944301.0,0.0,15,12.280000000000001,0
20260402,1775059200000,12.58,13.01,12.52,12.879999999999999,98576,126802381.0,0.0,15,12.59,0
20260403,1775145600000,12.850000000000001,12.91,12.55,12.600000000000001,54205,68723117.99999999,0.0,15,12.88,0
20260407,1775491200000,12.61,12.89,12.51,12.72,62404,79449173.0,0.0,15,12.6,0
20260408,1775577600000,12.8,12.82,12.59,12.66,76792,97230738.00000001,0.0,15,12.72,0
20260409,1775664000000,12.620000000000001,13.3,12.56,13.18,148971,193931137.0,0.0,15,12.66,0
20260410,1775750400000,13.25,13.83,13.13,13.520000000000001,130593,176587620.0,0.0,15,13.180000000000001,0
20260413,1776009600000,13.59,13.770000000000001,13.3,13.450000000000001,89819,120866937.0,0.0,15,13.520000000000001,0
20260414,1776096000000,13.39,13.440000000000001,12.98,13.18,82001,107559463.99999999,0.0,15,13.450000000000001,0
20260415,1776182400000,13.1,13.18,12.99,13.15,58825,77010224.0,0.0,15,13.18,0
20260416,1776268800000,13.110000000000001,13.41,13.05,13.31,100758,133581515.00000001,0.0,15,13.15,0
20260417,1776355200000,13.23,13.31,12.9,13.06,72322,94057852.00000001,0.0,15,13.31,0
20260420,1776614400000,13.06,13.47,13.06,13.4,73584,98127876.0,0.0,15,13.06,0
20260421,1776700800000,13.370000000000001,13.700000000000001,13.370000000000001,13.65,72910,99102187.0,0.0,15,13.4,0
20260422,1776787200000,13.64,13.67,13.5,13.55,46618,63183847.00000001,0.0,15,13.65,0
20260423,1776873600000,13.53,13.82,13.42,13.79,72361,99075945.0,0.0,15,13.55,0
20260424,1776960000000,13.64,14.1,13.5,14.0,82855,115548538.0,0.0,15,13.79,0
20260427,1777219200000,13.98,14.53,13.92,14.28,110971,158000870.0,0.0,15,14.0,0
20260428,1777305600000,15.71,15.71,15.700000000000001,15.71,254626,400011646.0,0.0,15,14.280000000000001,0
20260429,1777392000000,15.9,17.28,15.9,17.28,513696,867597898.0,0.0,15,15.71,0
20260430,1777478400000,16.92,17.3,16.17,17.130000000000003,625437,1061161803.0,0.0,15,17.28,0
20260506,1777996800000,17.130000000000003,17.3,16.51,17.110000000000003,359636,613575920.0,0.0,15,17.130000000000003,0
20260507,1778083200000,17.18,17.25,16.4,16.639999999999997,325199,542950650.0000001,0.0,15,17.11,0
20260508,1778169600000,16.75,16.97,16.07,16.29,237007,387942690.00000006,0.0,15,16.64,0
20260511,1778428800000,15.7,15.91,15.25,15.84,247620,386834402.00000006,0.0,15,15.74,0
20260512,1778515200000,15.71,16.310000000000002,15.700000000000001,16.14,214524,344869802.00000006,0.0,15,15.840000000000002,0
20260513,1778601600000,15.93,16.38,15.9,16.23,191021,307931881.0,0.0,15,16.14,0
20260514,1778688000000,16.2,16.65,16.04,16.13,120852,196379991.0,0.0,15,16.23,0
20260515,1778774400000,16.0,16.18,15.72,15.98,118783,190059793.0,0.0,15,16.13,0
20260518,1779033600000,15.96,16.15,15.5,15.87,140813,222185792.00000003,0.0,15,15.98,0
20260519,1779120000000,15.870000000000001,16.1,15.65,15.88,85070,134831523.0,0.0,15,15.870000000000001,0
20260520,1779206400000,15.83,16.45,15.66,16.15,103743,167252893.0,0.0,15,15.88,0
20260521,1779292800000,16.19,16.380000000000003,15.700000000000001,15.760000000000002,101723,163479902.0,0.0,15,16.150000000000002,0
20260522,1779379200000,15.770000000000001,15.930000000000001,15.38,15.4,98942,153453938.0,0.0,15,15.760000000000002,0
20260525,1779638400000,15.31,16.0,15.18,15.34,102546,157706059.0,0.0,15,15.4,0
20260526,1779724800000,15.270000000000001,15.46,14.88,15.030000000000001,104106,156815033.99999997,0.0,15,15.340000000000002,0
