date,time,open,high,low,close,volume,amount,settelementPrice,openInterest,preClose,suspendFlag
20190722,1563724800000,,,,,0,0.0,0.0,0,,1
20190723,1563811200000,,,,,0,0.0,0.0,0,,1
20190724,1563897600000,,,,,0,0.0,0.0,0,,1
20190725,1563984000000,,,,,0,0.0,0.0,0,,1
20190726,1564070400000,,,,,0,0.0,0.0,0,,1
20190729,1564329600000,,,,,0,0.0,0.0,0,,1
20190730,1564416000000,,,,,0,0.0,0.0,0,,1
20190731,1564502400000,,,,,0,0.0,0.0,0,,1
20190801,1564588800000,,,,,0,0.0,0.0,0,,1
20190802,1564675200000,,,,,0,0.0,0.0,0,,1
20190805,1564934400000,,,,,0,0.0,0.0,0,,1
20190806,1565020800000,,,,,0,0.0,0.0,0,,1
20190807,1565107200000,,,,,0,0.0,0.0,0,,1
20190808,1565193600000,,,,,0,0.0,0.0,0,,1
20190809,1565280000000,,,,,0,0.0,0.0,0,,1
20190812,1565539200000,,,,,0,0.0,0.0,0,,1
20190813,1565625600000,,,,,0,0.0,0.0,0,,1
20190814,1565712000000,,,,,0,0.0,0.0,0,,1
20190815,1565798400000,,,,,0,0.0,0.0,0,,1
20190816,1565884800000,,,,,0,0.0,0.0,0,,1
20190819,1566144000000,,,,,0,0.0,0.0,0,,1
20190820,1566230400000,,,,,0,0.0,0.0,0,,1
20190821,1566316800000,,,,,0,0.0,0.0,0,,1
20190822,1566403200000,,,,,0,0.0,0.0,0,,1
20190823,1566489600000,,,,,0,0.0,0.0,0,,1
20190826,1566748800000,,,,,0,0.0,0.0,0,,1
20190827,1566835200000,,,,,0,0.0,0.0,0,,1
20190828,1566921600000,,,,,0,0.0,0.0,0,,1
20190829,1567008000000,,,,,0,0.0,0.0,0,,1
20190830,1567094400000,,,,,0,0.0,0.0,0,,1
20190902,1567353600000,,,,,0,0.0,0.0,0,,1
20190903,1567440000000,,,,,0,0.0,0.0,0,,1
20190904,1567526400000,,,,,0,0.0,0.0,0,,1
20190905,1567612800000,,,,,0,0.0,0.0,0,,1
20190906,1567699200000,,,,,0,0.0,0.0,0,,1
20190909,1567958400000,,,,,0,0.0,0.0,0,,1
20190910,1568044800000,,,,,0,0.0,0.0,0,,1
20190911,1568131200000,,,,,0,0.0,0.0,0,,1
20190912,1568217600000,,,,,0,0.0,0.0,0,,1
20190916,1568563200000,,,,,0,0.0,0.0,0,,1
20190917,1568649600000,,,,,0,0.0,0.0,0,,1
20190918,1568736000000,,,,,0,0.0,0.0,0,,1
20190919,1568822400000,,,,,0,0.0,0.0,0,,1
20190920,1568908800000,,,,,0,0.0,0.0,0,,1
20190923,1569168000000,,,,,0,0.0,0.0,0,,1
20190924,1569254400000,,,,,0,0.0,0.0,0,,1
20190925,1569340800000,,,,,0,0.0,0.0,0,,1
20190926,1569427200000,,,,,0,0.0,0.0,0,,1
20190927,1569513600000,,,,,0,0.0,0.0,0,,1
20190930,1569772800000,,,,,0,0.0,0.0,0,,1
20191008,1570464000000,,,,,0,0.0,0.0,0,,1
20191009,1570550400000,,,,,0,0.0,0.0,0,,1
20191010,1570636800000,,,,,0,0.0,0.0,0,,1
20191011,1570723200000,,,,,0,0.0,0.0,0,,1
20191014,1570982400000,,,,,0,0.0,0.0,0,,1
20191015,1571068800000,,,,,0,0.0,0.0,0,,1
20191016,1571155200000,,,,,0,0.0,0.0,0,,1
20191017,1571241600000,,,,,0,0.0,0.0,0,,1
20191018,1571328000000,,,,,0,0.0,0.0,0,,1
20191021,1571587200000,,,,,0,0.0,0.0,0,,1
20191022,1571673600000,,,,,0,0.0,0.0,0,,1
20191023,1571760000000,,,,,0,0.0,0.0,0,,1
20191024,1571846400000,,,,,0,0.0,0.0,0,,1
20191025,1571932800000,,,,,0,0.0,0.0,0,,1
20191028,1572192000000,,,,,0,0.0,0.0,0,,1
20191029,1572278400000,,,,,0,0.0,0.0,0,,1
20191030,1572364800000,,,,,0,0.0,0.0,0,,1
20191031,1572451200000,,,,,0,0.0,0.0,0,,1
20191101,1572537600000,,,,,0,0.0,0.0,0,,1
20191104,1572796800000,,,,,0,0.0,0.0,0,,1
20191105,1572883200000,,,,,0,0.0,0.0,0,,1
20191106,1572969600000,,,,,0,0.0,0.0,0,,1
20191107,1573056000000,,,,,0,0.0,0.0,0,,1
20191108,1573142400000,,,,,0,0.0,0.0,0,,1
20191111,1573401600000,,,,,0,0.0,0.0,0,,1
20191112,1573488000000,,,,,0,0.0,0.0,0,,1
20191113,1573574400000,,,,,0,0.0,0.0,0,,1
20191114,1573660800000,,,,,0,0.0,0.0,0,,1
20191115,1573747200000,,,,,0,0.0,0.0,0,,1
20191118,1574006400000,,,,,0,0.0,0.0,0,,1
20191119,1574092800000,,,,,0,0.0,0.0,0,,1
20191120,1574179200000,,,,,0,0.0,0.0,0,,1
20191121,1574265600000,,,,,0,0.0,0.0,0,,1
20191122,1574352000000,,,,,0,0.0,0.0,0,,1
20191125,1574611200000,,,,,0,0.0,0.0,0,,1
20191126,1574697600000,,,,,0,0.0,0.0,0,,1
20191127,1574784000000,,,,,0,0.0,0.0,0,,1
20191128,1574870400000,,,,,0,0.0,0.0,0,,1
20191129,1574956800000,,,,,0,0.0,0.0,0,,1
20191202,1575216000000,,,,,0,0.0,0.0,0,,1
20191203,1575302400000,,,,,0,0.0,0.0,0,,1
20191204,1575388800000,,,,,0,0.0,0.0,0,,1
20191205,1575475200000,,,,,0,0.0,0.0,0,,1
20191206,1575561600000,,,,,0,0.0,0.0,0,,1
20191209,1575820800000,,,,,0,0.0,0.0,0,,1
20191210,1575907200000,,,,,0,0.0,0.0,0,,1
20191211,1575993600000,,,,,0,0.0,0.0,0,,1
20191212,1576080000000,,,,,0,0.0,0.0,0,,1
20191213,1576166400000,,,,,0,0.0,0.0,0,,1
20191216,1576425600000,,,,,0,0.0,0.0,0,,1
20191217,1576512000000,,,,,0,0.0,0.0,0,,1
20191218,1576598400000,,,,,0,0.0,0.0,0,,1
20191219,1576684800000,,,,,0,0.0,0.0,0,,1
20191220,1576771200000,,,,,0,0.0,0.0,0,,1
20191223,1577030400000,,,,,0,0.0,0.0,0,,1
20191224,1577116800000,,,,,0,0.0,0.0,0,,1
20191225,1577203200000,,,,,0,0.0,0.0,0,,1
20191226,1577289600000,,,,,0,0.0,0.0,0,,1
20191227,1577376000000,,,,,0,0.0,0.0,0,,1
20191230,1577635200000,,,,,0,0.0,0.0,0,,1
20191231,1577721600000,,,,,0,0.0,0.0,0,,1
20200102,1577894400000,,,,,0,0.0,0.0,0,,1
20200103,1577980800000,,,,,0,0.0,0.0,0,,1
20200106,1578240000000,,,,,0,0.0,0.0,0,,1
20200107,1578326400000,,,,,0,0.0,0.0,0,,1
20200108,1578412800000,,,,,0,0.0,0.0,0,,1
20200109,1578499200000,,,,,0,0.0,0.0,0,,1
20200110,1578585600000,,,,,0,0.0,0.0,0,,1
20200113,1578844800000,,,,,0,0.0,0.0,0,,1
20200114,1578931200000,,,,,0,0.0,0.0,0,,1
20200115,1579017600000,,,,,0,0.0,0.0,0,,1
20200116,1579104000000,,,,,0,0.0,0.0,0,,1
20200117,1579190400000,,,,,0,0.0,0.0,0,,1
20200120,1579449600000,,,,,0,0.0,0.0,0,,1
20200121,1579536000000,,,,,0,0.0,0.0,0,,1
20200122,1579622400000,,,,,0,0.0,0.0,0,,1
20200123,1579708800000,,,,,0,0.0,0.0,0,,1
20200203,1580659200000,,,,,0,0.0,0.0,0,,1
20200204,1580745600000,,,,,0,0.0,0.0,0,,1
20200205,1580832000000,,,,,0,0.0,0.0,0,,1
20200206,1580918400000,,,,,0,0.0,0.0,0,,1
20200207,1581004800000,,,,,0,0.0,0.0,0,,1
20200210,1581264000000,,,,,0,0.0,0.0,0,,1
20200211,1581350400000,,,,,0,0.0,0.0,0,,1
20200212,1581436800000,,,,,0,0.0,0.0,0,,1
20200213,1581523200000,,,,,0,0.0,0.0,0,,1
20200214,1581609600000,,,,,0,0.0,0.0,0,,1
20200217,1581868800000,,,,,0,0.0,0.0,0,,1
20200218,1581955200000,,,,,0,0.0,0.0,0,,1
20200219,1582041600000,,,,,0,0.0,0.0,0,,1
20200220,1582128000000,,,,,0,0.0,0.0,0,,1
20200221,1582214400000,,,,,0,0.0,0.0,0,,1
20200224,1582473600000,,,,,0,0.0,0.0,0,,1
20200225,1582560000000,,,,,0,0.0,0.0,0,,1
20200226,1582646400000,,,,,0,0.0,0.0,0,,1
20200227,1582732800000,,,,,0,0.0,0.0,0,,1
20200228,1582819200000,,,,,0,0.0,0.0,0,,1
20200302,1583078400000,,,,,0,0.0,0.0,0,,1
20200303,1583164800000,,,,,0,0.0,0.0,0,,1
20200304,1583251200000,,,,,0,0.0,0.0,0,,1
20200305,1583337600000,,,,,0,0.0,0.0,0,,1
20200306,1583424000000,,,,,0,0.0,0.0,0,,1
20200309,1583683200000,,,,,0,0.0,0.0,0,,1
20200310,1583769600000,,,,,0,0.0,0.0,0,,1
20200311,1583856000000,,,,,0,0.0,0.0,0,,1
20200312,1583942400000,,,,,0,0.0,0.0,0,,1
20200313,1584028800000,,,,,0,0.0,0.0,0,,1
20200316,1584288000000,,,,,0,0.0,0.0,0,,1
20200317,1584374400000,,,,,0,0.0,0.0,0,,1
20200318,1584460800000,,,,,0,0.0,0.0,0,,1
20200319,1584547200000,,,,,0,0.0,0.0,0,,1
20200320,1584633600000,,,,,0,0.0,0.0,0,,1
20200323,1584892800000,,,,,0,0.0,0.0,0,,1
20200324,1584979200000,,,,,0,0.0,0.0,0,,1
20200325,1585065600000,,,,,0,0.0,0.0,0,,1
20200326,1585152000000,,,,,0,0.0,0.0,0,,1
20200327,1585238400000,,,,,0,0.0,0.0,0,,1
20200330,1585497600000,,,,,0,0.0,0.0,0,,1
20200331,1585584000000,,,,,0,0.0,0.0,0,,1
20200401,1585670400000,,,,,0,0.0,0.0,0,,1
20200402,1585756800000,,,,,0,0.0,0.0,0,,1
20200403,1585843200000,,,,,0,0.0,0.0,0,,1
20200407,1586188800000,,,,,0,0.0,0.0,0,,1
20200408,1586275200000,,,,,0,0.0,0.0,0,,1
20200409,1586361600000,,,,,0,0.0,0.0,0,,1
20200410,1586448000000,,,,,0,0.0,0.0,0,,1
20200413,1586707200000,,,,,0,0.0,0.0,0,,1
20200414,1586793600000,,,,,0,0.0,0.0,0,,1
20200415,1586880000000,,,,,0,0.0,0.0,0,,1
20200416,1586966400000,,,,,0,0.0,0.0,0,,1
20200417,1587052800000,,,,,0,0.0,0.0,0,,1
20200420,1587312000000,,,,,0,0.0,0.0,0,,1
20200421,1587398400000,,,,,0,0.0,0.0,0,,1
20200422,1587484800000,,,,,0,0.0,0.0,0,,1
20200423,1587571200000,,,,,0,0.0,0.0,0,,1
20200424,1587657600000,,,,,0,0.0,0.0,0,,1
20200427,1587916800000,,,,,0,0.0,0.0,0,,1
20200428,1588003200000,,,,,0,0.0,0.0,0,,1
20200429,1588089600000,,,,,0,0.0,0.0,0,,1
20200430,1588176000000,,,,,0,0.0,0.0,0,,1
20200506,1588694400000,,,,,0,0.0,0.0,0,,1
20200507,1588780800000,,,,,0,0.0,0.0,0,,1
20200508,1588867200000,,,,,0,0.0,0.0,0,,1
20200511,1589126400000,,,,,0,0.0,0.0,0,,1
20200512,1589212800000,,,,,0,0.0,0.0,0,,1
20200513,1589299200000,,,,,0,0.0,0.0,0,,1
20200514,1589385600000,,,,,0,0.0,0.0,0,,1
20200515,1589472000000,,,,,0,0.0,0.0,0,,1
20200518,1589731200000,,,,,0,0.0,0.0,0,,1
20200519,1589817600000,,,,,0,0.0,0.0,0,,1
20200520,1589904000000,,,,,0,0.0,0.0,0,,1
20200521,1589990400000,,,,,0,0.0,0.0,0,,1
20200522,1590076800000,,,,,0,0.0,0.0,0,,1
20200525,1590336000000,,,,,0,0.0,0.0,0,,1
20200526,1590422400000,,,,,0,0.0,0.0,0,,1
20200527,1590508800000,,,,,0,0.0,0.0,0,,1
20200528,1590595200000,,,,,0,0.0,0.0,0,,1
20200529,1590681600000,,,,,0,0.0,0.0,0,,1
20200601,1590940800000,,,,,0,0.0,0.0,0,,1
20200602,1591027200000,,,,,0,0.0,0.0,0,,1
20200603,1591113600000,,,,,0,0.0,0.0,0,,1
20200604,1591200000000,,,,,0,0.0,0.0,0,,1
20200605,1591286400000,,,,,0,0.0,0.0,0,,1
20200608,1591545600000,,,,,0,0.0,0.0,0,,1
20200609,1591632000000,,,,,0,0.0,0.0,0,,1
20200610,1591718400000,,,,,0,0.0,0.0,0,,1
20200611,1591804800000,,,,,0,0.0,0.0,0,,1
20200612,1591891200000,,,,,0,0.0,0.0,0,,1
20200615,1592150400000,,,,,0,0.0,0.0,0,,1
20200616,1592236800000,,,,,0,0.0,0.0,0,,1
20200617,1592323200000,,,,,0,0.0,0.0,0,,1
20200618,1592409600000,,,,,0,0.0,0.0,0,,1
20200619,1592496000000,,,,,0,0.0,0.0,0,,1
20200622,1592755200000,,,,,0,0.0,0.0,0,,1
20200623,1592841600000,,,,,0,0.0,0.0,0,,1
20200624,1592928000000,,,,,0,0.0,0.0,0,,1
20200629,1593360000000,,,,,0,0.0,0.0,0,,1
20200630,1593446400000,,,,,0,0.0,0.0,0,,1
20200701,1593532800000,,,,,0,0.0,0.0,0,,1
20200702,1593619200000,,,,,0,0.0,0.0,0,,1
20200703,1593705600000,,,,,0,0.0,0.0,0,,1
20200706,1593964800000,,,,,0,0.0,0.0,0,,1
20200707,1594051200000,,,,,0,0.0,0.0,0,,1
20200708,1594137600000,,,,,0,0.0,0.0,0,,1
20200709,1594224000000,,,,,0,0.0,0.0,0,,1
20200710,1594310400000,6.23,7.470000000000001,6.23,7.470000000000001,543,405504.0,0.0,15,5.19,0
20200713,1594569600000,8.22,8.22,8.22,8.22,232,190784.99999999997,0.0,15,7.470000000000001,0
20200714,1594656000000,9.040000000000001,9.040000000000001,9.040000000000001,9.040000000000001,251,226524.00000000003,0.0,15,8.22,0
20200715,1594742400000,9.94,9.94,9.94,9.94,216,214813.0,0.0,15,9.04,0
20200716,1594828800000,10.93,10.93,10.93,10.93,766,837304.0000000001,0.0,15,9.94,0
20200717,1594915200000,12.02,12.02,12.02,12.02,798,958763.0000000001,0.0,15,10.93,0
20200720,1595174400000,13.22,13.22,13.22,13.22,933,1232924.0,0.0,15,12.020000000000001,0
20200721,1595260800000,14.540000000000001,14.540000000000001,14.540000000000001,14.540000000000001,1403,2039497.0000000002,0.0,15,13.22,0
20200722,1595347200000,15.99,15.99,15.99,15.99,1858,2971118.0,0.0,15,14.540000000000001,0
20200723,1595433600000,17.59,17.59,17.59,17.59,1824,3207589.0,0.0,15,15.99,0
20200724,1595520000000,19.35,19.35,19.35,19.35,2893,5597084.0,0.0,15,17.59,0
20200727,1595779200000,21.29,21.29,21.29,21.29,2639,5617579.000000001,0.0,15,19.349999999999998,0
20200728,1595865600000,23.42,23.42,23.42,23.42,1532,3587382.0,0.0,15,21.290000000000003,0
20200729,1595952000000,25.76,25.76,25.76,25.76,4280,11024559.0,0.0,15,23.42,0
20200730,1596038400000,28.34,28.34,28.34,28.34,20890,59201155.0,0.0,15,25.759999999999998,0
20200731,1596124800000,31.17,31.17,31.17,31.17,11016,34336934.0,0.0,15,28.340000000000003,0
20200803,1596384000000,34.29,34.29,34.29,34.29,8659,29692808.0,0.0,15,31.169999999999998,0
20200804,1596470400000,37.72,37.72,37.72,37.72,2728,10288319.0,0.0,15,34.29,0
20200805,1596556800000,41.49,41.49,41.49,41.49,102112,423662647.0,0.0,15,37.72,0
20200806,1596643200000,44.99,45.64,42.88,45.64,187540,840855335.0000001,0.0,15,41.49,0
20200807,1596729600000,47.38,49.88,43.730000000000004,48.470000000000006,304811,1432822692.0000002,0.0,15,45.64,0
20200810,1596988800000,44.269999999999996,46.64,43.62,43.629999999999995,189825,847406054.0,0.0,15,48.47,0
20200811,1597075200000,42.510000000000005,42.75,39.27,39.27,164562,667261621.0,0.0,15,43.63,0
20200812,1597161600000,38.36,41.49,36.28,41.38,168534,660914957.0,0.0,15,39.27,0
20200813,1597248000000,39.85,40.09,37.300000000000004,37.370000000000005,126738,490950119.00000006,0.0,15,41.38,0
20200814,1597334400000,36.11000000000001,36.50000000000001,34.300000000000004,35.02,112319,395629533.00000006,0.0,15,37.370000000000005,0
20200817,1597593600000,34.76,36.57,34.32,35.71,91057,322858085.0,0.0,15,35.02,0
20200818,1597680000000,35.61,38.85,35.6,38.32,129918,488299139.0,0.0,15,35.71,0
20200819,1597766400000,37.21,37.379999999999995,35.08,35.36,98592,355276912.0,0.0,15,38.32,0
20200820,1597852800000,34.660000000000004,38.0,33.6,37.050000000000004,115107,410816823.0,0.0,15,35.36,0
20200821,1597939200000,36.61,37.86,35.88,36.32,85584,314577887.0,0.0,15,37.050000000000004,0
20200824,1598198400000,35.51,35.56,33.9,34.44,72441,250533867.0,0.0,15,36.32,0
20200825,1598284800000,34.44,35.349999999999994,33.8,33.87,60625,207660202.0,0.0,15,34.44,0
20200826,1598371200000,33.690000000000005,33.690000000000005,32.1,32.11,71121,232436347.0,0.0,15,33.870000000000005,0
20200827,1598457600000,31.6,32.800000000000004,31.6,32.300000000000004,42643,137531388.0,0.0,15,32.11,0
20200828,1598544000000,32.22,32.58,31.2,31.939999999999998,51267,162907306.99999997,0.0,15,32.3,0
20200831,1598803200000,32.04,33.050000000000004,31.78,32.730000000000004,55337,180045412.0,0.0,15,31.94,0
20200901,1598889600000,32.6,32.6,31.61,31.939999999999998,38883,124099105.0,0.0,15,32.73,0
20200902,1598976000000,32.04,32.33,31.34,31.44,37321,118241118.99999999,0.0,15,31.94,0
20200903,1599062400000,31.37,32.28,30.46,31.48,43040,135653852.0,0.0,15,31.44,0
20200904,1599148800000,30.83,31.0,30.13,30.509999999999998,39917,121930743.0,0.0,15,31.48,0
20200907,1599408000000,30.3,31.200000000000003,29.94,30.060000000000002,29448,89373788.0,0.0,15,30.51,0
20200908,1599494400000,30.060000000000002,30.360000000000003,28.900000000000002,29.130000000000003,38912,114250424.0,0.0,15,30.060000000000002,0
20200909,1599580800000,28.5,28.700000000000003,26.92,27.020000000000003,52321,144866159.0,0.0,15,29.130000000000003,0
20200910,1599667200000,27.37,28.2,26.64,27.26,37772,103029884.00000001,0.0,15,27.02,0
20200911,1599753600000,26.990000000000002,27.6,26.3,27.6,29580,80216205.0,0.0,15,27.26,0
20200914,1600012800000,27.17,28.25,27.17,28.090000000000003,29305,81686596.0,0.0,15,27.6,0
20200915,1600099200000,28.349999999999998,30.0,27.88,29.349999999999998,54851,159142184.0,0.0,15,28.09,0
20200916,1600185600000,29.0,29.99,28.52,29.58,53200,156283262.0,0.0,15,29.35,0
20200917,1600272000000,29.78,29.78,28.5,28.88,31828,92131784.0,0.0,15,29.58,0
20200918,1600358400000,28.990000000000002,29.450000000000003,28.580000000000002,28.860000000000003,28929,83618213.0,0.0,15,28.880000000000003,0
20200921,1600617600000,28.900000000000002,30.2,28.3,29.5,45050,132232096.0,0.0,15,28.86,0
20200922,1600704000000,29.03,29.8,26.6,28.700000000000003,36375,105829473.0,0.0,15,29.5,0
20200923,1600790400000,29.65,30.68,28.7,30.54,72209,217713654.00000003,0.0,15,28.7,0
20200924,1600876800000,30.2,30.61,29.36,29.37,43271,129181098.0,0.0,15,30.54,0
20200925,1600963200000,29.5,29.69,27.0,27.59,50118,140741252.0,0.0,15,29.37,0
20200928,1601222400000,27.58,27.9,25.0,26.95,36863,99089523.0,0.0,15,27.59,0
20200929,1601308800000,26.5,27.369999999999997,26.04,26.419999999999998,29482,78647902.0,0.0,15,26.95,0
20200930,1601395200000,26.830000000000002,27.19,26.35,26.950000000000003,19698,52598197.00000001,0.0,15,26.42,0
20201009,1602172800000,27.0,28.16,27.0,27.91,24617,68005614.00000001,0.0,15,26.95,0
20201012,1602432000000,28.31,28.77,27.93,28.68,27335,77773278.0,0.0,15,27.91,0
20201013,1602518400000,28.75,29.5,28.44,29.25,34757,101088324.0,0.0,15,28.68,0
20201014,1602604800000,29.349999999999998,30.18,28.7,28.86,41840,123209710.0,0.0,15,29.25,0
20201015,1602691200000,30.17,30.17,28.150000000000002,28.270000000000003,35591,102588108.00000001,0.0,15,28.860000000000003,0
20201016,1602777600000,28.01,31.0,27.82,30.3,68468,202481792.00000003,0.0,15,28.27,0
20201019,1603036800000,30.28,30.28,28.650000000000002,28.990000000000002,56392,165232758.0,0.0,15,30.3,0
20201020,1603123200000,29.01,29.01,28.240000000000002,28.840000000000003,27959,79841180.00000001,0.0,15,28.990000000000002,0
20201021,1603209600000,28.78,29.45,28.66,28.7,25272,73300599.0,0.0,15,28.84,0
20201022,1603296000000,28.7,28.7,27.14,27.21,35801,98406883.0,0.0,15,28.7,0
20201023,1603382400000,27.21,27.64,26.580000000000002,26.810000000000002,26738,72290021.0,0.0,15,27.21,0
20201026,1603641600000,26.77,27.46,25.88,27.369999999999997,22882,61387546.0,0.0,15,26.81,0
20201027,1603728000000,27.070000000000004,27.46,26.900000000000002,27.23,11514,31328339.0,0.0,15,27.37,0
20201028,1603814400000,27.430000000000003,27.6,27.01,27.05,16846,45904432.0,0.0,15,27.23,0
20201029,1603900800000,26.63,27.5,26.55,26.8,17626,47520184.0,0.0,15,27.05,0
20201030,1603987200000,26.8,27.01,25.810000000000002,25.810000000000002,22784,59810969.0,0.0,15,26.8,0
20201102,1604246400000,25.81,26.0,25.2,25.27,13884,35330407.0,0.0,15,25.81,0
20201103,1604332800000,25.05,25.98,25.05,25.86,12110,31067588.000000004,0.0,15,25.27,0
20201104,1604419200000,25.86,26.4,25.86,26.169999999999998,15328,40061462.0,0.0,15,25.86,0
20201105,1604505600000,26.35,26.5,26.0,26.15,15818,41355067.0,0.0,15,26.17,0
20201106,1604592000000,26.2,26.32,25.52,25.65,16889,43352963.0,0.0,15,26.15,0
20201109,1604851200000,25.650000000000002,26.35,25.64,26.23,20027,52256267.00000001,0.0,15,25.650000000000002,0
20201110,1604937600000,26.310000000000002,26.810000000000002,25.8,26.29,24822,65365323.0,0.0,15,26.23,0
20201111,1605024000000,25.96,26.650000000000002,25.71,26.39,22716,59459974.0,0.0,15,26.29,0
20201112,1605110400000,26.5,26.650000000000002,25.8,25.93,15369,40150315.0,0.0,15,26.39,0
20201113,1605196800000,26.000000000000004,26.000000000000004,25.150000000000002,25.520000000000003,15461,39373069.0,0.0,15,25.930000000000003,0
20201116,1605456000000,25.25,25.65,25.25,25.46,10714,27209325.0,0.0,15,25.52,0
20201117,1605542400000,25.470000000000002,25.470000000000002,25.060000000000002,25.14,13523,34009539.0,0.0,15,25.46,0
20201118,1605628800000,25.14,25.400000000000002,25.1,25.19,8635,21806616.0,0.0,15,25.14,0
20201119,1605715200000,25.19,25.200000000000003,25.01,25.150000000000002,9167,23016584.0,0.0,15,25.19,0
20201120,1605801600000,25.28,25.86,25.16,25.57,16886,43179518.0,0.0,15,25.15,0
20201123,1606060800000,25.84,25.84,25.41,25.5,12704,32506691.0,0.0,15,25.57,0
20201124,1606147200000,25.36,25.49,25.11,25.259999999999998,10688,26969441.999999996,0.0,15,25.5,0
20201125,1606233600000,25.26,25.41,25.07,25.12,11314,28431235.0,0.0,15,25.26,0
20201126,1606320000000,25.19,25.32,25.03,25.080000000000002,10088,25336668.0,0.0,15,25.12,0
20201127,1606406400000,25.01,25.020000000000003,23.900000000000002,24.090000000000003,24986,60398590.00000001,0.0,15,25.080000000000002,0
20201130,1606665600000,24.009999999999998,24.18,23.79,24.08,13352,32010573.000000004,0.0,15,24.09,0
20201201,1606752000000,24.06,24.34,24.0,24.3,10145,24605180.0,0.0,15,24.08,0
20201202,1606838400000,24.6,25.5,24.25,25.41,31383,78368453.0,0.0,15,24.3,0
20201203,1606924800000,25.110000000000003,27.950000000000003,25.1,27.950000000000003,45893,124802982.0,0.0,15,25.41,0
20201204,1607011200000,29.69,30.7,27.98,28.03,118425,348316152.0,0.0,15,27.95,0
20201207,1607270400000,27.46,28.44,26.68,26.84,62297,169387417.0,0.0,15,28.03,0
20201208,1607356800000,26.73,26.990000000000002,25.91,26.26,44463,116619424.0,0.0,15,26.84,0
20201209,1607443200000,26.28,27.17,25.8,26.46,47113,125151988.0,0.0,15,26.26,0
20201210,1607529600000,25.9,26.28,25.0,25.2,39555,100406891.0,0.0,15,26.46,0
20201211,1607616000000,25.21,25.25,24.1,24.55,30126,73848758.0,0.0,15,25.200000000000003,0
20201214,1607875200000,24.57,26.560000000000002,24.17,25.8,36686,93134547.0,0.0,15,24.55,0
20201215,1607961600000,25.48,25.86,25.16,25.27,22687,57823152.0,0.0,15,25.8,0
20201216,1608048000000,25.080000000000002,25.29,24.55,24.64,19774,48983406.0,0.0,15,25.27,0
20201217,1608134400000,24.61,26.0,24.61,25.82,37533,95991546.0,0.0,15,24.64,0
20201218,1608220800000,25.6,25.82,25.0,25.2,22814,57546921.00000001,0.0,15,25.82,0
20201221,1608480000000,25.17,25.17,24.6,24.96,16980,42286433.0,0.0,15,25.200000000000003,0
20201222,1608566400000,25.020000000000003,25.8,24.85,25.1,25007,63275544.0,0.0,15,24.96,0
20201223,1608652800000,24.78,24.78,24.25,24.53,22362,54650908.0,0.0,15,25.1,0
20201224,1608739200000,24.25,24.71,24.04,24.43,14675,35779516.0,0.0,15,24.529999999999998,0
20201225,1608825600000,24.180000000000003,24.44,24.080000000000002,24.17,10582,25636031.000000004,0.0,15,24.430000000000003,0
20201228,1609084800000,24.000000000000004,24.880000000000003,23.900000000000002,24.180000000000003,16417,40019031.00000001,0.0,15,24.17,0
20201229,1609171200000,24.25,24.48,23.8,24.02,12043,28998229.000000004,0.0,15,24.18,0
20201230,1609257600000,23.82,24.080000000000002,23.82,23.88,13200,31576760.0,0.0,15,24.02,0
20201231,1609344000000,23.900000000000002,24.22,23.89,24.12,12078,29028177.0,0.0,15,23.88,0
20210104,1609689600000,24.450000000000003,24.680000000000003,24.26,24.450000000000003,17379,42489246.0,0.0,15,24.12,0
20210105,1609776000000,24.41,25.51,24.23,25.330000000000002,30886,77667095.0,0.0,15,24.45,0
20210106,1609862400000,25.310000000000002,26.380000000000003,24.490000000000002,25.580000000000002,37182,94404311.0,0.0,15,25.330000000000002,0
20210107,1609948800000,25.099999999999998,25.49,24.11,24.15,28404,70126294.0,0.0,15,25.58,0
20210108,1610035200000,24.16,24.16,23.41,23.63,17925,42529621.0,0.0,15,24.15,0
20210111,1610294400000,23.63,23.75,22.5,22.55,20331,46697612.0,0.0,15,23.63,0
20210112,1610380800000,22.52,22.900000000000002,22.3,22.8,10124,22945057.0,0.0,15,22.55,0
20210113,1610467200000,22.810000000000002,22.860000000000003,21.900000000000002,21.910000000000004,16460,36430599.0,0.0,15,22.8,0
20210114,1610553600000,21.8,21.8,20.8,21.13,16539,34888231.00000001,0.0,15,21.91,0
20210115,1610640000000,21.0,21.8,20.93,21.54,11358,24354637.0,0.0,15,21.13,0
20210118,1610899200000,21.55,21.99,21.54,21.759999999999998,9649,20977781.0,0.0,15,21.54,0
20210119,1610985600000,21.6,22.3,21.6,22.220000000000002,13739,30257273.000000004,0.0,15,21.76,0
20210120,1611072000000,22.000000000000004,22.560000000000002,21.740000000000002,21.950000000000003,10941,24109455.999999996,0.0,15,22.220000000000002,0
20210121,1611158400000,21.9,22.24,21.75,21.81,11044,24255619.0,0.0,15,21.95,0
20210122,1611244800000,21.89,22.0,21.22,21.48,13408,28891437.000000004,0.0,15,21.81,0
20210125,1611504000000,21.32,21.48,20.85,21.01,14085,29651316.0,0.0,15,21.48,0
20210126,1611590400000,20.91,21.25,20.68,20.84,11096,23239921.000000004,0.0,15,21.009999999999998,0
20210127,1611676800000,20.69,20.880000000000003,20.400000000000002,20.42,11159,22876065.0,0.0,15,20.840000000000003,0
20210128,1611763200000,20.09,20.71,20.03,20.1,10504,21323217.000000004,0.0,15,20.42,0
20210129,1611849600000,20.11,20.38,19.0,19.41,18438,36069274.0,0.0,15,20.1,0
20210201,1612108800000,19.24,19.849999999999998,19.2,19.8,9345,18323372.000000004,0.0,15,19.41,0
20210202,1612195200000,19.8,21.78,19.8,21.78,18989,40739224.0,0.0,15,19.8,0
20210203,1612281600000,23.0,23.0,20.79,20.89,46944,102939885.0,0.0,15,21.779999999999998,0
20210204,1612368000000,20.29,20.49,19.2,19.33,28889,56500659.99999999,0.0,15,20.89,0
20210205,1612454400000,19.330000000000002,19.66,18.98,18.98,18590,35807776.0,0.0,15,19.330000000000002,0
20210208,1612713600000,18.99,19.25,18.29,18.349999999999998,13588,25216919.0,0.0,15,18.98,0
20210209,1612800000000,18.41,19.189999999999998,18.11,18.5,14614,27038537.000000004,0.0,15,18.349999999999998,0
20210210,1612886400000,18.66,19.98,18.64,19.310000000000002,19813,38304156.0,0.0,15,18.5,0
20210218,1613577600000,19.31,19.55,19.13,19.47,15075,29226808.0,0.0,15,19.31,0
20210219,1613664000000,19.9,19.97,19.41,19.94,15639,30813699.000000004,0.0,15,19.47,0
20210222,1613923200000,19.87,20.31,19.75,19.9,19415,38871104.00000001,0.0,15,19.94,0
20210223,1614009600000,20.0,20.6,19.5,20.31,22796,45749713.0,0.0,15,19.9,0
20210224,1614096000000,20.0,20.28,19.51,19.6,15910,31446089.0,0.0,15,20.310000000000002,0
20210225,1614182400000,19.7,19.7,19.25,19.38,8573,16634054.000000002,0.0,15,19.6,0
20210226,1614268800000,19.2,19.82,18.82,19.41,10311,20023785.0,0.0,15,19.38,0
20210301,1614528000000,19.400000000000002,19.6,19.3,19.5,8053,15683636.0,0.0,15,19.41,0
20210302,1614614400000,19.540000000000003,19.6,18.94,19.12,10716,20598232.0,0.0,15,19.5,0
20210303,1614700800000,19.25,19.52,18.96,19.44,9420,18193319.0,0.0,15,19.12,0
20210304,1614787200000,19.41,19.99,19.34,19.46,14665,28797397.0,0.0,15,19.44,0
20210305,1614873600000,19.41,19.73,19.3,19.580000000000002,9982,19478699.0,0.0,15,19.46,0
20210308,1615132800000,19.669999999999998,20.08,19.61,19.689999999999998,14005,27757239.000000004,0.0,15,19.58,0
20210309,1615219200000,19.500000000000004,19.57,18.580000000000002,18.85,13877,26385212.000000004,0.0,15,19.69,0
20210310,1615305600000,18.89,19.169999999999998,18.45,18.59,8652,16121242.0,0.0,15,18.849999999999998,0
20210311,1615392000000,18.58,19.0,18.45,18.779999999999998,7885,14764971.000000002,0.0,15,18.59,0
20210312,1615478400000,18.78,18.78,18.5,18.58,5898,10964861.0,0.0,15,18.78,0
20210315,1615737600000,18.53,18.580000000000002,18.12,18.25,7837,14369470.0,0.0,15,18.580000000000002,0
20210316,1615824000000,18.26,19.2,18.25,18.74,10871,20367524.0,0.0,15,18.25,0
20210317,1615910400000,18.740000000000002,18.96,18.490000000000002,18.92,8799,16520369.999999998,0.0,15,18.740000000000002,0
20210318,1615996800000,18.75,20.81,18.75,20.81,26049,52713381.0,0.0,15,18.92,0
20210319,1616083200000,20.95,22.52,20.3,21.400000000000002,77756,168414402.0,0.0,15,20.810000000000002,0
20210322,1616342400000,20.87,21.21,20.5,21.15,47473,98822785.0,0.0,15,21.4,0
20210323,1616428800000,20.92,21.05,20.05,20.26,35243,72361289.0,0.0,15,21.150000000000002,0
20210324,1616515200000,20.3,20.85,20.07,20.240000000000002,23046,46939257.0,0.0,15,20.26,0
20210325,1616601600000,20.020000000000003,22.26,20.01,22.26,70683,152519653.0,0.0,15,20.240000000000002,0
20210326,1616688000000,22.16,24.490000000000002,21.5,24.490000000000002,76142,175092203.0,0.0,15,22.26,0
20210329,1616947200000,26.349999999999998,26.94,26.02,26.94,46436,123211855.00000001,0.0,15,24.49,0
20210330,1617033600000,29.630000000000003,29.630000000000003,26.89,26.98,215990,619921500.0,0.0,15,26.94,0
20210331,1617120000000,24.28,28.560000000000002,24.28,27.150000000000002,173454,452553586.0,0.0,15,26.98,0
20210401,1617206400000,26.0,26.990000000000002,24.44,24.860000000000003,121191,305762989.0,0.0,15,27.150000000000002,0
20210402,1617292800000,25.59,25.9,24.0,24.81,87107,217803438.0,0.0,15,24.86,0
20210406,1617638400000,24.6,26.71,23.5,25.5,118674,298392560.0,0.0,15,24.81,0
20210407,1617724800000,25.5,28.049999999999997,24.72,28.049999999999997,87304,234355564.0,0.0,15,25.5,0
20210408,1617811200000,29.000000000000004,30.860000000000003,27.060000000000002,30.860000000000003,108115,321623683.00000006,0.0,15,28.05,0
20210409,1617897600000,32.73,33.95,30.88,33.95,199390,654000049.0,0.0,15,30.86,0
20210412,1618156800000,36.0,37.35,35.0,37.35,108728,399942627.0,0.0,15,33.95,0
20210413,1618243200000,33.68,36.76,33.62,33.62,167458,580307855.0,0.0,15,37.349999999999994,0
20210414,1618329600000,30.26,35.07,30.26,30.87,200495,637933293.0000001,0.0,15,33.620000000000005,0
20210415,1618416000000,30.310000000000002,32.88,30.26,31.44,155284,489810267.00000006,0.0,15,30.87,0
20210416,1618502400000,30.41,31.35,28.3,30.080000000000002,130992,391364505.00000006,0.0,15,31.44,0
20210419,1618761600000,29.6,30.17,28.98,29.16,127175,373534259.0,0.0,15,30.080000000000002,0
20210420,1618848000000,29.4,29.4,28.13,28.57,110719,317307062.0,0.0,15,29.16,0
20210421,1618934400000,28.2,31.43,27.66,31.43,184897,555040436.0,0.0,15,28.57,0
20210422,1619020800000,31.51,32.5,29.810000000000002,30.01,155545,477740697.0,0.0,15,31.430000000000003,0
20210423,1619107200000,29.0,29.95,28.11,28.36,109416,313631523.0,0.0,15,30.009999999999998,0
20210426,1619366400000,28.37,29.19,27.42,27.580000000000002,89900,252510816.0,0.0,15,28.360000000000003,0
20210427,1619452800000,27.6,30.25,26.27,29.75,135764,381280591.0,0.0,15,27.58,0
20210428,1619539200000,28.970000000000002,29.590000000000003,28.01,28.220000000000002,96877,277813179.0,0.0,15,29.75,0
20210429,1619625600000,28.46,28.990000000000002,27.1,27.220000000000002,80137,224673737.0,0.0,15,28.220000000000002,0
20210430,1619712000000,26.76,27.090000000000003,26.150000000000002,26.71,63612,169047232.00000003,0.0,15,27.220000000000002,0
20210506,1620230400000,27.000000000000004,27.200000000000003,26.240000000000002,26.830000000000002,50353,134576845.00000003,0.0,15,26.71,0
20210507,1620316800000,26.700000000000003,26.830000000000002,25.28,25.310000000000002,59626,153861152.0,0.0,15,26.830000000000002,0
20210510,1620576000000,25.48,27.37,25.48,27.01,76271,202644162.0,0.0,15,25.31,0
20210511,1620662400000,26.45,26.8,25.7,26.02,59062,154449888.0,0.0,15,27.009999999999998,0
20210512,1620748800000,26.01,28.51,25.580000000000002,27.650000000000002,95768,258202136.00000003,0.0,15,26.020000000000003,0
20210513,1620835200000,27.6,30.42,26.82,30.42,144963,430687594.00000006,0.0,15,27.65,0
20210514,1620921600000,31.0,33.3,30.59,31.58,222169,712757402.0000001,0.0,15,30.419999999999998,0
20210517,1621180800000,30.0,31.09,29.6,30.05,132350,399281862.0,0.0,15,31.580000000000002,0
20210518,1621267200000,29.360000000000003,32.0,28.67,31.400000000000002,125533,378586341.0,0.0,15,30.05,0
20210519,1621353600000,31.0,31.270000000000003,30.1,30.650000000000002,83375,255294742.0,0.0,15,31.400000000000002,0
20210520,1621440000000,30.33,31.6,29.68,30.89,103387,321068701.00000006,0.0,15,30.65,0
20210521,1621526400000,30.48,30.48,29.26,29.400000000000002,78642,233518080.0,0.0,15,30.89,0
20210524,1621785600000,29.000000000000004,29.250000000000004,27.900000000000002,29.060000000000002,68275,194042850.0,0.0,15,29.400000000000002,0
20210525,1621872000000,29.5,31.97,29.3,31.97,92630,289159581.0,0.0,15,29.060000000000002,0
20210526,1621958400000,33.1,34.92,31.53,31.580000000000002,199181,651835010.0,0.0,15,31.970000000000002,0
20210527,1622044800000,31.98,32.92,31.34,31.79,122050,391030219.0,0.0,15,31.58,0
20210528,1622131200000,31.8,33.18,31.38,32.5,133416,433690081.0,0.0,15,31.79,0
20210531,1622390400000,32.15,33.47,31.04,33.46,115133,373003267.0,0.0,15,32.5,0
20210601,1622476800000,34.52,36.5,33.0,33.31,172520,598531489.0,0.0,15,33.46,0
20210602,1622563200000,32.5,32.77,31.490000000000002,31.500000000000004,105659,337549895.0,0.0,15,33.31,0
20210603,1622649600000,31.02,32.27,30.39,32.06,80532,253896001.0,0.0,15,31.5,0
20210604,1622736000000,32.06,32.06,30.77,30.91,55904,174165257.0,0.0,15,32.06,0
20210607,1622995200000,30.990000000000002,31.0,29.8,30.71,51845,157412564.00000003,0.0,15,30.91,0
20210608,1623081600000,30.700000000000003,31.080000000000002,29.400000000000002,29.660000000000004,52439,157698533.0,0.0,15,30.71,0
20210609,1623168000000,29.5,30.29,29.09,29.99,32572,97081828.00000001,0.0,15,29.66,0
20210610,1623254400000,29.5,29.8,29.07,29.09,41207,120843790.0,0.0,15,29.990000000000002,0
20210611,1623340800000,29.099999999999998,29.65,28.45,29.45,43882,127907449.0,0.0,15,29.09,0
20210615,1623686400000,29.19,29.400000000000002,28.48,28.48,32793,94561839.0,0.0,15,29.45,0
20210616,1623772800000,28.9,30.58,28.7,29.73,54572,162297744.0,0.0,15,28.48,0
20210617,1623859200000,29.740000000000002,30.1,27.82,29.0,43937,126397507.0,0.0,15,29.73,0
20210618,1623945600000,28.540000000000003,28.98,28.080000000000002,28.37,38026,107484251.0,0.0,15,29.000000000000004,0
20210621,1624204800000,28.52,29.26,28.5,28.74,33524,96845505.0,0.0,15,28.37,0
20210622,1624291200000,29.17,29.18,28.25,28.35,29513,83806869.0,0.0,15,28.74,0
20210623,1624377600000,28.02,28.15,27.0,27.31,38812,106134833.0,0.0,15,28.2,0
20210624,1624464000000,27.14,27.259999999999998,26.52,26.55,30158,80771830.0,0.0,15,27.31,0
20210625,1624550400000,26.470000000000002,27.400000000000002,26.21,27.3,30514,82235320.0,0.0,15,26.55,0
20210628,1624809600000,27.400000000000002,27.75,27.03,27.42,31118,85339571.00000001,0.0,15,27.3,0
20210629,1624896000000,27.15,27.93,26.75,27.55,35056,95765392.0,0.0,15,27.42,0
20210630,1624982400000,27.3,29.900000000000002,27.01,28.73,62255,176695845.0,0.0,15,27.55,0
20210701,1625068800000,28.0,31.16,27.85,30.5,116111,351016134.00000006,0.0,15,28.73,0
20210702,1625155200000,30.51,30.66,28.78,28.82,73379,215120165.99999997,0.0,15,30.5,0
20210705,1625414400000,28.82,29.1,27.0,27.58,57202,158493030.99999997,0.0,15,28.82,0
20210706,1625500800000,27.57,28.040000000000003,26.6,26.970000000000002,48344,130808309.0,0.0,15,27.580000000000002,0
20210707,1625587200000,26.89,27.439999999999998,26.47,27.23,32144,86853644.0,0.0,15,26.97,0
20210708,1625673600000,27.150000000000002,27.200000000000003,26.330000000000002,26.39,37157,98672718.0,0.0,15,27.23,0
20210709,1625760000000,26.0,26.96,25.7,26.43,30377,79735538.0,0.0,15,26.39,0
20210712,1626019200000,26.650000000000002,26.87,26.17,26.450000000000003,27860,73947958.0,0.0,15,26.430000000000003,0
20210713,1626105600000,26.45,26.74,25.77,26.05,32670,84884015.0,0.0,15,26.45,0
20210714,1626192000000,26.0,26.75,25.5,26.21,45643,119904852.0,0.0,15,26.05,0
20210715,1626278400000,26.21,26.3,25.28,25.34,42544,108564706.0,0.0,15,26.21,0
20210716,1626364800000,25.34,25.439999999999998,24.27,24.29,62722,154308099.0,0.0,15,25.34,0
20210719,1626624000000,24.290000000000003,24.700000000000003,23.6,24.34,44415,108133653.00000001,0.0,15,24.290000000000003,0
20210720,1626710400000,24.28,24.919999999999998,24.11,24.41,41789,102320381.0,0.0,15,24.34,0
20210721,1626796800000,24.88,25.759999999999998,24.88,25.15,66657,168875995.00000003,0.0,15,24.41,0
20210722,1626883200000,24.869999999999997,25.0,24.13,24.23,49392,120269799.0,0.0,15,25.15,0
20210723,1626969600000,24.15,24.169999999999998,22.88,22.91,57483,133405876.00000001,0.0,15,24.23,0
20210726,1627228800000,22.7,22.7,21.23,21.85,47997,105052418.0,0.0,15,22.91,0
20210727,1627315200000,22.6,22.6,21.080000000000002,21.1,39057,84180613.0,0.0,15,21.85,0
20210728,1627401600000,20.5,21.700000000000003,20.01,21.580000000000002,49348,103592414.0,0.0,15,21.1,0
20210729,1627488000000,21.650000000000002,22.07,21.39,21.41,39864,86198790.0,0.0,15,21.580000000000002,0
20210730,1627574400000,21.3,21.8,20.7,21.68,45820,97662469.0,0.0,15,21.41,0
20210802,1627833600000,21.61,21.990000000000002,21.05,21.95,40828,88435961.0,0.0,15,21.68,0
20210803,1627920000000,21.770000000000003,22.48,21.51,22.26,49770,110488117.99999999,0.0,15,21.950000000000003,0
20210804,1628006400000,22.400000000000002,22.400000000000002,21.55,21.82,36825,80065945.0,0.0,15,22.26,0
20210805,1628092800000,21.79,22.39,21.41,21.43,34689,75749385.0,0.0,15,21.82,0
20210806,1628179200000,21.35,21.35,20.66,21.04,25702,53791005.99999999,0.0,15,21.43,0
20210809,1628438400000,20.9,22.189999999999998,20.77,21.919999999999998,45074,97859993.0,0.0,15,21.04,0
20210810,1628524800000,21.98,22.37,21.73,22.25,37487,83076214.0,0.0,15,21.92,0
20210811,1628611200000,22.000000000000004,22.240000000000002,21.830000000000002,21.94,25867,56873768.00000001,0.0,15,22.250000000000004,0
20210812,1628697600000,22.21,22.24,21.61,21.7,24372,53102633.0,0.0,15,21.939999999999998,0
20210813,1628784000000,21.580000000000002,21.85,21.150000000000002,21.310000000000002,26244,55960560.0,0.0,15,21.700000000000003,0
20210816,1629043200000,21.48,22.16,21.35,21.700000000000003,33581,73162113.0,0.0,15,21.310000000000002,0
20210817,1629129600000,21.599999999999998,23.56,21.2,22.91,94458,213633123.0,0.0,15,21.7,0
20210818,1629216000000,22.65,22.72,21.93,22.12,62318,138310083.0,0.0,15,22.91,0
20210819,1629302400000,21.86,22.36,21.62,21.630000000000003,35940,78312360.00000001,0.0,15,22.12,0
20210820,1629388800000,21.48,21.490000000000002,20.78,20.87,31812,66545293.0,0.0,15,21.630000000000003,0
20210823,1629648000000,20.770000000000003,21.250000000000004,20.650000000000002,21.03,20717,43471983.00000001,0.0,15,20.87,0
20210824,1629734400000,20.830000000000002,21.8,20.830000000000002,21.400000000000002,29600,63267460.0,0.0,15,21.03,0
20210825,1629820800000,21.23,21.85,21.07,21.73,36529,79123985.00000001,0.0,15,21.4,0
20210826,1629907200000,21.840000000000003,21.94,21.080000000000002,21.12,28592,61208637.0,0.0,15,21.73,0
20210827,1629993600000,20.990000000000002,21.45,20.8,20.95,24682,51762252.0,0.0,15,21.12,0
20210830,1630252800000,20.87,20.95,20.5,20.71,18720,38669747.00000001,0.0,15,20.95,0
20210831,1630339200000,20.56,21.029999999999998,20.56,20.81,15318,31742165.0,0.0,15,20.709999999999997,0
20210901,1630425600000,20.78,20.94,20.400000000000002,20.820000000000004,22234,45836686.0,0.0,15,20.810000000000002,0
20210902,1630512000000,20.8,20.98,20.68,20.71,15005,31148590.000000004,0.0,15,20.82,0
20210903,1630598400000,20.740000000000002,21.5,20.71,21.32,34181,72490811.0,0.0,15,20.71,0
20210906,1630857600000,21.810000000000002,23.330000000000002,21.330000000000002,22.770000000000003,86657,194058349.0,0.0,15,21.32,0
20210907,1630944000000,22.470000000000002,22.470000000000002,21.900000000000002,22.1,62592,138479241.0,0.0,15,22.770000000000003,0
20210908,1631030400000,22.0,22.77,21.73,22.44,50690,112541339.00000001,0.0,15,22.1,0
20210909,1631116800000,22.44,22.490000000000002,21.900000000000002,22.000000000000004,31274,69119728.0,0.0,15,22.44,0
20210910,1631203200000,21.990000000000002,22.19,21.78,21.98,22100,48498981.0,0.0,15,22.0,0
20210913,1631462400000,21.98,22.43,21.75,22.1,25000,55318440.0,0.0,15,21.98,0
20210914,1631548800000,22.0,22.05,21.11,21.349999999999998,29998,64785203.0,0.0,15,22.099999999999998,0
20210915,1631635200000,21.2,21.45,21.04,21.11,15357,32525465.0,0.0,15,21.349999999999998,0
20210916,1631721600000,21.040000000000003,21.400000000000002,20.92,20.92,15906,33622585.00000001,0.0,15,21.110000000000003,0
20210917,1631808000000,20.900000000000002,21.8,20.580000000000002,21.32,26471,55817465.0,0.0,15,20.92,0
20210922,1632240000000,21.05,21.71,21.05,21.5,19459,41825103.0,0.0,15,21.32,0
20210923,1632326400000,21.500000000000004,21.750000000000004,21.330000000000002,21.57,18146,39074808.0,0.0,15,21.500000000000004,0
20210924,1632412800000,21.7,21.759999999999998,21.06,21.09,17447,37212721.0,0.0,15,21.57,0
20210927,1632672000000,21.0,21.689999999999998,20.88,21.39,23354,49847053.0,0.0,15,21.09,0
20210928,1632758400000,21.39,21.54,21.0,21.25,12875,27405745.0,0.0,15,21.39,0
20210929,1632844800000,21.25,21.25,20.56,20.56,18788,38958283.0,0.0,15,21.25,0
20210930,1632931200000,20.88,20.88,20.56,20.75,8931,18510791.0,0.0,15,20.56,0
20211008,1633622400000,20.75,21.29,20.7,21.099999999999998,11148,23465606.0,0.0,15,20.75,0
20211011,1633881600000,21.1,21.62,21.05,21.28,14712,31424919.0,0.0,15,21.1,0
20211012,1633968000000,21.400000000000002,22.200000000000003,21.080000000000002,21.96,48206,105268167.00000001,0.0,15,21.28,0
20211013,1634054400000,21.959999999999997,23.0,21.63,23.0,88802,201056991.0,0.0,15,21.959999999999997,0
20211014,1634140800000,23.150000000000002,23.560000000000002,22.1,22.290000000000003,58713,132503404.0,0.0,15,23.0,0
20211015,1634227200000,22.19,22.2,21.5,21.5,40338,87361996.0,0.0,15,22.29,0
20211018,1634486400000,21.3,21.700000000000003,20.87,21.700000000000003,24708,52693294.00000001,0.0,15,21.5,0
20211019,1634572800000,21.6,21.970000000000002,21.400000000000002,21.48,27864,60317073.0,0.0,15,21.700000000000003,0
20211020,1634659200000,21.270000000000003,21.48,21.080000000000002,21.340000000000003,21328,45307201.0,0.0,15,21.48,0
20211021,1634745600000,21.110000000000003,21.32,20.92,21.130000000000003,20948,44223815.00000001,0.0,15,21.340000000000003,0
20211022,1634832000000,21.130000000000003,21.85,21.03,21.55,23569,50445888.0,0.0,15,21.130000000000003,0
20211025,1635091200000,21.7,22.119999999999997,21.47,21.83,34555,75272731.0,0.0,15,21.549999999999997,0
20211026,1635177600000,21.830000000000002,21.830000000000002,21.03,21.14,31996,68149271.0,0.0,15,21.830000000000002,0
20211027,1635264000000,21.0,21.0,20.62,20.76,23487,48729813.0,0.0,15,21.14,0
20211028,1635350400000,20.75,21.360000000000003,20.51,21.19,24414,51207349.00000001,0.0,15,20.76,0
20211029,1635436800000,21.1,21.28,20.69,21.0,19125,40188644.0,0.0,15,21.19,0
20211101,1635696000000,21.0,21.169999999999998,20.7,20.849999999999998,20690,43189929.0,0.0,15,21.0,0
20211102,1635782400000,20.85,21.000000000000004,20.400000000000002,20.590000000000003,23211,47998375.00000001,0.0,15,20.85,0
20211103,1635868800000,20.59,20.82,20.51,20.770000000000003,15843,32732411.000000004,0.0,15,20.59,0
20211104,1635955200000,20.77,20.89,20.62,20.740000000000002,14417,29861590.0,0.0,15,20.77,0
20211105,1636041600000,20.7,21.22,20.56,20.95,22315,46587119.0,0.0,15,20.74,0
20211108,1636300800000,20.959999999999997,21.18,20.81,21.09,18054,37977358.0,0.0,15,20.95,0
20211109,1636387200000,21.04,21.7,21.02,21.7,35605,76380622.00000001,0.0,15,21.09,0
20211110,1636473600000,21.599999999999998,21.88,21.11,21.419999999999998,32671,69990123.0,0.0,15,21.7,0
20211111,1636560000000,21.42,21.51,21.1,21.25,22575,47955400.0,0.0,15,21.42,0
20211112,1636646400000,21.25,21.33,21.0,21.1,19246,40630759.00000001,0.0,15,21.25,0
20211115,1636905600000,21.150000000000002,21.900000000000002,21.1,21.59,38695,83422214.0,0.0,15,21.1,0
20211116,1636992000000,21.88,23.75,21.7,23.75,192782,449118590.0,0.0,15,21.59,0
20211117,1637078400000,24.0,25.8,23.8,24.71,231379,573679833.0,0.0,15,23.75,0
20211118,1637164800000,24.34,25.28,23.44,23.450000000000003,137162,329854655.00000006,0.0,15,24.71,0
20211119,1637251200000,23.53,24.09,23.12,24.03,99654,234983941.00000003,0.0,15,23.45,0
20211122,1637510400000,23.900000000000002,24.590000000000003,23.330000000000002,24.28,105114,253136441.00000003,0.0,15,24.03,0
20211123,1637596800000,23.86,26.58,23.56,25.189999999999998,138482,343318051.0,0.0,15,24.279999999999998,0
20211124,1637683200000,25.18,26.1,24.5,24.81,120756,305141652.0,0.0,15,25.19,0
20211125,1637769600000,24.790000000000003,25.430000000000003,24.400000000000002,24.48,86672,215498687.00000003,0.0,15,24.810000000000002,0
20211126,1637856000000,24.46,24.84,24.2,24.84,64269,158019329.0,0.0,15,24.48,0
20211129,1638115200000,24.78,25.77,23.96,23.96,88512,218096243.0,0.0,15,24.84,0
20211130,1638201600000,23.990000000000002,24.55,23.53,24.39,61891,149179211.0,0.0,15,23.96,0
20211201,1638288000000,23.95,24.23,23.5,23.78,58050,137919361.0,0.0,15,24.39,0
20211202,1638374400000,23.92,24.12,23.57,23.7,43327,103264810.99999999,0.0,15,23.78,0
20211203,1638460800000,23.48,23.68,22.66,22.71,68692,157619962.0,0.0,15,23.7,0
20211206,1638720000000,22.709999999999997,23.049999999999997,22.31,23.02,45808,104164046.0,0.0,15,22.709999999999997,0
20211207,1638806400000,22.8,23.060000000000002,22.080000000000002,22.290000000000003,43585,97883089.0,0.0,15,23.020000000000003,0
20211208,1638892800000,22.4,22.98,22.2,22.65,34453,77577032.0,0.0,15,22.29,0
20211209,1638979200000,22.73,22.880000000000003,22.42,22.810000000000002,37928,86108122.0,0.0,15,22.650000000000002,0
20211210,1639065600000,22.759999999999998,23.43,22.68,23.27,52801,121907860.0,0.0,15,22.81,0
20211213,1639324800000,23.25,23.48,22.88,22.95,41468,95654882.00000001,0.0,15,23.27,0
20211214,1639411200000,22.95,23.19,22.71,22.87,26866,61644278.00000001,0.0,15,22.95,0
20211215,1639497600000,22.71,22.88,22.36,22.86,35517,80377637.0,0.0,15,22.87,0
20211216,1639584000000,22.91,23.0,22.45,22.52,29374,66237706.0,0.0,15,22.86,0
20211217,1639670400000,22.45,22.68,22.25,22.52,26899,60411281.0,0.0,15,22.52,0
20211220,1639929600000,22.52,24.77,22.48,24.77,152956,369960473.0,0.0,15,22.52,0
20211221,1640016000000,24.67,24.67,23.5,24.11,130945,313359847.0,0.0,15,24.77,0
20211222,1640102400000,23.91,24.68,23.7,24.4,106913,259581593.0,0.0,15,24.11,0
20211223,1640188800000,24.13,24.3,23.11,23.22,88749,208748502.0,0.0,15,24.4,0
20211224,1640275200000,23.0,24.689999999999998,22.63,23.9,113742,270944988.0,0.0,15,23.22,0
20211227,1640534400000,23.5,25.5,23.41,24.68,135606,331635289.99999994,0.0,15,23.9,0
20211228,1640620800000,24.68,24.68,23.8,24.52,109622,265808592.0,0.0,15,24.68,0
20211229,1640707200000,24.51,25.1,23.89,23.93,112200,274829151.0,0.0,15,24.52,0
20211230,1640793600000,23.82,24.939999999999998,23.56,24.7,119446,289993223.0,0.0,15,23.93,0
20211231,1640880000000,24.7,25.6,24.5,24.92,201248,504941214.0,0.0,15,24.7,0
20220104,1641225600000,25.17,26.66,24.78,25.35,196245,504412035.00000006,0.0,15,24.92,0
20220105,1641312000000,25.000000000000004,25.110000000000003,23.400000000000002,24.150000000000002,134353,324775676.0,0.0,15,25.35,0
20220106,1641398400000,24.0,25.58,23.68,25.4,133674,331365573.0,0.0,15,24.15,0
20220107,1641484800000,25.0,25.49,24.45,24.72,93836,233091065.0,0.0,15,25.4,0
20220110,1641744000000,24.53,27.19,24.240000000000002,26.330000000000002,233666,615511299.0,0.0,15,24.720000000000002,0
20220111,1641830400000,26.54,27.77,25.71,26.54,242623,650816080.0,0.0,15,26.330000000000002,0
20220112,1641916800000,26.02,26.86,25.48,26.36,156135,410348155.0,0.0,15,26.54,0
20220113,1642003200000,26.430000000000003,26.430000000000003,25.150000000000002,25.71,130546,335990598.0,0.0,15,26.360000000000003,0
20220114,1642089600000,25.29,26.45,25.27,25.82,134822,349885959.0,0.0,15,25.71,0
20220117,1642348800000,25.42,26.660000000000004,24.900000000000002,26.650000000000002,147517,382244583.0,0.0,15,25.820000000000004,0
20220118,1642435200000,26.6,26.6,24.330000000000002,24.42,149903,377962816.0,0.0,15,26.650000000000002,0
20220119,1642521600000,24.01,24.27,23.5,23.66,86267,204917297.0,0.0,15,24.42,0
20220120,1642608000000,23.68,24.14,22.64,22.69,84754,197767320.0,0.0,15,23.66,0
20220121,1642694400000,22.599999999999998,22.599999999999998,21.2,21.21,89908,195091226.00000003,0.0,15,22.689999999999998,0
20220124,1642953600000,21.0,21.46,20.78,21.3,42493,89903884.0,0.0,15,21.21,0
20220125,1643040000000,21.03,21.33,19.45,19.55,74481,150698496.0,0.0,15,21.3,0
20220126,1643126400000,19.84,20.169999999999998,19.36,19.68,44396,87525172.0,0.0,15,19.55,0
20220127,1643212800000,19.810000000000002,19.96,18.69,18.73,51153,97753542.0,0.0,15,19.68,0
20220128,1643299200000,18.99,19.2,18.5,19.0,37740,71527044.0,0.0,15,18.73,0
20220207,1644163200000,19.21,19.4,19.02,19.2,31528,60512450.00000001,0.0,15,19.0,0
20220208,1644249600000,19.21,19.54,18.98,19.400000000000002,35468,68448945.0,0.0,15,19.2,0
20220209,1644336000000,19.45,19.85,19.21,19.78,46983,92151107.0,0.0,15,19.400000000000002,0
20220210,1644422400000,19.78,20.21,19.61,19.95,47673,95010171.0,0.0,15,19.78,0
20220211,1644508800000,19.85,19.85,19.07,19.11,45227,87308367.99999999,0.0,15,19.95,0
20220214,1644768000000,19.0,19.61,18.88,19.419999999999998,31282,60645722.0,0.0,15,19.11,0
20220215,1644854400000,19.599999999999998,20.0,19.38,19.88,43424,85871321.0,0.0,15,19.419999999999998,0
20220216,1644940800000,19.94,19.94,19.57,19.75,31955,63055922.0,0.0,15,19.88,0
20220217,1645027200000,19.740000000000002,19.740000000000002,19.44,19.48,27293,53339363.0,0.0,15,19.75,0
20220218,1645113600000,19.49,19.61,19.27,19.53,21917,42688926.0,0.0,15,19.48,0
20220221,1645372800000,19.55,19.97,19.41,19.87,43041,84770599.0,0.0,15,19.53,0
20220222,1645459200000,19.64,19.8,19.3,19.52,35392,69063160.00000001,0.0,15,19.87,0
20220223,1645545600000,19.68,20.099999999999998,19.52,19.9,50884,101228997.00000001,0.0,15,19.52,0
20220224,1645632000000,19.71,20.46,19.35,19.630000000000003,76316,152088868.99999997,0.0,15,19.900000000000002,0
20220225,1645718400000,19.630000000000003,20.0,19.6,19.75,40197,79654095.0,0.0,15,19.630000000000003,0
20220228,1645977600000,19.6,19.79,19.21,19.69,31953,62422321.00000001,0.0,15,19.75,0
20220301,1646064000000,19.75,20.98,19.6,20.51,83500,170020931.0,0.0,15,19.69,0
20220302,1646150400000,20.44,20.88,20.0,20.65,77279,158338035.0,0.0,15,20.51,0
20220303,1646236800000,20.49,20.79,20.2,20.5,51618,105931349.00000001,0.0,15,20.65,0
20220304,1646323200000,20.4,21.47,20.32,21.34,114654,242903540.0,0.0,15,20.5,0
20220307,1646582400000,21.45,23.47,20.81,22.68,180113,396764584.0,0.0,15,21.34,0
20220308,1646668800000,22.0,22.0,20.41,20.46,119125,250412496.0,0.0,15,22.68,0
20220309,1646755200000,20.08,20.59,18.7,19.56,94098,185160520.0,0.0,15,20.46,0
20220310,1646841600000,20.009999999999998,21.0,19.97,20.91,110236,227897998.00000003,0.0,15,19.56,0
20220311,1646928000000,20.59,21.87,20.46,21.66,120417,255662097.00000003,0.0,15,20.91,0
20220314,1647187200000,21.32,21.96,20.95,21.099999999999998,82481,176937961.00000003,0.0,15,21.66,0
20220315,1647273600000,21.28,21.900000000000002,20.85,21.44,115324,247236814.0,0.0,15,21.1,0
20220316,1647360000000,21.95,22.65,21.38,22.31,136610,300327386.0,0.0,15,21.439999999999998,0
20220317,1647446400000,22.439999999999998,23.34,21.88,23.009999999999998,149319,338682814.0,0.0,15,22.31,0
20220318,1647532800000,22.72,23.01,22.16,22.7,95865,215848590.0,0.0,15,23.01,0
20220321,1647792000000,22.98,23.3,22.59,23.169999999999998,97898,224696980.0,0.0,15,22.7,0
20220322,1647878400000,22.990000000000002,23.430000000000003,22.080000000000002,22.17,93245,211489988.00000003,0.0,15,23.17,0
20220323,1647964800000,22.21,23.07,21.7,22.45,98262,222027975.0,0.0,15,22.169999999999998,0
20220324,1648051200000,22.41,24.7,21.8,24.7,209402,497828187.0,0.0,15,22.45,0
20220325,1648137600000,24.6,24.6,22.98,22.990000000000002,230607,545720596.0000001,0.0,15,24.7,0
20220328,1648396800000,22.65,23.44,22.18,22.44,127963,290828833.0,0.0,15,22.99,0
20220329,1648483200000,22.5,23.150000000000002,22.1,23.12,122301,278682393.0,0.0,15,22.44,0
20220330,1648569600000,22.630000000000003,22.73,21.55,22.37,127596,283119931.0,0.0,15,23.12,0
20220331,1648656000000,22.020000000000003,22.59,20.6,20.78,139659,303130543.0,0.0,15,22.37,0
20220401,1648742400000,20.03,21.48,19.67,20.990000000000002,96245,197501040.0,0.0,15,20.78,0
20220406,1649174400000,21.3,22.45,21.02,22.15,125681,276692644.0,0.0,15,20.99,0
20220407,1649260800000,22.369999999999997,22.4,21.13,21.25,72738,157150659.0,0.0,15,22.15,0
20220408,1649347200000,21.169999999999998,21.22,19.93,19.99,77473,157361354.00000003,0.0,15,21.25,0
20220411,1649606400000,19.88,20.29,19.38,19.529999999999998,59412,117084698.0,0.0,15,19.99,0
20220412,1649692800000,19.34,19.79,19.13,19.669999999999998,42423,82608850.00000001,0.0,15,19.529999999999998,0
20220413,1649779200000,19.67,19.69,18.91,18.98,47464,90637670.99999999,0.0,15,19.67,0
20220414,1649865600000,19.02,19.35,19.0,19.05,36936,70597629.00000001,0.0,15,18.98,0
20220415,1649952000000,18.9,18.92,18.5,18.68,41228,76992795.0,0.0,15,19.05,0
20220418,1650211200000,18.700000000000003,18.700000000000003,17.69,17.830000000000002,54235,97051204.00000001,0.0,15,18.68,0
20220419,1650297600000,17.680000000000003,17.94,17.51,17.580000000000002,38422,68041321.0,0.0,15,17.830000000000002,0
20220420,1650384000000,17.66,17.87,17.01,17.130000000000003,45933,80208552.99999999,0.0,15,17.580000000000002,0
20220421,1650470400000,17.05,17.22,16.25,16.28,48174,80225561.0,0.0,15,17.13,0
20220422,1650556800000,16.28,16.39,15.59,15.879999999999999,42945,68276793.99999999,0.0,15,16.28,0
20220425,1650816000000,15.610000000000001,15.73,14.290000000000001,14.290000000000001,64262,95441195.0,0.0,15,15.88,0
20220426,1650902400000,13.82,14.6,13.82,14.280000000000001,46626,66567836.99999999,0.0,15,14.290000000000001,0
20220427,1650988800000,14.020000000000001,14.65,13.55,14.65,55278,77927552.0,0.0,15,14.280000000000001,0
20220428,1651075200000,14.49,16.080000000000002,14.13,15.350000000000001,87946,132923906.0,0.0,15,14.65,0
20220429,1651161600000,15.110000000000001,16.700000000000003,15.040000000000001,15.97,94780,149208066.0,0.0,15,15.350000000000001,0
20220505,1651680000000,15.47,16.080000000000002,15.31,15.9,70546,111277695.0,0.0,15,15.97,0
20220506,1651766400000,15.36,16.26,15.16,15.8,53744,84475152.00000001,0.0,15,15.9,0
20220509,1652025600000,16.0,16.3,15.63,16.12,53780,86139459.0,0.0,15,15.8,0
20220510,1652112000000,15.81,16.09,15.700000000000001,15.98,39896,63618011.00000001,0.0,15,16.12,0
20220511,1652198400000,16.05,16.64,15.99,16.03,60765,99368937.0,0.0,15,15.98,0
20220512,1652284800000,16.48,17.26,16.14,17.03,103232,173030987.0,0.0,15,16.03,0
20220513,1652371200000,17.119999999999997,17.25,16.31,16.529999999999998,75002,124746847.0,0.0,15,17.029999999999998,0
20220516,1652630400000,16.62,16.8,16.03,16.130000000000003,53794,87860364.00000001,0.0,15,16.53,0
20220517,1652716800000,16.130000000000003,16.14,15.700000000000001,15.930000000000001,37354,59298961.0,0.0,15,16.130000000000003,0
20220518,1652803200000,15.91,16.33,15.76,16.08,28804,46410425.0,0.0,15,15.93,0
20220519,1652889600000,15.77,16.0,15.6,15.889999999999999,27412,43331372.0,0.0,15,16.08,0
20220520,1652976000000,15.889999999999999,16.33,15.85,16.06,38271,61454328.00000001,0.0,15,15.889999999999999,0
20220523,1653235200000,16.15,16.639999999999997,16.15,16.5,47819,78511266.0,0.0,15,16.06,0
20220524,1653321600000,16.39,16.5,15.38,15.4,53942,85864897.0,0.0,15,16.5,0
20220525,1653408000000,15.41,16.25,15.4,16.01,44848,71503690.0,0.0,15,15.4,0
20220526,1653494400000,16.39,16.42,15.620000000000001,15.91,33588,53365080.0,0.0,15,16.01,0
20220527,1653580800000,15.81,16.05,15.610000000000001,15.820000000000002,26891,42616440.00000001,0.0,15,15.910000000000002,0
20220530,1653840000000,15.72,15.92,15.55,15.9,24957,39337841.0,0.0,15,15.82,0
20220531,1653926400000,15.91,16.42,15.55,16.28,50778,81488594.0,0.0,15,15.9,0
20220601,1654012800000,16.380000000000003,16.400000000000002,16.080000000000002,16.180000000000003,37133,60406826.0,0.0,15,16.28,0
20220602,1654099200000,16.15,16.25,15.85,16.169999999999998,28243,45314245.0,0.0,15,16.18,0
20220606,1654444800000,16.130000000000003,16.450000000000003,16.1,16.34,29788,48628840.0,0.0,15,16.17,0
20220607,1654531200000,16.360000000000003,17.970000000000002,16.26,17.55,122022,208435937.0,0.0,15,16.34,0
20220608,1654617600000,17.12,17.270000000000003,16.6,16.8,104841,176396142.00000003,0.0,15,17.55,0
20220609,1654704000000,16.529999999999998,16.7,16.2,16.23,51329,84074358.0,0.0,15,16.8,0
20220610,1654790400000,16.12,16.46,16.02,16.3,29630,48388998.00000001,0.0,15,16.23,0
20220613,1655049600000,16.13,16.5,16.06,16.47,32827,53579763.99999999,0.0,15,16.299999999999997,0
20220614,1655136000000,16.36,16.44,15.89,16.42,39637,64254700.0,0.0,15,16.47,0
20220615,1655222400000,16.41,16.66,16.330000000000002,16.430000000000003,38274,63226317.0,0.0,15,16.42,0
20220616,1655308800000,16.43,16.9,16.4,16.72,51606,86306221.00000001,0.0,15,16.43,0
20220617,1655395200000,16.72,16.88,16.32,16.81,44189,73682666.0,0.0,15,16.72,0
20220620,1655654400000,16.81,17.4,16.81,17.29,66204,113382612.99999999,0.0,15,16.81,0
20220621,1655740800000,17.290000000000003,18.150000000000002,16.94,17.400000000000002,93462,163009978.0,0.0,15,17.290000000000003,0
20220622,1655827200000,17.37,19.14,17.25,19.0,234944,435696204.0,0.0,15,17.4,0
20220623,1655913600000,17.53,18.66,17.53,18.28,169580,306921677.0,0.0,15,19.0,0
20220624,1656000000000,18.16,18.490000000000002,17.92,18.0,98448,178508637.0,0.0,15,18.28,0
20220627,1656259200000,18.2,18.68,18.05,18.12,81527,149120644.0,0.0,15,18.0,0
20220628,1656345600000,18.080000000000002,18.12,17.580000000000002,17.990000000000002,61819,110305799.00000001,0.0,15,18.12,0
20220629,1656432000000,17.85,18.200000000000003,17.44,17.46,65580,116925120.00000001,0.0,15,17.990000000000002,0
20220630,1656518400000,17.31,17.83,17.31,17.65,41159,72600908.00000001,0.0,15,17.459999999999997,0
20220701,1656604800000,17.65,17.89,17.34,17.39,33860,59245715.00000001,0.0,15,17.65,0
20220704,1656864000000,17.63,17.99,17.31,17.9,50475,89738271.0,0.0,15,17.389999999999997,0
20220705,1656950400000,17.919999999999998,17.98,17.38,17.619999999999997,42164,74228564.0,0.0,15,17.9,0
20220706,1657036800000,17.57,17.779999999999998,17.06,17.24,39848,69255193.0,0.0,15,17.619999999999997,0
20220707,1657123200000,17.23,17.42,16.8,17.41,40103,68567161.0,0.0,15,17.240000000000002,0
20220708,1657209600000,17.380000000000003,17.62,17.21,17.45,29281,51025642.0,0.0,15,17.41,0
20220711,1657468800000,17.520000000000003,18.200000000000003,17.490000000000002,18.040000000000003,74729,133860024.0,0.0,15,17.450000000000003,0
20220712,1657555200000,18.0,18.0,17.25,17.26,50646,88555271.00000001,0.0,15,18.04,0
20220713,1657641600000,17.200000000000003,17.330000000000002,16.85,17.05,29337,49942041.0,0.0,15,17.26,0
20220714,1657728000000,16.9,17.25,16.9,16.97,22844,38964151.0,0.0,15,17.049999999999997,0
20220715,1657814400000,17.2,17.27,16.88,16.919999999999998,24200,41337732.0,0.0,15,16.97,0
20220718,1658073600000,16.93,17.06,16.61,17.03,24975,42070596.0,0.0,15,16.919999999999998,0
20220719,1658160000000,17.03,17.33,17.0,17.18,23162,39766599.0,0.0,15,17.03,0
20220720,1658246400000,17.28,17.72,17.16,17.5,35520,62250877.99999999,0.0,15,17.18,0
20220721,1658332800000,17.5,17.720000000000002,17.3,17.55,33265,58249199.00000001,0.0,15,17.5,0
20220722,1658419200000,17.52,17.67,17.0,17.08,29540,51030114.00000001,0.0,15,17.55,0
20220725,1658678400000,17.08,17.349999999999998,17.02,17.18,20470,35230586.0,0.0,15,17.08,0
20220726,1658764800000,17.16,17.33,16.88,17.31,22330,38266617.0,0.0,15,17.18,0
20220727,1658851200000,17.419999999999998,17.48,17.18,17.31,16840,29128876.0,0.0,15,17.31,0
20220728,1658937600000,17.310000000000002,17.39,17.080000000000002,17.090000000000003,26545,45716414.0,0.0,15,17.310000000000002,0
20220729,1659024000000,17.09,17.11,16.64,16.71,30824,51960732.0,0.0,15,17.09,0
20220801,1659283200000,16.68,16.86,16.4,16.84,17461,29127791.0,0.0,15,16.709999999999997,0
20220802,1659369600000,16.62,16.64,15.71,15.82,36851,58902027.99999999,0.0,15,16.84,0
20220803,1659456000000,15.790000000000001,16.45,15.790000000000001,15.99,32818,53033569.0,0.0,15,15.82,0
20220804,1659542400000,16.05,16.22,15.82,16.13,18448,29554104.999999996,0.0,15,15.99,0
20220805,1659628800000,16.139999999999997,16.5,16.06,16.47,24196,39605117.0,0.0,15,16.13,0
20220808,1659888000000,16.62,17.130000000000003,16.51,17.130000000000003,44711,75960325.0,0.0,15,16.470000000000002,0
20220809,1659974400000,17.0,17.18,16.8,17.080000000000002,34500,58675608.0,0.0,15,17.13,0
20220810,1660060800000,17.07,17.22,17.0,17.13,25539,43753046.00000001,0.0,15,17.08,0
20220811,1660147200000,17.169999999999998,17.349999999999998,17.11,17.3,27235,47073573.0,0.0,15,17.13,0
20220812,1660233600000,17.35,17.44,17.18,17.25,18631,32233568.0,0.0,15,17.3,0
20220815,1660492800000,17.2,17.21,17.0,17.1,17853,30495368.0,0.0,15,17.25,0
20220816,1660579200000,17.03,17.2,16.89,16.95,21132,35892783.0,0.0,15,17.1,0
20220817,1660665600000,17.119999999999997,17.36,16.9,16.939999999999998,26493,45198598.0,0.0,15,16.95,0
20220818,1660752000000,16.94,16.94,16.580000000000002,16.64,25853,43059523.00000001,0.0,15,16.94,0
20220819,1660838400000,16.689999999999998,16.849999999999998,16.36,16.36,25222,41689460.0,0.0,15,16.64,0
20220822,1661097600000,16.29,16.55,15.98,16.53,20317,33267223.000000004,0.0,15,16.36,0
20220823,1661184000000,16.5,16.560000000000002,16.26,16.380000000000003,16314,26700202.0,0.0,15,16.53,0
20220824,1661270400000,16.22,16.45,16.02,16.07,21952,35533402.0,0.0,15,16.38,0
20220825,1661356800000,16.07,16.200000000000003,15.860000000000001,16.03,18215,29091794.0,0.0,15,16.07,0
20220826,1661443200000,16.03,16.32,15.96,16.07,13829,22310221.0,0.0,15,16.03,0
20220829,1661702400000,15.830000000000002,16.040000000000003,15.700000000000001,15.88,20814,32987102.000000004,0.0,15,16.07,0
20220830,1661788800000,15.77,16.05,15.77,15.82,16687,26488309.0,0.0,15,15.879999999999999,0
20220831,1661875200000,15.78,15.89,15.35,15.379999999999999,33450,52068238.0,0.0,15,15.82,0
20220901,1661961600000,15.360000000000001,15.64,15.13,15.21,24706,37960906.0,0.0,15,15.38,0
20220902,1662048000000,15.25,15.43,15.08,15.11,28252,42879319.0,0.0,15,15.21,0
20220905,1662307200000,15.06,15.24,14.71,14.88,33404,49773976.0,0.0,15,15.110000000000001,0
20220906,1662393600000,14.99,15.1,14.75,15.1,20012,29971603.0,0.0,15,14.88,0
20220907,1662480000000,15.04,15.28,14.93,15.219999999999999,20326,30794406.999999996,0.0,15,15.1,0
20220908,1662566400000,15.299999999999999,15.36,15.01,15.02,15723,23801113.999999996,0.0,15,15.22,0
20220909,1662652800000,15.07,15.19,15.01,15.16,11208,16948599.0,0.0,15,15.02,0
20220913,1662998400000,15.17,15.41,15.09,15.27,22350,34168207.0,0.0,15,15.16,0
20220914,1663084800000,15.100000000000001,15.3,14.88,15.290000000000001,19794,29873250.0,0.0,15,15.270000000000001,0
20220915,1663171200000,15.15,15.39,14.73,14.9,20793,31293085.0,0.0,15,15.290000000000001,0
20220916,1663257600000,14.91,14.950000000000001,14.49,14.5,23341,34312325.0,0.0,15,14.9,0
20220919,1663516800000,14.540000000000001,14.65,14.06,14.15,14950,21299735.0,0.0,15,14.5,0
20220920,1663603200000,14.21,14.64,14.21,14.57,18184,26281788.0,0.0,15,14.15,0
20220921,1663689600000,14.5,14.67,14.35,14.59,11296,16379201.000000002,0.0,15,14.57,0
20220922,1663776000000,14.49,14.71,14.4,14.450000000000001,14408,20944510.000000004,0.0,15,14.59,0
20220923,1663862400000,14.32,14.5,13.93,14.08,14085,19959721.0,0.0,15,14.45,0
20220926,1664121600000,13.94,14.07,13.68,13.68,12122,16790017.0,0.0,15,14.08,0
20220927,1664208000000,13.7,14.43,13.68,14.4,25994,36767600.0,0.0,15,13.68,0
20220928,1664294400000,14.32,14.6,14.0,14.0,18658,26631125.0,0.0,15,14.4,0
20220929,1664380800000,14.09,14.370000000000001,13.91,13.99,16394,23201473.0,0.0,15,14.0,0
20220930,1664467200000,13.97,14.510000000000002,13.97,14.39,26684,38278219.00000001,0.0,15,13.99,0
20221010,1665331200000,14.39,14.6,13.83,13.87,24775,35240791.0,0.0,15,14.39,0
20221011,1665417600000,13.97,14.15,13.280000000000001,14.110000000000001,25070,34130869.00000001,0.0,15,13.870000000000001,0
20221012,1665504000000,14.0,14.18,13.51,14.18,21526,29810876.0,0.0,15,14.11,0
20221013,1665590400000,14.180000000000001,14.68,13.97,14.510000000000002,36777,53235254.99999999,0.0,15,14.180000000000001,0
20221014,1665676800000,14.59,15.15,14.59,15.01,40915,61078773.00000001,0.0,15,14.51,0
20221017,1665936000000,15.000000000000002,15.350000000000001,14.790000000000001,15.100000000000001,30771,46622614.0,0.0,15,15.010000000000002,0
20221018,1666022400000,15.23,15.58,14.9,15.43,42675,65439626.0,0.0,15,15.1,0
20221019,1666108800000,15.39,15.39,14.93,15.07,31448,47412655.0,0.0,15,15.43,0
20221020,1666195200000,15.07,15.299999999999999,14.93,14.99,25008,37835851.0,0.0,15,15.07,0
20221021,1666281600000,14.98,15.25,14.83,15.11,20972,31583300.0,0.0,15,14.99,0
20221024,1666540800000,15.25,15.6,14.75,14.84,32068,48563419.0,0.0,15,15.11,0
20221025,1666627200000,14.75,15.08,14.32,14.540000000000001,27343,39898414.0,0.0,15,14.84,0
20221026,1666713600000,14.540000000000001,15.330000000000002,14.540000000000001,15.15,40282,60976201.0,0.0,15,14.540000000000001,0
20221027,1666800000000,15.15,15.78,15.01,15.69,59527,92081022.99999999,0.0,15,15.15,0
20221028,1666886400000,15.5,15.58,14.81,14.85,57908,87555354.0,0.0,15,15.690000000000001,0
20221031,1667145600000,14.72,15.16,14.540000000000001,14.99,36506,54171335.0,0.0,15,14.850000000000001,0
20221101,1667232000000,15.250000000000002,16.490000000000002,15.200000000000001,15.98,126422,201464947.00000003,0.0,15,14.99,0
20221102,1667318400000,15.76,16.56,15.69,15.93,128055,206669650.99999997,0.0,15,15.979999999999999,0
20221103,1667404800000,15.870000000000001,16.2,15.66,15.68,59311,93726209.0,0.0,15,15.93,0
20221104,1667491200000,15.91,16.060000000000002,15.620000000000001,15.82,56092,88858653.0,0.0,15,15.680000000000001,0
20221107,1667750400000,15.86,15.95,15.6,15.69,46294,72905491.0,0.0,15,15.82,0
20221108,1667836800000,15.72,15.950000000000001,15.39,15.790000000000001,44874,70490793.0,0.0,15,15.690000000000001,0
20221109,1667923200000,15.83,17.37,15.76,16.85,149993,252409008.0,0.0,15,15.79,0
20221110,1668009600000,16.85,18.28,16.59,17.82,217177,379288862.0,0.0,15,16.85,0
20221111,1668096000000,17.490000000000002,18.61,17.03,17.03,232470,414026676.00000006,0.0,15,17.82,0
20221114,1668355200000,16.97,18.73,16.47,18.73,275520,498003095.00000006,0.0,15,17.029999999999998,0
20221115,1668441600000,19.060000000000002,20.6,18.35,20.6,344354,671860181.0,0.0,15,18.73,0
20221116,1668528000000,19.69,20.28,18.96,19.19,247286,482486350.0,0.0,15,20.6,0
20221117,1668614400000,18.69,19.8,18.52,19.18,208273,402293998.0,0.0,15,19.19,0
20221118,1668700800000,18.8,20.45,18.63,19.75,241253,471912237.00000006,0.0,15,19.18,0
20221121,1668960000000,19.16,20.28,18.57,20.2,185756,361318025.99999994,0.0,15,19.75,0
20221122,1669046400000,19.8,22.0,19.43,20.0,203254,413263693.0,0.0,15,20.2,0
20221123,1669132800000,19.6,19.73,18.0,18.0,153885,281216328.00000006,0.0,15,20.0,0
20221124,1669219200000,17.610000000000003,18.69,17.51,18.470000000000002,125957,228306050.99999997,0.0,15,18.0,0
20221125,1669305600000,18.21,18.29,17.39,17.84,94137,167899694.0,0.0,15,18.47,0
20221128,1669564800000,17.93,19.19,17.85,18.700000000000003,161714,301423875.00000006,0.0,15,17.84,0
20221129,1669651200000,18.4,19.439999999999998,18.31,18.9,154272,293498737.0,0.0,15,18.7,0
20221130,1669737600000,18.89,19.39,18.59,19.09,112834,213741043.0,0.0,15,18.9,0
20221201,1669824000000,19.37,19.500000000000004,17.900000000000002,18.730000000000004,140553,259746429.0,0.0,15,19.090000000000003,0
20221202,1669910400000,18.38,19.78,18.36,19.27,149871,286574053.0,0.0,15,18.73,0
20221205,1670169600000,19.7,19.98,18.91,19.8,185955,363599866.0,0.0,15,19.27,0
20221206,1670256000000,19.740000000000002,21.78,19.6,20.21,327601,691384196.0,0.0,15,19.8,0
20221207,1670342400000,19.400000000000002,22.12,18.55,21.7,303109,610313838.0,0.0,15,20.21,0
20221208,1670428800000,20.98,22.55,20.28,21.17,287089,612026089.0,0.0,15,21.700000000000003,0
20221209,1670515200000,20.63,21.16,20.13,20.14,176946,365071818.00000006,0.0,15,21.169999999999998,0
20221212,1670774400000,20.14,21.75,20.14,21.55,231621,488893911.0,0.0,15,20.14,0
20221213,1670860800000,21.96,22.8,20.75,22.29,232863,503067124.0,0.0,15,21.55,0
20221214,1670947200000,21.56,21.669999999999998,20.88,20.93,154291,327731965.0,0.0,15,22.29,0
20221215,1671033600000,20.55,21.14,20.3,20.41,102834,213202834.99999997,0.0,15,20.93,0
20221216,1671120000000,20.32,21.330000000000002,20.32,21.2,144288,303513111.00000006,0.0,15,20.41,0
20221219,1671379200000,21.22,21.39,19.09,19.25,128408,256116221.99999997,0.0,15,21.2,0
20221220,1671465600000,18.99,19.33,17.75,18.2,108085,198062445.0,0.0,15,19.25,0
20221221,1671552000000,18.21,18.73,18.21,18.42,81213,149726897.0,0.0,15,18.2,0
20221222,1671638400000,18.42,18.66,17.69,17.810000000000002,69143,124470283.00000001,0.0,15,18.42,0
20221223,1671724800000,17.57,18.08,17.5,17.75,54037,96269449.0,0.0,15,17.81,0
20221226,1671984000000,17.740000000000002,17.830000000000002,17.150000000000002,17.310000000000002,61882,107389804.00000001,0.0,15,17.750000000000004,0
20221227,1672070400000,17.1,17.26,16.17,16.590000000000003,86157,141977903.0,0.0,15,17.310000000000002,0
20221228,1672156800000,16.4,16.599999999999998,16.15,16.229999999999997,52958,86454253.00000001,0.0,15,16.59,0
20221229,1672243200000,16.17,16.55,16.17,16.35,50464,82668112.0,0.0,15,16.23,0
20221230,1672329600000,16.36,16.4,15.93,16.02,51515,82922847.0,0.0,15,16.35,0
20230103,1672675200000,16.25,16.65,16.15,16.619999999999997,64085,105639449.0,0.0,15,16.02,0
20230104,1672761600000,16.58,16.58,16.11,16.37,73929,120636353.0,0.0,15,16.62,0
20230105,1672848000000,16.27,16.4,16.0,16.32,42866,69656960.0,0.0,15,16.37,0
20230106,1672934400000,16.3,16.34,16.05,16.080000000000002,39394,63633307.0,0.0,15,16.32,0
20230109,1673193600000,16.08,16.24,16.0,16.16,35709,57521023.00000001,0.0,15,16.08,0
20230110,1673280000000,16.18,16.18,15.91,15.94,34736,55534649.0,0.0,15,16.16,0
20230111,1673366400000,15.96,16.080000000000002,15.780000000000001,15.850000000000001,33901,54053268.0,0.0,15,15.940000000000001,0
20230112,1673452800000,15.860000000000001,16.01,15.620000000000001,15.700000000000001,33540,52998766.00000001,0.0,15,15.850000000000001,0
20230113,1673539200000,15.700000000000001,15.82,15.63,15.74,22149,34868538.00000001,0.0,15,15.700000000000001,0
20230116,1673798400000,15.790000000000001,16.19,15.74,16.1,42084,67563634.00000001,0.0,15,15.74,0
20230117,1673884800000,16.02,16.18,15.870000000000001,15.940000000000001,26344,42150784.0,0.0,15,16.1,0
20230118,1673971200000,15.930000000000001,16.01,15.870000000000001,15.950000000000001,17657,28146021.999999996,0.0,15,15.940000000000001,0
20230119,1674057600000,16.07,16.07,15.88,15.940000000000001,24879,39788783.0,0.0,15,15.950000000000001,0
20230120,1674144000000,15.92,16.18,15.92,16.18,30196,48694165.99999999,0.0,15,15.94,0
20230130,1675008000000,16.25,16.4,16.2,16.4,42615,69566386.00000001,0.0,15,16.18,0
20230131,1675094400000,16.5,16.55,16.25,16.43,34866,57266279.0,0.0,15,16.4,0
20230201,1675180800000,16.46,16.56,16.36,16.56,38257,62955585.99999999,0.0,15,16.43,0
20230202,1675267200000,16.57,16.68,16.47,16.56,40466,66956761.0,0.0,15,16.56,0
20230203,1675353600000,16.5,16.54,16.18,16.37,35162,57386582.0,0.0,15,16.56,0
20230206,1675612800000,16.43,16.5,16.27,16.33,24521,40119740.0,0.0,15,16.37,0
20230207,1675699200000,16.48,16.48,16.21,16.29,24579,40014526.0,0.0,15,16.330000000000002,0
20230208,1675785600000,16.380000000000003,16.380000000000003,16.240000000000002,16.250000000000004,20511,33424277.000000004,0.0,15,16.290000000000003,0
20230209,1675872000000,16.25,16.44,16.12,16.43,28991,47333648.0,0.0,15,16.25,0
20230210,1675958400000,16.43,16.52,16.23,16.330000000000002,35069,57347337.0,0.0,15,16.43,0
20230213,1676217600000,16.330000000000002,16.48,16.330000000000002,16.470000000000002,33059,54315245.00000001,0.0,15,16.330000000000002,0
20230214,1676304000000,16.49,17.29,16.43,17.2,94574,159583189.0,0.0,15,16.47,0
20230215,1676390400000,17.19,17.33,17.0,17.06,63054,108045879.99999999,0.0,15,17.2,0
20230216,1676476800000,17.04,17.549999999999997,16.9,17.29,89626,155136710.0,0.0,15,17.06,0
20230217,1676563200000,17.32,18.79,17.12,18.11,132014,236968263.00000003,0.0,15,17.290000000000003,0
20230220,1676822400000,18.16,18.18,17.46,17.98,87010,154446955.0,0.0,15,18.11,0
20230221,1676908800000,17.900000000000002,17.900000000000002,17.580000000000002,17.62,64368,113699017.00000001,0.0,15,17.98,0
20230222,1676995200000,17.599999999999998,17.8,17.38,17.47,52230,91655896.99999999,0.0,15,17.619999999999997,0
20230223,1677081600000,17.47,17.53,17.11,17.23,44955,77703417.00000001,0.0,15,17.47,0
20230224,1677168000000,17.17,17.38,17.05,17.29,30492,52648976.00000001,0.0,15,17.23,0
20230227,1677427200000,17.2,17.58,17.18,17.32,34050,59027781.0,0.0,15,17.29,0
20230228,1677513600000,17.31,18.0,17.31,17.9,79072,139680219.0,0.0,15,17.32,0
20230301,1677600000000,17.92,18.19,17.64,17.95,72423,129208922.00000001,0.0,15,17.900000000000002,0
20230302,1677686400000,17.93,17.97,17.64,17.66,41176,72922765.0,0.0,15,17.95,0
20230303,1677772800000,17.66,17.82,17.43,17.509999999999998,32387,56983340.0,0.0,15,17.66,0
20230306,1678032000000,17.540000000000003,17.720000000000002,17.400000000000002,17.6,32007,56316867.0,0.0,15,17.51,0
20230307,1678118400000,17.560000000000002,17.66,16.85,16.85,48225,82893349.0,0.0,15,17.6,0
20230308,1678204800000,16.849999999999998,17.0,16.7,16.79,23727,39912677.0,0.0,15,16.849999999999998,0
20230309,1678291200000,16.84,17.77,16.84,17.34,54186,94131803.0,0.0,15,16.79,0
20230310,1678377600000,17.009999999999998,17.28,16.86,16.99,31593,53702365.0,0.0,15,17.34,0
20230313,1678636800000,16.94,17.25,16.62,17.09,29926,50671470.0,0.0,15,16.990000000000002,0
20230314,1678723200000,17.0,17.17,16.5,16.53,32397,54168157.00000001,0.0,15,17.09,0
20230315,1678809600000,16.53,17.02,16.53,16.810000000000002,32501,54719985.0,0.0,15,16.53,0
20230316,1678896000000,16.810000000000002,17.07,16.580000000000002,16.740000000000002,32145,54058031.0,0.0,15,16.810000000000002,0
20230317,1678982400000,16.830000000000002,16.900000000000002,16.35,16.400000000000002,37001,61301101.0,0.0,15,16.740000000000002,0
20230320,1679241600000,16.45,16.580000000000002,15.89,16.0,30469,48898359.99999999,0.0,15,16.400000000000002,0
20230321,1679328000000,16.05,16.18,16.02,16.14,15778,25426769.0,0.0,15,16.0,0
20230322,1679414400000,16.25,16.36,16.06,16.169999999999998,18243,29564805.0,0.0,15,16.139999999999997,0
20230323,1679500800000,16.18,16.2,16.0,16.05,19205,30844817.000000004,0.0,15,16.17,0
20230324,1679587200000,16.150000000000002,16.330000000000002,16.03,16.11,23528,37978673.0,0.0,15,16.05,0
20230327,1679846400000,16.02,16.16,15.860000000000001,16.040000000000003,18125,29007535.0,0.0,15,16.11,0
20230328,1679932800000,16.04,16.35,15.99,16.29,30616,49591698.00000001,0.0,15,16.04,0
20230329,1680019200000,16.29,17.02,16.02,16.72,55499,92248984.0,0.0,15,16.29,0
20230330,1680105600000,16.64,16.64,16.240000000000002,16.380000000000003,30433,49901500.0,0.0,15,16.720000000000002,0
20230331,1680192000000,16.38,16.99,16.38,16.939999999999998,59245,99539607.00000001,0.0,15,16.38,0
20230403,1680451200000,16.95,17.080000000000002,16.71,16.810000000000002,46416,78000972.0,0.0,15,16.94,0
20230404,1680537600000,16.709999999999997,16.959999999999997,16.65,16.799999999999997,36090,60683688.00000001,0.0,15,16.81,0
20230406,1680710400000,16.77,16.96,16.7,16.9,36511,61644560.0,0.0,15,16.8,0
20230407,1680796800000,16.880000000000003,16.98,16.62,16.69,27152,45441316.0,0.0,15,16.900000000000002,0
20230410,1681056000000,16.66,16.66,16.28,16.310000000000002,31475,51623822.0,0.0,15,16.69,0
20230411,1681142400000,16.400000000000002,16.44,16.19,16.310000000000002,19475,31707665.0,0.0,15,16.310000000000002,0
20230412,1681228800000,16.2,16.49,16.2,16.34,23771,38814797.0,0.0,15,16.31,0
20230413,1681315200000,16.32,16.63,16.15,16.599999999999998,33237,54782629.0,0.0,15,16.34,0
20230414,1681401600000,16.6,16.91,16.51,16.720000000000002,30327,50701553.0,0.0,15,16.6,0
20230417,1681660800000,16.82,17.69,16.53,17.6,99842,172342374.0,0.0,15,16.720000000000002,0
20230418,1681747200000,17.2,17.279999999999998,16.79,16.95,82041,139169229.0,0.0,15,17.599999999999998,0
20230419,1681833600000,16.94,16.98,16.62,16.66,38664,64603399.0,0.0,15,16.95,0
20230420,1681920000000,16.720000000000002,16.720000000000002,16.3,16.39,32831,53868491.0,0.0,15,16.66,0
20230421,1682006400000,16.39,17.0,16.23,16.85,68301,114486297.0,0.0,15,16.39,0
20230424,1682265600000,17.000000000000004,17.48,16.740000000000002,17.28,90201,154960136.0,0.0,15,16.85,0
20230425,1682352000000,17.11,17.12,16.34,16.48,59851,99461084.0,0.0,15,17.28,0
20230426,1682438400000,16.470000000000002,16.85,16.330000000000002,16.8,40921,68064118.0,0.0,15,16.48,0
20230427,1682524800000,16.77,17.3,16.68,17.18,73429,125653059.0,0.0,15,16.8,0
20230428,1682611200000,17.16,17.27,16.79,17.16,57804,98720938.0,0.0,15,17.18,0
20230504,1683129600000,17.07,17.56,17.02,17.419999999999998,66599,115697656.0,0.0,15,17.16,0
20230505,1683216000000,17.42,17.430000000000003,16.92,17.040000000000003,49488,84654083.0,0.0,15,17.42,0
20230508,1683475200000,16.96,17.41,16.96,17.080000000000002,44960,77030692.0,0.0,15,17.04,0
20230509,1683561600000,17.16,17.16,16.11,16.13,75535,124024231.0,0.0,15,17.08,0
20230510,1683648000000,16.14,16.2,15.81,16.05,34119,54491872.99999999,0.0,15,16.13,0
20230511,1683734400000,16.080000000000002,16.21,15.91,15.94,28256,45157338.0,0.0,15,16.05,0
20230512,1683820800000,15.93,16.35,15.85,16.12,31591,51037920.0,0.0,15,15.94,0
20230515,1684080000000,15.9,16.19,15.860000000000001,16.12,18825,30110622.0,0.0,15,16.12,0
20230516,1684166400000,16.15,16.43,16.06,16.34,30786,50082261.00000001,0.0,15,16.119999999999997,0
20230517,1684252800000,16.32,16.32,16.03,16.220000000000002,19660,31740940.0,0.0,15,16.34,0
20230518,1684339200000,16.22,16.3,15.98,16.02,23480,37774259.0,0.0,15,16.22,0
20230519,1684425600000,16.0,16.35,15.88,16.26,36458,59194375.0,0.0,15,16.02,0
20230522,1684684800000,16.25,16.5,16.18,16.23,24329,39620264.0,0.0,15,16.259999999999998,0
20230523,1684771200000,16.28,16.71,16.25,16.52,51732,85662576.0,0.0,15,16.23,0
20230524,1684857600000,16.509999999999998,16.509999999999998,16.15,16.189999999999998,30459,49536882.00000001,0.0,15,16.52,0
20230525,1684944000000,16.1,16.22,15.85,15.95,28160,45020088.0,0.0,15,16.19,0
20230526,1685030400000,15.9,16.400000000000002,15.870000000000001,16.39,30820,50009703.0,0.0,15,15.950000000000001,0
20230529,1685289600000,16.32,16.720000000000002,16.28,16.400000000000002,23719,39022903.0,0.0,15,16.39,0
20230530,1685376000000,16.5,16.5,16.05,16.23,20642,33502925.0,0.0,15,16.400000000000002,0
20230531,1685462400000,16.240000000000002,16.45,16.12,16.130000000000003,20302,33005082.0,0.0,15,16.23,0
20230601,1685548800000,16.22,16.24,15.94,16.04,20138,32389228.0,0.0,15,16.13,0
20230602,1685635200000,16.04,16.18,15.97,16.11,19777,31747343.000000004,0.0,15,16.04,0
20230605,1685894400000,16.11,16.16,15.94,16.03,20129,32214640.999999996,0.0,15,16.11,0
20230606,1685980800000,16.05,16.06,15.6,15.62,36260,57100314.0,0.0,15,16.03,0
20230607,1686067200000,15.54,15.78,15.42,15.459999999999999,20260,31592756.0,0.0,15,15.62,0
20230608,1686153600000,15.47,15.580000000000002,15.120000000000001,15.14,27903,42468010.00000001,0.0,15,15.46,0
20230609,1686240000000,15.200000000000001,15.440000000000001,15.120000000000001,15.370000000000001,22848,34945087.00000001,0.0,15,15.14,0
20230612,1686499200000,15.33,15.33,15.01,15.12,24469,36995614.0,0.0,15,15.37,0
20230613,1686585600000,15.13,15.23,15.040000000000001,15.06,16819,25379639.0,0.0,15,15.120000000000001,0
20230614,1686672000000,15.020000000000001,15.180000000000001,14.96,15.010000000000002,18945,28543059.0,0.0,15,15.06,0
20230615,1686758400000,15.01,15.18,14.75,15.16,30453,45614744.00000001,0.0,15,15.01,0
20230616,1686844800000,15.28,15.28,15.1,15.129999999999999,16863,25572996.999999996,0.0,15,15.16,0
20230619,1687104000000,15.15,15.2,15.01,15.03,14927,22528637.0,0.0,15,15.129999999999999,0
20230620,1687190400000,15.15,15.15,15.0,15.0,17094,25720439.0,0.0,15,15.03,0
20230621,1687276800000,14.89,15.110000000000001,14.870000000000001,15.020000000000001,19490,29219245.0,0.0,15,15.000000000000002,0
20230626,1687708800000,15.0,15.01,14.51,14.56,22461,33067528.0,0.0,15,15.02,0
20230627,1687795200000,14.4,14.91,14.4,14.81,14672,21697104.0,0.0,15,14.56,0
20230628,1687881600000,14.85,14.88,14.57,14.77,11549,16992232.0,0.0,15,14.81,0
20230629,1687968000000,14.77,15.04,14.68,14.879999999999999,14207,21194478.0,0.0,15,14.77,0
20230630,1688054400000,14.930000000000001,15.25,14.8,15.14,21809,33061322.0,0.0,15,14.88,0
20230703,1688313600000,15.129999999999999,15.2,15.02,15.18,14657,22178648.999999996,0.0,15,15.139999999999999,0
20230704,1688400000000,15.209999999999999,15.31,15.1,15.17,14165,21526664.000000004,0.0,15,15.18,0
20230705,1688486400000,15.15,15.26,15.07,15.18,17200,26076492.0,0.0,15,15.17,0
20230706,1688572800000,15.18,15.200000000000001,14.98,15.040000000000001,14492,21816204.0,0.0,15,15.18,0
20230707,1688659200000,15.04,15.18,14.92,15.12,17897,27017997.0,0.0,15,15.04,0
20230710,1688918400000,15.12,15.28,15.09,15.24,13945,21227155.000000004,0.0,15,15.12,0
20230711,1689004800000,15.24,15.290000000000001,15.16,15.26,10254,15631495.0,0.0,15,15.24,0
20230712,1689091200000,15.28,15.28,15.11,15.11,9519,14458759.0,0.0,15,15.26,0
20230713,1689177600000,15.21,15.33,15.15,15.21,14033,21374032.000000004,0.0,15,15.110000000000001,0
20230714,1689264000000,15.27,15.27,15.07,15.120000000000001,11869,17975850.0,0.0,15,15.21,0
20230717,1689523200000,15.120000000000001,15.14,14.9,15.14,12989,19544272.000000004,0.0,15,15.120000000000001,0
20230718,1689609600000,15.13,15.14,15.0,15.01,8002,12033013.0,0.0,15,15.14,0
20230719,1689696000000,15.0,15.06,14.92,14.98,6941,10396073.999999998,0.0,15,15.01,0
20230720,1689782400000,14.95,15.139999999999999,14.86,14.889999999999999,13454,20156956.0,0.0,15,14.979999999999999,0
20230721,1689868800000,14.84,15.16,14.77,15.049999999999999,12754,19161231.0,0.0,15,14.889999999999999,0
20230724,1690128000000,15.05,15.25,14.98,15.22,13253,20100112.0,0.0,15,15.05,0
20230725,1690214400000,15.24,15.330000000000002,15.200000000000001,15.290000000000001,15856,24216831.0,0.0,15,15.22,0
20230726,1690300800000,15.33,15.39,15.18,15.29,14147,21616404.0,0.0,15,15.29,0
20230727,1690387200000,15.290000000000001,15.350000000000001,15.200000000000001,15.23,10806,16491280.0,0.0,15,15.290000000000001,0
20230728,1690473600000,15.17,15.360000000000001,15.13,15.340000000000002,14580,22279130.0,0.0,15,15.23,0
20230731,1690732800000,15.370000000000001,15.47,15.200000000000001,15.270000000000001,16175,24790750.0,0.0,15,15.340000000000002,0
20230801,1690819200000,15.3,15.35,15.16,15.2,13342,20315994.000000004,0.0,15,15.27,0
20230802,1690905600000,15.209999999999999,15.31,15.01,15.03,16089,24262206.000000004,0.0,15,15.2,0
20230803,1690992000000,15.04,15.36,15.01,15.31,19980,30468567.0,0.0,15,15.03,0
20230804,1691078400000,15.31,15.450000000000001,15.24,15.26,18363,28159702.0,0.0,15,15.31,0
20230807,1691337600000,15.209999999999999,15.33,14.93,15.0,24408,36642315.0,0.0,15,15.26,0
20230808,1691424000000,15.000000000000002,15.190000000000001,14.700000000000001,15.15,23003,34457989.0,0.0,15,15.000000000000002,0
20230809,1691510400000,15.1,15.55,15.01,15.54,47622,73258836.0,0.0,15,15.15,0
20230810,1691596800000,15.4,15.49,15.15,15.22,35404,54016940.0,0.0,15,15.540000000000001,0
20230811,1691683200000,15.27,15.51,15.16,15.39,44616,68649587.00000001,0.0,15,15.22,0
20230814,1691942400000,15.31,15.54,15.0,15.32,32336,49258598.0,0.0,15,15.39,0
20230815,1692028800000,15.2,15.58,15.02,15.58,53450,82223961.0,0.0,15,15.32,0
20230816,1692115200000,15.530000000000001,15.760000000000002,15.370000000000001,15.38,43322,67321570.0,0.0,15,15.580000000000002,0
20230817,1692201600000,15.26,15.62,15.18,15.53,32304,49866440.0,0.0,15,15.379999999999999,0
20230818,1692288000000,15.55,15.55,14.83,14.85,45857,69335914.0,0.0,15,15.53,0
20230821,1692547200000,14.709999999999999,14.85,14.42,14.47,27680,40548559.0,0.0,15,14.85,0
20230822,1692633600000,14.48,14.58,13.99,14.14,42535,60120323.00000001,0.0,15,14.47,0
20230823,1692720000000,14.23,14.23,13.950000000000001,13.98,22301,31269818.999999996,0.0,15,14.14,0
20230824,1692806400000,13.92,14.19,13.75,14.12,21125,29574972.0,0.0,15,13.98,0
20230825,1692892800000,14.19,14.27,13.9,14.0,15034,21168127.0,0.0,15,14.120000000000001,0
20230828,1693152000000,14.64,14.68,14.0,14.07,22450,32079896.0,0.0,15,14.0,0
20230829,1693238400000,14.010000000000002,14.290000000000001,13.96,14.25,19594,27786835.0,0.0,15,14.07,0
20230830,1693324800000,14.24,14.36,14.11,14.25,16973,24173731.0,0.0,15,14.25,0
20230831,1693411200000,14.260000000000002,14.49,14.13,14.450000000000001,20068,28787081.0,0.0,15,14.25,0
20230901,1693497600000,14.46,14.55,14.32,14.44,16856,24333852.0,0.0,15,14.450000000000001,0
20230904,1693756800000,14.52,14.55,14.4,14.530000000000001,13470,19511671.999999996,0.0,15,14.44,0
20230905,1693843200000,14.53,14.6,14.33,14.39,15678,22640460.0,0.0,15,14.53,0
20230906,1693929600000,14.44,14.44,14.27,14.4,9863,14171679.999999998,0.0,15,14.389999999999999,0
20230907,1694016000000,14.41,14.41,14.040000000000001,14.08,14255,20194977.000000004,0.0,15,14.4,0
20230908,1694102400000,14.0,14.200000000000001,13.96,14.08,9232,13022082.000000002,0.0,15,14.08,0
20230911,1694361600000,14.08,14.36,14.0,14.29,13611,19409500.000000004,0.0,15,14.08,0
20230912,1694448000000,14.3,14.510000000000002,14.290000000000001,14.41,13599,19616706.000000004,0.0,15,14.290000000000001,0
20230913,1694534400000,14.42,14.44,14.15,14.280000000000001,12377,17681291.0,0.0,15,14.41,0
20230914,1694620800000,14.38,14.47,14.23,14.31,10643,15260772.000000002,0.0,15,14.280000000000001,0
20230915,1694707200000,14.280000000000001,14.57,14.280000000000001,14.500000000000002,23593,34148779.0,0.0,15,14.31,0
20230918,1694966400000,14.5,14.8,14.47,14.76,24529,36004598.0,0.0,15,14.5,0
20230919,1695052800000,14.770000000000001,14.91,14.63,14.780000000000001,21572,31845777.0,0.0,15,14.760000000000002,0
20230920,1695139200000,14.87,14.87,14.68,14.76,16197,23923603.0,0.0,15,14.78,0
20230921,1695225600000,14.66,14.780000000000001,14.57,14.59,12481,18296108.0,0.0,15,14.76,0
20230922,1695312000000,14.67,14.76,14.41,14.71,14825,21607947.0,0.0,15,14.59,0
20230925,1695571200000,14.75,14.9,14.64,14.780000000000001,12975,19221236.0,0.0,15,14.71,0
20230926,1695657600000,14.72,14.88,14.65,14.73,13294,19676473.0,0.0,15,14.780000000000001,0
20230927,1695744000000,14.82,14.95,14.67,14.89,16036,23817229.0,0.0,15,14.73,0
20230928,1695830400000,14.98,15.07,14.85,14.87,12978,19384484.0,0.0,15,14.889999999999999,0
20231009,1696780800000,14.879999999999999,14.98,14.6,14.79,14068,20730104.000000004,0.0,15,14.87,0
20231010,1696867200000,14.84,14.84,14.48,14.540000000000001,13197,19232136.0,0.0,15,14.790000000000001,0
20231011,1696953600000,14.47,14.89,14.46,14.65,17120,25224633.000000004,0.0,15,14.540000000000001,0
20231012,1697040000000,14.780000000000001,15.07,14.63,14.82,23409,34702474.0,0.0,15,14.65,0
20231013,1697126400000,14.63,15.770000000000001,14.63,15.41,124175,187906189.0,0.0,15,14.82,0
20231016,1697385600000,15.41,16.9,15.26,16.43,219224,356637753.00000006,0.0,15,15.41,0
20231017,1697472000000,15.770000000000001,15.98,15.370000000000001,15.760000000000002,111430,174191997.0,0.0,15,16.43,0
20231018,1697558400000,15.66,15.68,15.11,15.209999999999999,65386,100009925.0,0.0,15,15.76,0
20231019,1697644800000,15.1,15.27,14.44,14.729999999999999,66462,98582511.0,0.0,15,15.209999999999999,0
20231020,1697731200000,14.7,16.0,14.5,15.66,101139,156435042.0,0.0,15,14.73,0
20231023,1697990400000,15.54,15.969999999999999,15.26,15.51,77369,120733538.0,0.0,15,15.66,0
20231024,1698076800000,15.49,15.62,15.18,15.4,50048,76995458.0,0.0,15,15.51,0
20231025,1698163200000,15.49,15.65,15.200000000000001,15.280000000000001,50052,76970313.0,0.0,15,15.4,0
20231026,1698249600000,15.01,15.34,14.9,15.19,42683,64517854.0,0.0,15,15.280000000000001,0
20231027,1698336000000,15.010000000000002,15.58,14.8,15.46,62067,94637268.99999999,0.0,15,15.190000000000001,0
20231030,1698595200000,15.450000000000001,15.8,15.370000000000001,15.600000000000001,46535,72624432.0,0.0,15,15.46,0
20231031,1698681600000,15.53,15.92,15.41,15.69,57110,89681515.0,0.0,15,15.6,0
20231101,1698768000000,15.85,15.85,15.32,15.51,40956,63469287.0,0.0,15,15.69,0
20231102,1698854400000,15.5,15.6,15.17,15.42,49816,76657903.0,0.0,15,15.51,0
20231103,1698940800000,15.41,15.5,15.31,15.4,31140,47980495.00000001,0.0,15,15.42,0
20231106,1699200000000,15.46,15.830000000000002,15.450000000000001,15.780000000000001,43674,68487951.0,0.0,15,15.4,0
20231107,1699286400000,15.719999999999999,16.08,15.6,16.02,55097,87581176.0,0.0,15,15.78,0
20231108,1699372800000,16.02,16.3,15.9,16.03,62326,100344339.0,0.0,15,16.02,0
20231109,1699459200000,16.02,16.21,15.85,15.93,34799,55574254.0,0.0,15,16.03,0
20231110,1699545600000,15.930000000000001,16.12,15.72,16.0,27955,44679869.0,0.0,15,15.930000000000001,0
20231113,1699804800000,16.16,16.16,15.870000000000001,15.91,28763,45870881.99999999,0.0,15,16.0,0
20231114,1699891200000,15.91,16.13,15.8,16.13,33978,54564295.00000001,0.0,15,15.91,0
20231115,1699977600000,16.22,16.22,15.94,16.169999999999998,24981,40162130.0,0.0,15,16.13,0
20231116,1700064000000,16.11,16.150000000000002,15.97,16.09,19710,31669033.0,0.0,15,16.17,0
20231117,1700150400000,15.98,16.5,15.98,16.330000000000002,39431,64198883.0,0.0,15,16.09,0
20231120,1700409600000,16.330000000000002,16.57,16.240000000000002,16.470000000000002,33672,55250590.0,0.0,15,16.330000000000002,0
20231121,1700496000000,16.46,16.48,16.29,16.32,23252,38031650.00000001,0.0,15,16.47,0
20231122,1700582400000,16.26,17.09,16.23,16.740000000000002,78098,130595593.00000001,0.0,15,16.32,0
20231123,1700668800000,17.3,17.970000000000002,17.01,17.150000000000002,143765,249502075.00000003,0.0,15,16.740000000000002,0
20231124,1700755200000,17.3,18.5,17.3,18.5,230678,418072325.00000006,0.0,15,17.150000000000002,0
20231127,1701014400000,18.8,20.090000000000003,17.900000000000002,19.060000000000002,261434,494789095.00000006,0.0,15,18.500000000000004,0
20231128,1701100800000,18.2,19.07,17.7,18.31,161304,294139516.0,0.0,15,19.06,0
20231129,1701187200000,17.970000000000002,18.27,17.55,17.62,116141,207521089.0,0.0,15,18.310000000000002,0
20231130,1701273600000,17.58,19.21,17.11,18.89,211215,385127609.0,0.0,15,17.62,0
20231201,1701360000000,18.28,18.64,17.900000000000002,17.950000000000003,157868,287667846.0,0.0,15,18.89,0
20231204,1701619200000,17.900000000000002,18.8,17.8,18.17,137200,250829075.0,0.0,15,17.95,0
20231205,1701705600000,17.88,19.12,17.73,18.6,168528,309675660.0,0.0,15,18.17,0
20231206,1701792000000,18.22,18.259999999999998,17.81,17.88,110606,198781610.0,0.0,15,18.599999999999998,0
20231207,1701878400000,17.79,17.79,16.77,16.9,106164,182060926.00000003,0.0,15,17.88,0
20231208,1701964800000,16.68,17.1,16.5,16.51,86613,144873321.0,0.0,15,16.9,0
20231211,1702224000000,16.5,16.75,16.25,16.63,49800,82477355.0,0.0,15,16.51,0
20231212,1702310400000,16.55,16.73,16.46,16.470000000000002,58795,97395085.0,0.0,15,16.630000000000003,0
20231213,1702396800000,16.44,17.07,16.39,16.73,87122,146619834.0,0.0,15,16.47,0
20231214,1702483200000,16.51,16.86,16.39,16.400000000000002,54601,90378791.0,0.0,15,16.73,0
20231215,1702569600000,16.43,16.47,15.91,15.95,61923,99533731.00000001,0.0,15,16.4,0
20231218,1702828800000,15.89,16.16,15.76,15.799999999999999,36916,58841419.0,0.0,15,15.95,0
20231219,1702915200000,15.700000000000001,15.74,15.3,15.48,39366,60955351.0,0.0,15,15.8,0
20231220,1703001600000,15.42,15.66,15.4,15.41,26062,40402469.0,0.0,15,15.48,0
20231221,1703088000000,15.38,15.4,14.96,15.360000000000001,34324,52087049.0,0.0,15,15.41,0
20231222,1703174400000,15.280000000000001,15.41,15.14,15.16,26411,40269754.0,0.0,15,15.360000000000001,0
20231225,1703433600000,15.16,15.23,14.82,15.0,26639,39868912.0,0.0,15,15.16,0
20231226,1703520000000,15.0,15.06,14.81,14.82,19099,28465497.000000004,0.0,15,15.0,0
20231227,1703606400000,14.81,14.91,14.67,14.91,18249,27027939.0,0.0,15,14.82,0
20231228,1703692800000,14.87,15.12,14.69,15.03,28840,43152737.0,0.0,15,14.91,0
20231229,1703779200000,15.09,15.2,15.02,15.16,27370,41413019.0,0.0,15,15.03,0
20240102,1704124800000,15.14,15.4,15.07,15.17,32402,49328065.0,0.0,15,15.16,0
20240103,1704211200000,15.180000000000001,15.58,15.13,15.260000000000002,45121,69119669.00000001,0.0,15,15.17,0
20240104,1704297600000,15.24,15.24,14.96,15.180000000000001,27168,40997713.0,0.0,15,15.260000000000002,0
20240105,1704384000000,15.200000000000001,15.200000000000001,14.88,14.950000000000001,27925,42043533.0,0.0,15,15.180000000000001,0
20240108,1704643200000,14.879999999999999,14.94,14.52,14.52,24644,36245371.0,0.0,15,14.95,0
20240109,1704729600000,14.52,14.75,14.5,14.67,19573,28614295.000000004,0.0,15,14.52,0
20240110,1704816000000,14.709999999999999,14.709999999999999,14.44,14.549999999999999,13976,20357064.0,0.0,15,14.67,0
20240111,1704902400000,14.5,14.74,14.49,14.73,16168,23700407.0,0.0,15,14.55,0
20240112,1704988800000,14.670000000000002,14.89,14.620000000000001,14.65,18088,26690597.0,0.0,15,14.73,0
20240115,1705248000000,14.530000000000001,14.920000000000002,14.530000000000001,14.73,23404,34552166.0,0.0,15,14.65,0
20240116,1705334400000,14.73,14.88,14.4,14.540000000000001,18343,26643640.0,0.0,15,14.73,0
20240117,1705420800000,14.440000000000001,14.72,14.23,14.24,17401,25169747.0,0.0,15,14.540000000000001,0
20240118,1705507200000,14.01,14.32,13.65,14.040000000000001,29544,41038131.0,0.0,15,14.24,0
20240119,1705593600000,14.0,14.14,13.93,13.969999999999999,11476,16110921.0,0.0,15,14.04,0
20240122,1705852800000,13.97,14.040000000000001,12.99,13.07,25611,34408055.0,0.0,15,13.97,0
20240123,1705939200000,13.06,13.14,12.8,13.0,15571,20199064.0,0.0,15,13.07,0
20240124,1706025600000,13.0,13.25,12.67,13.14,18921,24582033.000000004,0.0,15,13.0,0
20240125,1706112000000,13.13,13.75,13.040000000000001,13.75,27150,36639241.0,0.0,15,13.14,0
20240126,1706198400000,13.76,14.350000000000001,13.56,13.89,46099,64602377.00000001,0.0,15,13.75,0
20240129,1706457600000,13.75,13.9,13.35,13.389999999999999,29551,39989045.0,0.0,15,13.89,0
20240130,1706544000000,13.25,13.36,12.91,12.93,16928,22231523.0,0.0,15,13.39,0
20240131,1706630400000,12.8,13.0,12.22,12.280000000000001,29135,36519044.00000001,0.0,15,12.93,0
20240201,1706716800000,12.01,12.450000000000001,11.98,12.13,17600,21553474.0,0.0,15,12.280000000000001,0
20240202,1706803200000,12.1,12.33,10.94,11.37,35939,41686640.99999999,0.0,15,12.129999999999999,0
20240205,1707062400000,11.360000000000001,11.360000000000001,10.23,10.23,47837,50012991.0,0.0,15,11.370000000000001,0
20240206,1707148800000,9.51,10.94,9.51,10.629999999999999,43050,43992568.0,0.0,15,10.23,0
20240207,1707235200000,10.63,10.770000000000001,9.96,10.14,47373,49263671.0,0.0,15,10.63,0
20240208,1707321600000,10.18,11.049999999999999,10.18,11.0,50082,53219883.0,0.0,15,10.14,0
20240219,1708272000000,11.02,11.57,11.02,11.53,47680,54390247.0,0.0,15,11.0,0
20240220,1708358400000,11.530000000000001,12.08,11.32,11.84,42953,50818093.00000001,0.0,15,11.530000000000001,0
20240221,1708444800000,11.73,12.02,11.58,11.73,41986,49569488.0,0.0,15,11.84,0
20240222,1708531200000,11.700000000000001,12.180000000000001,11.620000000000001,12.010000000000002,40134,47742872.0,0.0,15,11.73,0
20240223,1708617600000,12.01,12.24,11.89,12.22,40183,48495578.0,0.0,15,12.01,0
20240226,1708876800000,12.23,12.55,12.13,12.450000000000001,33147,40879762.0,0.0,15,12.22,0
20240227,1708963200000,12.459999999999999,12.68,12.35,12.68,30100,37693778.0,0.0,15,12.45,0
20240228,1709049600000,12.670000000000002,13.07,11.950000000000001,12.030000000000001,57685,72387896.0,0.0,15,12.680000000000001,0
20240229,1709136000000,11.94,12.39,11.75,12.36,35160,42747952.0,0.0,15,12.03,0
20240301,1709222400000,12.4,12.540000000000001,12.24,12.4,21180,26226717.000000004,0.0,15,12.36,0
20240304,1709481600000,12.41,13.01,12.33,12.9,57122,72934378.0,0.0,15,12.4,0
20240305,1709568000000,12.74,12.75,12.33,12.49,37749,47188900.0,0.0,15,12.9,0
20240306,1709654400000,12.43,12.58,12.15,12.38,26290,32433473.999999996,0.0,15,12.49,0
20240307,1709740800000,12.38,12.450000000000001,12.120000000000001,12.16,22212,27276487.0,0.0,15,12.38,0
20240308,1709827200000,12.1,12.459999999999999,12.1,12.26,25236,31068826.000000004,0.0,15,12.16,0
20240311,1710086400000,12.26,12.56,12.26,12.549999999999999,30177,37569866.0,0.0,15,12.26,0
20240312,1710172800000,12.73,13.17,12.67,12.92,67894,87801808.0,0.0,15,12.55,0
20240313,1710259200000,12.81,12.89,12.530000000000001,12.690000000000001,35394,44794810.0,0.0,15,12.920000000000002,0
20240314,1710345600000,12.85,13.0,12.6,12.799999999999999,35888,45941945.0,0.0,15,12.69,0
20240315,1710432000000,12.61,12.99,12.61,12.82,31338,40202235.0,0.0,15,12.799999999999999,0
20240318,1710691200000,12.81,13.13,12.66,13.11,48827,63143527.99999999,0.0,15,12.82,0
20240319,1710777600000,13.08,13.18,13.01,13.06,26041,34075367.00000001,0.0,15,13.11,0
20240320,1710864000000,13.07,13.29,13.02,13.16,29186,38397598.0,0.0,15,13.059999999999999,0
20240321,1710950400000,13.16,13.23,12.96,13.120000000000001,21920,28722358.0,0.0,15,13.16,0
20240322,1711036800000,13.080000000000002,13.080000000000002,12.700000000000001,12.81,25594,32840844.0,0.0,15,13.120000000000001,0
20240325,1711296000000,12.72,12.81,12.31,12.32,21712,27224661.0,0.0,15,12.81,0
20240326,1711382400000,12.379999999999999,12.43,12.1,12.35,18467,22658997.000000004,0.0,15,12.32,0
20240327,1711468800000,12.350000000000001,12.59,12.3,12.3,21710,27022551.999999996,0.0,15,12.350000000000001,0
20240328,1711555200000,12.2,12.38,12.0,12.19,25472,31036720.0,0.0,15,12.3,0
20240329,1711641600000,12.23,12.3,12.17,12.3,17589,21524211.000000004,0.0,15,12.19,0
20240401,1711900800000,12.36,12.64,12.33,12.61,26075,32656704.0,0.0,15,12.3,0
20240402,1711987200000,12.649999999999999,12.69,12.36,12.469999999999999,18589,23178248.0,0.0,15,12.61,0
20240403,1712073600000,12.47,12.63,12.200000000000001,12.57,24695,30658655.0,0.0,15,12.47,0
20240408,1712505600000,12.520000000000001,12.55,12.05,12.06,27002,32955081.999999996,0.0,15,12.57,0
20240409,1712592000000,12.06,12.38,11.88,12.38,26287,31972621.0,0.0,15,12.06,0
20240410,1712678400000,12.38,12.410000000000002,11.950000000000001,12.030000000000001,18705,22740429.000000004,0.0,15,12.38,0
20240411,1712764800000,11.94,12.17,11.85,11.879999999999999,22748,27233246.000000004,0.0,15,12.03,0
20240412,1712851200000,11.93,12.06,11.66,11.68,23474,27661406.0,0.0,15,11.88,0
20240415,1713110400000,11.680000000000001,11.830000000000002,11.120000000000001,11.260000000000002,25384,28937893.0,0.0,15,11.680000000000001,0
20240416,1713196800000,11.239999999999998,11.299999999999999,10.53,10.62,33408,35990498.0,0.0,15,11.26,0
20240417,1713283200000,10.68,11.53,10.68,11.1,67404,74629857.0,0.0,15,10.62,0
20240418,1713369600000,10.91,11.64,10.52,11.33,78631,87394890.0,0.0,15,11.1,0
20240419,1713456000000,10.99,11.190000000000001,10.870000000000001,10.9,52026,57141444.0,0.0,15,11.330000000000002,0
20240422,1713715200000,10.700000000000001,11.090000000000002,10.63,10.96,31979,34895071.00000001,0.0,15,10.9,0
20240423,1713801600000,10.96,11.17,10.9,11.120000000000001,28275,31242297.0,0.0,15,10.96,0
20240424,1713888000000,11.12,11.16,11.0,11.1,18561,20552644.0,0.0,15,11.12,0
20240425,1713974400000,11.13,11.38,11.08,11.11,31202,35023952.0,0.0,15,11.1,0
20240426,1714060800000,11.11,11.299999999999999,11.02,11.25,29190,32641504.000000004,0.0,15,11.11,0
20240429,1714320000000,11.16,11.56,11.16,11.56,37983,43494554.99999999,0.0,15,11.25,0
20240430,1714406400000,11.56,11.74,11.51,11.69,30638,35701954.0,0.0,15,11.56,0
20240506,1714924800000,11.9,12.11,11.75,12.11,43258,51961415.0,0.0,15,11.69,0
20240507,1715011200000,12.16,12.24,12.040000000000001,12.180000000000001,29617,35964614.00000001,0.0,15,12.110000000000001,0
20240508,1715097600000,12.2,12.379999999999999,12.1,12.23,33733,41242585.0,0.0,15,12.18,0
20240509,1715184000000,12.25,12.47,12.14,12.43,31970,39516622.0,0.0,15,12.23,0
20240510,1715270400000,12.48,12.48,12.05,12.110000000000001,29639,36159477.0,0.0,15,12.430000000000001,0
20240513,1715529600000,12.07,12.250000000000002,11.870000000000001,11.91,24974,29990472.000000004,0.0,15,12.110000000000001,0
20240514,1715616000000,11.85,12.18,11.83,12.02,21305,25643686.0,0.0,15,11.91,0
20240515,1715702400000,12.030000000000001,12.1,11.9,11.93,15522,18577940.0,0.0,15,12.02,0
20240516,1715788800000,11.85,12.0,11.76,11.799999999999999,18198,21590208.0,0.0,15,11.93,0
20240517,1715875200000,11.8,11.940000000000001,11.700000000000001,11.830000000000002,16881,19899130.000000004,0.0,15,11.8,0
20240520,1716134400000,11.780000000000001,12.0,11.73,11.82,18070,21435528.000000004,0.0,15,11.83,0
20240521,1716220800000,11.840000000000002,11.860000000000001,11.540000000000001,11.600000000000001,21805,25375280.000000004,0.0,15,11.82,0
20240522,1716307200000,11.549999999999999,11.68,11.53,11.59,16265,18858618.000000004,0.0,15,11.6,0
20240523,1716393600000,11.549999999999999,11.59,11.26,11.299999999999999,16793,19108085.0,0.0,15,11.59,0
20240524,1716480000000,11.360000000000001,11.450000000000001,11.3,11.31,12378,14078077.0,0.0,15,11.3,0
20240527,1716739200000,11.31,11.39,11.09,11.28,14336,16070339.000000002,0.0,15,11.31,0
20240528,1716825600000,11.32,11.33,11.14,11.16,11450,12830395.0,0.0,15,11.280000000000001,0
20240529,1716912000000,11.1,11.23,11.06,11.120000000000001,12540,13975633.000000002,0.0,15,11.16,0
20240530,1716998400000,11.1,11.2,11.01,11.08,11553,12794415.0,0.0,15,11.12,0
20240531,1717084800000,11.01,11.17,11.01,11.14,10344,11493274.0,0.0,15,11.08,0
20240603,1717344000000,11.15,11.15,10.77,10.84,18871,20598084.0,0.0,15,11.139999999999999,0
20240604,1717430400000,10.860000000000001,10.9,10.63,10.850000000000001,15263,16441491.999999998,0.0,15,10.840000000000002,0
20240605,1717516800000,10.91,10.91,10.55,10.55,18456,19731395.0,0.0,15,10.850000000000001,0
20240606,1717603200000,10.56,10.64,10.0,10.13,31058,31793088.0,0.0,15,10.55,0
20240607,1717689600000,10.229999999999999,10.37,10.11,10.33,19266,19784656.0,0.0,15,10.129999999999999,0
20240611,1718035200000,10.330000000000002,10.430000000000001,10.120000000000001,10.38,13889,14296991.000000002,0.0,15,10.330000000000002,0
20240612,1718121600000,10.37,10.62,10.35,10.58,17701,18630206.0,0.0,15,10.379999999999999,0
20240613,1718208000000,10.61,10.61,10.32,10.38,14304,14877497.0,0.0,15,10.58,0
20240614,1718294400000,10.4,10.4,10.18,10.31,12178,12517636.0,0.0,15,10.379999999999999,0
20240617,1718553600000,10.3,10.38,10.200000000000001,10.260000000000002,9648,9916583.0,0.0,15,10.31,0
20240618,1718640000000,10.25,10.370000000000001,10.21,10.290000000000001,10914,11233440.0,0.0,15,10.260000000000002,0
20240619,1718726400000,10.32,10.340000000000002,10.13,10.15,11400,11618237.0,0.0,15,10.290000000000001,0
20240620,1718812800000,10.15,10.23,9.9,9.94,15737,15779742.0,0.0,15,10.15,0
20240621,1718899200000,9.93,10.11,9.82,10.06,11163,11198670.0,0.0,15,9.94,0
20240624,1719158400000,9.99,10.11,9.6,9.65,19295,18862558.0,0.0,15,10.06,0
20240625,1719244800000,9.68,9.85,9.6,9.67,9302,8995718.999999998,0.0,15,9.65,0
20240626,1719331200000,9.67,10.04,9.61,10.02,13415,13203956.0,0.0,15,9.67,0
20240627,1719417600000,10.02,10.030000000000001,9.82,9.85,12865,12760459.0,0.0,15,10.02,0
20240628,1719504000000,9.81,9.920000000000002,9.71,9.75,11852,11643210.0,0.0,15,9.850000000000001,0
20240701,1719763200000,9.75,9.870000000000001,9.66,9.870000000000001,11207,10959566.000000002,0.0,15,9.75,0
20240702,1719849600000,9.83,10.110000000000001,9.8,10.030000000000001,15153,15181402.0,0.0,15,9.870000000000001,0
20240703,1719936000000,10.08,10.09,9.9,9.91,9017,8985197.0,0.0,15,10.030000000000001,0
20240704,1720022400000,9.950000000000001,9.96,9.46,9.47,19256,18501437.0,0.0,15,9.91,0
20240705,1720108800000,9.469999999999999,10.379999999999999,9.36,10.18,41065,41037906.0,0.0,15,9.469999999999999,0
20240708,1720368000000,10.25,10.25,9.76,9.9,29359,29168418.000000004,0.0,15,10.18,0
20240709,1720454400000,9.8,9.85,9.41,9.84,29530,28554046.0,0.0,15,9.9,0
20240710,1720540800000,9.7,10.299999999999999,9.61,10.01,36563,36586437.0,0.0,15,9.84,0
20240711,1720627200000,10.07,10.22,9.98,10.16,34502,34872453.0,0.0,15,10.01,0
20240712,1720713600000,10.120000000000001,10.22,10.05,10.100000000000001,19098,19340376.999999996,0.0,15,10.16,0
20240715,1720972800000,9.99,10.03,9.77,9.809999999999999,17378,17113733.0,0.0,15,10.1,0
20240716,1721059200000,9.75,9.76,9.56,9.59,14780,14215020.000000002,0.0,15,9.690000000000001,0
20240717,1721145600000,9.48,9.74,9.48,9.610000000000001,13351,12824279.999999998,0.0,15,9.59,0
20240718,1721232000000,9.52,9.69,9.42,9.69,18796,18057047.000000004,0.0,15,9.61,0
20240719,1721318400000,9.67,9.73,9.58,9.65,10670,10303713.0,0.0,15,9.69,0
20240722,1721577600000,9.639999999999999,9.79,9.6,9.75,14566,14140786.999999998,0.0,15,9.65,0
20240723,1721664000000,9.75,9.790000000000001,9.46,9.46,13843,13261457.0,0.0,15,9.75,0
20240724,1721750400000,9.43,9.53,9.19,9.229999999999999,15443,14379228.0,0.0,15,9.459999999999999,0
20240725,1721836800000,9.1,9.379999999999999,9.09,9.24,9921,9185855.0,0.0,15,9.23,0
20240726,1721923200000,9.32,9.44,9.26,9.379999999999999,10066,9427108.0,0.0,15,9.24,0
20240729,1722182400000,9.33,9.4,9.25,9.3,6871,6399031.000000001,0.0,15,9.38,0
20240730,1722268800000,9.32,9.36,9.25,9.26,10600,9855159.0,0.0,15,9.3,0
20240731,1722355200000,9.26,9.59,9.18,9.59,19966,18923337.0,0.0,15,9.26,0
20240801,1722441600000,9.6,10.55,9.59,10.1,75288,76208505.0,0.0,15,9.59,0
20240802,1722528000000,10.07,10.88,9.89,10.870000000000001,109764,116173769.00000001,0.0,15,10.100000000000001,0
20240805,1722787200000,10.48,10.690000000000001,10.200000000000001,10.250000000000002,78981,82379168.0,0.0,15,10.870000000000001,0
20240806,1722873600000,10.16,10.459999999999999,10.01,10.45,55553,57202518.0,0.0,15,10.25,0
20240807,1722960000000,10.38,10.48,10.200000000000001,10.260000000000002,36933,38035441.0,0.0,15,10.450000000000001,0
20240808,1723046400000,10.32,10.450000000000001,10.22,10.3,38384,39718406.0,0.0,15,10.26,0
20240809,1723132800000,10.3,10.3,9.99,10.0,35529,35952294.0,0.0,15,10.3,0
20240812,1723392000000,10.05,11.0,10.0,10.99,129488,137438854.00000003,0.0,15,10.0,0
20240813,1723478400000,10.67,10.67,10.34,10.49,81999,86079590.0,0.0,15,10.99,0
20240814,1723564800000,10.47,10.66,10.26,10.54,53502,55832829.0,0.0,15,10.49,0
20240815,1723651200000,10.450000000000001,10.67,10.3,10.38,47977,49886521.0,0.0,15,10.540000000000001,0
20240816,1723737600000,10.39,11.100000000000001,10.200000000000001,10.870000000000001,95326,102230040.99999999,0.0,15,10.38,0
20240819,1723996800000,10.81,10.84,10.55,10.64,55422,58987636.00000001,0.0,15,10.870000000000001,0
20240820,1724083200000,10.51,10.62,10.25,10.34,38987,40530817.0,0.0,15,10.64,0
20240821,1724169600000,10.270000000000001,10.4,10.120000000000001,10.16,31334,31958737.000000004,0.0,15,10.340000000000002,0
20240822,1724256000000,10.1,10.23,9.41,9.5,62511,60301955.0,0.0,15,10.16,0
20240823,1724342400000,9.43,9.58,9.32,9.46,22632,21383138.0,0.0,15,9.5,0
20240826,1724601600000,9.459999999999999,9.53,9.35,9.49,16114,15244194.000000002,0.0,15,9.459999999999999,0
20240827,1724688000000,9.229999999999999,9.51,9.19,9.35,22736,21261424.000000004,0.0,15,9.49,0
20240828,1724774400000,9.31,9.51,9.18,9.39,19659,18441307.0,0.0,15,9.35,0
20240829,1724860800000,9.5,10.18,9.43,9.99,70308,69499909.0,0.0,15,9.39,0
20240830,1724947200000,9.91,10.129999999999999,9.86,10.03,38643,38674444.0,0.0,15,9.99,0
20240902,1725206400000,9.9,10.290000000000001,9.9,10.05,35100,35563096.0,0.0,15,10.030000000000001,0
20240903,1725292800000,10.0,10.360000000000001,9.96,10.340000000000002,38821,39864260.0,0.0,15,10.05,0
20240904,1725379200000,10.260000000000002,10.47,10.200000000000001,10.350000000000001,31416,32508983.000000004,0.0,15,10.340000000000002,0
20240905,1725465600000,10.42,10.61,10.34,10.58,33561,35113452.0,0.0,15,10.35,0
20240906,1725552000000,11.26,11.3,10.34,10.36,90855,98217204.0,0.0,15,10.58,0
20240909,1725811200000,10.04,10.549999999999999,10.03,10.33,53739,55594196.0,0.0,15,10.36,0
20240910,1725897600000,10.330000000000002,10.500000000000002,10.200000000000001,10.48,39210,40596682.0,0.0,15,10.330000000000002,0
20240911,1725984000000,10.42,10.59,10.34,10.42,27827,29060017.999999996,0.0,15,10.48,0
20240912,1726070400000,10.62,11.06,10.59,10.76,95932,103947851.0,0.0,15,10.42,0
20240913,1726156800000,10.85,11.1,10.4,10.4,69455,74079885.0,0.0,15,10.76,0
20240918,1726588800000,10.330000000000002,10.38,10.120000000000001,10.270000000000001,40197,41152169.00000001,0.0,15,10.4,0
20240919,1726675200000,10.5,10.68,10.27,10.51,36827,38528501.0,0.0,15,10.27,0
20240920,1726761600000,10.51,10.6,10.4,10.57,29617,31126897.0,0.0,15,10.51,0
20240923,1727020800000,10.639999999999999,11.0,10.52,10.93,74436,80604613.00000001,0.0,15,10.57,0
20240924,1727107200000,10.86,11.07,10.68,10.99,66303,72165761.99999999,0.0,15,10.93,0
20240925,1727193600000,10.96,12.090000000000002,10.96,12.090000000000002,159111,187387505.00000003,0.0,15,10.99,0
20240926,1727280000000,12.200000000000001,13.3,11.950000000000001,12.72,237765,301500307.00000006,0.0,15,12.090000000000002,0
20240927,1727366400000,12.72,13.19,12.25,12.99,152925,196045553.0,0.0,15,12.72,0
20240930,1727625600000,13.1,14.13,12.83,13.93,218230,294834556.00000006,0.0,15,12.99,0
20241008,1728316800000,15.270000000000001,15.280000000000001,13.450000000000001,14.000000000000002,220305,314283234.00000006,0.0,15,13.930000000000001,0
20241009,1728403200000,13.7,13.7,12.69,12.75,101682,133213933.0,0.0,15,14.0,0
20241010,1728489600000,12.860000000000001,13.65,12.8,12.870000000000001,88813,116841305.0,0.0,15,12.75,0
20241011,1728576000000,12.9,13.06,12.5,12.63,50834,64824320.00000001,0.0,15,12.87,0
20241014,1728835200000,12.51,13.049999999999999,12.43,12.99,73417,94011592.99999999,0.0,15,12.629999999999999,0
20241015,1728921600000,12.850000000000001,13.3,12.72,12.72,64609,83725639.0,0.0,15,12.99,0
20241016,1729008000000,12.46,13.000000000000002,12.450000000000001,12.700000000000001,53795,68696810.0,0.0,15,12.72,0
20241017,1729094400000,12.73,12.780000000000001,12.46,12.46,45600,57556171.0,0.0,15,12.700000000000001,0
20241018,1729180800000,12.549999999999999,12.93,12.44,12.729999999999999,60670,76950423.00000001,0.0,15,12.459999999999999,0
20241021,1729440000000,12.66,12.94,12.65,12.89,52879,67781567.0,0.0,15,12.73,0
20241022,1729526400000,12.83,13.370000000000001,12.82,13.1,69882,91667169.0,0.0,15,12.89,0
20241023,1729612800000,13.1,13.75,12.91,13.63,127776,170358634.0,0.0,15,13.1,0
20241024,1729699200000,13.68,13.95,13.16,13.2,111277,149868183.0,0.0,15,13.63,0
20241025,1729785600000,13.17,13.66,13.0,13.41,85540,114599306.0,0.0,15,13.2,0
20241028,1730044800000,13.31,14.14,13.21,13.930000000000001,127405,175211961.0,0.0,15,13.41,0
20241029,1730131200000,15.0,15.0,13.71,13.770000000000001,186186,265837391.00000003,0.0,15,13.930000000000001,0
20241030,1730217600000,13.21,13.63,13.0,13.19,104796,138804586.00000003,0.0,15,13.77,0
20241031,1730304000000,13.040000000000001,13.88,12.91,13.51,106247,142283725.0,0.0,15,13.19,0
20241101,1730390400000,13.33,13.450000000000001,12.64,12.72,95984,124301818.00000001,0.0,15,13.51,0
20241104,1730649600000,12.59,12.940000000000001,12.56,12.91,47660,61012279.0,0.0,15,12.72,0
20241105,1730736000000,12.8,13.600000000000001,12.8,13.350000000000001,82820,110207346.00000001,0.0,15,12.91,0
20241106,1730822400000,13.3,13.83,13.14,13.68,111987,150947908.00000003,0.0,15,13.350000000000001,0
20241107,1730908800000,13.6,13.95,13.41,13.92,88795,122634568.0,0.0,15,13.68,0
20241108,1730995200000,14.0,14.08,13.6,13.75,85854,118262136.0,0.0,15,13.92,0
20241111,1731254400000,13.620000000000001,13.860000000000001,13.530000000000001,13.830000000000002,60404,82971925.99999999,0.0,15,13.750000000000002,0
20241112,1731340800000,13.92,14.3,13.74,13.89,107185,150933969.0,0.0,15,13.83,0
20241113,1731427200000,13.68,13.93,13.41,13.59,60627,82489945.0,0.0,15,13.89,0
20241114,1731513600000,13.600000000000001,13.700000000000001,13.200000000000001,13.24,41763,56023776.0,0.0,15,13.590000000000002,0
20241115,1731600000000,13.2,13.290000000000001,12.91,12.96,37578,49349574.0,0.0,15,13.24,0
20241118,1731859200000,12.98,13.049999999999999,12.6,12.65,36676,46831164.0,0.0,15,12.959999999999999,0
20241119,1731945600000,12.74,13.05,12.700000000000001,13.040000000000001,34202,44129673.0,0.0,15,12.65,0
20241120,1732032000000,13.0,13.26,12.9,13.200000000000001,33133,43592546.0,0.0,15,13.040000000000001,0
20241121,1732118400000,13.2,13.26,13.02,13.23,33123,43649916.0,0.0,15,13.2,0
20241122,1732204800000,13.23,13.23,12.6,12.629999999999999,42328,54641995.00000001,0.0,15,13.23,0
20241125,1732464000000,12.629999999999999,12.92,12.6,12.91,27055,34588840.00000001,0.0,15,12.629999999999999,0
20241126,1732550400000,12.9,14.200000000000001,12.82,14.200000000000001,146688,205645213.0,0.0,15,12.91,0
20241127,1732636800000,14.540000000000001,15.620000000000001,14.15,15.620000000000001,351096,532186262.00000006,0.0,15,14.200000000000001,0
20241128,1732723200000,15.6,17.18,15.32,17.18,248613,417446514.0,0.0,15,15.620000000000001,0
20241129,1732809600000,18.900000000000002,18.900000000000002,18.900000000000002,18.900000000000002,46995,88821361.99999999,0.0,15,17.180000000000003,0
20241202,1733068800000,20.79,20.79,20.79,20.79,11857,24650703.0,0.0,15,18.9,0
20241203,1733155200000,22.87,22.87,22.87,22.87,13931,31860243.0,0.0,15,20.79,0
20241204,1733241600000,24.1,25.16,23.68,25.16,366974,914111416.0000001,0.0,15,22.87,0
20241205,1733328000000,22.64,24.150000000000002,22.64,22.64,176364,400825323.00000006,0.0,15,25.16,0
20241206,1733414400000,20.38,20.38,20.38,20.38,87990,179323620.0,0.0,15,22.64,0
20241209,1733673600000,18.34,19.4,18.34,18.34,516935,961110838.0000001,0.0,15,20.38,0
20241210,1733760000000,18.47,20.17,17.68,20.17,489597,921734482.0,0.0,15,18.34,0
20241211,1733846400000,19.169999999999998,20.009999999999998,18.61,19.06,376457,728699446.0,0.0,15,20.169999999999998,0
20241212,1733932800000,18.76,20.68,18.41,19.95,408254,801899681.0,0.0,15,19.06,0
20241213,1734019200000,19.380000000000003,19.880000000000003,19.12,19.400000000000002,248303,481801623.00000006,0.0,15,19.950000000000003,0
20241216,1734278400000,19.25,20.16,18.7,19.7,245578,480627825.00000006,0.0,15,19.4,0
20241217,1734364800000,19.3,19.35,18.3,18.82,198052,371782590.0,0.0,15,19.7,0
20241218,1734451200000,18.96,20.48,18.45,19.869999999999997,266798,519209418.0,0.0,15,18.82,0
20241219,1734537600000,19.5,21.51,18.87,18.98,402739,810902908.9999999,0.0,15,19.87,0
20241220,1734624000000,17.8,18.78,17.080000000000002,17.900000000000002,296640,525561490.00000006,0.0,15,18.98,0
20241223,1734883200000,17.45,17.9,16.16,16.18,225792,379884509.00000006,0.0,15,17.9,0
20241224,1734969600000,15.889999999999999,16.28,15.69,16.22,161468,258472237.0,0.0,15,16.18,0
20241225,1735056000000,16.22,16.35,15.41,15.6,126813,199358902.00000003,0.0,15,16.22,0
20241226,1735142400000,15.62,16.06,15.6,15.9,102326,162222869.0,0.0,15,15.6,0
20241227,1735228800000,15.9,16.580000000000002,15.73,16.5,173111,283026892.00000006,0.0,15,15.9,0
20241230,1735488000000,16.43,16.43,15.84,16.0,105734,169566352.0,0.0,15,16.5,0
20241231,1735574400000,16.01,16.53,15.700000000000001,15.930000000000001,127036,205228068.0,0.0,15,16.0,0
20250102,1735747200000,15.709999999999999,16.39,15.6,15.9,133600,214519432.0,0.0,15,15.93,0
20250103,1735833600000,15.99,17.49,15.42,17.49,321035,534471797.0,0.0,15,15.9,0
20250106,1736092800000,17.83,19.24,17.72,19.24,386600,722823746.0,0.0,15,17.49,0
20250107,1736179200000,19.310000000000002,21.000000000000004,17.400000000000002,19.560000000000002,457042,846241543.0,0.0,15,19.240000000000002,0
20250108,1736265600000,18.87,20.98,18.61,20.0,418372,835869959.0000001,0.0,15,19.56,0
20250109,1736352000000,19.009999999999998,19.65,18.38,18.97,290239,552949627.0,0.0,15,20.0,0
20250110,1736438400000,18.580000000000002,18.6,17.07,17.09,275067,488945998.0,0.0,15,18.97,0
20250113,1736697600000,16.35,16.700000000000003,15.950000000000001,16.3,205029,334106023.0,0.0,15,17.09,0
20250114,1736784000000,16.3,17.080000000000002,16.1,17.03,201859,337023155.00000006,0.0,15,16.3,0
20250115,1736870400000,16.88,17.5,16.54,16.79,228877,387828320.0,0.0,15,17.029999999999998,0
20250116,1736956800000,16.8,17.42,16.6,16.970000000000002,194682,330260627.0,0.0,15,16.790000000000003,0
20250117,1737043200000,16.990000000000002,18.67,16.57,18.67,324268,574351757.0000001,0.0,15,16.97,0
20250120,1737302400000,18.520000000000003,19.1,18.150000000000002,18.39,286570,529075283.0,0.0,15,18.67,0
20250121,1737388800000,18.36,18.36,17.8,18.04,162638,294075724.00000006,0.0,15,18.39,0
20250122,1737475200000,18.16,18.400000000000002,17.6,17.66,186663,336778656.0,0.0,15,18.040000000000003,0
20250123,1737561600000,17.8,18.09,17.32,17.330000000000002,151711,268345765.0,0.0,15,17.66,0
20250124,1737648000000,17.099999999999998,17.349999999999998,16.9,17.299999999999997,129099,221390149.0,0.0,15,17.33,0
20250127,1737907200000,17.3,17.47,16.3,16.3,131426,219798946.0,0.0,15,17.3,0
20250205,1738684800000,16.59,17.3,16.57,17.0,123871,209728071.0,0.0,15,16.3,0
20250206,1738771200000,16.919999999999998,17.09,16.47,17.049999999999997,132681,223293453.99999997,0.0,15,17.0,0
20250207,1738857600000,17.060000000000002,17.71,16.89,17.5,198617,345201440.0,0.0,15,17.05,0
20250210,1739116800000,17.51,17.91,17.51,17.860000000000003,171483,304522641.0,0.0,15,17.5,0
20250211,1739203200000,17.7,18.7,17.14,18.02,259863,459438800.0,0.0,15,17.86,0
20250212,1739289600000,17.840000000000003,18.080000000000002,17.67,17.89,157108,280177312.99999994,0.0,15,18.020000000000003,0
20250213,1739376000000,17.75,18.71,17.61,18.169999999999998,259820,475276796.00000006,0.0,15,17.89,0
20250214,1739462400000,18.05,19.1,17.91,18.48,267830,494486323.0,0.0,15,18.17,0
20250217,1739721600000,18.419999999999998,18.419999999999998,17.7,18.07,172696,311076777.0,0.0,15,18.48,0
20250218,1739808000000,18.0,18.0,16.830000000000002,16.930000000000003,184217,320451397.0,0.0,15,18.07,0
20250219,1739894400000,16.94,17.19,16.53,17.16,104469,177870100.0,0.0,15,16.93,0
20250220,1739980800000,17.009999999999998,17.439999999999998,16.88,17.09,97934,167365693.00000003,0.0,15,17.16,0
20250221,1740067200000,17.05,17.17,16.6,16.91,114942,193156633.0,0.0,15,17.09,0
20250224,1740326400000,16.87,16.89,16.62,16.740000000000002,93805,156936629.0,0.0,15,16.91,0
20250225,1740412800000,16.650000000000002,16.810000000000002,16.37,16.48,77775,129200454.0,0.0,15,16.740000000000002,0
20250226,1740499200000,16.48,16.7,16.43,16.7,68231,112987891.0,0.0,15,16.48,0
20250227,1740585600000,16.71,17.5,16.6,17.18,179842,309005079.00000006,0.0,15,16.700000000000003,0
20250228,1740672000000,17.0,17.3,16.16,16.29,140962,237541709.0,0.0,15,17.18,0
20250303,1740931200000,16.290000000000003,16.78,16.17,16.360000000000003,87694,144469497.00000003,0.0,15,16.290000000000003,0
20250304,1741017600000,16.37,16.47,15.82,16.1,91905,147353026.00000003,0.0,15,16.36,0
20250305,1741104000000,16.14,16.15,15.58,15.790000000000001,92488,145508709.0,0.0,15,16.1,0
20250306,1741190400000,15.81,16.1,15.700000000000001,16.05,86031,137158660.0,0.0,15,15.790000000000001,0
20250307,1741276800000,15.96,16.09,15.72,15.790000000000001,66993,106321906.00000001,0.0,15,16.05,0
20250310,1741536000000,15.88,16.48,15.870000000000001,16.32,98579,160208271.0,0.0,15,15.790000000000001,0
20250311,1741622400000,16.16,16.25,16.0,16.23,55987,90310667.0,0.0,15,16.32,0
20250312,1741708800000,16.23,16.35,16.16,16.31,63926,103844444.0,0.0,15,16.23,0
20250313,1741795200000,16.32,16.34,15.85,15.95,58881,94397492.00000001,0.0,15,16.31,0
20250314,1741881600000,15.96,17.55,15.96,17.55,259415,437750674.0,0.0,15,15.950000000000001,0
20250317,1742140800000,16.88,17.47,16.88,17.09,269403,463556815.0,0.0,15,17.55,0
20250318,1742227200000,17.099999999999998,17.18,16.81,16.869999999999997,115659,195501532.0,0.0,15,17.09,0
20250319,1742313600000,16.82,16.99,16.56,16.65,88298,147820775.0,0.0,15,16.869999999999997,0
20250320,1742400000000,16.64,16.93,16.5,16.73,116488,194258238.00000003,0.0,15,16.65,0
20250321,1742486400000,17.51,18.3,16.84,16.99,296414,515707484.99999994,0.0,15,16.73,0
20250324,1742745600000,16.3,16.66,15.34,15.83,199256,319694954.0,0.0,15,16.99,0
20250325,1742832000000,15.600000000000001,15.690000000000001,14.700000000000001,14.930000000000001,162382,242654616.0,0.0,15,15.830000000000002,0
20250326,1742918400000,14.68,15.05,14.67,15.0,76737,114461278.0,0.0,15,14.93,0
20250327,1743004800000,14.89,15.34,14.72,15.22,83974,126353905.00000001,0.0,15,15.0,0
20250328,1743091200000,15.51,16.52,15.51,15.79,199075,317422234.0,0.0,15,15.22,0
20250331,1743350400000,15.34,15.39,14.8,14.81,123388,184586093.0,0.0,15,15.790000000000001,0
20250401,1743436800000,14.81,15.540000000000001,14.790000000000001,15.360000000000001,122810,187898640.00000003,0.0,15,14.81,0
20250402,1743523200000,15.13,15.33,14.96,15.020000000000001,79727,120084466.99999999,0.0,15,15.360000000000001,0
20250403,1743609600000,14.91,15.16,14.74,15.05,61864,92681074.0,0.0,15,15.02,0
20250407,1743955200000,14.5,14.5,13.55,13.55,75597,103960335.0,0.0,15,15.05,0
20250408,1744041600000,13.27,13.63,12.9,13.55,83931,111544491.00000001,0.0,15,13.55,0
20250409,1744128000000,13.0,13.63,12.22,13.57,104823,135515483.0,0.0,15,13.55,0
20250410,1744214400000,13.620000000000001,14.9,13.620000000000001,14.38,149907,212862978.0,0.0,15,13.57,0
20250411,1744300800000,14.2,14.389999999999999,14.02,14.2,93830,133144494.00000001,0.0,15,14.379999999999999,0
20250414,1744560000000,14.26,15.62,14.18,15.62,184188,278457570.00000006,0.0,15,14.2,0
20250415,1744646400000,15.5,15.5,15.0,15.05,176366,267619129.0,0.0,15,15.62,0
20250416,1744732800000,15.05,15.110000000000001,14.39,14.76,97050,142551479.0,0.0,15,15.05,0
20250417,1744819200000,14.65,15.44,14.52,15.29,137969,208274458.0,0.0,15,14.76,0
20250418,1744905600000,15.13,15.72,14.88,14.89,109691,166372041.0,0.0,15,15.290000000000001,0
20250421,1745164800000,14.71,15.100000000000001,14.56,15.01,79596,118996788.00000001,0.0,15,14.89,0
20250422,1745251200000,15.04,15.18,14.85,15.01,69437,104209919.0,0.0,15,15.01,0
20250423,1745337600000,13.51,13.9,13.51,13.51,205482,279689021.0,0.0,15,15.01,0
20250424,1745424000000,13.27,14.1,13.27,13.48,109463,149020232.00000003,0.0,15,13.51,0
20250425,1745510400000,13.48,13.48,13.16,13.3,68494,91057714.0,0.0,15,13.48,0
20250428,1745769600000,13.3,13.3,13.030000000000001,13.06,44289,58049928.0,0.0,15,13.3,0
20250429,1745856000000,13.06,13.06,13.06,13.06,0,0.0,0.0,0,13.06,1
20250430,1745942400000,12.41,12.41,12.41,12.41,694,861254.0,0.0,15,13.06,0
20250506,1746460800000,11.790000000000001,11.790000000000001,11.790000000000001,11.790000000000001,884,1042236.0,0.0,15,12.41,0
20250507,1746547200000,11.200000000000001,11.200000000000001,11.200000000000001,11.200000000000001,1313,1470560.0,0.0,15,11.790000000000001,0
20250508,1746633600000,10.64,11.100000000000001,10.64,10.65,332207,354845232.0,0.0,15,11.200000000000001,0
20250509,1746720000000,10.350000000000001,10.350000000000001,10.120000000000001,10.14,241343,245767554.0,0.0,15,10.65,0
20250512,1746979200000,10.190000000000001,10.450000000000001,10.05,10.350000000000001,155163,158861036.00000003,0.0,15,10.14,0
20250513,1747065600000,10.350000000000001,10.350000000000001,9.89,9.9,145960,147794621.00000003,0.0,15,10.350000000000001,0
20250514,1747152000000,9.9,9.95,9.41,9.41,149707,141968833.0,0.0,15,9.9,0
20250515,1747238400000,9.39,9.860000000000001,9.39,9.72,137738,133831113.00000001,0.0,15,9.41,0
20250516,1747324800000,9.760000000000002,9.860000000000001,9.620000000000001,9.830000000000002,94384,92262699.0,0.0,15,9.72,0
20250519,1747584000000,9.86,10.15,9.75,10.09,112476,112605354.0,0.0,15,9.83,0
20250520,1747670400000,10.1,10.26,9.93,10.01,109818,110753465.0,0.0,15,10.09,0
20250521,1747756800000,9.98,10.24,9.88,10.17,108662,109376519.00000001,0.0,15,10.010000000000002,0
20250522,1747843200000,10.16,10.32,10.0,10.01,112646,114340333.0,0.0,15,10.17,0
20250523,1747929600000,10.020000000000001,10.25,9.96,9.96,94655,95486659.0,0.0,15,10.010000000000002,0
20250526,1748188800000,9.9,9.920000000000002,9.46,9.55,144662,137763224.0,0.0,15,9.96,0
20250527,1748275200000,9.52,9.620000000000001,9.41,9.53,92751,88056112.0,0.0,15,9.55,0
20250528,1748361600000,9.530000000000001,9.700000000000001,9.48,9.58,73009,69813353.00000001,0.0,15,9.530000000000001,0
20250529,1748448000000,9.6,10.06,9.51,10.06,123104,122316605.99999999,0.0,15,9.58,0
20250530,1748534400000,10.06,10.25,9.88,9.930000000000001,143741,144738926.00000003,0.0,15,10.06,0
20250603,1748880000000,9.93,10.06,9.83,9.86,69052,68547029.0,0.0,15,9.93,0
20250604,1748966400000,9.86,10.06,9.83,9.91,77208,76604576.0,0.0,15,9.86,0
20250605,1749052800000,9.89,9.89,9.55,9.66,85594,82815928.0,0.0,15,9.91,0
20250606,1749139200000,9.569999999999999,9.66,9.53,9.59,54147,51866519.0,0.0,15,9.66,0
20250609,1749398400000,9.6,9.79,9.59,9.76,60750,59021383.0,0.0,15,9.59,0
20250610,1749484800000,9.76,9.959999999999999,9.69,9.82,88256,86544488.00000001,0.0,15,9.76,0
20250611,1749571200000,9.8,9.870000000000001,9.73,9.82,57115,55949484.0,0.0,15,9.82,0
20250612,1749657600000,9.8,9.84,9.64,9.67,65760,63889124.0,0.0,15,9.82,0
20250613,1749744000000,9.71,9.75,9.33,9.35,75257,71331774.00000001,0.0,15,9.67,0
20250616,1750003200000,9.120000000000001,9.3,9.120000000000001,9.250000000000002,43890,40514656.0,0.0,15,9.350000000000001,0
20250617,1750089600000,9.28,9.43,9.24,9.31,48388,45039901.0,0.0,15,9.25,0
20250618,1750176000000,9.270000000000001,9.270000000000001,8.950000000000001,8.99,72352,65591611.0,0.0,15,9.31,0
20250619,1750262400000,8.96,9.17,8.88,8.92,70741,63718760.0,0.0,15,8.99,0
20250620,1750348800000,8.88,8.89,8.47,8.5,85465,73962924.0,0.0,15,8.92,0
20250623,1750608000000,8.32,8.5,8.18,8.48,61622,51408534.0,0.0,15,8.5,0
20250624,1750694400000,8.53,8.719999999999999,8.53,8.68,56863,49095860.0,0.0,15,8.479999999999999,0
20250625,1750780800000,8.889999999999999,9.11,8.78,9.11,60869,54809585.00000001,0.0,15,8.68,0
20250626,1750867200000,9.34,9.45,9.08,9.11,121638,112762397.00000001,0.0,15,9.11,0
20250627,1750953600000,9.17,9.27,8.99,9.07,68122,61779981.00000001,0.0,15,9.11,0
20250630,1751212800000,8.98,9.190000000000001,8.870000000000001,9.07,61180,55294108.0,0.0,15,9.07,0
20250701,1751299200000,9.07,9.120000000000001,8.98,9.05,50263,45535318.0,0.0,15,9.07,0
20250702,1751385600000,9.040000000000001,9.06,8.96,9.05,39763,35847785.0,0.0,15,9.05,0
20250703,1751472000000,9.05,9.3,9.05,9.190000000000001,75802,69822677.0,0.0,15,9.05,0
20250704,1751558400000,9.21,9.28,9.08,9.08,51760,47375564.0,0.0,15,9.19,0
20250707,1751817600000,9.08,9.1,9.0,9.05,31991,28942699.000000004,0.0,15,9.08,0
20250708,1751904000000,9.05,9.08,8.98,9.02,44025,39691749.0,0.0,15,9.05,0
20250709,1751990400000,9.040000000000001,9.07,8.98,8.99,39186,35312685.0,0.0,15,9.02,0
20250710,1752076800000,8.99,9.020000000000001,8.950000000000001,8.97,30235,27146723.0,0.0,15,8.99,0
20250711,1752163200000,9.02,9.379999999999999,9.01,9.14,87239,80362696.0,0.0,15,8.97,0
20250714,1752422400000,9.09,9.1,8.99,9.01,51537,46531180.0,0.0,15,9.14,0
20250715,1752508800000,8.94,8.94,8.65,8.73,65321,57300461.00000001,0.0,15,9.01,0
20250716,1752595200000,8.76,8.96,8.75,8.95,45735,40574032.0,0.0,15,8.73,0
20250717,1752681600000,8.98,9.38,8.950000000000001,9.190000000000001,91420,84016776.0,0.0,15,8.950000000000001,0
20250718,1752768000000,9.22,9.22,9.09,9.129999999999999,36526,33310841.0,0.0,15,9.19,0
20250721,1753027200000,9.120000000000001,9.18,9.07,9.17,36040,32936534.0,0.0,15,9.13,0
20250722,1753113600000,9.25,9.36,9.17,9.209999999999999,69941,64723292.0,0.0,15,9.17,0
20250723,1753200000000,9.17,9.24,9.09,9.09,48324,44163851.0,0.0,15,9.209999999999999,0
20250724,1753286400000,9.14,9.540000000000001,9.120000000000001,9.540000000000001,98153,92572147.0,0.0,15,9.090000000000002,0
20250725,1753372800000,9.639999999999999,9.68,9.28,9.29,125742,118542367.00000001,0.0,15,9.54,0
20250728,1753632000000,9.35,9.459999999999999,9.17,9.22,78051,72587211.0,0.0,15,9.29,0
20250729,1753718400000,9.39,9.55,9.290000000000001,9.340000000000002,106549,100216600.0,0.0,15,9.22,0
20250730,1753804800000,9.27,9.3,9.15,9.18,72696,66903904.00000001,0.0,15,9.34,0
20250731,1753891200000,9.16,9.219999999999999,9.1,9.11,61955,56639022.00000001,0.0,15,9.18,0
20250801,1753977600000,9.100000000000001,9.250000000000002,9.040000000000001,9.200000000000001,61437,56415243.0,0.0,15,9.110000000000001,0
20250804,1754236800000,9.19,9.24,9.11,9.229999999999999,46063,42267236.0,0.0,15,9.2,0
20250805,1754323200000,9.23,9.610000000000001,9.23,9.47,89766,84848100.0,0.0,15,9.23,0
20250806,1754409600000,9.49,9.51,9.26,9.31,73234,68366969.0,0.0,15,9.47,0
20250807,1754496000000,9.31,9.33,9.23,9.27,50004,46394625.0,0.0,15,9.31,0
20250808,1754582400000,9.25,9.26,9.16,9.18,43289,39791698.0,0.0,15,9.27,0
20250811,1754841600000,9.17,9.24,9.14,9.24,39609,36383542.0,0.0,15,9.18,0
20250812,1754928000000,9.24,9.27,9.16,9.21,31046,28597999.0,0.0,15,9.24,0
20250813,1755014400000,9.21,9.270000000000001,9.200000000000001,9.21,40334,37236252.00000001,0.0,15,9.21,0
20250814,1755100800000,9.209999999999999,9.219999999999999,9.02,9.03,63245,57626474.0,0.0,15,9.209999999999999,0
20250815,1755187200000,9.02,9.1,9.01,9.09,33143,30084162.0,0.0,15,9.03,0
20250818,1755446400000,9.14,9.18,9.09,9.18,42685,39095015.0,0.0,15,9.09,0
20250819,1755532800000,9.16,9.3,9.16,9.21,60197,55643668.0,0.0,15,9.18,0
20250820,1755619200000,9.17,9.26,9.07,9.26,49030,45124793.0,0.0,15,9.21,0
20250821,1755705600000,9.25,9.620000000000001,9.24,9.41,88243,83154347.00000001,0.0,15,9.26,0
20250822,1755792000000,9.39,9.41,9.25,9.28,58437,54340514.0,0.0,15,9.41,0
20250825,1756051200000,9.28,9.32,9.24,9.28,50985,47320041.0,0.0,15,9.28,0
20250826,1756137600000,9.260000000000002,9.41,9.21,9.41,55159,51487382.0,0.0,15,9.280000000000001,0
20250827,1756224000000,9.67,9.88,9.42,9.44,185372,179760278.0,0.0,15,9.41,0
20250828,1756310400000,9.290000000000001,9.39,9.05,9.24,119054,110078803.0,0.0,15,9.440000000000001,0
20250829,1756396800000,9.17,9.219999999999999,9.1,9.1,54312,49702471.0,0.0,15,9.24,0
20250901,1756656000000,9.15,9.24,9.120000000000001,9.24,38813,35654447.0,0.0,15,9.100000000000001,0
20250902,1756742400000,9.29,9.52,9.26,9.31,73052,68216677.0,0.0,15,9.24,0
20250903,1756828800000,9.36,9.39,9.16,9.17,47488,43965544.0,0.0,15,9.31,0
20250904,1756915200000,9.200000000000001,9.280000000000001,9.13,9.200000000000001,44032,40572367.0,0.0,15,9.17,0
20250905,1757001600000,9.209999999999999,9.24,9.11,9.229999999999999,40528,37191858.0,0.0,15,9.2,0
20250908,1757260800000,9.219999999999999,9.379999999999999,9.18,9.379999999999999,53546,49769016.00000001,0.0,15,9.23,0
20250909,1757347200000,9.38,9.46,9.23,9.27,49510,46058867.0,0.0,15,9.38,0
20250910,1757433600000,9.280000000000001,9.33,9.23,9.33,38856,36062283.0,0.0,15,9.27,0
20250911,1757520000000,9.299999999999999,9.299999999999999,9.18,9.26,49073,45300928.0,0.0,15,9.33,0
20250912,1757606400000,9.24,9.280000000000001,9.21,9.24,39065,36133636.00000001,0.0,15,9.260000000000002,0
20250915,1757865600000,9.22,9.23,9.15,9.17,40598,37229879.0,0.0,15,9.24,0
20250916,1757952000000,9.31,9.370000000000001,9.23,9.280000000000001,45721,42433575.0,0.0,15,9.17,0
20250917,1758038400000,9.25,9.3,9.22,9.24,29044,26861406.0,0.0,15,9.280000000000001,0
20250918,1758124800000,9.22,9.24,9.13,9.15,50562,46416979.0,0.0,15,9.24,0
20250919,1758211200000,9.110000000000001,9.16,9.05,9.08,40200,36532849.0,0.0,15,9.15,0
20250922,1758470400000,9.090000000000002,9.110000000000001,9.040000000000001,9.05,20707,18750998.0,0.0,15,9.08,0
20250923,1758556800000,9.08,9.09,8.65,8.82,47747,42174045.00000001,0.0,15,9.05,0
20250924,1758643200000,8.809999999999999,8.889999999999999,8.77,8.87,20842,18444225.000000004,0.0,15,8.82,0
20250925,1758729600000,8.85,8.87,8.75,8.77,24311,21419253.0,0.0,15,8.87,0
20250926,1758816000000,8.729999999999999,9.03,8.69,8.86,34313,30350141.0,0.0,15,8.77,0
20250929,1759075200000,8.82,8.850000000000001,8.72,8.780000000000001,22011,19327769.0,0.0,15,8.860000000000001,0
20250930,1759161600000,8.97,8.97,8.82,8.83,19405,17190116.0,0.0,15,8.780000000000001,0
20251009,1759939200000,8.790000000000001,8.870000000000001,8.790000000000001,8.81,16260,14327209.999999998,0.0,15,8.83,0
20251010,1760025600000,8.81,8.950000000000001,8.8,8.88,20620,18331753.0,0.0,15,8.81,0
20251013,1760284800000,8.78,8.78,8.69,8.76,21990,19205837.0,0.0,15,8.879999999999999,0
20251014,1760371200000,8.770000000000001,8.840000000000002,8.700000000000001,8.760000000000002,23740,20856196.0,0.0,15,8.760000000000002,0
20251015,1760457600000,8.76,8.81,8.73,8.81,15964,14016964.0,0.0,15,8.76,0
20251016,1760544000000,8.79,8.86,8.77,8.79,21954,19340497.0,0.0,15,8.809999999999999,0
20251017,1760630400000,8.76,9.129999999999999,8.76,8.959999999999999,58699,52585129.00000001,0.0,15,8.79,0
20251020,1760889600000,8.959999999999999,9.0,8.86,8.959999999999999,30331,27066356.0,0.0,15,8.959999999999999,0
20251021,1760976000000,8.89,8.99,8.89,8.98,25090,22461284.0,0.0,15,8.96,0
20251022,1761062400000,8.959999999999999,9.12,8.94,9.11,36056,32700986.0,0.0,15,8.979999999999999,0
20251023,1761148800000,9.07,9.1,8.99,9.08,30107,27230154.0,0.0,15,9.11,0
20251024,1761235200000,9.09,9.1,9.03,9.03,23355,21152647.0,0.0,15,9.08,0
20251027,1761494400000,9.04,9.049999999999999,8.93,8.959999999999999,29670,26610848.0,0.0,15,9.03,0
20251028,1761580800000,9.0,9.200000000000001,8.97,9.14,45976,41806736.0,0.0,15,8.96,0
20251029,1761667200000,9.120000000000001,9.280000000000001,9.05,9.08,42437,38802293.0,0.0,15,9.14,0
20251030,1761753600000,9.02,9.08,8.94,9.02,33397,30070689.0,0.0,15,9.08,0
20251031,1761840000000,9.0,9.25,8.99,9.200000000000001,60808,55829856.00000001,0.0,15,9.02,0
20251103,1762099200000,9.22,9.660000000000002,9.200000000000001,9.46,102363,96919193.0,0.0,15,9.200000000000001,0
20251104,1762185600000,9.450000000000001,9.56,9.370000000000001,9.420000000000002,55303,52204544.0,0.0,15,9.46,0
20251105,1762272000000,9.370000000000001,9.89,9.370000000000001,9.89,86618,84641435.00000001,0.0,15,9.420000000000002,0
20251106,1762358400000,10.370000000000001,10.370000000000001,9.790000000000001,9.790000000000001,168929,169736414.0,0.0,15,9.89,0
20251107,1762444800000,9.92,10.280000000000001,9.88,10.200000000000001,183165,185287768.00000003,0.0,15,9.790000000000001,0
20251110,1762704000000,10.110000000000001,10.13,9.73,9.76,138759,137190744.99999997,0.0,15,10.200000000000001,0
20251111,1762790400000,9.68,9.83,9.58,9.71,72823,70449873.0,0.0,15,9.76,0
20251112,1762876800000,9.709999999999999,10.18,9.67,9.85,85409,84298963.0,0.0,15,9.709999999999999,0
20251113,1762963200000,9.77,9.809999999999999,9.53,9.62,77091,74204493.0,0.0,15,9.85,0
20251114,1763049600000,9.57,10.0,9.57,9.9,108072,106703960.0,0.0,15,9.620000000000001,0
20251117,1763308800000,9.92,10.15,9.83,9.96,85916,85635101.99999999,0.0,15,9.9,0
20251118,1763395200000,9.94,10.32,9.85,10.04,99318,100349642.00000001,0.0,15,9.959999999999999,0
20251119,1763481600000,10.0,10.0,9.61,9.66,74817,72823192.0,0.0,15,10.04,0
20251120,1763568000000,9.66,9.81,9.4,9.66,66106,63357125.0,0.0,15,9.66,0
20251121,1763654400000,9.53,9.64,9.18,9.18,76722,71877288.0,0.0,15,9.66,0
20251124,1763913600000,9.14,9.280000000000001,9.040000000000001,9.22,45585,41769904.0,0.0,15,9.180000000000001,0
20251125,1764000000000,9.2,9.43,9.18,9.42,45352,42323707.0,0.0,15,9.219999999999999,0
20251126,1764086400000,9.37,9.62,9.36,9.379999999999999,46526,44295160.0,0.0,15,9.42,0
20251127,1764172800000,9.350000000000001,9.38,9.21,9.25,38513,35744082.0,0.0,15,9.38,0
20251128,1764259200000,9.26,9.42,9.17,9.34,35395,32854859.999999996,0.0,15,9.25,0
20251201,1764518400000,9.32,9.36,9.24,9.26,31778,29492751.000000004,0.0,15,9.34,0
20251202,1764604800000,9.26,9.26,9.06,9.15,38967,35594319.0,0.0,15,9.26,0
20251203,1764691200000,9.1,9.21,9.08,9.11,31183,28462830.0,0.0,15,9.15,0
20251204,1764777600000,9.110000000000001,9.120000000000001,8.88,8.88,45058,40283710.0,0.0,15,9.110000000000001,0
20251205,1764864000000,8.860000000000001,8.930000000000001,8.71,8.920000000000002,29513,26055355.999999996,0.0,15,8.88,0
20251208,1765123200000,8.82,8.93,8.74,8.88,33679,29811427.0,0.0,15,8.92,0
20251209,1765209600000,8.83,8.94,8.82,8.86,26499,23554163.0,0.0,15,8.88,0
20251210,1765296000000,8.86,9.27,8.82,9.120000000000001,57593,52105024.00000001,0.0,15,8.86,0
20251211,1765382400000,9.08,9.08,8.84,8.84,38883,34744283.0,0.0,15,9.12,0
20251212,1765468800000,8.850000000000001,8.860000000000001,8.71,8.760000000000002,30225,26489999.0,0.0,15,8.840000000000002,0
20251215,1765728000000,8.69,8.69,8.58,8.62,29896,25808844.0,0.0,15,8.76,0
20251216,1765814400000,8.63,8.690000000000001,8.46,8.55,25014,21364978.0,0.0,15,8.620000000000001,0
20251217,1765900800000,8.5,8.55,8.33,8.55,25188,21279452.0,0.0,15,8.55,0
20251218,1765987200000,8.549999999999999,8.67,8.51,8.549999999999999,21027,18084768.0,0.0,15,8.549999999999999,0
20251219,1766073600000,8.55,8.98,8.55,8.88,50742,44655190.0,0.0,15,8.55,0
20251222,1766332800000,8.88,9.32,8.81,9.32,118285,109189819.00000001,0.0,15,8.88,0
20251223,1766419200000,9.32,9.350000000000001,8.950000000000001,8.950000000000001,96518,87947175.00000001,0.0,15,9.32,0
20251224,1766505600000,8.88,8.94,8.74,8.82,45372,40040219.0,0.0,15,8.950000000000001,0
20251225,1766592000000,8.82,8.93,8.76,8.84,27211,24072149.000000004,0.0,15,8.82,0
20251226,1766678400000,8.82,8.96,8.81,8.85,36206,32138357.0,0.0,15,8.84,0
20251229,1766937600000,8.41,8.41,8.41,8.41,8884,7471444.0,0.0,15,8.85,0
20251230,1767024000000,7.99,7.99,7.99,7.99,5628,4496772.0,0.0,15,8.41,0
20251231,1767110400000,7.59,7.84,7.59,7.62,176161,134258497.00000003,0.0,15,7.99,0
20260105,1767542400000,7.55,7.66,7.42,7.62,88597,66663324.0,0.0,15,7.62,0
20260106,1767628800000,7.670000000000001,7.78,7.640000000000001,7.7,53272,40978764.0,0.0,15,7.620000000000001,0
20260107,1767715200000,7.71,7.71,7.5,7.53,67421,51058947.00000001,0.0,15,7.7,0
20260108,1767801600000,7.54,7.6,7.5,7.6,49078,37121499.0,0.0,15,7.53,0
20260109,1767888000000,7.6000000000000005,7.61,7.53,7.5600000000000005,53452,40411380.99999999,0.0,15,7.6000000000000005,0
20260112,1768147200000,7.53,7.54,7.37,7.45,80335,59758358.0,0.0,15,7.5600000000000005,0
20260113,1768233600000,7.42,7.5,7.37,7.44,47687,35437280.0,0.0,15,7.45,0
20260114,1768320000000,7.45,7.49,7.38,7.3999999999999995,63968,47595797.00000001,0.0,15,7.4399999999999995,0
20260115,1768406400000,7.21,7.3,7.18,7.1899999999999995,81364,58767510.0,0.0,15,7.3999999999999995,0
20260116,1768492800000,7.18,7.2299999999999995,6.84,6.8999999999999995,92237,64438025.0,0.0,15,7.1899999999999995,0
20260119,1768752000000,6.81,6.95,6.76,6.9399999999999995,41760,28744430.000000004,0.0,15,6.8999999999999995,0
20260120,1768838400000,6.97,7.13,6.96,7.01,53500,37676474.0,0.0,15,6.94,0
20260121,1768924800000,6.95,6.96,6.86,6.890000000000001,40138,27718059.0,0.0,15,7.010000000000001,0
20260122,1769011200000,6.88,7.08,6.88,7.08,44560,31252058.0,0.0,15,6.89,0
20260123,1769097600000,7.08,7.18,7.08,7.14,40237,28663983.0,0.0,15,7.08,0
20260126,1769356800000,7.12,7.1499999999999995,6.93,7.05,49406,34598555.0,0.0,15,7.14,0
20260127,1769443200000,7.04,7.04,6.88,6.9399999999999995,42941,29759672.0,0.0,15,7.05,0
20260128,1769529600000,6.970000000000001,6.970000000000001,6.8100000000000005,6.83,40672,27917132.0,0.0,15,6.94,0
20260129,1769616000000,6.760000000000001,6.78,6.6000000000000005,6.710000000000001,50084,33507161.000000004,0.0,15,6.830000000000001,0
20260130,1769702400000,6.680000000000001,6.7700000000000005,6.61,6.680000000000001,30926,20674016.0,0.0,15,6.71,0
20260202,1769961600000,6.63,6.76,6.5,6.62,42938,28403007.0,0.0,15,6.68,0
20260203,1770048000000,6.63,6.68,6.59,6.64,28376,18824128.0,0.0,15,6.62,0
20260204,1770134400000,6.680000000000001,6.83,6.65,6.800000000000001,48577,32777610.0,0.0,15,6.640000000000001,0
20260205,1770220800000,6.7700000000000005,6.8500000000000005,6.73,6.74,33682,22857266.0,0.0,15,6.800000000000001,0
20260206,1770307200000,6.82,6.93,6.75,6.75,38889,26521425.0,0.0,15,6.74,0
20260209,1770566400000,6.7299999999999995,6.83,6.71,6.83,29784,20159905.000000004,0.0,15,6.75,0
20260210,1770652800000,6.83,6.83,6.7700000000000005,6.7700000000000005,20195,13720811.0,0.0,15,6.83,0
20260211,1770739200000,6.77,6.96,6.76,6.8999999999999995,42049,28910889.0,0.0,15,6.77,0
20260212,1770825600000,6.88,6.92,6.75,6.75,36238,24674928.0,0.0,15,6.9,0
20260213,1770912000000,6.720000000000001,6.7700000000000005,6.69,6.71,20203,13596457.0,0.0,15,6.75,0
20260224,1771862400000,6.72,6.82,6.71,6.82,21095,14288020.0,0.0,15,6.71,0
20260225,1771948800000,6.84,7.04,6.83,7.01,45806,31936874.0,0.0,15,6.82,0
20260226,1772035200000,7.02,7.17,6.92,7.1,50857,35889880.0,0.0,15,7.01,0
20260227,1772121600000,7.130000000000001,7.140000000000001,7.0200000000000005,7.11,30073,21305292.0,0.0,15,7.1000000000000005,0
20260302,1772380800000,7.130000000000001,7.130000000000001,6.86,6.87,50106,34843959.0,0.0,15,7.11,0
20260303,1772467200000,6.890000000000001,7.130000000000001,6.890000000000001,6.960000000000001,59286,41590830.0,0.0,15,6.870000000000001,0
20260304,1772553600000,6.890000000000001,6.9,6.73,6.82,36242,24684488.0,0.0,15,6.960000000000001,0
20260305,1772640000000,6.86,6.920000000000001,6.8100000000000005,6.83,22416,15397281.0,0.0,15,6.82,0
20260306,1772726400000,6.8500000000000005,7.050000000000001,6.78,7.050000000000001,33900,23496943.0,0.0,15,6.83,0
20260309,1772985600000,6.930000000000001,6.98,6.9,6.95,24276,16833533.999999996,0.0,15,7.050000000000001,0
20260310,1773072000000,6.95,7.09,6.95,7.07,26640,18764519.999999996,0.0,15,6.95,0
20260311,1773158400000,7.08,7.08,7.01,7.06,19573,13790218.0,0.0,15,7.069999999999999,0
20260312,1773244800000,7.05,7.0600000000000005,6.91,6.92,32303,22498723.000000004,0.0,15,7.0600000000000005,0
20260313,1773331200000,6.91,6.92,6.82,6.82,30124,20692217.0,0.0,15,6.92,0
20260316,1773590400000,6.8100000000000005,6.84,6.78,6.83,20946,14249614.0,0.0,15,6.82,0
20260317,1773676800000,6.83,6.88,6.75,6.77,22828,15587749.0,0.0,15,6.83,0
20260318,1773763200000,6.760000000000001,6.78,6.69,6.760000000000001,25083,16878240.0,0.0,15,6.7700000000000005,0
20260319,1773849600000,6.7,6.71,6.61,6.63,22945,15266493.000000002,0.0,15,6.760000000000001,0
20260320,1773936000000,6.640000000000001,6.66,6.44,6.44,28464,18615919.999999996,0.0,15,6.630000000000001,0
20260323,1774195200000,6.23,6.28,6.12,6.12,35873,22245207.0,0.0,15,6.44,0
20260324,1774281600000,6.15,6.24,6.03,6.220000000000001,22410,13737346.0,0.0,15,6.12,0
20260325,1774368000000,6.22,6.38,6.21,6.38,27501,17293853.0,0.0,15,6.22,0
20260326,1774454400000,6.390000000000001,6.44,6.2,6.23,22947,14450879.0,0.0,15,6.38,0
20260327,1774540800000,6.2,6.44,6.16,6.43,25293,16067227.0,0.0,15,6.23,0
20260330,1774800000000,6.34,6.52,6.34,6.5,20691,13369966.0,0.0,15,6.43,0
20260331,1774886400000,6.49,6.83,6.45,6.83,32832,22202784.0,0.0,15,6.5,0
20260401,1774972800000,7.03,7.17,6.88,7.17,113673,80438071.0,0.0,15,6.83,0
20260402,1775059200000,7.17,7.390000000000001,6.99,7.13,110164,78671316.00000001,0.0,15,7.17,0
20260403,1775145600000,6.87,7.1000000000000005,6.7700000000000005,6.7700000000000005,60620,41245634.0,0.0,15,7.130000000000001,0
20260407,1775491200000,6.66,6.7,6.5200000000000005,6.590000000000001,42818,28229047.0,0.0,15,6.7700000000000005,0
20260408,1775577600000,6.7,6.79,6.63,6.74,28773,19284356.000000004,0.0,15,6.59,0
20260409,1775664000000,6.71,7.08,6.68,6.859999999999999,52646,36209109.0,0.0,15,6.739999999999999,0
20260410,1775750400000,6.8100000000000005,7.07,6.7700000000000005,6.98,43610,30416058.0,0.0,15,6.86,0
20260413,1776009600000,7.0,7.29,7.0,7.07,54847,39117288.00000001,0.0,15,6.98,0
20260414,1776096000000,7.02,7.07,6.92,6.99,30280,21122081.0,0.0,15,7.07,0
20260415,1776182400000,7.0600000000000005,7.09,6.99,7.01,25308,17803416.0,0.0,15,6.99,0
20260416,1776268800000,7.0,7.0,6.88,6.9399999999999995,25360,17545876.0,0.0,15,7.01,0
20260417,1776355200000,6.95,6.960000000000001,6.8100000000000005,6.8500000000000005,30510,20912656.000000004,0.0,15,6.94,0
20260420,1776614400000,6.87,6.87,6.7700000000000005,6.86,15288,10431774.999999998,0.0,15,6.8500000000000005,0
20260421,1776700800000,6.86,6.91,6.74,6.8,19072,12976038.0,0.0,15,6.86,0
20260422,1776787200000,6.8,6.8,6.68,6.71,21308,14313622.0,0.0,15,6.8,0
20260423,1776873600000,6.65,6.7,6.58,6.63,18334,12151686.000000002,0.0,15,6.71,0
20260424,1776960000000,6.6000000000000005,6.680000000000001,6.5600000000000005,6.670000000000001,11329,7505051.000000001,0.0,15,6.630000000000001,0
20260427,1777219200000,6.67,6.69,6.53,6.61,17675,11636834.0,0.0,15,6.67,0
20260428,1777305600000,6.64,6.94,6.62,6.91,51315,35119655.0,0.0,15,6.61,0
20260429,1777392000000,7.0600000000000005,7.25,6.79,6.81,68186,47573024.0,0.0,15,6.91,0
20260430,1777478400000,6.68,6.87,6.68,6.79,24261,16456075.000000002,0.0,15,6.81,0
20260506,1777996800000,6.78,6.78,6.55,6.55,39000,25730982.0,0.0,15,6.79,0
20260507,1778083200000,6.63,6.71,6.55,6.58,21778,14404936.0,0.0,15,6.55,0
20260508,1778169600000,6.6,6.75,6.59,6.68,25820,17241076.0,0.0,15,6.58,0
20260511,1778428800000,6.63,6.66,6.59,6.62,19988,13228162.0,0.0,15,6.68,0
20260512,1778515200000,6.670000000000001,6.73,6.6000000000000005,6.66,19684,13106389.0,0.0,15,6.62,0
20260513,1778601600000,6.67,6.7,6.55,6.569999999999999,25929,17104003.0,0.0,15,6.66,0
20260514,1778688000000,6.51,6.57,6.45,6.46,16588,10799577.0,0.0,15,6.57,0
20260515,1778774400000,6.42,6.42,6.3,6.38,16439,10451747.0,0.0,15,6.46,0
20260518,1779033600000,6.38,6.7,6.37,6.7,35546,23505126.999999996,0.0,15,6.38,0
20260519,1779120000000,6.72,6.890000000000001,6.66,6.79,45983,31221945.999999996,0.0,15,6.7,0
20260520,1779206400000,6.7700000000000005,6.79,6.57,6.61,24369,16160475.0,0.0,15,6.79,0
20260521,1779292800000,6.82,6.94,6.78,6.94,67842,46887817.0,0.0,15,6.61,0
20260522,1779379200000,6.89,6.9799999999999995,6.76,6.819999999999999,73529,50410087.0,0.0,15,6.9399999999999995,0
20260525,1779638400000,6.79,7.08,6.62,7.03,64490,44381367.0,0.0,15,6.82,0
20260526,1779724800000,6.95,7.16,6.88,7.0,55171,38781360.0,0.0,15,7.03,0
