date,time,open,high,low,close,volume,amount,settelementPrice,openInterest,preClose,suspendFlag
20190722,1563724800000,,,,,0,0.0,0.0,0,,1
20190723,1563811200000,,,,,0,0.0,0.0,0,,1
20190724,1563897600000,,,,,0,0.0,0.0,0,,1
20190725,1563984000000,,,,,0,0.0,0.0,0,,1
20190726,1564070400000,,,,,0,0.0,0.0,0,,1
20190729,1564329600000,,,,,0,0.0,0.0,0,,1
20190730,1564416000000,,,,,0,0.0,0.0,0,,1
20190731,1564502400000,,,,,0,0.0,0.0,0,,1
20190801,1564588800000,,,,,0,0.0,0.0,0,,1
20190802,1564675200000,,,,,0,0.0,0.0,0,,1
20190805,1564934400000,,,,,0,0.0,0.0,0,,1
20190806,1565020800000,,,,,0,0.0,0.0,0,,1
20190807,1565107200000,,,,,0,0.0,0.0,0,,1
20190808,1565193600000,,,,,0,0.0,0.0,0,,1
20190809,1565280000000,,,,,0,0.0,0.0,0,,1
20190812,1565539200000,,,,,0,0.0,0.0,0,,1
20190813,1565625600000,,,,,0,0.0,0.0,0,,1
20190814,1565712000000,,,,,0,0.0,0.0,0,,1
20190815,1565798400000,,,,,0,0.0,0.0,0,,1
20190816,1565884800000,,,,,0,0.0,0.0,0,,1
20190819,1566144000000,,,,,0,0.0,0.0,0,,1
20190820,1566230400000,,,,,0,0.0,0.0,0,,1
20190821,1566316800000,,,,,0,0.0,0.0,0,,1
20190822,1566403200000,,,,,0,0.0,0.0,0,,1
20190823,1566489600000,,,,,0,0.0,0.0,0,,1
20190826,1566748800000,,,,,0,0.0,0.0,0,,1
20190827,1566835200000,,,,,0,0.0,0.0,0,,1
20190828,1566921600000,,,,,0,0.0,0.0,0,,1
20190829,1567008000000,,,,,0,0.0,0.0,0,,1
20190830,1567094400000,,,,,0,0.0,0.0,0,,1
20190902,1567353600000,,,,,0,0.0,0.0,0,,1
20190903,1567440000000,,,,,0,0.0,0.0,0,,1
20190904,1567526400000,,,,,0,0.0,0.0,0,,1
20190905,1567612800000,,,,,0,0.0,0.0,0,,1
20190906,1567699200000,,,,,0,0.0,0.0,0,,1
20190909,1567958400000,,,,,0,0.0,0.0,0,,1
20190910,1568044800000,,,,,0,0.0,0.0,0,,1
20190911,1568131200000,,,,,0,0.0,0.0,0,,1
20190912,1568217600000,,,,,0,0.0,0.0,0,,1
20190916,1568563200000,,,,,0,0.0,0.0,0,,1
20190917,1568649600000,,,,,0,0.0,0.0,0,,1
20190918,1568736000000,,,,,0,0.0,0.0,0,,1
20190919,1568822400000,,,,,0,0.0,0.0,0,,1
20190920,1568908800000,,,,,0,0.0,0.0,0,,1
20190923,1569168000000,,,,,0,0.0,0.0,0,,1
20190924,1569254400000,,,,,0,0.0,0.0,0,,1
20190925,1569340800000,,,,,0,0.0,0.0,0,,1
20190926,1569427200000,,,,,0,0.0,0.0,0,,1
20190927,1569513600000,,,,,0,0.0,0.0,0,,1
20190930,1569772800000,,,,,0,0.0,0.0,0,,1
20191008,1570464000000,,,,,0,0.0,0.0,0,,1
20191009,1570550400000,,,,,0,0.0,0.0,0,,1
20191010,1570636800000,,,,,0,0.0,0.0,0,,1
20191011,1570723200000,,,,,0,0.0,0.0,0,,1
20191014,1570982400000,,,,,0,0.0,0.0,0,,1
20191015,1571068800000,,,,,0,0.0,0.0,0,,1
20191016,1571155200000,,,,,0,0.0,0.0,0,,1
20191017,1571241600000,,,,,0,0.0,0.0,0,,1
20191018,1571328000000,,,,,0,0.0,0.0,0,,1
20191021,1571587200000,,,,,0,0.0,0.0,0,,1
20191022,1571673600000,,,,,0,0.0,0.0,0,,1
20191023,1571760000000,,,,,0,0.0,0.0,0,,1
20191024,1571846400000,,,,,0,0.0,0.0,0,,1
20191025,1571932800000,,,,,0,0.0,0.0,0,,1
20191028,1572192000000,,,,,0,0.0,0.0,0,,1
20191029,1572278400000,,,,,0,0.0,0.0,0,,1
20191030,1572364800000,,,,,0,0.0,0.0,0,,1
20191031,1572451200000,,,,,0,0.0,0.0,0,,1
20191101,1572537600000,,,,,0,0.0,0.0,0,,1
20191104,1572796800000,,,,,0,0.0,0.0,0,,1
20191105,1572883200000,,,,,0,0.0,0.0,0,,1
20191106,1572969600000,,,,,0,0.0,0.0,0,,1
20191107,1573056000000,,,,,0,0.0,0.0,0,,1
20191108,1573142400000,,,,,0,0.0,0.0,0,,1
20191111,1573401600000,,,,,0,0.0,0.0,0,,1
20191112,1573488000000,,,,,0,0.0,0.0,0,,1
20191113,1573574400000,,,,,0,0.0,0.0,0,,1
20191114,1573660800000,,,,,0,0.0,0.0,0,,1
20191115,1573747200000,,,,,0,0.0,0.0,0,,1
20191118,1574006400000,,,,,0,0.0,0.0,0,,1
20191119,1574092800000,,,,,0,0.0,0.0,0,,1
20191120,1574179200000,,,,,0,0.0,0.0,0,,1
20191121,1574265600000,,,,,0,0.0,0.0,0,,1
20191122,1574352000000,,,,,0,0.0,0.0,0,,1
20191125,1574611200000,,,,,0,0.0,0.0,0,,1
20191126,1574697600000,,,,,0,0.0,0.0,0,,1
20191127,1574784000000,,,,,0,0.0,0.0,0,,1
20191128,1574870400000,,,,,0,0.0,0.0,0,,1
20191129,1574956800000,,,,,0,0.0,0.0,0,,1
20191202,1575216000000,,,,,0,0.0,0.0,0,,1
20191203,1575302400000,,,,,0,0.0,0.0,0,,1
20191204,1575388800000,,,,,0,0.0,0.0,0,,1
20191205,1575475200000,,,,,0,0.0,0.0,0,,1
20191206,1575561600000,,,,,0,0.0,0.0,0,,1
20191209,1575820800000,,,,,0,0.0,0.0,0,,1
20191210,1575907200000,,,,,0,0.0,0.0,0,,1
20191211,1575993600000,,,,,0,0.0,0.0,0,,1
20191212,1576080000000,,,,,0,0.0,0.0,0,,1
20191213,1576166400000,,,,,0,0.0,0.0,0,,1
20191216,1576425600000,,,,,0,0.0,0.0,0,,1
20191217,1576512000000,,,,,0,0.0,0.0,0,,1
20191218,1576598400000,,,,,0,0.0,0.0,0,,1
20191219,1576684800000,,,,,0,0.0,0.0,0,,1
20191220,1576771200000,,,,,0,0.0,0.0,0,,1
20191223,1577030400000,,,,,0,0.0,0.0,0,,1
20191224,1577116800000,,,,,0,0.0,0.0,0,,1
20191225,1577203200000,,,,,0,0.0,0.0,0,,1
20191226,1577289600000,,,,,0,0.0,0.0,0,,1
20191227,1577376000000,,,,,0,0.0,0.0,0,,1
20191230,1577635200000,,,,,0,0.0,0.0,0,,1
20191231,1577721600000,,,,,0,0.0,0.0,0,,1
20200102,1577894400000,,,,,0,0.0,0.0,0,,1
20200103,1577980800000,,,,,0,0.0,0.0,0,,1
20200106,1578240000000,,,,,0,0.0,0.0,0,,1
20200107,1578326400000,,,,,0,0.0,0.0,0,,1
20200108,1578412800000,,,,,0,0.0,0.0,0,,1
20200109,1578499200000,,,,,0,0.0,0.0,0,,1
20200110,1578585600000,,,,,0,0.0,0.0,0,,1
20200113,1578844800000,,,,,0,0.0,0.0,0,,1
20200114,1578931200000,,,,,0,0.0,0.0,0,,1
20200115,1579017600000,,,,,0,0.0,0.0,0,,1
20200116,1579104000000,,,,,0,0.0,0.0,0,,1
20200117,1579190400000,,,,,0,0.0,0.0,0,,1
20200120,1579449600000,,,,,0,0.0,0.0,0,,1
20200121,1579536000000,,,,,0,0.0,0.0,0,,1
20200122,1579622400000,,,,,0,0.0,0.0,0,,1
20200123,1579708800000,,,,,0,0.0,0.0,0,,1
20200203,1580659200000,,,,,0,0.0,0.0,0,,1
20200204,1580745600000,,,,,0,0.0,0.0,0,,1
20200205,1580832000000,,,,,0,0.0,0.0,0,,1
20200206,1580918400000,,,,,0,0.0,0.0,0,,1
20200207,1581004800000,,,,,0,0.0,0.0,0,,1
20200210,1581264000000,,,,,0,0.0,0.0,0,,1
20200211,1581350400000,,,,,0,0.0,0.0,0,,1
20200212,1581436800000,,,,,0,0.0,0.0,0,,1
20200213,1581523200000,,,,,0,0.0,0.0,0,,1
20200214,1581609600000,,,,,0,0.0,0.0,0,,1
20200217,1581868800000,,,,,0,0.0,0.0,0,,1
20200218,1581955200000,,,,,0,0.0,0.0,0,,1
20200219,1582041600000,,,,,0,0.0,0.0,0,,1
20200220,1582128000000,,,,,0,0.0,0.0,0,,1
20200221,1582214400000,,,,,0,0.0,0.0,0,,1
20200224,1582473600000,,,,,0,0.0,0.0,0,,1
20200225,1582560000000,,,,,0,0.0,0.0,0,,1
20200226,1582646400000,,,,,0,0.0,0.0,0,,1
20200227,1582732800000,,,,,0,0.0,0.0,0,,1
20200228,1582819200000,,,,,0,0.0,0.0,0,,1
20200302,1583078400000,,,,,0,0.0,0.0,0,,1
20200303,1583164800000,,,,,0,0.0,0.0,0,,1
20200304,1583251200000,,,,,0,0.0,0.0,0,,1
20200305,1583337600000,,,,,0,0.0,0.0,0,,1
20200306,1583424000000,,,,,0,0.0,0.0,0,,1
20200309,1583683200000,,,,,0,0.0,0.0,0,,1
20200310,1583769600000,,,,,0,0.0,0.0,0,,1
20200311,1583856000000,,,,,0,0.0,0.0,0,,1
20200312,1583942400000,,,,,0,0.0,0.0,0,,1
20200313,1584028800000,,,,,0,0.0,0.0,0,,1
20200316,1584288000000,,,,,0,0.0,0.0,0,,1
20200317,1584374400000,,,,,0,0.0,0.0,0,,1
20200318,1584460800000,,,,,0,0.0,0.0,0,,1
20200319,1584547200000,,,,,0,0.0,0.0,0,,1
20200320,1584633600000,,,,,0,0.0,0.0,0,,1
20200323,1584892800000,,,,,0,0.0,0.0,0,,1
20200324,1584979200000,,,,,0,0.0,0.0,0,,1
20200325,1585065600000,,,,,0,0.0,0.0,0,,1
20200326,1585152000000,,,,,0,0.0,0.0,0,,1
20200327,1585238400000,,,,,0,0.0,0.0,0,,1
20200330,1585497600000,,,,,0,0.0,0.0,0,,1
20200331,1585584000000,,,,,0,0.0,0.0,0,,1
20200401,1585670400000,,,,,0,0.0,0.0,0,,1
20200402,1585756800000,,,,,0,0.0,0.0,0,,1
20200403,1585843200000,,,,,0,0.0,0.0,0,,1
20200407,1586188800000,,,,,0,0.0,0.0,0,,1
20200408,1586275200000,,,,,0,0.0,0.0,0,,1
20200409,1586361600000,,,,,0,0.0,0.0,0,,1
20200410,1586448000000,,,,,0,0.0,0.0,0,,1
20200413,1586707200000,,,,,0,0.0,0.0,0,,1
20200414,1586793600000,,,,,0,0.0,0.0,0,,1
20200415,1586880000000,,,,,0,0.0,0.0,0,,1
20200416,1586966400000,,,,,0,0.0,0.0,0,,1
20200417,1587052800000,,,,,0,0.0,0.0,0,,1
20200420,1587312000000,,,,,0,0.0,0.0,0,,1
20200421,1587398400000,,,,,0,0.0,0.0,0,,1
20200422,1587484800000,,,,,0,0.0,0.0,0,,1
20200423,1587571200000,,,,,0,0.0,0.0,0,,1
20200424,1587657600000,,,,,0,0.0,0.0,0,,1
20200427,1587916800000,,,,,0,0.0,0.0,0,,1
20200428,1588003200000,,,,,0,0.0,0.0,0,,1
20200429,1588089600000,,,,,0,0.0,0.0,0,,1
20200430,1588176000000,,,,,0,0.0,0.0,0,,1
20200506,1588694400000,,,,,0,0.0,0.0,0,,1
20200507,1588780800000,,,,,0,0.0,0.0,0,,1
20200508,1588867200000,,,,,0,0.0,0.0,0,,1
20200511,1589126400000,,,,,0,0.0,0.0,0,,1
20200512,1589212800000,,,,,0,0.0,0.0,0,,1
20200513,1589299200000,,,,,0,0.0,0.0,0,,1
20200514,1589385600000,,,,,0,0.0,0.0,0,,1
20200515,1589472000000,,,,,0,0.0,0.0,0,,1
20200518,1589731200000,,,,,0,0.0,0.0,0,,1
20200519,1589817600000,,,,,0,0.0,0.0,0,,1
20200520,1589904000000,,,,,0,0.0,0.0,0,,1
20200521,1589990400000,,,,,0,0.0,0.0,0,,1
20200522,1590076800000,,,,,0,0.0,0.0,0,,1
20200525,1590336000000,,,,,0,0.0,0.0,0,,1
20200526,1590422400000,,,,,0,0.0,0.0,0,,1
20200527,1590508800000,,,,,0,0.0,0.0,0,,1
20200528,1590595200000,,,,,0,0.0,0.0,0,,1
20200529,1590681600000,,,,,0,0.0,0.0,0,,1
20200601,1590940800000,,,,,0,0.0,0.0,0,,1
20200602,1591027200000,,,,,0,0.0,0.0,0,,1
20200603,1591113600000,,,,,0,0.0,0.0,0,,1
20200604,1591200000000,,,,,0,0.0,0.0,0,,1
20200605,1591286400000,,,,,0,0.0,0.0,0,,1
20200608,1591545600000,,,,,0,0.0,0.0,0,,1
20200609,1591632000000,,,,,0,0.0,0.0,0,,1
20200610,1591718400000,,,,,0,0.0,0.0,0,,1
20200611,1591804800000,,,,,0,0.0,0.0,0,,1
20200612,1591891200000,,,,,0,0.0,0.0,0,,1
20200615,1592150400000,,,,,0,0.0,0.0,0,,1
20200616,1592236800000,,,,,0,0.0,0.0,0,,1
20200617,1592323200000,,,,,0,0.0,0.0,0,,1
20200618,1592409600000,,,,,0,0.0,0.0,0,,1
20200619,1592496000000,,,,,0,0.0,0.0,0,,1
20200622,1592755200000,,,,,0,0.0,0.0,0,,1
20200623,1592841600000,,,,,0,0.0,0.0,0,,1
20200624,1592928000000,,,,,0,0.0,0.0,0,,1
20200629,1593360000000,,,,,0,0.0,0.0,0,,1
20200630,1593446400000,,,,,0,0.0,0.0,0,,1
20200701,1593532800000,,,,,0,0.0,0.0,0,,1
20200702,1593619200000,,,,,0,0.0,0.0,0,,1
20200703,1593705600000,,,,,0,0.0,0.0,0,,1
20200706,1593964800000,,,,,0,0.0,0.0,0,,1
20200707,1594051200000,,,,,0,0.0,0.0,0,,1
20200708,1594137600000,,,,,0,0.0,0.0,0,,1
20200709,1594224000000,,,,,0,0.0,0.0,0,,1
20200710,1594310400000,,,,,0,0.0,0.0,0,,1
20200713,1594569600000,,,,,0,0.0,0.0,0,,1
20200714,1594656000000,,,,,0,0.0,0.0,0,,1
20200715,1594742400000,,,,,0,0.0,0.0,0,,1
20200716,1594828800000,,,,,0,0.0,0.0,0,,1
20200717,1594915200000,,,,,0,0.0,0.0,0,,1
20200720,1595174400000,,,,,0,0.0,0.0,0,,1
20200721,1595260800000,,,,,0,0.0,0.0,0,,1
20200722,1595347200000,,,,,0,0.0,0.0,0,,1
20200723,1595433600000,,,,,0,0.0,0.0,0,,1
20200724,1595520000000,,,,,0,0.0,0.0,0,,1
20200727,1595779200000,,,,,0,0.0,0.0,0,,1
20200728,1595865600000,,,,,0,0.0,0.0,0,,1
20200729,1595952000000,,,,,0,0.0,0.0,0,,1
20200730,1596038400000,,,,,0,0.0,0.0,0,,1
20200731,1596124800000,,,,,0,0.0,0.0,0,,1
20200803,1596384000000,,,,,0,0.0,0.0,0,,1
20200804,1596470400000,,,,,0,0.0,0.0,0,,1
20200805,1596556800000,,,,,0,0.0,0.0,0,,1
20200806,1596643200000,,,,,0,0.0,0.0,0,,1
20200807,1596729600000,,,,,0,0.0,0.0,0,,1
20200810,1596988800000,,,,,0,0.0,0.0,0,,1
20200811,1597075200000,,,,,0,0.0,0.0,0,,1
20200812,1597161600000,,,,,0,0.0,0.0,0,,1
20200813,1597248000000,,,,,0,0.0,0.0,0,,1
20200814,1597334400000,,,,,0,0.0,0.0,0,,1
20200817,1597593600000,,,,,0,0.0,0.0,0,,1
20200818,1597680000000,,,,,0,0.0,0.0,0,,1
20200819,1597766400000,,,,,0,0.0,0.0,0,,1
20200820,1597852800000,,,,,0,0.0,0.0,0,,1
20200821,1597939200000,,,,,0,0.0,0.0,0,,1
20200824,1598198400000,,,,,0,0.0,0.0,0,,1
20200825,1598284800000,,,,,0,0.0,0.0,0,,1
20200826,1598371200000,,,,,0,0.0,0.0,0,,1
20200827,1598457600000,,,,,0,0.0,0.0,0,,1
20200828,1598544000000,,,,,0,0.0,0.0,0,,1
20200831,1598803200000,,,,,0,0.0,0.0,0,,1
20200901,1598889600000,,,,,0,0.0,0.0,0,,1
20200902,1598976000000,,,,,0,0.0,0.0,0,,1
20200903,1599062400000,,,,,0,0.0,0.0,0,,1
20200904,1599148800000,,,,,0,0.0,0.0,0,,1
20200907,1599408000000,,,,,0,0.0,0.0,0,,1
20200908,1599494400000,,,,,0,0.0,0.0,0,,1
20200909,1599580800000,,,,,0,0.0,0.0,0,,1
20200910,1599667200000,,,,,0,0.0,0.0,0,,1
20200911,1599753600000,,,,,0,0.0,0.0,0,,1
20200914,1600012800000,,,,,0,0.0,0.0,0,,1
20200915,1600099200000,,,,,0,0.0,0.0,0,,1
20200916,1600185600000,,,,,0,0.0,0.0,0,,1
20200917,1600272000000,,,,,0,0.0,0.0,0,,1
20200918,1600358400000,,,,,0,0.0,0.0,0,,1
20200921,1600617600000,,,,,0,0.0,0.0,0,,1
20200922,1600704000000,,,,,0,0.0,0.0,0,,1
20200923,1600790400000,,,,,0,0.0,0.0,0,,1
20200924,1600876800000,,,,,0,0.0,0.0,0,,1
20200925,1600963200000,,,,,0,0.0,0.0,0,,1
20200928,1601222400000,,,,,0,0.0,0.0,0,,1
20200929,1601308800000,,,,,0,0.0,0.0,0,,1
20200930,1601395200000,,,,,0,0.0,0.0,0,,1
20201009,1602172800000,,,,,0,0.0,0.0,0,,1
20201012,1602432000000,,,,,0,0.0,0.0,0,,1
20201013,1602518400000,,,,,0,0.0,0.0,0,,1
20201014,1602604800000,,,,,0,0.0,0.0,0,,1
20201015,1602691200000,,,,,0,0.0,0.0,0,,1
20201016,1602777600000,,,,,0,0.0,0.0,0,,1
20201019,1603036800000,,,,,0,0.0,0.0,0,,1
20201020,1603123200000,,,,,0,0.0,0.0,0,,1
20201021,1603209600000,,,,,0,0.0,0.0,0,,1
20201022,1603296000000,,,,,0,0.0,0.0,0,,1
20201023,1603382400000,,,,,0,0.0,0.0,0,,1
20201026,1603641600000,,,,,0,0.0,0.0,0,,1
20201027,1603728000000,,,,,0,0.0,0.0,0,,1
20201028,1603814400000,,,,,0,0.0,0.0,0,,1
20201029,1603900800000,,,,,0,0.0,0.0,0,,1
20201030,1603987200000,,,,,0,0.0,0.0,0,,1
20201102,1604246400000,,,,,0,0.0,0.0,0,,1
20201103,1604332800000,,,,,0,0.0,0.0,0,,1
20201104,1604419200000,,,,,0,0.0,0.0,0,,1
20201105,1604505600000,,,,,0,0.0,0.0,0,,1
20201106,1604592000000,,,,,0,0.0,0.0,0,,1
20201109,1604851200000,,,,,0,0.0,0.0,0,,1
20201110,1604937600000,,,,,0,0.0,0.0,0,,1
20201111,1605024000000,,,,,0,0.0,0.0,0,,1
20201112,1605110400000,,,,,0,0.0,0.0,0,,1
20201113,1605196800000,,,,,0,0.0,0.0,0,,1
20201116,1605456000000,,,,,0,0.0,0.0,0,,1
20201117,1605542400000,,,,,0,0.0,0.0,0,,1
20201118,1605628800000,,,,,0,0.0,0.0,0,,1
20201119,1605715200000,,,,,0,0.0,0.0,0,,1
20201120,1605801600000,,,,,0,0.0,0.0,0,,1
20201123,1606060800000,,,,,0,0.0,0.0,0,,1
20201124,1606147200000,,,,,0,0.0,0.0,0,,1
20201125,1606233600000,,,,,0,0.0,0.0,0,,1
20201126,1606320000000,,,,,0,0.0,0.0,0,,1
20201127,1606406400000,,,,,0,0.0,0.0,0,,1
20201130,1606665600000,,,,,0,0.0,0.0,0,,1
20201201,1606752000000,,,,,0,0.0,0.0,0,,1
20201202,1606838400000,,,,,0,0.0,0.0,0,,1
20201203,1606924800000,,,,,0,0.0,0.0,0,,1
20201204,1607011200000,,,,,0,0.0,0.0,0,,1
20201207,1607270400000,,,,,0,0.0,0.0,0,,1
20201208,1607356800000,,,,,0,0.0,0.0,0,,1
20201209,1607443200000,,,,,0,0.0,0.0,0,,1
20201210,1607529600000,,,,,0,0.0,0.0,0,,1
20201211,1607616000000,,,,,0,0.0,0.0,0,,1
20201214,1607875200000,,,,,0,0.0,0.0,0,,1
20201215,1607961600000,,,,,0,0.0,0.0,0,,1
20201216,1608048000000,,,,,0,0.0,0.0,0,,1
20201217,1608134400000,,,,,0,0.0,0.0,0,,1
20201218,1608220800000,,,,,0,0.0,0.0,0,,1
20201221,1608480000000,,,,,0,0.0,0.0,0,,1
20201222,1608566400000,,,,,0,0.0,0.0,0,,1
20201223,1608652800000,,,,,0,0.0,0.0,0,,1
20201224,1608739200000,,,,,0,0.0,0.0,0,,1
20201225,1608825600000,,,,,0,0.0,0.0,0,,1
20201228,1609084800000,,,,,0,0.0,0.0,0,,1
20201229,1609171200000,,,,,0,0.0,0.0,0,,1
20201230,1609257600000,,,,,0,0.0,0.0,0,,1
20201231,1609344000000,,,,,0,0.0,0.0,0,,1
20210104,1609689600000,,,,,0,0.0,0.0,0,,1
20210105,1609776000000,,,,,0,0.0,0.0,0,,1
20210106,1609862400000,,,,,0,0.0,0.0,0,,1
20210107,1609948800000,,,,,0,0.0,0.0,0,,1
20210108,1610035200000,,,,,0,0.0,0.0,0,,1
20210111,1610294400000,,,,,0,0.0,0.0,0,,1
20210112,1610380800000,,,,,0,0.0,0.0,0,,1
20210113,1610467200000,,,,,0,0.0,0.0,0,,1
20210114,1610553600000,,,,,0,0.0,0.0,0,,1
20210115,1610640000000,,,,,0,0.0,0.0,0,,1
20210118,1610899200000,,,,,0,0.0,0.0,0,,1
20210119,1610985600000,,,,,0,0.0,0.0,0,,1
20210120,1611072000000,,,,,0,0.0,0.0,0,,1
20210121,1611158400000,,,,,0,0.0,0.0,0,,1
20210122,1611244800000,,,,,0,0.0,0.0,0,,1
20210125,1611504000000,,,,,0,0.0,0.0,0,,1
20210126,1611590400000,,,,,0,0.0,0.0,0,,1
20210127,1611676800000,,,,,0,0.0,0.0,0,,1
20210128,1611763200000,,,,,0,0.0,0.0,0,,1
20210129,1611849600000,,,,,0,0.0,0.0,0,,1
20210201,1612108800000,,,,,0,0.0,0.0,0,,1
20210202,1612195200000,,,,,0,0.0,0.0,0,,1
20210203,1612281600000,,,,,0,0.0,0.0,0,,1
20210204,1612368000000,,,,,0,0.0,0.0,0,,1
20210205,1612454400000,,,,,0,0.0,0.0,0,,1
20210208,1612713600000,,,,,0,0.0,0.0,0,,1
20210209,1612800000000,,,,,0,0.0,0.0,0,,1
20210210,1612886400000,,,,,0,0.0,0.0,0,,1
20210218,1613577600000,,,,,0,0.0,0.0,0,,1
20210219,1613664000000,,,,,0,0.0,0.0,0,,1
20210222,1613923200000,,,,,0,0.0,0.0,0,,1
20210223,1614009600000,,,,,0,0.0,0.0,0,,1
20210224,1614096000000,,,,,0,0.0,0.0,0,,1
20210225,1614182400000,,,,,0,0.0,0.0,0,,1
20210226,1614268800000,,,,,0,0.0,0.0,0,,1
20210301,1614528000000,,,,,0,0.0,0.0,0,,1
20210302,1614614400000,,,,,0,0.0,0.0,0,,1
20210303,1614700800000,,,,,0,0.0,0.0,0,,1
20210304,1614787200000,,,,,0,0.0,0.0,0,,1
20210305,1614873600000,,,,,0,0.0,0.0,0,,1
20210308,1615132800000,,,,,0,0.0,0.0,0,,1
20210309,1615219200000,,,,,0,0.0,0.0,0,,1
20210310,1615305600000,,,,,0,0.0,0.0,0,,1
20210311,1615392000000,,,,,0,0.0,0.0,0,,1
20210312,1615478400000,,,,,0,0.0,0.0,0,,1
20210315,1615737600000,,,,,0,0.0,0.0,0,,1
20210316,1615824000000,,,,,0,0.0,0.0,0,,1
20210317,1615910400000,,,,,0,0.0,0.0,0,,1
20210318,1615996800000,,,,,0,0.0,0.0,0,,1
20210319,1616083200000,,,,,0,0.0,0.0,0,,1
20210322,1616342400000,,,,,0,0.0,0.0,0,,1
20210323,1616428800000,,,,,0,0.0,0.0,0,,1
20210324,1616515200000,,,,,0,0.0,0.0,0,,1
20210325,1616601600000,,,,,0,0.0,0.0,0,,1
20210326,1616688000000,,,,,0,0.0,0.0,0,,1
20210329,1616947200000,,,,,0,0.0,0.0,0,,1
20210330,1617033600000,,,,,0,0.0,0.0,0,,1
20210331,1617120000000,,,,,0,0.0,0.0,0,,1
20210401,1617206400000,,,,,0,0.0,0.0,0,,1
20210402,1617292800000,,,,,0,0.0,0.0,0,,1
20210406,1617638400000,,,,,0,0.0,0.0,0,,1
20210407,1617724800000,,,,,0,0.0,0.0,0,,1
20210408,1617811200000,,,,,0,0.0,0.0,0,,1
20210409,1617897600000,,,,,0,0.0,0.0,0,,1
20210412,1618156800000,,,,,0,0.0,0.0,0,,1
20210413,1618243200000,,,,,0,0.0,0.0,0,,1
20210414,1618329600000,,,,,0,0.0,0.0,0,,1
20210415,1618416000000,,,,,0,0.0,0.0,0,,1
20210416,1618502400000,,,,,0,0.0,0.0,0,,1
20210419,1618761600000,,,,,0,0.0,0.0,0,,1
20210420,1618848000000,,,,,0,0.0,0.0,0,,1
20210421,1618934400000,,,,,0,0.0,0.0,0,,1
20210422,1619020800000,,,,,0,0.0,0.0,0,,1
20210423,1619107200000,,,,,0,0.0,0.0,0,,1
20210426,1619366400000,,,,,0,0.0,0.0,0,,1
20210427,1619452800000,,,,,0,0.0,0.0,0,,1
20210428,1619539200000,,,,,0,0.0,0.0,0,,1
20210429,1619625600000,,,,,0,0.0,0.0,0,,1
20210430,1619712000000,,,,,0,0.0,0.0,0,,1
20210506,1620230400000,,,,,0,0.0,0.0,0,,1
20210507,1620316800000,,,,,0,0.0,0.0,0,,1
20210510,1620576000000,,,,,0,0.0,0.0,0,,1
20210511,1620662400000,,,,,0,0.0,0.0,0,,1
20210512,1620748800000,,,,,0,0.0,0.0,0,,1
20210513,1620835200000,,,,,0,0.0,0.0,0,,1
20210514,1620921600000,,,,,0,0.0,0.0,0,,1
20210517,1621180800000,,,,,0,0.0,0.0,0,,1
20210518,1621267200000,,,,,0,0.0,0.0,0,,1
20210519,1621353600000,,,,,0,0.0,0.0,0,,1
20210520,1621440000000,,,,,0,0.0,0.0,0,,1
20210521,1621526400000,,,,,0,0.0,0.0,0,,1
20210524,1621785600000,,,,,0,0.0,0.0,0,,1
20210525,1621872000000,,,,,0,0.0,0.0,0,,1
20210526,1621958400000,,,,,0,0.0,0.0,0,,1
20210527,1622044800000,,,,,0,0.0,0.0,0,,1
20210528,1622131200000,,,,,0,0.0,0.0,0,,1
20210531,1622390400000,,,,,0,0.0,0.0,0,,1
20210601,1622476800000,,,,,0,0.0,0.0,0,,1
20210602,1622563200000,,,,,0,0.0,0.0,0,,1
20210603,1622649600000,,,,,0,0.0,0.0,0,,1
20210604,1622736000000,,,,,0,0.0,0.0,0,,1
20210607,1622995200000,,,,,0,0.0,0.0,0,,1
20210608,1623081600000,,,,,0,0.0,0.0,0,,1
20210609,1623168000000,,,,,0,0.0,0.0,0,,1
20210610,1623254400000,,,,,0,0.0,0.0,0,,1
20210611,1623340800000,,,,,0,0.0,0.0,0,,1
20210615,1623686400000,,,,,0,0.0,0.0,0,,1
20210616,1623772800000,,,,,0,0.0,0.0,0,,1
20210617,1623859200000,,,,,0,0.0,0.0,0,,1
20210618,1623945600000,,,,,0,0.0,0.0,0,,1
20210621,1624204800000,,,,,0,0.0,0.0,0,,1
20210622,1624291200000,,,,,0,0.0,0.0,0,,1
20210623,1624377600000,,,,,0,0.0,0.0,0,,1
20210624,1624464000000,,,,,0,0.0,0.0,0,,1
20210625,1624550400000,,,,,0,0.0,0.0,0,,1
20210628,1624809600000,,,,,0,0.0,0.0,0,,1
20210629,1624896000000,,,,,0,0.0,0.0,0,,1
20210630,1624982400000,,,,,0,0.0,0.0,0,,1
20210701,1625068800000,,,,,0,0.0,0.0,0,,1
20210702,1625155200000,,,,,0,0.0,0.0,0,,1
20210705,1625414400000,,,,,0,0.0,0.0,0,,1
20210706,1625500800000,,,,,0,0.0,0.0,0,,1
20210707,1625587200000,,,,,0,0.0,0.0,0,,1
20210708,1625673600000,,,,,0,0.0,0.0,0,,1
20210709,1625760000000,,,,,0,0.0,0.0,0,,1
20210712,1626019200000,,,,,0,0.0,0.0,0,,1
20210713,1626105600000,,,,,0,0.0,0.0,0,,1
20210714,1626192000000,,,,,0,0.0,0.0,0,,1
20210715,1626278400000,,,,,0,0.0,0.0,0,,1
20210716,1626364800000,,,,,0,0.0,0.0,0,,1
20210719,1626624000000,,,,,0,0.0,0.0,0,,1
20210720,1626710400000,,,,,0,0.0,0.0,0,,1
20210721,1626796800000,,,,,0,0.0,0.0,0,,1
20210722,1626883200000,,,,,0,0.0,0.0,0,,1
20210723,1626969600000,,,,,0,0.0,0.0,0,,1
20210726,1627228800000,,,,,0,0.0,0.0,0,,1
20210727,1627315200000,,,,,0,0.0,0.0,0,,1
20210728,1627401600000,,,,,0,0.0,0.0,0,,1
20210729,1627488000000,,,,,0,0.0,0.0,0,,1
20210730,1627574400000,,,,,0,0.0,0.0,0,,1
20210802,1627833600000,,,,,0,0.0,0.0,0,,1
20210803,1627920000000,,,,,0,0.0,0.0,0,,1
20210804,1628006400000,,,,,0,0.0,0.0,0,,1
20210805,1628092800000,,,,,0,0.0,0.0,0,,1
20210806,1628179200000,,,,,0,0.0,0.0,0,,1
20210809,1628438400000,,,,,0,0.0,0.0,0,,1
20210810,1628524800000,,,,,0,0.0,0.0,0,,1
20210811,1628611200000,,,,,0,0.0,0.0,0,,1
20210812,1628697600000,,,,,0,0.0,0.0,0,,1
20210813,1628784000000,,,,,0,0.0,0.0,0,,1
20210816,1629043200000,,,,,0,0.0,0.0,0,,1
20210817,1629129600000,,,,,0,0.0,0.0,0,,1
20210818,1629216000000,,,,,0,0.0,0.0,0,,1
20210819,1629302400000,,,,,0,0.0,0.0,0,,1
20210820,1629388800000,,,,,0,0.0,0.0,0,,1
20210823,1629648000000,,,,,0,0.0,0.0,0,,1
20210824,1629734400000,,,,,0,0.0,0.0,0,,1
20210825,1629820800000,,,,,0,0.0,0.0,0,,1
20210826,1629907200000,,,,,0,0.0,0.0,0,,1
20210827,1629993600000,,,,,0,0.0,0.0,0,,1
20210830,1630252800000,,,,,0,0.0,0.0,0,,1
20210831,1630339200000,,,,,0,0.0,0.0,0,,1
20210901,1630425600000,,,,,0,0.0,0.0,0,,1
20210902,1630512000000,,,,,0,0.0,0.0,0,,1
20210903,1630598400000,,,,,0,0.0,0.0,0,,1
20210906,1630857600000,,,,,0,0.0,0.0,0,,1
20210907,1630944000000,,,,,0,0.0,0.0,0,,1
20210908,1631030400000,,,,,0,0.0,0.0,0,,1
20210909,1631116800000,,,,,0,0.0,0.0,0,,1
20210910,1631203200000,,,,,0,0.0,0.0,0,,1
20210913,1631462400000,,,,,0,0.0,0.0,0,,1
20210914,1631548800000,,,,,0,0.0,0.0,0,,1
20210915,1631635200000,,,,,0,0.0,0.0,0,,1
20210916,1631721600000,,,,,0,0.0,0.0,0,,1
20210917,1631808000000,,,,,0,0.0,0.0,0,,1
20210922,1632240000000,,,,,0,0.0,0.0,0,,1
20210923,1632326400000,,,,,0,0.0,0.0,0,,1
20210924,1632412800000,,,,,0,0.0,0.0,0,,1
20210927,1632672000000,,,,,0,0.0,0.0,0,,1
20210928,1632758400000,,,,,0,0.0,0.0,0,,1
20210929,1632844800000,,,,,0,0.0,0.0,0,,1
20210930,1632931200000,,,,,0,0.0,0.0,0,,1
20211008,1633622400000,,,,,0,0.0,0.0,0,,1
20211011,1633881600000,,,,,0,0.0,0.0,0,,1
20211012,1633968000000,,,,,0,0.0,0.0,0,,1
20211013,1634054400000,,,,,0,0.0,0.0,0,,1
20211014,1634140800000,,,,,0,0.0,0.0,0,,1
20211015,1634227200000,,,,,0,0.0,0.0,0,,1
20211018,1634486400000,,,,,0,0.0,0.0,0,,1
20211019,1634572800000,,,,,0,0.0,0.0,0,,1
20211020,1634659200000,,,,,0,0.0,0.0,0,,1
20211021,1634745600000,,,,,0,0.0,0.0,0,,1
20211022,1634832000000,,,,,0,0.0,0.0,0,,1
20211025,1635091200000,,,,,0,0.0,0.0,0,,1
20211026,1635177600000,,,,,0,0.0,0.0,0,,1
20211027,1635264000000,57.00000000000001,57.800000000000004,52.980000000000004,53.550000000000004,100359,547515495.0,0.0,15,62.300000000000004,0
20211028,1635350400000,53.550000000000004,53.550000000000004,49.84,49.85,52208,265729623.00000003,0.0,15,53.550000000000004,0
20211029,1635436800000,50.39,51.04,49.6,49.870000000000005,27743,139305522.0,0.0,15,49.85,0
20211101,1635696000000,49.5,51.35,48.88,50.77,26778,134093957.00000001,0.0,15,49.870000000000005,0
20211102,1635782400000,50.89,51.290000000000006,49.230000000000004,49.28,22301,111820084.0,0.0,15,50.77,0
20211103,1635868800000,49.85,59.14,49.7,59.14,83812,461060342.0,0.0,15,49.28,0
20211104,1635955200000,61.900000000000006,62.5,59.2,60.93,55967,340159271.0,0.0,15,59.14,0
20211105,1636041600000,60.6,63.330000000000005,59.59,60.900000000000006,48132,297167614.0,0.0,15,60.93000000000001,0
20211108,1636300800000,61.0,61.7,59.0,61.08,25543,154099297.00000003,0.0,15,60.9,0
20211109,1636387200000,61.940000000000005,62.50000000000001,58.800000000000004,58.800000000000004,21630,130033171.0,0.0,15,61.080000000000005,0
20211110,1636473600000,58.89,59.2,56.660000000000004,57.730000000000004,24544,141116296.0,0.0,15,58.800000000000004,0
20211111,1636560000000,58.5,61.63,58.43,60.4,25691,155015474.00000003,0.0,15,57.73,0
20211112,1636646400000,60.06,61.480000000000004,58.730000000000004,60.39,20694,124267343.0,0.0,15,60.400000000000006,0
20211115,1636905600000,60.22,63.8,60.22,62.769999999999996,31927,198058296.0,0.0,15,60.39,0
20211116,1636992000000,62.0,62.81,59.31,61.400000000000006,30524,186600633.00000003,0.0,15,62.77,0
20211117,1637078400000,61.21,62.79,61.07,62.14,12269,75747048.0,0.0,15,61.4,0
20211118,1637164800000,62.88,64.38000000000001,58.800000000000004,58.800000000000004,19864,122005700.0,0.0,15,62.14,0
20211119,1637251200000,59.59,61.3,59.39,60.5,13216,80140774.0,0.0,15,58.8,0
20211122,1637510400000,61.15,62.4,60.29,61.08,13872,85200339.0,0.0,15,60.5,0
20211123,1637596800000,60.540000000000006,62.00000000000001,59.800000000000004,61.17,11222,68574077.0,0.0,15,61.080000000000005,0
20211124,1637683200000,61.14,61.52,59.95,60.21,8955,54107576.0,0.0,15,61.17,0
20211125,1637769600000,60.5,60.56,58.85,58.95,12527,74252070.0,0.0,15,60.21,0
20211126,1637856000000,59.1,59.17,58.08,58.72,7710,45204971.0,0.0,15,58.949999999999996,0
20211129,1638115200000,58.019999999999996,59.25,57.76,59.129999999999995,10754,63106010.0,0.0,15,58.72,0
20211130,1638201600000,59.300000000000004,59.75,58.52,58.81,7900,46698405.0,0.0,15,59.13,0
20211201,1638288000000,58.67,59.29,57.88,58.14,6784,39605596.0,0.0,15,58.81,0
20211202,1638374400000,57.92,58.04,54.4,55.17,20767,116206636.00000001,0.0,15,58.14,0
20211203,1638460800000,55.0,56.18,54.64,56.17,10330,57186235.99999999,0.0,15,55.17,0
20211206,1638720000000,56.1,61.480000000000004,56.1,58.03,28809,171444550.00000003,0.0,15,56.17,0
20211207,1638806400000,58.480000000000004,59.77,55.85,57.15,15888,91344052.0,0.0,15,58.03,0
20211208,1638892800000,57.6,60.55,56.0,59.41,12927,76652574.00000001,0.0,15,57.15,0
20211209,1638979200000,60.17,60.480000000000004,58.35,58.980000000000004,9567,56484447.0,0.0,15,59.410000000000004,0
20211210,1639065600000,59.2,62.2,58.85,61.050000000000004,15734,95488595.0,0.0,15,58.980000000000004,0
20211213,1639324800000,60.27,61.400000000000006,59.980000000000004,60.42,7537,45541241.0,0.0,15,61.050000000000004,0
20211214,1639411200000,60.620000000000005,61.5,59.13,60.39,7610,45876635.0,0.0,15,60.42,0
20211215,1639497600000,60.5,61.0,59.88,60.39,3838,23164245.0,0.0,15,60.39,0
20211216,1639584000000,61.480000000000004,61.480000000000004,58.57,59.6,10512,62422450.0,0.0,15,60.39,0
20211217,1639670400000,59.11,59.74,57.85,57.910000000000004,6979,40802335.00000001,0.0,15,59.6,0
20211220,1639929600000,58.01,58.78,57.28,57.88,4759,27627549.000000004,0.0,15,57.910000000000004,0
20211221,1640016000000,58.27,59.400000000000006,57.800000000000004,58.440000000000005,3626,21273362.0,0.0,15,57.88,0
20211222,1640102400000,58.6,61.36000000000001,58.050000000000004,60.88,13479,81280714.99999999,0.0,15,58.440000000000005,0
20211223,1640188800000,60.400000000000006,60.57,59.2,59.85,4218,25248884.0,0.0,15,60.88,0
20211224,1640275200000,59.2,61.29,58.5,59.85,7751,46722120.0,0.0,15,59.85,0
20211227,1640534400000,61.55,62.28,59.26,60.199999999999996,5497,33111808.999999996,0.0,15,59.85,0
20211228,1640620800000,60.37,64.8,60.0,64.66,21568,136117782.0,0.0,15,60.2,0
20211229,1640707200000,64.24,65.48,63.6,64.8,10650,68907605.0,0.0,15,64.66,0
20211230,1640793600000,65.8,66.48,64.3,65.28,7128,46524777.0,0.0,15,64.8,0
20211231,1640880000000,66.0,67.03,64.02,66.2,11452,75313448.0,0.0,15,65.28,0
20220104,1641225600000,66.0,66.0,62.68,64.4,9438,60507203.0,0.0,15,66.2,0
20220105,1641312000000,64.4,66.63,62.71,65.5,12517,81233941.0,0.0,15,64.4,0
20220106,1641398400000,65.3,70.65,63.88,70.4,13820,94436284.00000001,0.0,15,65.5,0
20220107,1641484800000,68.7,73.21000000000001,68.39,69.59,13914,99211996.0,0.0,15,70.4,0
20220110,1641744000000,68.5,72.0,67.89,71.86,14124,99173773.00000001,0.0,15,69.59,0
20220111,1641830400000,71.30000000000001,71.30000000000001,66.18,67.30000000000001,12853,87158627.00000001,0.0,15,71.86000000000001,0
20220112,1641916800000,67.5,68.25,65.5,66.9,7530,50322122.0,0.0,15,67.3,0
20220113,1642003200000,66.9,66.9,65.06,65.11,5120,33563161.0,0.0,15,66.9,0
20220114,1642089600000,65.50999999999999,67.36,64.3,66.7,6352,41897178.00000001,0.0,15,65.11,0
20220117,1642348800000,66.5,66.7,65.52,66.28,3748,24720099.0,0.0,15,66.7,0
20220118,1642435200000,66.28,66.64,63.800000000000004,64.5,4436,28826131.0,0.0,15,66.28,0
20220119,1642521600000,63.68000000000001,65.5,63.190000000000005,65.01,3804,24555723.0,0.0,15,64.5,0
20220120,1642608000000,65.46,67.72,64.8,65.3,5243,34768272.0,0.0,15,65.00999999999999,0
20220121,1642694400000,64.11,65.61,62.370000000000005,63.53,4303,27503527.0,0.0,15,65.30000000000001,0
20220124,1642953600000,63.48,64.76,62.0,63.5,4951,31428713.0,0.0,15,63.53,0
20220125,1643040000000,63.36,63.72,59.5,59.5,5141,31646964.0,0.0,15,63.5,0
20220126,1643126400000,60.0,60.699999999999996,58.26,60.599999999999994,3032,18072590.0,0.0,15,59.5,0
20220127,1643212800000,60.72,61.14,59.14,59.53,1971,11908497.0,0.0,15,60.6,0
20220128,1643299200000,60.88,60.88,58.02,59.6,2201,13138866.000000002,0.0,15,59.53,0
20220207,1644163200000,60.87,61.480000000000004,59.71,60.86,1327,8088485.0,0.0,15,59.6,0
20220208,1644249600000,59.480000000000004,61.300000000000004,59.28,60.82,1847,11169291.999999998,0.0,15,60.86,0
20220209,1644336000000,61.260000000000005,61.81,60.02,61.68000000000001,1591,9713047.0,0.0,15,60.82,0
20220210,1644422400000,61.900000000000006,61.900000000000006,60.84,60.96,1505,9219069.0,0.0,15,61.68000000000001,0
20220211,1644508800000,60.53,61.50000000000001,56.550000000000004,58.6,3566,21042607.000000004,0.0,15,60.96000000000001,0
20220214,1644768000000,57.06,58.88,56.660000000000004,57.470000000000006,3005,17195761.000000004,0.0,15,58.6,0
20220215,1644854400000,56.56,58.370000000000005,56.56,57.7,2341,13496740.0,0.0,15,57.47,0
20220216,1644940800000,58.0,59.94,57.5,57.88,2636,15379142.999999998,0.0,15,57.7,0
20220217,1645027200000,57.88,58.46,56.81,56.830000000000005,2660,15296105.000000002,0.0,15,57.88,0
20220218,1645113600000,57.18,58.2,55.24,57.300000000000004,3753,21248410.0,0.0,15,56.830000000000005,0
20220221,1645372800000,57.0,57.26,54.86,55.55,5903,32698686.000000004,0.0,15,57.3,0
20220222,1645459200000,54.620000000000005,54.68,51.6,52.5,7864,41190582.0,0.0,15,55.550000000000004,0
20220223,1645545600000,52.48,53.94,51.83,53.87,3751,19998290.999999996,0.0,15,52.5,0
20220224,1645632000000,53.400000000000006,54.410000000000004,52.52,53.5,3239,17319091.0,0.0,15,53.870000000000005,0
20220225,1645718400000,54.38,55.46,53.0,54.8,4725,25824725.0,0.0,15,53.5,0
20220228,1645977600000,54.65,55.3,52.82,53.89,5804,31046275.0,0.0,15,54.8,0
20220301,1646064000000,53.8,54.519999999999996,52.83,53.9,2842,15229590.000000002,0.0,15,53.89,0
20220302,1646150400000,53.2,54.330000000000005,53.2,53.900000000000006,2630,14169623.000000002,0.0,15,53.900000000000006,0
20220303,1646236800000,53.51,54.87,50.43,51.33,9959,51377508.0,0.0,15,53.9,0
20220304,1646323200000,51.2,51.800000000000004,49.660000000000004,50.400000000000006,7027,35391225.99999999,0.0,15,51.330000000000005,0
20220307,1646582400000,49.61,50.25,48.2,48.99,4216,20583134.000000004,0.0,15,50.400000000000006,0
20220308,1646668800000,48.900000000000006,49.2,46.52,47.74,5104,24299475.0,0.0,15,48.99,0
20220309,1646755200000,47.64,48.160000000000004,45.21,47.29,6082,28334687.0,0.0,15,47.74,0
20220310,1646841600000,47.8,48.04,46.19,46.79,4746,22332108.0,0.0,15,47.29,0
20220311,1646928000000,46.15,46.160000000000004,44.74,46.15,4895,22252533.000000004,0.0,15,46.79,0
20220314,1647187200000,46.150000000000006,46.150000000000006,44.88,45.6,3141,14273159.0,0.0,15,46.150000000000006,0
20220315,1647273600000,45.79,45.79,43.0,43.5,3793,16633180.0,0.0,15,45.6,0
20220316,1647360000000,43.690000000000005,43.74,40.2,43.27,10606,44551008.00000001,0.0,15,43.5,0
20220317,1647446400000,43.660000000000004,44.400000000000006,42.480000000000004,43.00000000000001,7810,34005575.0,0.0,15,43.27,0
20220318,1647532800000,43.0,43.220000000000006,41.2,42.39,13068,54848398.0,0.0,15,43.0,0
20220321,1647792000000,42.39,43.190000000000005,41.92,42.65,6395,27196786.000000004,0.0,15,42.39,0
20220322,1647878400000,42.7,42.7,41.38,41.970000000000006,6641,27818955.0,0.0,15,42.650000000000006,0
20220323,1647964800000,42.06,42.690000000000005,41.63,42.17,3983,16825932.0,0.0,15,41.970000000000006,0
20220324,1648051200000,41.88,41.88,40.300000000000004,41.2,5705,23306696.0,0.0,15,42.17,0
20220325,1648137600000,41.300000000000004,41.9,40.6,41.0,3539,14535462.0,0.0,15,41.2,0
20220328,1648396800000,41.0,41.01,39.43,40.7,3461,13883992.0,0.0,15,41.0,0
20220329,1648483200000,40.5,40.6,39.0,39.0,4144,16404978.0,0.0,15,40.7,0
20220330,1648569600000,39.35,39.78,39.09,39.580000000000005,4965,19601861.0,0.0,15,39.0,0
20220331,1648656000000,39.7,39.86,39.03,39.24,3931,15484105.0,0.0,15,39.58,0
20220401,1648742400000,38.93000000000001,39.39,38.480000000000004,39.14,3458,13439489.0,0.0,15,39.24,0
20220406,1649174400000,39.09,39.54,38.81,39.0,3120,12204005.999999998,0.0,15,39.14,0
20220407,1649260800000,39.0,39.04,37.4,37.4,5298,20144780.0,0.0,15,39.0,0
20220408,1649347200000,37.83,37.83,36.5,36.7,4119,15225278.999999998,0.0,15,37.4,0
20220411,1649606400000,36.52,36.660000000000004,35.46,35.69,3925,14099369.0,0.0,15,36.7,0
20220412,1649692800000,35.470000000000006,36.160000000000004,34.84,35.980000000000004,4084,14532492.000000002,0.0,15,35.690000000000005,0
20220413,1649779200000,35.79,35.79,34.5,34.6,4595,16104377.000000002,0.0,15,35.98,0
20220414,1649865600000,34.9,35.48,34.65,35.199999999999996,5338,18783119.000000004,0.0,15,34.6,0
20220415,1649952000000,35.0,35.0,33.9,34.18,3765,12869941.0,0.0,15,35.199999999999996,0
20220418,1650211200000,34.25,35.37,33.4,35.33,3855,13390555.0,0.0,15,34.18,0
20220419,1650297600000,35.33,36.26,35.14,35.64,3169,11347946.0,0.0,15,35.33,0
20220420,1650384000000,35.51,36.699999999999996,35.51,35.699999999999996,4364,15742196.0,0.0,15,35.64,0
20220421,1650470400000,35.7,36.19,35.0,35.05,5729,20418514.0,0.0,15,35.7,0
20220422,1650556800000,35.019999999999996,35.25,33.61,33.73,5067,17456798.0,0.0,15,35.05,0
20220425,1650816000000,34.35,34.35,32.6,32.6,6295,21188788.000000004,0.0,15,33.730000000000004,0
20220426,1650902400000,32.59,32.620000000000005,30.1,30.37,5431,17092548.0,0.0,15,32.6,0
20220427,1650988800000,29.73,31.5,29.0,31.41,8191,24703886.0,0.0,15,30.37,0
20220428,1651075200000,30.95,31.4,30.0,31.0,4621,14195150.0,0.0,15,31.41,0
20220429,1651161600000,31.38,34.38,31.25,33.04,9721,32078415.000000004,0.0,15,31.0,0
20220505,1651680000000,33.06,34.6,33.06,34.050000000000004,5560,18866601.0,0.0,15,33.04,0
20220506,1651766400000,33.87,35.1,33.4,35.1,4378,15012662.0,0.0,15,34.05,0
20220509,1652025600000,35.0,36.449999999999996,34.51,35.55,4322,15389123.999999998,0.0,15,35.1,0
20220510,1652112000000,35.25,36.15,34.64,35.89,3959,14109633.0,0.0,15,35.55,0
20220511,1652198400000,35.88,38.160000000000004,35.88,37.25,7225,26921245.0,0.0,15,35.89,0
20220512,1652284800000,37.03,37.8,36.36,36.96,3788,14031610.0,0.0,15,37.25,0
20220513,1652371200000,36.99,37.370000000000005,36.63,36.900000000000006,2231,8240460.0,0.0,15,36.96,0
20220516,1652630400000,37.13,37.68,36.38,36.38,3099,11439362.000000002,0.0,15,36.900000000000006,0
20220517,1652716800000,36.75,36.800000000000004,35.85,36.440000000000005,3839,13964151.0,0.0,15,36.38,0
20220518,1652803200000,36.589999999999996,37.87,36.01,37.699999999999996,4426,16528228.0,0.0,15,36.44,0
20220519,1652889600000,37.480000000000004,37.980000000000004,37.06,37.980000000000004,3063,11503023.0,0.0,15,37.7,0
20220520,1652976000000,38.050000000000004,38.290000000000006,37.800000000000004,37.93000000000001,3377,12825790.0,0.0,15,37.980000000000004,0
20220523,1653235200000,38.1,38.8,37.75,37.98,5791,22052315.0,0.0,15,37.93,0
20220524,1653321600000,38.080000000000005,38.150000000000006,36.230000000000004,36.45,6916,25717507.999999996,0.0,15,37.980000000000004,0
20220525,1653408000000,36.5,36.69,35.65,36.01,3721,13409594.0,0.0,15,36.449999999999996,0
20220526,1653494400000,35.89,36.88,34.81,36.1,4860,17493777.000000004,0.0,15,36.010000000000005,0
20220527,1653580800000,36.11,36.650000000000006,35.63,36.0,3844,13872095.999999998,0.0,15,36.1,0
20220530,1653840000000,35.88,36.480000000000004,35.13,36.400000000000006,2841,10178095.0,0.0,15,36.0,0
20220531,1653926400000,36.4,38.339999999999996,35.54,38.129999999999995,7805,29290695.0,0.0,15,36.4,0
20220601,1654012800000,38.040000000000006,39.470000000000006,37.77,38.85,5646,21958671.0,0.0,15,38.13,0
20220602,1654099200000,38.85,42.050000000000004,38.660000000000004,41.800000000000004,11467,46630607.0,0.0,15,38.85,0
20220606,1654444800000,41.940000000000005,45.43,41.81,44.980000000000004,26622,115784165.0,0.0,15,41.800000000000004,0
20220607,1654531200000,44.32,45.09,43.43,43.75,11826,52217754.0,0.0,15,44.98,0
20220608,1654617600000,44.199999999999996,44.65,41.69,41.96,11092,47503414.0,0.0,15,43.75,0
20220609,1654704000000,41.96,41.96,39.95,40.050000000000004,6272,25534778.0,0.0,15,41.96,0
20220610,1654790400000,40.050000000000004,41.18,40.02,40.49,6682,27010567.0,0.0,15,40.050000000000004,0
20220613,1655049600000,39.699999999999996,40.41,39.58,39.839999999999996,4516,18009998.0,0.0,15,40.489999999999995,0
20220614,1655136000000,39.51,40.76,38.47,40.69,11101,43888801.0,0.0,15,39.839999999999996,0
20220615,1655222400000,40.31,40.6,39.0,39.41,6059,24033920.0,0.0,15,40.19,0
20220616,1655308800000,39.300000000000004,41.18000000000001,39.050000000000004,40.78,9703,39286777.0,0.0,15,39.410000000000004,0
20220617,1655395200000,40.46,40.78,39.550000000000004,40.6,5347,21508762.0,0.0,15,40.78,0
20220620,1655654400000,40.68,41.519999999999996,40.12,40.57,6439,26352805.0,0.0,15,40.599999999999994,0
20220621,1655740800000,40.88,40.900000000000006,39.480000000000004,39.980000000000004,5836,23328402.0,0.0,15,40.57000000000001,0
20220622,1655827200000,39.58,40.38,38.92,38.92,4685,18570832.000000004,0.0,15,39.980000000000004,0
20220623,1655913600000,38.73,40.18,38.5,40.0,4359,17241946.0,0.0,15,38.92,0
20220624,1656000000000,39.82,41.6,39.82,41.4,6914,28328879.0,0.0,15,40.0,0
20220627,1656259200000,41.4,41.58,40.76,41.18,3716,15242813.000000002,0.0,15,41.4,0
20220628,1656345600000,41.19,41.41,40.18,41.35,3460,14151001.0,0.0,15,41.18,0
20220629,1656432000000,41.01,41.22,39.83,39.83,3368,13669304.0,0.0,15,41.35,0
20220630,1656518400000,39.830000000000005,40.31,39.34,39.620000000000005,5065,20125136.0,0.0,15,39.830000000000005,0
20220701,1656604800000,39.66,39.87,38.29,38.29,5128,19930434.0,0.0,15,39.62,0
20220704,1656864000000,38.25,38.88,37.88,38.690000000000005,2700,10380000.0,0.0,15,38.29,0
20220705,1656950400000,38.150000000000006,38.96,36.24,36.57,7262,26951067.0,0.0,15,38.690000000000005,0
20220706,1657036800000,36.7,37.010000000000005,36.17,36.64,3022,11040227.0,0.0,15,36.57,0
20220707,1657123200000,36.71,36.95,36.660000000000004,36.75000000000001,1940,7142793.000000001,0.0,15,36.64,0
20220708,1657209600000,37.17,37.85,36.89,37.18,2787,10434456.0,0.0,15,36.75,0
20220711,1657468800000,37.010000000000005,38.150000000000006,36.27,36.5,2291,8417999.0,0.0,15,37.18,0
20220712,1657555200000,36.370000000000005,36.67,35.35,35.480000000000004,2639,9466185.0,0.0,15,36.5,0
20220713,1657641600000,35.5,35.85,35.01,35.65,3139,11117566.0,0.0,15,35.48,0
20220714,1657728000000,35.660000000000004,37.150000000000006,35.660000000000004,36.75000000000001,2854,10449074.999999998,0.0,15,35.650000000000006,0
20220715,1657814400000,37.00000000000001,37.14000000000001,36.300000000000004,36.36000000000001,2157,7928691.000000001,0.0,15,36.75000000000001,0
20220718,1658073600000,36.330000000000005,37.02,36.2,36.940000000000005,1483,5449227.0,0.0,15,36.36,0
20220719,1658160000000,37.05,37.73,37.04,37.46,2083,7783774.0,0.0,15,36.94,0
20220720,1658246400000,37.5,38.18,37.26,38.14,3026,11468512.0,0.0,15,37.46,0
20220721,1658332800000,38.08,39.44,37.69,38.989999999999995,4945,19216310.0,0.0,15,38.14,0
20220722,1658419200000,39.1,39.1,37.51,37.739999999999995,3685,14052379.0,0.0,15,38.989999999999995,0
20220725,1658678400000,37.650000000000006,38.17,37.230000000000004,37.260000000000005,2380,8955889.0,0.0,15,37.74,0
20220726,1658764800000,37.26,37.62,36.5,37.3,1748,6463287.0,0.0,15,37.26,0
20220727,1658851200000,37.0,38.35,37.0,38.35,2752,10442456.0,0.0,15,37.3,0
20220728,1658937600000,38.32000000000001,39.50000000000001,38.300000000000004,39.25000000000001,4621,18092806.0,0.0,15,38.35,0
20220729,1659024000000,39.620000000000005,40.410000000000004,39.2,39.88,6415,25547759.000000004,0.0,15,39.25,0
20220801,1659283200000,39.89,41.519999999999996,39.58,41.17,9151,37353127.0,0.0,15,39.879999999999995,0
20220802,1659369600000,40.87,40.87,38.5,38.97,10439,40972167.0,0.0,15,41.17,0
20220803,1659456000000,38.800000000000004,40.64000000000001,38.800000000000004,39.220000000000006,8873,35485444.00000001,0.0,15,38.970000000000006,0
20220804,1659542400000,39.8,39.8,38.39,38.910000000000004,6561,25564918.0,0.0,15,39.22,0
20220805,1659628800000,39.190000000000005,40.24,38.980000000000004,40.230000000000004,8247,32777424.0,0.0,15,38.910000000000004,0
20220808,1659888000000,40.0,40.79,39.78,40.77,5739,23161400.0,0.0,15,40.230000000000004,0
20220809,1659974400000,40.330000000000005,42.92,39.99,42.32,9554,39800113.0,0.0,15,40.77,0
20220810,1660060800000,42.5,43.18,41.6,41.910000000000004,8475,35558446.0,0.0,15,42.32,0
20220811,1660147200000,42.269999999999996,42.769999999999996,41.62,41.9,6935,29112594.000000004,0.0,15,41.91,0
20220812,1660233600000,41.86,41.99,40.53,40.660000000000004,8187,33736148.0,0.0,15,41.9,0
20220815,1660492800000,40.64,41.28,40.2,40.6,5381,21845777.0,0.0,15,40.660000000000004,0
20220816,1660579200000,40.28,41.69,40.28,40.9,5155,21143343.0,0.0,15,40.6,0
20220817,1660665600000,40.519999999999996,41.4,39.9,40.08,5340,21456596.999999996,0.0,15,40.9,0
20220818,1660752000000,39.93000000000001,41.260000000000005,39.800000000000004,40.89000000000001,5123,20822863.0,0.0,15,40.080000000000005,0
20220819,1660838400000,40.88,42.1,39.63,39.68,8643,35147640.00000001,0.0,15,40.89,0
20220822,1661097600000,39.9,39.99,38.42,38.49,9888,38508053.0,0.0,15,39.68,0
20220823,1661184000000,38.66,39.2,38.0,38.37,4653,17883812.0,0.0,15,38.49,0
20220824,1661270400000,38.370000000000005,38.42,36.1,36.18,7772,28754648.0,0.0,15,38.370000000000005,0
20220825,1661356800000,36.2,36.470000000000006,35.230000000000004,35.71,4647,16558980.999999998,0.0,15,36.18000000000001,0
20220826,1661443200000,35.62,36.21,35.21,35.25,3468,12390163.0,0.0,15,35.71,0
20220829,1661702400000,34.96,35.93,34.17,35.370000000000005,4211,14896483.0,0.0,15,35.25,0
20220830,1661788800000,35.37,37.39,35.37,36.23,8111,29574091.0,0.0,15,35.37,0
20220831,1661875200000,36.05,36.05,34.72,34.93,6471,22712573.000000004,0.0,15,36.23,0
20220901,1661961600000,34.84,35.1,33.89,34.160000000000004,7363,25330347.0,0.0,15,34.93,0
20220902,1662048000000,34.29,34.9,34.07,34.75,3095,10700215.0,0.0,15,34.160000000000004,0
20220905,1662307200000,34.75,35.59,34.2,35.1,4239,14897572.0,0.0,15,34.75,0
20220906,1662393600000,35.11,35.53,34.67,35.410000000000004,3506,12307244.000000002,0.0,15,35.1,0
20220907,1662480000000,35.400000000000006,36.14,34.910000000000004,35.67,4009,14334156.000000002,0.0,15,35.410000000000004,0
20220908,1662566400000,35.7,35.720000000000006,34.7,34.84,4614,16175278.0,0.0,15,35.67,0
20220909,1662652800000,34.68,35.08,34.68,34.98,2212,7719584.0,0.0,15,34.839999999999996,0
20220913,1662998400000,35.07000000000001,35.400000000000006,34.800000000000004,34.970000000000006,2178,7638188.0,0.0,15,34.980000000000004,0
20220914,1663084800000,34.620000000000005,34.96,34.02,34.68,2956,10209957.0,0.0,15,34.970000000000006,0
20220915,1663171200000,34.61,34.78,33.57,34.08,4588,15752733.0,0.0,15,34.68,0
20220916,1663257600000,34.08,34.37,33.0,33.19,3269,11026460.0,0.0,15,34.08,0
20220919,1663516800000,33.25,33.44,32.04,32.38,3526,11465331.999999998,0.0,15,33.19,0
20220920,1663603200000,32.85,33.35,32.33,33.22,3472,11439683.0,0.0,15,32.379999999999995,0
20220921,1663689600000,32.92,33.43,32.52,33.27,2394,7890548.000000001,0.0,15,33.220000000000006,0
20220922,1663776000000,33.1,33.660000000000004,33.1,33.15,1979,6609663.0,0.0,15,33.27,0
20220923,1663862400000,33.019999999999996,33.309999999999995,32.12,32.3,2575,8375401.0,0.0,15,33.15,0
20220926,1664121600000,32.15,32.22,31.18,31.32,2102,6646623.0,0.0,15,32.3,0
20220927,1664208000000,31.34,32.3,31.34,32.26,4519,14467877.0,0.0,15,31.32,0
20220928,1664294400000,32.400000000000006,32.480000000000004,31.220000000000002,31.26,2470,7851473.0,0.0,15,32.260000000000005,0
20220929,1664380800000,31.77,31.77,31.03,31.380000000000003,1713,5368832.0,0.0,15,31.26,0
20220930,1664467200000,31.250000000000004,31.62,30.650000000000002,31.000000000000004,1817,5648064.0,0.0,15,31.380000000000003,0
20221010,1665331200000,30.500000000000004,31.450000000000003,30.400000000000002,30.6,1500,4600581.0,0.0,15,31.000000000000004,0
20221011,1665417600000,30.59,31.18,30.25,30.93,1593,4900074.0,0.0,15,30.6,0
20221012,1665504000000,30.5,31.95,30.32,31.78,3306,10195138.0,0.0,15,30.93,0
20221013,1665590400000,31.74,32.47,31.2,31.97,2443,7823015.0,0.0,15,31.779999999999998,0
20221014,1665676800000,32.120000000000005,33.18,32.03,32.83,3672,12025766.0,0.0,15,31.970000000000002,0
20221017,1665936000000,32.83,33.97,32.8,33.959999999999994,3739,12582910.0,0.0,15,32.83,0
20221018,1666022400000,33.879999999999995,34.379999999999995,33.51,33.98,2737,9295465.0,0.0,15,33.96,0
20221019,1666108800000,33.660000000000004,33.910000000000004,33.35,33.57,1921,6470590.000000001,0.0,15,33.980000000000004,0
20221020,1666195200000,33.54,33.94,32.8,33.419999999999995,3058,10241777.000000002,0.0,15,33.57,0
20221021,1666281600000,33.8,34.48,33.07,33.79,3506,11846097.000000002,0.0,15,33.42,0
20221024,1666540800000,33.67,34.44,33.28,33.870000000000005,5684,19307766.000000004,0.0,15,33.79,0
20221025,1666627200000,33.61,33.98,32.93,33.7,2680,8993249.000000002,0.0,15,33.87,0
20221026,1666713600000,33.480000000000004,34.870000000000005,33.410000000000004,34.50000000000001,6197,21273101.0,0.0,15,33.7,0
20221027,1666800000000,34.5,34.5,33.11,33.15,8419,28380666.0,0.0,15,34.5,0
20221028,1666886400000,33.120000000000005,33.150000000000006,31.810000000000002,31.990000000000002,5593,18132661.0,0.0,15,33.150000000000006,0
20221031,1667145600000,31.96,34.38,31.92,33.42,15400,51480273.0,0.0,15,31.990000000000002,0
20221101,1667232000000,33.92,34.17,33.28,33.77,4480,15077539.000000002,0.0,15,33.42,0
20221102,1667318400000,33.92,34.68000000000001,33.660000000000004,34.36000000000001,10969,37639669.0,0.0,15,33.77,0
20221103,1667404800000,34.4,35.16,34.04,34.65,7944,27497774.0,0.0,15,34.36,0
20221104,1667491200000,34.68,34.99,34.31,34.95,10923,37996079.0,0.0,15,34.650000000000006,0
20221107,1667750400000,34.97,35.18,34.5,34.54,6491,22581948.0,0.0,15,34.95,0
20221108,1667836800000,34.93,34.93,34.07,34.19,5558,19032704.0,0.0,15,34.54,0
20221109,1667923200000,34.39,35.0,34.12,34.4,5569,19247943.0,0.0,15,34.19,0
20221110,1668009600000,34.37,34.48,33.8,33.98,4864,16588717.0,0.0,15,34.4,0
20221111,1668096000000,34.69,34.69,33.9,33.9,8188,27977272.0,0.0,15,33.98,0
20221114,1668355200000,34.08,34.83,33.47,33.85,10199,34851981.00000001,0.0,15,33.9,0
20221115,1668441600000,33.85,35.93,33.7,35.900000000000006,20569,72544550.0,0.0,15,33.85,0
20221116,1668528000000,36.08,36.839999999999996,35.58,35.79,15834,57068045.0,0.0,15,35.9,0
20221117,1668614400000,36.050000000000004,36.050000000000004,35.03,35.88,9786,34759808.0,0.0,15,35.79,0
20221118,1668700800000,36.0,37.6,35.92,36.760000000000005,14991,55297158.0,0.0,15,35.88,0
20221121,1668960000000,36.690000000000005,39.290000000000006,36.300000000000004,38.63,25250,96348100.0,0.0,15,36.760000000000005,0
20221122,1669046400000,39.32,40.32,38.43,38.64,23906,93903621.0,0.0,15,38.63,0
20221123,1669132800000,38.3,39.93,37.65,39.46,22650,87704186.0,0.0,15,38.64,0
20221124,1669219200000,39.07000000000001,41.78,39.050000000000004,41.49,35602,146670660.99999997,0.0,15,39.46,0
20221125,1669305600000,41.800000000000004,42.47,40.06,41.150000000000006,26605,109802790.0,0.0,15,41.49,0
20221128,1669564800000,40.25,41.28,38.88,39.03,27363,109453899.0,0.0,15,41.150000000000006,0
20221129,1669651200000,39.09,40.17,37.800000000000004,39.620000000000005,27411,107606061.0,0.0,15,39.03,0
20221130,1669737600000,39.34,43.46,39.34,43.03,39675,166355209.0,0.0,15,39.620000000000005,0
20221201,1669824000000,44.1,44.1,41.7,42.64,24592,104621859.00000001,0.0,15,43.03,0
20221202,1669910400000,43.2,44.07000000000001,42.300000000000004,42.800000000000004,18187,79171543.0,0.0,15,42.64000000000001,0
20221205,1670169600000,43.12,43.99,42.14,42.69,8428,36061193.0,0.0,15,42.8,0
20221206,1670256000000,43.0,43.0,40.38,42.650000000000006,19765,82306473.0,0.0,15,42.690000000000005,0
20221207,1670342400000,42.15,42.65,39.69,39.699999999999996,24276,98305520.0,0.0,15,42.65,0
20221208,1670428800000,39.75,40.730000000000004,39.02,39.040000000000006,17885,71185782.99999999,0.0,15,39.7,0
20221209,1670515200000,39.300000000000004,40.7,38.52,38.52,12552,49481298.99999999,0.0,15,39.040000000000006,0
20221212,1670774400000,38.49,40.06,38.04,39.68,11205,44145125.0,0.0,15,38.519999999999996,0
20221213,1670860800000,39.48,40.18,38.9,38.91,5703,22528401.0,0.0,15,39.68,0
20221214,1670947200000,38.91,39.48,38.37,38.8,6250,24285750.0,0.0,15,38.91,0
20221215,1671033600000,38.61,40.4,38.36,39.019999999999996,8397,33244851.0,0.0,15,38.8,0
20221216,1671120000000,38.8,39.21,38.44,38.699999999999996,7560,29215303.0,0.0,15,39.019999999999996,0
20221219,1671379200000,38.35,39.78,38.35,38.6,5636,21993934.0,0.0,15,38.7,0
20221220,1671465600000,38.5,38.800000000000004,37.42,37.43,4447,16870632.0,0.0,15,38.6,0
20221221,1671552000000,37.43,38.37,37.08,37.489999999999995,4031,15181053.0,0.0,15,37.43,0
20221222,1671638400000,37.839999999999996,37.839999999999996,36.29,36.29,4789,17648814.0,0.0,15,37.49,0
20221223,1671724800000,36.29,37.14,35.88,36.54,6193,22469943.0,0.0,15,36.29,0
20221226,1671984000000,36.41,38.25,35.58,38.11,6598,24829932.0,0.0,15,36.54,0
20221227,1672070400000,38.75000000000001,38.75000000000001,37.230000000000004,38.580000000000005,5663,21552120.0,0.0,15,38.11000000000001,0
20221228,1672156800000,37.5,38.75,37.5,38.03,2805,10648220.0,0.0,15,38.58,0
20221229,1672243200000,38.18,39.6,37.9,38.78,4941,19194332.000000004,0.0,15,38.03,0
20221230,1672329600000,39.03,39.6,38.4,39.08,7655,29836444.0,0.0,15,38.78,0
20230103,1672675200000,38.54,40.39,38.33,40.05,8773,34495963.0,0.0,15,39.08,0
20230104,1672761600000,40.160000000000004,40.34,38.730000000000004,38.940000000000005,6966,27375055.999999996,0.0,15,40.050000000000004,0
20230105,1672848000000,39.300000000000004,41.510000000000005,39.300000000000004,39.74,16404,66307553.99999999,0.0,15,38.940000000000005,0
20230106,1672934400000,39.31,40.5,39.0,39.18,10425,41218176.0,0.0,15,39.74,0
20230109,1673193600000,39.05,39.64,38.26,38.55,8933,34603126.0,0.0,15,39.18,0
20230110,1673280000000,38.58,38.58,37.83,38.199999999999996,8626,32912882.000000004,0.0,15,38.55,0
20230111,1673366400000,38.17,38.370000000000005,37.53,37.95,9186,34765841.0,0.0,15,38.2,0
20230112,1673452800000,37.82,38.0,37.1,37.59,11250,42192634.0,0.0,15,37.95,0
20230113,1673539200000,37.83,38.18,37.01,37.379999999999995,7335,27535688.0,0.0,15,37.589999999999996,0
20230116,1673798400000,37.75,39.650000000000006,37.59,39.43000000000001,13071,51125614.00000001,0.0,15,37.38,0
20230117,1673884800000,39.13,40.27,39.0,39.83,5453,21768198.0,0.0,15,39.43,0
20230118,1673971200000,40.129999999999995,40.129999999999995,39.01,39.3,4747,18651900.0,0.0,15,39.83,0
20230119,1674057600000,39.51,39.75,39.0,39.43,4123,16230320.000000002,0.0,15,39.3,0
20230120,1674144000000,39.8,39.8,39.22,39.31,3636,14321727.0,0.0,15,39.43,0
20230130,1675008000000,39.790000000000006,40.470000000000006,39.160000000000004,40.24,11524,45748851.00000001,0.0,15,39.31,0
20230131,1675094400000,39.980000000000004,40.870000000000005,39.300000000000004,40.85,12640,50484564.0,0.0,15,40.24,0
20230201,1675180800000,40.75,42.0,40.38,41.730000000000004,13380,55254843.00000001,0.0,15,40.85,0
20230202,1675267200000,41.55,42.660000000000004,41.32,41.84,7436,31316941.0,0.0,15,41.73,0
20230203,1675353600000,42.25000000000001,42.25000000000001,40.800000000000004,41.38,3894,16089727.0,0.0,15,41.84,0
20230206,1675612800000,41.38,41.49,40.42,40.870000000000005,4717,19235860.000000004,0.0,15,41.38,0
20230207,1675699200000,41.05,41.29,40.62,41.0,5828,23868075.0,0.0,15,40.87,0
20230208,1675785600000,40.86,41.6,40.58,40.58,3366,13761106.000000002,0.0,15,41.0,0
20230209,1675872000000,40.99,41.28,40.4,41.15,4759,19506402.000000004,0.0,15,40.58,0
20230210,1675958400000,41.0,41.24,40.21,40.45,5689,23024021.0,0.0,15,41.15,0
20230213,1676217600000,40.59,42.6,40.31,42.14,11634,48558992.0,0.0,15,40.45,0
20230214,1676304000000,42.27,43.0,42.0,42.51,7441,31596013.0,0.0,15,42.14,0
20230215,1676390400000,42.82,42.980000000000004,42.14,42.85,6120,26067492.0,0.0,15,42.51,0
20230216,1676476800000,43.26,43.57,41.01,41.62,9518,40486133.0,0.0,15,42.85,0
20230217,1676563200000,41.300000000000004,41.84,40.800000000000004,40.800000000000004,5815,23958167.0,0.0,15,41.620000000000005,0
20230220,1676822400000,41.01,41.660000000000004,40.32,41.160000000000004,3795,15603425.0,0.0,15,40.8,0
20230221,1676908800000,41.25,41.85,40.88,41.43,3724,15408727.0,0.0,15,41.160000000000004,0
20230222,1676995200000,41.2,41.550000000000004,41.13,41.43,2259,9339499.0,0.0,15,41.43,0
20230223,1677081600000,41.25,41.47,40.51,40.949999999999996,3897,15972196.0,0.0,15,41.43,0
20230224,1677168000000,40.62,40.96,40.36,40.72,3791,15417049.000000002,0.0,15,40.95,0
20230227,1677427200000,40.34,40.49,39.45,39.45,4171,16633547.0,0.0,15,40.720000000000006,0
20230228,1677513600000,39.46,40.300000000000004,39.300000000000004,39.940000000000005,3485,13861315.000000002,0.0,15,39.45,0
20230301,1677600000000,39.87,40.57,39.72,40.53,3920,15729835.000000002,0.0,15,39.94,0
20230302,1677686400000,40.45,41.5,39.88,39.92,5642,22922358.0,0.0,15,40.53,0
20230303,1677772800000,39.95,40.82,39.93,40.32,5095,20532100.0,0.0,15,39.92,0
20230306,1678032000000,40.42,40.879999999999995,39.9,40.55,3677,14880595.0,0.0,15,40.32,0
20230307,1678118400000,40.5,40.98,38.9,38.93,5636,22511026.0,0.0,15,40.55,0
20230308,1678204800000,38.82,39.93,38.72,39.65,6702,26376528.0,0.0,15,38.93,0
20230309,1678291200000,39.5,40.93,39.5,40.39,6383,25738808.0,0.0,15,39.65,0
20230310,1678377600000,40.39,40.470000000000006,39.27,39.410000000000004,3169,12591987.0,0.0,15,40.39,0
20230313,1678636800000,40.050000000000004,40.21,39.38,39.720000000000006,3403,13526976.000000002,0.0,15,39.410000000000004,0
20230314,1678723200000,39.760000000000005,40.480000000000004,39.45,39.53,4586,18307867.0,0.0,15,39.720000000000006,0
20230315,1678809600000,39.81,41.2,39.81,40.81,7713,31389862.0,0.0,15,39.53,0
20230316,1678896000000,40.96,40.96,40.13,40.400000000000006,4946,20033565.0,0.0,15,40.81,0
20230317,1678982400000,40.47,40.879999999999995,40.01,40.339999999999996,4811,19456355.0,0.0,15,40.4,0
20230320,1679241600000,40.199999999999996,40.69,40.01,40.32,2507,10106590.0,0.0,15,40.339999999999996,0
20230321,1679328000000,40.32,41.03,40.03,40.81,4383,17800043.999999996,0.0,15,40.32,0
20230322,1679414400000,41.07,41.64,40.57,41.19,4708,19398706.0,0.0,15,40.81,0
20230323,1679500800000,41.7,41.7,39.64,39.69,6559,26419640.0,0.0,15,41.19,0
20230324,1679587200000,39.77,40.050000000000004,39.06,39.11,5179,20450469.999999996,0.0,15,39.690000000000005,0
20230327,1679846400000,39.2,39.36,38.45,39.080000000000005,3988,15505169.0,0.0,15,39.11,0
20230328,1679932800000,39.14,39.19,38.51,38.51,3292,12780060.0,0.0,15,39.08,0
20230329,1680019200000,38.87,39.15,38.22,38.44,4981,19290309.0,0.0,15,38.51,0
20230330,1680105600000,38.31,38.64,37.72,38.15,3298,12583081.000000002,0.0,15,38.44,0
20230331,1680192000000,37.92,38.760000000000005,37.92,38.120000000000005,2942,11284062.0,0.0,15,38.15,0
20230403,1680451200000,38.339999999999996,38.589999999999996,38.04,38.16,3289,12563557.0,0.0,15,38.12,0
20230404,1680537600000,38.1,38.25,36.7,37.09,7304,27192870.000000004,0.0,15,38.160000000000004,0
20230406,1680710400000,37.1,37.6,36.76,37.589999999999996,4283,15955505.999999998,0.0,15,37.089999999999996,0
20230407,1680796800000,37.67,37.67,36.88,37.42,5730,21373219.0,0.0,15,37.59,0
20230410,1681056000000,37.5,37.620000000000005,36.92,37.15,4671,17346111.0,0.0,15,37.42,0
20230411,1681142400000,37.21,37.34,36.49,36.63,4335,16009271.0,0.0,15,37.15,0
20230412,1681228800000,36.86,37.23,36.51,37.18,4211,15516521.0,0.0,15,36.629999999999995,0
20230413,1681315200000,37.05,37.05,36.0,36.18,5420,19762538.000000004,0.0,15,37.18,0
20230414,1681401600000,36.1,37.160000000000004,36.1,37.1,6801,25008771.000000004,0.0,15,36.18,0
20230417,1681660800000,37.00000000000001,37.96,36.980000000000004,37.38,6824,25581982.999999996,0.0,15,37.1,0
20230418,1681747200000,37.38,37.660000000000004,36.89,37.45,5219,19466927.999999996,0.0,15,37.38,0
20230419,1681833600000,37.6,37.6,36.81,36.85,2476,9157825.0,0.0,15,37.45,0
20230420,1681920000000,36.900000000000006,37.06,36.45,36.46,2660,9743321.0,0.0,15,36.85,0
20230421,1682006400000,36.45,36.65,35.6,35.61,4484,16197350.000000002,0.0,15,36.46,0
20230424,1682265600000,35.52,35.85,34.1,34.4,5557,19354274.0,0.0,15,35.61,0
20230425,1682352000000,35.080000000000005,36.18,34.2,34.59,8178,28739904.0,0.0,15,34.400000000000006,0
20230426,1682438400000,34.59,36.52,34.21,35.7,6634,23626214.0,0.0,15,34.59,0
20230427,1682524800000,36.00000000000001,36.50000000000001,35.160000000000004,36.230000000000004,5715,20662247.999999996,0.0,15,35.7,0
20230428,1682611200000,36.230000000000004,37.690000000000005,36.2,37.6,5841,21723762.000000004,0.0,15,36.230000000000004,0
20230504,1683129600000,37.96,38.14,37.1,38.08,6667,25156473.0,0.0,15,37.6,0
20230505,1683216000000,37.61,38.17,36.72,36.72,6336,23534583.0,0.0,15,38.08,0
20230508,1683475200000,36.970000000000006,37.27,35.7,36.18,9693,35117219.0,0.0,15,36.720000000000006,0
20230509,1683561600000,36.160000000000004,36.190000000000005,35.24,35.440000000000005,4990,17752945.0,0.0,15,36.18,0
20230510,1683648000000,35.68,35.68,34.63,35.0,4215,14758623.0,0.0,15,35.440000000000005,0
20230511,1683734400000,35.17,35.78,35.02,35.42,3101,11004701.0,0.0,15,35.0,0
20230512,1683820800000,35.42,35.67,35.18,35.37,3111,11023657.0,0.0,15,35.42,0
20230515,1684080000000,35.14,35.58,34.92,35.39,3929,13834655.0,0.0,15,35.370000000000005,0
20230516,1684166400000,35.24,36.38,35.24,35.910000000000004,4621,16594770.0,0.0,15,35.39,0
20230517,1684252800000,35.72,36.48,35.62,36.29,3313,11985928.0,0.0,15,35.91,0
20230518,1684339200000,36.43,36.980000000000004,36.1,36.79,3383,12402283.999999998,0.0,15,36.29,0
20230519,1684425600000,36.800000000000004,37.45,36.63,37.2,3680,13679866.000000002,0.0,15,36.79,0
20230522,1684684800000,37.13,38.38,37.13,38.2,5600,21285853.0,0.0,15,37.2,0
20230523,1684771200000,38.089999999999996,38.449999999999996,37.87,37.94,3712,14149714.999999998,0.0,15,38.199999999999996,0
20230524,1684857600000,37.66,38.199999999999996,37.47,37.68,6579,24867474.000000004,0.0,15,37.94,0
20230525,1684944000000,37.5,37.91,37.0,37.54,7973,29820053.000000004,0.0,15,37.68,0
20230526,1685030400000,37.720000000000006,37.800000000000004,36.95,37.220000000000006,8326,31075619.000000004,0.0,15,37.540000000000006,0
20230529,1685289600000,37.6,37.7,36.61,37.1,7205,26773931.999999996,0.0,15,37.22,0
20230530,1685376000000,26.02,26.16,24.91,25.15,16413,41560833.0,0.0,15,26.14,0
20230531,1685462400000,25.150000000000002,25.660000000000004,24.400000000000002,25.230000000000004,18445,45911391.00000001,0.0,15,25.150000000000002,0
20230601,1685548800000,24.990000000000002,25.44,24.98,25.05,8759,22096763.0,0.0,15,25.23,0
20230602,1685635200000,25.130000000000003,25.42,25.01,25.330000000000002,5560,14020921.0,0.0,15,25.05,0
20230605,1685894400000,25.310000000000002,25.37,24.96,25.080000000000002,4941,12418594.0,0.0,15,25.330000000000002,0
20230606,1685980800000,25.080000000000002,25.220000000000002,24.560000000000002,24.910000000000004,9627,23908642.0,0.0,15,25.080000000000002,0
20230607,1686067200000,24.81,25.0,24.2,24.349999999999998,8180,19958173.999999996,0.0,15,24.91,0
20230608,1686153600000,24.200000000000003,24.5,23.76,23.790000000000003,7971,19147547.000000004,0.0,15,24.35,0
20230609,1686240000000,23.96,24.14,23.66,23.87,5286,12626737.0,0.0,15,23.79,0
20230612,1686499200000,23.98,24.47,23.66,24.34,6405,15490156.0,0.0,15,23.87,0
20230613,1686585600000,24.03,24.6,24.03,24.380000000000003,6436,15680411.999999998,0.0,15,24.34,0
20230614,1686672000000,24.7,24.89,24.13,24.7,8086,19802249.0,0.0,15,24.38,0
20230615,1686758400000,24.400000000000002,24.900000000000002,24.37,24.89,5432,13429773.0,0.0,15,24.7,0
20230616,1686844800000,25.07,25.490000000000002,24.8,25.1,6423,16139011.000000002,0.0,15,24.89,0
20230619,1687104000000,25.099999999999998,25.66,25.02,25.169999999999998,7406,18775002.0,0.0,15,25.099999999999998,0
20230620,1687190400000,25.17,25.53,25.0,25.46,7481,18943468.0,0.0,15,25.17,0
20230621,1687276800000,25.46,25.62,25.080000000000002,25.270000000000003,6361,16099636.0,0.0,15,25.46,0
20230626,1687708800000,25.020000000000003,25.35,24.650000000000002,24.650000000000002,4975,12400916.0,0.0,15,25.270000000000003,0
20230627,1687795200000,24.720000000000002,25.3,24.62,25.240000000000002,5601,14059615.0,0.0,15,24.650000000000002,0
20230628,1687881600000,25.110000000000003,25.37,24.740000000000002,25.270000000000003,4325,10838144.0,0.0,15,25.240000000000002,0
20230629,1687968000000,25.27,26.72,25.05,26.52,12625,33151311.0,0.0,15,25.27,0
20230630,1688054400000,26.48,26.700000000000003,26.240000000000002,26.51,9023,23901770.000000004,0.0,15,26.520000000000003,0
20230703,1688313600000,26.7,26.89,25.88,25.99,12829,33665680.0,0.0,15,26.509999999999998,0
20230704,1688400000000,25.990000000000002,26.8,25.830000000000002,26.520000000000003,10450,27660465.0,0.0,15,25.990000000000002,0
20230705,1688486400000,26.490000000000002,26.62,26.060000000000002,26.240000000000002,8930,23483002.0,0.0,15,26.520000000000003,0
20230706,1688572800000,26.23,26.52,25.93,26.27,8881,23352542.0,0.0,15,26.24,0
20230707,1688659200000,26.2,26.349999999999998,26.02,26.18,5457,14272710.0,0.0,15,26.27,0
20230710,1688918400000,26.169999999999998,26.33,25.84,26.01,6481,16893167.0,0.0,15,26.18,0
20230711,1689004800000,26.09,27.17,25.94,26.830000000000002,13684,36499307.0,0.0,15,26.01,0
20230712,1689091200000,26.8,27.55,26.580000000000002,27.310000000000002,16998,46398996.0,0.0,15,26.830000000000002,0
20230713,1689177600000,27.1,27.71,26.94,27.26,11475,31253420.0,0.0,15,27.310000000000002,0
20230714,1689264000000,27.28,28.3,27.01,27.290000000000003,20540,56509034.00000001,0.0,15,27.26,0
20230717,1689523200000,26.91,27.36,26.79,27.06,9353,25261160.000000004,0.0,15,27.29,0
20230718,1689609600000,27.26,27.26,26.85,27.12,5197,14077770.0,0.0,15,27.060000000000002,0
20230719,1689696000000,27.12,27.14,26.7,26.87,6158,16532933.0,0.0,15,27.12,0
20230720,1689782400000,27.830000000000002,28.28,27.240000000000002,27.660000000000004,22683,63128410.0,0.0,15,26.87,0
20230721,1689868800000,27.78,28.94,27.28,27.51,25630,71664511.00000001,0.0,15,27.66,0
20230724,1690128000000,27.6,28.200000000000003,26.92,27.87,14057,39142564.0,0.0,15,27.51,0
20230725,1690214400000,28.05,28.37,27.53,27.93,10385,28985839.0,0.0,15,27.87,0
20230726,1690300800000,27.76,28.52,27.62,28.03,10080,28293920.0,0.0,15,27.93,0
20230727,1690387200000,27.820000000000004,28.270000000000003,27.560000000000002,27.69,6511,18133455.0,0.0,15,28.03,0
20230728,1690473600000,27.880000000000003,27.880000000000003,27.400000000000002,27.55,7735,21319870.000000004,0.0,15,27.69,0
20230731,1690732800000,27.69,28.05,27.400000000000002,27.42,7970,22063573.0,0.0,15,27.55,0
20230801,1690819200000,27.509999999999998,27.849999999999998,27.2,27.63,7585,20895686.000000004,0.0,15,27.419999999999998,0
20230802,1690905600000,27.630000000000003,28.67,27.53,28.0,10220,28773511.0,0.0,15,27.630000000000003,0
20230803,1690992000000,27.860000000000003,28.16,27.6,27.89,5226,14543474.0,0.0,15,28.0,0
20230804,1691078400000,27.88,28.04,27.5,27.68,4139,11473287.0,0.0,15,27.89,0
20230807,1691337600000,27.59,27.6,26.68,26.9,10126,27328095.0,0.0,15,27.68,0
20230808,1691424000000,27.080000000000002,27.080000000000002,25.85,25.880000000000003,11913,31127590.0,0.0,15,26.900000000000002,0
20230809,1691510400000,26.0,26.18,25.66,25.79,7113,18414163.0,0.0,15,25.88,0
20230810,1691596800000,25.78,26.430000000000003,25.560000000000002,26.28,7180,18786770.0,0.0,15,25.790000000000003,0
20230811,1691683200000,26.189999999999998,26.349999999999998,25.7,25.73,3996,10353445.000000002,0.0,15,26.279999999999998,0
20230814,1691942400000,25.61,25.88,25.16,25.77,5047,12884358.0,0.0,15,25.73,0
20230815,1692028800000,25.97,26.07,25.45,25.5,3425,8793781.0,0.0,15,25.77,0
20230816,1692115200000,25.6,25.84,25.03,25.1,5358,13571450.0,0.0,15,25.5,0
20230817,1692201600000,24.88,25.66,24.77,25.58,6263,15846535.0,0.0,15,25.099999999999998,0
20230818,1692288000000,26.3,27.35,26.01,26.26,33385,89094592.0,0.0,15,25.580000000000002,0
20230821,1692547200000,26.310000000000002,26.59,25.62,25.7,11882,30725165.000000004,0.0,15,26.26,0
20230822,1692633600000,25.830000000000002,25.95,24.98,25.69,13302,33965425.0,0.0,15,25.7,0
20230823,1692720000000,25.67,25.67,25.07,25.16,5919,14936684.0,0.0,15,25.69,0
20230824,1692806400000,25.08,25.47,24.52,24.99,5197,12965267.999999998,0.0,15,25.16,0
20230825,1692892800000,24.71,25.39,24.54,24.619999999999997,6980,17376686.0,0.0,15,24.99,0
20230828,1693152000000,25.95,27.189999999999998,25.47,25.49,22687,59855121.0,0.0,15,24.619999999999997,0
20230829,1693238400000,25.62,26.98,25.39,26.71,19816,52396747.0,0.0,15,25.490000000000002,0
20230830,1693324800000,26.72,27.7,26.72,27.56,14547,39952416.0,0.0,15,26.709999999999997,0
20230831,1693411200000,27.580000000000002,27.89,27.28,27.46,9107,25075737.000000004,0.0,15,27.560000000000002,0
20230901,1693497600000,27.39,27.75,27.23,27.5,6821,18735746.0,0.0,15,27.46,0
20230904,1693756800000,27.88,27.88,26.7,27.34,11644,31602469.0,0.0,15,27.5,0
20230905,1693843200000,27.55,27.680000000000003,27.01,27.25,7018,19214745.000000004,0.0,15,27.34,0
20230906,1693929600000,27.38,27.38,26.88,27.16,5054,13692739.0,0.0,15,27.25,0
20230907,1694016000000,27.299999999999997,27.299999999999997,26.47,26.5,8534,22838390.0,0.0,15,27.16,0
20230908,1694102400000,26.400000000000002,26.930000000000003,26.400000000000002,26.770000000000003,5069,13577605.999999998,0.0,15,26.500000000000004,0
20230911,1694361600000,26.94,26.99,26.52,26.87,4736,12718505.0,0.0,15,26.77,0
20230912,1694448000000,26.87,26.97,26.61,26.689999999999998,4539,12143033.0,0.0,15,26.87,0
20230913,1694534400000,26.910000000000004,26.910000000000004,25.900000000000002,26.180000000000003,8973,23513172.0,0.0,15,26.69,0
20230914,1694620800000,26.270000000000003,26.450000000000003,25.740000000000002,25.990000000000002,5713,14866329.0,0.0,15,26.180000000000003,0
20230915,1694707200000,26.0,26.380000000000003,25.67,25.82,6020,15615511.0,0.0,15,25.990000000000002,0
20230918,1694966400000,25.89,26.65,25.68,26.27,5225,13736500.0,0.0,15,25.82,0
20230919,1695052800000,26.39,26.39,25.69,25.990000000000002,5913,15294467.000000002,0.0,15,26.27,0
20230920,1695139200000,26.01,26.240000000000002,25.740000000000002,25.85,4277,11107125.0,0.0,15,25.990000000000002,0
20230921,1695225600000,25.880000000000003,26.070000000000004,25.650000000000002,25.8,4607,11921090.0,0.0,15,25.85,0
20230922,1695312000000,25.82,26.470000000000002,25.78,26.44,7192,18816235.0,0.0,15,25.8,0
20230925,1695571200000,26.540000000000003,26.650000000000002,26.080000000000002,26.44,3408,9017237.0,0.0,15,26.44,0
20230926,1695657600000,26.41,26.900000000000002,26.35,26.69,4742,12652581.0,0.0,15,26.44,0
20230927,1695744000000,26.66,27.27,26.48,27.17,9778,26427046.0,0.0,15,26.69,0
20230928,1695830400000,27.0,27.73,27.0,27.69,14213,39003344.0,0.0,15,27.17,0
20231009,1696780800000,27.680000000000003,27.8,26.310000000000002,26.37,13644,36701077.0,0.0,15,27.69,0
20231010,1696867200000,26.35,26.67,26.25,26.26,8829,23313745.000000004,0.0,15,26.37,0
20231011,1696953600000,26.490000000000002,26.59,26.01,26.39,13384,35247483.0,0.0,15,26.26,0
20231012,1697040000000,26.419999999999998,26.509999999999998,26.11,26.22,9104,23928470.000000004,0.0,15,26.39,0
20231013,1697126400000,26.130000000000003,26.380000000000003,25.990000000000002,26.040000000000003,7677,20093747.0,0.0,15,26.220000000000002,0
20231016,1697385600000,26.02,26.19,25.78,25.96,5773,14953847.0,0.0,15,26.040000000000003,0
20231017,1697472000000,25.86,25.91,25.16,25.34,5891,14968740.000000002,0.0,15,25.96,0
20231018,1697558400000,25.220000000000002,25.32,24.55,24.85,8656,21511173.0,0.0,15,25.34,0
20231019,1697644800000,24.9,25.34,24.7,24.71,7093,17696021.0,0.0,15,24.849999999999998,0
20231020,1697731200000,24.720000000000002,25.040000000000003,24.42,24.55,6281,15512682.0,0.0,15,24.71,0
20231023,1697990400000,24.63,24.63,23.72,23.799999999999997,6359,15304278.0,0.0,15,24.549999999999997,0
20231024,1698076800000,23.9,24.25,23.61,23.89,7028,16780905.0,0.0,15,23.8,0
20231025,1698163200000,24.000000000000004,24.44,23.990000000000002,24.220000000000002,7259,17606079.0,0.0,15,23.89,0
20231026,1698249600000,24.0,24.38,23.81,24.31,4885,11741902.0,0.0,15,24.22,0
20231027,1698336000000,24.36,25.42,24.16,25.3,7814,19467723.0,0.0,15,24.31,0
20231030,1698595200000,25.26,25.64,24.76,25.6,9124,23015241.999999996,0.0,15,25.3,0
20231031,1698681600000,25.360000000000003,26.360000000000003,25.35,26.020000000000003,15362,39873137.0,0.0,15,25.6,0
20231101,1698768000000,26.150000000000002,26.28,25.76,26.020000000000003,8627,22467165.0,0.0,15,26.020000000000003,0
20231102,1698854400000,26.15,26.35,25.82,25.88,6666,17387496.0,0.0,15,26.02,0
20231103,1698940800000,26.17,26.6,25.740000000000002,26.23,9318,24509308.0,0.0,15,25.880000000000003,0
20231106,1699200000000,26.32,26.68,26.32,26.53,9359,24810831.0,0.0,15,26.23,0
20231107,1699286400000,26.5,26.57,26.22,26.27,5579,14713558.0,0.0,15,26.529999999999998,0
20231108,1699372800000,26.330000000000002,26.37,25.98,26.12,5466,14290631.000000002,0.0,15,26.27,0
20231109,1699459200000,26.12,26.3,26.01,26.12,4690,12253627.0,0.0,15,26.12,0
20231110,1699545600000,26.12,26.320000000000004,25.900000000000002,26.250000000000004,4070,10646925.0,0.0,15,26.12,0
20231113,1699804800000,26.18,26.55,26.18,26.55,4651,12266165.0,0.0,15,26.25,0
20231114,1699891200000,26.32,26.57,26.29,26.46,3837,10136220.999999998,0.0,15,26.55,0
20231115,1699977600000,26.610000000000003,26.680000000000003,26.42,26.580000000000002,3389,9008017.0,0.0,15,26.46,0
20231116,1700064000000,26.8,26.8,26.2,26.259999999999998,4209,11122422.000000002,0.0,15,26.58,0
20231117,1700150400000,26.33,26.5,26.18,26.43,4451,11733675.0,0.0,15,26.259999999999998,0
20231120,1700409600000,26.46,26.88,26.43,26.8,6702,17903075.999999996,0.0,15,26.43,0
20231121,1700496000000,27.05,27.05,26.490000000000002,26.520000000000003,5660,15139863.0,0.0,15,26.8,0
20231122,1700582400000,26.77,26.77,26.09,26.16,5496,14458884.0,0.0,15,26.52,0
20231123,1700668800000,26.16,26.36,26.05,26.25,4619,12101958.0,0.0,15,26.16,0
20231124,1700755200000,26.35,26.35,26.01,26.07,5301,13860665.999999998,0.0,15,26.25,0
20231127,1701014400000,26.02,26.41,26.02,26.19,5846,15341163.000000002,0.0,15,26.07,0
20231128,1701100800000,26.12,26.570000000000004,26.060000000000002,26.35,7195,18977023.0,0.0,15,26.19,0
20231129,1701187200000,26.39,26.509999999999998,26.04,26.099999999999998,6105,16006185.000000002,0.0,15,26.349999999999998,0
20231130,1701273600000,26.26,26.270000000000003,25.6,26.03,8539,22139531.0,0.0,15,26.1,0
20231201,1701360000000,26.180000000000003,26.25,25.76,25.85,8194,21220309.0,0.0,15,26.03,0
20231204,1701619200000,25.86,25.98,25.53,25.53,6265,16100003.0,0.0,15,25.85,0
20231205,1701705600000,25.52,25.630000000000003,24.87,24.87,7509,18840706.000000004,0.0,15,25.53,0
20231206,1701792000000,24.869999999999997,25.18,24.63,24.91,5144,12852057.0,0.0,15,24.869999999999997,0
20231207,1701878400000,25.12,25.23,24.76,25.12,5098,12746599.0,0.0,15,24.91,0
20231208,1701964800000,25.150000000000002,25.23,24.87,24.87,5103,12768947.0,0.0,15,25.12,0
20231211,1702224000000,24.880000000000003,25.150000000000002,24.53,25.060000000000002,6222,15507111.0,0.0,15,24.87,0
20231212,1702310400000,24.92,25.05,24.71,25.0,4262,10609840.999999998,0.0,15,25.060000000000002,0
20231213,1702396800000,24.880000000000003,25.380000000000003,24.76,24.98,4769,11947376.0,0.0,15,25.0,0
20231214,1702483200000,25.14,25.220000000000002,24.810000000000002,24.930000000000003,3736,9335794.0,0.0,15,24.980000000000004,0
20231215,1702569600000,25.110000000000003,25.110000000000003,24.560000000000002,24.6,5859,14504798.000000002,0.0,15,24.930000000000003,0
20231218,1702828800000,24.240000000000002,24.82,24.240000000000002,24.360000000000003,4725,11548422.0,0.0,15,24.6,0
20231219,1702915200000,24.12,24.66,24.0,24.46,5294,12859650.0,0.0,15,24.36,0
20231220,1703001600000,24.81,24.88,24.25,24.31,4249,10464061.000000002,0.0,15,24.46,0
20231221,1703088000000,24.18,24.76,23.89,24.54,5970,14500375.0,0.0,15,24.310000000000002,0
20231222,1703174400000,24.64,24.700000000000003,24.240000000000002,24.3,5092,12438994.000000002,0.0,15,24.540000000000003,0
20231225,1703433600000,23.930000000000003,24.490000000000002,23.92,24.25,5764,13980395.0,0.0,15,24.3,0
20231226,1703520000000,24.240000000000002,24.240000000000002,23.73,23.87,4547,10851391.0,0.0,15,24.25,0
20231227,1703606400000,23.91,24.28,23.67,24.220000000000002,5748,13794303.0,0.0,15,23.87,0
20231228,1703692800000,24.16,25.090000000000003,23.830000000000002,24.990000000000002,6861,16911007.0,0.0,15,24.220000000000002,0
20231229,1703779200000,24.96,25.110000000000003,24.76,25.040000000000003,5701,14248628.0,0.0,15,24.990000000000002,0
20240102,1704124800000,25.040000000000003,25.3,24.87,25.240000000000002,5301,13315809.0,0.0,15,25.040000000000003,0
20240103,1704211200000,25.03,25.3,24.92,25.150000000000002,6479,16269702.000000002,0.0,15,25.240000000000002,0
20240104,1704297600000,25.150000000000002,25.19,24.8,24.900000000000002,4574,11409796.0,0.0,15,25.150000000000002,0
20240105,1704384000000,24.9,25.19,24.5,24.64,6570,16251640.000000002,0.0,15,24.9,0
20240108,1704643200000,24.560000000000002,24.630000000000003,23.87,23.87,6313,15276949.0,0.0,15,24.64,0
20240109,1704729600000,23.73,24.51,23.73,24.23,7867,19086653.0,0.0,15,23.87,0
20240110,1704816000000,24.330000000000002,24.56,23.82,23.85,7230,17440466.0,0.0,15,24.23,0
20240111,1704902400000,23.85,24.880000000000003,23.85,24.62,10804,26373063.000000004,0.0,15,23.85,0
20240112,1704988800000,24.599999999999998,24.79,24.2,24.259999999999998,4802,11754196.000000002,0.0,15,24.62,0
20240115,1705248000000,24.080000000000002,25.0,23.87,24.35,12333,30265780.0,0.0,15,24.26,0
20240116,1705334400000,24.48,24.770000000000003,23.900000000000002,24.770000000000003,12402,30148353.0,0.0,15,24.35,0
20240117,1705420800000,24.9,24.9,24.0,24.02,8273,20209901.0,0.0,15,24.77,0
20240118,1705507200000,23.930000000000003,24.930000000000003,23.400000000000002,24.200000000000003,13507,32567002.0,0.0,15,24.020000000000003,0
20240119,1705593600000,24.240000000000002,24.35,23.41,23.42,7175,17096682.0,0.0,15,24.2,0
20240122,1705852800000,23.45,23.47,21.66,21.66,10512,23631078.0,0.0,15,23.42,0
20240123,1705939200000,21.57,22.25,21.2,21.93,13597,29543114.0,0.0,15,21.66,0
20240124,1706025600000,22.18,22.18,20.91,21.77,8839,19033206.0,0.0,15,21.93,0
20240125,1706112000000,21.94,23.19,21.37,23.150000000000002,11364,25547844.0,0.0,15,21.77,0
20240126,1706198400000,22.990000000000002,23.43,22.8,22.86,5915,13603749.999999998,0.0,15,23.150000000000002,0
20240129,1706457600000,23.13,23.13,22.2,22.24,4674,10507601.0,0.0,15,22.86,0
20240130,1706544000000,22.12,22.23,21.080000000000002,21.110000000000003,5118,11079879.0,0.0,15,22.240000000000002,0
20240131,1706630400000,22.22,22.22,20.55,20.63,8797,18410996.0,0.0,15,21.11,0
20240201,1706716800000,20.89,20.89,19.68,20.59,12441,25246440.0,0.0,15,20.63,0
20240202,1706803200000,20.51,20.950000000000003,19.330000000000002,19.610000000000003,8485,17085121.000000004,0.0,15,20.590000000000003,0
20240205,1707062400000,19.42,19.42,17.51,18.020000000000003,13575,24939127.0,0.0,15,19.610000000000003,0
20240206,1707148800000,18.0,20.450000000000003,17.21,19.61,14453,26796396.0,0.0,15,18.02,0
20240207,1707235200000,19.279999999999998,20.24,19.06,19.75,11858,23233063.0,0.0,15,19.61,0
20240208,1707321600000,19.7,21.490000000000002,19.32,21.490000000000002,13104,26761372.999999996,0.0,15,19.75,0
20240219,1708272000000,21.500000000000004,21.970000000000002,21.080000000000002,21.700000000000003,8102,17578893.0,0.0,15,21.490000000000002,0
20240220,1708358400000,21.509999999999998,22.07,21.27,21.68,6795,14771247.0,0.0,15,21.7,0
20240221,1708444800000,21.68,22.22,21.47,21.89,6577,14402727.999999998,0.0,15,21.68,0
20240222,1708531200000,21.8,22.240000000000002,21.740000000000002,22.17,4289,9475154.0,0.0,15,21.89,0
20240223,1708617600000,22.07,22.48,22.06,22.389999999999997,4834,10786500.0,0.0,15,22.169999999999998,0
20240226,1708876800000,22.39,23.52,22.27,23.169999999999998,11988,27564670.0,0.0,15,22.39,0
20240227,1708963200000,23.16,23.54,22.5,23.4,6380,14897174.0,0.0,15,23.17,0
20240228,1709049600000,23.55,23.55,21.61,21.65,10650,24118514.0,0.0,15,23.4,0
20240229,1709136000000,21.599999999999998,22.38,21.54,22.31,8109,17798087.000000004,0.0,15,21.65,0
20240301,1709222400000,22.310000000000002,22.59,22.01,22.270000000000003,5899,13125798.0,0.0,15,22.310000000000002,0
20240304,1709481600000,22.28,22.47,21.41,21.9,8996,19635141.000000004,0.0,15,22.27,0
20240305,1709568000000,21.98,21.98,21.2,21.41,7352,15862097.0,0.0,15,21.9,0
20240306,1709654400000,21.26,21.79,21.21,21.68,3816,8222881.0,0.0,15,21.41,0
20240307,1709740800000,21.89,22.23,21.51,21.51,5955,13063054.0,0.0,15,21.680000000000003,0
20240308,1709827200000,21.39,21.69,21.1,21.43,6280,13392692.000000002,0.0,15,21.51,0
20240311,1710086400000,21.39,21.880000000000003,21.35,21.830000000000002,4529,9832352.0,0.0,15,21.43,0
20240312,1710172800000,21.95,22.080000000000002,21.55,22.060000000000002,8055,17583321.0,0.0,15,21.830000000000002,0
20240313,1710259200000,22.080000000000002,22.28,21.89,22.150000000000002,9204,20345048.0,0.0,15,22.060000000000002,0
20240314,1710345600000,22.220000000000002,22.43,22.03,22.17,12242,27214115.0,0.0,15,22.150000000000002,0
20240315,1710432000000,22.259999999999998,22.36,21.7,22.29,9453,20855959.0,0.0,15,22.169999999999998,0
20240318,1710691200000,22.39,22.8,22.38,22.74,10620,24030248.0,0.0,15,22.29,0
20240319,1710777600000,22.740000000000002,22.790000000000003,22.28,22.380000000000003,6647,14980171.0,0.0,15,22.740000000000002,0
20240320,1710864000000,22.46,22.62,22.17,22.46,6596,14768126.000000002,0.0,15,22.380000000000003,0
20240321,1710950400000,22.55,22.63,22.11,22.4,6634,14872814.000000002,0.0,15,22.46,0
20240322,1711036800000,22.349999999999998,22.349999999999998,21.72,21.77,8166,17974762.0,0.0,15,22.4,0
20240325,1711296000000,21.78,22.96,21.71,21.71,16381,36163313.0,0.0,15,21.77,0
20240326,1711382400000,21.8,21.8,21.080000000000002,21.35,6922,14820983.0,0.0,15,21.71,0
20240327,1711468800000,21.35,21.490000000000002,20.830000000000002,20.830000000000002,6908,14603465.0,0.0,15,21.35,0
20240328,1711555200000,20.51,21.75,20.51,21.41,8814,18802120.0,0.0,15,20.830000000000002,0
20240329,1711641600000,21.41,22.36,21.32,22.28,11180,24596656.0,0.0,15,21.41,0
20240401,1711900800000,22.26,23.060000000000002,22.26,22.860000000000003,10932,24929110.0,0.0,15,22.28,0
20240402,1711987200000,22.950000000000003,22.950000000000003,22.490000000000002,22.680000000000003,8591,19474518.999999996,0.0,15,22.860000000000003,0
20240403,1712073600000,22.610000000000003,23.490000000000002,22.6,23.3,10464,24126370.0,0.0,15,22.68,0
20240408,1712505600000,23.4,24.99,23.29,24.04,28461,69536262.0,0.0,15,23.3,0
20240409,1712592000000,24.04,24.25,23.57,24.0,11721,28020518.0,0.0,15,24.04,0
20240410,1712678400000,23.9,24.6,23.75,23.8,15059,36176883.0,0.0,15,24.0,0
20240411,1712764800000,23.8,25.12,23.35,24.62,25547,62323791.0,0.0,15,23.8,0
20240412,1712851200000,24.63,25.79,24.5,25.39,22411,56436993.00000001,0.0,15,24.62,0
20240415,1713110400000,25.39,25.5,23.87,25.1,21362,52886625.0,0.0,15,25.39,0
20240416,1713196800000,24.98,25.46,24.14,24.650000000000002,19203,47454095.0,0.0,15,25.1,0
20240417,1713283200000,24.42,25.6,23.89,25.5,26371,65313142.99999999,0.0,15,24.650000000000002,0
20240418,1713369600000,25.18,25.200000000000003,24.1,24.55,23194,57230309.0,0.0,15,25.5,0
20240419,1713456000000,24.39,24.759999999999998,24.11,24.509999999999998,7586,18492219.0,0.0,15,24.55,0
20240422,1713715200000,24.240000000000002,24.84,24.1,24.200000000000003,5863,14282073.000000002,0.0,15,24.51,0
20240423,1713801600000,24.5,24.5,23.76,23.91,4438,10685512.0,0.0,15,24.200000000000003,0
20240424,1713888000000,23.81,24.36,23.81,24.22,2507,6047456.0,0.0,15,23.91,0
20240425,1713974400000,24.22,24.97,24.04,24.68,7316,17986716.0,0.0,15,24.22,0
20240426,1714060800000,24.62,25.0,24.02,24.71,10143,24983674.000000004,0.0,15,24.68,0
20240429,1714320000000,24.68,25.21,24.5,25.2,10591,26326723.0,0.0,15,24.71,0
20240430,1714406400000,25.2,25.290000000000003,24.62,24.76,8716,21663963.0,0.0,15,25.2,0
20240506,1714924800000,24.87,25.2,24.68,25.0,11634,29021457.0,0.0,15,24.759999999999998,0
20240507,1715011200000,25.28,26.2,25.14,25.88,20555,52791753.0,0.0,15,25.0,0
20240508,1715097600000,25.8,26.0,25.35,25.470000000000002,8311,21238573.0,0.0,15,25.880000000000003,0
20240509,1715184000000,25.48,26.02,25.48,25.89,10960,28288839.000000004,0.0,15,25.47,0
20240510,1715270400000,25.8,25.96,25.44,25.91,7144,18395776.0,0.0,15,25.89,0
20240513,1715529600000,25.55,25.98,25.21,25.55,6830,17418528.0,0.0,15,25.91,0
20240514,1715616000000,25.55,25.79,24.96,24.98,9712,24560793.0,0.0,15,25.55,0
20240515,1715702400000,25.0,25.259999999999998,24.7,24.84,7178,17941977.000000004,0.0,15,24.98,0
20240516,1715788800000,24.84,25.98,24.72,25.59,12542,31990716.0,0.0,15,24.84,0
20240517,1715875200000,25.590000000000003,25.87,25.310000000000002,25.53,6593,16820129.0,0.0,15,25.590000000000003,0
20240520,1716134400000,25.48,25.650000000000002,25.330000000000002,25.51,4557,11601751.0,0.0,15,25.53,0
20240521,1716220800000,25.51,25.6,25.1,25.400000000000002,3282,8340577.0,0.0,15,25.51,0
20240522,1716307200000,25.400000000000002,25.740000000000002,25.26,25.71,4495,11485037.0,0.0,15,25.400000000000002,0
20240523,1716393600000,25.8,25.8,25.150000000000002,25.28,5371,13609093.0,0.0,15,25.71,0
20240524,1716480000000,25.2,25.240000000000002,24.8,24.8,5656,14124021.000000002,0.0,15,25.28,0
20240527,1716739200000,24.8,25.29,24.5,25.26,4662,11589468.0,0.0,15,24.8,0
20240528,1716825600000,25.3,25.53,24.96,25.2,3405,8589068.0,0.0,15,25.26,0
20240529,1716912000000,25.0,25.79,25.0,25.45,5574,14284806.0,0.0,15,25.2,0
20240530,1716998400000,25.419999999999998,25.75,25.29,25.36,3659,9320915.000000002,0.0,15,25.45,0
20240531,1717084800000,25.36,25.55,25.23,25.34,4305,10911009.000000002,0.0,15,25.36,0
20240603,1717344000000,25.34,25.34,23.71,23.76,13697,33464128.0,0.0,15,25.34,0
20240604,1717430400000,23.76,23.92,23.1,23.26,14959,35035240.0,0.0,15,23.76,0
20240605,1717516800000,23.259999999999998,23.259999999999998,21.52,21.99,14937,33401719.000000004,0.0,15,23.259999999999998,0
20240606,1717603200000,21.75,22.05,21.07,21.28,15069,32313899.999999996,0.0,15,21.990000000000002,0
20240607,1717689600000,21.54,21.79,21.2,21.4,8779,18823962.0,0.0,15,21.279999999999998,0
20240611,1718035200000,21.4,21.91,21.02,21.69,10750,23125085.0,0.0,15,21.4,0
20240612,1718121600000,21.68,22.259999999999998,21.68,21.94,8157,17949692.0,0.0,15,21.69,0
20240613,1718208000000,21.91,22.79,21.91,22.5,8468,18949278.0,0.0,15,21.94,0
20240614,1718294400000,22.87,22.87,21.92,22.16,11114,24595706.0,0.0,15,22.5,0
20240617,1718553600000,22.22,22.27,20.89,21.12,19203,41044867.0,0.0,15,22.16,0
20240618,1718640000000,21.12,21.36,21.03,21.3,9551,20261584.0,0.0,15,21.12,0
20240619,1718726400000,14.9,15.17,14.8,15.0,12107,18169300.0,0.0,15,15.010000000000002,0
20240620,1718812800000,14.85,15.39,14.85,15.2,15357,23375461.0,0.0,15,15.0,0
20240621,1718899200000,15.15,15.299999999999999,15.01,15.18,9678,14667875.0,0.0,15,15.2,0
20240624,1719158400000,15.18,15.18,14.24,14.53,18387,26835875.0,0.0,15,15.18,0
20240625,1719244800000,14.33,14.9,14.33,14.6,8348,12244381.000000002,0.0,15,14.53,0
20240626,1719331200000,14.68,15.28,14.44,15.209999999999999,13368,19901117.0,0.0,15,14.6,0
20240627,1719417600000,15.06,15.440000000000001,15.06,15.280000000000001,13721,21033287.0,0.0,15,15.21,0
20240628,1719504000000,15.16,15.65,15.08,15.33,9519,14696501.0,0.0,15,15.28,0
20240701,1719763200000,15.39,15.950000000000001,15.290000000000001,15.8,15734,24626947.0,0.0,15,15.33,0
20240702,1719849600000,15.670000000000002,15.950000000000001,15.610000000000001,15.81,10348,16354016.000000002,0.0,15,15.8,0
20240703,1719936000000,15.969999999999999,15.969999999999999,15.35,15.709999999999999,8446,13232825.0,0.0,15,15.81,0
20240704,1720022400000,15.55,15.74,15.290000000000001,15.440000000000001,7195,11089871.0,0.0,15,15.71,0
20240705,1720108800000,15.31,15.870000000000001,15.06,15.75,8920,13785925.000000002,0.0,15,15.440000000000001,0
20240708,1720368000000,15.69,15.69,15.0,15.16,9596,14621505.000000002,0.0,15,15.75,0
20240709,1720454400000,15.24,15.620000000000001,14.950000000000001,15.530000000000001,11312,17479676.0,0.0,15,15.160000000000002,0
20240710,1720540800000,15.56,15.67,15.34,15.52,5490,8507236.0,0.0,15,15.53,0
20240711,1720627200000,15.74,16.1,15.700000000000001,15.99,9784,15563863.0,0.0,15,15.520000000000001,0
20240712,1720713600000,16.29,16.29,15.82,15.91,6267,9998579.0,0.0,15,15.99,0
20240715,1720972800000,15.81,15.91,15.5,15.5,3959,6193955.000000001,0.0,15,15.91,0
20240716,1721059200000,15.51,15.65,15.24,15.57,5146,7940921.000000001,0.0,15,15.5,0
20240717,1721145600000,15.410000000000002,15.490000000000002,15.030000000000001,15.200000000000001,10456,15911020.0,0.0,15,15.57,0
20240718,1721232000000,15.080000000000002,15.260000000000002,14.700000000000001,15.160000000000002,6717,10099499.0,0.0,15,15.200000000000001,0
20240719,1721318400000,15.24,15.280000000000001,14.98,15.13,3800,5751985.0,0.0,15,15.16,0
20240722,1721577600000,14.95,15.559999999999999,14.86,15.16,4187,6374579.0,0.0,15,15.129999999999999,0
20240723,1721664000000,15.190000000000001,15.23,14.790000000000001,14.790000000000001,4522,6767947.0,0.0,15,15.16,0
20240724,1721750400000,14.700000000000001,14.72,14.46,14.49,4094,5966765.999999999,0.0,15,14.790000000000001,0
20240725,1721836800000,14.32,14.59,14.32,14.39,3497,5044837.0,0.0,15,14.49,0
20240726,1721923200000,14.06,14.64,14.06,14.46,8362,12047655.000000002,0.0,15,14.39,0
20240729,1722182400000,14.51,14.66,14.43,14.56,5680,8272492.000000001,0.0,15,14.459999999999999,0
20240730,1722268800000,14.43,14.66,14.31,14.48,3009,4357672.0,0.0,15,14.56,0
20240731,1722355200000,14.55,14.97,14.38,14.860000000000001,7217,10680681.0,0.0,15,14.48,0
20240801,1722441600000,14.81,15.06,14.41,14.540000000000001,15469,22604490.0,0.0,15,14.86,0
20240802,1722528000000,14.41,14.69,14.32,14.370000000000001,7712,11190613.0,0.0,15,14.540000000000001,0
20240805,1722787200000,14.309999999999999,14.479999999999999,13.86,14.049999999999999,9723,13736225.0,0.0,15,14.37,0
20240806,1722873600000,14.180000000000001,14.250000000000002,13.950000000000001,14.170000000000002,10446,14750532.0,0.0,15,14.05,0
20240807,1722960000000,14.24,14.34,13.97,14.13,11857,16759463.000000002,0.0,15,14.17,0
20240808,1723046400000,14.030000000000001,14.14,13.780000000000001,14.090000000000002,7133,9988999.0,0.0,15,14.13,0
20240809,1723132800000,14.120000000000001,14.3,14.030000000000001,14.040000000000001,4662,6605151.0,0.0,15,14.090000000000002,0
20240812,1723392000000,14.03,14.22,13.91,14.02,3878,5453700.0,0.0,15,14.040000000000001,0
20240813,1723478400000,14.049999999999999,14.229999999999999,13.94,14.139999999999999,5391,7592729.000000001,0.0,15,14.02,0
20240814,1723564800000,14.010000000000002,14.250000000000002,13.950000000000001,14.190000000000001,5293,7462012.0,0.0,15,14.14,0
20240815,1723651200000,14.120000000000001,14.280000000000001,13.97,14.280000000000001,7823,11067053.0,0.0,15,14.190000000000001,0
20240816,1723737600000,14.56,14.790000000000001,14.290000000000001,14.32,16825,24418401.0,0.0,15,14.280000000000001,0
20240819,1723996800000,14.200000000000001,14.590000000000002,14.120000000000001,14.190000000000001,9200,13231886.0,0.0,15,14.32,0
20240820,1724083200000,14.110000000000001,14.38,13.700000000000001,13.89,7997,11147054.0,0.0,15,14.190000000000001,0
20240821,1724169600000,13.75,13.899999999999999,13.61,13.62,4676,6415109.0,0.0,15,13.889999999999999,0
20240822,1724256000000,13.760000000000002,13.770000000000001,13.46,13.47,7286,9884224.0,0.0,15,13.620000000000001,0
20240823,1724342400000,13.39,13.56,13.290000000000001,13.48,7956,10675674.000000002,0.0,15,13.47,0
20240826,1724601600000,13.41,13.77,13.33,13.57,4941,6712784.0,0.0,15,13.48,0
20240827,1724688000000,13.56,13.6,13.33,13.33,2892,3881053.0,0.0,15,13.57,0
20240828,1724774400000,13.47,13.610000000000001,13.21,13.450000000000001,3954,5324349.0,0.0,15,13.33,0
20240829,1724860800000,13.61,13.75,13.33,13.7,8444,11462111.0,0.0,15,13.45,0
20240830,1724947200000,13.670000000000002,14.020000000000001,13.620000000000001,13.8,16779,23270051.999999996,0.0,15,13.700000000000001,0
20240902,1725206400000,13.8,13.99,13.71,13.760000000000002,12720,17645964.0,0.0,15,13.8,0
20240903,1725292800000,13.76,14.08,13.76,13.959999999999999,6138,8587088.0,0.0,15,13.76,0
20240904,1725379200000,13.93,14.049999999999999,13.77,13.9,4394,6120137.0,0.0,15,13.959999999999999,0
20240905,1725465600000,13.94,14.17,13.94,14.1,4216,5927698.000000001,0.0,15,13.9,0
20240906,1725552000000,14.14,14.39,13.72,13.72,5514,7689431.0,0.0,15,14.100000000000001,0
20240909,1725811200000,13.51,13.77,13.4,13.44,4446,6033027.0,0.0,15,13.72,0
20240910,1725897600000,13.49,13.58,13.23,13.46,4401,5901163.0,0.0,15,13.440000000000001,0
20240911,1725984000000,13.53,13.62,13.35,13.379999999999999,4663,6273405.000000001,0.0,15,13.459999999999999,0
20240912,1726070400000,13.43,13.59,13.16,13.17,6169,8242956.0,0.0,15,13.38,0
20240913,1726156800000,13.270000000000001,13.270000000000001,12.870000000000001,12.89,10377,13518525.999999998,0.0,15,13.170000000000002,0
20240918,1726588800000,12.89,13.08,12.8,12.930000000000001,4736,6108693.0,0.0,15,12.89,0
20240919,1726675200000,13.250000000000002,13.46,12.870000000000001,13.370000000000001,6823,9049713.0,0.0,15,12.930000000000001,0
20240920,1726761600000,13.290000000000001,13.600000000000001,13.290000000000001,13.48,5740,7742373.0,0.0,15,13.370000000000001,0
20240923,1727020800000,13.33,13.8,13.3,13.620000000000001,5012,6824757.000000001,0.0,15,13.48,0
20240924,1727107200000,13.6,14.18,13.6,14.14,13130,18373085.0,0.0,15,13.62,0
20240925,1727193600000,14.17,14.49,13.98,14.0,10585,15070727.0,0.0,15,14.14,0
20240926,1727280000000,13.950000000000001,14.360000000000001,13.88,14.350000000000001,8223,11645649.000000002,0.0,15,14.0,0
20240927,1727366400000,14.450000000000001,14.98,14.450000000000001,14.920000000000002,9776,14445194.000000002,0.0,15,14.350000000000001,0
20240930,1727625600000,15.45,16.88,15.33,16.76,37353,60002065.00000001,0.0,15,14.92,0
20241008,1728316800000,19.47,20.0,17.41,18.64,65853,121594159.0,0.0,15,16.76,0
20241009,1728403200000,18.009999999999998,18.009999999999998,16.4,16.61,36745,63068686.0,0.0,15,18.58,0
20241010,1728489600000,16.740000000000002,17.110000000000003,16.42,16.560000000000002,31355,52351172.0,0.0,15,16.610000000000003,0
20241011,1728576000000,16.48,16.52,15.83,15.95,14661,23607655.0,0.0,15,16.56,0
20241014,1728835200000,16.02,16.240000000000002,15.72,16.21,14515,23279920.0,0.0,15,15.950000000000001,0
20241015,1728921600000,16.18,16.84,16.0,16.1,17058,27978690.000000004,0.0,15,16.21,0
20241016,1729008000000,15.96,16.45,15.82,16.15,10147,16412392.0,0.0,15,16.1,0
20241017,1729094400000,16.16,16.56,16.0,16.41,15760,25732818.0,0.0,15,16.15,0
20241018,1729180800000,16.29,17.67,16.23,17.240000000000002,30031,51370337.0,0.0,15,16.41,0
20241021,1729440000000,17.53,17.78,17.11,17.28,18005,31259154.000000004,0.0,15,17.24,0
20241022,1729526400000,17.32,17.33,17.0,17.26,10603,18169990.0,0.0,15,17.28,0
20241023,1729612800000,17.26,17.47,17.16,17.17,9101,15759465.000000002,0.0,15,17.26,0
20241024,1729699200000,17.07,17.13,16.86,16.86,7344,12449000.999999998,0.0,15,17.169999999999998,0
20241025,1729785600000,16.93,17.95,16.8,17.79,21196,37156886.0,0.0,15,16.86,0
20241028,1730044800000,17.8,17.8,17.43,17.75,11290,19988664.0,0.0,15,17.79,0
20241029,1730131200000,17.75,17.880000000000003,17.28,17.290000000000003,12091,21198490.0,0.0,15,17.75,0
20241030,1730217600000,17.220000000000002,17.39,17.12,17.34,7019,12111871.0,0.0,15,17.290000000000003,0
20241031,1730304000000,17.32,17.32,16.76,16.96,18538,31466268.0,0.0,15,17.34,0
20241101,1730390400000,16.93,17.060000000000002,16.12,16.16,18081,29831536.0,0.0,15,16.96,0
20241104,1730649600000,16.15,16.45,16.0,16.42,26599,43100311.0,0.0,15,16.16,0
20241105,1730736000000,16.43,16.73,16.3,16.71,36810,60767824.00000001,0.0,15,16.42,0
20241106,1730822400000,16.73,16.880000000000003,16.51,16.580000000000002,19078,31831127.0,0.0,15,16.71,0
20241107,1730908800000,16.45,16.99,16.45,16.919999999999998,17862,29966306.0,0.0,15,16.58,0
20241108,1730995200000,17.150000000000002,17.2,16.8,16.87,27696,47158205.0,0.0,15,16.92,0
20241111,1731254400000,16.71,17.55,16.7,17.509999999999998,41907,72253000.0,0.0,15,16.87,0
20241112,1731340800000,17.650000000000002,17.860000000000003,17.17,17.35,38476,67547573.0,0.0,15,17.51,0
20241113,1731427200000,17.349999999999998,17.439999999999998,16.95,17.439999999999998,18019,31036161.0,0.0,15,17.349999999999998,0
20241114,1731513600000,17.459999999999997,17.509999999999998,16.97,16.99,20051,34525223.0,0.0,15,17.439999999999998,0
20241115,1731600000000,16.900000000000002,17.23,16.490000000000002,16.560000000000002,16223,27367980.0,0.0,15,16.990000000000002,0
20241118,1731859200000,16.599999999999998,16.98,16.38,16.459999999999997,17288,28818378.0,0.0,15,16.56,0
20241119,1731945600000,16.5,17.08,16.5,16.99,11869,19874688.0,0.0,15,16.46,0
20241120,1732032000000,17.05,17.3,16.96,17.25,20407,35037149.0,0.0,15,16.990000000000002,0
20241121,1732118400000,17.110000000000003,17.46,16.85,17.12,21229,36352812.0,0.0,15,17.25,0
20241122,1732204800000,17.12,17.27,16.32,16.35,22838,38325133.0,0.0,15,17.12,0
20241125,1732464000000,16.49,16.65,16.18,16.509999999999998,13369,21981809.0,0.0,15,16.35,0
20241126,1732550400000,16.5,16.63,16.0,16.11,16939,27578263.0,0.0,15,16.51,0
20241127,1732636800000,16.02,16.4,15.6,16.36,23484,37500920.0,0.0,15,16.11,0
20241128,1732723200000,16.35,16.47,16.23,16.26,15452,25239862.000000004,0.0,15,16.36,0
20241129,1732809600000,16.12,16.64,16.12,16.55,18931,31178450.0,0.0,15,16.26,0
20241202,1733068800000,16.66,16.9,16.5,16.79,14153,23704539.0,0.0,15,16.55,0
20241203,1733155200000,16.77,17.39,16.77,17.18,27955,47794743.0,0.0,15,16.79,0
20241204,1733241600000,17.25,17.43,16.88,17.11,30575,52547513.0,0.0,15,17.18,0
20241205,1733328000000,17.03,18.39,16.96,18.1,95236,169946771.0,0.0,15,17.11,0
20241206,1733414400000,18.27,18.279999999999998,17.47,17.79,66457,117460899.0,0.0,15,18.099999999999998,0
20241209,1733673600000,17.669999999999998,17.97,17.34,17.669999999999998,42078,74204105.0,0.0,15,17.79,0
20241210,1733760000000,18.1,18.5,17.71,17.77,61162,110865351.0,0.0,15,17.67,0
20241211,1733846400000,17.75,18.09,17.61,17.99,47913,85428188.0,0.0,15,17.77,0
20241212,1733932800000,17.99,18.36,17.84,18.1,38072,68879633.0,0.0,15,17.99,0
20241213,1734019200000,18.05,18.180000000000003,17.42,17.470000000000002,41751,74253885.0,0.0,15,18.1,0
20241216,1734278400000,17.5,17.939999999999998,17.38,17.64,32852,57805226.0,0.0,15,17.47,0
20241217,1734364800000,17.59,17.61,16.66,16.76,37415,63542763.00000001,0.0,15,17.64,0
20241218,1734451200000,16.68,17.12,16.6,16.830000000000002,30358,51115741.0,0.0,15,16.76,0
20241219,1734537600000,16.7,17.93,16.59,17.78,58533,102772234.0,0.0,15,16.83,0
20241220,1734624000000,17.78,18.3,17.68,17.93,39819,71882326.0,0.0,15,17.78,0
20241223,1734883200000,18.28,19.0,18.03,18.290000000000003,71830,133103645.00000001,0.0,15,17.93,0
20241224,1734969600000,18.45,18.599999999999998,17.88,18.54,50183,91460940.99999999,0.0,15,18.29,0
20241225,1735056000000,18.490000000000002,18.990000000000002,17.78,18.26,33692,61262168.0,0.0,15,18.540000000000003,0
20241226,1735142400000,18.24,18.57,18.13,18.509999999999998,39004,71753248.0,0.0,15,18.259999999999998,0
20241227,1735228800000,19.0,19.0,17.89,17.98,61051,112086176.0,0.0,15,18.51,0
20241230,1735488000000,18.13,18.5,17.8,18.26,39210,71417709.0,0.0,15,17.98,0
20241231,1735574400000,18.240000000000002,18.380000000000003,17.92,18.21,31483,57279119.99999999,0.0,15,18.26,0
20250102,1735747200000,18.09,18.34,17.38,17.599999999999998,37655,67390105.00000001,0.0,15,18.21,0
20250103,1735833600000,17.6,17.69,16.39,16.54,28586,48682842.00000001,0.0,15,17.6,0
20250106,1736092800000,16.54,16.68,16.07,16.48,20864,34180081.0,0.0,15,16.54,0
20250107,1736179200000,16.56,16.74,16.22,16.73,12959,21361806.0,0.0,15,16.48,0
20250108,1736265600000,16.71,16.71,16.080000000000002,16.46,16765,27401563.0,0.0,15,16.73,0
20250109,1736352000000,16.39,16.630000000000003,16.26,16.430000000000003,11160,18358249.0,0.0,15,16.46,0
20250110,1736438400000,16.400000000000002,16.57,15.64,15.65,24899,39864230.0,0.0,15,16.43,0
20250113,1736697600000,15.48,15.75,15.15,15.56,14949,23141513.000000004,0.0,15,15.65,0
20250114,1736784000000,15.63,16.29,15.57,16.27,14684,23544653.0,0.0,15,15.56,0
20250115,1736870400000,16.189999999999998,16.37,16.11,16.16,12182,19751621.0,0.0,15,16.27,0
20250116,1736956800000,16.32,16.54,16.04,16.22,16323,26601905.0,0.0,15,16.16,0
20250117,1737043200000,16.27,16.560000000000002,16.03,16.400000000000002,16364,26750720.000000004,0.0,15,16.220000000000002,0
20250120,1737302400000,16.45,17.28,16.39,17.03,27625,46599777.0,0.0,15,16.400000000000002,0
20250121,1737388800000,17.1,18.2,17.05,18.0,56826,101189669.0,0.0,15,17.03,0
20250122,1737475200000,17.759999999999998,18.13,17.63,17.9,24037,42805431.0,0.0,15,18.0,0
20250123,1737561600000,17.91,18.17,17.76,17.810000000000002,19373,34751904.0,0.0,15,17.900000000000002,0
20250124,1737648000000,17.669999999999998,18.14,17.61,18.06,18421,33061278.0,0.0,15,17.81,0
20250127,1737907200000,17.97,18.1,17.59,17.6,14873,26468809.0,0.0,15,18.06,0
20250205,1738684800000,17.8,17.8,17.27,17.36,19156,33344767.0,0.0,15,17.599999999999998,0
20250206,1738771200000,17.36,17.64,17.25,17.62,16917,29640767.000000004,0.0,15,17.36,0
20250207,1738857600000,17.67,17.85,17.46,17.650000000000002,23894,42145677.99999999,0.0,15,17.62,0
20250210,1739116800000,17.69,17.69,17.41,17.56,17706,31008398.000000004,0.0,15,17.65,0
20250211,1739203200000,17.59,18.02,17.41,17.94,25945,46183717.99999999,0.0,15,17.56,0
20250212,1739289600000,17.99,18.3,17.84,18.2,31047,56359433.0,0.0,15,17.94,0
20250213,1739376000000,18.24,18.24,17.7,17.72,21182,37907662.99999999,0.0,15,18.2,0
20250214,1739462400000,17.89,17.89,17.53,17.71,13951,24690320.0,0.0,15,17.720000000000002,0
20250217,1739721600000,17.72,18.55,17.64,18.37,34289,62669945.0,0.0,15,17.71,0
20250218,1739808000000,18.37,18.900000000000002,18.28,18.400000000000002,52779,98269922.0,0.0,15,18.37,0
20250219,1739894400000,18.4,19.07,18.38,19.029999999999998,47078,88790118.0,0.0,15,18.4,0
20250220,1739980800000,19.0,20.68,19.0,20.45,98809,200142147.00000003,0.0,15,19.03,0
20250221,1740067200000,20.45,20.5,19.88,20.209999999999997,54568,110156170.00000001,0.0,15,20.45,0
20250224,1740326400000,20.04,20.28,19.57,19.98,50826,100894580.0,0.0,15,20.21,0
20250225,1740412800000,19.95,21.150000000000002,19.71,20.990000000000002,68858,141823983.0,0.0,15,19.98,0
20250226,1740499200000,20.8,21.08,20.45,21.04,44554,92771907.00000001,0.0,15,20.99,0
20250227,1740585600000,21.0,21.12,20.41,20.89,39252,81342377.99999999,0.0,15,21.04,0
20250228,1740672000000,20.98,21.09,20.11,20.12,38594,78596240.0,0.0,15,20.89,0
20250303,1740931200000,20.06,20.95,20.06,20.349999999999998,24000,49136487.0,0.0,15,20.119999999999997,0
20250304,1741017600000,20.11,21.07,20.11,20.96,30243,62939478.0,0.0,15,20.349999999999998,0
20250305,1741104000000,21.05,21.05,20.36,20.66,25239,51937105.0,0.0,15,20.96,0
20250306,1741190400000,20.85,21.0,20.55,20.810000000000002,27463,56992145.0,0.0,15,20.66,0
20250307,1741276800000,20.81,22.08,20.45,21.599999999999998,61707,132609869.00000001,0.0,15,20.81,0
20250310,1741536000000,21.52,21.91,21.29,21.75,37555,81235537.0,0.0,15,21.599999999999998,0
20250311,1741622400000,21.599999999999998,21.75,20.63,20.959999999999997,49023,103573910.0,0.0,15,21.75,0
20250312,1741708800000,21.33,21.33,20.7,20.96,22637,47383361.00000001,0.0,15,20.96,0
20250313,1741795200000,20.77,21.09,19.91,20.31,35313,72145988.0,0.0,15,20.96,0
20250314,1741881600000,20.5,21.470000000000002,20.21,21.41,49912,105076159.0,0.0,15,20.310000000000002,0
20250317,1742140800000,21.1,21.700000000000003,21.1,21.270000000000003,30214,64746385.99999999,0.0,15,21.41,0
20250318,1742227200000,21.28,21.9,21.11,21.72,27010,58403844.00000001,0.0,15,21.27,0
20250319,1742313600000,21.72,22.990000000000002,21.57,22.46,55304,124849578.99999999,0.0,15,21.72,0
20250320,1742400000000,22.46,22.54,22.0,22.23,31353,69758588.00000001,0.0,15,22.46,0
20250321,1742486400000,22.200000000000003,22.26,21.6,21.720000000000002,33102,72361519.99999999,0.0,15,22.23,0
20250324,1742745600000,21.72,21.93,20.79,21.259999999999998,32991,70330644.00000001,0.0,15,21.72,0
20250325,1742832000000,21.080000000000002,21.540000000000003,20.830000000000002,21.110000000000003,18171,38471050.0,0.0,15,21.26,0
20250326,1742918400000,21.09,22.08,21.0,21.55,20342,44218123.00000001,0.0,15,21.11,0
20250327,1743004800000,21.56,21.97,21.02,21.32,22471,48438582.0,0.0,15,21.55,0
20250328,1743091200000,21.340000000000003,21.650000000000002,21.080000000000002,21.200000000000003,16164,34475195.00000001,0.0,15,21.32,0
20250331,1743350400000,21.150000000000002,21.32,20.71,21.09,20599,43129885.0,0.0,15,21.2,0
20250401,1743436800000,21.090000000000003,21.430000000000003,20.900000000000002,21.060000000000002,12275,25967100.0,0.0,15,21.090000000000003,0
20250402,1743523200000,20.87,21.73,20.87,21.23,16829,36058698.0,0.0,15,21.060000000000002,0
20250403,1743609600000,21.03,21.23,20.3,20.75,25276,52345892.00000001,0.0,15,21.23,0
20250407,1743955200000,19.99,20.06,18.18,18.8,39565,76749147.00000001,0.0,15,20.75,0
20250408,1744041600000,19.110000000000003,19.700000000000003,18.42,18.930000000000003,21843,41412150.0,0.0,15,18.8,0
20250409,1744128000000,18.930000000000003,19.400000000000002,17.830000000000002,19.05,24333,45831482.00000001,0.0,15,18.930000000000003,0
20250410,1744214400000,19.3,20.13,19.11,19.65,19162,37986658.00000001,0.0,15,19.05,0
20250411,1744300800000,19.37,20.28,19.37,19.98,16267,32542538.000000004,0.0,15,19.650000000000002,0
20250414,1744560000000,20.14,20.580000000000002,20.03,20.240000000000002,15341,31129411.0,0.0,15,19.98,0
20250415,1744646400000,20.01,20.78,20.01,20.6,14597,30078713.999999996,0.0,15,20.240000000000002,0
20250416,1744732800000,20.57,20.68,19.75,19.98,19213,38693560.99999999,0.0,15,20.6,0
20250417,1744819200000,19.94,20.33,19.93,20.29,6669,13473592.0,0.0,15,19.98,0
20250418,1744905600000,20.67,20.96,20.5,20.53,18673,38620533.0,0.0,15,20.29,0
20250421,1745164800000,20.81,21.43,20.36,21.259999999999998,19231,40505631.0,0.0,15,20.53,0
20250422,1745251200000,21.47,21.7,21.0,21.61,14668,31301900.000000004,0.0,15,21.26,0
20250423,1745337600000,21.619999999999997,21.95,21.38,21.45,15303,33200338.0,0.0,15,21.61,0
20250424,1745424000000,21.41,21.73,21.3,21.39,12301,26413964.0,0.0,15,21.45,0
20250425,1745510400000,21.37,21.46,20.85,21.220000000000002,13265,28041549.0,0.0,15,21.39,0
20250428,1745769600000,21.47,21.5,20.97,21.23,12220,25914333.0,0.0,15,21.22,0
20250429,1745856000000,21.04,21.439999999999998,21.04,21.09,12504,26590923.000000004,0.0,15,21.23,0
20250430,1745942400000,21.15,21.63,20.7,21.36,29715,62706137.00000001,0.0,15,21.09,0
20250506,1746460800000,21.33,21.88,21.29,21.84,15301,33058576.999999996,0.0,15,21.36,0
20250507,1746547200000,21.9,22.27,21.52,21.7,12954,28270056.0,0.0,15,21.84,0
20250508,1746633600000,21.8,22.630000000000003,21.580000000000002,22.28,20175,44915639.0,0.0,15,21.700000000000003,0
20250509,1746720000000,22.36,22.57,22.05,22.39,19773,44116928.00000001,0.0,15,22.28,0
20250512,1746979200000,22.759999999999998,22.95,21.7,21.97,37244,83169362.0,0.0,15,22.39,0
20250513,1747065600000,22.28,22.34,21.84,22.05,14379,31732875.0,0.0,15,21.97,0
20250514,1747152000000,21.869999999999997,22.06,21.06,21.459999999999997,22942,49044255.0,0.0,15,22.049999999999997,0
20250515,1747238400000,21.48,21.48,21.11,21.169999999999998,11630,24749244.0,0.0,15,21.46,0
20250516,1747324800000,21.23,21.65,21.13,21.59,14743,31651483.0,0.0,15,21.169999999999998,0
20250519,1747584000000,21.69,21.69,20.98,21.17,15164,32151432.000000004,0.0,15,21.59,0
20250520,1747670400000,21.169999999999998,21.2,20.29,20.73,36904,76032330.0,0.0,15,21.169999999999998,0
20250521,1747756800000,20.73,20.73,20.06,20.119999999999997,35605,72210939.0,0.0,15,20.73,0
20250522,1747843200000,20.16,20.41,19.96,19.98,19299,38883433.0,0.0,15,20.12,0
20250523,1747929600000,20.110000000000003,20.450000000000003,19.85,19.98,23617,47450772.0,0.0,15,19.98,0
20250526,1748188800000,20.0,20.2,19.95,20.099999999999998,19271,38686023.00000001,0.0,15,19.98,0
20250527,1748275200000,20.08,20.32,19.75,19.92,14749,29345315.0,0.0,15,20.1,0
20250528,1748361600000,19.849999999999998,20.56,19.7,19.82,30810,62073119.0,0.0,15,19.919999999999998,0
20250529,1748448000000,20.0,20.19,19.76,20.14,17559,35219102.0,0.0,15,19.82,0
20250530,1748534400000,14.219999999999999,14.23,13.85,13.9,18693,26129392.0,0.0,15,14.23,0
20250603,1748880000000,13.75,14.14,13.75,14.09,18003,25158710.0,0.0,15,13.9,0
20250604,1748966400000,14.0,14.33,14.0,14.2,16515,23480603.0,0.0,15,14.09,0
20250605,1749052800000,14.19,14.44,14.08,14.33,18118,25973508.0,0.0,15,14.2,0
20250606,1749139200000,14.33,14.520000000000001,14.22,14.4,16807,24178836.0,0.0,15,14.33,0
20250609,1749398400000,14.5,14.58,14.32,14.4,17428,25188872.0,0.0,15,14.4,0
20250610,1749484800000,14.37,14.46,14.08,14.21,22445,32014549.000000004,0.0,15,14.4,0
20250611,1749571200000,14.11,14.44,14.11,14.219999999999999,14787,21113483.000000004,0.0,15,14.209999999999999,0
20250612,1749657600000,14.209999999999999,14.24,14.01,14.14,19203,27040801.0,0.0,15,14.22,0
20250613,1749744000000,14.14,14.180000000000001,13.950000000000001,14.080000000000002,17970,25255774.0,0.0,15,14.14,0
20250616,1750003200000,13.97,14.360000000000001,13.97,14.07,21242,30012058.0,0.0,15,14.08,0
20250617,1750089600000,14.05,14.3,14.0,14.09,31177,43980529.99999999,0.0,15,14.07,0
20250618,1750176000000,14.06,14.17,13.82,14.09,26439,37061305.0,0.0,15,14.09,0
20250619,1750262400000,14.06,14.340000000000002,13.870000000000001,13.9,24242,34075870.00000001,0.0,15,14.090000000000002,0
20250620,1750348800000,13.89,14.12,13.68,13.68,18141,25108778.0,0.0,15,13.9,0
20250623,1750608000000,13.65,13.830000000000002,13.530000000000001,13.830000000000002,13218,18132147.0,0.0,15,13.680000000000001,0
20250624,1750694400000,13.9,14.2,13.83,14.12,22964,32355998.000000004,0.0,15,13.83,0
20250625,1750780800000,14.13,14.290000000000001,14.08,14.26,22188,31503439.999999996,0.0,15,14.12,0
20250626,1750867200000,14.16,14.33,14.09,14.16,20528,29180515.0,0.0,15,14.26,0
20250627,1750953600000,14.16,14.31,14.14,14.17,17113,24286259.0,0.0,15,14.16,0
20250630,1751212800000,14.25,14.72,14.13,14.65,42230,61182823.0,0.0,15,14.17,0
20250701,1751299200000,14.72,14.74,14.450000000000001,14.590000000000002,20299,29589047.0,0.0,15,14.65,0
20250702,1751385600000,14.57,14.590000000000002,14.370000000000001,14.4,21607,31227941.0,0.0,15,14.590000000000002,0
20250703,1751472000000,14.4,14.5,14.3,14.4,20690,29765654.0,0.0,15,14.4,0
20250704,1751558400000,14.43,14.43,14.15,14.17,22108,31509692.000000004,0.0,15,14.4,0
20250707,1751817600000,14.17,14.17,13.86,14.12,20381,28552869.0,0.0,15,14.17,0
20250708,1751904000000,14.120000000000001,14.33,14.05,14.33,22410,31878523.999999996,0.0,15,14.120000000000001,0
20250709,1751990400000,14.33,14.41,14.08,14.19,33987,48214266.0,0.0,15,14.33,0
20250710,1752076800000,14.12,14.26,14.11,14.16,19779,28017535.999999996,0.0,15,14.19,0
20250711,1752163200000,14.190000000000001,14.24,14.040000000000001,14.16,27744,39188344.0,0.0,15,14.16,0
20250714,1752422400000,14.13,14.3,14.120000000000001,14.24,30188,43009044.0,0.0,15,14.16,0
20250715,1752508800000,14.280000000000001,14.290000000000001,13.950000000000001,14.020000000000001,36453,51353354.0,0.0,15,14.24,0
20250716,1752595200000,14.01,14.72,13.97,14.66,72274,104315371.0,0.0,15,14.020000000000001,0
20250717,1752681600000,14.66,14.73,14.5,14.54,32389,47156371.0,0.0,15,14.66,0
20250718,1752768000000,14.6,14.61,14.41,14.61,31748,46091668.00000001,0.0,15,14.540000000000001,0
20250721,1753027200000,15.18,17.49,15.18,17.02,221055,358251512.00000006,0.0,15,14.61,0
20250722,1753113600000,19.000000000000004,19.8,17.400000000000002,19.400000000000002,363791,672343589.0,0.0,15,17.020000000000003,0
20250723,1753200000000,19.000000000000004,19.000000000000004,17.400000000000002,17.400000000000002,276926,501609743.0,0.0,15,19.400000000000002,0
20250724,1753286400000,17.400000000000002,18.180000000000003,17.330000000000002,17.650000000000002,166400,296733034.0,0.0,15,17.400000000000002,0
20250725,1753372800000,17.450000000000003,17.6,16.67,16.75,153986,261217839.00000003,0.0,15,17.650000000000002,0
20250728,1753632000000,16.700000000000003,17.05,16.6,16.860000000000003,76348,127998235.0,0.0,15,16.75,0
20250729,1753718400000,16.86,17.35,16.62,17.150000000000002,90782,154956931.0,0.0,15,16.86,0
20250730,1753804800000,17.080000000000002,17.130000000000003,16.330000000000002,16.330000000000002,102659,170828806.99999997,0.0,15,17.150000000000002,0
20250731,1753891200000,16.3,16.540000000000003,16.1,16.200000000000003,53216,86644460.0,0.0,15,16.330000000000002,0
20250801,1753977600000,16.270000000000003,16.310000000000002,16.1,16.19,33870,54836797.0,0.0,15,16.200000000000003,0
20250804,1754236800000,16.19,16.750000000000004,16.080000000000002,16.67,61321,101462805.00000001,0.0,15,16.19,0
20250805,1754323200000,16.84,16.85,16.46,16.580000000000002,38805,64286864.00000001,0.0,15,16.67,0
20250806,1754409600000,16.66,16.76,16.5,16.66,43574,72432653.00000001,0.0,15,16.58,0
20250807,1754496000000,16.66,16.82,16.48,16.56,39090,65025115.00000001,0.0,15,16.66,0
20250808,1754582400000,16.580000000000002,16.990000000000002,16.490000000000002,16.71,58770,98321315.00000001,0.0,15,16.560000000000002,0
20250811,1754841600000,16.8,17.24,16.7,16.83,57388,96820907.0,0.0,15,16.71,0
20250812,1754928000000,16.86,16.87,16.66,16.69,36584,61244149.0,0.0,15,16.830000000000002,0
20250813,1755014400000,16.72,16.96,16.66,16.9,54243,91238015.00000001,0.0,15,16.69,0
20250814,1755100800000,16.95,16.990000000000002,16.37,16.39,52929,88139346.0,0.0,15,16.900000000000002,0
20250815,1755187200000,16.38,16.7,16.36,16.68,45924,76291211.0,0.0,15,16.39,0
20250818,1755446400000,16.8,17.03,16.6,16.92,56246,94607707.00000001,0.0,15,16.68,0
20250819,1755532800000,17.0,17.02,16.72,16.849999999999998,40479,68204452.0,0.0,15,16.919999999999998,0
20250820,1755619200000,16.82,16.919999999999998,16.68,16.919999999999998,31800,53383961.0,0.0,15,16.85,0
20250821,1755705600000,16.93,16.99,16.75,16.82,40815,68859578.0,0.0,15,16.92,0
20250822,1755792000000,16.86,16.92,16.66,16.85,44896,75366218.0,0.0,15,16.82,0
20250825,1756051200000,16.840000000000003,17.1,16.830000000000002,16.970000000000002,48534,82319745.0,0.0,15,16.85,0
20250826,1756137600000,16.91,17.14,16.77,16.96,45127,76593556.0,0.0,15,16.97,0
20250827,1756224000000,16.939999999999998,17.68,16.9,17.18,102143,176796541.0,0.0,15,16.959999999999997,0
20250828,1756310400000,17.080000000000002,17.650000000000002,16.740000000000002,17.51,116090,198793442.0,0.0,15,17.180000000000003,0
20250829,1756396800000,17.78,18.270000000000003,17.400000000000002,18.060000000000002,143058,256136740.99999997,0.0,15,17.51,0
20250901,1756656000000,17.900000000000002,18.830000000000002,17.900000000000002,18.400000000000002,108380,199785369.0,0.0,15,18.060000000000002,0
20250902,1756742400000,18.419999999999998,18.79,17.45,17.84,107775,193149951.0,0.0,15,18.4,0
20250903,1756828800000,17.99,18.24,17.31,17.34,71321,126851295.00000001,0.0,15,17.84,0
20250904,1756915200000,17.48,17.55,17.03,17.220000000000002,59616,103003863.0,0.0,15,17.34,0
20250905,1757001600000,17.330000000000002,18.060000000000002,17.26,17.950000000000003,60049,106834201.0,0.0,15,17.220000000000002,0
20250908,1757260800000,17.990000000000002,18.55,17.990000000000002,18.51,69777,127606589.0,0.0,15,17.950000000000003,0
20250909,1757347200000,18.42,18.52,17.8,17.900000000000002,56510,101951798.0,0.0,15,18.51,0
20250910,1757433600000,17.95,18.23,17.81,18.06,35828,64377982.00000001,0.0,15,17.9,0
20250911,1757520000000,18.080000000000002,18.14,17.8,18.09,42255,75804022.00000001,0.0,15,18.060000000000002,0
20250912,1757606400000,18.150000000000002,19.880000000000003,17.87,19.48,147712,283124604.00000006,0.0,15,18.09,0
20250915,1757865600000,19.650000000000002,19.650000000000002,18.76,18.990000000000002,84002,159251061.0,0.0,15,19.48,0
20250916,1757952000000,19.0,20.189999999999998,18.86,20.09,117040,230225410.0,0.0,15,18.99,0
20250917,1758038400000,20.0,20.66,19.61,20.43,89255,179200937.00000003,0.0,15,20.09,0
20250918,1758124800000,20.21,20.35,19.43,19.68,89847,178861023.0,0.0,15,20.43,0
20250919,1758211200000,19.88,20.04,19.3,19.66,59698,117305830.00000001,0.0,15,19.68,0
20250922,1758470400000,19.740000000000002,20.14,19.53,20.12,50965,101613669.00000001,0.0,15,19.66,0
20250923,1758556800000,20.029999999999998,20.36,19.04,20.099999999999998,83199,163427069.0,0.0,15,20.119999999999997,0
20250924,1758643200000,19.930000000000003,20.950000000000003,19.830000000000002,20.8,68101,138945520.0,0.0,15,20.1,0
20250925,1758729600000,20.630000000000003,21.03,20.51,20.76,46185,96096973.0,0.0,15,20.8,0
20250926,1758816000000,20.65,21.0,20.18,20.259999999999998,43028,88460050.0,0.0,15,20.759999999999998,0
20250929,1759075200000,20.3,20.6,19.96,20.18,34697,70382006.0,0.0,15,20.26,0
20250930,1759161600000,20.21,20.42,19.85,19.85,35516,71165337.0,0.0,15,20.18,0
20251009,1759939200000,19.94,21.98,19.94,21.48,77216,164256973.0,0.0,15,19.85,0
20251010,1760025600000,21.78,22.270000000000003,21.19,21.71,69933,152530982.0,0.0,15,21.48,0
20251013,1760284800000,20.580000000000002,22.76,20.580000000000002,22.680000000000003,80099,176251985.0,0.0,15,21.67,0
20251014,1760371200000,22.8,22.98,21.98,22.22,59861,133949129.0,0.0,15,22.68,0
20251015,1760457600000,22.2,22.78,22.05,22.740000000000002,40651,91087479.0,0.0,15,22.220000000000002,0
20251016,1760544000000,22.53,22.900000000000002,22.01,22.1,39769,89129616.0,0.0,15,22.740000000000002,0
20251017,1760630400000,22.009999999999998,22.4,21.52,21.62,34790,76149084.00000001,0.0,15,22.099999999999998,0
20251020,1760889600000,21.98,22.6,21.8,22.400000000000002,46414,103200117.0,0.0,15,21.62,0
20251021,1760976000000,22.85,23.32,22.1,22.62,62608,141348217.0,0.0,15,22.400000000000002,0
20251022,1761062400000,23.07,23.07,21.98,22.09,48537,108544067.0,0.0,15,22.62,0
20251023,1761148800000,22.1,22.57,21.51,22.5,54102,118984443.0,0.0,15,22.09,0
20251024,1761235200000,22.55,22.880000000000003,22.330000000000002,22.73,38301,86770080.0,0.0,15,22.500000000000004,0
20251027,1761494400000,22.9,24.22,22.88,24.02,73946,175622684.0,0.0,15,22.73,0
20251028,1761580800000,24.500000000000004,24.500000000000004,23.580000000000002,23.790000000000003,57980,138586194.00000003,0.0,15,24.020000000000003,0
20251029,1761667200000,24.04,24.44,23.41,23.9,55726,133437470.0,0.0,15,23.79,0
20251030,1761753600000,23.830000000000002,23.900000000000002,22.900000000000002,23.19,64871,150622278.0,0.0,15,23.900000000000002,0
20251031,1761840000000,23.240000000000002,24.98,23.240000000000002,24.080000000000002,88224,213064955.0,0.0,15,23.19,0
20251103,1762099200000,24.0,24.72,23.61,24.58,52185,125856543.0,0.0,15,24.08,0
20251104,1762185600000,24.580000000000002,25.48,24.240000000000002,24.380000000000003,73843,183185298.00000003,0.0,15,24.580000000000002,0
20251105,1762272000000,24.240000000000002,25.07,24.080000000000002,25.07,44124,108361741.0,0.0,15,24.380000000000003,0
20251106,1762358400000,25.2,26.18,24.95,26.05,63141,162618773.0,0.0,15,25.07,0
20251107,1762444800000,26.160000000000004,27.470000000000002,25.900000000000002,27.250000000000004,96393,259362902.0,0.0,15,26.05,0
20251110,1762704000000,27.58,27.8,26.29,27.7,89521,241041026.00000003,0.0,15,27.25,0
20251111,1762790400000,27.580000000000002,28.830000000000002,27.39,27.580000000000002,86118,241824211.0,0.0,15,27.7,0
20251112,1762876800000,27.31,28.45,26.91,27.71,59453,163861112.0,0.0,15,27.580000000000002,0
20251113,1762963200000,27.82,28.5,27.32,28.240000000000002,55332,154385823.00000003,0.0,15,27.71,0
20251114,1763049600000,28.0,28.18,27.1,27.110000000000003,66830,184602107.0,0.0,15,28.240000000000002,0
20251117,1763308800000,27.000000000000004,27.69,26.990000000000002,27.000000000000004,42379,115368743.00000001,0.0,15,27.110000000000003,0
20251118,1763395200000,27.040000000000003,27.410000000000004,25.900000000000002,26.35,63148,166755498.0,0.0,15,27.000000000000004,0
20251119,1763481600000,26.53,26.53,25.76,26.26,43528,113541137.00000001,0.0,15,26.35,0
20251120,1763568000000,26.0,26.65,26.0,26.21,27574,72489191.00000001,0.0,15,26.26,0
20251121,1763654400000,26.18,26.64,25.47,25.549999999999997,49665,128735504.0,0.0,15,26.209999999999997,0
20251124,1763913600000,25.55,25.950000000000003,24.830000000000002,25.590000000000003,43628,111071655.0,0.0,15,25.55,0
20251125,1764000000000,25.82,26.35,25.52,25.99,30442,79123547.0,0.0,15,25.59,0
20251126,1764086400000,26.07,26.55,25.5,25.55,46073,120004638.0,0.0,15,25.99,0
20251127,1764172800000,25.27,25.63,24.22,25.259999999999998,89660,223752393.00000003,0.0,15,25.549999999999997,0
20251128,1764259200000,25.34,26.87,25.11,26.61,76477,200585433.0,0.0,15,25.259999999999998,0
20251201,1764518400000,26.82,26.86,26.27,26.4,44394,117798345.99999999,0.0,15,26.61,0
20251202,1764604800000,26.47,26.86,26.11,26.39,33034,87665383.00000001,0.0,15,26.4,0
20251203,1764691200000,26.6,28.39,26.42,28.060000000000002,94419,259783697.00000003,0.0,15,26.39,0
20251204,1764777600000,28.11,28.75,27.71,27.830000000000002,70470,198768984.0,0.0,15,28.060000000000002,0
20251205,1764864000000,27.73,28.759999999999998,27.38,28.33,47467,133798617.0,0.0,15,27.83,0
20251208,1765123200000,28.35,32.2,28.35,31.57,130644,400763370.00000006,0.0,15,28.330000000000002,0
20251209,1765209600000,31.0,32.1,30.91,32.01,68545,217753145.0,0.0,15,31.57,0
20251210,1765296000000,32.0,32.33,31.64,31.96,48813,156149212.0,0.0,15,32.01,0
20251211,1765382400000,32.0,32.58,31.55,31.96,46225,147977991.0,0.0,15,31.96,0
20251212,1765468800000,31.8,33.18,31.8,32.9,72239,236244422.0,0.0,15,31.96,0
20251215,1765728000000,33.1,33.879999999999995,32.58,33.199999999999996,76464,254584235.99999997,0.0,15,32.9,0
20251216,1765814400000,32.75,32.93,30.96,31.46,81336,257610436.00000003,0.0,15,33.2,0
20251217,1765900800000,31.450000000000003,31.76,30.080000000000002,31.55,68859,212907014.0,0.0,15,31.46,0
20251218,1765987200000,31.490000000000002,31.98,31.28,31.490000000000002,34296,108439039.99999999,0.0,15,31.55,0
20251219,1766073600000,31.89,32.3,31.13,31.27,35124,111114329.0,0.0,15,31.49,0
20251222,1766332800000,31.48,32.5,30.82,31.59,49945,157722430.0,0.0,15,31.27,0
20251223,1766419200000,31.6,32.0,31.35,31.68,25217,79872643.0,0.0,15,31.59,0
20251224,1766505600000,31.88,33.56,31.23,32.230000000000004,89045,289398127.00000006,0.0,15,31.68,0
20251225,1766592000000,32.38,33.96,31.91,33.54,74947,248437739.00000003,0.0,15,32.23,0
20251226,1766678400000,33.519999999999996,35.0,33.22,34.9,86786,300260871.0,0.0,15,33.54,0
20251229,1766937600000,34.910000000000004,35.5,34.02,34.900000000000006,70720,245915929.0,0.0,15,34.900000000000006,0
20251230,1767024000000,34.400000000000006,35.25,34.06,34.96,71660,248205708.0,0.0,15,34.900000000000006,0
20251231,1767110400000,34.800000000000004,35.290000000000006,33.63,34.28,57300,196410022.0,0.0,15,34.96,0
20260105,1767542400000,34.28,35.92,33.5,35.61,67478,235408770.0,0.0,15,34.28,0
20260106,1767628800000,35.63,37.68000000000001,35.410000000000004,37.24,73732,270643999.0,0.0,15,35.61000000000001,0
20260107,1767715200000,36.879999999999995,39.28,36.72,38.83,100541,385650216.0,0.0,15,37.24,0
20260108,1767801600000,38.830000000000005,40.49,38.59,39.85,108439,430555954.0,0.0,15,38.830000000000005,0
20260109,1767888000000,39.85,41.36,38.11,41.16,116758,469235817.99999994,0.0,15,39.85,0
20260112,1768147200000,42.0,42.6,41.17,41.260000000000005,82320,343116659.0,0.0,15,41.160000000000004,0
20260113,1768233600000,41.5,42.32,40.63,41.36,64583,268002186.0,0.0,15,41.260000000000005,0
20260114,1768320000000,41.4,42.5,40.6,41.39,66847,277161065.00000006,0.0,15,41.36,0
20260115,1768406400000,41.14,41.98,40.86,41.78,54558,226564305.00000003,0.0,15,41.39,0
20260116,1768492800000,42.5,45.68,42.01,45.05,94117,414423251.00000006,0.0,15,41.78,0
20260119,1768752000000,45.25,48.28,45.25,48.18,86675,409070114.0,0.0,15,45.05,0
20260120,1768838400000,48.19,50.379999999999995,47.72,50.379999999999995,82524,405253234.0,0.0,15,48.18,0
20260121,1768924800000,50.05,54.55,49.61,54.42,97982,516798919.00000006,0.0,15,50.38,0
20260122,1769011200000,55.489999999999995,55.489999999999995,49.94,51.599999999999994,147990,769889623.0000001,0.0,15,54.42,0
20260123,1769097600000,51.66,53.2,51.0,53.19,66416,346180030.0,0.0,15,51.6,0
20260126,1769356800000,53.400000000000006,56.88,52.620000000000005,55.650000000000006,88261,487496271.0,0.0,15,53.190000000000005,0
20260127,1769443200000,55.0,56.370000000000005,52.31,54.31,82736,445040722.0,0.0,15,55.650000000000006,0
20260128,1769529600000,54.1,55.2,51.77,55.0,80168,428366210.0,0.0,15,54.31,0
20260129,1769616000000,55.0,55.489999999999995,52.9,53.3,58456,314365286.0,0.0,15,55.0,0
20260130,1769702400000,52.24,54.8,51.68,54.17,77507,414475994.00000006,0.0,15,53.3,0
20260202,1769961600000,55.0,55.0,49.0,49.16,90587,463677516.0,0.0,15,54.17,0
20260203,1770048000000,50.18,51.81,49.0,51.45,62991,320189697.99999994,0.0,15,49.16,0
20260204,1770134400000,51.400000000000006,51.800000000000004,49.38,50.61,50058,251593970.0,0.0,15,51.45,0
20260205,1770220800000,50.39,50.75,48.660000000000004,49.300000000000004,36983,183325835.99999997,0.0,15,50.61000000000001,0
20260206,1770307200000,48.9,49.800000000000004,48.17,48.27,44734,218691769.00000003,0.0,15,49.300000000000004,0
20260209,1770566400000,49.29,52.199999999999996,48.22,51.81,62806,318837625.0,0.0,15,48.269999999999996,0
20260210,1770652800000,52.5,53.56,51.22,51.9,54811,285773281.0,0.0,15,51.81,0
20260211,1770739200000,51.9,54.49,51.85,52.550000000000004,61359,325680371.00000006,0.0,15,51.9,0
20260212,1770825600000,53.82,57.260000000000005,53.06,54.84,145415,803695197.0000001,0.0,15,52.550000000000004,0
20260213,1770912000000,54.010000000000005,54.5,52.2,53.0,77078,409984302.0,0.0,15,54.84,0
20260224,1771862400000,53.9,54.48,52.4,53.23,66392,353037783.99999994,0.0,15,53.0,0
20260225,1771948800000,53.73,57.5,52.86,57.47,84718,468753588.0,0.0,15,53.23,0
20260226,1772035200000,58.1,62.660000000000004,58.1,59.93,125594,757653751.0,0.0,15,57.47,0
20260227,1772121600000,60.1,65.5,59.1,64.45,147067,916750630.0000001,0.0,15,59.93,0
20260302,1772380800000,64.63,75.34,64.63,74.1,182527,1328534257.0,0.0,15,64.44999999999999,0
20260303,1772467200000,73.63000000000001,74.29,70.4,70.92,113018,813694090.0000001,0.0,15,74.10000000000001,0
20260304,1772553600000,69.43,73.5,69.2,71.44,61716,442203315.0,0.0,15,70.92,0
20260305,1772640000000,72.86,75.5,72.05,74.19,78864,584865884.9999999,0.0,15,71.44,0
20260306,1772726400000,75.50999999999999,77.39999999999999,74.02,76.67,84284,638170187.0,0.0,15,74.19,0
20260309,1772985600000,74.67,77.78,71.77,75.19,130680,972979690.0,0.0,15,76.67,0
20260310,1773072000000,76.98,82.0,75.19,80.05,111097,879390803.0,0.0,15,75.19,0
20260311,1773158400000,82.38000000000001,82.54,78.23,80.82000000000001,82420,657122413.0,0.0,15,80.05,0
20260312,1773244800000,81.89,84.79,79.12,81.30000000000001,71840,588067154.0,0.0,15,80.82000000000001,0
20260313,1773331200000,79.88000000000001,79.91000000000001,75.21000000000001,75.99000000000001,126930,977623192.0,0.0,15,81.30000000000001,0
20260316,1773590400000,77.11,77.88,71.0,74.62,128099,937088669.0,0.0,15,75.99,0
20260317,1773676800000,75.35000000000001,75.35000000000001,71.23,71.23,74281,540661073.0000001,0.0,15,74.62,0
20260318,1773763200000,71.59,72.98,70.04,72.0,83651,597425925.0,0.0,15,71.23,0
20260319,1773849600000,71.0,71.18,66.61,67.24,108056,741434701.0,0.0,15,72.0,0
20260320,1773936000000,68.4,69.12,64.0,64.18,95251,632027021.0,0.0,15,67.24,0
20260323,1774195200000,63.0,63.98,58.61,59.83,115367,701235908.0000001,0.0,15,64.18,0
20260324,1774281600000,61.0,63.68,60.14,62.96,78149,483691721.0,0.0,15,59.83,0
20260325,1774368000000,65.0,68.68,64.01,68.13000000000001,106226,708517126.0,0.0,15,62.96000000000001,0
20260326,1774454400000,67.14,68.3,65.6,65.89999999999999,57771,386726865.0,0.0,15,68.13,0
20260327,1774540800000,65.0,66.5,63.0,65.42,68914,446650330.0,0.0,15,65.9,0
20260330,1774800000000,70.0,74.39999999999999,67.85,72.99,171960,1222625341.0,0.0,15,65.41999999999999,0
20260331,1774886400000,75.06,76.0,66.51,70.0,233598,1674865239.0,0.0,15,72.99000000000001,0
20260401,1774972800000,71.51,74.26,69.0,71.0,135064,967016771.0000001,0.0,15,70.0,0
20260402,1775059200000,69.15,69.5,63.5,64.82,144058,941697420.9999999,0.0,15,71.0,0
20260403,1775145600000,65.45,66.03,64.29,64.93,81401,530416601.0,0.0,15,64.82000000000001,0
20260407,1775491200000,65.69000000000001,69.35000000000001,64.68,68.28,94120,638247668.0,0.0,15,64.93,0
20260408,1775577600000,72.0,72.48,70.34,71.85000000000001,78168,559120551.0,0.0,15,68.28,0
20260409,1775664000000,70.9,75.31,70.2,73.36,89066,656100092.9999999,0.0,15,71.85000000000001,0
20260410,1775750400000,74.0,75.0,71.67,72.98,74040,538455455.0,0.0,15,73.36,0
20260413,1776009600000,72.5,74.99000000000001,72.01,73.38000000000001,62898,461072455.0,0.0,15,72.98,0
20260414,1776096000000,73.4,79.23,72.9,78.08000000000001,116812,896955389.0,0.0,15,73.38000000000001,0
20260415,1776182400000,78.08,78.21000000000001,74.31,74.63,98746,749237970.0,0.0,15,78.08,0
20260416,1776268800000,76.0,80.53,75.11,79.32,122565,958560239.0,0.0,15,74.63,0
20260417,1776355200000,78.78999999999999,82.84,77.91,81.55,112164,906016496.0000001,0.0,15,79.32,0
20260420,1776614400000,81.52000000000001,81.99000000000001,76.4,77.02000000000001,132331,1030929274.0,0.0,15,81.55000000000001,0
20260421,1776700800000,77.0,79.13,76.0,76.64,74346,574881857.0000001,0.0,15,77.02,0
20260422,1776787200000,75.81,78.77,74.97,77.15,67092,514800503.99999994,0.0,15,76.64,0
20260423,1776873600000,77.14999999999999,77.35,72.44,74.09,73192,543583935.9999999,0.0,15,77.14999999999999,0
20260424,1776960000000,73.78999999999999,75.67,73.13,73.33,48957,362269560.0,0.0,15,74.08999999999999,0
20260427,1777219200000,73.02,74.66,72.25,73.5,58352,427829891.0,0.0,15,73.33,0
20260428,1777305600000,73.52,75.91,73.13,74.49,71755,536254090.00000006,0.0,15,73.5,0
20260429,1777392000000,74.37,79.45,74.15,79.43,94851,730934154.0,0.0,15,74.49000000000001,0
20260430,1777478400000,81.00999999999999,81.1,75.44,75.88,116218,896175462.0,0.0,15,79.42999999999999,0
20260506,1777996800000,76.47,77.5,75.06,76.60000000000001,89174,682372231.0,0.0,15,75.88,0
20260507,1778083200000,76.80000000000001,79.13000000000001,74.82000000000001,76.15,115471,890205249.0,0.0,15,76.60000000000001,0
20260508,1778169600000,75.42000000000002,75.54,71.60000000000001,73.64000000000001,104284,761999081.0,0.0,15,76.15,0
20260511,1778428800000,73.96,75.01,71.83,72.39999999999999,105496,771003976.0,0.0,15,73.64,0
20260512,1778515200000,72.51,75.55,71.03,75.15,102501,750614106.0,0.0,15,72.4,0
20260513,1778601600000,74.42,84.80000000000001,73.57000000000001,83.85000000000001,200407,1616311413.0,0.0,15,75.15,0
20260514,1778688000000,83.64,85.63,81.64,82.87,124874,1046571916.0,0.0,15,83.85,0
20260515,1778774400000,83.2,84.17,78.5,80.3,103271,833149358.0,0.0,15,82.87,0
20260518,1779033600000,79.07,86.68,78.11,83.3,121025,1009008366.0,0.0,15,80.3,0
20260519,1779120000000,83.30000000000001,83.88000000000001,79.07000000000001,83.37,88426,720993889.0,0.0,15,83.30000000000001,0
20260520,1779206400000,83.5,91.0,83.5,87.28,130601,1141343338.0,0.0,15,83.37,0
20260521,1779292800000,87.49,91.55,84.0,84.99,152355,1347219016.9999998,0.0,15,87.28,0
20260522,1779379200000,86.17,98.1,86.17,96.84,235526,2195366539.0000005,0.0,15,84.99,0
20260525,1779638400000,101.01,104.31,98.5,102.53,237483,2403289053.0,0.0,15,96.84,0
20260526,1779724800000,100.00000000000001,102.28,93.60000000000001,100.54,193076,1885829064.0,0.0,15,102.53,0
