date,time,open,high,low,close,volume,amount,settelementPrice,openInterest,preClose,suspendFlag
20200716,1594828800000,,,,,0,0.0,0.0,0,,1
20200717,1594915200000,,,,,0,0.0,0.0,0,,1
20200720,1595174400000,,,,,0,0.0,0.0,0,,1
20200721,1595260800000,,,,,0,0.0,0.0,0,,1
20200722,1595347200000,,,,,0,0.0,0.0,0,,1
20200723,1595433600000,,,,,0,0.0,0.0,0,,1
20200724,1595520000000,,,,,0,0.0,0.0,0,,1
20200727,1595779200000,,,,,0,0.0,0.0,0,,1
20200728,1595865600000,,,,,0,0.0,0.0,0,,1
20200729,1595952000000,,,,,0,0.0,0.0,0,,1
20200730,1596038400000,,,,,0,0.0,0.0,0,,1
20200731,1596124800000,,,,,0,0.0,0.0,0,,1
20200803,1596384000000,,,,,0,0.0,0.0,0,,1
20200804,1596470400000,,,,,0,0.0,0.0,0,,1
20200805,1596556800000,,,,,0,0.0,0.0,0,,1
20200806,1596643200000,,,,,0,0.0,0.0,0,,1
20200807,1596729600000,,,,,0,0.0,0.0,0,,1
20200810,1596988800000,,,,,0,0.0,0.0,0,,1
20200811,1597075200000,,,,,0,0.0,0.0,0,,1
20200812,1597161600000,,,,,0,0.0,0.0,0,,1
20200813,1597248000000,,,,,0,0.0,0.0,0,,1
20200814,1597334400000,,,,,0,0.0,0.0,0,,1
20200817,1597593600000,,,,,0,0.0,0.0,0,,1
20200818,1597680000000,,,,,0,0.0,0.0,0,,1
20200819,1597766400000,,,,,0,0.0,0.0,0,,1
20200820,1597852800000,,,,,0,0.0,0.0,0,,1
20200821,1597939200000,,,,,0,0.0,0.0,0,,1
20200824,1598198400000,,,,,0,0.0,0.0,0,,1
20200825,1598284800000,,,,,0,0.0,0.0,0,,1
20200826,1598371200000,,,,,0,0.0,0.0,0,,1
20200827,1598457600000,,,,,0,0.0,0.0,0,,1
20200828,1598544000000,,,,,0,0.0,0.0,0,,1
20200831,1598803200000,,,,,0,0.0,0.0,0,,1
20200901,1598889600000,,,,,0,0.0,0.0,0,,1
20200902,1598976000000,,,,,0,0.0,0.0,0,,1
20200903,1599062400000,,,,,0,0.0,0.0,0,,1
20200904,1599148800000,,,,,0,0.0,0.0,0,,1
20200907,1599408000000,,,,,0,0.0,0.0,0,,1
20200908,1599494400000,,,,,0,0.0,0.0,0,,1
20200909,1599580800000,,,,,0,0.0,0.0,0,,1
20200910,1599667200000,,,,,0,0.0,0.0,0,,1
20200911,1599753600000,,,,,0,0.0,0.0,0,,1
20200914,1600012800000,,,,,0,0.0,0.0,0,,1
20200915,1600099200000,,,,,0,0.0,0.0,0,,1
20200916,1600185600000,,,,,0,0.0,0.0,0,,1
20200917,1600272000000,,,,,0,0.0,0.0,0,,1
20200918,1600358400000,,,,,0,0.0,0.0,0,,1
20200921,1600617600000,,,,,0,0.0,0.0,0,,1
20200922,1600704000000,,,,,0,0.0,0.0,0,,1
20200923,1600790400000,,,,,0,0.0,0.0,0,,1
20200924,1600876800000,,,,,0,0.0,0.0,0,,1
20200925,1600963200000,,,,,0,0.0,0.0,0,,1
20200928,1601222400000,,,,,0,0.0,0.0,0,,1
20200929,1601308800000,,,,,0,0.0,0.0,0,,1
20200930,1601395200000,,,,,0,0.0,0.0,0,,1
20201009,1602172800000,,,,,0,0.0,0.0,0,,1
20201012,1602432000000,,,,,0,0.0,0.0,0,,1
20201013,1602518400000,,,,,0,0.0,0.0,0,,1
20201014,1602604800000,,,,,0,0.0,0.0,0,,1
20201015,1602691200000,,,,,0,0.0,0.0,0,,1
20201016,1602777600000,,,,,0,0.0,0.0,0,,1
20201019,1603036800000,,,,,0,0.0,0.0,0,,1
20201020,1603123200000,,,,,0,0.0,0.0,0,,1
20201021,1603209600000,,,,,0,0.0,0.0,0,,1
20201022,1603296000000,,,,,0,0.0,0.0,0,,1
20201023,1603382400000,,,,,0,0.0,0.0,0,,1
20201026,1603641600000,,,,,0,0.0,0.0,0,,1
20201027,1603728000000,,,,,0,0.0,0.0,0,,1
20201028,1603814400000,,,,,0,0.0,0.0,0,,1
20201029,1603900800000,,,,,0,0.0,0.0,0,,1
20201030,1603987200000,,,,,0,0.0,0.0,0,,1
20201102,1604246400000,,,,,0,0.0,0.0,0,,1
20201103,1604332800000,,,,,0,0.0,0.0,0,,1
20201104,1604419200000,,,,,0,0.0,0.0,0,,1
20201105,1604505600000,,,,,0,0.0,0.0,0,,1
20201106,1604592000000,,,,,0,0.0,0.0,0,,1
20201109,1604851200000,,,,,0,0.0,0.0,0,,1
20201110,1604937600000,,,,,0,0.0,0.0,0,,1
20201111,1605024000000,,,,,0,0.0,0.0,0,,1
20201112,1605110400000,,,,,0,0.0,0.0,0,,1
20201113,1605196800000,,,,,0,0.0,0.0,0,,1
20201116,1605456000000,,,,,0,0.0,0.0,0,,1
20201117,1605542400000,,,,,0,0.0,0.0,0,,1
20201118,1605628800000,,,,,0,0.0,0.0,0,,1
20201119,1605715200000,,,,,0,0.0,0.0,0,,1
20201120,1605801600000,,,,,0,0.0,0.0,0,,1
20201123,1606060800000,,,,,0,0.0,0.0,0,,1
20201124,1606147200000,,,,,0,0.0,0.0,0,,1
20201125,1606233600000,,,,,0,0.0,0.0,0,,1
20201126,1606320000000,,,,,0,0.0,0.0,0,,1
20201127,1606406400000,,,,,0,0.0,0.0,0,,1
20201130,1606665600000,,,,,0,0.0,0.0,0,,1
20201201,1606752000000,,,,,0,0.0,0.0,0,,1
20201202,1606838400000,,,,,0,0.0,0.0,0,,1
20201203,1606924800000,,,,,0,0.0,0.0,0,,1
20201204,1607011200000,,,,,0,0.0,0.0,0,,1
20201207,1607270400000,,,,,0,0.0,0.0,0,,1
20201208,1607356800000,,,,,0,0.0,0.0,0,,1
20201209,1607443200000,,,,,0,0.0,0.0,0,,1
20201210,1607529600000,,,,,0,0.0,0.0,0,,1
20201211,1607616000000,,,,,0,0.0,0.0,0,,1
20201214,1607875200000,,,,,0,0.0,0.0,0,,1
20201215,1607961600000,,,,,0,0.0,0.0,0,,1
20201216,1608048000000,,,,,0,0.0,0.0,0,,1
20201217,1608134400000,,,,,0,0.0,0.0,0,,1
20201218,1608220800000,,,,,0,0.0,0.0,0,,1
20201221,1608480000000,,,,,0,0.0,0.0,0,,1
20201222,1608566400000,,,,,0,0.0,0.0,0,,1
20201223,1608652800000,,,,,0,0.0,0.0,0,,1
20201224,1608739200000,,,,,0,0.0,0.0,0,,1
20201225,1608825600000,,,,,0,0.0,0.0,0,,1
20201228,1609084800000,,,,,0,0.0,0.0,0,,1
20201229,1609171200000,,,,,0,0.0,0.0,0,,1
20201230,1609257600000,,,,,0,0.0,0.0,0,,1
20201231,1609344000000,,,,,0,0.0,0.0,0,,1
20210104,1609689600000,,,,,0,0.0,0.0,0,,1
20210105,1609776000000,,,,,0,0.0,0.0,0,,1
20210106,1609862400000,,,,,0,0.0,0.0,0,,1
20210107,1609948800000,,,,,0,0.0,0.0,0,,1
20210108,1610035200000,,,,,0,0.0,0.0,0,,1
20210111,1610294400000,,,,,0,0.0,0.0,0,,1
20210112,1610380800000,,,,,0,0.0,0.0,0,,1
20210113,1610467200000,,,,,0,0.0,0.0,0,,1
20210114,1610553600000,,,,,0,0.0,0.0,0,,1
20210115,1610640000000,,,,,0,0.0,0.0,0,,1
20210118,1610899200000,,,,,0,0.0,0.0,0,,1
20210119,1610985600000,,,,,0,0.0,0.0,0,,1
20210120,1611072000000,,,,,0,0.0,0.0,0,,1
20210121,1611158400000,,,,,0,0.0,0.0,0,,1
20210122,1611244800000,,,,,0,0.0,0.0,0,,1
20210125,1611504000000,,,,,0,0.0,0.0,0,,1
20210126,1611590400000,,,,,0,0.0,0.0,0,,1
20210127,1611676800000,,,,,0,0.0,0.0,0,,1
20210128,1611763200000,,,,,0,0.0,0.0,0,,1
20210129,1611849600000,,,,,0,0.0,0.0,0,,1
20210201,1612108800000,,,,,0,0.0,0.0,0,,1
20210202,1612195200000,,,,,0,0.0,0.0,0,,1
20210203,1612281600000,,,,,0,0.0,0.0,0,,1
20210204,1612368000000,,,,,0,0.0,0.0,0,,1
20210205,1612454400000,,,,,0,0.0,0.0,0,,1
20210208,1612713600000,,,,,0,0.0,0.0,0,,1
20210209,1612800000000,,,,,0,0.0,0.0,0,,1
20210210,1612886400000,,,,,0,0.0,0.0,0,,1
20210218,1613577600000,,,,,0,0.0,0.0,0,,1
20210219,1613664000000,,,,,0,0.0,0.0,0,,1
20210222,1613923200000,,,,,0,0.0,0.0,0,,1
20210223,1614009600000,,,,,0,0.0,0.0,0,,1
20210224,1614096000000,,,,,0,0.0,0.0,0,,1
20210225,1614182400000,,,,,0,0.0,0.0,0,,1
20210226,1614268800000,,,,,0,0.0,0.0,0,,1
20210301,1614528000000,,,,,0,0.0,0.0,0,,1
20210302,1614614400000,,,,,0,0.0,0.0,0,,1
20210303,1614700800000,,,,,0,0.0,0.0,0,,1
20210304,1614787200000,,,,,0,0.0,0.0,0,,1
20210305,1614873600000,,,,,0,0.0,0.0,0,,1
20210308,1615132800000,,,,,0,0.0,0.0,0,,1
20210309,1615219200000,,,,,0,0.0,0.0,0,,1
20210310,1615305600000,,,,,0,0.0,0.0,0,,1
20210311,1615392000000,,,,,0,0.0,0.0,0,,1
20210312,1615478400000,,,,,0,0.0,0.0,0,,1
20210315,1615737600000,,,,,0,0.0,0.0,0,,1
20210316,1615824000000,,,,,0,0.0,0.0,0,,1
20210317,1615910400000,,,,,0,0.0,0.0,0,,1
20210318,1615996800000,,,,,0,0.0,0.0,0,,1
20210319,1616083200000,,,,,0,0.0,0.0,0,,1
20210322,1616342400000,,,,,0,0.0,0.0,0,,1
20210323,1616428800000,,,,,0,0.0,0.0,0,,1
20210324,1616515200000,,,,,0,0.0,0.0,0,,1
20210325,1616601600000,,,,,0,0.0,0.0,0,,1
20210326,1616688000000,,,,,0,0.0,0.0,0,,1
20210329,1616947200000,,,,,0,0.0,0.0,0,,1
20210330,1617033600000,,,,,0,0.0,0.0,0,,1
20210331,1617120000000,,,,,0,0.0,0.0,0,,1
20210401,1617206400000,,,,,0,0.0,0.0,0,,1
20210402,1617292800000,,,,,0,0.0,0.0,0,,1
20210406,1617638400000,,,,,0,0.0,0.0,0,,1
20210407,1617724800000,,,,,0,0.0,0.0,0,,1
20210408,1617811200000,,,,,0,0.0,0.0,0,,1
20210409,1617897600000,,,,,0,0.0,0.0,0,,1
20210412,1618156800000,,,,,0,0.0,0.0,0,,1
20210413,1618243200000,,,,,0,0.0,0.0,0,,1
20210414,1618329600000,,,,,0,0.0,0.0,0,,1
20210415,1618416000000,,,,,0,0.0,0.0,0,,1
20210416,1618502400000,,,,,0,0.0,0.0,0,,1
20210419,1618761600000,,,,,0,0.0,0.0,0,,1
20210420,1618848000000,,,,,0,0.0,0.0,0,,1
20210421,1618934400000,,,,,0,0.0,0.0,0,,1
20210422,1619020800000,,,,,0,0.0,0.0,0,,1
20210423,1619107200000,,,,,0,0.0,0.0,0,,1
20210426,1619366400000,,,,,0,0.0,0.0,0,,1
20210427,1619452800000,,,,,0,0.0,0.0,0,,1
20210428,1619539200000,,,,,0,0.0,0.0,0,,1
20210429,1619625600000,,,,,0,0.0,0.0,0,,1
20210430,1619712000000,,,,,0,0.0,0.0,0,,1
20210506,1620230400000,,,,,0,0.0,0.0,0,,1
20210507,1620316800000,,,,,0,0.0,0.0,0,,1
20210510,1620576000000,,,,,0,0.0,0.0,0,,1
20210511,1620662400000,,,,,0,0.0,0.0,0,,1
20210512,1620748800000,,,,,0,0.0,0.0,0,,1
20210513,1620835200000,,,,,0,0.0,0.0,0,,1
20210514,1620921600000,,,,,0,0.0,0.0,0,,1
20210517,1621180800000,,,,,0,0.0,0.0,0,,1
20210518,1621267200000,,,,,0,0.0,0.0,0,,1
20210519,1621353600000,11.01,13.0,11.0,11.75,2536991,2942810949.0,0.0,15,5.4399999999999995,0
20210520,1621440000000,11.25,12.16,10.8,11.15,1697618,1932997145.0,0.0,15,11.75,0
20210521,1621526400000,10.790000000000001,10.790000000000001,10.05,10.08,1258384,1308352890.0,0.0,15,11.15,0
20210524,1621785600000,10.08,10.379999999999999,9.94,10.059999999999999,723528,735052394.0,0.0,15,10.08,0
20210525,1621872000000,10.010000000000002,10.170000000000002,9.63,9.760000000000002,730407,716080921.0,0.0,15,10.06,0
20210526,1621958400000,9.780000000000001,9.9,9.57,9.780000000000001,618465,602570344.0,0.0,15,9.76,0
20210527,1622044800000,9.770000000000001,10.25,9.63,10.110000000000001,762264,759091589.0,0.0,15,9.780000000000001,0
20210528,1622131200000,10.04,10.1,9.69,9.7,545850,539153144.0,0.0,15,10.11,0
20210531,1622390400000,9.3,9.3,8.91,9.08,702025,637810973.0,0.0,15,9.7,0
20210601,1622476800000,9.08,9.27,9.03,9.17,353528,324119705.0,0.0,15,9.08,0
20210602,1622563200000,9.120000000000001,9.280000000000001,9.06,9.22,356870,327546942.0,0.0,15,9.17,0
20210603,1622649600000,9.17,9.350000000000001,9.13,9.190000000000001,343059,316693240.0,0.0,15,9.22,0
20210604,1622736000000,9.16,9.18,9.02,9.04,272575,247848761.0,0.0,15,9.19,0
20210607,1622995200000,9.02,9.09,8.94,8.959999999999999,213026,191347528.0,0.0,15,9.04,0
20210608,1623081600000,8.96,9.120000000000001,8.950000000000001,9.090000000000002,195473,176694900.0,0.0,15,8.96,0
20210609,1623168000000,9.049999999999999,9.23,9.01,9.17,231190,211568099.00000003,0.0,15,9.09,0
20210610,1623254400000,9.2,9.22,9.09,9.1,208724,190902204.00000003,0.0,15,9.17,0
20210611,1623340800000,9.110000000000001,9.200000000000001,8.98,8.99,254548,231100119.0,0.0,15,9.1,0
20210615,1623686400000,8.98,9.04,8.6,8.61,335252,292697270.0,0.0,15,8.99,0
20210616,1623772800000,8.63,8.76,8.57,8.65,161574,139972828.0,0.0,15,8.61,0
20210617,1623859200000,8.64,8.83,8.63,8.700000000000001,166362,145347596.0,0.0,15,8.65,0
20210618,1623945600000,8.77,8.79,8.61,8.7,173457,150671042.0,0.0,15,8.7,0
20210621,1624204800000,8.7,9.17,8.68,9.12,360916,323066567.0,0.0,15,8.7,0
20210622,1624291200000,9.14,9.32,8.98,9.22,373131,343117411.0,0.0,15,9.120000000000001,0
20210623,1624377600000,9.14,9.64,9.14,9.290000000000001,447820,421539129.0,0.0,15,9.22,0
20210624,1624464000000,9.29,9.29,9.03,9.04,302438,276138322.0,0.0,15,9.29,0
20210625,1624550400000,9.010000000000002,9.100000000000001,8.88,8.96,211456,189528769.99999997,0.0,15,9.040000000000001,0
20210628,1624809600000,8.97,9.06,8.96,8.98,152090,136895279.0,0.0,15,8.96,0
20210629,1624896000000,9.0,9.03,8.77,8.78,180162,159515652.0,0.0,15,8.98,0
20210630,1624982400000,8.78,8.889999999999999,8.77,8.799999999999999,126261,111227256.0,0.0,15,8.78,0
20210701,1625068800000,8.790000000000001,8.84,8.64,8.65,178588,155515520.0,0.0,15,8.8,0
20210702,1625155200000,8.64,8.76,8.56,8.65,164860,143007964.0,0.0,15,8.65,0
20210705,1625414400000,8.889999999999999,9.1,8.78,9.049999999999999,352513,315745417.0,0.0,15,8.649999999999999,0
20210706,1625500800000,8.930000000000001,9.07,8.870000000000001,8.920000000000002,194219,173747516.0,0.0,15,9.05,0
20210707,1625587200000,8.88,9.030000000000001,8.88,9.0,153773,138028952.0,0.0,15,8.92,0
20210708,1625673600000,9.06,9.06,8.950000000000001,8.98,159474,143470076.0,0.0,15,9.000000000000002,0
20210709,1625760000000,8.940000000000001,8.96,8.81,8.940000000000001,136031,120943080.99999999,0.0,15,8.98,0
20210712,1626019200000,8.959999999999999,9.04,8.92,9.03,166585,149772564.0,0.0,15,8.94,0
20210713,1626105600000,9.03,9.530000000000001,8.99,9.39,493264,460316026.0,0.0,15,9.03,0
20210714,1626192000000,9.43,9.57,9.25,9.32,312132,292892450.00000006,0.0,15,9.39,0
20210715,1626278400000,9.28,9.65,9.24,9.55,444871,422724769.0,0.0,15,9.32,0
20210716,1626364800000,9.680000000000001,10.090000000000002,9.620000000000001,9.700000000000001,621621,615001271.0,0.0,15,9.55,0
20210719,1626624000000,9.65,9.920000000000002,9.38,9.39,404682,388740121.00000006,0.0,15,9.700000000000001,0
20210720,1626710400000,9.23,9.87,9.17,9.73,399700,381990461.0,0.0,15,9.39,0
20210721,1626796800000,9.690000000000001,9.81,9.63,9.700000000000001,251093,244139820.99999997,0.0,15,9.73,0
20210722,1626883200000,9.700000000000001,10.07,9.620000000000001,9.780000000000001,349377,344855768.0,0.0,15,9.700000000000001,0
20210723,1626969600000,9.66,9.870000000000001,9.55,9.55,311115,301193881.00000006,0.0,15,9.780000000000001,0
20210726,1627228800000,9.66,9.78,9.19,9.36,284486,269403285.00000006,0.0,15,9.549999999999999,0
20210727,1627315200000,9.41,10.3,9.4,9.8,625322,624502008.0000001,0.0,15,9.360000000000001,0
20210728,1627401600000,9.790000000000001,10.47,9.450000000000001,10.080000000000002,580171,582128462.0,0.0,15,9.8,0
20210729,1627488000000,10.15,10.690000000000001,10.120000000000001,10.65,699401,735080138.0,0.0,15,10.080000000000002,0
20210730,1627574400000,10.479999999999999,11.17,10.44,10.62,785086,850665059.0,0.0,15,10.65,0
20210802,1627833600000,10.459999999999999,11.299999999999999,10.43,10.93,529488,578017056.0,0.0,15,10.62,0
20210803,1627920000000,10.9,11.129999999999999,10.27,10.33,515604,546928927.0,0.0,15,10.93,0
20210804,1628006400000,10.43,11.219999999999999,10.35,11.219999999999999,622975,681863690.0,0.0,15,10.33,0
20210805,1628092800000,11.639999999999999,11.98,11.02,11.07,551933,625507286.0,0.0,15,11.219999999999999,0
20210806,1628179200000,10.98,11.33,10.64,10.940000000000001,404237,439258483.0,0.0,15,11.07,0
20210809,1628438400000,10.83,10.92,10.43,10.73,338329,358974387.0,0.0,15,10.94,0
20210810,1628524800000,10.7,11.05,10.5,10.74,383240,413725395.0,0.0,15,10.73,0
20210811,1628611200000,10.700000000000001,10.870000000000001,10.56,10.67,300685,321936969.0,0.0,15,10.74,0
20210812,1628697600000,10.71,10.99,10.4,10.92,421673,452529172.00000006,0.0,15,10.67,0
20210813,1628784000000,10.82,10.92,10.56,10.620000000000001,257996,276644960.0,0.0,15,10.92,0
20210816,1629043200000,10.530000000000001,10.73,10.47,10.620000000000001,209905,222388921.00000003,0.0,15,10.620000000000001,0
20210817,1629129600000,10.610000000000001,11.14,10.47,10.49,384452,413804158.0,0.0,15,10.620000000000001,0
20210818,1629216000000,10.5,10.5,10.02,10.11,370978,377700570.0,0.0,15,10.49,0
20210819,1629302400000,10.030000000000001,10.22,9.96,10.07,170613,172146706.0,0.0,15,10.110000000000001,0
20210820,1629388800000,10.06,10.42,9.76,10.24,257912,262657729.99999997,0.0,15,10.07,0
20210823,1629648000000,10.34,11.01,10.31,10.91,419004,451961917.0,0.0,15,10.24,0
20210824,1629734400000,11.030000000000001,11.07,10.63,10.67,389012,420415505.0,0.0,15,10.91,0
20210825,1629820800000,10.72,11.33,10.57,11.17,424455,466992860.0,0.0,15,10.67,0
20210826,1629907200000,11.16,11.3,10.8,10.81,283370,311753057.00000006,0.0,15,11.17,0
20210827,1629993600000,10.780000000000001,11.05,10.57,10.67,270822,291196994.0,0.0,15,10.81,0
20210830,1630252800000,10.629999999999999,11.12,10.59,10.77,282100,306049100.0,0.0,15,10.67,0
20210831,1630339200000,10.67,10.7,10.16,10.31,341566,353166999.0,0.0,15,10.77,0
20210901,1630425600000,10.350000000000001,10.66,10.05,10.33,250637,260050945.0,0.0,15,10.31,0
20210902,1630512000000,10.28,12.399999999999999,10.28,12.389999999999999,1108397,1290665436.9999998,0.0,15,10.33,0
20210903,1630598400000,12.27,13.35,11.94,12.1,1033257,1303410011.0,0.0,15,12.389999999999999,0
20210906,1630857600000,12.35,12.59,11.49,11.77,557315,660666429.0000001,0.0,15,12.1,0
20210907,1630944000000,11.770000000000001,12.24,11.72,11.99,373727,447630462.0,0.0,15,11.770000000000001,0
20210908,1631030400000,12.2,12.68,12.0,12.03,447930,548234721.0,0.0,15,11.99,0
20210909,1631116800000,11.92,12.08,11.5,11.61,360479,421945424.0,0.0,15,12.03,0
20210910,1631203200000,11.58,12.040000000000001,11.55,11.71,280771,330543172.0,0.0,15,11.610000000000001,0
20210913,1631462400000,11.940000000000001,12.22,11.71,11.850000000000001,381530,455256281.00000006,0.0,15,11.71,0
20210914,1631548800000,11.91,12.27,11.53,11.75,406139,485521589.0,0.0,15,11.85,0
20210915,1631635200000,11.9,13.33,11.81,12.92,686259,869557052.0,0.0,15,11.75,0
20210916,1631721600000,12.81,13.120000000000001,12.280000000000001,12.31,470550,596698387.0,0.0,15,12.920000000000002,0
20210917,1631808000000,12.33,13.8,12.3,13.25,571939,760882529.0000001,0.0,15,12.31,0
20210922,1632240000000,13.25,14.19,13.16,13.86,650699,882448762.9999999,0.0,15,13.25,0
20210923,1632326400000,14.09,14.200000000000001,12.8,12.89,581960,772542757.0000001,0.0,15,13.860000000000001,0
20210924,1632412800000,12.8,13.100000000000001,12.620000000000001,12.770000000000001,303491,390500394.0,0.0,15,12.89,0
20210927,1632672000000,13.049999999999999,13.29,11.69,12.129999999999999,408257,504051189.0,0.0,15,12.77,0
20210928,1632758400000,11.950000000000001,12.950000000000001,11.950000000000001,12.490000000000002,375349,473731164.00000006,0.0,15,12.13,0
20210929,1632844800000,12.42,12.73,11.93,12.049999999999999,276159,341760252.00000006,0.0,15,12.49,0
20210930,1632931200000,12.18,12.65,12.01,12.41,251382,311276983.0,0.0,15,12.049999999999999,0
20211008,1633622400000,12.75,12.790000000000001,11.22,11.41,472198,551311718.0000001,0.0,15,12.41,0
20211011,1633881600000,11.53,11.68,11.16,11.23,228825,259629867.0,0.0,15,11.41,0
20211012,1633968000000,11.17,11.459999999999999,10.76,11.24,267628,296780247.0,0.0,15,11.23,0
20211013,1634054400000,11.15,11.4,10.88,11.270000000000001,191090,213360639.0,0.0,15,11.24,0
20211014,1634140800000,11.34,11.96,11.24,11.65,327695,382360113.00000006,0.0,15,11.27,0
20211015,1634227200000,11.649999999999999,11.76,11.28,11.459999999999999,203187,232960321.0,0.0,15,11.649999999999999,0
20211018,1634486400000,11.75,12.15,11.75,11.83,280608,334967144.0,0.0,15,11.46,0
20211019,1634572800000,11.799999999999999,12.08,11.68,11.79,205623,244172026.0,0.0,15,11.83,0
20211020,1634659200000,11.780000000000001,12.3,11.700000000000001,12.110000000000001,278172,336445448.00000006,0.0,15,11.790000000000001,0
20211021,1634745600000,12.13,12.13,11.74,11.78,205856,243993723.0,0.0,15,12.11,0
20211022,1634832000000,11.73,11.9,11.48,11.5,169459,197004049.00000003,0.0,15,11.780000000000001,0
20211025,1635091200000,11.639999999999999,12.58,11.6,12.53,391535,479010260.0,0.0,15,11.5,0
20211026,1635177600000,12.4,12.92,12.25,12.51,384660,485871349.0,0.0,15,12.53,0
20211027,1635264000000,12.71,13.180000000000001,12.55,12.67,438446,563033561.0,0.0,15,12.510000000000002,0
20211028,1635350400000,12.600000000000001,13.13,12.46,12.860000000000001,459262,589482756.0,0.0,15,12.670000000000002,0
20211029,1635436800000,12.92,13.0,12.05,12.770000000000001,358818,450751855.00000006,0.0,15,12.860000000000001,0
20211101,1635696000000,12.66,13.350000000000001,12.56,13.0,381729,498997476.0,0.0,15,12.770000000000001,0
20211102,1635782400000,12.850000000000001,13.450000000000001,12.530000000000001,13.000000000000002,431800,561958482.0,0.0,15,13.000000000000002,0
20211103,1635868800000,13.010000000000002,13.690000000000001,12.530000000000001,13.13,448859,584859330.0,0.0,15,13.000000000000002,0
20211104,1635955200000,13.39,15.66,13.24,15.02,904694,1306296751.0,0.0,15,13.13,0
20211105,1636041600000,14.91,15.24,14.33,14.34,638764,943239916.0,0.0,15,15.02,0
20211108,1636300800000,14.08,14.56,13.96,14.020000000000001,367829,520458916.0,0.0,15,14.340000000000002,0
20211109,1636387200000,14.42,14.75,13.75,14.02,366180,521149952.0,0.0,15,14.02,0
20211110,1636473600000,13.85,14.1,13.35,13.89,338333,462881545.0,0.0,15,14.02,0
20211111,1636560000000,13.780000000000001,13.99,13.290000000000001,13.46,326606,443212064.0,0.0,15,13.89,0
20211112,1636646400000,13.4,14.08,13.33,13.93,383463,531209637.00000006,0.0,15,13.46,0
20211115,1636905600000,13.79,13.94,13.25,13.48,301925,407218380.0,0.0,15,13.93,0
20211116,1636992000000,13.350000000000001,13.97,13.290000000000001,13.41,346136,468973256.0,0.0,15,13.48,0
20211117,1637078400000,13.55,14.540000000000001,13.48,14.33,490142,694659933.0,0.0,15,13.41,0
20211118,1637164800000,14.12,14.68,14.01,14.23,377940,543670477.0,0.0,15,14.33,0
20211119,1637251200000,14.120000000000001,14.750000000000002,14.030000000000001,14.590000000000002,364937,525856470.0,0.0,15,14.23,0
20211122,1637510400000,14.6,14.73,14.32,14.49,293539,426167145.99999994,0.0,15,14.59,0
20211123,1637596800000,14.43,14.549999999999999,13.93,13.99,295527,417265771.0,0.0,15,14.49,0
20211124,1637683200000,13.89,14.54,13.84,14.44,328794,466468233.0,0.0,15,13.99,0
20211125,1637769600000,14.33,14.95,14.1,14.45,296213,428869108.0,0.0,15,14.44,0
20211126,1637856000000,14.3,14.95,14.25,14.68,328131,479784703.0,0.0,15,14.45,0
20211129,1638115200000,14.250000000000002,14.840000000000002,14.200000000000001,14.260000000000002,281117,407391604.0,0.0,15,14.680000000000001,0
20211130,1638201600000,14.46,14.700000000000001,13.620000000000001,13.88,366420,518902340.0,0.0,15,14.260000000000002,0
20211201,1638288000000,13.76,13.97,13.16,13.4,328642,441896118.0,0.0,15,13.88,0
20211202,1638374400000,13.3,13.38,13.08,13.2,153183,202532728.0,0.0,15,13.4,0
20211203,1638460800000,13.3,13.540000000000001,13.06,13.42,178057,237772067.0,0.0,15,13.200000000000001,0
20211206,1638720000000,13.45,13.73,13.18,13.209999999999999,161580,217697287.0,0.0,15,13.42,0
20211207,1638806400000,13.23,13.42,12.83,13.28,175679,230705209.0,0.0,15,13.21,0
20211208,1638892800000,13.34,13.64,13.26,13.37,160650,216254663.0,0.0,15,13.28,0
20211209,1638979200000,13.4,13.41,13.1,13.17,138289,182403185.0,0.0,15,13.37,0
20211210,1639065600000,13.14,13.33,13.07,13.19,88227,116363451.0,0.0,15,13.17,0
20211213,1639324800000,13.21,13.52,13.15,13.34,134967,179955252.0,0.0,15,13.19,0
20211214,1639411200000,13.340000000000002,13.58,13.290000000000001,13.450000000000001,149654,201379717.0,0.0,15,13.340000000000002,0
20211215,1639497600000,13.39,13.620000000000001,13.200000000000001,13.360000000000001,158902,212867957.0,0.0,15,13.450000000000001,0
20211216,1639584000000,13.39,13.43,13.25,13.39,102313,136408435.0,0.0,15,13.36,0
20211217,1639670400000,13.36,13.66,13.32,13.32,176290,237325461.0,0.0,15,13.39,0
20211220,1639929600000,13.209999999999999,13.26,11.86,11.87,382301,471433257.00000006,0.0,15,13.32,0
20211221,1640016000000,11.93,12.07,11.76,12.03,148597,176708116.0,0.0,15,11.87,0
20211222,1640102400000,12.100000000000001,12.16,11.96,12.0,100244,120754168.0,0.0,15,12.030000000000001,0
20211223,1640188800000,11.99,12.420000000000002,11.950000000000001,12.32,149261,182875697.0,0.0,15,12.000000000000002,0
20211224,1640275200000,12.35,12.35,11.91,11.91,137840,166202735.0,0.0,15,12.32,0
20211227,1640534400000,12.09,12.120000000000001,11.81,11.85,88710,106085737.0,0.0,15,11.91,0
20211228,1640620800000,11.930000000000001,12.020000000000001,11.8,11.96,82351,97974337.0,0.0,15,11.850000000000001,0
20211229,1640707200000,11.959999999999999,12.069999999999999,11.78,11.809999999999999,88960,105772262.0,0.0,15,11.959999999999999,0
20211230,1640793600000,11.8,11.84,11.56,11.610000000000001,148101,173189203.0,0.0,15,11.81,0
20211231,1640880000000,11.840000000000002,12.090000000000002,11.790000000000001,11.850000000000001,131162,156692995.0,0.0,15,11.610000000000001,0
20220104,1641225600000,11.9,11.91,11.71,11.83,119310,140922061.0,0.0,15,11.850000000000001,0
20220105,1641312000000,11.830000000000002,11.830000000000002,11.200000000000001,11.420000000000002,198444,226199344.0,0.0,15,11.830000000000002,0
20220106,1641398400000,11.309999999999999,11.49,11.28,11.33,107697,122776480.0,0.0,15,11.42,0
20220107,1641484800000,11.39,11.39,10.870000000000001,10.920000000000002,200526,221709290.0,0.0,15,11.330000000000002,0
20220110,1641744000000,10.950000000000001,11.06,10.8,10.940000000000001,93720,102370300.0,0.0,15,10.92,0
20220111,1641830400000,10.98,11.09,10.76,10.79,97167,105964953.0,0.0,15,10.94,0
20220112,1641916800000,10.950000000000001,11.07,10.88,11.040000000000001,112027,122978330.0,0.0,15,10.790000000000001,0
20220113,1642003200000,11.05,11.06,10.870000000000001,10.870000000000001,77019,84188720.00000001,0.0,15,11.040000000000001,0
20220114,1642089600000,10.850000000000001,11.0,10.8,10.9,73326,79952445.0,0.0,15,10.870000000000001,0
20220117,1642348800000,10.9,10.99,10.700000000000001,10.96,85999,93268776.0,0.0,15,10.9,0
20220118,1642435200000,10.98,11.250000000000002,10.870000000000001,11.15,141735,157722666.00000003,0.0,15,10.96,0
20220119,1642521600000,11.08,11.14,10.88,10.96,93784,103272034.0,0.0,15,11.15,0
20220120,1642608000000,10.91,11.020000000000001,10.71,10.760000000000002,88577,95909158.0,0.0,15,10.96,0
20220121,1642694400000,10.78,10.93,10.61,10.709999999999999,76220,82051375.0,0.0,15,10.76,0
20220124,1642953600000,10.69,10.86,10.61,10.709999999999999,50181,54005750.0,0.0,15,10.709999999999999,0
20220125,1643040000000,10.74,10.77,10.19,10.2,110390,114756773.0,0.0,15,10.709999999999999,0
20220126,1643126400000,10.36,10.99,10.36,10.729999999999999,171416,184221923.0,0.0,15,10.2,0
20220127,1643212800000,10.649999999999999,10.95,10.61,10.68,135605,146234741.0,0.0,15,10.729999999999999,0
20220128,1643299200000,10.83,11.190000000000001,10.39,11.06,204840,223479689.0,0.0,15,10.68,0
20220207,1644163200000,11.2,11.25,11.01,11.1,150132,166745348.0,0.0,15,11.06,0
20220208,1644249600000,11.090000000000002,11.250000000000002,10.790000000000001,11.21,159902,175822938.0,0.0,15,11.100000000000001,0
20220209,1644336000000,11.15,11.219999999999999,11.02,11.16,115412,128429622.00000001,0.0,15,11.209999999999999,0
20220210,1644422400000,11.16,11.22,10.97,11.0,100671,111360161.0,0.0,15,11.16,0
20220211,1644508800000,10.91,10.94,10.49,10.49,146816,157008144.0,0.0,15,11.0,0
20220214,1644768000000,10.4,10.65,10.33,10.56,56697,59550933.00000001,0.0,15,10.49,0
20220215,1644854400000,10.59,10.85,10.41,10.81,96898,103388763.0,0.0,15,10.56,0
20220216,1644940800000,10.82,10.870000000000001,10.66,10.7,67747,72819764.0,0.0,15,10.81,0
20220217,1645027200000,10.700000000000001,10.89,10.65,10.73,89034,96194796.0,0.0,15,10.700000000000001,0
20220218,1645113600000,10.6,10.7,10.53,10.639999999999999,70207,74466155.00000001,0.0,15,10.729999999999999,0
20220221,1645372800000,10.66,10.71,10.57,10.620000000000001,53486,56854730.0,0.0,15,10.64,0
20220222,1645459200000,10.57,10.600000000000001,10.290000000000001,10.290000000000001,116785,121386670.00000001,0.0,15,10.620000000000001,0
20220223,1645545600000,10.34,10.78,10.34,10.709999999999999,155002,165074749.0,0.0,15,10.29,0
20220224,1645632000000,10.66,11.06,10.47,10.680000000000001,272729,295168901.0,0.0,15,10.71,0
20220225,1645718400000,10.889999999999999,11.44,10.78,11.389999999999999,359640,401146318.00000006,0.0,15,10.68,0
20220228,1645977600000,11.1,11.3,10.67,10.92,335797,366479413.00000006,0.0,15,11.39,0
20220301,1646064000000,10.899999999999999,11.2,10.86,10.92,174144,192030316.0,0.0,15,10.92,0
20220302,1646150400000,10.860000000000001,10.96,10.73,10.9,105548,114249170.0,0.0,15,10.92,0
20220303,1646236800000,10.99,11.17,10.82,10.91,121341,133177494.00000001,0.0,15,10.9,0
20220304,1646323200000,10.780000000000001,11.020000000000001,10.71,10.850000000000001,95968,104653260.0,0.0,15,10.91,0
20220307,1646582400000,10.879999999999999,10.889999999999999,10.44,10.5,120876,127734326.0,0.0,15,10.85,0
20220308,1646668800000,10.5,10.600000000000001,9.96,10.0,125368,127952492.00000001,0.0,15,10.5,0
20220309,1646755200000,10.05,10.24,9.4,10.23,158779,157423577.0,0.0,15,10.0,0
20220310,1646841600000,10.450000000000001,10.58,10.3,10.34,136126,142042984.0,0.0,15,10.23,0
20220311,1646928000000,10.15,10.58,10.02,10.54,124861,128586086.00000001,0.0,15,10.34,0
20220314,1647187200000,10.440000000000001,10.48,10.13,10.13,65491,67460370.99999999,0.0,15,10.540000000000001,0
20220315,1647273600000,10.030000000000001,10.080000000000002,9.450000000000001,9.46,114288,111465664.00000001,0.0,15,10.13,0
20220316,1647360000000,9.690000000000001,9.790000000000001,9.14,9.76,120419,114529247.00000001,0.0,15,9.46,0
20220317,1647446400000,9.83,9.97,9.65,9.700000000000001,99996,98378349.0,0.0,15,9.76,0
20220318,1647532800000,9.67,9.790000000000001,9.58,9.71,61756,59895364.00000001,0.0,15,9.7,0
20220321,1647792000000,9.75,9.78,9.52,9.65,74456,71956692.00000001,0.0,15,9.709999999999999,0
20220322,1647878400000,9.64,9.64,9.47,9.530000000000001,54597,52041156.0,0.0,15,9.65,0
20220323,1647964800000,9.75,10.1,9.73,9.870000000000001,143839,142563726.00000003,0.0,15,9.530000000000001,0
20220324,1648051200000,9.75,9.790000000000001,9.57,9.64,74850,72265583.0,0.0,15,9.870000000000001,0
20220325,1648137600000,9.620000000000001,9.64,9.48,9.5,53238,50839730.0,0.0,15,9.64,0
20220328,1648396800000,9.500000000000002,9.540000000000001,9.290000000000001,9.46,48582,45656305.0,0.0,15,9.500000000000002,0
20220329,1648483200000,9.5,9.6,9.28,9.319999999999999,58339,54842830.0,0.0,15,9.459999999999999,0
20220330,1648569600000,9.46,9.65,9.46,9.610000000000001,81344,77833829.0,0.0,15,9.32,0
20220331,1648656000000,9.57,9.610000000000001,9.370000000000001,9.39,65825,62274804.0,0.0,15,9.610000000000001,0
20220401,1648742400000,9.31,9.37,9.25,9.35,59024,55012523.0,0.0,15,9.39,0
20220406,1649174400000,9.33,9.340000000000002,9.13,9.260000000000002,70578,65078223.99999999,0.0,15,9.350000000000001,0
20220407,1649260800000,9.18,9.219999999999999,9.02,9.02,74694,67977584.00000001,0.0,15,9.26,0
20220408,1649347200000,9.1,9.15,8.92,9.06,61739,55857743.0,0.0,15,9.02,0
20220411,1649606400000,9.08,9.08,8.65,8.72,68847,60846016.0,0.0,15,9.06,0
20220412,1649692800000,8.75,8.96,8.63,8.860000000000001,48059,42218306.00000001,0.0,15,8.72,0
20220413,1649779200000,8.84,8.85,8.66,8.68,43942,38382968.0,0.0,15,8.86,0
20220414,1649865600000,8.68,8.78,8.58,8.7,87417,75771359.0,0.0,15,8.68,0
20220415,1649952000000,8.66,8.66,8.36,8.389999999999999,65323,55506640.0,0.0,15,8.7,0
20220418,1650211200000,8.370000000000001,8.4,8.05,8.270000000000001,67282,55423614.00000001,0.0,15,8.39,0
20220419,1650297600000,8.25,8.47,8.17,8.22,62699,52031944.0,0.0,15,8.27,0
20220420,1650384000000,8.19,8.25,8.02,8.059999999999999,56811,46157377.0,0.0,15,8.219999999999999,0
20220421,1650470400000,8.1,8.1,7.67,7.71,92766,72518603.0,0.0,15,8.06,0
20220422,1650556800000,7.64,7.77,7.59,7.64,58821,45094867.00000001,0.0,15,7.71,0
20220425,1650816000000,7.51,7.54,6.93,7.0,117667,84809846.0,0.0,15,7.64,0
20220426,1650902400000,7.1000000000000005,7.140000000000001,6.73,6.78,83473,58260772.0,0.0,15,7.0,0
20220427,1650988800000,6.65,7.1000000000000005,6.61,7.1000000000000005,102413,70537282.00000001,0.0,15,6.78,0
20220428,1651075200000,7.080000000000001,7.180000000000001,6.890000000000001,7.010000000000001,94220,66212074.00000001,0.0,15,7.1000000000000005,0
20220429,1651161600000,7.08,7.2700000000000005,7.0200000000000005,7.250000000000001,105022,75057913.0,0.0,15,7.010000000000001,0
20220505,1651680000000,7.21,7.380000000000001,7.19,7.260000000000001,62288,45438196.0,0.0,15,7.25,0
20220506,1651766400000,7.07,7.16,7.0200000000000005,7.08,56264,39890185.0,0.0,15,7.260000000000001,0
20220509,1652025600000,7.06,7.2,7.01,7.1,54821,39106101.0,0.0,15,7.08,0
20220510,1652112000000,7.1,7.49,6.97,7.39,126295,92820883.0,0.0,15,7.1,0
20220511,1652198400000,7.45,7.76,7.37,7.53,147583,112516692.99999999,0.0,15,7.39,0
20220512,1652284800000,7.5,7.64,7.42,7.54,79115,59513869.0,0.0,15,7.53,0
20220513,1652371200000,7.5200000000000005,7.590000000000001,7.4,7.46,67456,50439626.00000001,0.0,15,7.54,0
20220516,1652630400000,7.54,7.65,7.44,7.49,62747,47330366.0,0.0,15,7.46,0
20220517,1652716800000,7.53,7.630000000000001,7.390000000000001,7.580000000000001,60514,45487942.0,0.0,15,7.49,0
20220518,1652803200000,7.6000000000000005,7.94,7.5600000000000005,7.840000000000001,120482,94341747.0,0.0,15,7.58,0
20220519,1652889600000,7.72,8.36,7.7,8.24,195470,158725496.0,0.0,15,7.84,0
20220520,1652976000000,8.22,8.280000000000001,8.07,8.25,144269,117890568.0,0.0,15,8.24,0
20220523,1653235200000,8.25,8.28,8.09,8.25,91413,74789625.0,0.0,15,8.25,0
20220524,1653321600000,8.21,8.45,8.0,8.0,127172,104691087.0,0.0,15,8.25,0
20220525,1653408000000,7.92,8.15,7.91,8.13,77366,62145690.0,0.0,15,8.0,0
20220526,1653494400000,8.24,8.33,8.02,8.15,78258,63972678.0,0.0,15,8.129999999999999,0
20220527,1653580800000,8.17,8.24,7.96,8.05,66626,53831216.0,0.0,15,8.15,0
20220530,1653840000000,8.03,8.16,8.01,8.15,56741,45967521.0,0.0,15,8.049999999999999,0
20220531,1653926400000,8.43,8.549999999999999,8.28,8.43,175006,147505729.0,0.0,15,8.149999999999999,0
20220601,1654012800000,8.42,8.63,8.4,8.59,143830,122763550.99999999,0.0,15,8.43,0
20220602,1654099200000,8.54,9.34,8.51,9.1,291021,262050068.00000003,0.0,15,8.59,0
20220606,1654444800000,9.049999999999999,9.49,9.02,9.379999999999999,246702,229471291.0,0.0,15,9.1,0
20220607,1654531200000,9.38,9.38,9.040000000000001,9.100000000000001,179732,164581498.0,0.0,15,9.38,0
20220608,1654617600000,9.1,9.13,8.74,8.89,186628,166581287.0,0.0,15,9.1,0
20220609,1654704000000,8.82,8.959999999999999,8.6,8.68,109754,96015323.0,0.0,15,8.889999999999999,0
20220610,1654790400000,8.57,8.98,8.57,8.91,135660,120643007.00000001,0.0,15,8.68,0
20220613,1655049600000,8.85,9.120000000000001,8.82,8.99,113005,101598965.0,0.0,15,8.91,0
20220614,1655136000000,8.82,8.94,8.59,8.92,109859,96221134.0,0.0,15,8.99,0
20220615,1655222400000,8.9,8.99,8.73,8.75,121706,108093432.99999999,0.0,15,8.92,0
20220616,1655308800000,8.74,8.950000000000001,8.74,8.8,90254,80061268.0,0.0,15,8.75,0
20220617,1655395200000,8.700000000000001,9.15,8.700000000000001,9.05,215556,194414642.99999997,0.0,15,8.8,0
20220620,1655654400000,9.1,9.64,9.1,9.299999999999999,391898,367561236.0,0.0,15,9.049999999999999,0
20220621,1655740800000,9.370000000000001,9.370000000000001,8.97,9.05,231064,210127628.99999997,0.0,15,9.3,0
20220622,1655827200000,9.090000000000002,9.23,8.88,8.930000000000001,179773,162939318.0,0.0,15,9.05,0
20220623,1655913600000,8.93,9.23,8.82,9.21,158429,143175628.0,0.0,15,8.93,0
20220624,1656000000000,9.180000000000001,9.56,9.120000000000001,9.360000000000001,267503,250394396.0,0.0,15,9.21,0
20220627,1656259200000,9.42,9.44,9.11,9.26,182404,168368726.0,0.0,15,9.36,0
20220628,1656345600000,9.260000000000002,9.420000000000002,9.200000000000001,9.370000000000001,163207,152198150.0,0.0,15,9.260000000000002,0
20220629,1656432000000,9.370000000000001,9.430000000000001,8.88,8.9,212873,193404427.0,0.0,15,9.370000000000001,0
20220630,1656518400000,8.93,9.52,8.91,9.47,359345,334166410.0,0.0,15,8.9,0
20220701,1656604800000,9.41,9.45,9.11,9.19,201140,186600795.0,0.0,15,9.469999999999999,0
20220704,1656864000000,9.15,9.15,8.93,9.14,162735,147300894.00000003,0.0,15,9.19,0
20220705,1656950400000,9.15,9.23,8.96,9.07,136317,123821767.0,0.0,15,9.14,0
20220706,1657036800000,9.05,9.350000000000001,8.96,9.06,171534,157184066.0,0.0,15,9.07,0
20220707,1657123200000,9.01,9.35,9.01,9.209999999999999,193001,178344902.0,0.0,15,9.06,0
20220708,1657209600000,9.22,9.37,9.0,9.02,190801,175079969.99999997,0.0,15,9.1,0
20220711,1657468800000,9.0,9.200000000000001,8.89,9.040000000000001,166820,150747732.00000003,0.0,15,9.020000000000001,0
20220712,1657555200000,8.99,9.39,8.89,9.06,288562,264062174.0,0.0,15,9.040000000000001,0
20220713,1657641600000,9.06,9.86,9.0,9.67,550237,524088481.0,0.0,15,9.06,0
20220714,1657728000000,9.67,9.84,9.55,9.73,329943,319289544.00000006,0.0,15,9.67,0
20220715,1657814400000,9.73,10.110000000000001,9.65,9.76,338387,334715635.0,0.0,15,9.73,0
20220718,1658073600000,9.96,10.24,9.620000000000001,10.120000000000001,424319,423001163.0,0.0,15,9.760000000000002,0
20220719,1658160000000,10.01,10.059999999999999,9.69,9.77,386587,380569827.0,0.0,15,10.12,0
20220720,1658246400000,9.78,10.15,9.69,10.07,367173,366364602.0,0.0,15,9.77,0
20220721,1658332800000,10.0,10.06,9.63,9.690000000000001,305053,299888198.00000006,0.0,15,10.07,0
20220722,1658419200000,9.7,9.99,9.6,9.78,242288,237516022.0,0.0,15,9.69,0
20220725,1658678400000,9.72,9.77,9.34,9.35,219686,207851136.0,0.0,15,9.78,0
20220726,1658764800000,9.39,9.420000000000002,9.200000000000001,9.4,146588,136630180.0,0.0,15,9.350000000000001,0
20220727,1658851200000,9.33,9.450000000000001,9.24,9.42,149129,139523796.99999997,0.0,15,9.4,0
20220728,1658937600000,9.5,9.65,9.41,9.44,188896,180007947.00000003,0.0,15,9.42,0
20220729,1659024000000,9.44,9.85,9.44,9.62,263245,254917062.00000003,0.0,15,9.44,0
20220801,1659283200000,9.639999999999999,9.649999999999999,9.11,9.49,216172,202482205.0,0.0,15,9.62,0
20220802,1659369600000,9.3,9.3,8.72,8.930000000000001,286133,257164808.99999997,0.0,15,9.49,0
20220803,1659456000000,8.950000000000001,9.360000000000001,8.870000000000001,8.930000000000001,259068,237705420.0,0.0,15,8.930000000000001,0
20220804,1659542400000,9.020000000000001,9.16,8.870000000000001,9.05,141010,126963130.00000001,0.0,15,8.930000000000001,0
20220805,1659628800000,9.05,9.13,8.67,8.93,228094,202393390.0,0.0,15,9.05,0
20220808,1659888000000,8.85,9.14,8.76,9.06,147231,132853797.0,0.0,15,8.93,0
20220809,1659974400000,9.090000000000002,9.350000000000001,9.040000000000001,9.21,187910,173587111.0,0.0,15,9.06,0
20220810,1660060800000,9.21,9.26,9.07,9.16,116678,106832214.0,0.0,15,9.21,0
20220811,1660147200000,9.26,9.350000000000001,9.14,9.26,117128,108487510.0,0.0,15,9.16,0
20220812,1660233600000,9.26,9.33,9.11,9.12,118158,108653741.99999999,0.0,15,9.26,0
20220815,1660492800000,9.11,9.32,9.07,9.21,116918,107752260.0,0.0,15,9.120000000000001,0
20220816,1660579200000,9.32,9.68,9.32,9.47,298367,284979996.0,0.0,15,9.21,0
20220817,1660665600000,9.48,9.780000000000001,9.48,9.610000000000001,191022,183673190.0,0.0,15,9.47,0
20220818,1660752000000,9.66,9.85,9.53,9.66,203392,197879008.0,0.0,15,9.61,0
20220819,1660838400000,9.7,9.74,9.35,9.58,256608,244971760.0,0.0,15,9.66,0
20220822,1661097600000,9.53,9.68,9.27,9.299999999999999,160540,150275638.0,0.0,15,9.58,0
20220823,1661184000000,8.88,8.88,8.14,8.290000000000001,563527,470907040.00000006,0.0,15,9.3,0
20220824,1661270400000,8.24,8.3,7.9,7.930000000000001,265249,213969507.0,0.0,15,8.290000000000001,0
20220825,1661356800000,8.01,8.04,7.72,7.819999999999999,138068,107899999.0,0.0,15,7.93,0
20220826,1661443200000,7.82,7.95,7.79,7.8,102081,80325509.0,0.0,15,7.82,0
20220829,1661702400000,7.73,8.0,7.65,7.970000000000001,98375,77821640.0,0.0,15,7.800000000000001,0
20220830,1661788800000,8.05,8.05,7.88,7.88,85866,68381190.0,0.0,15,7.97,0
20220831,1661875200000,7.88,7.89,7.54,7.56,116499,89341221.0,0.0,15,7.88,0
20220901,1661961600000,7.640000000000001,7.720000000000001,7.5200000000000005,7.550000000000001,63853,48692687.0,0.0,15,7.5600000000000005,0
20220902,1662048000000,7.5600000000000005,7.63,7.45,7.57,55654,42023258.0,0.0,15,7.55,0
20220905,1662307200000,7.71,7.76,7.62,7.67,72685,55922827.0,0.0,15,7.57,0
20220906,1662393600000,7.7,7.840000000000001,7.6000000000000005,7.830000000000001,79251,61322583.0,0.0,15,7.670000000000001,0
20220907,1662480000000,7.8,7.95,7.76,7.89,79349,62584474.0,0.0,15,7.83,0
20220908,1662566400000,7.9,7.920000000000001,7.8100000000000005,7.8500000000000005,73354,57698021.99999999,0.0,15,7.890000000000001,0
20220909,1662652800000,7.85,7.92,7.72,7.8999999999999995,70708,55379217.0,0.0,15,7.85,0
20220913,1662998400000,7.930000000000001,7.96,7.82,7.890000000000001,45557,35940093.0,0.0,15,7.9,0
20220914,1663084800000,7.79,7.86,7.7,7.76,57551,44652200.0,0.0,15,7.890000000000001,0
20220915,1663171200000,7.7700000000000005,7.800000000000001,7.3500000000000005,7.37,108876,81623762.0,0.0,15,7.760000000000001,0
20220916,1663257600000,7.38,7.41,7.04,7.04,101301,72792021.0,0.0,15,7.37,0
20220919,1663516800000,7.0600000000000005,7.140000000000001,6.87,6.88,84592,58809007.00000001,0.0,15,7.04,0
20220920,1663603200000,6.9,7.03,6.9,6.99,49741,34714919.0,0.0,15,6.880000000000001,0
20220921,1663689600000,6.98,7.08,6.8100000000000005,7.03,49025,34060024.0,0.0,15,6.99,0
20220922,1663776000000,6.99,7.12,6.94,7.010000000000001,43163,30403605.0,0.0,15,7.03,0
20220923,1663862400000,7.010000000000001,7.07,6.8100000000000005,6.87,47843,33082418.0,0.0,15,7.010000000000001,0
20220926,1664121600000,6.86,6.92,6.71,6.7299999999999995,46049,31367057.000000004,0.0,15,6.87,0
20220927,1664208000000,6.76,7.02,6.76,6.9399999999999995,71867,49699710.99999999,0.0,15,6.7299999999999995,0
20220928,1664294400000,6.970000000000001,6.99,6.7,6.7,58566,39933477.0,0.0,15,6.94,0
20220929,1664380800000,6.79,6.8100000000000005,6.69,6.7,38554,25989846.0,0.0,15,6.7,0
20220930,1664467200000,6.74,6.74,6.62,6.63,44474,29685937.0,0.0,15,6.7,0
20221010,1665331200000,6.64,6.7299999999999995,6.55,6.569999999999999,40076,26568139.999999996,0.0,15,6.63,0
20221011,1665417600000,6.630000000000001,6.74,6.5600000000000005,6.670000000000001,52866,35167870.0,0.0,15,6.57,0
20221012,1665504000000,6.67,7.01,6.66,7.01,102499,70090264.0,0.0,15,6.67,0
20221013,1665590400000,6.98,7.09,6.91,7.01,79533,55922917.00000001,0.0,15,7.01,0
20221014,1665676800000,7.1,7.22,7.04,7.17,75054,53554501.99999999,0.0,15,7.01,0
20221017,1665936000000,7.16,7.28,7.09,7.24,66510,47767856.0,0.0,15,7.17,0
20221018,1666022400000,7.26,7.46,7.2,7.33,84369,61821113.00000001,0.0,15,7.24,0
20221019,1666108800000,7.3500000000000005,7.390000000000001,7.19,7.2,62826,45643217.0,0.0,15,7.33,0
20221020,1666195200000,7.17,7.28,7.04,7.18,70058,50060454.00000001,0.0,15,7.2,0
20221021,1666281600000,7.2,7.44,7.2,7.28,88571,65019753.0,0.0,15,7.180000000000001,0
20221024,1666540800000,7.29,7.52,7.17,7.24,104758,76801488.99999999,0.0,15,7.28,0
20221025,1666627200000,7.19,7.42,7.11,7.28,70804,51325160.99999999,0.0,15,7.24,0
20221026,1666713600000,7.3500000000000005,7.44,7.2,7.430000000000001,113171,82980740.0,0.0,15,7.28,0
20221027,1666800000000,6.66,6.8,6.5,6.58,365379,242892925.99999997,0.0,15,7.43,0
20221028,1666886400000,6.53,6.640000000000001,6.23,6.2700000000000005,169486,109331483.00000001,0.0,15,6.58,0
20221031,1667145600000,6.2299999999999995,6.5,6.22,6.359999999999999,95001,60539059.0,0.0,15,6.27,0
20221101,1667232000000,6.3500000000000005,6.640000000000001,6.32,6.640000000000001,121667,79467330.00000001,0.0,15,6.36,0
20221102,1667318400000,6.64,6.85,6.58,6.76,117500,78909843.0,0.0,15,6.64,0
20221103,1667404800000,6.75,6.79,6.66,6.7,59997,40285750.00000001,0.0,15,6.76,0
20221104,1667491200000,6.73,6.82,6.7,6.8,70803,47988122.99999999,0.0,15,6.7,0
20221107,1667750400000,6.7700000000000005,6.84,6.66,6.76,110096,74155361.0,0.0,15,6.8,0
20221108,1667836800000,6.79,6.83,6.69,6.760000000000001,68044,45911340.00000001,0.0,15,6.760000000000001,0
20221109,1667923200000,6.73,6.78,6.640000000000001,6.640000000000001,67050,44810041.0,0.0,15,6.760000000000001,0
20221110,1668009600000,6.65,6.69,6.5200000000000005,6.5600000000000005,73424,48435282.0,0.0,15,6.640000000000001,0
20221111,1668096000000,6.710000000000001,6.74,6.5600000000000005,6.58,93077,61689650.0,0.0,15,6.5600000000000005,0
20221114,1668355200000,6.59,6.62,6.45,6.47,106129,69189953.99999999,0.0,15,6.58,0
20221115,1668441600000,6.49,6.66,6.46,6.65,106323,69811586.0,0.0,15,6.47,0
20221116,1668528000000,6.66,6.78,6.63,6.6499999999999995,89210,59651399.0,0.0,15,6.6499999999999995,0
20221117,1668614400000,6.65,6.65,6.5,6.57,80238,52589447.0,0.0,15,6.65,0
20221118,1668700800000,6.58,6.6499999999999995,6.51,6.56,86604,57052525.0,0.0,15,6.569999999999999,0
20221121,1668960000000,6.54,6.6,6.51,6.58,52134,34204843.0,0.0,15,6.56,0
20221122,1669046400000,6.590000000000001,6.590000000000001,6.44,6.44,77648,50524476.00000001,0.0,15,6.58,0
20221123,1669132800000,6.46,6.55,6.38,6.53,89911,58181659.0,0.0,15,6.4399999999999995,0
20221124,1669219200000,6.54,6.680000000000001,6.53,6.65,123893,82181626.0,0.0,15,6.53,0
20221125,1669305600000,6.7,6.7,6.58,6.59,69143,45816171.0,0.0,15,6.65,0
20221128,1669564800000,6.56,6.58,6.47,6.54,58505,38156188.0,0.0,15,6.59,0
20221129,1669651200000,6.59,6.65,6.53,6.65,69968,46206299.0,0.0,15,6.54,0
20221130,1669737600000,6.66,6.680000000000001,6.6000000000000005,6.62,60221,39984584.00000001,0.0,15,6.65,0
20221201,1669824000000,6.66,6.7700000000000005,6.66,6.7,88684,59591737.0,0.0,15,6.62,0
20221202,1669910400000,6.69,6.73,6.66,6.69,49432,33095414.0,0.0,15,6.7,0
20221205,1670169600000,6.79,6.79,6.69,6.74,76659,51558205.0,0.0,15,6.69,0
20221206,1670256000000,6.75,6.75,6.66,6.68,62986,42135486.0,0.0,15,6.74,0
20221207,1670342400000,6.68,6.71,6.62,6.64,56741,37806253.0,0.0,15,6.68,0
20221208,1670428800000,6.670000000000001,6.69,6.6000000000000005,6.62,57941,38488579.0,0.0,15,6.640000000000001,0
20221209,1670515200000,6.62,6.64,6.58,6.64,69314,45817099.0,0.0,15,6.62,0
20221212,1670774400000,6.6000000000000005,6.6000000000000005,6.45,6.48,84982,55215777.00000001,0.0,15,6.640000000000001,0
20221213,1670860800000,6.500000000000001,6.500000000000001,6.3100000000000005,6.3500000000000005,85524,54601897.0,0.0,15,6.48,0
20221214,1670947200000,6.38,6.38,6.3,6.319999999999999,37575,23813879.0,0.0,15,6.35,0
20221215,1671033600000,6.32,6.42,6.29,6.38,45666,29019613.000000004,0.0,15,6.32,0
20221216,1671120000000,6.380000000000001,6.390000000000001,6.2700000000000005,6.29,44320,27950848.0,0.0,15,6.380000000000001,0
20221219,1671379200000,6.29,6.340000000000001,6.15,6.17,53363,33184708.0,0.0,15,6.29,0
20221220,1671465600000,6.180000000000001,6.2700000000000005,6.15,6.23,34661,21583458.0,0.0,15,6.17,0
20221221,1671552000000,6.2700000000000005,6.28,6.12,6.13,33884,20923385.000000004,0.0,15,6.23,0
20221222,1671638400000,6.16,6.170000000000001,5.98,5.98,45999,27838607.0,0.0,15,6.130000000000001,0
20221223,1671724800000,5.98,6.04,5.95,5.99,31072,18603552.0,0.0,15,5.98,0
20221226,1671984000000,6.0,6.15,5.98,6.130000000000001,44322,27032605.000000004,0.0,15,5.99,0
20221227,1672070400000,6.109999999999999,6.21,6.09,6.14,29461,18090566.0,0.0,15,6.13,0
20221228,1672156800000,6.1000000000000005,6.16,6.07,6.09,29997,18321296.0,0.0,15,6.140000000000001,0
20221229,1672243200000,6.13,6.13,6.01,6.02,33018,19941345.0,0.0,15,6.09,0
20221230,1672329600000,6.0600000000000005,6.07,5.99,6.01,37785,22756343.0,0.0,15,6.0200000000000005,0
20230103,1672675200000,6.04,6.22,6.01,6.18,64603,39656215.99999999,0.0,15,6.01,0
20230104,1672761600000,6.23,6.23,6.11,6.140000000000001,41310,25461278.0,0.0,15,6.180000000000001,0
20230105,1672848000000,6.180000000000001,6.23,6.15,6.19,36485,22556601.000000004,0.0,15,6.140000000000001,0
20230106,1672934400000,6.2299999999999995,6.34,6.18,6.25,75703,47577572.0,0.0,15,6.1899999999999995,0
20230109,1673193600000,6.28,6.4,6.28,6.34,66430,42219096.0,0.0,15,6.25,0
20230110,1673280000000,6.32,6.3500000000000005,6.23,6.25,42207,26475723.0,0.0,15,6.340000000000001,0
20230111,1673366400000,6.28,6.28,6.17,6.18,45709,28433249.000000004,0.0,15,6.25,0
20230112,1673452800000,6.17,6.29,6.17,6.22,31092,19383443.0,0.0,15,6.18,0
20230113,1673539200000,6.2299999999999995,6.26,6.17,6.21,28839,17893587.999999996,0.0,15,6.22,0
20230116,1673798400000,6.22,6.32,6.17,6.28,47934,30070548.000000004,0.0,15,6.21,0
20230117,1673884800000,6.319999999999999,6.34,6.26,6.33,38871,24528794.000000004,0.0,15,6.279999999999999,0
20230118,1673971200000,6.34,6.39,6.29,6.33,36261,22960499.0,0.0,15,6.33,0
20230119,1674057600000,6.3,6.42,6.29,6.39,45313,28896462.0,0.0,15,6.33,0
20230120,1674144000000,6.4,6.46,6.4,6.44,40088,25807774.0,0.0,15,6.390000000000001,0
20230130,1675008000000,6.54,6.6000000000000005,6.48,6.550000000000001,67313,44104812.0,0.0,15,6.44,0
20230131,1675094400000,6.41,6.5200000000000005,6.33,6.5,85805,55380019.0,0.0,15,6.55,0
20230201,1675180800000,6.5,6.62,6.47,6.569999999999999,58044,38012857.0,0.0,15,6.5,0
20230202,1675267200000,6.59,6.609999999999999,6.51,6.52,46690,30555347.000000004,0.0,15,6.569999999999999,0
20230203,1675353600000,6.54,6.54,6.42,6.47,50605,32711172.0,0.0,15,6.52,0
20230206,1675612800000,6.45,6.53,6.42,6.4799999999999995,33866,21969342.000000004,0.0,15,6.47,0
20230207,1675699200000,6.48,6.55,6.45,6.54,57810,37564814.0,0.0,15,6.48,0
20230208,1675785600000,6.55,6.59,6.51,6.52,59712,39093512.0,0.0,15,6.54,0
20230209,1675872000000,6.54,6.58,6.48,6.57,72473,47511275.0,0.0,15,6.5200000000000005,0
20230210,1675958400000,6.5600000000000005,6.6000000000000005,6.5200000000000005,6.590000000000001,65749,43136751.0,0.0,15,6.57,0
20230213,1676217600000,6.58,6.66,6.57,6.59,62862,41523172.0,0.0,15,6.59,0
20230214,1676304000000,6.6000000000000005,6.83,6.57,6.800000000000001,176458,118572847.99999999,0.0,15,6.59,0
20230215,1676390400000,6.75,6.8100000000000005,6.7,6.73,84065,56703215.0,0.0,15,6.8,0
20230216,1676476800000,6.7299999999999995,6.78,6.55,6.6,108045,71986855.0,0.0,15,6.7299999999999995,0
20230217,1676563200000,6.6,6.63,6.42,6.45,87337,56846777.0,0.0,15,6.6,0
20230220,1676822400000,6.430000000000001,6.48,6.36,6.46,66500,42674937.0,0.0,15,6.45,0
20230221,1676908800000,6.51,6.53,6.45,6.49,50943,33062524.0,0.0,15,6.46,0
20230222,1676995200000,6.49,6.69,6.46,6.55,71584,47173983.0,0.0,15,6.49,0
20230223,1677081600000,6.53,6.58,6.46,6.4799999999999995,53259,34648772.0,0.0,15,6.55,0
20230224,1677168000000,6.510000000000001,6.5200000000000005,6.4,6.42,40550,26131949.0,0.0,15,6.48,0
20230227,1677427200000,6.4,6.470000000000001,6.3100000000000005,6.340000000000001,57625,36737844.0,0.0,15,6.420000000000001,0
20230228,1677513600000,6.33,6.38,6.29,6.36,46057,29182941.0,0.0,15,6.34,0
20230301,1677600000000,6.36,6.41,6.32,6.4,38127,24309197.0,0.0,15,6.36,0
20230302,1677686400000,6.41,6.470000000000001,6.4,6.44,47122,30352098.0,0.0,15,6.4,0
20230303,1677772800000,6.41,6.48,6.41,6.45,49166,31666257.0,0.0,15,6.44,0
20230306,1678032000000,6.47,6.4799999999999995,6.38,6.41,57892,37167626.99999999,0.0,15,6.45,0
20230307,1678118400000,6.41,6.42,6.26,6.27,58436,37074161.0,0.0,15,6.41,0
20230308,1678204800000,6.28,6.39,6.25,6.37,45560,28886557.0,0.0,15,6.27,0
20230309,1678291200000,6.35,6.359999999999999,6.3,6.31,42818,27081129.0,0.0,15,6.37,0
20230310,1678377600000,6.29,6.31,6.22,6.2299999999999995,45840,28641349.000000004,0.0,15,6.31,0
20230313,1678636800000,6.22,6.28,6.16,6.18,47986,29708736.0,0.0,15,6.23,0
20230314,1678723200000,6.180000000000001,6.180000000000001,6.03,6.07,88449,53795821.0,0.0,15,6.180000000000001,0
20230315,1678809600000,6.12,6.29,6.12,6.24,74090,46046276.0,0.0,15,6.07,0
20230316,1678896000000,6.21,6.22,6.09,6.1,48874,30002793.0,0.0,15,6.24,0
20230317,1678982400000,6.16,6.170000000000001,6.1000000000000005,6.130000000000001,44854,27512367.0,0.0,15,6.1000000000000005,0
20230320,1679241600000,6.11,6.19,6.1000000000000005,6.170000000000001,41753,25697321.000000004,0.0,15,6.130000000000001,0
20230321,1679328000000,6.180000000000001,6.210000000000001,6.140000000000001,6.2,38307,23648339.0,0.0,15,6.170000000000001,0
20230322,1679414400000,6.22,6.25,6.2,6.22,29557,18372221.0,0.0,15,6.2,0
20230323,1679500800000,6.23,6.23,6.16,6.2,43234,26752839.000000004,0.0,15,6.22,0
20230324,1679587200000,6.18,6.29,6.18,6.239999999999999,55139,34486228.0,0.0,15,6.199999999999999,0
20230327,1679846400000,6.32,6.33,6.23,6.2700000000000005,52005,32618755.999999996,0.0,15,6.24,0
20230328,1679932800000,6.29,6.31,6.18,6.22,61281,38100468.0,0.0,15,6.27,0
20230329,1680019200000,6.220000000000001,6.260000000000001,6.140000000000001,6.15,37706,23306871.0,0.0,15,6.220000000000001,0
20230330,1680105600000,6.15,6.19,6.11,6.16,38915,23923287.000000004,0.0,15,6.15,0
20230331,1680192000000,6.16,6.220000000000001,6.15,6.17,36865,22812682.0,0.0,15,6.16,0
20230403,1680451200000,6.180000000000001,6.220000000000001,6.11,6.19,64224,39705754.0,0.0,15,6.17,0
20230404,1680537600000,6.19,6.2,6.07,6.07,83299,50861794.00000001,0.0,15,6.19,0
20230406,1680710400000,6.09,6.09,6.03,6.04,54570,33017289.000000004,0.0,15,6.07,0
20230407,1680796800000,6.05,6.09,6.04,6.08,34377,20860338.999999996,0.0,15,6.04,0
20230410,1681056000000,6.1000000000000005,6.15,6.07,6.08,46072,28101264.000000004,0.0,15,6.08,0
20230411,1681142400000,6.05,6.08,6.05,6.06,33652,20397878.999999996,0.0,15,6.08,0
20230412,1681228800000,6.04,6.09,6.04,6.06,35854,21722702.0,0.0,15,6.06,0
20230413,1681315200000,6.12,6.73,6.11,6.5,413574,268470281.99999994,0.0,15,6.0600000000000005,0
20230414,1681401600000,6.44,6.5200000000000005,6.3500000000000005,6.390000000000001,193742,124304720.0,0.0,15,6.500000000000001,0
20230417,1681660800000,6.38,6.68,6.38,6.53,206108,135073773.99999997,0.0,15,6.39,0
20230418,1681747200000,6.58,6.6499999999999995,6.51,6.529999999999999,118309,77696635.0,0.0,15,6.529999999999999,0
20230419,1681833600000,6.48,6.48,6.37,6.4,118032,75655902.0,0.0,15,6.53,0
20230420,1681920000000,6.37,6.38,6.25,6.31,87107,54889750.00000001,0.0,15,6.4,0
20230421,1682006400000,6.32,6.36,6.11,6.13,118337,73327097.00000001,0.0,15,6.3100000000000005,0
20230424,1682265600000,6.1000000000000005,6.19,6.07,6.16,73941,45368255.0,0.0,15,6.13,0
20230425,1682352000000,6.16,6.210000000000001,6.0200000000000005,6.050000000000001,81451,49553976.0,0.0,15,6.16,0
20230426,1682438400000,5.8500000000000005,5.870000000000001,5.3500000000000005,5.61,183211,103003563.0,0.0,15,6.050000000000001,0
20230427,1682524800000,5.66,5.7,5.58,5.63,72445,40813032.00000001,0.0,15,5.61,0
20230428,1682611200000,5.61,5.720000000000001,5.61,5.67,60672,34290187.0,0.0,15,5.63,0
20230504,1683129600000,5.65,5.78,5.6000000000000005,5.710000000000001,62884,35811047.0,0.0,15,5.670000000000001,0
20230505,1683216000000,5.68,5.7,5.47,5.529999999999999,83214,46244691.0,0.0,15,5.71,0
20230508,1683475200000,5.59,5.7700000000000005,5.58,5.67,71018,40290820.00000001,0.0,15,5.53,0
20230509,1683561600000,5.640000000000001,5.7,5.57,5.58,58234,32705264.000000004,0.0,15,5.67,0
20230510,1683648000000,5.55,5.7,5.54,5.66,47823,27018289.000000004,0.0,15,5.58,0
20230511,1683734400000,5.63,5.76,5.63,5.7299999999999995,56912,32580834.0,0.0,15,5.66,0
20230512,1683820800000,5.720000000000001,5.87,5.69,5.82,67123,38715405.0,0.0,15,5.73,0
20230515,1684080000000,5.840000000000001,5.91,5.8100000000000005,5.87,55299,32420279.0,0.0,15,5.82,0
20230516,1684166400000,5.87,6.080000000000001,5.8500000000000005,6.03,109127,65556641.0,0.0,15,5.87,0
20230517,1684252800000,6.07,6.12,6.0200000000000005,6.0600000000000005,70073,42486602.0,0.0,15,6.03,0
20230518,1684339200000,6.07,6.08,6.0,6.03,57979,35031121.0,0.0,15,6.06,0
20230519,1684425600000,6.06,6.1,5.97,6.069999999999999,50888,30857157.0,0.0,15,6.029999999999999,0
20230522,1684684800000,6.0600000000000005,6.19,6.0600000000000005,6.16,43370,26692965.0,0.0,15,6.07,0
20230523,1684771200000,6.17,6.17,6.04,6.04,40442,24638426.0,0.0,15,6.16,0
20230524,1684857600000,6.069999999999999,6.08,5.93,5.949999999999999,51443,30861095.000000004,0.0,15,6.04,0
20230525,1684944000000,5.97,6.03,5.92,6.0,47012,28110580.0,0.0,15,5.95,0
20230526,1685030400000,6.050000000000001,6.08,5.86,6.050000000000001,55989,33420154.0,0.0,15,6.0,0
20230529,1685289600000,6.09,6.1,5.97,6.02,37141,22358726.0,0.0,15,6.05,0
20230530,1685376000000,6.05,6.1,5.96,6.07,50978,30736457.0,0.0,15,6.02,0
20230531,1685462400000,6.08,6.09,5.99,6.0200000000000005,34595,20858621.0,0.0,15,6.07,0
20230601,1685548800000,6.050000000000001,6.08,5.98,6.0,40442,24364057.0,0.0,15,6.0200000000000005,0
20230602,1685635200000,6.01,6.16,6.01,6.069999999999999,52306,31863480.000000004,0.0,15,6.0,0
20230605,1685894400000,6.08,6.090000000000001,5.98,6.03,44933,27062464.0,0.0,15,6.07,0
20230606,1685980800000,6.07,6.07,5.86,5.87,52007,30889482.000000004,0.0,15,6.03,0
20230607,1686067200000,5.87,5.890000000000001,5.73,5.75,42629,24706060.000000004,0.0,15,5.87,0
20230608,1686153600000,5.74,5.8100000000000005,5.69,5.69,33609,19298519.0,0.0,15,5.75,0
20230609,1686240000000,5.6899999999999995,5.77,5.64,5.7299999999999995,46125,26314173.0,0.0,15,5.6899999999999995,0
20230612,1686499200000,5.69,5.8500000000000005,5.65,5.7700000000000005,51152,29350923.0,0.0,15,5.73,0
20230613,1686585600000,5.76,5.85,5.75,5.8,38691,22412146.0,0.0,15,5.77,0
20230614,1686672000000,5.83,5.840000000000001,5.69,5.7,49435,28303180.0,0.0,15,5.800000000000001,0
20230615,1686758400000,5.73,5.73,5.62,5.66,80236,45391569.0,0.0,15,5.7,0
20230616,1686844800000,5.69,5.8,5.62,5.7700000000000005,114996,65703589.0,0.0,15,5.66,0
20230619,1687104000000,5.7700000000000005,5.7700000000000005,5.65,5.71,59758,34064985.00000001,0.0,15,5.7700000000000005,0
20230620,1687190400000,5.67,5.76,5.62,5.62,49555,28034250.0,0.0,15,5.71,0
20230621,1687276800000,5.62,5.6499999999999995,5.51,5.51,85697,47628339.00000001,0.0,15,5.62,0
20230626,1687708800000,5.45,5.550000000000001,5.4,5.45,52438,28732803.0,0.0,15,5.510000000000001,0
20230627,1687795200000,5.5200000000000005,5.61,5.45,5.53,39124,21691036.000000004,0.0,15,5.45,0
20230628,1687881600000,5.53,5.54,5.46,5.54,36006,19826819.0,0.0,15,5.53,0
20230629,1687968000000,5.54,5.63,5.51,5.56,51812,28928723.000000004,0.0,15,5.54,0
20230630,1688054400000,5.57,5.61,5.5200000000000005,5.57,55099,30752987.0,0.0,15,5.5600000000000005,0
20230703,1688313600000,5.61,5.74,5.58,5.68,81217,46130495.00000001,0.0,15,5.57,0
20230704,1688400000000,5.68,5.77,5.68,5.739999999999999,42824,24577250.0,0.0,15,5.68,0
20230705,1688486400000,5.7700000000000005,5.7700000000000005,5.66,5.66,39422,22464624.000000004,0.0,15,5.74,0
20230706,1688572800000,5.67,5.7,5.62,5.66,29813,16884524.0,0.0,15,5.66,0
20230707,1688659200000,5.65,5.69,5.6000000000000005,5.62,35189,19843889.0,0.0,15,5.66,0
20230710,1688918400000,5.640000000000001,5.69,5.6000000000000005,5.630000000000001,36652,20663114.0,0.0,15,5.62,0
20230711,1689004800000,5.640000000000001,5.720000000000001,5.61,5.720000000000001,36626,20789659.0,0.0,15,5.63,0
20230712,1689091200000,5.73,5.73,5.65,5.67,33744,19173134.0,0.0,15,5.720000000000001,0
20230713,1689177600000,5.67,5.75,5.66,5.7,34369,19596926.0,0.0,15,5.67,0
20230714,1689264000000,5.71,5.73,5.66,5.67,30381,17274446.0,0.0,15,5.7,0
20230717,1689523200000,5.66,5.67,5.59,5.63,34937,19625964.0,0.0,15,5.67,0
20230718,1689609600000,5.65,5.68,5.58,5.66,52969,29860099.000000004,0.0,15,5.63,0
20230719,1689696000000,5.66,5.68,5.59,5.609999999999999,46784,26251573.000000004,0.0,15,5.66,0
20230720,1689782400000,5.61,5.64,5.54,5.56,35322,19751906.000000004,0.0,15,5.61,0
20230721,1689868800000,5.54,5.62,5.53,5.55,41955,23347644.0,0.0,15,5.5600000000000005,0
20230724,1690128000000,5.54,5.569999999999999,5.51,5.54,23747,13173619.0,0.0,15,5.55,0
20230725,1690214400000,5.58,5.61,5.54,5.56,88293,49124953.0,0.0,15,5.54,0
20230726,1690300800000,5.5600000000000005,5.57,5.5200000000000005,5.53,50681,28074681.0,0.0,15,5.5600000000000005,0
20230727,1690387200000,5.54,5.61,5.53,5.54,51165,28517475.000000004,0.0,15,5.53,0
20230728,1690473600000,5.529999999999999,5.64,5.51,5.609999999999999,71271,39802737.00000001,0.0,15,5.54,0
20230731,1690732800000,5.61,5.7,5.61,5.680000000000001,58466,33146336.0,0.0,15,5.61,0
20230801,1690819200000,5.7,5.7299999999999995,5.67,5.72,57564,32845996.0,0.0,15,5.68,0
20230802,1690905600000,5.739999999999999,5.75,5.68,5.71,43298,24720557.0,0.0,15,5.72,0
20230803,1690992000000,5.71,5.72,5.66,5.71,34948,19899897.0,0.0,15,5.71,0
20230804,1691078400000,5.74,5.75,5.69,5.71,38925,22233714.0,0.0,15,5.71,0
20230807,1691337600000,5.71,5.7299999999999995,5.67,5.68,31980,18195490.0,0.0,15,5.71,0
20230808,1691424000000,5.7,5.71,5.63,5.64,41946,23694588.0,0.0,15,5.68,0
20230809,1691510400000,5.66,5.67,5.58,5.6,36112,20284049.0,0.0,15,5.64,0
20230810,1691596800000,5.61,5.640000000000001,5.57,5.59,33337,18656809.0,0.0,15,5.6000000000000005,0
20230811,1691683200000,5.59,5.59,5.5,5.5,48935,27086370.000000004,0.0,15,5.59,0
20230814,1691942400000,5.5,5.53,5.41,5.46,53988,29399453.0,0.0,15,5.5,0
20230815,1692028800000,5.45,5.47,5.38,5.42,50823,27516300.0,0.0,15,5.46,0
20230816,1692115200000,5.4,5.430000000000001,5.36,5.36,40344,21735213.0,0.0,15,5.42,0
20230817,1692201600000,5.35,5.3999999999999995,5.3,5.39,50344,26935858.0,0.0,15,5.359999999999999,0
20230818,1692288000000,5.3999999999999995,5.49,5.3,5.319999999999999,115600,62428902.0,0.0,15,5.39,0
20230821,1692547200000,5.34,5.41,5.29,5.29,62511,33300365.000000004,0.0,15,5.32,0
20230822,1692633600000,5.32,5.32,5.13,5.2,82710,42990893.00000001,0.0,15,5.29,0
20230823,1692720000000,5.21,5.21,5.09,5.09,60437,30977170.0,0.0,15,5.2,0
20230824,1692806400000,5.069999999999999,5.14,5.05,5.069999999999999,40483,20614442.0,0.0,15,5.09,0
20230825,1692892800000,5.069999999999999,5.13,5.01,5.01,45648,23083898.0,0.0,15,5.069999999999999,0
20230828,1693152000000,5.3100000000000005,5.32,5.04,5.06,66088,34162520.0,0.0,15,5.01,0
20230829,1693238400000,5.03,5.2,5.0200000000000005,5.19,52211,26837474.000000004,0.0,15,5.0600000000000005,0
20230830,1693324800000,5.18,5.3,5.18,5.199999999999999,66472,34798390.0,0.0,15,5.1899999999999995,0
20230831,1693411200000,5.08,5.16,5.03,5.05,97502,49438954.0,0.0,15,5.2,0
20230901,1693497600000,5.07,5.09,5.03,5.05,44820,22669835.0,0.0,15,5.05,0
20230904,1693756800000,5.07,5.14,5.04,5.13,57126,29056560.0,0.0,15,5.05,0
20230905,1693843200000,5.1000000000000005,5.16,5.1000000000000005,5.12,48299,24768418.0,0.0,15,5.130000000000001,0
20230906,1693929600000,5.13,5.1499999999999995,5.09,5.13,45772,23444611.000000004,0.0,15,5.12,0
20230907,1694016000000,5.12,5.130000000000001,4.98,4.99,68969,34762939.00000001,0.0,15,5.130000000000001,0
20230908,1694102400000,4.99,5.03,4.98,5.010000000000001,44980,22512708.0,0.0,15,4.99,0
20230911,1694361600000,5.01,5.13,4.99,5.1000000000000005,61609,31231864.0,0.0,15,5.01,0
20230912,1694448000000,5.1,5.14,5.08,5.12,35471,18120843.0,0.0,15,5.1,0
20230913,1694534400000,5.130000000000001,5.130000000000001,5.0200000000000005,5.0600000000000005,43732,22114527.999999996,0.0,15,5.12,0
20230914,1694620800000,5.05,5.05,4.99,5.0,49802,24951828.000000004,0.0,15,5.0600000000000005,0
20230915,1694707200000,5.06,5.1,5.01,5.1,57439,29044350.0,0.0,15,5.0,0
20230918,1694966400000,5.06,5.13,5.04,5.1,45355,23100981.0,0.0,15,5.1,0
20230919,1695052800000,5.15,5.16,5.1000000000000005,5.11,52645,26994586.000000004,0.0,15,5.1000000000000005,0
20230920,1695139200000,5.09,5.13,5.05,5.06,39427,20056386.0,0.0,15,5.109999999999999,0
20230921,1695225600000,5.050000000000001,5.07,5.0200000000000005,5.04,26432,13327128.0,0.0,15,5.0600000000000005,0
20230922,1695312000000,5.02,5.1,5.01,5.09,42525,21518703.0,0.0,15,5.04,0
20230925,1695571200000,5.09,5.09,4.99,4.99,56149,28187460.000000004,0.0,15,5.09,0
20230926,1695657600000,5.0,5.03,4.96,4.97,41898,20887901.0,0.0,15,4.99,0
20230927,1695744000000,4.96,5.15,4.96,5.09,116741,59391513.00000001,0.0,15,4.97,0
20230928,1695830400000,5.07,5.140000000000001,5.07,5.09,48389,24661326.999999996,0.0,15,5.09,0
20231009,1696780800000,5.1,5.12,5.04,5.06,38923,19744003.0,0.0,15,5.09,0
20231010,1696867200000,5.08,5.1,5.01,5.04,47014,23773520.0,0.0,15,5.06,0
20231011,1696953600000,5.04,5.0600000000000005,4.98,5.0,54621,27381586.0,0.0,15,5.04,0
20231012,1697040000000,5.01,5.12,5.0,5.08,72030,36492712.00000001,0.0,15,5.0,0
20231013,1697126400000,5.0600000000000005,5.07,5.03,5.0600000000000005,34047,17194415.0,0.0,15,5.08,0
20231016,1697385600000,5.04,5.09,4.99,5.0,52350,26233346.0,0.0,15,5.0600000000000005,0
20231017,1697472000000,5.0200000000000005,5.0600000000000005,4.98,5.010000000000001,38324,19203493.0,0.0,15,5.0,0
20231018,1697558400000,5.01,5.02,4.92,4.93,51826,25638191.0,0.0,15,5.01,0
20231019,1697644800000,4.9,4.95,4.8500000000000005,4.86,60816,29735521.0,0.0,15,4.930000000000001,0
20231020,1697731200000,4.88,5.03,4.86,4.94,90175,44828360.0,0.0,15,4.86,0
20231023,1697990400000,4.91,4.96,4.78,4.8,58977,28630128.0,0.0,15,4.94,0
20231024,1698076800000,4.81,4.91,4.75,4.86,57874,27951171.0,0.0,15,4.8,0
20231025,1698163200000,4.890000000000001,4.96,4.86,4.92,65180,32051682.000000004,0.0,15,4.86,0
20231026,1698249600000,4.89,4.8999999999999995,4.8,4.89,48750,23640847.0,0.0,15,4.92,0
20231027,1698336000000,4.890000000000001,4.99,4.8500000000000005,4.960000000000001,61113,30213792.0,0.0,15,4.890000000000001,0
20231030,1698595200000,4.9,5.0,4.9,4.99,70444,34934878.00000001,0.0,15,4.96,0
20231031,1698681600000,4.99,5.01,4.95,5.0,45563,22661668.0,0.0,15,4.99,0
20231101,1698768000000,4.9799999999999995,5.12,4.96,5.11,103309,52367238.99999999,0.0,15,5.0,0
20231102,1698854400000,5.1,5.109999999999999,4.97,4.9799999999999995,74288,37263947.0,0.0,15,5.109999999999999,0
20231103,1698940800000,5.0,5.0600000000000005,4.98,5.050000000000001,50921,25692837.0,0.0,15,4.98,0
20231106,1699200000000,5.06,5.21,5.05,5.2,97738,50377279.99999999,0.0,15,5.05,0
20231107,1699286400000,5.180000000000001,5.260000000000001,5.15,5.24,72305,37638486.0,0.0,15,5.2,0
20231108,1699372800000,5.239999999999999,5.26,5.18,5.1899999999999995,46784,24385371.0,0.0,15,5.239999999999999,0
20231109,1699459200000,5.17,5.2,5.13,5.13,41360,21331775.0,0.0,15,5.1899999999999995,0
20231110,1699545600000,5.12,5.1499999999999995,5.09,5.13,40340,20644286.000000004,0.0,15,5.13,0
20231113,1699804800000,5.140000000000001,5.16,5.1000000000000005,5.15,33150,16986076.0,0.0,15,5.130000000000001,0
20231114,1699891200000,5.15,5.180000000000001,5.11,5.15,43814,22545021.0,0.0,15,5.15,0
20231115,1699977600000,5.2,5.24,5.16,5.2,37952,19754201.0,0.0,15,5.15,0
20231116,1700064000000,5.21,5.2299999999999995,5.13,5.13,47579,24633292.0,0.0,15,5.2,0
20231117,1700150400000,5.15,5.18,5.12,5.14,29963,15417739.0,0.0,15,5.13,0
20231120,1700409600000,5.1499999999999995,5.2,5.13,5.2,47761,24731277.0,0.0,15,5.14,0
20231121,1700496000000,5.21,5.21,5.15,5.16,38518,19954605.000000004,0.0,15,5.2,0
20231122,1700582400000,5.15,5.19,5.1000000000000005,5.11,39314,20193723.999999996,0.0,15,5.16,0
20231123,1700668800000,5.09,5.15,5.08,5.13,29929,15331706.000000002,0.0,15,5.11,0
20231124,1700755200000,5.16,5.16,5.07,5.08,38620,19664373.999999996,0.0,15,5.13,0
20231127,1701014400000,5.06,5.12,5.05,5.1,34981,17786377.0,0.0,15,5.08,0
20231128,1701100800000,5.1000000000000005,5.19,5.0600000000000005,5.180000000000001,49141,25270525.0,0.0,15,5.1000000000000005,0
20231129,1701187200000,5.1499999999999995,5.2,5.13,5.14,36573,18888650.000000004,0.0,15,5.18,0
20231130,1701273600000,5.16,5.16,5.0600000000000005,5.1000000000000005,38442,19623728.0,0.0,15,5.140000000000001,0
20231201,1701360000000,5.11,5.11,5.0600000000000005,5.07,37412,19008253.0,0.0,15,5.1000000000000005,0
20231204,1701619200000,5.07,5.1000000000000005,5.03,5.03,40818,20662568.0,0.0,15,5.07,0
20231205,1701705600000,5.04,5.1000000000000005,4.98,4.99,44130,22235423.0,0.0,15,5.03,0
20231206,1701792000000,4.99,5.0600000000000005,4.99,5.0200000000000005,40298,20246959.0,0.0,15,4.99,0
20231207,1701878400000,5.03,5.03,4.95,4.98,33395,16633827.999999998,0.0,15,5.0200000000000005,0
20231208,1701964800000,5.0,5.029999999999999,4.93,4.97,43485,21615941.000000004,0.0,15,4.9799999999999995,0
20231211,1702224000000,4.92,5.0,4.87,4.98,43253,21339743.000000004,0.0,15,4.97,0
20231212,1702310400000,4.99,4.99,4.94,4.98,23546,11685034.0,0.0,15,4.98,0
20231213,1702396800000,4.96,4.99,4.92,4.9399999999999995,20232,10032766.0,0.0,15,4.9799999999999995,0
20231214,1702483200000,4.96,4.98,4.91,4.93,23571,11665235.0,0.0,15,4.94,0
20231215,1702569600000,4.92,4.99,4.9,4.94,28930,14289775.000000002,0.0,15,4.930000000000001,0
20231218,1702828800000,4.930000000000001,4.930000000000001,4.78,4.8,57623,27797000.000000004,0.0,15,4.94,0
20231219,1702915200000,4.78,4.83,4.75,4.81,27973,13418108.0,0.0,15,4.8,0
20231220,1703001600000,4.81,4.84,4.76,4.77,25910,12451530.000000002,0.0,15,4.81,0
20231221,1703088000000,4.7700000000000005,4.9,4.73,4.87,43011,20736090.0,0.0,15,4.7700000000000005,0
20231222,1703174400000,4.87,4.91,4.8100000000000005,4.8500000000000005,36018,17506804.000000004,0.0,15,4.87,0
20231225,1703433600000,4.880000000000001,4.880000000000001,4.8100000000000005,4.83,25723,12453097.000000002,0.0,15,4.8500000000000005,0
20231226,1703520000000,4.859999999999999,4.859999999999999,4.76,4.779999999999999,23825,11408652.0,0.0,15,4.83,0
20231227,1703606400000,4.79,4.8,4.71,4.77,31124,14792765.0,0.0,15,4.78,0
20231228,1703692800000,4.77,5.04,4.75,5.01,102754,50893589.99999999,0.0,15,4.77,0
20231229,1703779200000,5.05,5.1499999999999995,5.01,5.14,82209,42082613.0,0.0,15,5.01,0
20240102,1704124800000,5.13,5.1499999999999995,5.09,5.109999999999999,60503,31004779.999999996,0.0,15,5.14,0
20240103,1704211200000,5.12,5.130000000000001,5.0600000000000005,5.11,44156,22520098.0,0.0,15,5.11,0
20240104,1704297600000,5.07,5.13,5.04,5.06,35476,17994122.0,0.0,15,5.11,0
20240105,1704384000000,5.06,5.11,4.92,4.9799999999999995,45281,22702184.0,0.0,15,5.06,0
20240108,1704643200000,4.95,4.99,4.88,4.88,37814,18626468.0,0.0,15,4.9799999999999995,0
20240109,1704729600000,4.89,4.9799999999999995,4.84,4.88,36202,17722468.0,0.0,15,4.88,0
20240110,1704816000000,4.87,4.94,4.79,4.84,32162,15642435.0,0.0,15,4.88,0
20240111,1704902400000,4.8500000000000005,4.960000000000001,4.8100000000000005,4.920000000000001,31394,15359599.0,0.0,15,4.840000000000001,0
20240112,1704988800000,4.9399999999999995,5.06,4.92,4.96,53819,26888741.000000004,0.0,15,4.92,0
20240115,1705248000000,4.95,4.97,4.87,4.89,34147,16748157.000000002,0.0,15,4.96,0
20240116,1705334400000,4.87,4.95,4.82,4.9,37718,18365434.0,0.0,15,4.890000000000001,0
20240117,1705420800000,4.9,4.91,4.75,4.76,42923,20703219.0,0.0,15,4.9,0
20240118,1705507200000,4.75,4.78,4.58,4.7,70167,32792800.0,0.0,15,4.76,0
20240119,1705593600000,4.7,4.75,4.61,4.62,40600,18920530.0,0.0,15,4.7,0
20240122,1705852800000,4.62,4.63,4.3,4.319999999999999,62319,27779128.0,0.0,15,4.62,0
20240123,1705939200000,4.37,4.38,4.2,4.33,57920,24966932.000000004,0.0,15,4.32,0
20240124,1706025600000,4.37,4.45,4.24,4.430000000000001,48425,21093281.0,0.0,15,4.33,0
20240125,1706112000000,4.45,4.63,4.41,4.63,57387,26054145.0,0.0,15,4.43,0
20240126,1706198400000,4.65,4.68,4.58,4.62,53430,24762351.999999996,0.0,15,4.63,0
20240129,1706457600000,4.630000000000001,4.680000000000001,4.48,4.510000000000001,52893,24144047.000000004,0.0,15,4.62,0
20240130,1706544000000,4.51,4.51,4.34,4.35,43549,19265748.0,0.0,15,4.51,0
20240131,1706630400000,4.21,4.29,3.93,3.95,134482,54434605.0,0.0,15,4.3500000000000005,0
20240201,1706716800000,3.93,3.98,3.81,3.86,76803,29907982.0,0.0,15,3.95,0
20240202,1706803200000,3.89,3.97,3.54,3.67,86413,32376477.0,0.0,15,3.86,0
20240205,1707062400000,3.66,3.66,3.1,3.16,219982,71873368.0,0.0,15,3.67,0
20240206,1707148800000,3.13,3.43,2.98,3.32,173347,54891849.0,0.0,15,3.16,0
20240207,1707235200000,3.31,3.43,3.29,3.37,140814,47261471.0,0.0,15,3.32,0
20240208,1707321600000,3.38,3.9299999999999997,3.38,3.85,196913,73581324.00000001,0.0,15,3.37,0
20240219,1708272000000,3.91,3.92,3.62,3.72,170357,63577366.0,0.0,15,3.85,0
20240220,1708358400000,3.69,3.7199999999999998,3.59,3.6599999999999997,82180,29889242.000000004,0.0,15,3.7199999999999998,0
20240221,1708444800000,3.65,3.88,3.59,3.76,125702,47439011.0,0.0,15,3.6599999999999997,0
20240222,1708531200000,3.78,3.85,3.73,3.8,79819,30259232.000000004,0.0,15,3.76,0
20240223,1708617600000,3.83,3.87,3.7600000000000002,3.85,67421,25713415.0,0.0,15,3.8000000000000003,0
20240226,1708876800000,3.87,4.0600000000000005,3.79,3.96,103018,40681871.0,0.0,15,3.85,0
20240227,1708963200000,3.96,4.1,3.92,4.09,70646,28569176.000000004,0.0,15,3.96,0
20240228,1709049600000,4.11,4.23,3.85,3.85,127503,51653275.0,0.0,15,4.09,0
20240229,1709136000000,3.81,3.99,3.81,3.98,92734,36459393.0,0.0,15,3.85,0
20240301,1709222400000,3.99,4.04,3.93,3.98,62841,24963882.0,0.0,15,3.98,0
20240304,1709481600000,3.98,4.09,3.9,3.94,66415,26217366.0,0.0,15,3.98,0
20240305,1709568000000,3.94,3.94,3.83,3.84,68572,26568106.000000004,0.0,15,3.94,0
20240306,1709654400000,3.84,4.05,3.81,4.0,97836,38545668.0,0.0,15,3.84,0
20240307,1709740800000,4.0,4.04,3.88,3.8899999999999997,76725,30428143.0,0.0,15,4.0,0
20240308,1709827200000,3.9,3.9899999999999998,3.86,3.9699999999999998,71463,28068508.0,0.0,15,3.8899999999999997,0
20240311,1710086400000,3.96,4.05,3.96,4.05,87855,35255121.0,0.0,15,3.9699999999999998,0
20240312,1710172800000,4.0600000000000005,4.09,3.99,4.04,73539,29648031.0,0.0,15,4.05,0
20240313,1710259200000,4.05,4.05,3.99,4.0200000000000005,54261,21805804.0,0.0,15,4.04,0
20240314,1710345600000,4.03,4.05,3.92,3.98,50049,19966280.0,0.0,15,4.02,0
20240315,1710432000000,3.98,4.04,3.94,4.04,59580,23770179.000000004,0.0,15,3.98,0
20240318,1710691200000,4.03,4.090000000000001,4.0200000000000005,4.07,69413,28166838.0,0.0,15,4.04,0
20240319,1710777600000,4.07,4.08,4.03,4.04,44759,18138497.0,0.0,15,4.07,0
20240320,1710864000000,4.04,4.09,4.03,4.07,53290,21636330.0,0.0,15,4.04,0
20240321,1710950400000,4.06,4.12,4.04,4.08,56418,22978417.000000004,0.0,15,4.07,0
20240322,1711036800000,4.08,4.1,3.94,3.9699999999999998,77588,31014720.0,0.0,15,4.08,0
20240325,1711296000000,3.98,3.99,3.83,3.84,62418,24426716.0,0.0,15,3.97,0
20240326,1711382400000,3.83,3.91,3.7800000000000002,3.85,52319,20049603.000000004,0.0,15,3.8400000000000003,0
20240327,1711468800000,3.88,3.88,3.67,3.6799999999999997,62448,23603627.000000004,0.0,15,3.85,0
20240328,1711555200000,3.6799999999999997,3.81,3.67,3.76,52109,19520204.000000004,0.0,15,3.6799999999999997,0
20240329,1711641600000,3.7600000000000002,3.81,3.72,3.7600000000000002,43216,16246373.0,0.0,15,3.7600000000000002,0
20240401,1711900800000,3.78,3.88,3.77,3.88,54029,20762907.0,0.0,15,3.7600000000000002,0
20240402,1711987200000,4.05,4.15,3.98,4.04,165378,67078486.0,0.0,15,3.88,0
20240403,1712073600000,4.03,4.04,3.86,3.86,122851,48032833.0,0.0,15,4.04,0
20240408,1712505600000,3.8800000000000003,3.8800000000000003,3.7,3.7,84633,31891142.000000004,0.0,15,3.8600000000000003,0
20240409,1712592000000,3.7,3.83,3.68,3.8200000000000003,74576,28217018.0,0.0,15,3.7,0
20240410,1712678400000,3.8000000000000003,3.8200000000000003,3.68,3.72,59287,22180689.0,0.0,15,3.8200000000000003,0
20240411,1712764800000,3.69,3.79,3.65,3.73,48265,18026546.0,0.0,15,3.7199999999999998,0
20240412,1712851200000,3.76,3.79,3.63,3.63,58032,21490068.0,0.0,15,3.73,0
20240415,1713110400000,3.63,3.67,3.4,3.44,104931,36604862.0,0.0,15,3.63,0
20240416,1713196800000,3.4400000000000004,3.4400000000000004,3.2,3.22,99328,32498394.0,0.0,15,3.4400000000000004,0
20240417,1713283200000,3.2800000000000002,3.45,3.2600000000000002,3.4400000000000004,87059,29338075.0,0.0,15,3.22,0
20240418,1713369600000,3.44,3.48,3.34,3.3499999999999996,74181,25116794.000000004,0.0,15,3.44,0
20240419,1713456000000,3.29,3.37,3.23,3.26,69460,22769218.0,0.0,15,3.35,0
20240422,1713715200000,3.25,3.33,3.16,3.2600000000000002,69352,22546408.0,0.0,15,3.2600000000000002,0
20240423,1713801600000,3.29,3.35,3.23,3.27,55292,18121944.0,0.0,15,3.26,0
20240424,1713888000000,3.2600000000000002,3.3200000000000003,3.24,3.29,39514,12980948.0,0.0,15,3.27,0
20240425,1713974400000,3.29,3.38,3.25,3.33,51361,17112963.0,0.0,15,3.29,0
20240426,1714060800000,3.31,3.4600000000000004,3.3000000000000003,3.45,69072,23401701.0,0.0,15,3.33,0
20240429,1714320000000,3.4,3.6799999999999997,3.4,3.67,96262,34771211.0,0.0,15,3.4499999999999997,0
20240430,1714406400000,3.51,3.63,3.5,3.55,85490,30453274.0,0.0,15,3.67,0
20240506,1714924800000,3.63,3.65,3.54,3.64,77438,27999672.0,0.0,15,3.55,0
20240507,1715011200000,3.6100000000000003,3.6300000000000003,3.5700000000000003,3.6,48975,17600898.0,0.0,15,3.64,0
20240508,1715097600000,3.57,3.62,3.52,3.52,50866,18116588.000000004,0.0,15,3.6,0
20240509,1715184000000,3.5,3.64,3.5,3.61,53782,19396353.0,0.0,15,3.52,0
20240510,1715270400000,3.6,3.62,3.52,3.56,58966,20987339.0,0.0,15,3.61,0
20240513,1715529600000,3.5300000000000002,3.54,3.43,3.46,73777,25665069.0,0.0,15,3.56,0
20240514,1715616000000,3.43,3.52,3.43,3.47,41265,14367019.0,0.0,15,3.46,0
20240515,1715702400000,3.4699999999999998,3.5,3.42,3.4299999999999997,39467,13638573.000000002,0.0,15,3.4699999999999998,0
20240516,1715788800000,3.44,3.4899999999999998,3.42,3.44,45673,15782980.0,0.0,15,3.4299999999999997,0
20240517,1715875200000,3.4499999999999997,3.54,3.42,3.54,63908,22329936.0,0.0,15,3.44,0
20240520,1716134400000,3.54,3.62,3.5100000000000002,3.54,64922,23122679.0,0.0,15,3.54,0
20240521,1716220800000,3.55,3.55,3.44,3.48,56219,19581441.0,0.0,15,3.54,0
20240522,1716307200000,3.48,3.56,3.46,3.55,49503,17380140.0,0.0,15,3.48,0
20240523,1716393600000,3.57,3.57,3.4,3.42,72135,24880112.0,0.0,15,3.55,0
20240524,1716480000000,3.39,3.49,3.39,3.41,52384,18072312.0,0.0,15,3.42,0
20240527,1716739200000,3.45,3.46,3.35,3.39,60572,20517569.000000004,0.0,15,3.41,0
20240528,1716825600000,3.4099999999999997,3.4499999999999997,3.36,3.4,46345,15820937.0,0.0,15,3.3899999999999997,0
20240529,1716912000000,3.34,3.48,3.34,3.4,50621,17344965.0,0.0,15,3.4,0
20240530,1716998400000,3.38,3.4299999999999997,3.34,3.36,51541,17377656.0,0.0,15,3.4,0
20240531,1717084800000,3.38,3.41,3.35,3.37,49667,16767135.000000002,0.0,15,3.36,0
20240603,1717344000000,3.41,3.41,3.21,3.26,94238,30832074.0,0.0,15,3.37,0
20240604,1717430400000,3.25,3.25,3.17,3.23,75142,24059777.0,0.0,15,3.26,0
20240605,1717516800000,3.22,3.25,3.14,3.14,53380,17005575.0,0.0,15,3.23,0
20240606,1717603200000,3.12,3.18,2.93,2.95,132555,39828449.0,0.0,15,3.14,0
20240607,1717689600000,2.96,3.07,2.96,3.02,66854,20062111.0,0.0,15,2.95,0
20240611,1718035200000,2.9899999999999998,3.05,2.94,3.03,51454,15428714.999999998,0.0,15,3.02,0
20240612,1718121600000,3.0300000000000002,3.08,3.0100000000000002,3.04,61734,18805477.000000004,0.0,15,3.0300000000000002,0
20240613,1718208000000,3.03,3.24,2.98,3.14,125310,39038262.00000001,0.0,15,3.04,0
20240614,1718294400000,3.12,3.17,3.04,3.12,133084,41515904.0,0.0,15,3.14,0
20240617,1718553600000,3.1,3.1,3.0100000000000002,3.0300000000000002,82345,25082659.0,0.0,15,3.12,0
20240618,1718640000000,3.05,3.05,2.98,3.01,73369,22042250.0,0.0,15,3.03,0
20240619,1718726400000,3.01,3.01,2.94,2.96,69898,20714032.0,0.0,15,3.01,0
20240620,1718812800000,2.96,2.99,2.93,2.94,55201,16337169.999999998,0.0,15,2.96,0
20240621,1718899200000,2.95,2.96,2.91,2.94,48960,14344438.0,0.0,15,2.94,0
20240624,1719158400000,2.92,2.92,2.79,2.79,86911,24638486.0,0.0,15,2.94,0
20240625,1719244800000,2.81,2.85,2.79,2.81,36156,10152999.0,0.0,15,2.79,0
20240626,1719331200000,2.83,2.92,2.77,2.91,50647,14408705.000000002,0.0,15,2.81,0
20240627,1719417600000,2.9,2.9299999999999997,2.86,2.8699999999999997,38624,11154102.0,0.0,15,2.9099999999999997,0
20240628,1719504000000,2.87,2.93,2.85,2.88,29636,8595477.0,0.0,15,2.87,0
20240701,1719763200000,2.9,2.9299999999999997,2.86,2.9,36478,10535443.0,0.0,15,2.88,0
20240702,1719849600000,2.9099999999999997,2.96,2.86,2.9499999999999997,56078,16407232.999999998,0.0,15,2.9,0
20240703,1719936000000,2.94,3.01,2.92,2.96,44725,13285074.0,0.0,15,2.9499999999999997,0
20240704,1720022400000,2.9299999999999997,2.9699999999999998,2.86,2.8699999999999997,41849,12132852.0,0.0,15,2.96,0
20240705,1720108800000,2.86,2.92,2.83,2.9,32641,9428751.000000002,0.0,15,2.87,0
20240708,1720368000000,2.9,2.91,2.83,2.83,26561,7591316.0,0.0,15,2.9,0
20240709,1720454400000,2.85,2.88,2.79,2.88,33123,9392148.0,0.0,15,2.83,0
20240710,1720540800000,2.88,2.89,2.81,2.82,25867,7357285.000000001,0.0,15,2.88,0
20240711,1720627200000,2.86,2.94,2.85,2.92,36579,10656031.000000002,0.0,15,2.8200000000000003,0
20240712,1720713600000,2.9,2.9699999999999998,2.9,2.9299999999999997,24944,7339368.0,0.0,15,2.92,0
20240715,1720972800000,2.93,2.93,2.83,2.85,29933,8561770.0,0.0,15,2.93,0
20240716,1721059200000,2.84,2.86,2.82,2.8299999999999996,17919,5084779.999999999,0.0,15,2.8499999999999996,0
20240717,1721145600000,2.86,2.89,2.83,2.84,27911,7943484.000000001,0.0,15,2.83,0
20240718,1721232000000,2.83,2.86,2.77,2.84,47636,13465534.0,0.0,15,2.84,0
20240719,1721318400000,2.8400000000000003,2.87,2.8000000000000003,2.8600000000000003,25935,7348401.0,0.0,15,2.8400000000000003,0
20240722,1721577600000,2.86,2.9499999999999997,2.86,2.9299999999999997,40768,11890035.000000002,0.0,15,2.86,0
20240723,1721664000000,2.93,2.98,2.91,2.93,59350,17531842.0,0.0,15,2.93,0
20240724,1721750400000,2.92,3.1399999999999997,2.86,3.05,163614,49698720.0,0.0,15,2.9299999999999997,0
20240725,1721836800000,3.02,3.0900000000000003,3.0100000000000002,3.0700000000000003,109145,33376742.0,0.0,15,3.0500000000000003,0
20240726,1721923200000,3.0700000000000003,3.18,3.0300000000000002,3.12,128206,39900144.0,0.0,15,3.0700000000000003,0
20240729,1722182400000,3.11,3.14,3.06,3.08,69995,21671178.000000004,0.0,15,3.12,0
20240730,1722268800000,3.07,3.11,3.06,3.08,48761,15031254.000000002,0.0,15,3.08,0
20240731,1722355200000,3.07,3.18,3.06,3.18,78852,24750060.999999996,0.0,15,3.08,0
20240801,1722441600000,3.1999999999999997,3.21,3.15,3.17,52883,16736437.000000002,0.0,15,3.1799999999999997,0
20240802,1722528000000,3.15,3.1799999999999997,3.11,3.1199999999999997,49797,15668922.000000002,0.0,15,3.17,0
20240805,1722787200000,3.11,3.16,3.02,3.03,68584,21143368.0,0.0,15,3.12,0
20240806,1722873600000,3.0900000000000003,3.1,3.0500000000000003,3.0900000000000003,39759,12229149.0,0.0,15,3.0300000000000002,0
20240807,1722960000000,3.1,3.12,3.0700000000000003,3.1,23783,7367082.0,0.0,15,3.0900000000000003,0
20240808,1723046400000,3.0900000000000003,3.1300000000000003,3.0500000000000003,3.1100000000000003,36613,11354411.0,0.0,15,3.1,0
20240809,1723132800000,3.1300000000000003,3.1300000000000003,3.0500000000000003,3.0500000000000003,32707,10089168.0,0.0,15,3.1100000000000003,0
20240812,1723392000000,3.1,3.1100000000000003,3.0300000000000002,3.0300000000000002,39410,12085899.000000002,0.0,15,3.0500000000000003,0
20240813,1723478400000,3.04,3.11,3.0,3.09,39469,12093491.0,0.0,15,3.03,0
20240814,1723564800000,3.08,3.09,3.02,3.03,27739,8452990.999999998,0.0,15,3.09,0
20240815,1723651200000,3.03,3.07,3.0,3.06,31527,9574598.0,0.0,15,3.03,0
20240816,1723737600000,3.06,3.06,3.0,3.0,28156,8499816.0,0.0,15,3.06,0
20240819,1723996800000,3.0,3.05,2.98,2.9899999999999998,26618,8005408.0,0.0,15,3.0,0
20240820,1724083200000,3.0,3.01,2.92,2.94,35415,10475762.000000002,0.0,15,2.9899999999999998,0
20240821,1724169600000,2.9299999999999997,2.96,2.92,2.94,19087,5606127.000000001,0.0,15,2.94,0
20240822,1724256000000,2.96,3.0,2.9,2.9099999999999997,29351,8651660.0,0.0,15,2.94,0
20240823,1724342400000,2.9,2.94,2.88,2.9099999999999997,28484,8303637.000000001,0.0,15,2.9099999999999997,0
20240826,1724601600000,2.89,3.0100000000000002,2.89,2.97,37535,11167977.0,0.0,15,2.91,0
20240827,1724688000000,2.9499999999999997,2.9499999999999997,2.9,2.9,33241,9723975.0,0.0,15,2.9699999999999998,0
20240828,1724774400000,2.9,2.97,2.87,2.94,37515,10984687.0,0.0,15,2.9,0
20240829,1724860800000,2.93,2.98,2.91,2.95,26018,7659280.0,0.0,15,2.94,0
20240830,1724947200000,2.95,3.0100000000000002,2.95,2.98,36962,11032783.0,0.0,15,2.95,0
20240902,1725206400000,2.98,3.0500000000000003,2.97,2.98,66771,20143610.0,0.0,15,2.98,0
20240903,1725292800000,3.0,3.0300000000000002,2.95,3.0,29510,8841940.0,0.0,15,2.98,0
20240904,1725379200000,3.0300000000000002,3.04,2.99,3.02,33754,10190224.000000002,0.0,15,3.0,0
20240905,1725465600000,3.02,3.04,3.0,3.02,24088,7270854.0,0.0,15,3.02,0
20240906,1725552000000,3.0100000000000002,3.0500000000000003,2.99,3.02,23449,7070361.0,0.0,15,3.02,0
20240909,1725811200000,3.0,3.03,2.98,3.01,23410,7037983.999999999,0.0,15,3.02,0
20240910,1725897600000,3.01,3.05,2.98,3.04,27476,8283424.999999999,0.0,15,3.01,0
20240911,1725984000000,3.03,3.08,3.02,3.06,27190,8314009.999999999,0.0,15,3.04,0
20240912,1726070400000,3.0700000000000003,3.1300000000000003,3.0500000000000003,3.1100000000000003,57459,17878619.0,0.0,15,3.06,0
20240913,1726156800000,3.12,3.14,3.0300000000000002,3.0300000000000002,43015,13188269.000000002,0.0,15,3.1100000000000003,0
20240918,1726588800000,3.03,3.06,2.98,3.01,28931,8695264.0,0.0,15,3.03,0
20240919,1726675200000,3.0,3.0700000000000003,2.97,3.04,36002,10910782.0,0.0,15,3.0100000000000002,0
20240920,1726761600000,3.0300000000000002,3.0500000000000003,3.0100000000000002,3.0500000000000003,30904,9379648.000000002,0.0,15,3.04,0
20240923,1727020800000,3.0300000000000002,3.0500000000000003,3.0100000000000002,3.02,25052,7589169.0,0.0,15,3.0500000000000003,0
20240924,1727107200000,3.0300000000000002,3.12,3.0300000000000002,3.1100000000000003,56426,17420088.0,0.0,15,3.0200000000000005,0
20240925,1727193600000,3.13,3.26,3.13,3.23,82008,26377002.0,0.0,15,3.11,0
20240926,1727280000000,3.2,3.31,3.2,3.3000000000000003,74932,24394066.0,0.0,15,3.23,0
20240927,1727366400000,3.38,3.47,3.33,3.47,89534,30483077.0,0.0,15,3.3000000000000003,0
20240930,1727625600000,3.58,4.0,3.52,3.94,321111,120372341.00000001,0.0,15,3.47,0
20241008,1728316800000,4.58,4.66,4.04,4.26,380689,164159669.99999997,0.0,15,3.94,0
20241009,1728403200000,4.12,4.16,3.75,3.76,293575,116244364.0,0.0,15,4.26,0
20241010,1728489600000,3.79,3.98,3.79,3.81,212821,82904955.0,0.0,15,3.7600000000000002,0
20241011,1728576000000,3.81,3.84,3.52,3.58,177205,64819007.99999999,0.0,15,3.81,0
20241014,1728835200000,3.62,3.64,3.49,3.58,140505,49971695.0,0.0,15,3.58,0
20241015,1728921600000,3.56,3.6100000000000003,3.49,3.5,96383,34221482.00000001,0.0,15,3.58,0
20241016,1729008000000,3.46,3.55,3.44,3.4899999999999998,103394,36078176.0,0.0,15,3.5,0
20241017,1729094400000,3.54,3.56,3.45,3.46,91252,31898014.0,0.0,15,3.49,0
20241018,1729180800000,3.45,3.66,3.43,3.58,135667,48004122.0,0.0,15,3.46,0
20241021,1729440000000,3.6199999999999997,4.0,3.61,3.9499999999999997,355811,138195286.0,0.0,15,3.58,0
20241022,1729526400000,4.0,4.11,3.85,4.07,304741,122236580.99999999,0.0,15,3.95,0
20241023,1729612800000,4.05,4.29,4.04,4.15,330689,138187615.0,0.0,15,4.07,0
20241024,1729699200000,4.08,4.11,3.98,3.9899999999999998,179183,71876863.99999999,0.0,15,4.15,0
20241025,1729785600000,4.0,4.34,4.0,4.28,300562,126003357.99999999,0.0,15,3.99,0
20241028,1730044800000,4.37,4.470000000000001,4.32,4.4,262411,115494162.0,0.0,15,4.28,0
20241029,1730131200000,4.41,4.42,4.18,4.199999999999999,209218,89161201.0,0.0,15,4.3999999999999995,0
20241030,1730217600000,4.17,4.27,4.13,4.1899999999999995,146925,61588733.0,0.0,15,4.2,0
20241031,1730304000000,4.3100000000000005,5.03,4.3100000000000005,5.03,706816,342727908.0,0.0,15,4.19,0
20241101,1730390400000,5.58,5.96,5.22,5.49,1393270,773893686.0,0.0,15,5.029999999999999,0
20241104,1730649600000,6.59,6.59,6.09,6.59,635545,415237471.0,0.0,15,5.49,0
20241105,1730736000000,7.91,7.91,7.62,7.91,1197475,945506772.0,0.0,15,6.59,0
20241106,1730822400000,9.450000000000001,9.49,9.21,9.49,1266006,1195289964.0,0.0,15,7.910000000000001,0
20241107,1730908800000,9.6,10.5,8.0,9.22,2279000,2156419075.0,0.0,15,9.49,0
20241108,1730995200000,8.89,11.0,8.5,10.33,1706130,1708033749.0,0.0,15,9.22,0
20241111,1731254400000,10.3,10.3,9.0,9.18,1439825,1360797245.0,0.0,15,10.33,0
20241112,1731340800000,8.700000000000001,9.610000000000001,8.700000000000001,9.430000000000001,994139,918105054.0,0.0,15,9.180000000000001,0
20241113,1731427200000,9.8,10.540000000000001,9.63,10.0,1069165,1074643241.0,0.0,15,9.430000000000001,0
20241114,1731513600000,9.600000000000001,9.8,8.71,8.81,854512,782320155.0000001,0.0,15,10.0,0
20241115,1731600000000,8.72,9.16,8.05,8.430000000000001,672410,577624691.0,0.0,15,8.81,0
20241118,1731859200000,8.43,8.59,7.21,7.37,644978,496686427.0,0.0,15,8.43,0
20241119,1731945600000,7.6000000000000005,8.25,7.37,8.16,584127,454287283.00000006,0.0,15,7.37,0
20241120,1732032000000,8.06,8.540000000000001,7.82,8.36,547428,446569019.0,0.0,15,8.16,0
20241121,1732118400000,8.25,8.68,8.07,8.23,541797,454107215.0,0.0,15,8.36,0
20241122,1732204800000,8.26,8.39,7.7700000000000005,7.83,469899,377590278.0,0.0,15,8.23,0
20241125,1732464000000,7.65,7.88,7.37,7.59,364042,274745593.0,0.0,15,7.83,0
20241126,1732550400000,7.7,7.82,7.3100000000000005,7.3500000000000005,277002,208815175.0,0.0,15,7.590000000000001,0
20241127,1732636800000,7.340000000000001,7.510000000000001,7.140000000000001,7.48,295787,216618892.0,0.0,15,7.3500000000000005,0
20241128,1732723200000,7.58,7.72,7.37,7.41,277667,209204944.00000003,0.0,15,7.48,0
20241129,1732809600000,7.44,7.58,7.24,7.49,294115,218296263.0,0.0,15,7.41,0
20241202,1733068800000,7.51,8.99,7.41,8.99,891130,733663691.0000001,0.0,15,7.49,0
20241203,1733155200000,9.29,10.5,9.25,9.66,1256299,1241133241.0,0.0,15,8.99,0
20241204,1733241600000,9.45,9.58,8.85,8.98,758895,692696566.0,0.0,15,9.66,0
20241205,1733328000000,8.85,9.379999999999999,8.85,9.12,572526,526296893.0,0.0,15,8.98,0
20241206,1733414400000,9.11,9.37,8.6,9.19,560516,503029204.99999994,0.0,15,9.12,0
20241209,1733673600000,9.04,9.57,8.85,8.959999999999999,403938,369440541.0,0.0,15,9.19,0
20241210,1733760000000,9.45,9.46,8.83,8.89,395090,357401180.00000006,0.0,15,8.96,0
20241211,1733846400000,9.27,9.7,9.11,9.24,647360,607698032.0000001,0.0,15,8.889999999999999,0
20241212,1733932800000,9.15,9.23,8.88,9.030000000000001,430574,388881631.0,0.0,15,9.24,0
20241213,1734019200000,8.99,8.99,8.61,8.66,398801,348603287.0,0.0,15,9.03,0
20241216,1734278400000,8.52,8.8,8.33,8.48,331554,282132343.0,0.0,15,8.66,0
20241217,1734364800000,8.45,8.55,7.88,8.03,334934,272357030.00000006,0.0,15,8.48,0
20241218,1734451200000,8.030000000000001,8.26,7.890000000000001,8.100000000000001,218619,177271773.0,0.0,15,8.030000000000001,0
20241219,1734537600000,7.9,8.1,7.83,7.99,202487,160914882.0,0.0,15,8.1,0
20241220,1734624000000,8.05,8.22,7.87,8.040000000000001,233350,187683508.0,0.0,15,7.99,0
20241223,1734883200000,7.98,8.0,7.66,7.7,247537,192520877.0,0.0,15,8.040000000000001,0
20241224,1734969600000,7.710000000000001,7.890000000000001,7.6000000000000005,7.78,165303,127895854.0,0.0,15,7.7,0
20241225,1735056000000,7.82,7.880000000000001,7.390000000000001,7.430000000000001,195584,146710327.0,0.0,15,7.78,0
20241226,1735142400000,7.4,7.680000000000001,7.4,7.5600000000000005,167390,126700796.00000001,0.0,15,7.430000000000001,0
20241227,1735228800000,7.5600000000000005,7.92,7.49,7.720000000000001,218030,168970148.00000003,0.0,15,7.5600000000000005,0
20241230,1735488000000,7.710000000000001,7.710000000000001,7.390000000000001,7.500000000000001,164810,123657625.00000001,0.0,15,7.720000000000001,0
20241231,1735574400000,7.51,9.0,7.46,9.0,1091869,944334215.0,0.0,15,7.5,0
20250102,1735747200000,8.73,9.02,8.06,8.110000000000001,791474,661735411.0,0.0,15,9.0,0
20250103,1735833600000,8.08,9.73,7.62,9.5,1456559,1324773758.0,0.0,15,8.11,0
20250106,1736092800000,8.930000000000001,9.440000000000001,8.700000000000001,8.950000000000001,918945,827021949.0000001,0.0,15,9.500000000000002,0
20250107,1736179200000,9.05,9.370000000000001,8.83,9.18,640922,581431453.0,0.0,15,8.95,0
20250108,1736265600000,9.100000000000001,9.100000000000001,8.290000000000001,8.760000000000002,656766,564522628.0,0.0,15,9.180000000000001,0
20250109,1736352000000,8.55,9.97,8.55,9.34,880347,834912820.9999999,0.0,15,8.760000000000002,0
20250110,1736438400000,9.299999999999999,9.45,8.93,8.98,541631,494350924.00000006,0.0,15,9.34,0
20250113,1736697600000,8.98,9.64,8.81,9.1,479712,440996554.0,0.0,15,8.98,0
20250114,1736784000000,9.000000000000002,9.600000000000001,8.950000000000001,9.55,598673,560421791.0000001,0.0,15,9.100000000000001,0
20250115,1736870400000,9.440000000000001,9.46,8.8,8.99,540651,489849853.0,0.0,15,9.55,0
20250116,1736956800000,9.06,9.260000000000002,8.8,8.81,382565,343819977.0,0.0,15,8.99,0
20250117,1737043200000,8.770000000000001,9.06,8.71,8.860000000000001,328785,292692917.0,0.0,15,8.81,0
20250120,1737302400000,8.799999999999999,9.03,8.35,8.879999999999999,320201,279449857.0,0.0,15,8.86,0
20250121,1737388800000,8.91,9.09,8.83,8.95,271413,242621617.0,0.0,15,8.88,0
20250122,1737475200000,8.87,9.43,8.83,9.03,412063,376360397.0,0.0,15,8.95,0
20250123,1737561600000,9.1,9.45,9.0,9.19,442788,409043796.0,0.0,15,9.03,0
20250124,1737648000000,9.15,9.450000000000001,8.81,9.370000000000001,400089,367688951.0,0.0,15,9.190000000000001,0
20250127,1737907200000,9.26,9.43,8.9,8.950000000000001,315458,284286387.0,0.0,15,9.370000000000001,0
20250205,1738684800000,8.88,8.93,8.0,8.17,360383,297468332.0,0.0,15,8.95,0
20250206,1738771200000,8.200000000000001,8.450000000000001,7.82,8.27,283726,232683533.00000003,0.0,15,8.17,0
20250207,1738857600000,8.35,8.4,8.15,8.3,307704,254727275.0,0.0,15,8.27,0
20250210,1739116800000,8.34,8.58,8.26,8.44,280951,237074442.0,0.0,15,8.299999999999999,0
20250211,1739203200000,8.42,8.43,8.08,8.15,265965,216898813.0,0.0,15,8.44,0
20250212,1739289600000,8.15,9.06,8.08,8.72,605131,524848669.0,0.0,15,8.15,0
20250213,1739376000000,8.629999999999999,8.84,8.43,8.549999999999999,394412,340092822.0,0.0,15,8.719999999999999,0
20250214,1739462400000,8.5,8.540000000000001,8.3,8.41,236380,198245988.00000003,0.0,15,8.55,0
20250217,1739721600000,8.350000000000001,8.430000000000001,8.22,8.32,237658,197933297.99999997,0.0,15,8.41,0
20250218,1739808000000,8.28,8.34,8.0,8.08,227076,185035573.0,0.0,15,8.32,0
20250219,1739894400000,8.0,8.23,7.95,8.17,206939,168070493.0,0.0,15,8.08,0
20250220,1739980800000,8.1,8.57,8.02,8.37,374519,310947633.0,0.0,15,8.17,0
20250221,1740067200000,8.28,8.45,8.16,8.45,327860,272309714.0,0.0,15,8.370000000000001,0
20250224,1740326400000,8.46,8.65,8.25,8.31,240817,202359823.0,0.0,15,8.45,0
20250225,1740412800000,8.2,8.68,8.18,8.36,324267,274534849.0,0.0,15,8.31,0
20250226,1740499200000,8.4,8.44,8.27,8.299999999999999,222951,185099650.00000003,0.0,15,8.36,0
20250227,1740585600000,8.33,8.36,8.11,8.29,227276,186980057.00000003,0.0,15,8.299999999999999,0
20250228,1740672000000,8.44,8.549999999999999,8.2,8.2,284248,237771834.0,0.0,15,8.29,0
20250303,1740931200000,8.23,8.350000000000001,7.930000000000001,8.16,217556,177271756.0,0.0,15,8.200000000000001,0
20250304,1741017600000,8.11,8.48,8.02,8.389999999999999,263801,217684150.0,0.0,15,8.16,0
20250305,1741104000000,8.35,8.549999999999999,8.28,8.399999999999999,177279,148561537.0,0.0,15,8.389999999999999,0
20250306,1741190400000,8.39,8.55,8.34,8.4,238714,201613639.99999997,0.0,15,8.4,0
20250307,1741276800000,8.399999999999999,8.469999999999999,8.2,8.26,211735,175901356.0,0.0,15,8.399999999999999,0
20250310,1741536000000,8.2,8.87,8.17,8.5,428260,366676687.00000006,0.0,15,8.26,0
20250311,1741622400000,8.31,8.48,8.26,8.45,222209,185393918.00000003,0.0,15,8.5,0
20250312,1741708800000,8.430000000000001,8.590000000000002,8.290000000000001,8.38,224124,188327563.00000003,0.0,15,8.450000000000001,0
20250313,1741795200000,8.340000000000002,8.38,8.120000000000001,8.200000000000001,222478,182503590.0,0.0,15,8.38,0
20250314,1741881600000,8.18,8.38,8.17,8.32,156929,130128111.0,0.0,15,8.2,0
20250317,1742140800000,8.33,8.76,8.26,8.44,322633,275657528.0,0.0,15,8.32,0
20250318,1742227200000,8.469999999999999,8.629999999999999,8.35,8.469999999999999,160861,136561751.0,0.0,15,8.44,0
20250319,1742313600000,8.43,8.73,8.31,8.47,222970,189868221.0,0.0,15,8.47,0
20250320,1742400000000,8.5,8.809999999999999,8.44,8.66,375691,325828936.99999994,0.0,15,8.469999999999999,0
20250321,1742486400000,8.61,9.03,8.6,8.68,455950,402144047.0,0.0,15,8.66,0
20250324,1742745600000,8.719999999999999,8.74,8.11,8.32,362876,301046728.0,0.0,15,8.68,0
20250325,1742832000000,8.29,8.44,8.11,8.28,147154,121421218.0,0.0,15,8.32,0
20250326,1742918400000,8.29,8.34,8.17,8.29,131258,108268434.0,0.0,15,8.28,0
20250327,1743004800000,8.3,8.42,8.15,8.25,138068,114225315.0,0.0,15,8.290000000000001,0
20250328,1743091200000,8.209999999999999,8.24,8.03,8.03,128814,104751265.00000001,0.0,15,8.25,0
20250331,1743350400000,7.94,7.95,7.36,7.46,277918,210297779.0,0.0,15,8.030000000000001,0
20250401,1743436800000,7.47,7.64,7.47,7.55,104123,78442165.0,0.0,15,7.46,0
20250402,1743523200000,7.55,7.59,7.42,7.57,87270,65654344.0,0.0,15,7.55,0
20250403,1743609600000,7.5,7.640000000000001,7.28,7.430000000000001,129492,96056537.00000001,0.0,15,7.57,0
20250407,1743955200000,6.66,6.79,5.94,5.94,326869,206843637.00000003,0.0,15,7.430000000000001,0
20250408,1744041600000,5.8999999999999995,6.34,5.88,6.25,294687,182076802.0,0.0,15,5.9399999999999995,0
20250409,1744128000000,6.11,6.48,5.83,6.42,295389,182711003.0,0.0,15,6.25,0
20250410,1744214400000,6.59,6.75,6.45,6.5,226073,148864560.0,0.0,15,6.42,0
20250411,1744300800000,6.45,6.7,6.36,6.680000000000001,181592,119995152.00000001,0.0,15,6.5,0
20250414,1744560000000,6.77,7.09,6.76,6.92,201321,139461881.0,0.0,15,6.68,0
20250415,1744646400000,7.0,7.0,6.76,6.84,110697,75645313.0,0.0,15,6.92,0
20250416,1744732800000,6.8,6.84,6.62,6.7700000000000005,125660,84765138.00000001,0.0,15,6.84,0
20250417,1744819200000,6.75,6.85,6.72,6.76,85938,58179314.0,0.0,15,6.77,0
20250418,1744905600000,6.73,7.11,6.66,7.05,159061,109783617.0,0.0,15,6.76,0
20250421,1745164800000,7.0,7.09,6.87,7.0600000000000005,142346,100003134.0,0.0,15,7.05,0
20250422,1745251200000,7.069999999999999,7.24,7.01,7.02,112512,79802723.00000001,0.0,15,7.06,0
20250423,1745337600000,7.069999999999999,7.21,7.05,7.109999999999999,124704,88835594.0,0.0,15,7.02,0
20250424,1745424000000,7.08,8.5,7.07,7.970000000000001,549177,433095752.00000006,0.0,15,7.11,0
20250425,1745510400000,7.97,8.56,7.76,8.42,471944,385490126.00000006,0.0,15,7.97,0
20250428,1745769600000,8.22,8.22,7.63,7.71,341513,266412691.0,0.0,15,8.42,0
20250429,1745856000000,7.68,7.859999999999999,7.55,7.6899999999999995,165378,127099276.0,0.0,15,7.71,0
20250430,1745942400000,7.65,8.05,7.65,7.760000000000001,161241,125977870.00000001,0.0,15,7.69,0
20250506,1746460800000,7.6000000000000005,7.82,7.6000000000000005,7.8100000000000005,174559,135017535.00000003,0.0,15,7.760000000000001,0
20250507,1746547200000,7.88,7.95,7.78,7.8,172173,135328667.0,0.0,15,7.8100000000000005,0
20250508,1746633600000,7.79,7.8500000000000005,7.7700000000000005,7.8100000000000005,102767,80306629.0,0.0,15,7.800000000000001,0
20250509,1746720000000,7.83,7.83,7.63,7.71,107338,82627141.00000001,0.0,15,7.81,0
20250512,1746979200000,7.78,7.8100000000000005,7.6000000000000005,7.7,124609,96011663.0,0.0,15,7.710000000000001,0
20250513,1747065600000,7.8100000000000005,7.8100000000000005,7.6000000000000005,7.630000000000001,103073,79143715.00000001,0.0,15,7.7,0
20250514,1747152000000,7.6000000000000005,7.86,7.53,7.7700000000000005,190120,145827482.0,0.0,15,7.63,0
20250515,1747238400000,7.73,7.73,7.44,7.5,146792,110717102.0,0.0,15,7.7700000000000005,0
20250516,1747324800000,7.46,7.63,7.45,7.6000000000000005,96748,73200942.0,0.0,15,7.5,0
20250519,1747584000000,7.8,8.03,7.67,7.85,313809,245901551.0,0.0,15,7.6,0
20250520,1747670400000,7.81,7.88,7.72,7.8,148434,115616844.0,0.0,15,7.85,0
20250521,1747756800000,7.79,7.95,7.71,7.84,165530,129637956.0,0.0,15,7.8,0
20250522,1747843200000,7.79,8.290000000000001,7.78,8.13,284262,229491597.0,0.0,15,7.84,0
20250523,1747929600000,8.05,8.94,8.0,8.61,531890,452600472.00000006,0.0,15,8.13,0
20250526,1748188800000,8.58,8.73,8.27,8.53,265521,225686927.0,0.0,15,8.61,0
20250527,1748275200000,8.450000000000001,8.540000000000001,8.290000000000001,8.350000000000001,166530,139352766.0,0.0,15,8.530000000000001,0
20250528,1748361600000,8.36,8.42,8.09,8.12,145360,119328548.00000001,0.0,15,8.35,0
20250529,1748448000000,8.09,8.56,8.09,8.37,195460,164140907.00000003,0.0,15,8.12,0
20250530,1748534400000,8.479999999999999,8.84,8.44,8.469999999999999,231592,198721522.0,0.0,15,8.37,0
20250603,1748880000000,8.17,8.86,8.15,8.76,291509,249337966.0,0.0,15,8.47,0
20250604,1748966400000,8.780000000000001,8.9,8.46,8.510000000000002,224557,194121445.00000003,0.0,15,8.760000000000002,0
20250605,1749052800000,8.55,8.6,8.24,8.370000000000001,197342,164918176.0,0.0,15,8.51,0
20250606,1749139200000,8.41,8.549999999999999,8.35,8.43,133983,113061402.0,0.0,15,8.37,0
20250609,1749398400000,8.39,8.500000000000002,8.290000000000001,8.33,143818,120101232.0,0.0,15,8.430000000000001,0
20250610,1749484800000,8.34,8.36,8.11,8.26,141509,116532570.0,0.0,15,8.33,0
20250611,1749571200000,8.26,8.35,8.23,8.290000000000001,86135,71471219.00000001,0.0,15,8.26,0
20250612,1749657600000,8.270000000000001,8.440000000000001,8.21,8.31,99811,83275213.0,0.0,15,8.290000000000001,0
20250613,1749744000000,8.209999999999999,8.37,8.18,8.219999999999999,106290,87745030.00000001,0.0,15,8.31,0
20250616,1750003200000,8.209999999999999,8.45,8.09,8.39,155278,128418447.0,0.0,15,8.22,0
20250617,1750089600000,8.35,8.469999999999999,8.28,8.319999999999999,97676,81557311.0,0.0,15,8.389999999999999,0
20250618,1750176000000,8.3,8.42,8.23,8.360000000000001,90282,75293671.0,0.0,15,8.32,0
20250619,1750262400000,8.36,8.370000000000001,7.87,7.89,239201,193529809.00000003,0.0,15,8.36,0
20250620,1750348800000,7.88,7.99,7.76,7.92,120803,94997739.0,0.0,15,7.89,0
20250623,1750608000000,7.8500000000000005,7.8500000000000005,7.6000000000000005,7.790000000000001,125378,96887101.0,0.0,15,7.920000000000001,0
20250624,1750694400000,7.82,8.45,7.79,8.4,278644,228569134.0,0.0,15,7.79,0
20250625,1750780800000,8.46,8.5,8.32,8.450000000000001,159190,133759823.00000001,0.0,15,8.4,0
20250626,1750867200000,8.43,8.6,8.27,8.44,217660,184009908.0,0.0,15,8.45,0
20250627,1750953600000,8.450000000000001,8.64,8.370000000000001,8.450000000000001,159778,135784218.0,0.0,15,8.440000000000001,0
20250630,1751212800000,8.6,8.84,8.59,8.68,262642,228523854.00000003,0.0,15,8.45,0
20250701,1751299200000,8.7,8.87,8.59,8.61,229559,200333320.0,0.0,15,8.68,0
20250702,1751385600000,8.780000000000001,8.850000000000001,8.46,8.5,193039,165513232.0,0.0,15,8.610000000000001,0
20250703,1751472000000,8.47,8.54,8.34,8.459999999999999,137475,115803816.0,0.0,15,8.5,0
20250704,1751558400000,8.44,8.51,8.35,8.44,98841,83169506.0,0.0,15,8.459999999999999,0
20250707,1751817600000,8.36,8.58,8.33,8.57,116471,98429301.00000001,0.0,15,8.44,0
20250708,1751904000000,8.5,8.77,8.5,8.72,166179,144032810.0,0.0,15,8.57,0
20250709,1751990400000,8.73,8.8,8.55,8.58,115750,100385919.0,0.0,15,8.72,0
20250710,1752076800000,8.56,8.59,8.41,8.48,115862,98454681.0,0.0,15,8.58,0
20250711,1752163200000,8.49,8.7,8.41,8.69,156189,133633227.0,0.0,15,8.48,0
20250714,1752422400000,8.55,8.56,8.33,8.51,152831,129125258.99999999,0.0,15,8.69,0
20250715,1752508800000,8.53,8.540000000000001,8.33,8.35,113945,95696816.0,0.0,15,8.51,0
20250716,1752595200000,8.35,8.45,8.28,8.43,106351,89074044.0,0.0,15,8.35,0
20250717,1752681600000,8.370000000000001,8.47,8.31,8.43,102029,85581667.0,0.0,15,8.43,0
20250718,1752768000000,8.48,10.12,8.43,10.12,605529,568371605.0,0.0,15,8.43,0
20250721,1753027200000,10.0,10.6,9.77,10.139999999999999,924988,946268660.0000001,0.0,15,10.12,0
20250722,1753113600000,10.17,11.86,10.03,10.969999999999999,1015222,1107512670.0,0.0,15,10.139999999999999,0
20250723,1753200000000,11.18,13.16,11.02,13.149999999999999,1198419,1467466738.0,0.0,15,10.969999999999999,0
20250724,1753286400000,12.81,13.35,12.58,13.33,856846,1115710027.0000002,0.0,15,13.15,0
20250725,1753372800000,13.34,14.06,11.9,12.88,1109408,1423699762.0,0.0,15,13.33,0
20250728,1753632000000,12.89,15.3,12.81,15.13,946663,1331747968.0,0.0,15,12.88,0
20250729,1753718400000,14.9,17.19,14.66,16.65,1092833,1767693773.0,0.0,15,15.13,0
20250730,1753804800000,16.0,17.17,15.98,16.86,823442,1356536014.0,0.0,15,16.650000000000002,0
20250731,1753891200000,15.16,15.91,13.82,14.06,1162722,1720856658.9999998,0.0,15,16.86,0
20250801,1753977600000,14.37,15.33,14.35,14.76,766948,1130518029.0,0.0,15,14.06,0
20250804,1754236800000,14.510000000000002,15.120000000000001,13.63,14.21,630563,891824529.0,0.0,15,14.760000000000002,0
20250805,1754323200000,14.31,15.2,13.83,14.2,692615,1006363931.0,0.0,15,14.21,0
20250806,1754409600000,14.19,16.77,14.19,16.35,959995,1477733991.0,0.0,15,14.2,0
20250807,1754496000000,16.03,17.0,15.9,16.5,882359,1454707774.0,0.0,15,16.35,0
20250808,1754582400000,16.8,18.18,16.75,16.93,865199,1493023042.0,0.0,15,16.5,0
20250811,1754841600000,16.880000000000003,19.990000000000002,16.580000000000002,19.46,924015,1746131095.0,0.0,15,16.930000000000003,0
20250812,1754928000000,19.27,20.240000000000002,18.91,19.05,853460,1657929556.0,0.0,15,19.46,0
20250813,1755014400000,19.31,19.81,19.02,19.3,585096,1128897767.0,0.0,15,19.05,0
20250814,1755100800000,19.73,20.94,17.53,18.6,827924,1603924643.0,0.0,15,19.3,0
20250815,1755187200000,18.79,20.35,18.3,19.35,682797,1315851491.0,0.0,15,18.6,0
20250818,1755446400000,19.0,19.24,17.84,18.31,830401,1523421139.0,0.0,15,19.35,0
20250819,1755532800000,18.130000000000003,18.430000000000003,17.580000000000002,18.060000000000002,536691,968512598.0,0.0,15,18.310000000000002,0
20250820,1755619200000,18.0,18.090000000000003,17.42,18.090000000000003,404732,719939606.0000001,0.0,15,18.060000000000002,0
20250821,1755705600000,18.180000000000003,18.490000000000002,17.580000000000002,17.650000000000002,449528,807796053.9999999,0.0,15,18.090000000000003,0
20250822,1755792000000,17.77,19.08,17.7,18.45,587633,1079283587.0,0.0,15,17.65,0
20250825,1756051200000,18.48,18.62,17.8,18.6,508373,929415675.0000001,0.0,15,18.45,0
20250826,1756137600000,18.75,22.32,17.92,22.32,905740,1879850499.0,0.0,15,18.6,0
20250827,1756224000000,22.0,24.8,21.98,22.330000000000002,939134,2146887462.0,0.0,15,22.32,0
20250828,1756310400000,22.85,25.85,22.330000000000002,25.560000000000002,943789,2303982569.0,0.0,15,22.330000000000002,0
20250829,1756396800000,24.8,25.029999999999998,23.54,24.169999999999998,634568,1525034846.0,0.0,15,25.56,0
20250901,1756656000000,23.61,24.1,22.73,23.53,471825,1107329308.0,0.0,15,24.17,0
20250902,1756742400000,23.21,23.480000000000004,21.900000000000002,22.150000000000002,509087,1152691323.0,0.0,15,23.53,0
20250903,1756828800000,22.099999999999998,23.4,21.86,22.22,458286,1026616401.9999999,0.0,15,22.15,0
20250904,1756915200000,22.0,22.2,20.2,21.099999999999998,530361,1124564513.9999998,0.0,15,22.22,0
20250905,1757001600000,20.8,21.6,20.580000000000002,21.42,365970,774781667.0,0.0,15,21.1,0
20250908,1757260800000,21.42,21.490000000000002,20.42,21.090000000000003,374129,784070813.0,0.0,15,21.42,0
20250909,1757347200000,18.99,19.79,17.88,18.099999999999998,755384,1412938597.0,0.0,15,21.09,0
20250910,1757433600000,18.500000000000004,18.78,17.830000000000002,17.89,416204,757596452.0,0.0,15,18.1,0
20250911,1757520000000,17.9,18.69,17.5,18.57,436528,797694586.9999999,0.0,15,17.89,0
20250912,1757606400000,18.6,21.330000000000002,18.57,20.080000000000002,695389,1384982274.0,0.0,15,18.57,0
20250915,1757865600000,19.98,20.0,18.98,19.1,438145,844607314.0,0.0,15,20.080000000000002,0
20250916,1757952000000,19.22,19.97,19.09,19.37,324211,632220014.0,0.0,15,19.1,0
20250917,1758038400000,19.240000000000002,20.330000000000002,19.23,19.72,341730,675547103.0,0.0,15,19.37,0
20250918,1758124800000,19.72,20.47,19.18,19.29,416528,827250137.0,0.0,15,19.72,0
20250919,1758211200000,19.18,21.48,18.8,20.080000000000002,560043,1133169385.0,0.0,15,19.29,0
20250922,1758470400000,20.12,20.85,19.67,20.520000000000003,406943,819506893.0,0.0,15,20.080000000000002,0
20250923,1758556800000,20.15,24.08,19.95,23.71,604453,1294941590.0,0.0,15,20.52,0
20250924,1758643200000,23.900000000000002,25.0,22.28,24.09,684384,1638495649.0,0.0,15,23.71,0
20250925,1758729600000,23.990000000000002,25.87,23.650000000000002,24.840000000000003,582451,1445310844.0,0.0,15,24.090000000000003,0
20250926,1758816000000,24.4,26.18,23.36,23.36,547831,1376518821.0000002,0.0,15,24.84,0
20250929,1759075200000,23.04,23.89,22.47,22.66,484917,1116591458.0,0.0,15,23.36,0
20250930,1759161600000,22.7,24.16,22.7,23.11,401072,935556734.0,0.0,15,22.66,0
20251009,1759939200000,22.65,23.22,21.22,21.57,540158,1187312363.9999998,0.0,15,23.11,0
20251010,1760025600000,21.3,22.3,21.12,21.28,398138,860646879.0,0.0,15,21.57,0
20251013,1760284800000,19.72,21.09,19.72,20.5,325613,671250516.0,0.0,15,21.279999999999998,0
20251014,1760371200000,20.85,21.33,19.43,19.56,370962,752553978.0,0.0,15,20.5,0
20251015,1760457600000,19.56,20.59,19.0,20.4,339777,677108355.0,0.0,15,19.56,0
20251016,1760544000000,20.200000000000003,21.630000000000003,19.78,20.87,402107,829317741.0,0.0,15,20.400000000000002,0
20251017,1760630400000,20.75,20.89,19.29,19.34,302381,599581831.0,0.0,15,20.869999999999997,0
20251020,1760889600000,19.9,20.259999999999998,19.09,19.13,261747,515549532.00000006,0.0,15,19.34,0
20251021,1760976000000,19.150000000000002,19.85,19.12,19.48,233645,454102729.00000006,0.0,15,19.130000000000003,0
20251022,1761062400000,20.46,22.97,20.45,21.81,579673,1274786288.0,0.0,15,19.48,0
20251023,1761148800000,21.73,22.1,19.51,20.400000000000002,547517,1128198669.0,0.0,15,21.810000000000002,0
20251024,1761235200000,20.38,20.38,19.64,19.79,327889,650009118.0,0.0,15,20.400000000000002,0
20251027,1761494400000,19.8,20.08,19.09,19.45,330852,643962300.0,0.0,15,19.79,0
20251028,1761580800000,19.02,22.11,18.54,20.369999999999997,573731,1161798745.0,0.0,15,19.45,0
20251029,1761667200000,20.2,21.49,19.45,20.56,393988,797475517.0000001,0.0,15,20.37,0
20251030,1761753600000,20.27,21.3,20.23,20.35,364707,757874560.0000001,0.0,15,20.56,0
20251031,1761840000000,20.18,20.880000000000003,19.85,20.630000000000003,276783,562837154.0,0.0,15,20.35,0
20251103,1762099200000,20.209999999999997,20.52,19.31,19.52,288464,568140002.0,0.0,15,20.63,0
20251104,1762185600000,19.540000000000003,19.900000000000002,19.330000000000002,19.580000000000002,189414,372207628.00000006,0.0,15,19.520000000000003,0
20251105,1762272000000,19.000000000000004,19.540000000000003,18.900000000000002,19.320000000000004,182719,351346818.0,0.0,15,19.580000000000002,0
20251106,1762358400000,19.32,20.05,19.32,19.46,198428,390077541.0,0.0,15,19.32,0
20251107,1762444800000,19.75,20.79,19.5,20.1,330510,665968437.9999999,0.0,15,19.46,0
20251110,1762704000000,19.78,19.990000000000002,19.240000000000002,19.28,230739,446820599.99999994,0.0,15,20.1,0
20251111,1762790400000,19.28,19.98,18.01,18.94,403677,766207098.0,0.0,15,19.28,0
20251112,1762876800000,18.580000000000002,18.69,18.01,18.180000000000003,205121,376089381.0,0.0,15,18.94,0
20251113,1762963200000,18.380000000000003,18.8,18.1,18.380000000000003,178496,328267296.0,0.0,15,18.18,0
20251114,1763049600000,18.33,18.52,18.0,18.01,135056,245606568.99999997,0.0,15,18.38,0
20251117,1763308800000,17.5,17.9,16.23,16.36,366136,611273593.0,0.0,15,18.01,0
20251118,1763395200000,16.36,16.88,16.14,16.42,235003,387552052.0,0.0,15,16.36,0
20251119,1763481600000,16.22,16.58,15.83,15.86,218801,352170221.0,0.0,15,16.42,0
20251120,1763568000000,16.0,16.3,15.860000000000001,16.09,207052,332467512.0,0.0,15,15.860000000000001,0
20251121,1763654400000,15.95,16.15,15.6,15.639999999999999,213447,338587830.00000006,0.0,15,16.09,0
20251124,1763913600000,15.98,17.05,15.97,16.69,378896,630646629.0,0.0,15,15.64,0
20251125,1764000000000,16.72,16.97,16.32,16.75,287295,478643325.0,0.0,15,16.69,0
20251126,1764086400000,16.8,17.84,16.64,17.580000000000002,443872,770934258.0,0.0,15,16.75,0
20251127,1764172800000,17.54,17.55,17.07,17.09,272874,471501473.00000006,0.0,15,17.580000000000002,0
20251128,1764259200000,17.02,17.650000000000002,16.78,17.580000000000002,254610,437889562.0,0.0,15,17.09,0
20251201,1764518400000,17.23,17.27,16.75,16.91,251943,424800615.99999994,0.0,15,17.58,0
20251202,1764604800000,16.900000000000002,16.900000000000002,16.46,16.580000000000002,152835,253864774.00000003,0.0,15,16.91,0
20251203,1764691200000,16.66,16.66,16.2,16.32,143962,235776957.0,0.0,15,16.58,0
20251204,1764777600000,16.47,16.619999999999997,16.22,16.43,141876,233447147.0,0.0,15,16.32,0
20251205,1764864000000,16.5,17.099999999999998,16.31,16.72,223242,372816980.0,0.0,15,16.43,0
20251208,1765123200000,16.419999999999998,16.959999999999997,16.38,16.81,201414,338082553.0,0.0,15,16.72,0
20251209,1765209600000,16.82,17.05,16.61,16.65,153775,257816994.0,0.0,15,16.81,0
20251210,1765296000000,16.65,17.04,16.22,16.83,228246,379036346.00000006,0.0,15,16.65,0
20251211,1765382400000,17.22,17.48,16.57,16.73,220551,372217222.0,0.0,15,16.830000000000002,0
20251212,1765468800000,16.580000000000002,17.3,16.580000000000002,17.14,358086,612099228.0,0.0,15,16.73,0
20251215,1765728000000,16.810000000000002,16.91,16.330000000000002,16.46,184151,304776078.0,0.0,15,17.14,0
20251216,1765814400000,16.39,16.53,15.790000000000001,16.07,202018,324436236.0,0.0,15,16.46,0
20251217,1765900800000,16.04,16.09,15.4,15.97,177882,279718719.0,0.0,15,16.07,0
20251218,1765987200000,16.0,16.3,15.51,15.51,190833,302482614.99999994,0.0,15,15.97,0
20251219,1766073600000,15.59,15.89,15.4,15.700000000000001,164495,258019659.00000003,0.0,15,15.51,0
20251222,1766332800000,15.51,15.76,15.43,15.61,130494,203919428.00000003,0.0,15,15.7,0
20251223,1766419200000,15.56,15.940000000000001,15.46,15.600000000000001,164361,257691882.0,0.0,15,15.610000000000001,0
20251224,1766505600000,15.54,18.18,15.42,17.8,615386,1051061266.0000001,0.0,15,15.6,0
20251225,1766592000000,17.6,17.77,17.03,17.43,351504,608981674.0,0.0,15,17.8,0
20251226,1766678400000,17.560000000000002,17.98,17.17,17.3,296584,521543020.0,0.0,15,17.430000000000003,0
20251229,1766937600000,17.3,17.3,16.63,16.79,243653,410443005.0,0.0,15,17.3,0
20251230,1767024000000,16.68,16.8,16.21,16.23,225602,369567547.0,0.0,15,16.79,0
20251231,1767110400000,16.220000000000002,17.57,16.01,17.01,380667,640877297.0,0.0,15,16.23,0
20260105,1767542400000,16.860000000000003,16.900000000000002,16.42,16.6,255655,425297803.0,0.0,15,17.01,0
20260106,1767628800000,16.79,17.88,16.65,17.5,418998,720209665.0,0.0,15,16.599999999999998,0
20260107,1767715200000,17.400000000000002,17.76,17.12,17.41,336705,586093746.0,0.0,15,17.5,0
20260108,1767801600000,17.29,17.84,17.2,17.63,297722,524149040.0,0.0,15,17.41,0
20260109,1767888000000,17.630000000000003,18.080000000000002,17.42,17.990000000000002,340845,605957235.0,0.0,15,17.630000000000003,0
20260112,1768147200000,17.47,17.56,16.98,17.19,404468,696945761.0000001,0.0,15,17.990000000000002,0
20260113,1768233600000,17.15,17.63,16.43,16.7,382399,644746625.0,0.0,15,17.19,0
20260114,1768320000000,16.67,17.63,16.64,17.060000000000002,425894,731792524.0000001,0.0,15,16.7,0
20260115,1768406400000,16.950000000000003,16.950000000000003,16.17,16.340000000000003,272936,448117921.0,0.0,15,17.060000000000002,0
20260116,1768492800000,16.400000000000002,16.71,16.1,16.37,186395,305047577.00000006,0.0,15,16.34,0
20260119,1768752000000,16.200000000000003,16.37,15.860000000000001,16.23,143702,232451132.0,0.0,15,16.37,0
20260120,1768838400000,16.28,16.3,15.64,15.790000000000001,189302,300065744.0,0.0,15,16.23,0
20260121,1768924800000,15.65,16.11,15.52,15.809999999999999,153917,244797872.0,0.0,15,15.79,0
20260122,1769011200000,15.89,15.99,15.65,15.75,125596,197843176.0,0.0,15,15.81,0
20260123,1769097600000,15.75,16.49,15.75,16.22,266502,433187723.0,0.0,15,15.75,0
20260126,1769356800000,16.38,16.38,15.08,15.23,302475,469148936.0,0.0,15,16.22,0
20260127,1769443200000,15.1,15.49,14.52,15.42,244583,365024904.0,0.0,15,15.23,0
20260128,1769529600000,15.290000000000001,15.350000000000001,14.72,14.790000000000001,171571,254802777.0,0.0,15,15.42,0
20260129,1769616000000,14.56,14.82,14.290000000000001,14.39,161603,235669478.0,0.0,15,14.790000000000001,0
20260130,1769702400000,14.360000000000001,14.540000000000001,14.040000000000001,14.38,137718,197123799.00000003,0.0,15,14.39,0
20260202,1769961600000,14.22,14.33,13.89,13.89,158111,222668949.00000003,0.0,15,14.38,0
20260203,1770048000000,14.049999999999999,14.399999999999999,13.86,14.389999999999999,164601,233234983.0,0.0,15,13.889999999999999,0
20260204,1770134400000,14.39,14.39,13.97,14.24,148483,209726092.99999997,0.0,15,14.39,0
20260205,1770220800000,13.95,14.129999999999999,13.77,13.889999999999999,122697,170887122.0,0.0,15,14.24,0
20260206,1770307200000,13.770000000000001,14.080000000000002,13.700000000000001,13.940000000000001,123688,172298859.00000003,0.0,15,13.89,0
20260209,1770566400000,14.000000000000002,14.38,13.950000000000001,14.260000000000002,131816,188007191.00000003,0.0,15,13.940000000000001,0
20260210,1770652800000,14.250000000000002,14.330000000000002,14.120000000000001,14.170000000000002,72397,102689190.00000001,0.0,15,14.260000000000002,0
20260211,1770739200000,14.1,14.29,14.01,14.02,77652,109616930.0,0.0,15,14.17,0
20260212,1770825600000,14.01,14.17,13.92,13.959999999999999,90670,127364125.0,0.0,15,14.02,0
20260213,1770912000000,14.0,14.68,14.0,14.08,195514,279603480.0,0.0,15,13.96,0
20260224,1771862400000,14.170000000000002,14.190000000000001,13.71,13.81,134928,187796295.0,0.0,15,14.08,0
20260225,1771948800000,13.85,14.54,13.76,14.33,204622,292137782.0,0.0,15,13.81,0
20260226,1772035200000,14.4,14.44,14.0,14.32,146209,208083070.99999997,0.0,15,14.33,0
20260227,1772121600000,14.3,14.860000000000001,14.120000000000001,14.610000000000001,195542,282862578.0,0.0,15,14.32,0
20260302,1772380800000,14.16,14.32,13.76,13.9,223350,311922961.0,0.0,15,14.61,0
20260303,1772467200000,13.91,14.07,13.5,13.55,198838,273217407.0,0.0,15,13.9,0
20260304,1772553600000,13.23,13.82,13.13,13.360000000000001,125038,168601010.00000003,0.0,15,13.55,0
20260305,1772640000000,13.6,14.49,13.6,14.28,358699,511019480.0,0.0,15,13.36,0
20260306,1772726400000,14.340000000000002,14.39,13.88,14.32,181350,257110266.0,0.0,15,14.280000000000001,0
20260309,1772985600000,13.97,14.32,13.72,14.190000000000001,237875,332593065.0,0.0,15,14.32,0
20260310,1773072000000,14.4,14.700000000000001,14.370000000000001,14.38,189223,273772151.0,0.0,15,14.190000000000001,0
20260311,1773158400000,14.38,14.84,14.31,14.540000000000001,205580,300265792.00000006,0.0,15,14.38,0
20260312,1773244800000,14.67,15.870000000000001,14.23,15.280000000000001,502129,758399063.0,0.0,15,14.540000000000001,0
20260313,1773331200000,15.85,16.28,15.32,15.450000000000001,555442,874817692.0,0.0,15,15.280000000000001,0
20260316,1773590400000,15.750000000000002,15.8,14.620000000000001,14.670000000000002,333193,502559194.00000006,0.0,15,15.450000000000001,0
20260317,1773676800000,14.5,15.15,14.41,14.6,248295,366669858.00000006,0.0,15,14.67,0
20260318,1773763200000,14.5,14.6,13.75,14.02,273719,383413350.0,0.0,15,14.6,0
20260319,1773849600000,13.81,14.15,13.63,13.700000000000001,157660,218349571.0,0.0,15,14.020000000000001,0
20260320,1773936000000,13.78,14.049999999999999,13.35,13.35,169908,232434732.0,0.0,15,13.7,0
20260323,1774195200000,13.06,13.39,12.5,12.7,224748,290515708.0,0.0,15,13.35,0
20260324,1774281600000,13.05,13.44,12.5,13.25,189978,245798102.0,0.0,15,12.7,0
20260325,1774368000000,13.24,13.66,13.17,13.27,136952,183284640.0,0.0,15,13.25,0
20260326,1774454400000,13.26,13.32,12.84,12.879999999999999,125350,163546469.0,0.0,15,13.27,0
20260327,1774540800000,12.760000000000002,13.290000000000001,12.63,13.0,115175,149700549.0,0.0,15,12.88,0
20260330,1774800000000,12.77,13.18,12.65,12.860000000000001,114051,146832001.0,0.0,15,13.0,0
20260331,1774886400000,12.85,13.05,12.5,12.51,119107,151934355.99999997,0.0,15,12.86,0
20260401,1774972800000,12.8,12.920000000000002,12.540000000000001,12.610000000000001,148000,187917550.0,0.0,15,12.510000000000002,0
20260402,1775059200000,12.58,12.74,12.15,12.25,134707,166557171.99999997,0.0,15,12.610000000000001,0
20260403,1775145600000,12.28,12.3,11.66,11.8,177898,211346177.0,0.0,15,12.25,0
20260407,1775491200000,11.98,12.13,11.75,11.96,137192,164439206.0,0.0,15,11.8,0
20260408,1775577600000,12.200000000000001,12.580000000000002,12.200000000000001,12.55,149990,186226880.0,0.0,15,11.96,0
20260409,1775664000000,12.41,13.44,12.27,12.889999999999999,363963,470870127.0,0.0,15,12.549999999999999,0
20260410,1775750400000,12.91,12.98,12.620000000000001,12.620000000000001,193081,246679624.0,0.0,15,12.89,0
20260413,1776009600000,12.43,12.69,12.41,12.49,115820,144834967.0,0.0,15,12.620000000000001,0
20260414,1776096000000,12.500000000000002,12.580000000000002,12.280000000000001,12.500000000000002,129808,161102844.0,0.0,15,12.490000000000002,0
20260415,1776182400000,12.57,12.63,12.32,12.35,106448,132926166.0,0.0,15,12.5,0
20260416,1776268800000,12.34,12.73,12.3,12.63,133055,167264827.99999997,0.0,15,12.350000000000001,0
20260417,1776355200000,12.62,13.08,12.6,12.91,164588,211059132.0,0.0,15,12.629999999999999,0
20260420,1776614400000,12.790000000000001,13.030000000000001,12.64,12.93,161154,206595627.0,0.0,15,12.91,0
20260421,1776700800000,12.719999999999999,12.91,12.44,12.7,156639,198202091.00000003,0.0,15,12.93,0
20260422,1776787200000,12.600000000000001,12.760000000000002,12.450000000000001,12.690000000000001,127346,160595550.0,0.0,15,12.700000000000001,0
20260423,1776873600000,12.719999999999999,12.719999999999999,12.27,12.34,149924,185649054.0,0.0,15,12.69,0
20260424,1776960000000,12.3,12.41,12.05,12.100000000000001,103859,126602828.0,0.0,15,12.34,0
20260427,1777219200000,12.1,12.26,11.98,12.13,97798,118673376.00000001,0.0,15,12.1,0
20260428,1777305600000,12.06,12.370000000000001,11.950000000000001,12.05,173875,211043036.0,0.0,15,12.13,0
20260429,1777392000000,11.96,12.1,11.9,11.97,110389,132199529.0,0.0,15,12.05,0
20260430,1777478400000,11.98,12.39,11.97,12.24,168837,206271976.00000003,0.0,15,11.97,0
20260506,1777996800000,12.16,12.6,12.1,12.45,199117,246761561.00000003,0.0,15,12.24,0
20260507,1778083200000,12.54,12.75,12.5,12.64,174153,219711359.99999997,0.0,15,12.45,0
20260508,1778169600000,12.57,12.57,12.26,12.36,146501,181567261.99999997,0.0,15,12.64,0
20260511,1778428800000,12.4,12.719999999999999,12.35,12.54,183885,231126686.00000003,0.0,15,12.36,0
20260512,1778515200000,12.49,12.7,12.17,12.53,197040,245373564.0,0.0,15,12.54,0
20260513,1778601600000,12.42,13.290000000000001,12.32,12.88,345121,445586024.0,0.0,15,12.530000000000001,0
20260514,1778688000000,12.81,12.94,12.07,12.07,251274,312093523.00000006,0.0,15,12.88,0
20260515,1778774400000,12.3,12.430000000000001,11.71,11.9,215692,258411467.0,0.0,15,12.07,0
20260518,1779033600000,11.799999999999999,12.33,11.68,12.07,187681,226650349.0,0.0,15,11.9,0
20260519,1779120000000,12.000000000000002,12.23,11.790000000000001,12.13,180511,217051195.00000003,0.0,15,12.07,0
20260520,1779206400000,12.110000000000001,12.88,11.81,12.51,380571,473047316.0,0.0,15,12.13,0
20260521,1779292800000,12.36,12.53,11.5,11.56,337730,405081250.0,0.0,15,12.51,0
20260522,1779379200000,11.58,11.9,11.38,11.770000000000001,191351,223744168.0,0.0,15,11.56,0
20260525,1779638400000,11.67,11.74,11.16,11.35,231430,262778278.00000003,0.0,15,11.77,0
20260526,1779724800000,11.32,11.32,11.0,11.21,203018,226432736.0,0.0,15,11.35,0
